2026-05-14 21:23:13 - huggin - INFO - License saved successfully
2026-05-14 21:23:13 - huggin - INFO - License loaded and validated successfully
2026-05-14 21:23:13 - huggin - INFO - Application starting...
2026-05-14 21:23:13 - huggin - INFO - Font loaded successfully
2026-05-14 21:23:13 - huggin - INFO - Stylesheet loaded successfully
2026-05-14 21:23:13 - huggin - INFO - Creating main window...
2026-05-14 21:23:13 - huggin - INFO - QThreadPool max threads set to 32 (CPUs: 32)
2026-05-14 21:23:14 - huggin - INFO - Custom font 'Neuropol X' loaded from C:\Users\allie\Coding Projects\huggin_suite\huggin\resources\fonts\neuropol.otf
2026-05-14 21:23:14 - huggin - DEBUG - Suppressed exception
Traceback (most recent call last):
  File "C:\Users\allie\Coding Projects\huggin_suite\huggin\app\pages\page_registry.py", line 45, in register_all_pages
    from app.pages.db_attacks_page import DBAttacksPage
ImportError: cannot import name 'DBAttacksPage' from 'app.pages.db_attacks_page' (C:\Users\allie\Coding Projects\huggin_suite\huggin\app\pages\db_attacks_page.py)
2026-05-14 21:25:15 - huggin - DEBUG - Memory monitoring stopped
2026-05-14 21:25:15 - huggin - DEBUG - Connection pool closed all sessions
2026-05-14 21:25:15 - huggin - INFO - Update manager stopped during cleanup
2026-05-14 21:25:16 - huggin - DEBUG - Suppressed exception
Traceback (most recent call last):
  File "c:\Users\allie\Coding Projects\huggin_suite\huggin\app\core\asset_manager.py", line 100, in init_database
    conn.execute("ALTER TABLE assets ADD COLUMN fqdn TEXT DEFAULT ''")
    ~~~~~~~~~~~~^^^^^^^^^^^^^^^^^^^^^^^^^^^^^^^^^^^^^^^^^^^^^^^^^^^^^^
sqlite3.OperationalError: duplicate column name: fqdn
2026-05-14 21:25:16 - huggin - DEBUG - Suppressed exception
Traceback (most recent call last):
  File "c:\Users\allie\Coding Projects\huggin_suite\huggin\app\core\asset_manager.py", line 107, in init_database
    conn.execute("ALTER TABLE assets ADD COLUMN mac_address TEXT DEFAULT ''")
    ~~~~~~~~~~~~^^^^^^^^^^^^^^^^^^^^^^^^^^^^^^^^^^^^^^^^^^^^^^^^^^^^^^^^^^^^^
sqlite3.OperationalError: duplicate column name: mac_address
2026-05-14 21:25:16 - huggin - DEBUG - Suppressed exception
Traceback (most recent call last):
  File "c:\Users\allie\Coding Projects\huggin_suite\huggin\app\core\asset_manager.py", line 114, in init_database
    conn.execute("ALTER TABLE assets ADD COLUMN vendor TEXT DEFAULT ''")
    ~~~~~~~~~~~~^^^^^^^^^^^^^^^^^^^^^^^^^^^^^^^^^^^^^^^^^^^^^^^^^^^^^^^^
sqlite3.OperationalError: duplicate column name: vendor
2026-05-14 21:25:16 - huggin - DEBUG - Suppressed exception
Traceback (most recent call last):
  File "c:\Users\allie\Coding Projects\huggin_suite\huggin\app\core\asset_manager.py", line 121, in init_database
    conn.execute("ALTER TABLE assets ADD COLUMN notes TEXT DEFAULT ''")
    ~~~~~~~~~~~~^^^^^^^^^^^^^^^^^^^^^^^^^^^^^^^^^^^^^^^^^^^^^^^^^^^^^^^
sqlite3.OperationalError: duplicate column name: notes
2026-05-14 21:25:16 - huggin - INFO - Using default configuration
2026-05-14 21:25:18 - huggin - INFO - License saved successfully
2026-05-14 21:25:18 - huggin - INFO - License loaded and validated successfully
2026-05-14 21:25:22 - huggin - DEBUG - Suppressed exception
Traceback (most recent call last):
  File "c:\Users\allie\Coding Projects\huggin_suite\huggin\app\core\asset_manager.py", line 100, in init_database
    conn.execute("ALTER TABLE assets ADD COLUMN fqdn TEXT DEFAULT ''")
    ~~~~~~~~~~~~^^^^^^^^^^^^^^^^^^^^^^^^^^^^^^^^^^^^^^^^^^^^^^^^^^^^^^
sqlite3.OperationalError: duplicate column name: fqdn
2026-05-14 21:25:22 - huggin - DEBUG - Suppressed exception
Traceback (most recent call last):
  File "c:\Users\allie\Coding Projects\huggin_suite\huggin\app\core\asset_manager.py", line 107, in init_database
    conn.execute("ALTER TABLE assets ADD COLUMN mac_address TEXT DEFAULT ''")
    ~~~~~~~~~~~~^^^^^^^^^^^^^^^^^^^^^^^^^^^^^^^^^^^^^^^^^^^^^^^^^^^^^^^^^^^^^
sqlite3.OperationalError: duplicate column name: mac_address
2026-05-14 21:25:22 - huggin - DEBUG - Suppressed exception
Traceback (most recent call last):
  File "c:\Users\allie\Coding Projects\huggin_suite\huggin\app\core\asset_manager.py", line 114, in init_database
    conn.execute("ALTER TABLE assets ADD COLUMN vendor TEXT DEFAULT ''")
    ~~~~~~~~~~~~^^^^^^^^^^^^^^^^^^^^^^^^^^^^^^^^^^^^^^^^^^^^^^^^^^^^^^^^
sqlite3.OperationalError: duplicate column name: vendor
2026-05-14 21:25:22 - huggin - DEBUG - Suppressed exception
Traceback (most recent call last):
  File "c:\Users\allie\Coding Projects\huggin_suite\huggin\app\core\asset_manager.py", line 121, in init_database
    conn.execute("ALTER TABLE assets ADD COLUMN notes TEXT DEFAULT ''")
    ~~~~~~~~~~~~^^^^^^^^^^^^^^^^^^^^^^^^^^^^^^^^^^^^^^^^^^^^^^^^^^^^^^^
sqlite3.OperationalError: duplicate column name: notes
2026-05-14 21:25:22 - huggin - INFO - Using default configuration
2026-05-14 21:25:24 - huggin - INFO - License saved successfully
2026-05-14 21:25:24 - huggin - INFO - License loaded and validated successfully
2026-05-14 21:25:33 - huggin - INFO - License saved successfully
2026-05-14 21:25:33 - huggin - INFO - License loaded and validated successfully
2026-05-14 21:25:33 - huggin - INFO - Application starting...
2026-05-14 21:25:33 - huggin - INFO - Font loaded successfully
2026-05-14 21:25:33 - huggin - INFO - Stylesheet loaded successfully
2026-05-14 21:25:33 - huggin - INFO - Creating main window...
2026-05-14 21:25:33 - huggin - INFO - QThreadPool max threads set to 32 (CPUs: 32)
2026-05-14 21:25:33 - huggin - INFO - Custom font 'Neuropol X' loaded from C:\Users\allie\Coding Projects\huggin_suite\huggin\resources\fonts\neuropol.otf
2026-05-14 21:25:33 - huggin - DEBUG - Suppressed exception
Traceback (most recent call last):
  File "C:\Users\allie\Coding Projects\huggin_suite\huggin\app\pages\page_registry.py", line 45, in register_all_pages
    from app.pages.db_attacks_page import DBAttacksPage
ImportError: cannot import name 'DBAttacksPage' from 'app.pages.db_attacks_page' (C:\Users\allie\Coding Projects\huggin_suite\huggin\app\pages\db_attacks_page.py)
2026-05-14 21:27:27 - huggin - DEBUG - Memory monitoring stopped
2026-05-14 21:27:27 - huggin - DEBUG - Connection pool closed all sessions
2026-05-14 21:27:27 - huggin - INFO - Update manager stopped during cleanup
2026-05-14 21:28:56 - huggin - DEBUG - Suppressed exception
Traceback (most recent call last):
  File "c:\Users\allie\Coding Projects\huggin_suite\huggin\app\core\asset_manager.py", line 100, in init_database
    conn.execute("ALTER TABLE assets ADD COLUMN fqdn TEXT DEFAULT ''")
    ~~~~~~~~~~~~^^^^^^^^^^^^^^^^^^^^^^^^^^^^^^^^^^^^^^^^^^^^^^^^^^^^^^
sqlite3.OperationalError: duplicate column name: fqdn
2026-05-14 21:28:56 - huggin - DEBUG - Suppressed exception
Traceback (most recent call last):
  File "c:\Users\allie\Coding Projects\huggin_suite\huggin\app\core\asset_manager.py", line 107, in init_database
    conn.execute("ALTER TABLE assets ADD COLUMN mac_address TEXT DEFAULT ''")
    ~~~~~~~~~~~~^^^^^^^^^^^^^^^^^^^^^^^^^^^^^^^^^^^^^^^^^^^^^^^^^^^^^^^^^^^^^
sqlite3.OperationalError: duplicate column name: mac_address
2026-05-14 21:28:56 - huggin - DEBUG - Suppressed exception
Traceback (most recent call last):
  File "c:\Users\allie\Coding Projects\huggin_suite\huggin\app\core\asset_manager.py", line 114, in init_database
    conn.execute("ALTER TABLE assets ADD COLUMN vendor TEXT DEFAULT ''")
    ~~~~~~~~~~~~^^^^^^^^^^^^^^^^^^^^^^^^^^^^^^^^^^^^^^^^^^^^^^^^^^^^^^^^
sqlite3.OperationalError: duplicate column name: vendor
2026-05-14 21:28:56 - huggin - DEBUG - Suppressed exception
Traceback (most recent call last):
  File "c:\Users\allie\Coding Projects\huggin_suite\huggin\app\core\asset_manager.py", line 121, in init_database
    conn.execute("ALTER TABLE assets ADD COLUMN notes TEXT DEFAULT ''")
    ~~~~~~~~~~~~^^^^^^^^^^^^^^^^^^^^^^^^^^^^^^^^^^^^^^^^^^^^^^^^^^^^^^^
sqlite3.OperationalError: duplicate column name: notes
2026-05-14 21:28:56 - huggin - INFO - Using default configuration
2026-05-14 21:28:58 - huggin - INFO - License saved successfully
2026-05-14 21:28:58 - huggin - INFO - License loaded and validated successfully
2026-05-14 21:29:06 - huggin - DEBUG - Suppressed exception
Traceback (most recent call last):
  File "c:\Users\allie\Coding Projects\huggin_suite\huggin\app\core\asset_manager.py", line 100, in init_database
    conn.execute("ALTER TABLE assets ADD COLUMN fqdn TEXT DEFAULT ''")
    ~~~~~~~~~~~~^^^^^^^^^^^^^^^^^^^^^^^^^^^^^^^^^^^^^^^^^^^^^^^^^^^^^^
sqlite3.OperationalError: duplicate column name: fqdn
2026-05-14 21:29:06 - huggin - DEBUG - Suppressed exception
Traceback (most recent call last):
  File "c:\Users\allie\Coding Projects\huggin_suite\huggin\app\core\asset_manager.py", line 107, in init_database
    conn.execute("ALTER TABLE assets ADD COLUMN mac_address TEXT DEFAULT ''")
    ~~~~~~~~~~~~^^^^^^^^^^^^^^^^^^^^^^^^^^^^^^^^^^^^^^^^^^^^^^^^^^^^^^^^^^^^^
sqlite3.OperationalError: duplicate column name: mac_address
2026-05-14 21:29:06 - huggin - DEBUG - Suppressed exception
Traceback (most recent call last):
  File "c:\Users\allie\Coding Projects\huggin_suite\huggin\app\core\asset_manager.py", line 114, in init_database
    conn.execute("ALTER TABLE assets ADD COLUMN vendor TEXT DEFAULT ''")
    ~~~~~~~~~~~~^^^^^^^^^^^^^^^^^^^^^^^^^^^^^^^^^^^^^^^^^^^^^^^^^^^^^^^^
sqlite3.OperationalError: duplicate column name: vendor
2026-05-14 21:29:06 - huggin - DEBUG - Suppressed exception
Traceback (most recent call last):
  File "c:\Users\allie\Coding Projects\huggin_suite\huggin\app\core\asset_manager.py", line 121, in init_database
    conn.execute("ALTER TABLE assets ADD COLUMN notes TEXT DEFAULT ''")
    ~~~~~~~~~~~~^^^^^^^^^^^^^^^^^^^^^^^^^^^^^^^^^^^^^^^^^^^^^^^^^^^^^^^
sqlite3.OperationalError: duplicate column name: notes
2026-05-14 21:29:06 - huggin - INFO - Using default configuration
2026-05-14 21:29:08 - huggin - INFO - License saved successfully
2026-05-14 21:29:08 - huggin - INFO - License loaded and validated successfully
2026-05-14 21:34:54 - huggin - INFO - License saved successfully
2026-05-14 21:34:54 - huggin - INFO - License loaded and validated successfully
2026-05-14 21:34:55 - huggin - INFO - Application starting...
2026-05-14 21:34:55 - huggin - INFO - Font loaded successfully
2026-05-14 21:34:55 - huggin - INFO - Stylesheet loaded successfully
2026-05-14 21:34:55 - huggin - INFO - Creating main window...
2026-05-14 21:34:55 - huggin - INFO - QThreadPool max threads set to 32 (CPUs: 32)
2026-05-14 21:34:55 - huggin - INFO - Custom font 'Neuropol X' loaded from C:\Users\allie\Coding Projects\huggin_suite\huggin\resources\fonts\neuropol.otf
2026-05-14 21:34:55 - huggin - DEBUG - Suppressed exception
Traceback (most recent call last):
  File "C:\Users\allie\Coding Projects\huggin_suite\huggin\app\pages\page_registry.py", line 45, in register_all_pages
    from app.pages.db_attacks_page import DBAttacksPage
ImportError: cannot import name 'DBAttacksPage' from 'app.pages.db_attacks_page' (C:\Users\allie\Coding Projects\huggin_suite\huggin\app\pages\db_attacks_page.py)
2026-05-14 21:37:35 - huggin - DEBUG - Suppressed exception
Traceback (most recent call last):
  File "c:\Users\allie\Coding Projects\huggin_suite\huggin\app\core\asset_manager.py", line 100, in init_database
    conn.execute("ALTER TABLE assets ADD COLUMN fqdn TEXT DEFAULT ''")
    ~~~~~~~~~~~~^^^^^^^^^^^^^^^^^^^^^^^^^^^^^^^^^^^^^^^^^^^^^^^^^^^^^^
sqlite3.OperationalError: duplicate column name: fqdn
2026-05-14 21:37:35 - huggin - DEBUG - Suppressed exception
Traceback (most recent call last):
  File "c:\Users\allie\Coding Projects\huggin_suite\huggin\app\core\asset_manager.py", line 107, in init_database
    conn.execute("ALTER TABLE assets ADD COLUMN mac_address TEXT DEFAULT ''")
    ~~~~~~~~~~~~^^^^^^^^^^^^^^^^^^^^^^^^^^^^^^^^^^^^^^^^^^^^^^^^^^^^^^^^^^^^^
sqlite3.OperationalError: duplicate column name: mac_address
2026-05-14 21:37:35 - huggin - DEBUG - Suppressed exception
Traceback (most recent call last):
  File "c:\Users\allie\Coding Projects\huggin_suite\huggin\app\core\asset_manager.py", line 114, in init_database
    conn.execute("ALTER TABLE assets ADD COLUMN vendor TEXT DEFAULT ''")
    ~~~~~~~~~~~~^^^^^^^^^^^^^^^^^^^^^^^^^^^^^^^^^^^^^^^^^^^^^^^^^^^^^^^^
sqlite3.OperationalError: duplicate column name: vendor
2026-05-14 21:37:35 - huggin - DEBUG - Suppressed exception
Traceback (most recent call last):
  File "c:\Users\allie\Coding Projects\huggin_suite\huggin\app\core\asset_manager.py", line 121, in init_database
    conn.execute("ALTER TABLE assets ADD COLUMN notes TEXT DEFAULT ''")
    ~~~~~~~~~~~~^^^^^^^^^^^^^^^^^^^^^^^^^^^^^^^^^^^^^^^^^^^^^^^^^^^^^^^
sqlite3.OperationalError: duplicate column name: notes
2026-05-14 21:37:35 - huggin - INFO - Using default configuration
2026-05-14 21:37:37 - huggin - INFO - License saved successfully
2026-05-14 21:37:37 - huggin - INFO - License loaded and validated successfully
2026-05-14 21:37:41 - huggin - DEBUG - Memory monitoring stopped
2026-05-14 21:37:41 - huggin - DEBUG - Connection pool closed all sessions
2026-05-14 21:37:41 - huggin - INFO - Update manager stopped during cleanup
2026-05-14 21:37:42 - huggin - DEBUG - Suppressed exception
Traceback (most recent call last):
  File "c:\Users\allie\Coding Projects\huggin_suite\huggin\app\core\asset_manager.py", line 100, in init_database
    conn.execute("ALTER TABLE assets ADD COLUMN fqdn TEXT DEFAULT ''")
    ~~~~~~~~~~~~^^^^^^^^^^^^^^^^^^^^^^^^^^^^^^^^^^^^^^^^^^^^^^^^^^^^^^
sqlite3.OperationalError: duplicate column name: fqdn
2026-05-14 21:37:42 - huggin - DEBUG - Suppressed exception
Traceback (most recent call last):
  File "c:\Users\allie\Coding Projects\huggin_suite\huggin\app\core\asset_manager.py", line 107, in init_database
    conn.execute("ALTER TABLE assets ADD COLUMN mac_address TEXT DEFAULT ''")
    ~~~~~~~~~~~~^^^^^^^^^^^^^^^^^^^^^^^^^^^^^^^^^^^^^^^^^^^^^^^^^^^^^^^^^^^^^
sqlite3.OperationalError: duplicate column name: mac_address
2026-05-14 21:37:42 - huggin - DEBUG - Suppressed exception
Traceback (most recent call last):
  File "c:\Users\allie\Coding Projects\huggin_suite\huggin\app\core\asset_manager.py", line 114, in init_database
    conn.execute("ALTER TABLE assets ADD COLUMN vendor TEXT DEFAULT ''")
    ~~~~~~~~~~~~^^^^^^^^^^^^^^^^^^^^^^^^^^^^^^^^^^^^^^^^^^^^^^^^^^^^^^^^
sqlite3.OperationalError: duplicate column name: vendor
2026-05-14 21:37:42 - huggin - DEBUG - Suppressed exception
Traceback (most recent call last):
  File "c:\Users\allie\Coding Projects\huggin_suite\huggin\app\core\asset_manager.py", line 121, in init_database
    conn.execute("ALTER TABLE assets ADD COLUMN notes TEXT DEFAULT ''")
    ~~~~~~~~~~~~^^^^^^^^^^^^^^^^^^^^^^^^^^^^^^^^^^^^^^^^^^^^^^^^^^^^^^^
sqlite3.OperationalError: duplicate column name: notes
2026-05-14 21:37:42 - huggin - INFO - Using default configuration
2026-05-14 21:37:44 - huggin - INFO - License saved successfully
2026-05-14 21:37:44 - huggin - INFO - License loaded and validated successfully
2026-05-14 21:37:56 - huggin - INFO - License saved successfully
2026-05-14 21:37:56 - huggin - INFO - License loaded and validated successfully
2026-05-14 21:37:56 - huggin - INFO - Application starting...
2026-05-14 21:37:56 - huggin - INFO - Font loaded successfully
2026-05-14 21:37:56 - huggin - INFO - Stylesheet loaded successfully
2026-05-14 21:37:56 - huggin - INFO - Creating main window...
2026-05-14 21:37:56 - huggin - INFO - QThreadPool max threads set to 32 (CPUs: 32)
2026-05-14 21:37:56 - huggin - INFO - Custom font 'Neuropol X' loaded from C:\Users\allie\Coding Projects\huggin_suite\huggin\resources\fonts\neuropol.otf
2026-05-14 21:37:57 - huggin - DEBUG - Suppressed exception
Traceback (most recent call last):
  File "C:\Users\allie\Coding Projects\huggin_suite\huggin\app\pages\page_registry.py", line 45, in register_all_pages
    from app.pages.db_attacks_page import DBAttacksPage
ImportError: cannot import name 'DBAttacksPage' from 'app.pages.db_attacks_page' (C:\Users\allie\Coding Projects\huggin_suite\huggin\app\pages\db_attacks_page.py)
2026-05-14 21:39:54 - huggin - DEBUG - Memory monitoring stopped
2026-05-14 21:39:54 - huggin - DEBUG - Connection pool closed all sessions
2026-05-14 21:39:54 - huggin - INFO - Update manager stopped during cleanup
2026-05-14 21:40:02 - huggin - DEBUG - Suppressed exception
Traceback (most recent call last):
  File "c:\Users\allie\Coding Projects\huggin_suite\huggin\app\core\asset_manager.py", line 100, in init_database
    conn.execute("ALTER TABLE assets ADD COLUMN fqdn TEXT DEFAULT ''")
    ~~~~~~~~~~~~^^^^^^^^^^^^^^^^^^^^^^^^^^^^^^^^^^^^^^^^^^^^^^^^^^^^^^
sqlite3.OperationalError: duplicate column name: fqdn
2026-05-14 21:40:02 - huggin - DEBUG - Suppressed exception
Traceback (most recent call last):
  File "c:\Users\allie\Coding Projects\huggin_suite\huggin\app\core\asset_manager.py", line 107, in init_database
    conn.execute("ALTER TABLE assets ADD COLUMN mac_address TEXT DEFAULT ''")
    ~~~~~~~~~~~~^^^^^^^^^^^^^^^^^^^^^^^^^^^^^^^^^^^^^^^^^^^^^^^^^^^^^^^^^^^^^
sqlite3.OperationalError: duplicate column name: mac_address
2026-05-14 21:40:02 - huggin - DEBUG - Suppressed exception
Traceback (most recent call last):
  File "c:\Users\allie\Coding Projects\huggin_suite\huggin\app\core\asset_manager.py", line 114, in init_database
    conn.execute("ALTER TABLE assets ADD COLUMN vendor TEXT DEFAULT ''")
    ~~~~~~~~~~~~^^^^^^^^^^^^^^^^^^^^^^^^^^^^^^^^^^^^^^^^^^^^^^^^^^^^^^^^
sqlite3.OperationalError: duplicate column name: vendor
2026-05-14 21:40:02 - huggin - DEBUG - Suppressed exception
Traceback (most recent call last):
  File "c:\Users\allie\Coding Projects\huggin_suite\huggin\app\core\asset_manager.py", line 121, in init_database
    conn.execute("ALTER TABLE assets ADD COLUMN notes TEXT DEFAULT ''")
    ~~~~~~~~~~~~^^^^^^^^^^^^^^^^^^^^^^^^^^^^^^^^^^^^^^^^^^^^^^^^^^^^^^^
sqlite3.OperationalError: duplicate column name: notes
2026-05-14 21:40:02 - huggin - INFO - Using default configuration
2026-05-14 21:40:04 - huggin - INFO - License saved successfully
2026-05-14 21:40:04 - huggin - INFO - License loaded and validated successfully
2026-05-14 21:40:18 - huggin - DEBUG - Suppressed exception
Traceback (most recent call last):
  File "c:\Users\allie\Coding Projects\huggin_suite\huggin\app\core\asset_manager.py", line 100, in init_database
    conn.execute("ALTER TABLE assets ADD COLUMN fqdn TEXT DEFAULT ''")
    ~~~~~~~~~~~~^^^^^^^^^^^^^^^^^^^^^^^^^^^^^^^^^^^^^^^^^^^^^^^^^^^^^^
sqlite3.OperationalError: duplicate column name: fqdn
2026-05-14 21:40:18 - huggin - DEBUG - Suppressed exception
Traceback (most recent call last):
  File "c:\Users\allie\Coding Projects\huggin_suite\huggin\app\core\asset_manager.py", line 107, in init_database
    conn.execute("ALTER TABLE assets ADD COLUMN mac_address TEXT DEFAULT ''")
    ~~~~~~~~~~~~^^^^^^^^^^^^^^^^^^^^^^^^^^^^^^^^^^^^^^^^^^^^^^^^^^^^^^^^^^^^^
sqlite3.OperationalError: duplicate column name: mac_address
2026-05-14 21:40:18 - huggin - DEBUG - Suppressed exception
Traceback (most recent call last):
  File "c:\Users\allie\Coding Projects\huggin_suite\huggin\app\core\asset_manager.py", line 114, in init_database
    conn.execute("ALTER TABLE assets ADD COLUMN vendor TEXT DEFAULT ''")
    ~~~~~~~~~~~~^^^^^^^^^^^^^^^^^^^^^^^^^^^^^^^^^^^^^^^^^^^^^^^^^^^^^^^^
sqlite3.OperationalError: duplicate column name: vendor
2026-05-14 21:40:18 - huggin - DEBUG - Suppressed exception
Traceback (most recent call last):
  File "c:\Users\allie\Coding Projects\huggin_suite\huggin\app\core\asset_manager.py", line 121, in init_database
    conn.execute("ALTER TABLE assets ADD COLUMN notes TEXT DEFAULT ''")
    ~~~~~~~~~~~~^^^^^^^^^^^^^^^^^^^^^^^^^^^^^^^^^^^^^^^^^^^^^^^^^^^^^^^
sqlite3.OperationalError: duplicate column name: notes
2026-05-14 21:40:18 - huggin - INFO - Using default configuration
2026-05-14 21:40:20 - huggin - INFO - License saved successfully
2026-05-14 21:40:20 - huggin - INFO - License loaded and validated successfully
2026-05-14 21:40:28 - huggin - DEBUG - Suppressed exception
Traceback (most recent call last):
  File "c:\Users\allie\Coding Projects\huggin_suite\huggin\app\core\asset_manager.py", line 100, in init_database
    conn.execute("ALTER TABLE assets ADD COLUMN fqdn TEXT DEFAULT ''")
    ~~~~~~~~~~~~^^^^^^^^^^^^^^^^^^^^^^^^^^^^^^^^^^^^^^^^^^^^^^^^^^^^^^
sqlite3.OperationalError: duplicate column name: fqdn
2026-05-14 21:40:28 - huggin - DEBUG - Suppressed exception
Traceback (most recent call last):
  File "c:\Users\allie\Coding Projects\huggin_suite\huggin\app\core\asset_manager.py", line 107, in init_database
    conn.execute("ALTER TABLE assets ADD COLUMN mac_address TEXT DEFAULT ''")
    ~~~~~~~~~~~~^^^^^^^^^^^^^^^^^^^^^^^^^^^^^^^^^^^^^^^^^^^^^^^^^^^^^^^^^^^^^
sqlite3.OperationalError: duplicate column name: mac_address
2026-05-14 21:40:28 - huggin - DEBUG - Suppressed exception
Traceback (most recent call last):
  File "c:\Users\allie\Coding Projects\huggin_suite\huggin\app\core\asset_manager.py", line 114, in init_database
    conn.execute("ALTER TABLE assets ADD COLUMN vendor TEXT DEFAULT ''")
    ~~~~~~~~~~~~^^^^^^^^^^^^^^^^^^^^^^^^^^^^^^^^^^^^^^^^^^^^^^^^^^^^^^^^
sqlite3.OperationalError: duplicate column name: vendor
2026-05-14 21:40:28 - huggin - DEBUG - Suppressed exception
Traceback (most recent call last):
  File "c:\Users\allie\Coding Projects\huggin_suite\huggin\app\core\asset_manager.py", line 121, in init_database
    conn.execute("ALTER TABLE assets ADD COLUMN notes TEXT DEFAULT ''")
    ~~~~~~~~~~~~^^^^^^^^^^^^^^^^^^^^^^^^^^^^^^^^^^^^^^^^^^^^^^^^^^^^^^^
sqlite3.OperationalError: duplicate column name: notes
2026-05-14 21:40:28 - huggin - INFO - Using default configuration
2026-05-14 21:40:30 - huggin - INFO - License saved successfully
2026-05-14 21:40:30 - huggin - INFO - License loaded and validated successfully
2026-05-14 21:40:38 - huggin - DEBUG - Suppressed exception
Traceback (most recent call last):
  File "c:\Users\allie\Coding Projects\huggin_suite\huggin\app\core\asset_manager.py", line 100, in init_database
    conn.execute("ALTER TABLE assets ADD COLUMN fqdn TEXT DEFAULT ''")
    ~~~~~~~~~~~~^^^^^^^^^^^^^^^^^^^^^^^^^^^^^^^^^^^^^^^^^^^^^^^^^^^^^^
sqlite3.OperationalError: duplicate column name: fqdn
2026-05-14 21:40:38 - huggin - DEBUG - Suppressed exception
Traceback (most recent call last):
  File "c:\Users\allie\Coding Projects\huggin_suite\huggin\app\core\asset_manager.py", line 107, in init_database
    conn.execute("ALTER TABLE assets ADD COLUMN mac_address TEXT DEFAULT ''")
    ~~~~~~~~~~~~^^^^^^^^^^^^^^^^^^^^^^^^^^^^^^^^^^^^^^^^^^^^^^^^^^^^^^^^^^^^^
sqlite3.OperationalError: duplicate column name: mac_address
2026-05-14 21:40:38 - huggin - DEBUG - Suppressed exception
Traceback (most recent call last):
  File "c:\Users\allie\Coding Projects\huggin_suite\huggin\app\core\asset_manager.py", line 114, in init_database
    conn.execute("ALTER TABLE assets ADD COLUMN vendor TEXT DEFAULT ''")
    ~~~~~~~~~~~~^^^^^^^^^^^^^^^^^^^^^^^^^^^^^^^^^^^^^^^^^^^^^^^^^^^^^^^^
sqlite3.OperationalError: duplicate column name: vendor
2026-05-14 21:40:38 - huggin - DEBUG - Suppressed exception
Traceback (most recent call last):
  File "c:\Users\allie\Coding Projects\huggin_suite\huggin\app\core\asset_manager.py", line 121, in init_database
    conn.execute("ALTER TABLE assets ADD COLUMN notes TEXT DEFAULT ''")
    ~~~~~~~~~~~~^^^^^^^^^^^^^^^^^^^^^^^^^^^^^^^^^^^^^^^^^^^^^^^^^^^^^^^
sqlite3.OperationalError: duplicate column name: notes
2026-05-14 21:40:38 - huggin - INFO - Using default configuration
2026-05-14 21:40:40 - huggin - INFO - License saved successfully
2026-05-14 21:40:40 - huggin - INFO - License loaded and validated successfully
2026-05-14 21:40:55 - huggin - INFO - License saved successfully
2026-05-14 21:40:55 - huggin - INFO - License loaded and validated successfully
2026-05-14 21:40:55 - huggin - INFO - Application starting...
2026-05-14 21:40:55 - huggin - INFO - Font loaded successfully
2026-05-14 21:40:55 - huggin - INFO - Stylesheet loaded successfully
2026-05-14 21:40:55 - huggin - INFO - Creating main window...
2026-05-14 21:40:55 - huggin - INFO - QThreadPool max threads set to 32 (CPUs: 32)
2026-05-14 21:40:55 - huggin - INFO - Custom font 'Neuropol X' loaded from C:\Users\allie\Coding Projects\huggin_suite\huggin\resources\fonts\neuropol.otf
2026-05-14 21:40:55 - huggin - DEBUG - Suppressed exception
Traceback (most recent call last):
  File "C:\Users\allie\Coding Projects\huggin_suite\huggin\app\pages\page_registry.py", line 45, in register_all_pages
    from app.pages.db_attacks_page import DBAttacksPage
ImportError: cannot import name 'DBAttacksPage' from 'app.pages.db_attacks_page' (C:\Users\allie\Coding Projects\huggin_suite\huggin\app\pages\db_attacks_page.py)
2026-05-14 21:43:26 - huggin - DEBUG - Credentials saved (encrypted) for profile 'default'
2026-05-14 21:43:26 - huggin - DEBUG - Credentials loaded for profile 'LAB'
2026-05-14 21:43:26 - huggin - DEBUG - Suppressed exception
Traceback (most recent call last):
  File "C:\Users\allie\Coding Projects\huggin_suite\huggin\app\core\scope_manager.py", line 62, in _parse_scope_text
    ipaddress.IPv4Address(item)
    ~~~~~~~~~~~~~~~~~~~~~^^^^^^
  File "C:\Users\allie\anaconda3\Lib\ipaddress.py", line 1319, in __init__
    self._ip = self._ip_int_from_string(addr_str)
               ~~~~~~~~~~~~~~~~~~~~~~~~^^^^^^^^^^
  File "C:\Users\allie\anaconda3\Lib\ipaddress.py", line 1206, in _ip_int_from_string
    raise AddressValueError("Expected 4 octets in %r" % ip_str)
ipaddress.AddressValueError: Expected 4 octets in '*.lab.local'
2026-05-14 21:43:26 - huggin - DEBUG - Suppressed exception
Traceback (most recent call last):
  File "C:\Users\allie\Coding Projects\huggin_suite\huggin\app\core\scope_manager.py", line 62, in _parse_scope_text
    ipaddress.IPv4Address(item)
    ~~~~~~~~~~~~~~~~~~~~~^^^^^^
  File "C:\Users\allie\anaconda3\Lib\ipaddress.py", line 1319, in __init__
    self._ip = self._ip_int_from_string(addr_str)
               ~~~~~~~~~~~~~~~~~~~~~~~~^^^^^^^^^^
  File "C:\Users\allie\anaconda3\Lib\ipaddress.py", line 1206, in _ip_int_from_string
    raise AddressValueError("Expected 4 octets in %r" % ip_str)
ipaddress.AddressValueError: Expected 4 octets in '*.lab.local'
2026-05-14 21:43:26 - huggin - DEBUG - Credentials saved (encrypted) for profile 'LAB'
2026-05-14 21:43:26 - huggin - DEBUG - Credentials saved (encrypted) for profile 'LAB'
2026-05-14 21:43:26 - huggin - DEBUG - Credentials saved (encrypted) for profile 'LAB'
2026-05-14 21:43:26 - huggin - DEBUG - Suppressed exception
Traceback (most recent call last):
  File "C:\Users\allie\Coding Projects\huggin_suite\huggin\app\core\scope_manager.py", line 62, in _parse_scope_text
    ipaddress.IPv4Address(item)
    ~~~~~~~~~~~~~~~~~~~~~^^^^^^
  File "C:\Users\allie\anaconda3\Lib\ipaddress.py", line 1319, in __init__
    self._ip = self._ip_int_from_string(addr_str)
               ~~~~~~~~~~~~~~~~~~~~~~~~^^^^^^^^^^
  File "C:\Users\allie\anaconda3\Lib\ipaddress.py", line 1206, in _ip_int_from_string
    raise AddressValueError("Expected 4 octets in %r" % ip_str)
ipaddress.AddressValueError: Expected 4 octets in '*.lab.local'
2026-05-14 21:46:33 - huggin - DEBUG - Memory monitoring stopped
2026-05-14 21:46:33 - huggin - DEBUG - Connection pool closed all sessions
2026-05-14 21:46:33 - huggin - INFO - Update manager stopped during cleanup
2026-05-14 21:47:00 - huggin - DEBUG - Suppressed exception
Traceback (most recent call last):
  File "c:\Users\allie\Coding Projects\huggin_suite\huggin\app\core\asset_manager.py", line 100, in init_database
    conn.execute("ALTER TABLE assets ADD COLUMN fqdn TEXT DEFAULT ''")
    ~~~~~~~~~~~~^^^^^^^^^^^^^^^^^^^^^^^^^^^^^^^^^^^^^^^^^^^^^^^^^^^^^^
sqlite3.OperationalError: duplicate column name: fqdn
2026-05-14 21:47:00 - huggin - DEBUG - Suppressed exception
Traceback (most recent call last):
  File "c:\Users\allie\Coding Projects\huggin_suite\huggin\app\core\asset_manager.py", line 107, in init_database
    conn.execute("ALTER TABLE assets ADD COLUMN mac_address TEXT DEFAULT ''")
    ~~~~~~~~~~~~^^^^^^^^^^^^^^^^^^^^^^^^^^^^^^^^^^^^^^^^^^^^^^^^^^^^^^^^^^^^^
sqlite3.OperationalError: duplicate column name: mac_address
2026-05-14 21:47:00 - huggin - DEBUG - Suppressed exception
Traceback (most recent call last):
  File "c:\Users\allie\Coding Projects\huggin_suite\huggin\app\core\asset_manager.py", line 114, in init_database
    conn.execute("ALTER TABLE assets ADD COLUMN vendor TEXT DEFAULT ''")
    ~~~~~~~~~~~~^^^^^^^^^^^^^^^^^^^^^^^^^^^^^^^^^^^^^^^^^^^^^^^^^^^^^^^^
sqlite3.OperationalError: duplicate column name: vendor
2026-05-14 21:47:00 - huggin - DEBUG - Suppressed exception
Traceback (most recent call last):
  File "c:\Users\allie\Coding Projects\huggin_suite\huggin\app\core\asset_manager.py", line 121, in init_database
    conn.execute("ALTER TABLE assets ADD COLUMN notes TEXT DEFAULT ''")
    ~~~~~~~~~~~~^^^^^^^^^^^^^^^^^^^^^^^^^^^^^^^^^^^^^^^^^^^^^^^^^^^^^^^
sqlite3.OperationalError: duplicate column name: notes
2026-05-14 21:47:00 - huggin - INFO - Using default configuration
2026-05-14 21:47:02 - huggin - INFO - License saved successfully
2026-05-14 21:47:02 - huggin - INFO - License loaded and validated successfully
2026-05-14 21:47:13 - huggin - DEBUG - Suppressed exception
Traceback (most recent call last):
  File "c:\Users\allie\Coding Projects\huggin_suite\huggin\app\core\asset_manager.py", line 100, in init_database
    conn.execute("ALTER TABLE assets ADD COLUMN fqdn TEXT DEFAULT ''")
    ~~~~~~~~~~~~^^^^^^^^^^^^^^^^^^^^^^^^^^^^^^^^^^^^^^^^^^^^^^^^^^^^^^
sqlite3.OperationalError: duplicate column name: fqdn
2026-05-14 21:47:13 - huggin - DEBUG - Suppressed exception
Traceback (most recent call last):
  File "c:\Users\allie\Coding Projects\huggin_suite\huggin\app\core\asset_manager.py", line 107, in init_database
    conn.execute("ALTER TABLE assets ADD COLUMN mac_address TEXT DEFAULT ''")
    ~~~~~~~~~~~~^^^^^^^^^^^^^^^^^^^^^^^^^^^^^^^^^^^^^^^^^^^^^^^^^^^^^^^^^^^^^
sqlite3.OperationalError: duplicate column name: mac_address
2026-05-14 21:47:13 - huggin - DEBUG - Suppressed exception
Traceback (most recent call last):
  File "c:\Users\allie\Coding Projects\huggin_suite\huggin\app\core\asset_manager.py", line 114, in init_database
    conn.execute("ALTER TABLE assets ADD COLUMN vendor TEXT DEFAULT ''")
    ~~~~~~~~~~~~^^^^^^^^^^^^^^^^^^^^^^^^^^^^^^^^^^^^^^^^^^^^^^^^^^^^^^^^
sqlite3.OperationalError: duplicate column name: vendor
2026-05-14 21:47:13 - huggin - DEBUG - Suppressed exception
Traceback (most recent call last):
  File "c:\Users\allie\Coding Projects\huggin_suite\huggin\app\core\asset_manager.py", line 121, in init_database
    conn.execute("ALTER TABLE assets ADD COLUMN notes TEXT DEFAULT ''")
    ~~~~~~~~~~~~^^^^^^^^^^^^^^^^^^^^^^^^^^^^^^^^^^^^^^^^^^^^^^^^^^^^^^^
sqlite3.OperationalError: duplicate column name: notes
2026-05-14 21:47:13 - huggin - INFO - Using default configuration
2026-05-14 21:47:16 - huggin - INFO - License saved successfully
2026-05-14 21:47:16 - huggin - INFO - License loaded and validated successfully
2026-05-14 21:47:22 - huggin - DEBUG - Suppressed exception
Traceback (most recent call last):
  File "c:\Users\allie\Coding Projects\huggin_suite\huggin\app\core\asset_manager.py", line 100, in init_database
    conn.execute("ALTER TABLE assets ADD COLUMN fqdn TEXT DEFAULT ''")
    ~~~~~~~~~~~~^^^^^^^^^^^^^^^^^^^^^^^^^^^^^^^^^^^^^^^^^^^^^^^^^^^^^^
sqlite3.OperationalError: duplicate column name: fqdn
2026-05-14 21:47:22 - huggin - DEBUG - Suppressed exception
Traceback (most recent call last):
  File "c:\Users\allie\Coding Projects\huggin_suite\huggin\app\core\asset_manager.py", line 107, in init_database
    conn.execute("ALTER TABLE assets ADD COLUMN mac_address TEXT DEFAULT ''")
    ~~~~~~~~~~~~^^^^^^^^^^^^^^^^^^^^^^^^^^^^^^^^^^^^^^^^^^^^^^^^^^^^^^^^^^^^^
sqlite3.OperationalError: duplicate column name: mac_address
2026-05-14 21:47:22 - huggin - DEBUG - Suppressed exception
Traceback (most recent call last):
  File "c:\Users\allie\Coding Projects\huggin_suite\huggin\app\core\asset_manager.py", line 114, in init_database
    conn.execute("ALTER TABLE assets ADD COLUMN vendor TEXT DEFAULT ''")
    ~~~~~~~~~~~~^^^^^^^^^^^^^^^^^^^^^^^^^^^^^^^^^^^^^^^^^^^^^^^^^^^^^^^^
sqlite3.OperationalError: duplicate column name: vendor
2026-05-14 21:47:22 - huggin - DEBUG - Suppressed exception
Traceback (most recent call last):
  File "c:\Users\allie\Coding Projects\huggin_suite\huggin\app\core\asset_manager.py", line 121, in init_database
    conn.execute("ALTER TABLE assets ADD COLUMN notes TEXT DEFAULT ''")
    ~~~~~~~~~~~~^^^^^^^^^^^^^^^^^^^^^^^^^^^^^^^^^^^^^^^^^^^^^^^^^^^^^^^
sqlite3.OperationalError: duplicate column name: notes
2026-05-14 21:47:22 - huggin - INFO - Using default configuration
2026-05-14 21:47:24 - huggin - INFO - License saved successfully
2026-05-14 21:47:24 - huggin - INFO - License loaded and validated successfully
2026-05-14 21:47:43 - huggin - INFO - License saved successfully
2026-05-14 21:47:43 - huggin - INFO - License loaded and validated successfully
2026-05-14 21:47:43 - huggin - INFO - Application starting...
2026-05-14 21:47:43 - huggin - INFO - Font loaded successfully
2026-05-14 21:47:43 - huggin - INFO - Stylesheet loaded successfully
2026-05-14 21:47:43 - huggin - INFO - Creating main window...
2026-05-14 21:47:43 - huggin - INFO - QThreadPool max threads set to 32 (CPUs: 32)
2026-05-14 21:47:43 - huggin - INFO - Custom font 'Neuropol X' loaded from C:\Users\allie\Coding Projects\huggin_suite\huggin\resources\fonts\neuropol.otf
2026-05-14 21:47:43 - huggin - DEBUG - Suppressed exception
Traceback (most recent call last):
  File "C:\Users\allie\Coding Projects\huggin_suite\huggin\app\pages\page_registry.py", line 45, in register_all_pages
    from app.pages.db_attacks_page import DBAttacksPage
ImportError: cannot import name 'DBAttacksPage' from 'app.pages.db_attacks_page' (C:\Users\allie\Coding Projects\huggin_suite\huggin\app\pages\db_attacks_page.py)
2026-05-14 21:47:45 - huggin - DEBUG - Credentials loaded for profile 'default'
2026-05-14 21:50:56 - huggin - DEBUG - Memory monitoring stopped
2026-05-14 21:50:56 - huggin - DEBUG - Connection pool closed all sessions
2026-05-14 21:50:56 - huggin - INFO - Update manager stopped during cleanup
2026-05-14 21:51:37 - huggin - DEBUG - Suppressed exception
Traceback (most recent call last):
  File "c:\Users\allie\Coding Projects\huggin_suite\huggin\app\core\asset_manager.py", line 100, in init_database
    conn.execute("ALTER TABLE assets ADD COLUMN fqdn TEXT DEFAULT ''")
    ~~~~~~~~~~~~^^^^^^^^^^^^^^^^^^^^^^^^^^^^^^^^^^^^^^^^^^^^^^^^^^^^^^
sqlite3.OperationalError: duplicate column name: fqdn
2026-05-14 21:51:37 - huggin - DEBUG - Suppressed exception
Traceback (most recent call last):
  File "c:\Users\allie\Coding Projects\huggin_suite\huggin\app\core\asset_manager.py", line 107, in init_database
    conn.execute("ALTER TABLE assets ADD COLUMN mac_address TEXT DEFAULT ''")
    ~~~~~~~~~~~~^^^^^^^^^^^^^^^^^^^^^^^^^^^^^^^^^^^^^^^^^^^^^^^^^^^^^^^^^^^^^
sqlite3.OperationalError: duplicate column name: mac_address
2026-05-14 21:51:37 - huggin - DEBUG - Suppressed exception
Traceback (most recent call last):
  File "c:\Users\allie\Coding Projects\huggin_suite\huggin\app\core\asset_manager.py", line 114, in init_database
    conn.execute("ALTER TABLE assets ADD COLUMN vendor TEXT DEFAULT ''")
    ~~~~~~~~~~~~^^^^^^^^^^^^^^^^^^^^^^^^^^^^^^^^^^^^^^^^^^^^^^^^^^^^^^^^
sqlite3.OperationalError: duplicate column name: vendor
2026-05-14 21:51:37 - huggin - DEBUG - Suppressed exception
Traceback (most recent call last):
  File "c:\Users\allie\Coding Projects\huggin_suite\huggin\app\core\asset_manager.py", line 121, in init_database
    conn.execute("ALTER TABLE assets ADD COLUMN notes TEXT DEFAULT ''")
    ~~~~~~~~~~~~^^^^^^^^^^^^^^^^^^^^^^^^^^^^^^^^^^^^^^^^^^^^^^^^^^^^^^^
sqlite3.OperationalError: duplicate column name: notes
2026-05-14 21:51:37 - huggin - INFO - Using default configuration
2026-05-14 21:51:39 - huggin - INFO - License saved successfully
2026-05-14 21:51:39 - huggin - INFO - License loaded and validated successfully
2026-05-14 21:52:26 - huggin - INFO - License saved successfully
2026-05-14 21:52:26 - huggin - INFO - License loaded and validated successfully
2026-05-14 21:52:26 - huggin - INFO - Application starting...
2026-05-14 21:52:26 - huggin - INFO - Font loaded successfully
2026-05-14 21:52:26 - huggin - INFO - Stylesheet loaded successfully
2026-05-14 21:52:26 - huggin - INFO - Creating main window...
2026-05-14 21:52:26 - huggin - INFO - QThreadPool max threads set to 32 (CPUs: 32)
2026-05-14 21:52:26 - huggin - INFO - Custom font 'Neuropol X' loaded from C:\Users\allie\Coding Projects\huggin_suite\huggin\resources\fonts\neuropol.otf
2026-05-14 21:52:26 - huggin - DEBUG - Suppressed exception
Traceback (most recent call last):
  File "C:\Users\allie\Coding Projects\huggin_suite\huggin\app\pages\page_registry.py", line 45, in register_all_pages
    from app.pages.db_attacks_page import DBAttacksPage
ImportError: cannot import name 'DBAttacksPage' from 'app.pages.db_attacks_page' (C:\Users\allie\Coding Projects\huggin_suite\huggin\app\pages\db_attacks_page.py)
2026-05-14 21:52:28 - huggin - DEBUG - Credentials loaded for profile 'default'
2026-05-14 21:54:19 - huggin - DEBUG - Memory monitoring stopped
2026-05-14 21:54:19 - huggin - DEBUG - Connection pool closed all sessions
2026-05-14 21:54:19 - huggin - INFO - Update manager stopped during cleanup
2026-05-14 21:54:22 - huggin - DEBUG - Suppressed exception
Traceback (most recent call last):
  File "c:\Users\allie\Coding Projects\huggin_suite\huggin\app\core\asset_manager.py", line 100, in init_database
    conn.execute("ALTER TABLE assets ADD COLUMN fqdn TEXT DEFAULT ''")
    ~~~~~~~~~~~~^^^^^^^^^^^^^^^^^^^^^^^^^^^^^^^^^^^^^^^^^^^^^^^^^^^^^^
sqlite3.OperationalError: duplicate column name: fqdn
2026-05-14 21:54:22 - huggin - DEBUG - Suppressed exception
Traceback (most recent call last):
  File "c:\Users\allie\Coding Projects\huggin_suite\huggin\app\core\asset_manager.py", line 107, in init_database
    conn.execute("ALTER TABLE assets ADD COLUMN mac_address TEXT DEFAULT ''")
    ~~~~~~~~~~~~^^^^^^^^^^^^^^^^^^^^^^^^^^^^^^^^^^^^^^^^^^^^^^^^^^^^^^^^^^^^^
sqlite3.OperationalError: duplicate column name: mac_address
2026-05-14 21:54:22 - huggin - DEBUG - Suppressed exception
Traceback (most recent call last):
  File "c:\Users\allie\Coding Projects\huggin_suite\huggin\app\core\asset_manager.py", line 114, in init_database
    conn.execute("ALTER TABLE assets ADD COLUMN vendor TEXT DEFAULT ''")
    ~~~~~~~~~~~~^^^^^^^^^^^^^^^^^^^^^^^^^^^^^^^^^^^^^^^^^^^^^^^^^^^^^^^^
sqlite3.OperationalError: duplicate column name: vendor
2026-05-14 21:54:22 - huggin - DEBUG - Suppressed exception
Traceback (most recent call last):
  File "c:\Users\allie\Coding Projects\huggin_suite\huggin\app\core\asset_manager.py", line 121, in init_database
    conn.execute("ALTER TABLE assets ADD COLUMN notes TEXT DEFAULT ''")
    ~~~~~~~~~~~~^^^^^^^^^^^^^^^^^^^^^^^^^^^^^^^^^^^^^^^^^^^^^^^^^^^^^^^
sqlite3.OperationalError: duplicate column name: notes
2026-05-14 21:54:22 - huggin - INFO - Using default configuration
2026-05-14 21:54:24 - huggin - INFO - License saved successfully
2026-05-14 21:54:24 - huggin - INFO - License loaded and validated successfully
2026-05-14 21:54:27 - huggin - INFO - License saved successfully
2026-05-14 21:54:27 - huggin - INFO - License loaded and validated successfully
2026-05-14 21:54:27 - huggin - INFO - Application starting...
2026-05-14 21:54:27 - huggin - INFO - Font loaded successfully
2026-05-14 21:54:27 - huggin - INFO - Stylesheet loaded successfully
2026-05-14 21:54:27 - huggin - INFO - Creating main window...
2026-05-14 21:54:27 - huggin - INFO - QThreadPool max threads set to 32 (CPUs: 32)
2026-05-14 21:54:27 - huggin - INFO - Custom font 'Neuropol X' loaded from C:\Users\allie\Coding Projects\huggin_suite\huggin\resources\fonts\neuropol.otf
2026-05-14 21:54:27 - huggin - DEBUG - Suppressed exception
Traceback (most recent call last):
  File "C:\Users\allie\Coding Projects\huggin_suite\huggin\app\pages\page_registry.py", line 45, in register_all_pages
    from app.pages.db_attacks_page import DBAttacksPage
ImportError: cannot import name 'DBAttacksPage' from 'app.pages.db_attacks_page' (C:\Users\allie\Coding Projects\huggin_suite\huggin\app\pages\db_attacks_page.py)
2026-05-14 21:54:28 - huggin - DEBUG - Credentials loaded for profile 'default'
2026-05-14 21:56:40 - huggin - DEBUG - Memory monitoring stopped
2026-05-14 21:56:40 - huggin - DEBUG - Connection pool closed all sessions
2026-05-14 21:56:40 - huggin - INFO - Update manager stopped during cleanup
2026-05-14 21:56:46 - huggin - DEBUG - Suppressed exception
Traceback (most recent call last):
  File "c:\Users\allie\Coding Projects\huggin_suite\huggin\app\core\asset_manager.py", line 100, in init_database
    conn.execute("ALTER TABLE assets ADD COLUMN fqdn TEXT DEFAULT ''")
    ~~~~~~~~~~~~^^^^^^^^^^^^^^^^^^^^^^^^^^^^^^^^^^^^^^^^^^^^^^^^^^^^^^
sqlite3.OperationalError: duplicate column name: fqdn
2026-05-14 21:56:46 - huggin - DEBUG - Suppressed exception
Traceback (most recent call last):
  File "c:\Users\allie\Coding Projects\huggin_suite\huggin\app\core\asset_manager.py", line 107, in init_database
    conn.execute("ALTER TABLE assets ADD COLUMN mac_address TEXT DEFAULT ''")
    ~~~~~~~~~~~~^^^^^^^^^^^^^^^^^^^^^^^^^^^^^^^^^^^^^^^^^^^^^^^^^^^^^^^^^^^^^
sqlite3.OperationalError: duplicate column name: mac_address
2026-05-14 21:56:46 - huggin - DEBUG - Suppressed exception
Traceback (most recent call last):
  File "c:\Users\allie\Coding Projects\huggin_suite\huggin\app\core\asset_manager.py", line 114, in init_database
    conn.execute("ALTER TABLE assets ADD COLUMN vendor TEXT DEFAULT ''")
    ~~~~~~~~~~~~^^^^^^^^^^^^^^^^^^^^^^^^^^^^^^^^^^^^^^^^^^^^^^^^^^^^^^^^
sqlite3.OperationalError: duplicate column name: vendor
2026-05-14 21:56:46 - huggin - DEBUG - Suppressed exception
Traceback (most recent call last):
  File "c:\Users\allie\Coding Projects\huggin_suite\huggin\app\core\asset_manager.py", line 121, in init_database
    conn.execute("ALTER TABLE assets ADD COLUMN notes TEXT DEFAULT ''")
    ~~~~~~~~~~~~^^^^^^^^^^^^^^^^^^^^^^^^^^^^^^^^^^^^^^^^^^^^^^^^^^^^^^^
sqlite3.OperationalError: duplicate column name: notes
2026-05-14 21:56:46 - huggin - INFO - Using default configuration
2026-05-14 21:56:48 - huggin - INFO - License saved successfully
2026-05-14 21:56:48 - huggin - INFO - License loaded and validated successfully
2026-05-14 21:56:56 - huggin - INFO - License saved successfully
2026-05-14 21:56:56 - huggin - INFO - License loaded and validated successfully
2026-05-14 21:56:56 - huggin - INFO - Application starting...
2026-05-14 21:56:56 - huggin - INFO - Font loaded successfully
2026-05-14 21:56:56 - huggin - INFO - Stylesheet loaded successfully
2026-05-14 21:56:56 - huggin - INFO - Creating main window...
2026-05-14 21:56:56 - huggin - INFO - QThreadPool max threads set to 32 (CPUs: 32)
2026-05-14 21:56:56 - huggin - INFO - Custom font 'Neuropol X' loaded from C:\Users\allie\Coding Projects\huggin_suite\huggin\resources\fonts\neuropol.otf
2026-05-14 21:56:56 - huggin - DEBUG - Suppressed exception
Traceback (most recent call last):
  File "C:\Users\allie\Coding Projects\huggin_suite\huggin\app\pages\page_registry.py", line 45, in register_all_pages
    from app.pages.db_attacks_page import DBAttacksPage
ImportError: cannot import name 'DBAttacksPage' from 'app.pages.db_attacks_page' (C:\Users\allie\Coding Projects\huggin_suite\huggin\app\pages\db_attacks_page.py)
2026-05-14 21:56:58 - huggin - DEBUG - Credentials loaded for profile 'default'
2026-05-14 21:57:27 - huggin - DEBUG - Memory monitoring stopped
2026-05-14 21:57:27 - huggin - DEBUG - Connection pool closed all sessions
2026-05-14 21:57:28 - huggin - INFO - Update manager stopped during cleanup
2026-05-14 21:57:40 - huggin - DEBUG - Suppressed exception
Traceback (most recent call last):
  File "c:\Users\allie\Coding Projects\huggin_suite\huggin\app\core\asset_manager.py", line 100, in init_database
    conn.execute("ALTER TABLE assets ADD COLUMN fqdn TEXT DEFAULT ''")
    ~~~~~~~~~~~~^^^^^^^^^^^^^^^^^^^^^^^^^^^^^^^^^^^^^^^^^^^^^^^^^^^^^^
sqlite3.OperationalError: duplicate column name: fqdn
2026-05-14 21:57:40 - huggin - DEBUG - Suppressed exception
Traceback (most recent call last):
  File "c:\Users\allie\Coding Projects\huggin_suite\huggin\app\core\asset_manager.py", line 107, in init_database
    conn.execute("ALTER TABLE assets ADD COLUMN mac_address TEXT DEFAULT ''")
    ~~~~~~~~~~~~^^^^^^^^^^^^^^^^^^^^^^^^^^^^^^^^^^^^^^^^^^^^^^^^^^^^^^^^^^^^^
sqlite3.OperationalError: duplicate column name: mac_address
2026-05-14 21:57:40 - huggin - DEBUG - Suppressed exception
Traceback (most recent call last):
  File "c:\Users\allie\Coding Projects\huggin_suite\huggin\app\core\asset_manager.py", line 114, in init_database
    conn.execute("ALTER TABLE assets ADD COLUMN vendor TEXT DEFAULT ''")
    ~~~~~~~~~~~~^^^^^^^^^^^^^^^^^^^^^^^^^^^^^^^^^^^^^^^^^^^^^^^^^^^^^^^^
sqlite3.OperationalError: duplicate column name: vendor
2026-05-14 21:57:40 - huggin - DEBUG - Suppressed exception
Traceback (most recent call last):
  File "c:\Users\allie\Coding Projects\huggin_suite\huggin\app\core\asset_manager.py", line 121, in init_database
    conn.execute("ALTER TABLE assets ADD COLUMN notes TEXT DEFAULT ''")
    ~~~~~~~~~~~~^^^^^^^^^^^^^^^^^^^^^^^^^^^^^^^^^^^^^^^^^^^^^^^^^^^^^^^
sqlite3.OperationalError: duplicate column name: notes
2026-05-14 21:57:40 - huggin - INFO - Using default configuration
2026-05-14 21:57:42 - huggin - INFO - License saved successfully
2026-05-14 21:57:42 - huggin - INFO - License loaded and validated successfully
2026-05-14 21:57:59 - huggin - INFO - License saved successfully
2026-05-14 21:57:59 - huggin - INFO - License loaded and validated successfully
2026-05-14 21:57:59 - huggin - INFO - Application starting...
2026-05-14 21:57:59 - huggin - INFO - Font loaded successfully
2026-05-14 21:57:59 - huggin - INFO - Stylesheet loaded successfully
2026-05-14 21:57:59 - huggin - INFO - Creating main window...
2026-05-14 21:57:59 - huggin - INFO - QThreadPool max threads set to 32 (CPUs: 32)
2026-05-14 21:57:59 - huggin - INFO - Custom font 'Neuropol X' loaded from C:\Users\allie\Coding Projects\huggin_suite\huggin\resources\fonts\neuropol.otf
2026-05-14 21:58:00 - huggin - DEBUG - Suppressed exception
Traceback (most recent call last):
  File "C:\Users\allie\Coding Projects\huggin_suite\huggin\app\pages\page_registry.py", line 45, in register_all_pages
    from app.pages.db_attacks_page import DBAttacksPage
ImportError: cannot import name 'DBAttacksPage' from 'app.pages.db_attacks_page' (C:\Users\allie\Coding Projects\huggin_suite\huggin\app\pages\db_attacks_page.py)
2026-05-14 21:58:01 - huggin - DEBUG - Credentials loaded for profile 'default'
2026-05-14 22:02:08 - huggin - DEBUG - Memory monitoring stopped
2026-05-14 22:02:08 - huggin - DEBUG - Connection pool closed all sessions
2026-05-14 22:02:08 - huggin - INFO - Update manager stopped during cleanup
2026-05-14 22:02:09 - huggin - DEBUG - Suppressed exception
Traceback (most recent call last):
  File "c:\Users\allie\Coding Projects\huggin_suite\huggin\app\core\asset_manager.py", line 100, in init_database
    conn.execute("ALTER TABLE assets ADD COLUMN fqdn TEXT DEFAULT ''")
    ~~~~~~~~~~~~^^^^^^^^^^^^^^^^^^^^^^^^^^^^^^^^^^^^^^^^^^^^^^^^^^^^^^
sqlite3.OperationalError: duplicate column name: fqdn
2026-05-14 22:02:09 - huggin - DEBUG - Suppressed exception
Traceback (most recent call last):
  File "c:\Users\allie\Coding Projects\huggin_suite\huggin\app\core\asset_manager.py", line 107, in init_database
    conn.execute("ALTER TABLE assets ADD COLUMN mac_address TEXT DEFAULT ''")
    ~~~~~~~~~~~~^^^^^^^^^^^^^^^^^^^^^^^^^^^^^^^^^^^^^^^^^^^^^^^^^^^^^^^^^^^^^
sqlite3.OperationalError: duplicate column name: mac_address
2026-05-14 22:02:09 - huggin - DEBUG - Suppressed exception
Traceback (most recent call last):
  File "c:\Users\allie\Coding Projects\huggin_suite\huggin\app\core\asset_manager.py", line 114, in init_database
    conn.execute("ALTER TABLE assets ADD COLUMN vendor TEXT DEFAULT ''")
    ~~~~~~~~~~~~^^^^^^^^^^^^^^^^^^^^^^^^^^^^^^^^^^^^^^^^^^^^^^^^^^^^^^^^
sqlite3.OperationalError: duplicate column name: vendor
2026-05-14 22:02:09 - huggin - DEBUG - Suppressed exception
Traceback (most recent call last):
  File "c:\Users\allie\Coding Projects\huggin_suite\huggin\app\core\asset_manager.py", line 121, in init_database
    conn.execute("ALTER TABLE assets ADD COLUMN notes TEXT DEFAULT ''")
    ~~~~~~~~~~~~^^^^^^^^^^^^^^^^^^^^^^^^^^^^^^^^^^^^^^^^^^^^^^^^^^^^^^^
sqlite3.OperationalError: duplicate column name: notes
2026-05-14 22:02:09 - huggin - INFO - Using default configuration
2026-05-14 22:02:11 - huggin - INFO - License saved successfully
2026-05-14 22:02:11 - huggin - INFO - License loaded and validated successfully
2026-05-14 22:02:18 - huggin - INFO - License saved successfully
2026-05-14 22:02:18 - huggin - INFO - License loaded and validated successfully
2026-05-14 22:02:18 - huggin - INFO - Application starting...
2026-05-14 22:02:18 - huggin - INFO - Font loaded successfully
2026-05-14 22:02:18 - huggin - INFO - Stylesheet loaded successfully
2026-05-14 22:02:18 - huggin - INFO - Creating main window...
2026-05-14 22:02:18 - huggin - INFO - QThreadPool max threads set to 32 (CPUs: 32)
2026-05-14 22:02:18 - huggin - INFO - Custom font 'Neuropol X' loaded from C:\Users\allie\Coding Projects\huggin_suite\huggin\resources\fonts\neuropol.otf
2026-05-14 22:02:18 - huggin - DEBUG - Suppressed exception
Traceback (most recent call last):
  File "C:\Users\allie\Coding Projects\huggin_suite\huggin\app\pages\page_registry.py", line 45, in register_all_pages
    from app.pages.db_attacks_page import DBAttacksPage
ImportError: cannot import name 'DBAttacksPage' from 'app.pages.db_attacks_page' (C:\Users\allie\Coding Projects\huggin_suite\huggin\app\pages\db_attacks_page.py)
2026-05-14 22:02:20 - huggin - DEBUG - Credentials loaded for profile 'default'
2026-05-14 22:04:54 - huggin - DEBUG - Suppressed exception
Traceback (most recent call last):
  File "C:\Users\allie\Coding Projects\huggin_suite\huggin\app\core\asset_manager.py", line 100, in init_database
    conn.execute("ALTER TABLE assets ADD COLUMN fqdn TEXT DEFAULT ''")
    ~~~~~~~~~~~~^^^^^^^^^^^^^^^^^^^^^^^^^^^^^^^^^^^^^^^^^^^^^^^^^^^^^^
sqlite3.OperationalError: duplicate column name: fqdn
2026-05-14 22:04:54 - huggin - DEBUG - Suppressed exception
Traceback (most recent call last):
  File "C:\Users\allie\Coding Projects\huggin_suite\huggin\app\core\asset_manager.py", line 107, in init_database
    conn.execute("ALTER TABLE assets ADD COLUMN mac_address TEXT DEFAULT ''")
    ~~~~~~~~~~~~^^^^^^^^^^^^^^^^^^^^^^^^^^^^^^^^^^^^^^^^^^^^^^^^^^^^^^^^^^^^^
sqlite3.OperationalError: duplicate column name: mac_address
2026-05-14 22:04:54 - huggin - DEBUG - Suppressed exception
Traceback (most recent call last):
  File "C:\Users\allie\Coding Projects\huggin_suite\huggin\app\core\asset_manager.py", line 114, in init_database
    conn.execute("ALTER TABLE assets ADD COLUMN vendor TEXT DEFAULT ''")
    ~~~~~~~~~~~~^^^^^^^^^^^^^^^^^^^^^^^^^^^^^^^^^^^^^^^^^^^^^^^^^^^^^^^^
sqlite3.OperationalError: duplicate column name: vendor
2026-05-14 22:04:54 - huggin - DEBUG - Suppressed exception
Traceback (most recent call last):
  File "C:\Users\allie\Coding Projects\huggin_suite\huggin\app\core\asset_manager.py", line 121, in init_database
    conn.execute("ALTER TABLE assets ADD COLUMN notes TEXT DEFAULT ''")
    ~~~~~~~~~~~~^^^^^^^^^^^^^^^^^^^^^^^^^^^^^^^^^^^^^^^^^^^^^^^^^^^^^^^
sqlite3.OperationalError: duplicate column name: notes
2026-05-14 22:05:22 - huggin - DEBUG - Session token generated
2026-05-14 22:07:28 - huggin - DEBUG - Memory monitoring stopped
2026-05-14 22:07:28 - huggin - DEBUG - Connection pool closed all sessions
2026-05-14 22:07:28 - huggin - INFO - Update manager stopped during cleanup
2026-05-14 22:08:08 - huggin - DEBUG - Suppressed exception
Traceback (most recent call last):
  File "c:\Users\allie\Coding Projects\huggin_suite\huggin\app\core\asset_manager.py", line 100, in init_database
    conn.execute("ALTER TABLE assets ADD COLUMN fqdn TEXT DEFAULT ''")
    ~~~~~~~~~~~~^^^^^^^^^^^^^^^^^^^^^^^^^^^^^^^^^^^^^^^^^^^^^^^^^^^^^^
sqlite3.OperationalError: duplicate column name: fqdn
2026-05-14 22:08:08 - huggin - DEBUG - Suppressed exception
Traceback (most recent call last):
  File "c:\Users\allie\Coding Projects\huggin_suite\huggin\app\core\asset_manager.py", line 107, in init_database
    conn.execute("ALTER TABLE assets ADD COLUMN mac_address TEXT DEFAULT ''")
    ~~~~~~~~~~~~^^^^^^^^^^^^^^^^^^^^^^^^^^^^^^^^^^^^^^^^^^^^^^^^^^^^^^^^^^^^^
sqlite3.OperationalError: duplicate column name: mac_address
2026-05-14 22:08:08 - huggin - DEBUG - Suppressed exception
Traceback (most recent call last):
  File "c:\Users\allie\Coding Projects\huggin_suite\huggin\app\core\asset_manager.py", line 114, in init_database
    conn.execute("ALTER TABLE assets ADD COLUMN vendor TEXT DEFAULT ''")
    ~~~~~~~~~~~~^^^^^^^^^^^^^^^^^^^^^^^^^^^^^^^^^^^^^^^^^^^^^^^^^^^^^^^^
sqlite3.OperationalError: duplicate column name: vendor
2026-05-14 22:08:08 - huggin - DEBUG - Suppressed exception
Traceback (most recent call last):
  File "c:\Users\allie\Coding Projects\huggin_suite\huggin\app\core\asset_manager.py", line 121, in init_database
    conn.execute("ALTER TABLE assets ADD COLUMN notes TEXT DEFAULT ''")
    ~~~~~~~~~~~~^^^^^^^^^^^^^^^^^^^^^^^^^^^^^^^^^^^^^^^^^^^^^^^^^^^^^^^
sqlite3.OperationalError: duplicate column name: notes
2026-05-14 22:08:08 - huggin - INFO - Using default configuration
2026-05-14 22:08:11 - huggin - INFO - License saved successfully
2026-05-14 22:08:11 - huggin - INFO - License loaded and validated successfully
2026-05-14 22:08:13 - huggin - DEBUG - Session token generated
2026-05-14 22:08:22 - huggin - INFO - License saved successfully
2026-05-14 22:08:22 - huggin - INFO - License loaded and validated successfully
2026-05-14 22:08:22 - huggin - INFO - Application starting...
2026-05-14 22:08:22 - huggin - INFO - Font loaded successfully
2026-05-14 22:08:22 - huggin - INFO - Stylesheet loaded successfully
2026-05-14 22:08:22 - huggin - INFO - Creating main window...
2026-05-14 22:08:22 - huggin - INFO - QThreadPool max threads set to 32 (CPUs: 32)
2026-05-14 22:08:22 - huggin - INFO - Custom font 'Neuropol X' loaded from C:\Users\allie\Coding Projects\huggin_suite\huggin\resources\fonts\neuropol.otf
2026-05-14 22:08:22 - huggin - DEBUG - Suppressed exception
Traceback (most recent call last):
  File "C:\Users\allie\Coding Projects\huggin_suite\huggin\app\pages\page_registry.py", line 45, in register_all_pages
    from app.pages.db_attacks_page import DBAttacksPage
ImportError: cannot import name 'DBAttacksPage' from 'app.pages.db_attacks_page' (C:\Users\allie\Coding Projects\huggin_suite\huggin\app\pages\db_attacks_page.py)
2026-05-14 22:08:24 - huggin - DEBUG - Credentials loaded for profile 'default'
2026-05-14 22:08:27 - huggin - DEBUG - Session token generated
2026-05-14 22:08:39 - huggin - DEBUG - Memory monitoring stopped
2026-05-14 22:08:39 - huggin - DEBUG - Connection pool closed all sessions
2026-05-14 22:08:39 - huggin - INFO - Update manager stopped during cleanup
2026-05-14 22:09:40 - huggin - DEBUG - Suppressed exception
Traceback (most recent call last):
  File "c:\Users\allie\Coding Projects\huggin_suite\huggin\app\core\asset_manager.py", line 100, in init_database
    conn.execute("ALTER TABLE assets ADD COLUMN fqdn TEXT DEFAULT ''")
    ~~~~~~~~~~~~^^^^^^^^^^^^^^^^^^^^^^^^^^^^^^^^^^^^^^^^^^^^^^^^^^^^^^
sqlite3.OperationalError: duplicate column name: fqdn
2026-05-14 22:09:40 - huggin - DEBUG - Suppressed exception
Traceback (most recent call last):
  File "c:\Users\allie\Coding Projects\huggin_suite\huggin\app\core\asset_manager.py", line 107, in init_database
    conn.execute("ALTER TABLE assets ADD COLUMN mac_address TEXT DEFAULT ''")
    ~~~~~~~~~~~~^^^^^^^^^^^^^^^^^^^^^^^^^^^^^^^^^^^^^^^^^^^^^^^^^^^^^^^^^^^^^
sqlite3.OperationalError: duplicate column name: mac_address
2026-05-14 22:09:40 - huggin - DEBUG - Suppressed exception
Traceback (most recent call last):
  File "c:\Users\allie\Coding Projects\huggin_suite\huggin\app\core\asset_manager.py", line 114, in init_database
    conn.execute("ALTER TABLE assets ADD COLUMN vendor TEXT DEFAULT ''")
    ~~~~~~~~~~~~^^^^^^^^^^^^^^^^^^^^^^^^^^^^^^^^^^^^^^^^^^^^^^^^^^^^^^^^
sqlite3.OperationalError: duplicate column name: vendor
2026-05-14 22:09:40 - huggin - DEBUG - Suppressed exception
Traceback (most recent call last):
  File "c:\Users\allie\Coding Projects\huggin_suite\huggin\app\core\asset_manager.py", line 121, in init_database
    conn.execute("ALTER TABLE assets ADD COLUMN notes TEXT DEFAULT ''")
    ~~~~~~~~~~~~^^^^^^^^^^^^^^^^^^^^^^^^^^^^^^^^^^^^^^^^^^^^^^^^^^^^^^^
sqlite3.OperationalError: duplicate column name: notes
2026-05-14 22:09:40 - huggin - INFO - Using default configuration
2026-05-14 22:09:43 - huggin - INFO - License saved successfully
2026-05-14 22:09:43 - huggin - INFO - License loaded and validated successfully
2026-05-14 22:09:46 - huggin - INFO - License saved successfully
2026-05-14 22:09:46 - huggin - INFO - License loaded and validated successfully
2026-05-14 22:09:46 - huggin - INFO - Application starting...
2026-05-14 22:09:46 - huggin - INFO - Font loaded successfully
2026-05-14 22:09:46 - huggin - INFO - Stylesheet loaded successfully
2026-05-14 22:09:46 - huggin - INFO - Creating main window...
2026-05-14 22:09:46 - huggin - INFO - QThreadPool max threads set to 32 (CPUs: 32)
2026-05-14 22:09:46 - huggin - INFO - Custom font 'Neuropol X' loaded from C:\Users\allie\Coding Projects\huggin_suite\huggin\resources\fonts\neuropol.otf
2026-05-14 22:09:46 - huggin - DEBUG - Suppressed exception
Traceback (most recent call last):
  File "C:\Users\allie\Coding Projects\huggin_suite\huggin\app\pages\page_registry.py", line 45, in register_all_pages
    from app.pages.db_attacks_page import DBAttacksPage
ImportError: cannot import name 'DBAttacksPage' from 'app.pages.db_attacks_page' (C:\Users\allie\Coding Projects\huggin_suite\huggin\app\pages\db_attacks_page.py)
2026-05-14 22:09:48 - huggin - DEBUG - Credentials loaded for profile 'default'
2026-05-14 22:09:49 - huggin - DEBUG - Session token generated
2026-05-14 22:10:52 - huggin - DEBUG - Memory monitoring stopped
2026-05-14 22:10:52 - huggin - DEBUG - Connection pool closed all sessions
2026-05-14 22:10:52 - huggin - INFO - Update manager stopped during cleanup
2026-05-14 22:11:12 - huggin - DEBUG - Suppressed exception
Traceback (most recent call last):
  File "c:\Users\allie\Coding Projects\huggin_suite\huggin\app\core\asset_manager.py", line 100, in init_database
    conn.execute("ALTER TABLE assets ADD COLUMN fqdn TEXT DEFAULT ''")
    ~~~~~~~~~~~~^^^^^^^^^^^^^^^^^^^^^^^^^^^^^^^^^^^^^^^^^^^^^^^^^^^^^^
sqlite3.OperationalError: duplicate column name: fqdn
2026-05-14 22:11:12 - huggin - DEBUG - Suppressed exception
Traceback (most recent call last):
  File "c:\Users\allie\Coding Projects\huggin_suite\huggin\app\core\asset_manager.py", line 107, in init_database
    conn.execute("ALTER TABLE assets ADD COLUMN mac_address TEXT DEFAULT ''")
    ~~~~~~~~~~~~^^^^^^^^^^^^^^^^^^^^^^^^^^^^^^^^^^^^^^^^^^^^^^^^^^^^^^^^^^^^^
sqlite3.OperationalError: duplicate column name: mac_address
2026-05-14 22:11:12 - huggin - DEBUG - Suppressed exception
Traceback (most recent call last):
  File "c:\Users\allie\Coding Projects\huggin_suite\huggin\app\core\asset_manager.py", line 114, in init_database
    conn.execute("ALTER TABLE assets ADD COLUMN vendor TEXT DEFAULT ''")
    ~~~~~~~~~~~~^^^^^^^^^^^^^^^^^^^^^^^^^^^^^^^^^^^^^^^^^^^^^^^^^^^^^^^^
sqlite3.OperationalError: duplicate column name: vendor
2026-05-14 22:11:12 - huggin - DEBUG - Suppressed exception
Traceback (most recent call last):
  File "c:\Users\allie\Coding Projects\huggin_suite\huggin\app\core\asset_manager.py", line 121, in init_database
    conn.execute("ALTER TABLE assets ADD COLUMN notes TEXT DEFAULT ''")
    ~~~~~~~~~~~~^^^^^^^^^^^^^^^^^^^^^^^^^^^^^^^^^^^^^^^^^^^^^^^^^^^^^^^
sqlite3.OperationalError: duplicate column name: notes
2026-05-14 22:11:12 - huggin - INFO - Using default configuration
2026-05-14 22:11:15 - huggin - INFO - License saved successfully
2026-05-14 22:11:15 - huggin - INFO - License loaded and validated successfully
2026-05-14 22:11:21 - huggin - DEBUG - Suppressed exception
Traceback (most recent call last):
  File "c:\Users\allie\Coding Projects\huggin_suite\huggin\app\core\asset_manager.py", line 100, in init_database
    conn.execute("ALTER TABLE assets ADD COLUMN fqdn TEXT DEFAULT ''")
    ~~~~~~~~~~~~^^^^^^^^^^^^^^^^^^^^^^^^^^^^^^^^^^^^^^^^^^^^^^^^^^^^^^
sqlite3.OperationalError: duplicate column name: fqdn
2026-05-14 22:11:21 - huggin - DEBUG - Suppressed exception
Traceback (most recent call last):
  File "c:\Users\allie\Coding Projects\huggin_suite\huggin\app\core\asset_manager.py", line 107, in init_database
    conn.execute("ALTER TABLE assets ADD COLUMN mac_address TEXT DEFAULT ''")
    ~~~~~~~~~~~~^^^^^^^^^^^^^^^^^^^^^^^^^^^^^^^^^^^^^^^^^^^^^^^^^^^^^^^^^^^^^
sqlite3.OperationalError: duplicate column name: mac_address
2026-05-14 22:11:21 - huggin - DEBUG - Suppressed exception
Traceback (most recent call last):
  File "c:\Users\allie\Coding Projects\huggin_suite\huggin\app\core\asset_manager.py", line 114, in init_database
    conn.execute("ALTER TABLE assets ADD COLUMN vendor TEXT DEFAULT ''")
    ~~~~~~~~~~~~^^^^^^^^^^^^^^^^^^^^^^^^^^^^^^^^^^^^^^^^^^^^^^^^^^^^^^^^
sqlite3.OperationalError: duplicate column name: vendor
2026-05-14 22:11:21 - huggin - DEBUG - Suppressed exception
Traceback (most recent call last):
  File "c:\Users\allie\Coding Projects\huggin_suite\huggin\app\core\asset_manager.py", line 121, in init_database
    conn.execute("ALTER TABLE assets ADD COLUMN notes TEXT DEFAULT ''")
    ~~~~~~~~~~~~^^^^^^^^^^^^^^^^^^^^^^^^^^^^^^^^^^^^^^^^^^^^^^^^^^^^^^^
sqlite3.OperationalError: duplicate column name: notes
2026-05-14 22:11:21 - huggin - INFO - Using default configuration
2026-05-14 22:11:23 - huggin - INFO - License saved successfully
2026-05-14 22:11:23 - huggin - INFO - License loaded and validated successfully
2026-05-14 22:11:27 - huggin - DEBUG - Suppressed exception
Traceback (most recent call last):
  File "c:\Users\allie\Coding Projects\huggin_suite\huggin\app\core\asset_manager.py", line 100, in init_database
    conn.execute("ALTER TABLE assets ADD COLUMN fqdn TEXT DEFAULT ''")
    ~~~~~~~~~~~~^^^^^^^^^^^^^^^^^^^^^^^^^^^^^^^^^^^^^^^^^^^^^^^^^^^^^^
sqlite3.OperationalError: duplicate column name: fqdn
2026-05-14 22:11:27 - huggin - DEBUG - Suppressed exception
Traceback (most recent call last):
  File "c:\Users\allie\Coding Projects\huggin_suite\huggin\app\core\asset_manager.py", line 107, in init_database
    conn.execute("ALTER TABLE assets ADD COLUMN mac_address TEXT DEFAULT ''")
    ~~~~~~~~~~~~^^^^^^^^^^^^^^^^^^^^^^^^^^^^^^^^^^^^^^^^^^^^^^^^^^^^^^^^^^^^^
sqlite3.OperationalError: duplicate column name: mac_address
2026-05-14 22:11:27 - huggin - DEBUG - Suppressed exception
Traceback (most recent call last):
  File "c:\Users\allie\Coding Projects\huggin_suite\huggin\app\core\asset_manager.py", line 114, in init_database
    conn.execute("ALTER TABLE assets ADD COLUMN vendor TEXT DEFAULT ''")
    ~~~~~~~~~~~~^^^^^^^^^^^^^^^^^^^^^^^^^^^^^^^^^^^^^^^^^^^^^^^^^^^^^^^^
sqlite3.OperationalError: duplicate column name: vendor
2026-05-14 22:11:27 - huggin - DEBUG - Suppressed exception
Traceback (most recent call last):
  File "c:\Users\allie\Coding Projects\huggin_suite\huggin\app\core\asset_manager.py", line 121, in init_database
    conn.execute("ALTER TABLE assets ADD COLUMN notes TEXT DEFAULT ''")
    ~~~~~~~~~~~~^^^^^^^^^^^^^^^^^^^^^^^^^^^^^^^^^^^^^^^^^^^^^^^^^^^^^^^
sqlite3.OperationalError: duplicate column name: notes
2026-05-14 22:11:27 - huggin - INFO - Using default configuration
2026-05-14 22:11:30 - huggin - INFO - License saved successfully
2026-05-14 22:11:30 - huggin - INFO - License loaded and validated successfully
2026-05-14 22:11:41 - huggin - INFO - License saved successfully
2026-05-14 22:11:41 - huggin - INFO - License loaded and validated successfully
2026-05-14 22:11:41 - huggin - INFO - Application starting...
2026-05-14 22:11:41 - huggin - INFO - Font loaded successfully
2026-05-14 22:11:41 - huggin - INFO - Stylesheet loaded successfully
2026-05-14 22:11:41 - huggin - INFO - Creating main window...
2026-05-14 22:11:41 - huggin - INFO - QThreadPool max threads set to 32 (CPUs: 32)
2026-05-14 22:11:41 - huggin - INFO - Custom font 'Neuropol X' loaded from C:\Users\allie\Coding Projects\huggin_suite\huggin\resources\fonts\neuropol.otf
2026-05-14 22:11:41 - huggin - DEBUG - Suppressed exception
Traceback (most recent call last):
  File "C:\Users\allie\Coding Projects\huggin_suite\huggin\app\pages\page_registry.py", line 45, in register_all_pages
    from app.pages.db_attacks_page import DBAttacksPage
ImportError: cannot import name 'DBAttacksPage' from 'app.pages.db_attacks_page' (C:\Users\allie\Coding Projects\huggin_suite\huggin\app\pages\db_attacks_page.py)
2026-05-14 22:11:43 - huggin - DEBUG - Credentials loaded for profile 'default'
2026-05-14 22:12:48 - huggin - DEBUG - Memory monitoring stopped
2026-05-14 22:12:48 - huggin - DEBUG - Connection pool closed all sessions
2026-05-14 22:12:48 - huggin - INFO - Update manager stopped during cleanup
2026-05-14 22:13:01 - huggin - DEBUG - Suppressed exception
Traceback (most recent call last):
  File "c:\Users\allie\Coding Projects\huggin_suite\huggin\app\core\asset_manager.py", line 100, in init_database
    conn.execute("ALTER TABLE assets ADD COLUMN fqdn TEXT DEFAULT ''")
    ~~~~~~~~~~~~^^^^^^^^^^^^^^^^^^^^^^^^^^^^^^^^^^^^^^^^^^^^^^^^^^^^^^
sqlite3.OperationalError: duplicate column name: fqdn
2026-05-14 22:13:01 - huggin - DEBUG - Suppressed exception
Traceback (most recent call last):
  File "c:\Users\allie\Coding Projects\huggin_suite\huggin\app\core\asset_manager.py", line 107, in init_database
    conn.execute("ALTER TABLE assets ADD COLUMN mac_address TEXT DEFAULT ''")
    ~~~~~~~~~~~~^^^^^^^^^^^^^^^^^^^^^^^^^^^^^^^^^^^^^^^^^^^^^^^^^^^^^^^^^^^^^
sqlite3.OperationalError: duplicate column name: mac_address
2026-05-14 22:13:01 - huggin - DEBUG - Suppressed exception
Traceback (most recent call last):
  File "c:\Users\allie\Coding Projects\huggin_suite\huggin\app\core\asset_manager.py", line 114, in init_database
    conn.execute("ALTER TABLE assets ADD COLUMN vendor TEXT DEFAULT ''")
    ~~~~~~~~~~~~^^^^^^^^^^^^^^^^^^^^^^^^^^^^^^^^^^^^^^^^^^^^^^^^^^^^^^^^
sqlite3.OperationalError: duplicate column name: vendor
2026-05-14 22:13:01 - huggin - DEBUG - Suppressed exception
Traceback (most recent call last):
  File "c:\Users\allie\Coding Projects\huggin_suite\huggin\app\core\asset_manager.py", line 121, in init_database
    conn.execute("ALTER TABLE assets ADD COLUMN notes TEXT DEFAULT ''")
    ~~~~~~~~~~~~^^^^^^^^^^^^^^^^^^^^^^^^^^^^^^^^^^^^^^^^^^^^^^^^^^^^^^^
sqlite3.OperationalError: duplicate column name: notes
2026-05-14 22:13:02 - huggin - INFO - Using default configuration
2026-05-14 22:13:04 - huggin - INFO - License saved successfully
2026-05-14 22:13:04 - huggin - INFO - License loaded and validated successfully
2026-05-14 22:13:06 - huggin - INFO - License saved successfully
2026-05-14 22:13:06 - huggin - INFO - License loaded and validated successfully
2026-05-14 22:13:07 - huggin - INFO - Application starting...
2026-05-14 22:13:07 - huggin - INFO - Font loaded successfully
2026-05-14 22:13:07 - huggin - INFO - Stylesheet loaded successfully
2026-05-14 22:13:07 - huggin - INFO - Creating main window...
2026-05-14 22:13:07 - huggin - INFO - QThreadPool max threads set to 32 (CPUs: 32)
2026-05-14 22:13:07 - huggin - INFO - Custom font 'Neuropol X' loaded from C:\Users\allie\Coding Projects\huggin_suite\huggin\resources\fonts\neuropol.otf
2026-05-14 22:13:07 - huggin - DEBUG - Suppressed exception
Traceback (most recent call last):
  File "C:\Users\allie\Coding Projects\huggin_suite\huggin\app\pages\page_registry.py", line 45, in register_all_pages
    from app.pages.db_attacks_page import DBAttacksPage
ImportError: cannot import name 'DBAttacksPage' from 'app.pages.db_attacks_page' (C:\Users\allie\Coding Projects\huggin_suite\huggin\app\pages\db_attacks_page.py)
2026-05-14 22:13:09 - huggin - DEBUG - Credentials loaded for profile 'default'
2026-05-14 22:18:21 - huggin - DEBUG - Suppressed exception
Traceback (most recent call last):
  File "C:\Users\allie\Coding Projects\huggin_suite\huggin\app\core\asset_manager.py", line 100, in init_database
    conn.execute("ALTER TABLE assets ADD COLUMN fqdn TEXT DEFAULT ''")
    ~~~~~~~~~~~~^^^^^^^^^^^^^^^^^^^^^^^^^^^^^^^^^^^^^^^^^^^^^^^^^^^^^^
sqlite3.OperationalError: duplicate column name: fqdn
2026-05-14 22:18:21 - huggin - DEBUG - Suppressed exception
Traceback (most recent call last):
  File "C:\Users\allie\Coding Projects\huggin_suite\huggin\app\core\asset_manager.py", line 107, in init_database
    conn.execute("ALTER TABLE assets ADD COLUMN mac_address TEXT DEFAULT ''")
    ~~~~~~~~~~~~^^^^^^^^^^^^^^^^^^^^^^^^^^^^^^^^^^^^^^^^^^^^^^^^^^^^^^^^^^^^^
sqlite3.OperationalError: duplicate column name: mac_address
2026-05-14 22:18:21 - huggin - DEBUG - Suppressed exception
Traceback (most recent call last):
  File "C:\Users\allie\Coding Projects\huggin_suite\huggin\app\core\asset_manager.py", line 114, in init_database
    conn.execute("ALTER TABLE assets ADD COLUMN vendor TEXT DEFAULT ''")
    ~~~~~~~~~~~~^^^^^^^^^^^^^^^^^^^^^^^^^^^^^^^^^^^^^^^^^^^^^^^^^^^^^^^^
sqlite3.OperationalError: duplicate column name: vendor
2026-05-14 22:18:21 - huggin - DEBUG - Suppressed exception
Traceback (most recent call last):
  File "C:\Users\allie\Coding Projects\huggin_suite\huggin\app\core\asset_manager.py", line 121, in init_database
    conn.execute("ALTER TABLE assets ADD COLUMN notes TEXT DEFAULT ''")
    ~~~~~~~~~~~~^^^^^^^^^^^^^^^^^^^^^^^^^^^^^^^^^^^^^^^^^^^^^^^^^^^^^^^
sqlite3.OperationalError: duplicate column name: notes
2026-05-14 22:18:34 - huggin - DEBUG - Credentials saved (encrypted) for profile 'default'
2026-05-14 22:18:50 - huggin - DEBUG - Memory monitoring stopped
2026-05-14 22:18:50 - huggin - DEBUG - Connection pool closed all sessions
2026-05-14 22:18:50 - huggin - INFO - Update manager stopped during cleanup
2026-05-14 22:19:50 - huggin - DEBUG - Suppressed exception
Traceback (most recent call last):
  File "c:\Users\allie\Coding Projects\huggin_suite\huggin\app\core\asset_manager.py", line 100, in init_database
    conn.execute("ALTER TABLE assets ADD COLUMN fqdn TEXT DEFAULT ''")
    ~~~~~~~~~~~~^^^^^^^^^^^^^^^^^^^^^^^^^^^^^^^^^^^^^^^^^^^^^^^^^^^^^^
sqlite3.OperationalError: duplicate column name: fqdn
2026-05-14 22:19:50 - huggin - DEBUG - Suppressed exception
Traceback (most recent call last):
  File "c:\Users\allie\Coding Projects\huggin_suite\huggin\app\core\asset_manager.py", line 107, in init_database
    conn.execute("ALTER TABLE assets ADD COLUMN mac_address TEXT DEFAULT ''")
    ~~~~~~~~~~~~^^^^^^^^^^^^^^^^^^^^^^^^^^^^^^^^^^^^^^^^^^^^^^^^^^^^^^^^^^^^^
sqlite3.OperationalError: duplicate column name: mac_address
2026-05-14 22:19:50 - huggin - DEBUG - Suppressed exception
Traceback (most recent call last):
  File "c:\Users\allie\Coding Projects\huggin_suite\huggin\app\core\asset_manager.py", line 114, in init_database
    conn.execute("ALTER TABLE assets ADD COLUMN vendor TEXT DEFAULT ''")
    ~~~~~~~~~~~~^^^^^^^^^^^^^^^^^^^^^^^^^^^^^^^^^^^^^^^^^^^^^^^^^^^^^^^^
sqlite3.OperationalError: duplicate column name: vendor
2026-05-14 22:19:50 - huggin - DEBUG - Suppressed exception
Traceback (most recent call last):
  File "c:\Users\allie\Coding Projects\huggin_suite\huggin\app\core\asset_manager.py", line 121, in init_database
    conn.execute("ALTER TABLE assets ADD COLUMN notes TEXT DEFAULT ''")
    ~~~~~~~~~~~~^^^^^^^^^^^^^^^^^^^^^^^^^^^^^^^^^^^^^^^^^^^^^^^^^^^^^^^
sqlite3.OperationalError: duplicate column name: notes
2026-05-14 22:19:50 - huggin - INFO - Using default configuration
2026-05-14 22:19:52 - huggin - INFO - License saved successfully
2026-05-14 22:19:52 - huggin - INFO - License loaded and validated successfully
2026-05-14 22:20:07 - huggin - INFO - License saved successfully
2026-05-14 22:20:07 - huggin - INFO - License loaded and validated successfully
2026-05-14 22:20:07 - huggin - INFO - Application starting...
2026-05-14 22:20:07 - huggin - INFO - Font loaded successfully
2026-05-14 22:20:07 - huggin - INFO - Stylesheet loaded successfully
2026-05-14 22:20:07 - huggin - INFO - Creating main window...
2026-05-14 22:20:07 - huggin - INFO - QThreadPool max threads set to 32 (CPUs: 32)
2026-05-14 22:20:07 - huggin - INFO - Custom font 'Neuropol X' loaded from C:\Users\allie\Coding Projects\huggin_suite\huggin\resources\fonts\neuropol.otf
2026-05-14 22:20:07 - huggin - DEBUG - Suppressed exception
Traceback (most recent call last):
  File "C:\Users\allie\Coding Projects\huggin_suite\huggin\app\pages\page_registry.py", line 45, in register_all_pages
    from app.pages.db_attacks_page import DBAttacksPage
ImportError: cannot import name 'DBAttacksPage' from 'app.pages.db_attacks_page' (C:\Users\allie\Coding Projects\huggin_suite\huggin\app\pages\db_attacks_page.py)
2026-05-14 22:20:13 - huggin - DEBUG - Credentials loaded for profile 'default'
2026-05-14 22:20:23 - huggin - DEBUG - Suppressed exception
Traceback (most recent call last):
  File "C:\Users\allie\Coding Projects\huggin_suite\huggin\app\core\asset_manager.py", line 100, in init_database
    conn.execute("ALTER TABLE assets ADD COLUMN fqdn TEXT DEFAULT ''")
    ~~~~~~~~~~~~^^^^^^^^^^^^^^^^^^^^^^^^^^^^^^^^^^^^^^^^^^^^^^^^^^^^^^
sqlite3.OperationalError: duplicate column name: fqdn
2026-05-14 22:20:23 - huggin - DEBUG - Suppressed exception
Traceback (most recent call last):
  File "C:\Users\allie\Coding Projects\huggin_suite\huggin\app\core\asset_manager.py", line 107, in init_database
    conn.execute("ALTER TABLE assets ADD COLUMN mac_address TEXT DEFAULT ''")
    ~~~~~~~~~~~~^^^^^^^^^^^^^^^^^^^^^^^^^^^^^^^^^^^^^^^^^^^^^^^^^^^^^^^^^^^^^
sqlite3.OperationalError: duplicate column name: mac_address
2026-05-14 22:20:23 - huggin - DEBUG - Suppressed exception
Traceback (most recent call last):
  File "C:\Users\allie\Coding Projects\huggin_suite\huggin\app\core\asset_manager.py", line 114, in init_database
    conn.execute("ALTER TABLE assets ADD COLUMN vendor TEXT DEFAULT ''")
    ~~~~~~~~~~~~^^^^^^^^^^^^^^^^^^^^^^^^^^^^^^^^^^^^^^^^^^^^^^^^^^^^^^^^
sqlite3.OperationalError: duplicate column name: vendor
2026-05-14 22:20:23 - huggin - DEBUG - Suppressed exception
Traceback (most recent call last):
  File "C:\Users\allie\Coding Projects\huggin_suite\huggin\app\core\asset_manager.py", line 121, in init_database
    conn.execute("ALTER TABLE assets ADD COLUMN notes TEXT DEFAULT ''")
    ~~~~~~~~~~~~^^^^^^^^^^^^^^^^^^^^^^^^^^^^^^^^^^^^^^^^^^^^^^^^^^^^^^^
sqlite3.OperationalError: duplicate column name: notes
2026-05-14 22:31:16 - huggin - DEBUG - Memory monitoring stopped
2026-05-14 22:31:16 - huggin - DEBUG - Connection pool closed all sessions
2026-05-14 22:31:16 - huggin - INFO - Update manager stopped during cleanup
2026-05-14 22:32:54 - huggin - DEBUG - Suppressed exception
Traceback (most recent call last):
  File "c:\Users\allie\Coding Projects\huggin_suite\huggin\app\core\asset_manager.py", line 100, in init_database
    conn.execute("ALTER TABLE assets ADD COLUMN fqdn TEXT DEFAULT ''")
    ~~~~~~~~~~~~^^^^^^^^^^^^^^^^^^^^^^^^^^^^^^^^^^^^^^^^^^^^^^^^^^^^^^
sqlite3.OperationalError: duplicate column name: fqdn
2026-05-14 22:32:54 - huggin - DEBUG - Suppressed exception
Traceback (most recent call last):
  File "c:\Users\allie\Coding Projects\huggin_suite\huggin\app\core\asset_manager.py", line 107, in init_database
    conn.execute("ALTER TABLE assets ADD COLUMN mac_address TEXT DEFAULT ''")
    ~~~~~~~~~~~~^^^^^^^^^^^^^^^^^^^^^^^^^^^^^^^^^^^^^^^^^^^^^^^^^^^^^^^^^^^^^
sqlite3.OperationalError: duplicate column name: mac_address
2026-05-14 22:32:54 - huggin - DEBUG - Suppressed exception
Traceback (most recent call last):
  File "c:\Users\allie\Coding Projects\huggin_suite\huggin\app\core\asset_manager.py", line 114, in init_database
    conn.execute("ALTER TABLE assets ADD COLUMN vendor TEXT DEFAULT ''")
    ~~~~~~~~~~~~^^^^^^^^^^^^^^^^^^^^^^^^^^^^^^^^^^^^^^^^^^^^^^^^^^^^^^^^
sqlite3.OperationalError: duplicate column name: vendor
2026-05-14 22:32:54 - huggin - DEBUG - Suppressed exception
Traceback (most recent call last):
  File "c:\Users\allie\Coding Projects\huggin_suite\huggin\app\core\asset_manager.py", line 121, in init_database
    conn.execute("ALTER TABLE assets ADD COLUMN notes TEXT DEFAULT ''")
    ~~~~~~~~~~~~^^^^^^^^^^^^^^^^^^^^^^^^^^^^^^^^^^^^^^^^^^^^^^^^^^^^^^^
sqlite3.OperationalError: duplicate column name: notes
2026-05-14 22:32:54 - huggin - INFO - Using default configuration
2026-05-14 22:32:57 - huggin - INFO - License saved successfully
2026-05-14 22:32:57 - huggin - INFO - License loaded and validated successfully
2026-05-14 22:33:09 - huggin - DEBUG - Suppressed exception
Traceback (most recent call last):
  File "c:\Users\allie\Coding Projects\huggin_suite\huggin\app\core\asset_manager.py", line 100, in init_database
    conn.execute("ALTER TABLE assets ADD COLUMN fqdn TEXT DEFAULT ''")
    ~~~~~~~~~~~~^^^^^^^^^^^^^^^^^^^^^^^^^^^^^^^^^^^^^^^^^^^^^^^^^^^^^^
sqlite3.OperationalError: duplicate column name: fqdn
2026-05-14 22:33:09 - huggin - DEBUG - Suppressed exception
Traceback (most recent call last):
  File "c:\Users\allie\Coding Projects\huggin_suite\huggin\app\core\asset_manager.py", line 107, in init_database
    conn.execute("ALTER TABLE assets ADD COLUMN mac_address TEXT DEFAULT ''")
    ~~~~~~~~~~~~^^^^^^^^^^^^^^^^^^^^^^^^^^^^^^^^^^^^^^^^^^^^^^^^^^^^^^^^^^^^^
sqlite3.OperationalError: duplicate column name: mac_address
2026-05-14 22:33:09 - huggin - DEBUG - Suppressed exception
Traceback (most recent call last):
  File "c:\Users\allie\Coding Projects\huggin_suite\huggin\app\core\asset_manager.py", line 114, in init_database
    conn.execute("ALTER TABLE assets ADD COLUMN vendor TEXT DEFAULT ''")
    ~~~~~~~~~~~~^^^^^^^^^^^^^^^^^^^^^^^^^^^^^^^^^^^^^^^^^^^^^^^^^^^^^^^^
sqlite3.OperationalError: duplicate column name: vendor
2026-05-14 22:33:09 - huggin - DEBUG - Suppressed exception
Traceback (most recent call last):
  File "c:\Users\allie\Coding Projects\huggin_suite\huggin\app\core\asset_manager.py", line 121, in init_database
    conn.execute("ALTER TABLE assets ADD COLUMN notes TEXT DEFAULT ''")
    ~~~~~~~~~~~~^^^^^^^^^^^^^^^^^^^^^^^^^^^^^^^^^^^^^^^^^^^^^^^^^^^^^^^
sqlite3.OperationalError: duplicate column name: notes
2026-05-14 22:33:09 - huggin - INFO - Using default configuration
2026-05-14 22:33:12 - huggin - INFO - License saved successfully
2026-05-14 22:33:12 - huggin - INFO - License loaded and validated successfully
2026-05-14 22:33:14 - huggin - DEBUG - Suppressed exception
Traceback (most recent call last):
  File "C:\Users\allie\Coding Projects\huggin_suite\huggin\app\core\asset_manager.py", line 100, in init_database
    conn.execute("ALTER TABLE assets ADD COLUMN fqdn TEXT DEFAULT ''")
    ~~~~~~~~~~~~^^^^^^^^^^^^^^^^^^^^^^^^^^^^^^^^^^^^^^^^^^^^^^^^^^^^^^
sqlite3.OperationalError: duplicate column name: fqdn
2026-05-14 22:33:14 - huggin - DEBUG - Suppressed exception
Traceback (most recent call last):
  File "C:\Users\allie\Coding Projects\huggin_suite\huggin\app\core\asset_manager.py", line 107, in init_database
    conn.execute("ALTER TABLE assets ADD COLUMN mac_address TEXT DEFAULT ''")
    ~~~~~~~~~~~~^^^^^^^^^^^^^^^^^^^^^^^^^^^^^^^^^^^^^^^^^^^^^^^^^^^^^^^^^^^^^
sqlite3.OperationalError: duplicate column name: mac_address
2026-05-14 22:33:14 - huggin - DEBUG - Suppressed exception
Traceback (most recent call last):
  File "C:\Users\allie\Coding Projects\huggin_suite\huggin\app\core\asset_manager.py", line 114, in init_database
    conn.execute("ALTER TABLE assets ADD COLUMN vendor TEXT DEFAULT ''")
    ~~~~~~~~~~~~^^^^^^^^^^^^^^^^^^^^^^^^^^^^^^^^^^^^^^^^^^^^^^^^^^^^^^^^
sqlite3.OperationalError: duplicate column name: vendor
2026-05-14 22:33:14 - huggin - DEBUG - Suppressed exception
Traceback (most recent call last):
  File "C:\Users\allie\Coding Projects\huggin_suite\huggin\app\core\asset_manager.py", line 121, in init_database
    conn.execute("ALTER TABLE assets ADD COLUMN notes TEXT DEFAULT ''")
    ~~~~~~~~~~~~^^^^^^^^^^^^^^^^^^^^^^^^^^^^^^^^^^^^^^^^^^^^^^^^^^^^^^^
sqlite3.OperationalError: duplicate column name: notes
2026-05-14 22:34:10 - huggin - INFO - License saved successfully
2026-05-14 22:34:10 - huggin - INFO - License loaded and validated successfully
2026-05-14 22:34:10 - huggin - INFO - Application starting...
2026-05-14 22:34:10 - huggin - INFO - Font loaded successfully
2026-05-14 22:34:10 - huggin - INFO - Stylesheet loaded successfully
2026-05-14 22:34:10 - huggin - INFO - Creating main window...
2026-05-14 22:34:10 - huggin - INFO - QThreadPool max threads set to 32 (CPUs: 32)
2026-05-14 22:34:10 - huggin - INFO - Custom font 'Neuropol X' loaded from C:\Users\allie\Coding Projects\huggin_suite\huggin\resources\fonts\neuropol.otf
2026-05-14 22:34:10 - huggin - DEBUG - Suppressed exception
Traceback (most recent call last):
  File "C:\Users\allie\Coding Projects\huggin_suite\huggin\app\pages\page_registry.py", line 45, in register_all_pages
    from app.pages.db_attacks_page import DBAttacksPage
ImportError: cannot import name 'DBAttacksPage' from 'app.pages.db_attacks_page' (C:\Users\allie\Coding Projects\huggin_suite\huggin\app\pages\db_attacks_page.py)
2026-05-14 22:34:43 - huggin - DEBUG - Credentials loaded for profile 'default'
2026-05-14 22:34:50 - huggin - DEBUG - Credentials saved (encrypted) for profile 'default'
2026-05-14 22:34:50 - huggin - DEBUG - Credentials loaded for profile 'LAB'
2026-05-14 22:34:50 - huggin - DEBUG - Suppressed exception
Traceback (most recent call last):
  File "C:\Users\allie\Coding Projects\huggin_suite\huggin\app\core\scope_manager.py", line 62, in _parse_scope_text
    ipaddress.IPv4Address(item)
    ~~~~~~~~~~~~~~~~~~~~~^^^^^^
  File "C:\Users\allie\anaconda3\Lib\ipaddress.py", line 1319, in __init__
    self._ip = self._ip_int_from_string(addr_str)
               ~~~~~~~~~~~~~~~~~~~~~~~~^^^^^^^^^^
  File "C:\Users\allie\anaconda3\Lib\ipaddress.py", line 1206, in _ip_int_from_string
    raise AddressValueError("Expected 4 octets in %r" % ip_str)
ipaddress.AddressValueError: Expected 4 octets in '*.lab.local'
2026-05-14 22:34:50 - huggin - DEBUG - Suppressed exception
Traceback (most recent call last):
  File "C:\Users\allie\Coding Projects\huggin_suite\huggin\app\core\scope_manager.py", line 62, in _parse_scope_text
    ipaddress.IPv4Address(item)
    ~~~~~~~~~~~~~~~~~~~~~^^^^^^
  File "C:\Users\allie\anaconda3\Lib\ipaddress.py", line 1319, in __init__
    self._ip = self._ip_int_from_string(addr_str)
               ~~~~~~~~~~~~~~~~~~~~~~~~^^^^^^^^^^
  File "C:\Users\allie\anaconda3\Lib\ipaddress.py", line 1206, in _ip_int_from_string
    raise AddressValueError("Expected 4 octets in %r" % ip_str)
ipaddress.AddressValueError: Expected 4 octets in '*.lab.local'
2026-05-14 22:34:50 - huggin - DEBUG - Credentials saved (encrypted) for profile 'LAB'
2026-05-14 22:34:50 - huggin - DEBUG - Credentials saved (encrypted) for profile 'LAB'
2026-05-14 22:34:50 - huggin - DEBUG - Credentials saved (encrypted) for profile 'LAB'
2026-05-14 22:34:50 - huggin - DEBUG - Suppressed exception
Traceback (most recent call last):
  File "C:\Users\allie\Coding Projects\huggin_suite\huggin\app\core\scope_manager.py", line 62, in _parse_scope_text
    ipaddress.IPv4Address(item)
    ~~~~~~~~~~~~~~~~~~~~~^^^^^^
  File "C:\Users\allie\anaconda3\Lib\ipaddress.py", line 1319, in __init__
    self._ip = self._ip_int_from_string(addr_str)
               ~~~~~~~~~~~~~~~~~~~~~~~~^^^^^^^^^^
  File "C:\Users\allie\anaconda3\Lib\ipaddress.py", line 1206, in _ip_int_from_string
    raise AddressValueError("Expected 4 octets in %r" % ip_str)
ipaddress.AddressValueError: Expected 4 octets in '*.lab.local'
2026-05-14 22:34:53 - huggin - DEBUG - Suppressed exception
Traceback (most recent call last):
  File "C:\Users\allie\Coding Projects\huggin_suite\huggin\app\core\asset_manager.py", line 100, in init_database
    conn.execute("ALTER TABLE assets ADD COLUMN fqdn TEXT DEFAULT ''")
    ~~~~~~~~~~~~^^^^^^^^^^^^^^^^^^^^^^^^^^^^^^^^^^^^^^^^^^^^^^^^^^^^^^
sqlite3.OperationalError: duplicate column name: fqdn
2026-05-14 22:34:53 - huggin - DEBUG - Suppressed exception
Traceback (most recent call last):
  File "C:\Users\allie\Coding Projects\huggin_suite\huggin\app\core\asset_manager.py", line 107, in init_database
    conn.execute("ALTER TABLE assets ADD COLUMN mac_address TEXT DEFAULT ''")
    ~~~~~~~~~~~~^^^^^^^^^^^^^^^^^^^^^^^^^^^^^^^^^^^^^^^^^^^^^^^^^^^^^^^^^^^^^
sqlite3.OperationalError: duplicate column name: mac_address
2026-05-14 22:34:53 - huggin - DEBUG - Suppressed exception
Traceback (most recent call last):
  File "C:\Users\allie\Coding Projects\huggin_suite\huggin\app\core\asset_manager.py", line 114, in init_database
    conn.execute("ALTER TABLE assets ADD COLUMN vendor TEXT DEFAULT ''")
    ~~~~~~~~~~~~^^^^^^^^^^^^^^^^^^^^^^^^^^^^^^^^^^^^^^^^^^^^^^^^^^^^^^^^
sqlite3.OperationalError: duplicate column name: vendor
2026-05-14 22:34:53 - huggin - DEBUG - Suppressed exception
Traceback (most recent call last):
  File "C:\Users\allie\Coding Projects\huggin_suite\huggin\app\core\asset_manager.py", line 121, in init_database
    conn.execute("ALTER TABLE assets ADD COLUMN notes TEXT DEFAULT ''")
    ~~~~~~~~~~~~^^^^^^^^^^^^^^^^^^^^^^^^^^^^^^^^^^^^^^^^^^^^^^^^^^^^^^^
sqlite3.OperationalError: duplicate column name: notes
2026-05-14 22:37:35 - huggin - DEBUG - Memory monitoring stopped
2026-05-14 22:37:35 - huggin - DEBUG - Connection pool closed all sessions
2026-05-14 22:37:35 - huggin - INFO - Update manager stopped during cleanup
2026-05-14 22:37:44 - huggin - DEBUG - Suppressed exception
Traceback (most recent call last):
  File "c:\Users\allie\Coding Projects\huggin_suite\huggin\app\core\asset_manager.py", line 100, in init_database
    conn.execute("ALTER TABLE assets ADD COLUMN fqdn TEXT DEFAULT ''")
    ~~~~~~~~~~~~^^^^^^^^^^^^^^^^^^^^^^^^^^^^^^^^^^^^^^^^^^^^^^^^^^^^^^
sqlite3.OperationalError: duplicate column name: fqdn
2026-05-14 22:37:44 - huggin - DEBUG - Suppressed exception
Traceback (most recent call last):
  File "c:\Users\allie\Coding Projects\huggin_suite\huggin\app\core\asset_manager.py", line 107, in init_database
    conn.execute("ALTER TABLE assets ADD COLUMN mac_address TEXT DEFAULT ''")
    ~~~~~~~~~~~~^^^^^^^^^^^^^^^^^^^^^^^^^^^^^^^^^^^^^^^^^^^^^^^^^^^^^^^^^^^^^
sqlite3.OperationalError: duplicate column name: mac_address
2026-05-14 22:37:44 - huggin - DEBUG - Suppressed exception
Traceback (most recent call last):
  File "c:\Users\allie\Coding Projects\huggin_suite\huggin\app\core\asset_manager.py", line 114, in init_database
    conn.execute("ALTER TABLE assets ADD COLUMN vendor TEXT DEFAULT ''")
    ~~~~~~~~~~~~^^^^^^^^^^^^^^^^^^^^^^^^^^^^^^^^^^^^^^^^^^^^^^^^^^^^^^^^
sqlite3.OperationalError: duplicate column name: vendor
2026-05-14 22:37:44 - huggin - DEBUG - Suppressed exception
Traceback (most recent call last):
  File "c:\Users\allie\Coding Projects\huggin_suite\huggin\app\core\asset_manager.py", line 121, in init_database
    conn.execute("ALTER TABLE assets ADD COLUMN notes TEXT DEFAULT ''")
    ~~~~~~~~~~~~^^^^^^^^^^^^^^^^^^^^^^^^^^^^^^^^^^^^^^^^^^^^^^^^^^^^^^^
sqlite3.OperationalError: duplicate column name: notes
2026-05-14 22:37:45 - huggin - INFO - Using default configuration
2026-05-14 22:37:47 - huggin - INFO - License saved successfully
2026-05-14 22:37:47 - huggin - INFO - License loaded and validated successfully
2026-05-14 22:37:49 - huggin - DEBUG - Suppressed exception
Traceback (most recent call last):
  File "C:\Users\allie\Coding Projects\huggin_suite\huggin\app\core\asset_manager.py", line 100, in init_database
    conn.execute("ALTER TABLE assets ADD COLUMN fqdn TEXT DEFAULT ''")
    ~~~~~~~~~~~~^^^^^^^^^^^^^^^^^^^^^^^^^^^^^^^^^^^^^^^^^^^^^^^^^^^^^^
sqlite3.OperationalError: duplicate column name: fqdn
2026-05-14 22:37:49 - huggin - DEBUG - Suppressed exception
Traceback (most recent call last):
  File "C:\Users\allie\Coding Projects\huggin_suite\huggin\app\core\asset_manager.py", line 107, in init_database
    conn.execute("ALTER TABLE assets ADD COLUMN mac_address TEXT DEFAULT ''")
    ~~~~~~~~~~~~^^^^^^^^^^^^^^^^^^^^^^^^^^^^^^^^^^^^^^^^^^^^^^^^^^^^^^^^^^^^^
sqlite3.OperationalError: duplicate column name: mac_address
2026-05-14 22:37:49 - huggin - DEBUG - Suppressed exception
Traceback (most recent call last):
  File "C:\Users\allie\Coding Projects\huggin_suite\huggin\app\core\asset_manager.py", line 114, in init_database
    conn.execute("ALTER TABLE assets ADD COLUMN vendor TEXT DEFAULT ''")
    ~~~~~~~~~~~~^^^^^^^^^^^^^^^^^^^^^^^^^^^^^^^^^^^^^^^^^^^^^^^^^^^^^^^^
sqlite3.OperationalError: duplicate column name: vendor
2026-05-14 22:37:49 - huggin - DEBUG - Suppressed exception
Traceback (most recent call last):
  File "C:\Users\allie\Coding Projects\huggin_suite\huggin\app\core\asset_manager.py", line 121, in init_database
    conn.execute("ALTER TABLE assets ADD COLUMN notes TEXT DEFAULT ''")
    ~~~~~~~~~~~~^^^^^^^^^^^^^^^^^^^^^^^^^^^^^^^^^^^^^^^^^^^^^^^^^^^^^^^
sqlite3.OperationalError: duplicate column name: notes
2026-05-14 22:37:57 - huggin - INFO - License saved successfully
2026-05-14 22:37:57 - huggin - INFO - License loaded and validated successfully
2026-05-14 22:37:57 - huggin - INFO - Application starting...
2026-05-14 22:37:57 - huggin - INFO - Font loaded successfully
2026-05-14 22:37:57 - huggin - INFO - Stylesheet loaded successfully
2026-05-14 22:37:57 - huggin - INFO - Creating main window...
2026-05-14 22:37:57 - huggin - INFO - QThreadPool max threads set to 32 (CPUs: 32)
2026-05-14 22:37:57 - huggin - INFO - Custom font 'Neuropol X' loaded from C:\Users\allie\Coding Projects\huggin_suite\huggin\resources\fonts\neuropol.otf
2026-05-14 22:37:58 - huggin - DEBUG - Suppressed exception
Traceback (most recent call last):
  File "C:\Users\allie\Coding Projects\huggin_suite\huggin\app\pages\page_registry.py", line 45, in register_all_pages
    from app.pages.db_attacks_page import DBAttacksPage
ImportError: cannot import name 'DBAttacksPage' from 'app.pages.db_attacks_page' (C:\Users\allie\Coding Projects\huggin_suite\huggin\app\pages\db_attacks_page.py)
2026-05-14 22:37:59 - huggin - DEBUG - Credentials loaded for profile 'default'
2026-05-14 22:38:01 - huggin - DEBUG - Credentials saved (encrypted) for profile 'default'
2026-05-14 22:38:01 - huggin - DEBUG - Credentials loaded for profile 'LAB'
2026-05-14 22:38:01 - huggin - DEBUG - Suppressed exception
Traceback (most recent call last):
  File "C:\Users\allie\Coding Projects\huggin_suite\huggin\app\core\scope_manager.py", line 62, in _parse_scope_text
    ipaddress.IPv4Address(item)
    ~~~~~~~~~~~~~~~~~~~~~^^^^^^
  File "C:\Users\allie\anaconda3\Lib\ipaddress.py", line 1319, in __init__
    self._ip = self._ip_int_from_string(addr_str)
               ~~~~~~~~~~~~~~~~~~~~~~~~^^^^^^^^^^
  File "C:\Users\allie\anaconda3\Lib\ipaddress.py", line 1206, in _ip_int_from_string
    raise AddressValueError("Expected 4 octets in %r" % ip_str)
ipaddress.AddressValueError: Expected 4 octets in '*.lab.local'
2026-05-14 22:38:01 - huggin - DEBUG - Suppressed exception
Traceback (most recent call last):
  File "C:\Users\allie\Coding Projects\huggin_suite\huggin\app\core\scope_manager.py", line 62, in _parse_scope_text
    ipaddress.IPv4Address(item)
    ~~~~~~~~~~~~~~~~~~~~~^^^^^^
  File "C:\Users\allie\anaconda3\Lib\ipaddress.py", line 1319, in __init__
    self._ip = self._ip_int_from_string(addr_str)
               ~~~~~~~~~~~~~~~~~~~~~~~~^^^^^^^^^^
  File "C:\Users\allie\anaconda3\Lib\ipaddress.py", line 1206, in _ip_int_from_string
    raise AddressValueError("Expected 4 octets in %r" % ip_str)
ipaddress.AddressValueError: Expected 4 octets in '*.lab.local'
2026-05-14 22:38:01 - huggin - DEBUG - Credentials saved (encrypted) for profile 'LAB'
2026-05-14 22:38:01 - huggin - DEBUG - Credentials saved (encrypted) for profile 'LAB'
2026-05-14 22:38:01 - huggin - DEBUG - Credentials saved (encrypted) for profile 'LAB'
2026-05-14 22:38:01 - huggin - DEBUG - Suppressed exception
Traceback (most recent call last):
  File "C:\Users\allie\Coding Projects\huggin_suite\huggin\app\core\scope_manager.py", line 62, in _parse_scope_text
    ipaddress.IPv4Address(item)
    ~~~~~~~~~~~~~~~~~~~~~^^^^^^
  File "C:\Users\allie\anaconda3\Lib\ipaddress.py", line 1319, in __init__
    self._ip = self._ip_int_from_string(addr_str)
               ~~~~~~~~~~~~~~~~~~~~~~~~^^^^^^^^^^
  File "C:\Users\allie\anaconda3\Lib\ipaddress.py", line 1206, in _ip_int_from_string
    raise AddressValueError("Expected 4 octets in %r" % ip_str)
ipaddress.AddressValueError: Expected 4 octets in '*.lab.local'
2026-05-14 22:38:04 - huggin - DEBUG - Suppressed exception
Traceback (most recent call last):
  File "C:\Users\allie\Coding Projects\huggin_suite\huggin\app\core\asset_manager.py", line 100, in init_database
    conn.execute("ALTER TABLE assets ADD COLUMN fqdn TEXT DEFAULT ''")
    ~~~~~~~~~~~~^^^^^^^^^^^^^^^^^^^^^^^^^^^^^^^^^^^^^^^^^^^^^^^^^^^^^^
sqlite3.OperationalError: duplicate column name: fqdn
2026-05-14 22:38:04 - huggin - DEBUG - Suppressed exception
Traceback (most recent call last):
  File "C:\Users\allie\Coding Projects\huggin_suite\huggin\app\core\asset_manager.py", line 107, in init_database
    conn.execute("ALTER TABLE assets ADD COLUMN mac_address TEXT DEFAULT ''")
    ~~~~~~~~~~~~^^^^^^^^^^^^^^^^^^^^^^^^^^^^^^^^^^^^^^^^^^^^^^^^^^^^^^^^^^^^^
sqlite3.OperationalError: duplicate column name: mac_address
2026-05-14 22:38:04 - huggin - DEBUG - Suppressed exception
Traceback (most recent call last):
  File "C:\Users\allie\Coding Projects\huggin_suite\huggin\app\core\asset_manager.py", line 114, in init_database
    conn.execute("ALTER TABLE assets ADD COLUMN vendor TEXT DEFAULT ''")
    ~~~~~~~~~~~~^^^^^^^^^^^^^^^^^^^^^^^^^^^^^^^^^^^^^^^^^^^^^^^^^^^^^^^^
sqlite3.OperationalError: duplicate column name: vendor
2026-05-14 22:38:04 - huggin - DEBUG - Suppressed exception
Traceback (most recent call last):
  File "C:\Users\allie\Coding Projects\huggin_suite\huggin\app\core\asset_manager.py", line 121, in init_database
    conn.execute("ALTER TABLE assets ADD COLUMN notes TEXT DEFAULT ''")
    ~~~~~~~~~~~~^^^^^^^^^^^^^^^^^^^^^^^^^^^^^^^^^^^^^^^^^^^^^^^^^^^^^^^
sqlite3.OperationalError: duplicate column name: notes
2026-05-14 22:40:46 - huggin - DEBUG - Suppressed exception
Traceback (most recent call last):
  File "c:\Users\allie\Coding Projects\huggin_suite\huggin\app\core\asset_manager.py", line 100, in init_database
    conn.execute("ALTER TABLE assets ADD COLUMN fqdn TEXT DEFAULT ''")
    ~~~~~~~~~~~~^^^^^^^^^^^^^^^^^^^^^^^^^^^^^^^^^^^^^^^^^^^^^^^^^^^^^^
sqlite3.OperationalError: duplicate column name: fqdn
2026-05-14 22:40:46 - huggin - DEBUG - Suppressed exception
Traceback (most recent call last):
  File "c:\Users\allie\Coding Projects\huggin_suite\huggin\app\core\asset_manager.py", line 107, in init_database
    conn.execute("ALTER TABLE assets ADD COLUMN mac_address TEXT DEFAULT ''")
    ~~~~~~~~~~~~^^^^^^^^^^^^^^^^^^^^^^^^^^^^^^^^^^^^^^^^^^^^^^^^^^^^^^^^^^^^^
sqlite3.OperationalError: duplicate column name: mac_address
2026-05-14 22:40:46 - huggin - DEBUG - Suppressed exception
Traceback (most recent call last):
  File "c:\Users\allie\Coding Projects\huggin_suite\huggin\app\core\asset_manager.py", line 114, in init_database
    conn.execute("ALTER TABLE assets ADD COLUMN vendor TEXT DEFAULT ''")
    ~~~~~~~~~~~~^^^^^^^^^^^^^^^^^^^^^^^^^^^^^^^^^^^^^^^^^^^^^^^^^^^^^^^^
sqlite3.OperationalError: duplicate column name: vendor
2026-05-14 22:40:46 - huggin - DEBUG - Suppressed exception
Traceback (most recent call last):
  File "c:\Users\allie\Coding Projects\huggin_suite\huggin\app\core\asset_manager.py", line 121, in init_database
    conn.execute("ALTER TABLE assets ADD COLUMN notes TEXT DEFAULT ''")
    ~~~~~~~~~~~~^^^^^^^^^^^^^^^^^^^^^^^^^^^^^^^^^^^^^^^^^^^^^^^^^^^^^^^
sqlite3.OperationalError: duplicate column name: notes
2026-05-14 22:40:46 - huggin - INFO - Using default configuration
2026-05-14 22:40:48 - huggin - INFO - License saved successfully
2026-05-14 22:40:48 - huggin - INFO - License loaded and validated successfully
2026-05-14 22:40:51 - huggin - DEBUG - Suppressed exception
Traceback (most recent call last):
  File "C:\Users\allie\Coding Projects\huggin_suite\huggin\app\core\asset_manager.py", line 100, in init_database
    conn.execute("ALTER TABLE assets ADD COLUMN fqdn TEXT DEFAULT ''")
    ~~~~~~~~~~~~^^^^^^^^^^^^^^^^^^^^^^^^^^^^^^^^^^^^^^^^^^^^^^^^^^^^^^
sqlite3.OperationalError: duplicate column name: fqdn
2026-05-14 22:40:51 - huggin - DEBUG - Suppressed exception
Traceback (most recent call last):
  File "C:\Users\allie\Coding Projects\huggin_suite\huggin\app\core\asset_manager.py", line 107, in init_database
    conn.execute("ALTER TABLE assets ADD COLUMN mac_address TEXT DEFAULT ''")
    ~~~~~~~~~~~~^^^^^^^^^^^^^^^^^^^^^^^^^^^^^^^^^^^^^^^^^^^^^^^^^^^^^^^^^^^^^
sqlite3.OperationalError: duplicate column name: mac_address
2026-05-14 22:40:51 - huggin - DEBUG - Suppressed exception
Traceback (most recent call last):
  File "C:\Users\allie\Coding Projects\huggin_suite\huggin\app\core\asset_manager.py", line 114, in init_database
    conn.execute("ALTER TABLE assets ADD COLUMN vendor TEXT DEFAULT ''")
    ~~~~~~~~~~~~^^^^^^^^^^^^^^^^^^^^^^^^^^^^^^^^^^^^^^^^^^^^^^^^^^^^^^^^
sqlite3.OperationalError: duplicate column name: vendor
2026-05-14 22:40:51 - huggin - DEBUG - Suppressed exception
Traceback (most recent call last):
  File "C:\Users\allie\Coding Projects\huggin_suite\huggin\app\core\asset_manager.py", line 121, in init_database
    conn.execute("ALTER TABLE assets ADD COLUMN notes TEXT DEFAULT ''")
    ~~~~~~~~~~~~^^^^^^^^^^^^^^^^^^^^^^^^^^^^^^^^^^^^^^^^^^^^^^^^^^^^^^^
sqlite3.OperationalError: duplicate column name: notes
2026-05-14 22:40:54 - huggin - DEBUG - Memory monitoring stopped
2026-05-14 22:40:54 - huggin - DEBUG - Connection pool closed all sessions
2026-05-14 22:40:55 - huggin - INFO - Update manager stopped during cleanup
2026-05-14 22:40:57 - huggin - INFO - License saved successfully
2026-05-14 22:40:57 - huggin - INFO - License loaded and validated successfully
2026-05-14 22:40:57 - huggin - INFO - Application starting...
2026-05-14 22:40:57 - huggin - INFO - Font loaded successfully
2026-05-14 22:40:57 - huggin - INFO - Stylesheet loaded successfully
2026-05-14 22:40:57 - huggin - INFO - Creating main window...
2026-05-14 22:40:57 - huggin - INFO - QThreadPool max threads set to 32 (CPUs: 32)
2026-05-14 22:40:57 - huggin - INFO - Custom font 'Neuropol X' loaded from C:\Users\allie\Coding Projects\huggin_suite\huggin\resources\fonts\neuropol.otf
2026-05-14 22:40:57 - huggin - DEBUG - Suppressed exception
Traceback (most recent call last):
  File "C:\Users\allie\Coding Projects\huggin_suite\huggin\app\pages\page_registry.py", line 45, in register_all_pages
    from app.pages.db_attacks_page import DBAttacksPage
ImportError: cannot import name 'DBAttacksPage' from 'app.pages.db_attacks_page' (C:\Users\allie\Coding Projects\huggin_suite\huggin\app\pages\db_attacks_page.py)
2026-05-14 22:41:00 - huggin - DEBUG - Credentials loaded for profile 'default'
2026-05-14 22:41:02 - huggin - DEBUG - Credentials saved (encrypted) for profile 'default'
2026-05-14 22:41:02 - huggin - DEBUG - Credentials loaded for profile 'LAB'
2026-05-14 22:41:02 - huggin - DEBUG - Suppressed exception
Traceback (most recent call last):
  File "C:\Users\allie\Coding Projects\huggin_suite\huggin\app\core\scope_manager.py", line 62, in _parse_scope_text
    ipaddress.IPv4Address(item)
    ~~~~~~~~~~~~~~~~~~~~~^^^^^^
  File "C:\Users\allie\anaconda3\Lib\ipaddress.py", line 1319, in __init__
    self._ip = self._ip_int_from_string(addr_str)
               ~~~~~~~~~~~~~~~~~~~~~~~~^^^^^^^^^^
  File "C:\Users\allie\anaconda3\Lib\ipaddress.py", line 1206, in _ip_int_from_string
    raise AddressValueError("Expected 4 octets in %r" % ip_str)
ipaddress.AddressValueError: Expected 4 octets in '*.lab.local'
2026-05-14 22:41:02 - huggin - DEBUG - Suppressed exception
Traceback (most recent call last):
  File "C:\Users\allie\Coding Projects\huggin_suite\huggin\app\core\scope_manager.py", line 62, in _parse_scope_text
    ipaddress.IPv4Address(item)
    ~~~~~~~~~~~~~~~~~~~~~^^^^^^
  File "C:\Users\allie\anaconda3\Lib\ipaddress.py", line 1319, in __init__
    self._ip = self._ip_int_from_string(addr_str)
               ~~~~~~~~~~~~~~~~~~~~~~~~^^^^^^^^^^
  File "C:\Users\allie\anaconda3\Lib\ipaddress.py", line 1206, in _ip_int_from_string
    raise AddressValueError("Expected 4 octets in %r" % ip_str)
ipaddress.AddressValueError: Expected 4 octets in '*.lab.local'
2026-05-14 22:41:02 - huggin - DEBUG - Credentials saved (encrypted) for profile 'LAB'
2026-05-14 22:41:02 - huggin - DEBUG - Credentials saved (encrypted) for profile 'LAB'
2026-05-14 22:41:02 - huggin - DEBUG - Credentials saved (encrypted) for profile 'LAB'
2026-05-14 22:41:02 - huggin - DEBUG - Suppressed exception
Traceback (most recent call last):
  File "C:\Users\allie\Coding Projects\huggin_suite\huggin\app\core\scope_manager.py", line 62, in _parse_scope_text
    ipaddress.IPv4Address(item)
    ~~~~~~~~~~~~~~~~~~~~~^^^^^^
  File "C:\Users\allie\anaconda3\Lib\ipaddress.py", line 1319, in __init__
    self._ip = self._ip_int_from_string(addr_str)
               ~~~~~~~~~~~~~~~~~~~~~~~~^^^^^^^^^^
  File "C:\Users\allie\anaconda3\Lib\ipaddress.py", line 1206, in _ip_int_from_string
    raise AddressValueError("Expected 4 octets in %r" % ip_str)
ipaddress.AddressValueError: Expected 4 octets in '*.lab.local'
2026-05-14 22:41:05 - huggin - DEBUG - Suppressed exception
Traceback (most recent call last):
  File "C:\Users\allie\Coding Projects\huggin_suite\huggin\app\core\asset_manager.py", line 100, in init_database
    conn.execute("ALTER TABLE assets ADD COLUMN fqdn TEXT DEFAULT ''")
    ~~~~~~~~~~~~^^^^^^^^^^^^^^^^^^^^^^^^^^^^^^^^^^^^^^^^^^^^^^^^^^^^^^
sqlite3.OperationalError: duplicate column name: fqdn
2026-05-14 22:41:05 - huggin - DEBUG - Suppressed exception
Traceback (most recent call last):
  File "C:\Users\allie\Coding Projects\huggin_suite\huggin\app\core\asset_manager.py", line 107, in init_database
    conn.execute("ALTER TABLE assets ADD COLUMN mac_address TEXT DEFAULT ''")
    ~~~~~~~~~~~~^^^^^^^^^^^^^^^^^^^^^^^^^^^^^^^^^^^^^^^^^^^^^^^^^^^^^^^^^^^^^
sqlite3.OperationalError: duplicate column name: mac_address
2026-05-14 22:41:05 - huggin - DEBUG - Suppressed exception
Traceback (most recent call last):
  File "C:\Users\allie\Coding Projects\huggin_suite\huggin\app\core\asset_manager.py", line 114, in init_database
    conn.execute("ALTER TABLE assets ADD COLUMN vendor TEXT DEFAULT ''")
    ~~~~~~~~~~~~^^^^^^^^^^^^^^^^^^^^^^^^^^^^^^^^^^^^^^^^^^^^^^^^^^^^^^^^
sqlite3.OperationalError: duplicate column name: vendor
2026-05-14 22:41:05 - huggin - DEBUG - Suppressed exception
Traceback (most recent call last):
  File "C:\Users\allie\Coding Projects\huggin_suite\huggin\app\core\asset_manager.py", line 121, in init_database
    conn.execute("ALTER TABLE assets ADD COLUMN notes TEXT DEFAULT ''")
    ~~~~~~~~~~~~^^^^^^^^^^^^^^^^^^^^^^^^^^^^^^^^^^^^^^^^^^^^^^^^^^^^^^^
sqlite3.OperationalError: duplicate column name: notes
2026-05-14 22:41:05 - huggin - ERROR - Unhandled exception:
Traceback (most recent call last):
  File "C:\Users\allie\Coding Projects\huggin_suite\huggin\app\main_window\components\menu_manager.py", line 98, in <lambda>
    self._add_action(view_menu, '&Inventory', 'Ctrl+Shift+I', 'View and manage discovered assets', lambda: self.main_window.navigate_to('inventory'))
                                                                                                           ~~~~~~~~~~~~~~~~~~~~~~~~~~~~^^^^^^^^^^^^^
  File "C:\Users\allie\Coding Projects\huggin_suite\huggin\app\main_window\main_window_refactored.py", line 393, in navigate_to
    page = self.page_manager.get_page(page_name)
  File "C:\Users\allie\Coding Projects\huggin_suite\huggin\app\core\lazy_initialization.py", line 22, in get_page
    self.initialized_pages[name] = self.page_factories[name]()
                                   ~~~~~~~~~~~~~~~~~~~~~~~~~^^
  File "C:\Users\allie\Coding Projects\huggin_suite\huggin\app\main_window\main_window_refactored.py", line 179, in <lambda>
    self.page_manager.register_page('inventory', lambda: self._create_inventory())
                                                         ~~~~~~~~~~~~~~~~~~~~~~^^
  File "C:\Users\allie\Coding Projects\huggin_suite\huggin\app\main_window\main_window_refactored.py", line 229, in _create_inventory
    page = InventoryPage(self)
  File "C:\Users\allie\Coding Projects\huggin_suite\huggin\app\pages\inventory_page.py", line 25, in __init__
    self._setup_ui()
    ~~~~~~~~~~~~~~^^
  File "C:\Users\allie\Coding Projects\huggin_suite\huggin\app\pages\inventory_page.py", line 79, in _setup_ui
    self.asset_table = self._build_table()
                       ~~~~~~~~~~~~~~~~~^^
  File "C:\Users\allie\Coding Projects\huggin_suite\huggin\app\pages\inventory_page.py", line 224, in _build_table
    table.setMinimumSectionSize(50)
    ^^^^^^^^^^^^^^^^^^^^^^^^^^^
AttributeError: 'QTableWidget' object has no attribute 'setMinimumSectionSize'

2026-05-14 22:41:16 - huggin - DEBUG - Memory monitoring stopped
2026-05-14 22:41:16 - huggin - DEBUG - Connection pool closed all sessions
2026-05-14 22:41:16 - huggin - INFO - Update manager stopped during cleanup
2026-05-14 22:41:24 - huggin - INFO - License saved successfully
2026-05-14 22:41:24 - huggin - INFO - License loaded and validated successfully
2026-05-14 22:41:24 - huggin - INFO - Application starting...
2026-05-14 22:41:24 - huggin - INFO - Font loaded successfully
2026-05-14 22:41:24 - huggin - INFO - Stylesheet loaded successfully
2026-05-14 22:41:24 - huggin - INFO - Creating main window...
2026-05-14 22:41:24 - huggin - INFO - QThreadPool max threads set to 32 (CPUs: 32)
2026-05-14 22:41:24 - huggin - INFO - Custom font 'Neuropol X' loaded from C:\Users\allie\Coding Projects\huggin_suite\huggin\resources\fonts\neuropol.otf
2026-05-14 22:41:24 - huggin - DEBUG - Suppressed exception
Traceback (most recent call last):
  File "C:\Users\allie\Coding Projects\huggin_suite\huggin\app\pages\page_registry.py", line 45, in register_all_pages
    from app.pages.db_attacks_page import DBAttacksPage
ImportError: cannot import name 'DBAttacksPage' from 'app.pages.db_attacks_page' (C:\Users\allie\Coding Projects\huggin_suite\huggin\app\pages\db_attacks_page.py)
2026-05-14 22:41:26 - huggin - DEBUG - Credentials loaded for profile 'default'
2026-05-14 22:41:28 - huggin - DEBUG - Credentials saved (encrypted) for profile 'default'
2026-05-14 22:41:28 - huggin - DEBUG - Credentials loaded for profile 'LAB'
2026-05-14 22:41:28 - huggin - DEBUG - Suppressed exception
Traceback (most recent call last):
  File "C:\Users\allie\Coding Projects\huggin_suite\huggin\app\core\scope_manager.py", line 62, in _parse_scope_text
    ipaddress.IPv4Address(item)
    ~~~~~~~~~~~~~~~~~~~~~^^^^^^
  File "C:\Users\allie\anaconda3\Lib\ipaddress.py", line 1319, in __init__
    self._ip = self._ip_int_from_string(addr_str)
               ~~~~~~~~~~~~~~~~~~~~~~~~^^^^^^^^^^
  File "C:\Users\allie\anaconda3\Lib\ipaddress.py", line 1206, in _ip_int_from_string
    raise AddressValueError("Expected 4 octets in %r" % ip_str)
ipaddress.AddressValueError: Expected 4 octets in '*.lab.local'
2026-05-14 22:41:28 - huggin - DEBUG - Suppressed exception
Traceback (most recent call last):
  File "C:\Users\allie\Coding Projects\huggin_suite\huggin\app\core\scope_manager.py", line 62, in _parse_scope_text
    ipaddress.IPv4Address(item)
    ~~~~~~~~~~~~~~~~~~~~~^^^^^^
  File "C:\Users\allie\anaconda3\Lib\ipaddress.py", line 1319, in __init__
    self._ip = self._ip_int_from_string(addr_str)
               ~~~~~~~~~~~~~~~~~~~~~~~~^^^^^^^^^^
  File "C:\Users\allie\anaconda3\Lib\ipaddress.py", line 1206, in _ip_int_from_string
    raise AddressValueError("Expected 4 octets in %r" % ip_str)
ipaddress.AddressValueError: Expected 4 octets in '*.lab.local'
2026-05-14 22:41:28 - huggin - DEBUG - Credentials saved (encrypted) for profile 'LAB'
2026-05-14 22:41:28 - huggin - DEBUG - Credentials saved (encrypted) for profile 'LAB'
2026-05-14 22:41:28 - huggin - DEBUG - Credentials saved (encrypted) for profile 'LAB'
2026-05-14 22:41:28 - huggin - DEBUG - Suppressed exception
Traceback (most recent call last):
  File "C:\Users\allie\Coding Projects\huggin_suite\huggin\app\core\scope_manager.py", line 62, in _parse_scope_text
    ipaddress.IPv4Address(item)
    ~~~~~~~~~~~~~~~~~~~~~^^^^^^
  File "C:\Users\allie\anaconda3\Lib\ipaddress.py", line 1319, in __init__
    self._ip = self._ip_int_from_string(addr_str)
               ~~~~~~~~~~~~~~~~~~~~~~~~^^^^^^^^^^
  File "C:\Users\allie\anaconda3\Lib\ipaddress.py", line 1206, in _ip_int_from_string
    raise AddressValueError("Expected 4 octets in %r" % ip_str)
ipaddress.AddressValueError: Expected 4 octets in '*.lab.local'
2026-05-14 22:41:30 - huggin - DEBUG - Suppressed exception
Traceback (most recent call last):
  File "C:\Users\allie\Coding Projects\huggin_suite\huggin\app\core\asset_manager.py", line 100, in init_database
    conn.execute("ALTER TABLE assets ADD COLUMN fqdn TEXT DEFAULT ''")
    ~~~~~~~~~~~~^^^^^^^^^^^^^^^^^^^^^^^^^^^^^^^^^^^^^^^^^^^^^^^^^^^^^^
sqlite3.OperationalError: duplicate column name: fqdn
2026-05-14 22:41:30 - huggin - DEBUG - Suppressed exception
Traceback (most recent call last):
  File "C:\Users\allie\Coding Projects\huggin_suite\huggin\app\core\asset_manager.py", line 107, in init_database
    conn.execute("ALTER TABLE assets ADD COLUMN mac_address TEXT DEFAULT ''")
    ~~~~~~~~~~~~^^^^^^^^^^^^^^^^^^^^^^^^^^^^^^^^^^^^^^^^^^^^^^^^^^^^^^^^^^^^^
sqlite3.OperationalError: duplicate column name: mac_address
2026-05-14 22:41:30 - huggin - DEBUG - Suppressed exception
Traceback (most recent call last):
  File "C:\Users\allie\Coding Projects\huggin_suite\huggin\app\core\asset_manager.py", line 114, in init_database
    conn.execute("ALTER TABLE assets ADD COLUMN vendor TEXT DEFAULT ''")
    ~~~~~~~~~~~~^^^^^^^^^^^^^^^^^^^^^^^^^^^^^^^^^^^^^^^^^^^^^^^^^^^^^^^^
sqlite3.OperationalError: duplicate column name: vendor
2026-05-14 22:41:30 - huggin - DEBUG - Suppressed exception
Traceback (most recent call last):
  File "C:\Users\allie\Coding Projects\huggin_suite\huggin\app\core\asset_manager.py", line 121, in init_database
    conn.execute("ALTER TABLE assets ADD COLUMN notes TEXT DEFAULT ''")
    ~~~~~~~~~~~~^^^^^^^^^^^^^^^^^^^^^^^^^^^^^^^^^^^^^^^^^^^^^^^^^^^^^^^
sqlite3.OperationalError: duplicate column name: notes
2026-05-14 22:41:30 - huggin - ERROR - Unhandled exception:
Traceback (most recent call last):
  File "C:\Users\allie\Coding Projects\huggin_suite\huggin\app\main_window\components\menu_manager.py", line 98, in <lambda>
    self._add_action(view_menu, '&Inventory', 'Ctrl+Shift+I', 'View and manage discovered assets', lambda: self.main_window.navigate_to('inventory'))
                                                                                                           ~~~~~~~~~~~~~~~~~~~~~~~~~~~~^^^^^^^^^^^^^
  File "C:\Users\allie\Coding Projects\huggin_suite\huggin\app\main_window\main_window_refactored.py", line 393, in navigate_to
    page = self.page_manager.get_page(page_name)
  File "C:\Users\allie\Coding Projects\huggin_suite\huggin\app\core\lazy_initialization.py", line 22, in get_page
    self.initialized_pages[name] = self.page_factories[name]()
                                   ~~~~~~~~~~~~~~~~~~~~~~~~~^^
  File "C:\Users\allie\Coding Projects\huggin_suite\huggin\app\main_window\main_window_refactored.py", line 179, in <lambda>
    self.page_manager.register_page('inventory', lambda: self._create_inventory())
                                                         ~~~~~~~~~~~~~~~~~~~~~~^^
  File "C:\Users\allie\Coding Projects\huggin_suite\huggin\app\main_window\main_window_refactored.py", line 229, in _create_inventory
    page = InventoryPage(self)
  File "C:\Users\allie\Coding Projects\huggin_suite\huggin\app\pages\inventory_page.py", line 25, in __init__
    self._setup_ui()
    ~~~~~~~~~~~~~~^^
  File "C:\Users\allie\Coding Projects\huggin_suite\huggin\app\pages\inventory_page.py", line 79, in _setup_ui
    self.asset_table = self._build_table()
                       ~~~~~~~~~~~~~~~~~^^
  File "C:\Users\allie\Coding Projects\huggin_suite\huggin\app\pages\inventory_page.py", line 224, in _build_table
    table.setMinimumSectionSize(50)
    ^^^^^^^^^^^^^^^^^^^^^^^^^^^
AttributeError: 'QTableWidget' object has no attribute 'setMinimumSectionSize'

2026-05-14 22:41:34 - huggin - DEBUG - Memory monitoring stopped
2026-05-14 22:41:34 - huggin - DEBUG - Connection pool closed all sessions
2026-05-14 22:41:34 - huggin - INFO - Update manager stopped during cleanup
2026-05-14 22:41:44 - huggin - DEBUG - Suppressed exception
Traceback (most recent call last):
  File "c:\Users\allie\Coding Projects\huggin_suite\huggin\app\core\asset_manager.py", line 100, in init_database
    conn.execute("ALTER TABLE assets ADD COLUMN fqdn TEXT DEFAULT ''")
    ~~~~~~~~~~~~^^^^^^^^^^^^^^^^^^^^^^^^^^^^^^^^^^^^^^^^^^^^^^^^^^^^^^
sqlite3.OperationalError: duplicate column name: fqdn
2026-05-14 22:41:44 - huggin - DEBUG - Suppressed exception
Traceback (most recent call last):
  File "c:\Users\allie\Coding Projects\huggin_suite\huggin\app\core\asset_manager.py", line 107, in init_database
    conn.execute("ALTER TABLE assets ADD COLUMN mac_address TEXT DEFAULT ''")
    ~~~~~~~~~~~~^^^^^^^^^^^^^^^^^^^^^^^^^^^^^^^^^^^^^^^^^^^^^^^^^^^^^^^^^^^^^
sqlite3.OperationalError: duplicate column name: mac_address
2026-05-14 22:41:44 - huggin - DEBUG - Suppressed exception
Traceback (most recent call last):
  File "c:\Users\allie\Coding Projects\huggin_suite\huggin\app\core\asset_manager.py", line 114, in init_database
    conn.execute("ALTER TABLE assets ADD COLUMN vendor TEXT DEFAULT ''")
    ~~~~~~~~~~~~^^^^^^^^^^^^^^^^^^^^^^^^^^^^^^^^^^^^^^^^^^^^^^^^^^^^^^^^
sqlite3.OperationalError: duplicate column name: vendor
2026-05-14 22:41:44 - huggin - DEBUG - Suppressed exception
Traceback (most recent call last):
  File "c:\Users\allie\Coding Projects\huggin_suite\huggin\app\core\asset_manager.py", line 121, in init_database
    conn.execute("ALTER TABLE assets ADD COLUMN notes TEXT DEFAULT ''")
    ~~~~~~~~~~~~^^^^^^^^^^^^^^^^^^^^^^^^^^^^^^^^^^^^^^^^^^^^^^^^^^^^^^^
sqlite3.OperationalError: duplicate column name: notes
2026-05-14 22:41:44 - huggin - INFO - Using default configuration
2026-05-14 22:41:46 - huggin - INFO - License saved successfully
2026-05-14 22:41:46 - huggin - INFO - License loaded and validated successfully
2026-05-14 22:41:52 - huggin - INFO - License saved successfully
2026-05-14 22:41:52 - huggin - INFO - License loaded and validated successfully
2026-05-14 22:41:52 - huggin - INFO - Application starting...
2026-05-14 22:41:52 - huggin - INFO - Font loaded successfully
2026-05-14 22:41:52 - huggin - INFO - Stylesheet loaded successfully
2026-05-14 22:41:52 - huggin - INFO - Creating main window...
2026-05-14 22:41:52 - huggin - INFO - QThreadPool max threads set to 32 (CPUs: 32)
2026-05-14 22:41:52 - huggin - INFO - Custom font 'Neuropol X' loaded from C:\Users\allie\Coding Projects\huggin_suite\huggin\resources\fonts\neuropol.otf
2026-05-14 22:41:52 - huggin - DEBUG - Suppressed exception
Traceback (most recent call last):
  File "C:\Users\allie\Coding Projects\huggin_suite\huggin\app\pages\page_registry.py", line 45, in register_all_pages
    from app.pages.db_attacks_page import DBAttacksPage
ImportError: cannot import name 'DBAttacksPage' from 'app.pages.db_attacks_page' (C:\Users\allie\Coding Projects\huggin_suite\huggin\app\pages\db_attacks_page.py)
2026-05-14 22:41:54 - huggin - DEBUG - Credentials loaded for profile 'default'
2026-05-14 22:41:55 - huggin - DEBUG - Credentials saved (encrypted) for profile 'default'
2026-05-14 22:41:55 - huggin - DEBUG - Credentials loaded for profile 'LAB'
2026-05-14 22:41:55 - huggin - DEBUG - Suppressed exception
Traceback (most recent call last):
  File "C:\Users\allie\Coding Projects\huggin_suite\huggin\app\core\scope_manager.py", line 62, in _parse_scope_text
    ipaddress.IPv4Address(item)
    ~~~~~~~~~~~~~~~~~~~~~^^^^^^
  File "C:\Users\allie\anaconda3\Lib\ipaddress.py", line 1319, in __init__
    self._ip = self._ip_int_from_string(addr_str)
               ~~~~~~~~~~~~~~~~~~~~~~~~^^^^^^^^^^
  File "C:\Users\allie\anaconda3\Lib\ipaddress.py", line 1206, in _ip_int_from_string
    raise AddressValueError("Expected 4 octets in %r" % ip_str)
ipaddress.AddressValueError: Expected 4 octets in '*.lab.local'
2026-05-14 22:41:55 - huggin - DEBUG - Suppressed exception
Traceback (most recent call last):
  File "C:\Users\allie\Coding Projects\huggin_suite\huggin\app\core\scope_manager.py", line 62, in _parse_scope_text
    ipaddress.IPv4Address(item)
    ~~~~~~~~~~~~~~~~~~~~~^^^^^^
  File "C:\Users\allie\anaconda3\Lib\ipaddress.py", line 1319, in __init__
    self._ip = self._ip_int_from_string(addr_str)
               ~~~~~~~~~~~~~~~~~~~~~~~~^^^^^^^^^^
  File "C:\Users\allie\anaconda3\Lib\ipaddress.py", line 1206, in _ip_int_from_string
    raise AddressValueError("Expected 4 octets in %r" % ip_str)
ipaddress.AddressValueError: Expected 4 octets in '*.lab.local'
2026-05-14 22:41:55 - huggin - DEBUG - Credentials saved (encrypted) for profile 'LAB'
2026-05-14 22:41:55 - huggin - DEBUG - Credentials saved (encrypted) for profile 'LAB'
2026-05-14 22:41:55 - huggin - DEBUG - Credentials saved (encrypted) for profile 'LAB'
2026-05-14 22:41:55 - huggin - DEBUG - Suppressed exception
Traceback (most recent call last):
  File "C:\Users\allie\Coding Projects\huggin_suite\huggin\app\core\scope_manager.py", line 62, in _parse_scope_text
    ipaddress.IPv4Address(item)
    ~~~~~~~~~~~~~~~~~~~~~^^^^^^
  File "C:\Users\allie\anaconda3\Lib\ipaddress.py", line 1319, in __init__
    self._ip = self._ip_int_from_string(addr_str)
               ~~~~~~~~~~~~~~~~~~~~~~~~^^^^^^^^^^
  File "C:\Users\allie\anaconda3\Lib\ipaddress.py", line 1206, in _ip_int_from_string
    raise AddressValueError("Expected 4 octets in %r" % ip_str)
ipaddress.AddressValueError: Expected 4 octets in '*.lab.local'
2026-05-14 22:41:58 - huggin - DEBUG - Suppressed exception
Traceback (most recent call last):
  File "C:\Users\allie\Coding Projects\huggin_suite\huggin\app\core\asset_manager.py", line 100, in init_database
    conn.execute("ALTER TABLE assets ADD COLUMN fqdn TEXT DEFAULT ''")
    ~~~~~~~~~~~~^^^^^^^^^^^^^^^^^^^^^^^^^^^^^^^^^^^^^^^^^^^^^^^^^^^^^^
sqlite3.OperationalError: duplicate column name: fqdn
2026-05-14 22:41:58 - huggin - DEBUG - Suppressed exception
Traceback (most recent call last):
  File "C:\Users\allie\Coding Projects\huggin_suite\huggin\app\core\asset_manager.py", line 107, in init_database
    conn.execute("ALTER TABLE assets ADD COLUMN mac_address TEXT DEFAULT ''")
    ~~~~~~~~~~~~^^^^^^^^^^^^^^^^^^^^^^^^^^^^^^^^^^^^^^^^^^^^^^^^^^^^^^^^^^^^^
sqlite3.OperationalError: duplicate column name: mac_address
2026-05-14 22:41:58 - huggin - DEBUG - Suppressed exception
Traceback (most recent call last):
  File "C:\Users\allie\Coding Projects\huggin_suite\huggin\app\core\asset_manager.py", line 114, in init_database
    conn.execute("ALTER TABLE assets ADD COLUMN vendor TEXT DEFAULT ''")
    ~~~~~~~~~~~~^^^^^^^^^^^^^^^^^^^^^^^^^^^^^^^^^^^^^^^^^^^^^^^^^^^^^^^^
sqlite3.OperationalError: duplicate column name: vendor
2026-05-14 22:41:58 - huggin - DEBUG - Suppressed exception
Traceback (most recent call last):
  File "C:\Users\allie\Coding Projects\huggin_suite\huggin\app\core\asset_manager.py", line 121, in init_database
    conn.execute("ALTER TABLE assets ADD COLUMN notes TEXT DEFAULT ''")
    ~~~~~~~~~~~~^^^^^^^^^^^^^^^^^^^^^^^^^^^^^^^^^^^^^^^^^^^^^^^^^^^^^^^
sqlite3.OperationalError: duplicate column name: notes
2026-05-14 22:45:20 - huggin - DEBUG - Memory monitoring stopped
2026-05-14 22:45:20 - huggin - DEBUG - Connection pool closed all sessions
2026-05-14 22:45:20 - huggin - INFO - Update manager stopped during cleanup
2026-05-14 22:46:06 - huggin - DEBUG - Suppressed exception
Traceback (most recent call last):
  File "c:\Users\allie\Coding Projects\huggin_suite\huggin\app\core\asset_manager.py", line 100, in init_database
    conn.execute("ALTER TABLE assets ADD COLUMN fqdn TEXT DEFAULT ''")
    ~~~~~~~~~~~~^^^^^^^^^^^^^^^^^^^^^^^^^^^^^^^^^^^^^^^^^^^^^^^^^^^^^^
sqlite3.OperationalError: duplicate column name: fqdn
2026-05-14 22:46:06 - huggin - DEBUG - Suppressed exception
Traceback (most recent call last):
  File "c:\Users\allie\Coding Projects\huggin_suite\huggin\app\core\asset_manager.py", line 107, in init_database
    conn.execute("ALTER TABLE assets ADD COLUMN mac_address TEXT DEFAULT ''")
    ~~~~~~~~~~~~^^^^^^^^^^^^^^^^^^^^^^^^^^^^^^^^^^^^^^^^^^^^^^^^^^^^^^^^^^^^^
sqlite3.OperationalError: duplicate column name: mac_address
2026-05-14 22:46:06 - huggin - DEBUG - Suppressed exception
Traceback (most recent call last):
  File "c:\Users\allie\Coding Projects\huggin_suite\huggin\app\core\asset_manager.py", line 114, in init_database
    conn.execute("ALTER TABLE assets ADD COLUMN vendor TEXT DEFAULT ''")
    ~~~~~~~~~~~~^^^^^^^^^^^^^^^^^^^^^^^^^^^^^^^^^^^^^^^^^^^^^^^^^^^^^^^^
sqlite3.OperationalError: duplicate column name: vendor
2026-05-14 22:46:06 - huggin - DEBUG - Suppressed exception
Traceback (most recent call last):
  File "c:\Users\allie\Coding Projects\huggin_suite\huggin\app\core\asset_manager.py", line 121, in init_database
    conn.execute("ALTER TABLE assets ADD COLUMN notes TEXT DEFAULT ''")
    ~~~~~~~~~~~~^^^^^^^^^^^^^^^^^^^^^^^^^^^^^^^^^^^^^^^^^^^^^^^^^^^^^^^
sqlite3.OperationalError: duplicate column name: notes
2026-05-14 22:46:06 - huggin - INFO - Using default configuration
2026-05-14 22:46:09 - huggin - INFO - License saved successfully
2026-05-14 22:46:09 - huggin - INFO - License loaded and validated successfully
2026-05-14 22:46:16 - huggin - DEBUG - Suppressed exception
Traceback (most recent call last):
  File "c:\Users\allie\Coding Projects\huggin_suite\huggin\app\core\asset_manager.py", line 100, in init_database
    conn.execute("ALTER TABLE assets ADD COLUMN fqdn TEXT DEFAULT ''")
    ~~~~~~~~~~~~^^^^^^^^^^^^^^^^^^^^^^^^^^^^^^^^^^^^^^^^^^^^^^^^^^^^^^
sqlite3.OperationalError: duplicate column name: fqdn
2026-05-14 22:46:16 - huggin - DEBUG - Suppressed exception
Traceback (most recent call last):
  File "c:\Users\allie\Coding Projects\huggin_suite\huggin\app\core\asset_manager.py", line 107, in init_database
    conn.execute("ALTER TABLE assets ADD COLUMN mac_address TEXT DEFAULT ''")
    ~~~~~~~~~~~~^^^^^^^^^^^^^^^^^^^^^^^^^^^^^^^^^^^^^^^^^^^^^^^^^^^^^^^^^^^^^
sqlite3.OperationalError: duplicate column name: mac_address
2026-05-14 22:46:16 - huggin - DEBUG - Suppressed exception
Traceback (most recent call last):
  File "c:\Users\allie\Coding Projects\huggin_suite\huggin\app\core\asset_manager.py", line 114, in init_database
    conn.execute("ALTER TABLE assets ADD COLUMN vendor TEXT DEFAULT ''")
    ~~~~~~~~~~~~^^^^^^^^^^^^^^^^^^^^^^^^^^^^^^^^^^^^^^^^^^^^^^^^^^^^^^^^
sqlite3.OperationalError: duplicate column name: vendor
2026-05-14 22:46:16 - huggin - DEBUG - Suppressed exception
Traceback (most recent call last):
  File "c:\Users\allie\Coding Projects\huggin_suite\huggin\app\core\asset_manager.py", line 121, in init_database
    conn.execute("ALTER TABLE assets ADD COLUMN notes TEXT DEFAULT ''")
    ~~~~~~~~~~~~^^^^^^^^^^^^^^^^^^^^^^^^^^^^^^^^^^^^^^^^^^^^^^^^^^^^^^^
sqlite3.OperationalError: duplicate column name: notes
2026-05-14 22:46:16 - huggin - INFO - Using default configuration
2026-05-14 22:46:18 - huggin - INFO - License saved successfully
2026-05-14 22:46:18 - huggin - INFO - License loaded and validated successfully
2026-05-14 22:46:29 - huggin - DEBUG - Suppressed exception
Traceback (most recent call last):
  File "C:\Users\allie\Coding Projects\huggin_suite\huggin\app\core\asset_manager.py", line 100, in init_database
    conn.execute("ALTER TABLE assets ADD COLUMN fqdn TEXT DEFAULT ''")
    ~~~~~~~~~~~~^^^^^^^^^^^^^^^^^^^^^^^^^^^^^^^^^^^^^^^^^^^^^^^^^^^^^^
sqlite3.OperationalError: duplicate column name: fqdn
2026-05-14 22:46:29 - huggin - DEBUG - Suppressed exception
Traceback (most recent call last):
  File "C:\Users\allie\Coding Projects\huggin_suite\huggin\app\core\asset_manager.py", line 107, in init_database
    conn.execute("ALTER TABLE assets ADD COLUMN mac_address TEXT DEFAULT ''")
    ~~~~~~~~~~~~^^^^^^^^^^^^^^^^^^^^^^^^^^^^^^^^^^^^^^^^^^^^^^^^^^^^^^^^^^^^^
sqlite3.OperationalError: duplicate column name: mac_address
2026-05-14 22:46:29 - huggin - DEBUG - Suppressed exception
Traceback (most recent call last):
  File "C:\Users\allie\Coding Projects\huggin_suite\huggin\app\core\asset_manager.py", line 114, in init_database
    conn.execute("ALTER TABLE assets ADD COLUMN vendor TEXT DEFAULT ''")
    ~~~~~~~~~~~~^^^^^^^^^^^^^^^^^^^^^^^^^^^^^^^^^^^^^^^^^^^^^^^^^^^^^^^^
sqlite3.OperationalError: duplicate column name: vendor
2026-05-14 22:46:29 - huggin - DEBUG - Suppressed exception
Traceback (most recent call last):
  File "C:\Users\allie\Coding Projects\huggin_suite\huggin\app\core\asset_manager.py", line 121, in init_database
    conn.execute("ALTER TABLE assets ADD COLUMN notes TEXT DEFAULT ''")
    ~~~~~~~~~~~~^^^^^^^^^^^^^^^^^^^^^^^^^^^^^^^^^^^^^^^^^^^^^^^^^^^^^^^
sqlite3.OperationalError: duplicate column name: notes
2026-05-14 22:46:46 - huggin - INFO - License saved successfully
2026-05-14 22:46:46 - huggin - INFO - License loaded and validated successfully
2026-05-14 22:46:46 - huggin - INFO - Application starting...
2026-05-14 22:46:46 - huggin - INFO - Font loaded successfully
2026-05-14 22:46:46 - huggin - INFO - Stylesheet loaded successfully
2026-05-14 22:46:46 - huggin - INFO - Creating main window...
2026-05-14 22:46:46 - huggin - INFO - QThreadPool max threads set to 32 (CPUs: 32)
2026-05-14 22:46:46 - huggin - INFO - Custom font 'Neuropol X' loaded from C:\Users\allie\Coding Projects\huggin_suite\huggin\resources\fonts\neuropol.otf
2026-05-14 22:46:46 - huggin - DEBUG - Suppressed exception
Traceback (most recent call last):
  File "C:\Users\allie\Coding Projects\huggin_suite\huggin\app\pages\page_registry.py", line 45, in register_all_pages
    from app.pages.db_attacks_page import DBAttacksPage
ImportError: cannot import name 'DBAttacksPage' from 'app.pages.db_attacks_page' (C:\Users\allie\Coding Projects\huggin_suite\huggin\app\pages\db_attacks_page.py)
2026-05-14 22:46:47 - huggin - DEBUG - Credentials loaded for profile 'default'
2026-05-14 22:46:51 - huggin - DEBUG - Credentials saved (encrypted) for profile 'default'
2026-05-14 22:46:51 - huggin - DEBUG - Credentials loaded for profile 'LAB'
2026-05-14 22:46:51 - huggin - DEBUG - Suppressed exception
Traceback (most recent call last):
  File "C:\Users\allie\Coding Projects\huggin_suite\huggin\app\core\scope_manager.py", line 62, in _parse_scope_text
    ipaddress.IPv4Address(item)
    ~~~~~~~~~~~~~~~~~~~~~^^^^^^
  File "C:\Users\allie\anaconda3\Lib\ipaddress.py", line 1319, in __init__
    self._ip = self._ip_int_from_string(addr_str)
               ~~~~~~~~~~~~~~~~~~~~~~~~^^^^^^^^^^
  File "C:\Users\allie\anaconda3\Lib\ipaddress.py", line 1206, in _ip_int_from_string
    raise AddressValueError("Expected 4 octets in %r" % ip_str)
ipaddress.AddressValueError: Expected 4 octets in '*.lab.local'
2026-05-14 22:46:51 - huggin - DEBUG - Suppressed exception
Traceback (most recent call last):
  File "C:\Users\allie\Coding Projects\huggin_suite\huggin\app\core\scope_manager.py", line 62, in _parse_scope_text
    ipaddress.IPv4Address(item)
    ~~~~~~~~~~~~~~~~~~~~~^^^^^^
  File "C:\Users\allie\anaconda3\Lib\ipaddress.py", line 1319, in __init__
    self._ip = self._ip_int_from_string(addr_str)
               ~~~~~~~~~~~~~~~~~~~~~~~~^^^^^^^^^^
  File "C:\Users\allie\anaconda3\Lib\ipaddress.py", line 1206, in _ip_int_from_string
    raise AddressValueError("Expected 4 octets in %r" % ip_str)
ipaddress.AddressValueError: Expected 4 octets in '*.lab.local'
2026-05-14 22:46:51 - huggin - DEBUG - Credentials saved (encrypted) for profile 'LAB'
2026-05-14 22:46:51 - huggin - DEBUG - Credentials saved (encrypted) for profile 'LAB'
2026-05-14 22:46:51 - huggin - DEBUG - Credentials saved (encrypted) for profile 'LAB'
2026-05-14 22:46:51 - huggin - ERROR - Unhandled exception:
Traceback (most recent call last):
  File "C:\Users\allie\Coding Projects\huggin_suite\huggin\app\pages\attack_chain_home.py", line 778, in on_profile_selected
    self.refresh_credential_display()
    ~~~~~~~~~~~~~~~~~~~~~~~~~~~~~~~^^
  File "C:\Users\allie\Coding Projects\huggin_suite\huggin\app\pages\attack_chain_home.py", line 1452, in refresh_credential_display
    self.cred_table.setRowCount(len(credential_manager.credentials))
    ^^^^^^^^^^^^^^^
AttributeError: 'AttackChainHomePage' object has no attribute 'cred_table'. Did you mean: 'target_table'?

2026-05-14 22:47:11 - huggin - DEBUG - Memory monitoring stopped
2026-05-14 22:47:11 - huggin - DEBUG - Connection pool closed all sessions
2026-05-14 22:47:11 - huggin - INFO - Update manager stopped during cleanup
2026-05-14 22:47:59 - huggin - INFO - License saved successfully
2026-05-14 22:47:59 - huggin - INFO - License loaded and validated successfully
2026-05-14 22:48:00 - huggin - INFO - Application starting...
2026-05-14 22:48:00 - huggin - INFO - Font loaded successfully
2026-05-14 22:48:00 - huggin - INFO - Stylesheet loaded successfully
2026-05-14 22:48:00 - huggin - INFO - Creating main window...
2026-05-14 22:48:00 - huggin - INFO - QThreadPool max threads set to 32 (CPUs: 32)
2026-05-14 22:48:00 - huggin - INFO - Custom font 'Neuropol X' loaded from C:\Users\allie\Coding Projects\huggin_suite\huggin\resources\fonts\neuropol.otf
2026-05-14 22:48:00 - huggin - DEBUG - Suppressed exception
Traceback (most recent call last):
  File "C:\Users\allie\Coding Projects\huggin_suite\huggin\app\pages\page_registry.py", line 45, in register_all_pages
    from app.pages.db_attacks_page import DBAttacksPage
ImportError: cannot import name 'DBAttacksPage' from 'app.pages.db_attacks_page' (C:\Users\allie\Coding Projects\huggin_suite\huggin\app\pages\db_attacks_page.py)
2026-05-14 22:48:01 - huggin - DEBUG - Credentials loaded for profile 'default'
2026-05-14 22:48:05 - huggin - DEBUG - Credentials saved (encrypted) for profile 'default'
2026-05-14 22:48:05 - huggin - DEBUG - Credentials loaded for profile 'LAB'
2026-05-14 22:48:05 - huggin - DEBUG - Suppressed exception
Traceback (most recent call last):
  File "C:\Users\allie\Coding Projects\huggin_suite\huggin\app\core\scope_manager.py", line 62, in _parse_scope_text
    ipaddress.IPv4Address(item)
    ~~~~~~~~~~~~~~~~~~~~~^^^^^^
  File "C:\Users\allie\anaconda3\Lib\ipaddress.py", line 1319, in __init__
    self._ip = self._ip_int_from_string(addr_str)
               ~~~~~~~~~~~~~~~~~~~~~~~~^^^^^^^^^^
  File "C:\Users\allie\anaconda3\Lib\ipaddress.py", line 1206, in _ip_int_from_string
    raise AddressValueError("Expected 4 octets in %r" % ip_str)
ipaddress.AddressValueError: Expected 4 octets in '*.lab.local'
2026-05-14 22:48:05 - huggin - DEBUG - Suppressed exception
Traceback (most recent call last):
  File "C:\Users\allie\Coding Projects\huggin_suite\huggin\app\core\scope_manager.py", line 62, in _parse_scope_text
    ipaddress.IPv4Address(item)
    ~~~~~~~~~~~~~~~~~~~~~^^^^^^
  File "C:\Users\allie\anaconda3\Lib\ipaddress.py", line 1319, in __init__
    self._ip = self._ip_int_from_string(addr_str)
               ~~~~~~~~~~~~~~~~~~~~~~~~^^^^^^^^^^
  File "C:\Users\allie\anaconda3\Lib\ipaddress.py", line 1206, in _ip_int_from_string
    raise AddressValueError("Expected 4 octets in %r" % ip_str)
ipaddress.AddressValueError: Expected 4 octets in '*.lab.local'
2026-05-14 22:48:05 - huggin - DEBUG - Credentials saved (encrypted) for profile 'LAB'
2026-05-14 22:48:05 - huggin - DEBUG - Credentials saved (encrypted) for profile 'LAB'
2026-05-14 22:48:05 - huggin - DEBUG - Credentials saved (encrypted) for profile 'LAB'
2026-05-14 22:48:05 - huggin - ERROR - Unhandled exception:
Traceback (most recent call last):
  File "C:\Users\allie\Coding Projects\huggin_suite\huggin\app\pages\attack_chain_home.py", line 778, in on_profile_selected
    self.refresh_credential_display()
    ~~~~~~~~~~~~~~~~~~~~~~~~~~~~~~~^^
  File "C:\Users\allie\Coding Projects\huggin_suite\huggin\app\pages\attack_chain_home.py", line 1452, in refresh_credential_display
    self.cred_table.setRowCount(len(credential_manager.credentials))
    ^^^^^^^^^^^^^^^
AttributeError: 'AttackChainHomePage' object has no attribute 'cred_table'. Did you mean: 'target_table'?

2026-05-14 22:49:30 - huggin - DEBUG - Memory monitoring stopped
2026-05-14 22:49:30 - huggin - DEBUG - Connection pool closed all sessions
2026-05-14 22:49:30 - huggin - INFO - Update manager stopped during cleanup
2026-05-14 23:17:40 - huggin - DEBUG - Suppressed exception
Traceback (most recent call last):
  File "c:\Users\allie\Coding Projects\huggin_suite\huggin\app\core\asset_manager.py", line 100, in init_database
    conn.execute("ALTER TABLE assets ADD COLUMN fqdn TEXT DEFAULT ''")
    ~~~~~~~~~~~~^^^^^^^^^^^^^^^^^^^^^^^^^^^^^^^^^^^^^^^^^^^^^^^^^^^^^^
sqlite3.OperationalError: duplicate column name: fqdn
2026-05-14 23:17:40 - huggin - DEBUG - Suppressed exception
Traceback (most recent call last):
  File "c:\Users\allie\Coding Projects\huggin_suite\huggin\app\core\asset_manager.py", line 107, in init_database
    conn.execute("ALTER TABLE assets ADD COLUMN mac_address TEXT DEFAULT ''")
    ~~~~~~~~~~~~^^^^^^^^^^^^^^^^^^^^^^^^^^^^^^^^^^^^^^^^^^^^^^^^^^^^^^^^^^^^^
sqlite3.OperationalError: duplicate column name: mac_address
2026-05-14 23:17:40 - huggin - DEBUG - Suppressed exception
Traceback (most recent call last):
  File "c:\Users\allie\Coding Projects\huggin_suite\huggin\app\core\asset_manager.py", line 114, in init_database
    conn.execute("ALTER TABLE assets ADD COLUMN vendor TEXT DEFAULT ''")
    ~~~~~~~~~~~~^^^^^^^^^^^^^^^^^^^^^^^^^^^^^^^^^^^^^^^^^^^^^^^^^^^^^^^^
sqlite3.OperationalError: duplicate column name: vendor
2026-05-14 23:17:40 - huggin - DEBUG - Suppressed exception
Traceback (most recent call last):
  File "c:\Users\allie\Coding Projects\huggin_suite\huggin\app\core\asset_manager.py", line 121, in init_database
    conn.execute("ALTER TABLE assets ADD COLUMN notes TEXT DEFAULT ''")
    ~~~~~~~~~~~~^^^^^^^^^^^^^^^^^^^^^^^^^^^^^^^^^^^^^^^^^^^^^^^^^^^^^^^
sqlite3.OperationalError: duplicate column name: notes
2026-05-14 23:17:40 - huggin - INFO - Using default configuration
2026-05-14 23:17:42 - huggin - INFO - License saved successfully
2026-05-14 23:17:42 - huggin - INFO - License loaded and validated successfully
2026-05-14 23:18:02 - huggin - DEBUG - Suppressed exception
Traceback (most recent call last):
  File "c:\Users\allie\Coding Projects\huggin_suite\huggin\app\core\asset_manager.py", line 100, in init_database
    conn.execute("ALTER TABLE assets ADD COLUMN fqdn TEXT DEFAULT ''")
    ~~~~~~~~~~~~^^^^^^^^^^^^^^^^^^^^^^^^^^^^^^^^^^^^^^^^^^^^^^^^^^^^^^
sqlite3.OperationalError: duplicate column name: fqdn
2026-05-14 23:18:02 - huggin - DEBUG - Suppressed exception
Traceback (most recent call last):
  File "c:\Users\allie\Coding Projects\huggin_suite\huggin\app\core\asset_manager.py", line 107, in init_database
    conn.execute("ALTER TABLE assets ADD COLUMN mac_address TEXT DEFAULT ''")
    ~~~~~~~~~~~~^^^^^^^^^^^^^^^^^^^^^^^^^^^^^^^^^^^^^^^^^^^^^^^^^^^^^^^^^^^^^
sqlite3.OperationalError: duplicate column name: mac_address
2026-05-14 23:18:02 - huggin - DEBUG - Suppressed exception
Traceback (most recent call last):
  File "c:\Users\allie\Coding Projects\huggin_suite\huggin\app\core\asset_manager.py", line 114, in init_database
    conn.execute("ALTER TABLE assets ADD COLUMN vendor TEXT DEFAULT ''")
    ~~~~~~~~~~~~^^^^^^^^^^^^^^^^^^^^^^^^^^^^^^^^^^^^^^^^^^^^^^^^^^^^^^^^
sqlite3.OperationalError: duplicate column name: vendor
2026-05-14 23:18:02 - huggin - DEBUG - Suppressed exception
Traceback (most recent call last):
  File "c:\Users\allie\Coding Projects\huggin_suite\huggin\app\core\asset_manager.py", line 121, in init_database
    conn.execute("ALTER TABLE assets ADD COLUMN notes TEXT DEFAULT ''")
    ~~~~~~~~~~~~^^^^^^^^^^^^^^^^^^^^^^^^^^^^^^^^^^^^^^^^^^^^^^^^^^^^^^^
sqlite3.OperationalError: duplicate column name: notes
2026-05-14 23:18:02 - huggin - INFO - Using default configuration
2026-05-14 23:18:04 - huggin - INFO - License saved successfully
2026-05-14 23:18:04 - huggin - INFO - License loaded and validated successfully
2026-05-14 23:18:15 - huggin - INFO - License saved successfully
2026-05-14 23:18:15 - huggin - INFO - License loaded and validated successfully
2026-05-14 23:18:15 - huggin - INFO - Application starting...
2026-05-14 23:18:15 - huggin - INFO - Font loaded successfully
2026-05-14 23:18:15 - huggin - INFO - Stylesheet loaded successfully
2026-05-14 23:18:15 - huggin - INFO - Creating main window...
2026-05-14 23:18:15 - huggin - INFO - QThreadPool max threads set to 32 (CPUs: 32)
2026-05-14 23:18:15 - huggin - INFO - Custom font 'Neuropol X' loaded from C:\Users\allie\Coding Projects\huggin_suite\huggin\resources\fonts\neuropol.otf
2026-05-14 23:18:15 - huggin - DEBUG - Suppressed exception
Traceback (most recent call last):
  File "C:\Users\allie\Coding Projects\huggin_suite\huggin\app\pages\page_registry.py", line 45, in register_all_pages
    from app.pages.db_attacks_page import DBAttacksPage
ImportError: cannot import name 'DBAttacksPage' from 'app.pages.db_attacks_page' (C:\Users\allie\Coding Projects\huggin_suite\huggin\app\pages\db_attacks_page.py)
2026-05-14 23:18:17 - huggin - DEBUG - Credentials loaded for profile 'default'
2026-05-14 23:18:18 - huggin - DEBUG - Credentials saved (encrypted) for profile 'default'
2026-05-14 23:18:18 - huggin - DEBUG - Credentials loaded for profile 'LAB'
2026-05-14 23:18:18 - huggin - DEBUG - Suppressed exception
Traceback (most recent call last):
  File "C:\Users\allie\Coding Projects\huggin_suite\huggin\app\core\scope_manager.py", line 62, in _parse_scope_text
    ipaddress.IPv4Address(item)
    ~~~~~~~~~~~~~~~~~~~~~^^^^^^
  File "C:\Users\allie\anaconda3\Lib\ipaddress.py", line 1319, in __init__
    self._ip = self._ip_int_from_string(addr_str)
               ~~~~~~~~~~~~~~~~~~~~~~~~^^^^^^^^^^
  File "C:\Users\allie\anaconda3\Lib\ipaddress.py", line 1206, in _ip_int_from_string
    raise AddressValueError("Expected 4 octets in %r" % ip_str)
ipaddress.AddressValueError: Expected 4 octets in '*.lab.local'
2026-05-14 23:18:18 - huggin - DEBUG - Suppressed exception
Traceback (most recent call last):
  File "C:\Users\allie\Coding Projects\huggin_suite\huggin\app\core\scope_manager.py", line 62, in _parse_scope_text
    ipaddress.IPv4Address(item)
    ~~~~~~~~~~~~~~~~~~~~~^^^^^^
  File "C:\Users\allie\anaconda3\Lib\ipaddress.py", line 1319, in __init__
    self._ip = self._ip_int_from_string(addr_str)
               ~~~~~~~~~~~~~~~~~~~~~~~~^^^^^^^^^^
  File "C:\Users\allie\anaconda3\Lib\ipaddress.py", line 1206, in _ip_int_from_string
    raise AddressValueError("Expected 4 octets in %r" % ip_str)
ipaddress.AddressValueError: Expected 4 octets in '*.lab.local'
2026-05-14 23:18:18 - huggin - DEBUG - Credentials saved (encrypted) for profile 'LAB'
2026-05-14 23:18:18 - huggin - DEBUG - Credentials saved (encrypted) for profile 'LAB'
2026-05-14 23:18:18 - huggin - DEBUG - Credentials saved (encrypted) for profile 'LAB'
2026-05-14 23:18:18 - huggin - DEBUG - Suppressed exception
Traceback (most recent call last):
  File "C:\Users\allie\Coding Projects\huggin_suite\huggin\app\core\scope_manager.py", line 62, in _parse_scope_text
    ipaddress.IPv4Address(item)
    ~~~~~~~~~~~~~~~~~~~~~^^^^^^
  File "C:\Users\allie\anaconda3\Lib\ipaddress.py", line 1319, in __init__
    self._ip = self._ip_int_from_string(addr_str)
               ~~~~~~~~~~~~~~~~~~~~~~~~^^^^^^^^^^
  File "C:\Users\allie\anaconda3\Lib\ipaddress.py", line 1206, in _ip_int_from_string
    raise AddressValueError("Expected 4 octets in %r" % ip_str)
ipaddress.AddressValueError: Expected 4 octets in '*.lab.local'
2026-05-14 23:18:33 - huggin - DEBUG - Credentials saved (encrypted) for profile 'LAB'
2026-05-14 23:18:33 - huggin - DEBUG - Credentials loaded for profile 'HTB-Editor'
2026-05-14 23:18:36 - huggin - DEBUG - Credentials saved (encrypted) for profile 'HTB-Editor'
2026-05-14 23:18:36 - huggin - DEBUG - Credentials loaded for profile 'LAB'
2026-05-14 23:18:36 - huggin - DEBUG - Suppressed exception
Traceback (most recent call last):
  File "C:\Users\allie\Coding Projects\huggin_suite\huggin\app\core\scope_manager.py", line 62, in _parse_scope_text
    ipaddress.IPv4Address(item)
    ~~~~~~~~~~~~~~~~~~~~~^^^^^^
  File "C:\Users\allie\anaconda3\Lib\ipaddress.py", line 1319, in __init__
    self._ip = self._ip_int_from_string(addr_str)
               ~~~~~~~~~~~~~~~~~~~~~~~~^^^^^^^^^^
  File "C:\Users\allie\anaconda3\Lib\ipaddress.py", line 1206, in _ip_int_from_string
    raise AddressValueError("Expected 4 octets in %r" % ip_str)
ipaddress.AddressValueError: Expected 4 octets in '*.lab.local'
2026-05-14 23:18:36 - huggin - DEBUG - Suppressed exception
Traceback (most recent call last):
  File "C:\Users\allie\Coding Projects\huggin_suite\huggin\app\core\scope_manager.py", line 62, in _parse_scope_text
    ipaddress.IPv4Address(item)
    ~~~~~~~~~~~~~~~~~~~~~^^^^^^
  File "C:\Users\allie\anaconda3\Lib\ipaddress.py", line 1319, in __init__
    self._ip = self._ip_int_from_string(addr_str)
               ~~~~~~~~~~~~~~~~~~~~~~~~^^^^^^^^^^
  File "C:\Users\allie\anaconda3\Lib\ipaddress.py", line 1206, in _ip_int_from_string
    raise AddressValueError("Expected 4 octets in %r" % ip_str)
ipaddress.AddressValueError: Expected 4 octets in '*.lab.local'
2026-05-14 23:18:36 - huggin - DEBUG - Credentials saved (encrypted) for profile 'LAB'
2026-05-14 23:18:36 - huggin - DEBUG - Credentials saved (encrypted) for profile 'LAB'
2026-05-14 23:18:36 - huggin - DEBUG - Credentials saved (encrypted) for profile 'LAB'
2026-05-14 23:18:36 - huggin - DEBUG - Suppressed exception
Traceback (most recent call last):
  File "C:\Users\allie\Coding Projects\huggin_suite\huggin\app\core\scope_manager.py", line 62, in _parse_scope_text
    ipaddress.IPv4Address(item)
    ~~~~~~~~~~~~~~~~~~~~~^^^^^^
  File "C:\Users\allie\anaconda3\Lib\ipaddress.py", line 1319, in __init__
    self._ip = self._ip_int_from_string(addr_str)
               ~~~~~~~~~~~~~~~~~~~~~~~~^^^^^^^^^^
  File "C:\Users\allie\anaconda3\Lib\ipaddress.py", line 1206, in _ip_int_from_string
    raise AddressValueError("Expected 4 octets in %r" % ip_str)
ipaddress.AddressValueError: Expected 4 octets in '*.lab.local'
2026-05-14 23:19:19 - huggin - DEBUG - Suppressed exception
Traceback (most recent call last):
  File "C:\Users\allie\Coding Projects\huggin_suite\huggin\app\core\asset_manager.py", line 100, in init_database
    conn.execute("ALTER TABLE assets ADD COLUMN fqdn TEXT DEFAULT ''")
    ~~~~~~~~~~~~^^^^^^^^^^^^^^^^^^^^^^^^^^^^^^^^^^^^^^^^^^^^^^^^^^^^^^
sqlite3.OperationalError: duplicate column name: fqdn
2026-05-14 23:19:19 - huggin - DEBUG - Suppressed exception
Traceback (most recent call last):
  File "C:\Users\allie\Coding Projects\huggin_suite\huggin\app\core\asset_manager.py", line 107, in init_database
    conn.execute("ALTER TABLE assets ADD COLUMN mac_address TEXT DEFAULT ''")
    ~~~~~~~~~~~~^^^^^^^^^^^^^^^^^^^^^^^^^^^^^^^^^^^^^^^^^^^^^^^^^^^^^^^^^^^^^
sqlite3.OperationalError: duplicate column name: mac_address
2026-05-14 23:19:19 - huggin - DEBUG - Suppressed exception
Traceback (most recent call last):
  File "C:\Users\allie\Coding Projects\huggin_suite\huggin\app\core\asset_manager.py", line 114, in init_database
    conn.execute("ALTER TABLE assets ADD COLUMN vendor TEXT DEFAULT ''")
    ~~~~~~~~~~~~^^^^^^^^^^^^^^^^^^^^^^^^^^^^^^^^^^^^^^^^^^^^^^^^^^^^^^^^
sqlite3.OperationalError: duplicate column name: vendor
2026-05-14 23:19:19 - huggin - DEBUG - Suppressed exception
Traceback (most recent call last):
  File "C:\Users\allie\Coding Projects\huggin_suite\huggin\app\core\asset_manager.py", line 121, in init_database
    conn.execute("ALTER TABLE assets ADD COLUMN notes TEXT DEFAULT ''")
    ~~~~~~~~~~~~^^^^^^^^^^^^^^^^^^^^^^^^^^^^^^^^^^^^^^^^^^^^^^^^^^^^^^^
sqlite3.OperationalError: duplicate column name: notes
2026-05-14 23:23:04 - huggin - DEBUG - Memory monitoring stopped
2026-05-14 23:23:04 - huggin - DEBUG - Connection pool closed all sessions
2026-05-14 23:23:04 - huggin - INFO - Update manager stopped during cleanup
2026-05-14 23:23:16 - huggin - DEBUG - Suppressed exception
Traceback (most recent call last):
  File "c:\Users\allie\Coding Projects\huggin_suite\huggin\app\core\asset_manager.py", line 100, in init_database
    conn.execute("ALTER TABLE assets ADD COLUMN fqdn TEXT DEFAULT ''")
    ~~~~~~~~~~~~^^^^^^^^^^^^^^^^^^^^^^^^^^^^^^^^^^^^^^^^^^^^^^^^^^^^^^
sqlite3.OperationalError: duplicate column name: fqdn
2026-05-14 23:23:16 - huggin - DEBUG - Suppressed exception
Traceback (most recent call last):
  File "c:\Users\allie\Coding Projects\huggin_suite\huggin\app\core\asset_manager.py", line 107, in init_database
    conn.execute("ALTER TABLE assets ADD COLUMN mac_address TEXT DEFAULT ''")
    ~~~~~~~~~~~~^^^^^^^^^^^^^^^^^^^^^^^^^^^^^^^^^^^^^^^^^^^^^^^^^^^^^^^^^^^^^
sqlite3.OperationalError: duplicate column name: mac_address
2026-05-14 23:23:16 - huggin - DEBUG - Suppressed exception
Traceback (most recent call last):
  File "c:\Users\allie\Coding Projects\huggin_suite\huggin\app\core\asset_manager.py", line 114, in init_database
    conn.execute("ALTER TABLE assets ADD COLUMN vendor TEXT DEFAULT ''")
    ~~~~~~~~~~~~^^^^^^^^^^^^^^^^^^^^^^^^^^^^^^^^^^^^^^^^^^^^^^^^^^^^^^^^
sqlite3.OperationalError: duplicate column name: vendor
2026-05-14 23:23:16 - huggin - DEBUG - Suppressed exception
Traceback (most recent call last):
  File "c:\Users\allie\Coding Projects\huggin_suite\huggin\app\core\asset_manager.py", line 121, in init_database
    conn.execute("ALTER TABLE assets ADD COLUMN notes TEXT DEFAULT ''")
    ~~~~~~~~~~~~^^^^^^^^^^^^^^^^^^^^^^^^^^^^^^^^^^^^^^^^^^^^^^^^^^^^^^^
sqlite3.OperationalError: duplicate column name: notes
2026-05-14 23:23:16 - huggin - INFO - Using default configuration
2026-05-14 23:23:18 - huggin - INFO - License saved successfully
2026-05-14 23:23:18 - huggin - INFO - License loaded and validated successfully
2026-05-14 23:23:59 - huggin - DEBUG - Suppressed exception
Traceback (most recent call last):
  File "c:\Users\allie\Coding Projects\huggin_suite\huggin\app\core\asset_manager.py", line 100, in init_database
    conn.execute("ALTER TABLE assets ADD COLUMN fqdn TEXT DEFAULT ''")
    ~~~~~~~~~~~~^^^^^^^^^^^^^^^^^^^^^^^^^^^^^^^^^^^^^^^^^^^^^^^^^^^^^^
sqlite3.OperationalError: duplicate column name: fqdn
2026-05-14 23:23:59 - huggin - DEBUG - Suppressed exception
Traceback (most recent call last):
  File "c:\Users\allie\Coding Projects\huggin_suite\huggin\app\core\asset_manager.py", line 107, in init_database
    conn.execute("ALTER TABLE assets ADD COLUMN mac_address TEXT DEFAULT ''")
    ~~~~~~~~~~~~^^^^^^^^^^^^^^^^^^^^^^^^^^^^^^^^^^^^^^^^^^^^^^^^^^^^^^^^^^^^^
sqlite3.OperationalError: duplicate column name: mac_address
2026-05-14 23:23:59 - huggin - DEBUG - Suppressed exception
Traceback (most recent call last):
  File "c:\Users\allie\Coding Projects\huggin_suite\huggin\app\core\asset_manager.py", line 114, in init_database
    conn.execute("ALTER TABLE assets ADD COLUMN vendor TEXT DEFAULT ''")
    ~~~~~~~~~~~~^^^^^^^^^^^^^^^^^^^^^^^^^^^^^^^^^^^^^^^^^^^^^^^^^^^^^^^^
sqlite3.OperationalError: duplicate column name: vendor
2026-05-14 23:23:59 - huggin - DEBUG - Suppressed exception
Traceback (most recent call last):
  File "c:\Users\allie\Coding Projects\huggin_suite\huggin\app\core\asset_manager.py", line 121, in init_database
    conn.execute("ALTER TABLE assets ADD COLUMN notes TEXT DEFAULT ''")
    ~~~~~~~~~~~~^^^^^^^^^^^^^^^^^^^^^^^^^^^^^^^^^^^^^^^^^^^^^^^^^^^^^^^
sqlite3.OperationalError: duplicate column name: notes
2026-05-14 23:23:59 - huggin - INFO - Using default configuration
2026-05-14 23:24:01 - huggin - INFO - License saved successfully
2026-05-14 23:24:01 - huggin - INFO - License loaded and validated successfully
2026-05-14 23:24:20 - huggin - DEBUG - Suppressed exception
Traceback (most recent call last):
  File "c:\Users\allie\Coding Projects\huggin_suite\huggin\app\core\asset_manager.py", line 100, in init_database
    conn.execute("ALTER TABLE assets ADD COLUMN fqdn TEXT DEFAULT ''")
    ~~~~~~~~~~~~^^^^^^^^^^^^^^^^^^^^^^^^^^^^^^^^^^^^^^^^^^^^^^^^^^^^^^
sqlite3.OperationalError: duplicate column name: fqdn
2026-05-14 23:24:20 - huggin - DEBUG - Suppressed exception
Traceback (most recent call last):
  File "c:\Users\allie\Coding Projects\huggin_suite\huggin\app\core\asset_manager.py", line 107, in init_database
    conn.execute("ALTER TABLE assets ADD COLUMN mac_address TEXT DEFAULT ''")
    ~~~~~~~~~~~~^^^^^^^^^^^^^^^^^^^^^^^^^^^^^^^^^^^^^^^^^^^^^^^^^^^^^^^^^^^^^
sqlite3.OperationalError: duplicate column name: mac_address
2026-05-14 23:24:20 - huggin - DEBUG - Suppressed exception
Traceback (most recent call last):
  File "c:\Users\allie\Coding Projects\huggin_suite\huggin\app\core\asset_manager.py", line 114, in init_database
    conn.execute("ALTER TABLE assets ADD COLUMN vendor TEXT DEFAULT ''")
    ~~~~~~~~~~~~^^^^^^^^^^^^^^^^^^^^^^^^^^^^^^^^^^^^^^^^^^^^^^^^^^^^^^^^
sqlite3.OperationalError: duplicate column name: vendor
2026-05-14 23:24:20 - huggin - DEBUG - Suppressed exception
Traceback (most recent call last):
  File "c:\Users\allie\Coding Projects\huggin_suite\huggin\app\core\asset_manager.py", line 121, in init_database
    conn.execute("ALTER TABLE assets ADD COLUMN notes TEXT DEFAULT ''")
    ~~~~~~~~~~~~^^^^^^^^^^^^^^^^^^^^^^^^^^^^^^^^^^^^^^^^^^^^^^^^^^^^^^^
sqlite3.OperationalError: duplicate column name: notes
2026-05-14 23:24:20 - huggin - INFO - Using default configuration
2026-05-14 23:24:22 - huggin - INFO - License saved successfully
2026-05-14 23:24:22 - huggin - INFO - License loaded and validated successfully
2026-05-14 23:24:28 - huggin - DEBUG - Suppressed exception
Traceback (most recent call last):
  File "c:\Users\allie\Coding Projects\huggin_suite\huggin\app\core\asset_manager.py", line 100, in init_database
    conn.execute("ALTER TABLE assets ADD COLUMN fqdn TEXT DEFAULT ''")
    ~~~~~~~~~~~~^^^^^^^^^^^^^^^^^^^^^^^^^^^^^^^^^^^^^^^^^^^^^^^^^^^^^^
sqlite3.OperationalError: duplicate column name: fqdn
2026-05-14 23:24:28 - huggin - DEBUG - Suppressed exception
Traceback (most recent call last):
  File "c:\Users\allie\Coding Projects\huggin_suite\huggin\app\core\asset_manager.py", line 107, in init_database
    conn.execute("ALTER TABLE assets ADD COLUMN mac_address TEXT DEFAULT ''")
    ~~~~~~~~~~~~^^^^^^^^^^^^^^^^^^^^^^^^^^^^^^^^^^^^^^^^^^^^^^^^^^^^^^^^^^^^^
sqlite3.OperationalError: duplicate column name: mac_address
2026-05-14 23:24:28 - huggin - DEBUG - Suppressed exception
Traceback (most recent call last):
  File "c:\Users\allie\Coding Projects\huggin_suite\huggin\app\core\asset_manager.py", line 114, in init_database
    conn.execute("ALTER TABLE assets ADD COLUMN vendor TEXT DEFAULT ''")
    ~~~~~~~~~~~~^^^^^^^^^^^^^^^^^^^^^^^^^^^^^^^^^^^^^^^^^^^^^^^^^^^^^^^^
sqlite3.OperationalError: duplicate column name: vendor
2026-05-14 23:24:28 - huggin - DEBUG - Suppressed exception
Traceback (most recent call last):
  File "c:\Users\allie\Coding Projects\huggin_suite\huggin\app\core\asset_manager.py", line 121, in init_database
    conn.execute("ALTER TABLE assets ADD COLUMN notes TEXT DEFAULT ''")
    ~~~~~~~~~~~~^^^^^^^^^^^^^^^^^^^^^^^^^^^^^^^^^^^^^^^^^^^^^^^^^^^^^^^
sqlite3.OperationalError: duplicate column name: notes
2026-05-14 23:24:28 - huggin - INFO - Using default configuration
2026-05-14 23:24:30 - huggin - INFO - License saved successfully
2026-05-14 23:24:30 - huggin - INFO - License loaded and validated successfully
2026-05-14 23:24:44 - huggin - DEBUG - Suppressed exception
Traceback (most recent call last):
  File "c:\Users\allie\Coding Projects\huggin_suite\huggin\app\core\asset_manager.py", line 100, in init_database
    conn.execute("ALTER TABLE assets ADD COLUMN fqdn TEXT DEFAULT ''")
    ~~~~~~~~~~~~^^^^^^^^^^^^^^^^^^^^^^^^^^^^^^^^^^^^^^^^^^^^^^^^^^^^^^
sqlite3.OperationalError: duplicate column name: fqdn
2026-05-14 23:24:44 - huggin - DEBUG - Suppressed exception
Traceback (most recent call last):
  File "c:\Users\allie\Coding Projects\huggin_suite\huggin\app\core\asset_manager.py", line 107, in init_database
    conn.execute("ALTER TABLE assets ADD COLUMN mac_address TEXT DEFAULT ''")
    ~~~~~~~~~~~~^^^^^^^^^^^^^^^^^^^^^^^^^^^^^^^^^^^^^^^^^^^^^^^^^^^^^^^^^^^^^
sqlite3.OperationalError: duplicate column name: mac_address
2026-05-14 23:24:44 - huggin - DEBUG - Suppressed exception
Traceback (most recent call last):
  File "c:\Users\allie\Coding Projects\huggin_suite\huggin\app\core\asset_manager.py", line 114, in init_database
    conn.execute("ALTER TABLE assets ADD COLUMN vendor TEXT DEFAULT ''")
    ~~~~~~~~~~~~^^^^^^^^^^^^^^^^^^^^^^^^^^^^^^^^^^^^^^^^^^^^^^^^^^^^^^^^
sqlite3.OperationalError: duplicate column name: vendor
2026-05-14 23:24:44 - huggin - DEBUG - Suppressed exception
Traceback (most recent call last):
  File "c:\Users\allie\Coding Projects\huggin_suite\huggin\app\core\asset_manager.py", line 121, in init_database
    conn.execute("ALTER TABLE assets ADD COLUMN notes TEXT DEFAULT ''")
    ~~~~~~~~~~~~^^^^^^^^^^^^^^^^^^^^^^^^^^^^^^^^^^^^^^^^^^^^^^^^^^^^^^^
sqlite3.OperationalError: duplicate column name: notes
2026-05-14 23:24:44 - huggin - INFO - Using default configuration
2026-05-14 23:24:46 - huggin - INFO - License saved successfully
2026-05-14 23:24:46 - huggin - INFO - License loaded and validated successfully
2026-05-14 23:25:07 - huggin - DEBUG - Suppressed exception
Traceback (most recent call last):
  File "c:\Users\allie\Coding Projects\huggin_suite\huggin\app\core\asset_manager.py", line 100, in init_database
    conn.execute("ALTER TABLE assets ADD COLUMN fqdn TEXT DEFAULT ''")
    ~~~~~~~~~~~~^^^^^^^^^^^^^^^^^^^^^^^^^^^^^^^^^^^^^^^^^^^^^^^^^^^^^^
sqlite3.OperationalError: duplicate column name: fqdn
2026-05-14 23:25:07 - huggin - DEBUG - Suppressed exception
Traceback (most recent call last):
  File "c:\Users\allie\Coding Projects\huggin_suite\huggin\app\core\asset_manager.py", line 107, in init_database
    conn.execute("ALTER TABLE assets ADD COLUMN mac_address TEXT DEFAULT ''")
    ~~~~~~~~~~~~^^^^^^^^^^^^^^^^^^^^^^^^^^^^^^^^^^^^^^^^^^^^^^^^^^^^^^^^^^^^^
sqlite3.OperationalError: duplicate column name: mac_address
2026-05-14 23:25:07 - huggin - DEBUG - Suppressed exception
Traceback (most recent call last):
  File "c:\Users\allie\Coding Projects\huggin_suite\huggin\app\core\asset_manager.py", line 114, in init_database
    conn.execute("ALTER TABLE assets ADD COLUMN vendor TEXT DEFAULT ''")
    ~~~~~~~~~~~~^^^^^^^^^^^^^^^^^^^^^^^^^^^^^^^^^^^^^^^^^^^^^^^^^^^^^^^^
sqlite3.OperationalError: duplicate column name: vendor
2026-05-14 23:25:07 - huggin - DEBUG - Suppressed exception
Traceback (most recent call last):
  File "c:\Users\allie\Coding Projects\huggin_suite\huggin\app\core\asset_manager.py", line 121, in init_database
    conn.execute("ALTER TABLE assets ADD COLUMN notes TEXT DEFAULT ''")
    ~~~~~~~~~~~~^^^^^^^^^^^^^^^^^^^^^^^^^^^^^^^^^^^^^^^^^^^^^^^^^^^^^^^
sqlite3.OperationalError: duplicate column name: notes
2026-05-14 23:25:07 - huggin - INFO - Using default configuration
2026-05-14 23:25:10 - huggin - INFO - License saved successfully
2026-05-14 23:25:10 - huggin - INFO - License loaded and validated successfully
2026-05-14 23:25:15 - huggin - DEBUG - Suppressed exception
Traceback (most recent call last):
  File "c:\Users\allie\Coding Projects\huggin_suite\huggin\app\core\asset_manager.py", line 100, in init_database
    conn.execute("ALTER TABLE assets ADD COLUMN fqdn TEXT DEFAULT ''")
    ~~~~~~~~~~~~^^^^^^^^^^^^^^^^^^^^^^^^^^^^^^^^^^^^^^^^^^^^^^^^^^^^^^
sqlite3.OperationalError: duplicate column name: fqdn
2026-05-14 23:25:15 - huggin - DEBUG - Suppressed exception
Traceback (most recent call last):
  File "c:\Users\allie\Coding Projects\huggin_suite\huggin\app\core\asset_manager.py", line 107, in init_database
    conn.execute("ALTER TABLE assets ADD COLUMN mac_address TEXT DEFAULT ''")
    ~~~~~~~~~~~~^^^^^^^^^^^^^^^^^^^^^^^^^^^^^^^^^^^^^^^^^^^^^^^^^^^^^^^^^^^^^
sqlite3.OperationalError: duplicate column name: mac_address
2026-05-14 23:25:15 - huggin - DEBUG - Suppressed exception
Traceback (most recent call last):
  File "c:\Users\allie\Coding Projects\huggin_suite\huggin\app\core\asset_manager.py", line 114, in init_database
    conn.execute("ALTER TABLE assets ADD COLUMN vendor TEXT DEFAULT ''")
    ~~~~~~~~~~~~^^^^^^^^^^^^^^^^^^^^^^^^^^^^^^^^^^^^^^^^^^^^^^^^^^^^^^^^
sqlite3.OperationalError: duplicate column name: vendor
2026-05-14 23:25:15 - huggin - DEBUG - Suppressed exception
Traceback (most recent call last):
  File "c:\Users\allie\Coding Projects\huggin_suite\huggin\app\core\asset_manager.py", line 121, in init_database
    conn.execute("ALTER TABLE assets ADD COLUMN notes TEXT DEFAULT ''")
    ~~~~~~~~~~~~^^^^^^^^^^^^^^^^^^^^^^^^^^^^^^^^^^^^^^^^^^^^^^^^^^^^^^^
sqlite3.OperationalError: duplicate column name: notes
2026-05-14 23:25:16 - huggin - INFO - Using default configuration
2026-05-14 23:25:18 - huggin - INFO - License saved successfully
2026-05-14 23:25:18 - huggin - INFO - License loaded and validated successfully
2026-05-14 23:25:37 - huggin - INFO - License saved successfully
2026-05-14 23:25:37 - huggin - INFO - License loaded and validated successfully
2026-05-14 23:25:37 - huggin - INFO - Application starting...
2026-05-14 23:25:37 - huggin - INFO - Font loaded successfully
2026-05-14 23:25:37 - huggin - INFO - Stylesheet loaded successfully
2026-05-14 23:25:37 - huggin - INFO - Creating main window...
2026-05-14 23:25:37 - huggin - INFO - QThreadPool max threads set to 32 (CPUs: 32)
2026-05-14 23:25:37 - huggin - INFO - Custom font 'Neuropol X' loaded from C:\Users\allie\Coding Projects\huggin_suite\huggin\resources\fonts\neuropol.otf
2026-05-14 23:25:37 - huggin - DEBUG - Suppressed exception
Traceback (most recent call last):
  File "C:\Users\allie\Coding Projects\huggin_suite\huggin\app\pages\page_registry.py", line 45, in register_all_pages
    from app.pages.db_attacks_page import DBAttacksPage
ImportError: cannot import name 'DBAttacksPage' from 'app.pages.db_attacks_page' (C:\Users\allie\Coding Projects\huggin_suite\huggin\app\pages\db_attacks_page.py)
2026-05-14 23:25:39 - huggin - ERROR - Failed to load SecureCredentialWidget: name 'QHeaderView' is not defined
2026-05-14 23:25:39 - huggin - DEBUG - Credentials loaded for profile 'default'
2026-05-14 23:25:41 - huggin - DEBUG - Credentials saved (encrypted) for profile 'default'
2026-05-14 23:25:41 - huggin - DEBUG - Credentials loaded for profile 'LAB'
2026-05-14 23:25:41 - huggin - DEBUG - Suppressed exception
Traceback (most recent call last):
  File "C:\Users\allie\Coding Projects\huggin_suite\huggin\app\core\scope_manager.py", line 62, in _parse_scope_text
    ipaddress.IPv4Address(item)
    ~~~~~~~~~~~~~~~~~~~~~^^^^^^
  File "C:\Users\allie\anaconda3\Lib\ipaddress.py", line 1319, in __init__
    self._ip = self._ip_int_from_string(addr_str)
               ~~~~~~~~~~~~~~~~~~~~~~~~^^^^^^^^^^
  File "C:\Users\allie\anaconda3\Lib\ipaddress.py", line 1206, in _ip_int_from_string
    raise AddressValueError("Expected 4 octets in %r" % ip_str)
ipaddress.AddressValueError: Expected 4 octets in '*.lab.local'
2026-05-14 23:25:41 - huggin - DEBUG - Suppressed exception
Traceback (most recent call last):
  File "C:\Users\allie\Coding Projects\huggin_suite\huggin\app\core\scope_manager.py", line 62, in _parse_scope_text
    ipaddress.IPv4Address(item)
    ~~~~~~~~~~~~~~~~~~~~~^^^^^^
  File "C:\Users\allie\anaconda3\Lib\ipaddress.py", line 1319, in __init__
    self._ip = self._ip_int_from_string(addr_str)
               ~~~~~~~~~~~~~~~~~~~~~~~~^^^^^^^^^^
  File "C:\Users\allie\anaconda3\Lib\ipaddress.py", line 1206, in _ip_int_from_string
    raise AddressValueError("Expected 4 octets in %r" % ip_str)
ipaddress.AddressValueError: Expected 4 octets in '*.lab.local'
2026-05-14 23:25:41 - huggin - DEBUG - Credentials saved (encrypted) for profile 'LAB'
2026-05-14 23:25:41 - huggin - DEBUG - Credentials saved (encrypted) for profile 'LAB'
2026-05-14 23:25:41 - huggin - DEBUG - Credentials saved (encrypted) for profile 'LAB'
2026-05-14 23:25:41 - huggin - DEBUG - Suppressed exception
Traceback (most recent call last):
  File "C:\Users\allie\Coding Projects\huggin_suite\huggin\app\core\scope_manager.py", line 62, in _parse_scope_text
    ipaddress.IPv4Address(item)
    ~~~~~~~~~~~~~~~~~~~~~^^^^^^
  File "C:\Users\allie\anaconda3\Lib\ipaddress.py", line 1319, in __init__
    self._ip = self._ip_int_from_string(addr_str)
               ~~~~~~~~~~~~~~~~~~~~~~~~^^^^^^^^^^
  File "C:\Users\allie\anaconda3\Lib\ipaddress.py", line 1206, in _ip_int_from_string
    raise AddressValueError("Expected 4 octets in %r" % ip_str)
ipaddress.AddressValueError: Expected 4 octets in '*.lab.local'
2026-05-14 23:25:57 - huggin - DEBUG - Suppressed exception
Traceback (most recent call last):
  File "C:\Users\allie\Coding Projects\huggin_suite\huggin\app\core\asset_manager.py", line 100, in init_database
    conn.execute("ALTER TABLE assets ADD COLUMN fqdn TEXT DEFAULT ''")
    ~~~~~~~~~~~~^^^^^^^^^^^^^^^^^^^^^^^^^^^^^^^^^^^^^^^^^^^^^^^^^^^^^^
sqlite3.OperationalError: duplicate column name: fqdn
2026-05-14 23:25:57 - huggin - DEBUG - Suppressed exception
Traceback (most recent call last):
  File "C:\Users\allie\Coding Projects\huggin_suite\huggin\app\core\asset_manager.py", line 107, in init_database
    conn.execute("ALTER TABLE assets ADD COLUMN mac_address TEXT DEFAULT ''")
    ~~~~~~~~~~~~^^^^^^^^^^^^^^^^^^^^^^^^^^^^^^^^^^^^^^^^^^^^^^^^^^^^^^^^^^^^^
sqlite3.OperationalError: duplicate column name: mac_address
2026-05-14 23:25:57 - huggin - DEBUG - Suppressed exception
Traceback (most recent call last):
  File "C:\Users\allie\Coding Projects\huggin_suite\huggin\app\core\asset_manager.py", line 114, in init_database
    conn.execute("ALTER TABLE assets ADD COLUMN vendor TEXT DEFAULT ''")
    ~~~~~~~~~~~~^^^^^^^^^^^^^^^^^^^^^^^^^^^^^^^^^^^^^^^^^^^^^^^^^^^^^^^^
sqlite3.OperationalError: duplicate column name: vendor
2026-05-14 23:25:57 - huggin - DEBUG - Suppressed exception
Traceback (most recent call last):
  File "C:\Users\allie\Coding Projects\huggin_suite\huggin\app\core\asset_manager.py", line 121, in init_database
    conn.execute("ALTER TABLE assets ADD COLUMN notes TEXT DEFAULT ''")
    ~~~~~~~~~~~~^^^^^^^^^^^^^^^^^^^^^^^^^^^^^^^^^^^^^^^^^^^^^^^^^^^^^^^
sqlite3.OperationalError: duplicate column name: notes
2026-05-14 23:31:10 - huggin - DEBUG - Memory monitoring stopped
2026-05-14 23:31:10 - huggin - DEBUG - Connection pool closed all sessions
2026-05-14 23:31:10 - huggin - INFO - Update manager stopped during cleanup
2026-05-14 23:32:09 - huggin - INFO - License saved successfully
2026-05-14 23:32:09 - huggin - INFO - License loaded and validated successfully
2026-05-14 23:32:09 - huggin - INFO - Application starting...
2026-05-14 23:32:09 - huggin - INFO - Font loaded successfully
2026-05-14 23:32:09 - huggin - INFO - Stylesheet loaded successfully
2026-05-14 23:32:09 - huggin - INFO - Creating main window...
2026-05-14 23:32:09 - huggin - INFO - QThreadPool max threads set to 32 (CPUs: 32)
2026-05-14 23:32:09 - huggin - INFO - Custom font 'Neuropol X' loaded from C:\Users\allie\Coding Projects\huggin_suite\huggin\resources\fonts\neuropol.otf
2026-05-14 23:32:09 - huggin - DEBUG - Suppressed exception
Traceback (most recent call last):
  File "C:\Users\allie\Coding Projects\huggin_suite\huggin\app\pages\page_registry.py", line 45, in register_all_pages
    from app.pages.db_attacks_page import DBAttacksPage
ImportError: cannot import name 'DBAttacksPage' from 'app.pages.db_attacks_page' (C:\Users\allie\Coding Projects\huggin_suite\huggin\app\pages\db_attacks_page.py)
2026-05-14 23:32:11 - huggin - ERROR - Failed to load SecureCredentialWidget: name 'QHeaderView' is not defined
2026-05-14 23:32:11 - huggin - DEBUG - Credentials loaded for profile 'default'
2026-05-14 23:32:12 - huggin - DEBUG - Credentials saved (encrypted) for profile 'default'
2026-05-14 23:32:12 - huggin - DEBUG - Credentials loaded for profile 'LAB'
2026-05-14 23:32:12 - huggin - DEBUG - Suppressed exception
Traceback (most recent call last):
  File "C:\Users\allie\Coding Projects\huggin_suite\huggin\app\core\scope_manager.py", line 62, in _parse_scope_text
    ipaddress.IPv4Address(item)
    ~~~~~~~~~~~~~~~~~~~~~^^^^^^
  File "C:\Users\allie\anaconda3\Lib\ipaddress.py", line 1319, in __init__
    self._ip = self._ip_int_from_string(addr_str)
               ~~~~~~~~~~~~~~~~~~~~~~~~^^^^^^^^^^
  File "C:\Users\allie\anaconda3\Lib\ipaddress.py", line 1206, in _ip_int_from_string
    raise AddressValueError("Expected 4 octets in %r" % ip_str)
ipaddress.AddressValueError: Expected 4 octets in '*.lab.local'
2026-05-14 23:32:12 - huggin - DEBUG - Suppressed exception
Traceback (most recent call last):
  File "C:\Users\allie\Coding Projects\huggin_suite\huggin\app\core\scope_manager.py", line 62, in _parse_scope_text
    ipaddress.IPv4Address(item)
    ~~~~~~~~~~~~~~~~~~~~~^^^^^^
  File "C:\Users\allie\anaconda3\Lib\ipaddress.py", line 1319, in __init__
    self._ip = self._ip_int_from_string(addr_str)
               ~~~~~~~~~~~~~~~~~~~~~~~~^^^^^^^^^^
  File "C:\Users\allie\anaconda3\Lib\ipaddress.py", line 1206, in _ip_int_from_string
    raise AddressValueError("Expected 4 octets in %r" % ip_str)
ipaddress.AddressValueError: Expected 4 octets in '*.lab.local'
2026-05-14 23:32:12 - huggin - DEBUG - Credentials saved (encrypted) for profile 'LAB'
2026-05-14 23:32:12 - huggin - DEBUG - Credentials saved (encrypted) for profile 'LAB'
2026-05-14 23:32:12 - huggin - DEBUG - Credentials saved (encrypted) for profile 'LAB'
2026-05-14 23:32:12 - huggin - DEBUG - Suppressed exception
Traceback (most recent call last):
  File "C:\Users\allie\Coding Projects\huggin_suite\huggin\app\core\scope_manager.py", line 62, in _parse_scope_text
    ipaddress.IPv4Address(item)
    ~~~~~~~~~~~~~~~~~~~~~^^^^^^
  File "C:\Users\allie\anaconda3\Lib\ipaddress.py", line 1319, in __init__
    self._ip = self._ip_int_from_string(addr_str)
               ~~~~~~~~~~~~~~~~~~~~~~~~^^^^^^^^^^
  File "C:\Users\allie\anaconda3\Lib\ipaddress.py", line 1206, in _ip_int_from_string
    raise AddressValueError("Expected 4 octets in %r" % ip_str)
ipaddress.AddressValueError: Expected 4 octets in '*.lab.local'
2026-05-14 23:36:49 - huggin - DEBUG - Suppressed exception
Traceback (most recent call last):
  File "C:\Users\allie\Coding Projects\huggin_suite\huggin\app\core\asset_manager.py", line 100, in init_database
    conn.execute("ALTER TABLE assets ADD COLUMN fqdn TEXT DEFAULT ''")
    ~~~~~~~~~~~~^^^^^^^^^^^^^^^^^^^^^^^^^^^^^^^^^^^^^^^^^^^^^^^^^^^^^^
sqlite3.OperationalError: duplicate column name: fqdn
2026-05-14 23:36:49 - huggin - DEBUG - Suppressed exception
Traceback (most recent call last):
  File "C:\Users\allie\Coding Projects\huggin_suite\huggin\app\core\asset_manager.py", line 107, in init_database
    conn.execute("ALTER TABLE assets ADD COLUMN mac_address TEXT DEFAULT ''")
    ~~~~~~~~~~~~^^^^^^^^^^^^^^^^^^^^^^^^^^^^^^^^^^^^^^^^^^^^^^^^^^^^^^^^^^^^^
sqlite3.OperationalError: duplicate column name: mac_address
2026-05-14 23:36:49 - huggin - DEBUG - Suppressed exception
Traceback (most recent call last):
  File "C:\Users\allie\Coding Projects\huggin_suite\huggin\app\core\asset_manager.py", line 114, in init_database
    conn.execute("ALTER TABLE assets ADD COLUMN vendor TEXT DEFAULT ''")
    ~~~~~~~~~~~~^^^^^^^^^^^^^^^^^^^^^^^^^^^^^^^^^^^^^^^^^^^^^^^^^^^^^^^^
sqlite3.OperationalError: duplicate column name: vendor
2026-05-14 23:36:49 - huggin - DEBUG - Suppressed exception
Traceback (most recent call last):
  File "C:\Users\allie\Coding Projects\huggin_suite\huggin\app\core\asset_manager.py", line 121, in init_database
    conn.execute("ALTER TABLE assets ADD COLUMN notes TEXT DEFAULT ''")
    ~~~~~~~~~~~~^^^^^^^^^^^^^^^^^^^^^^^^^^^^^^^^^^^^^^^^^^^^^^^^^^^^^^^
sqlite3.OperationalError: duplicate column name: notes
2026-05-14 23:38:35 - huggin - DEBUG - Memory monitoring stopped
2026-05-14 23:38:35 - huggin - DEBUG - Connection pool closed all sessions
2026-05-14 23:38:35 - huggin - INFO - Update manager stopped during cleanup
2026-05-14 23:39:04 - huggin - DEBUG - Suppressed exception
Traceback (most recent call last):
  File "c:\Users\allie\Coding Projects\huggin_suite\huggin\app\core\asset_manager.py", line 100, in init_database
    conn.execute("ALTER TABLE assets ADD COLUMN fqdn TEXT DEFAULT ''")
    ~~~~~~~~~~~~^^^^^^^^^^^^^^^^^^^^^^^^^^^^^^^^^^^^^^^^^^^^^^^^^^^^^^
sqlite3.OperationalError: duplicate column name: fqdn
2026-05-14 23:39:04 - huggin - DEBUG - Suppressed exception
Traceback (most recent call last):
  File "c:\Users\allie\Coding Projects\huggin_suite\huggin\app\core\asset_manager.py", line 107, in init_database
    conn.execute("ALTER TABLE assets ADD COLUMN mac_address TEXT DEFAULT ''")
    ~~~~~~~~~~~~^^^^^^^^^^^^^^^^^^^^^^^^^^^^^^^^^^^^^^^^^^^^^^^^^^^^^^^^^^^^^
sqlite3.OperationalError: duplicate column name: mac_address
2026-05-14 23:39:04 - huggin - DEBUG - Suppressed exception
Traceback (most recent call last):
  File "c:\Users\allie\Coding Projects\huggin_suite\huggin\app\core\asset_manager.py", line 114, in init_database
    conn.execute("ALTER TABLE assets ADD COLUMN vendor TEXT DEFAULT ''")
    ~~~~~~~~~~~~^^^^^^^^^^^^^^^^^^^^^^^^^^^^^^^^^^^^^^^^^^^^^^^^^^^^^^^^
sqlite3.OperationalError: duplicate column name: vendor
2026-05-14 23:39:04 - huggin - DEBUG - Suppressed exception
Traceback (most recent call last):
  File "c:\Users\allie\Coding Projects\huggin_suite\huggin\app\core\asset_manager.py", line 121, in init_database
    conn.execute("ALTER TABLE assets ADD COLUMN notes TEXT DEFAULT ''")
    ~~~~~~~~~~~~^^^^^^^^^^^^^^^^^^^^^^^^^^^^^^^^^^^^^^^^^^^^^^^^^^^^^^^
sqlite3.OperationalError: duplicate column name: notes
2026-05-14 23:39:04 - huggin - INFO - Using default configuration
2026-05-14 23:39:06 - huggin - INFO - License saved successfully
2026-05-14 23:39:06 - huggin - INFO - License loaded and validated successfully
2026-05-14 23:39:11 - huggin - DEBUG - Suppressed exception
Traceback (most recent call last):
  File "c:\Users\allie\Coding Projects\huggin_suite\huggin\app\core\asset_manager.py", line 100, in init_database
    conn.execute("ALTER TABLE assets ADD COLUMN fqdn TEXT DEFAULT ''")
    ~~~~~~~~~~~~^^^^^^^^^^^^^^^^^^^^^^^^^^^^^^^^^^^^^^^^^^^^^^^^^^^^^^
sqlite3.OperationalError: duplicate column name: fqdn
2026-05-14 23:39:11 - huggin - DEBUG - Suppressed exception
Traceback (most recent call last):
  File "c:\Users\allie\Coding Projects\huggin_suite\huggin\app\core\asset_manager.py", line 107, in init_database
    conn.execute("ALTER TABLE assets ADD COLUMN mac_address TEXT DEFAULT ''")
    ~~~~~~~~~~~~^^^^^^^^^^^^^^^^^^^^^^^^^^^^^^^^^^^^^^^^^^^^^^^^^^^^^^^^^^^^^
sqlite3.OperationalError: duplicate column name: mac_address
2026-05-14 23:39:11 - huggin - DEBUG - Suppressed exception
Traceback (most recent call last):
  File "c:\Users\allie\Coding Projects\huggin_suite\huggin\app\core\asset_manager.py", line 114, in init_database
    conn.execute("ALTER TABLE assets ADD COLUMN vendor TEXT DEFAULT ''")
    ~~~~~~~~~~~~^^^^^^^^^^^^^^^^^^^^^^^^^^^^^^^^^^^^^^^^^^^^^^^^^^^^^^^^
sqlite3.OperationalError: duplicate column name: vendor
2026-05-14 23:39:11 - huggin - DEBUG - Suppressed exception
Traceback (most recent call last):
  File "c:\Users\allie\Coding Projects\huggin_suite\huggin\app\core\asset_manager.py", line 121, in init_database
    conn.execute("ALTER TABLE assets ADD COLUMN notes TEXT DEFAULT ''")
    ~~~~~~~~~~~~^^^^^^^^^^^^^^^^^^^^^^^^^^^^^^^^^^^^^^^^^^^^^^^^^^^^^^^
sqlite3.OperationalError: duplicate column name: notes
2026-05-14 23:39:12 - huggin - INFO - Using default configuration
2026-05-14 23:39:14 - huggin - INFO - License saved successfully
2026-05-14 23:39:14 - huggin - INFO - License loaded and validated successfully
2026-05-14 23:39:17 - huggin - DEBUG - Credentials loaded for profile 'default'
2026-05-14 23:39:27 - huggin - INFO - License saved successfully
2026-05-14 23:39:27 - huggin - INFO - License loaded and validated successfully
2026-05-14 23:39:28 - huggin - INFO - Application starting...
2026-05-14 23:39:28 - huggin - INFO - Font loaded successfully
2026-05-14 23:39:28 - huggin - INFO - Stylesheet loaded successfully
2026-05-14 23:39:28 - huggin - INFO - Creating main window...
2026-05-14 23:39:28 - huggin - INFO - QThreadPool max threads set to 32 (CPUs: 32)
2026-05-14 23:39:28 - huggin - INFO - Custom font 'Neuropol X' loaded from C:\Users\allie\Coding Projects\huggin_suite\huggin\resources\fonts\neuropol.otf
2026-05-14 23:39:28 - huggin - DEBUG - Suppressed exception
Traceback (most recent call last):
  File "C:\Users\allie\Coding Projects\huggin_suite\huggin\app\pages\page_registry.py", line 45, in register_all_pages
    from app.pages.db_attacks_page import DBAttacksPage
ImportError: cannot import name 'DBAttacksPage' from 'app.pages.db_attacks_page' (C:\Users\allie\Coding Projects\huggin_suite\huggin\app\pages\db_attacks_page.py)
2026-05-14 23:39:29 - huggin - DEBUG - Credentials loaded for profile 'default'
2026-05-14 23:39:31 - huggin - DEBUG - Credentials saved (encrypted) for profile 'default'
2026-05-14 23:39:31 - huggin - DEBUG - Credentials loaded for profile 'LAB'
2026-05-14 23:39:31 - huggin - DEBUG - Suppressed exception
Traceback (most recent call last):
  File "C:\Users\allie\Coding Projects\huggin_suite\huggin\app\core\scope_manager.py", line 62, in _parse_scope_text
    ipaddress.IPv4Address(item)
    ~~~~~~~~~~~~~~~~~~~~~^^^^^^
  File "C:\Users\allie\anaconda3\Lib\ipaddress.py", line 1319, in __init__
    self._ip = self._ip_int_from_string(addr_str)
               ~~~~~~~~~~~~~~~~~~~~~~~~^^^^^^^^^^
  File "C:\Users\allie\anaconda3\Lib\ipaddress.py", line 1206, in _ip_int_from_string
    raise AddressValueError("Expected 4 octets in %r" % ip_str)
ipaddress.AddressValueError: Expected 4 octets in '*.lab.local'
2026-05-14 23:39:31 - huggin - DEBUG - Suppressed exception
Traceback (most recent call last):
  File "C:\Users\allie\Coding Projects\huggin_suite\huggin\app\core\scope_manager.py", line 62, in _parse_scope_text
    ipaddress.IPv4Address(item)
    ~~~~~~~~~~~~~~~~~~~~~^^^^^^
  File "C:\Users\allie\anaconda3\Lib\ipaddress.py", line 1319, in __init__
    self._ip = self._ip_int_from_string(addr_str)
               ~~~~~~~~~~~~~~~~~~~~~~~~^^^^^^^^^^
  File "C:\Users\allie\anaconda3\Lib\ipaddress.py", line 1206, in _ip_int_from_string
    raise AddressValueError("Expected 4 octets in %r" % ip_str)
ipaddress.AddressValueError: Expected 4 octets in '*.lab.local'
2026-05-14 23:39:31 - huggin - DEBUG - Credentials saved (encrypted) for profile 'LAB'
2026-05-14 23:39:31 - huggin - DEBUG - Credentials saved (encrypted) for profile 'LAB'
2026-05-14 23:39:31 - huggin - DEBUG - Credentials saved (encrypted) for profile 'LAB'
2026-05-14 23:39:31 - huggin - DEBUG - Suppressed exception
Traceback (most recent call last):
  File "C:\Users\allie\Coding Projects\huggin_suite\huggin\app\core\scope_manager.py", line 62, in _parse_scope_text
    ipaddress.IPv4Address(item)
    ~~~~~~~~~~~~~~~~~~~~~^^^^^^
  File "C:\Users\allie\anaconda3\Lib\ipaddress.py", line 1319, in __init__
    self._ip = self._ip_int_from_string(addr_str)
               ~~~~~~~~~~~~~~~~~~~~~~~~^^^^^^^^^^
  File "C:\Users\allie\anaconda3\Lib\ipaddress.py", line 1206, in _ip_int_from_string
    raise AddressValueError("Expected 4 octets in %r" % ip_str)
ipaddress.AddressValueError: Expected 4 octets in '*.lab.local'
2026-05-14 23:44:20 - huggin - DEBUG - Memory monitoring stopped
2026-05-14 23:44:20 - huggin - DEBUG - Connection pool closed all sessions
2026-05-14 23:44:20 - huggin - INFO - Update manager stopped during cleanup
2026-05-14 23:45:12 - huggin - DEBUG - Suppressed exception
Traceback (most recent call last):
  File "c:\Users\allie\Coding Projects\huggin_suite\huggin\app\core\asset_manager.py", line 100, in init_database
    conn.execute("ALTER TABLE assets ADD COLUMN fqdn TEXT DEFAULT ''")
    ~~~~~~~~~~~~^^^^^^^^^^^^^^^^^^^^^^^^^^^^^^^^^^^^^^^^^^^^^^^^^^^^^^
sqlite3.OperationalError: duplicate column name: fqdn
2026-05-14 23:45:12 - huggin - DEBUG - Suppressed exception
Traceback (most recent call last):
  File "c:\Users\allie\Coding Projects\huggin_suite\huggin\app\core\asset_manager.py", line 107, in init_database
    conn.execute("ALTER TABLE assets ADD COLUMN mac_address TEXT DEFAULT ''")
    ~~~~~~~~~~~~^^^^^^^^^^^^^^^^^^^^^^^^^^^^^^^^^^^^^^^^^^^^^^^^^^^^^^^^^^^^^
sqlite3.OperationalError: duplicate column name: mac_address
2026-05-14 23:45:12 - huggin - DEBUG - Suppressed exception
Traceback (most recent call last):
  File "c:\Users\allie\Coding Projects\huggin_suite\huggin\app\core\asset_manager.py", line 114, in init_database
    conn.execute("ALTER TABLE assets ADD COLUMN vendor TEXT DEFAULT ''")
    ~~~~~~~~~~~~^^^^^^^^^^^^^^^^^^^^^^^^^^^^^^^^^^^^^^^^^^^^^^^^^^^^^^^^
sqlite3.OperationalError: duplicate column name: vendor
2026-05-14 23:45:12 - huggin - DEBUG - Suppressed exception
Traceback (most recent call last):
  File "c:\Users\allie\Coding Projects\huggin_suite\huggin\app\core\asset_manager.py", line 121, in init_database
    conn.execute("ALTER TABLE assets ADD COLUMN notes TEXT DEFAULT ''")
    ~~~~~~~~~~~~^^^^^^^^^^^^^^^^^^^^^^^^^^^^^^^^^^^^^^^^^^^^^^^^^^^^^^^
sqlite3.OperationalError: duplicate column name: notes
2026-05-14 23:45:12 - huggin - INFO - Using default configuration
2026-05-14 23:45:14 - huggin - INFO - License saved successfully
2026-05-14 23:45:14 - huggin - INFO - License loaded and validated successfully
2026-05-14 23:45:21 - huggin - DEBUG - Suppressed exception
Traceback (most recent call last):
  File "c:\Users\allie\Coding Projects\huggin_suite\huggin\app\core\asset_manager.py", line 100, in init_database
    conn.execute("ALTER TABLE assets ADD COLUMN fqdn TEXT DEFAULT ''")
    ~~~~~~~~~~~~^^^^^^^^^^^^^^^^^^^^^^^^^^^^^^^^^^^^^^^^^^^^^^^^^^^^^^
sqlite3.OperationalError: duplicate column name: fqdn
2026-05-14 23:45:21 - huggin - DEBUG - Suppressed exception
Traceback (most recent call last):
  File "c:\Users\allie\Coding Projects\huggin_suite\huggin\app\core\asset_manager.py", line 107, in init_database
    conn.execute("ALTER TABLE assets ADD COLUMN mac_address TEXT DEFAULT ''")
    ~~~~~~~~~~~~^^^^^^^^^^^^^^^^^^^^^^^^^^^^^^^^^^^^^^^^^^^^^^^^^^^^^^^^^^^^^
sqlite3.OperationalError: duplicate column name: mac_address
2026-05-14 23:45:21 - huggin - DEBUG - Suppressed exception
Traceback (most recent call last):
  File "c:\Users\allie\Coding Projects\huggin_suite\huggin\app\core\asset_manager.py", line 114, in init_database
    conn.execute("ALTER TABLE assets ADD COLUMN vendor TEXT DEFAULT ''")
    ~~~~~~~~~~~~^^^^^^^^^^^^^^^^^^^^^^^^^^^^^^^^^^^^^^^^^^^^^^^^^^^^^^^^
sqlite3.OperationalError: duplicate column name: vendor
2026-05-14 23:45:21 - huggin - DEBUG - Suppressed exception
Traceback (most recent call last):
  File "c:\Users\allie\Coding Projects\huggin_suite\huggin\app\core\asset_manager.py", line 121, in init_database
    conn.execute("ALTER TABLE assets ADD COLUMN notes TEXT DEFAULT ''")
    ~~~~~~~~~~~~^^^^^^^^^^^^^^^^^^^^^^^^^^^^^^^^^^^^^^^^^^^^^^^^^^^^^^^
sqlite3.OperationalError: duplicate column name: notes
2026-05-14 23:45:21 - huggin - INFO - Using default configuration
2026-05-14 23:45:23 - huggin - INFO - License saved successfully
2026-05-14 23:45:23 - huggin - INFO - License loaded and validated successfully
2026-05-14 23:45:29 - huggin - DEBUG - Suppressed exception
Traceback (most recent call last):
  File "c:\Users\allie\Coding Projects\huggin_suite\huggin\app\core\asset_manager.py", line 100, in init_database
    conn.execute("ALTER TABLE assets ADD COLUMN fqdn TEXT DEFAULT ''")
    ~~~~~~~~~~~~^^^^^^^^^^^^^^^^^^^^^^^^^^^^^^^^^^^^^^^^^^^^^^^^^^^^^^
sqlite3.OperationalError: duplicate column name: fqdn
2026-05-14 23:45:29 - huggin - DEBUG - Suppressed exception
Traceback (most recent call last):
  File "c:\Users\allie\Coding Projects\huggin_suite\huggin\app\core\asset_manager.py", line 107, in init_database
    conn.execute("ALTER TABLE assets ADD COLUMN mac_address TEXT DEFAULT ''")
    ~~~~~~~~~~~~^^^^^^^^^^^^^^^^^^^^^^^^^^^^^^^^^^^^^^^^^^^^^^^^^^^^^^^^^^^^^
sqlite3.OperationalError: duplicate column name: mac_address
2026-05-14 23:45:29 - huggin - DEBUG - Suppressed exception
Traceback (most recent call last):
  File "c:\Users\allie\Coding Projects\huggin_suite\huggin\app\core\asset_manager.py", line 114, in init_database
    conn.execute("ALTER TABLE assets ADD COLUMN vendor TEXT DEFAULT ''")
    ~~~~~~~~~~~~^^^^^^^^^^^^^^^^^^^^^^^^^^^^^^^^^^^^^^^^^^^^^^^^^^^^^^^^
sqlite3.OperationalError: duplicate column name: vendor
2026-05-14 23:45:29 - huggin - DEBUG - Suppressed exception
Traceback (most recent call last):
  File "c:\Users\allie\Coding Projects\huggin_suite\huggin\app\core\asset_manager.py", line 121, in init_database
    conn.execute("ALTER TABLE assets ADD COLUMN notes TEXT DEFAULT ''")
    ~~~~~~~~~~~~^^^^^^^^^^^^^^^^^^^^^^^^^^^^^^^^^^^^^^^^^^^^^^^^^^^^^^^
sqlite3.OperationalError: duplicate column name: notes
2026-05-14 23:45:29 - huggin - INFO - Using default configuration
2026-05-14 23:45:31 - huggin - INFO - License saved successfully
2026-05-14 23:45:31 - huggin - INFO - License loaded and validated successfully
2026-05-14 23:45:47 - huggin - INFO - License saved successfully
2026-05-14 23:45:47 - huggin - INFO - License loaded and validated successfully
2026-05-14 23:45:47 - huggin - INFO - Application starting...
2026-05-14 23:45:47 - huggin - INFO - Font loaded successfully
2026-05-14 23:45:47 - huggin - INFO - Stylesheet loaded successfully
2026-05-14 23:45:47 - huggin - INFO - Creating main window...
2026-05-14 23:45:47 - huggin - INFO - QThreadPool max threads set to 32 (CPUs: 32)
2026-05-14 23:45:47 - huggin - INFO - Custom font 'Neuropol X' loaded from C:\Users\allie\Coding Projects\huggin_suite\huggin\resources\fonts\neuropol.otf
2026-05-14 23:45:47 - huggin - DEBUG - Suppressed exception
Traceback (most recent call last):
  File "C:\Users\allie\Coding Projects\huggin_suite\huggin\app\pages\page_registry.py", line 45, in register_all_pages
    from app.pages.db_attacks_page import DBAttacksPage
ImportError: cannot import name 'DBAttacksPage' from 'app.pages.db_attacks_page' (C:\Users\allie\Coding Projects\huggin_suite\huggin\app\pages\db_attacks_page.py)
2026-05-14 23:45:49 - huggin - DEBUG - Credentials loaded for profile 'default'
2026-05-14 23:45:56 - huggin - DEBUG - Suppressed exception
Traceback (most recent call last):
  File "C:\Users\allie\Coding Projects\huggin_suite\huggin\app\core\asset_manager.py", line 100, in init_database
    conn.execute("ALTER TABLE assets ADD COLUMN fqdn TEXT DEFAULT ''")
    ~~~~~~~~~~~~^^^^^^^^^^^^^^^^^^^^^^^^^^^^^^^^^^^^^^^^^^^^^^^^^^^^^^
sqlite3.OperationalError: duplicate column name: fqdn
2026-05-14 23:45:56 - huggin - DEBUG - Suppressed exception
Traceback (most recent call last):
  File "C:\Users\allie\Coding Projects\huggin_suite\huggin\app\core\asset_manager.py", line 107, in init_database
    conn.execute("ALTER TABLE assets ADD COLUMN mac_address TEXT DEFAULT ''")
    ~~~~~~~~~~~~^^^^^^^^^^^^^^^^^^^^^^^^^^^^^^^^^^^^^^^^^^^^^^^^^^^^^^^^^^^^^
sqlite3.OperationalError: duplicate column name: mac_address
2026-05-14 23:45:56 - huggin - DEBUG - Suppressed exception
Traceback (most recent call last):
  File "C:\Users\allie\Coding Projects\huggin_suite\huggin\app\core\asset_manager.py", line 114, in init_database
    conn.execute("ALTER TABLE assets ADD COLUMN vendor TEXT DEFAULT ''")
    ~~~~~~~~~~~~^^^^^^^^^^^^^^^^^^^^^^^^^^^^^^^^^^^^^^^^^^^^^^^^^^^^^^^^
sqlite3.OperationalError: duplicate column name: vendor
2026-05-14 23:45:56 - huggin - DEBUG - Suppressed exception
Traceback (most recent call last):
  File "C:\Users\allie\Coding Projects\huggin_suite\huggin\app\core\asset_manager.py", line 121, in init_database
    conn.execute("ALTER TABLE assets ADD COLUMN notes TEXT DEFAULT ''")
    ~~~~~~~~~~~~^^^^^^^^^^^^^^^^^^^^^^^^^^^^^^^^^^^^^^^^^^^^^^^^^^^^^^^
sqlite3.OperationalError: duplicate column name: notes
2026-05-14 23:46:32 - huggin - DEBUG - Credentials saved (encrypted) for profile 'default'
2026-05-14 23:46:32 - huggin - DEBUG - Credentials loaded for profile 'LAB'
2026-05-14 23:46:32 - huggin - DEBUG - Suppressed exception
Traceback (most recent call last):
  File "C:\Users\allie\Coding Projects\huggin_suite\huggin\app\core\scope_manager.py", line 62, in _parse_scope_text
    ipaddress.IPv4Address(item)
    ~~~~~~~~~~~~~~~~~~~~~^^^^^^
  File "C:\Users\allie\anaconda3\Lib\ipaddress.py", line 1319, in __init__
    self._ip = self._ip_int_from_string(addr_str)
               ~~~~~~~~~~~~~~~~~~~~~~~~^^^^^^^^^^
  File "C:\Users\allie\anaconda3\Lib\ipaddress.py", line 1206, in _ip_int_from_string
    raise AddressValueError("Expected 4 octets in %r" % ip_str)
ipaddress.AddressValueError: Expected 4 octets in '*.lab.local'
2026-05-14 23:46:32 - huggin - DEBUG - Suppressed exception
Traceback (most recent call last):
  File "C:\Users\allie\Coding Projects\huggin_suite\huggin\app\core\scope_manager.py", line 62, in _parse_scope_text
    ipaddress.IPv4Address(item)
    ~~~~~~~~~~~~~~~~~~~~~^^^^^^
  File "C:\Users\allie\anaconda3\Lib\ipaddress.py", line 1319, in __init__
    self._ip = self._ip_int_from_string(addr_str)
               ~~~~~~~~~~~~~~~~~~~~~~~~^^^^^^^^^^
  File "C:\Users\allie\anaconda3\Lib\ipaddress.py", line 1206, in _ip_int_from_string
    raise AddressValueError("Expected 4 octets in %r" % ip_str)
ipaddress.AddressValueError: Expected 4 octets in '*.lab.local'
2026-05-14 23:46:32 - huggin - DEBUG - Credentials saved (encrypted) for profile 'LAB'
2026-05-14 23:46:32 - huggin - DEBUG - Credentials saved (encrypted) for profile 'LAB'
2026-05-14 23:46:32 - huggin - DEBUG - Credentials saved (encrypted) for profile 'LAB'
2026-05-14 23:46:32 - huggin - DEBUG - Suppressed exception
Traceback (most recent call last):
  File "C:\Users\allie\Coding Projects\huggin_suite\huggin\app\core\scope_manager.py", line 62, in _parse_scope_text
    ipaddress.IPv4Address(item)
    ~~~~~~~~~~~~~~~~~~~~~^^^^^^
  File "C:\Users\allie\anaconda3\Lib\ipaddress.py", line 1319, in __init__
    self._ip = self._ip_int_from_string(addr_str)
               ~~~~~~~~~~~~~~~~~~~~~~~~^^^^^^^^^^
  File "C:\Users\allie\anaconda3\Lib\ipaddress.py", line 1206, in _ip_int_from_string
    raise AddressValueError("Expected 4 octets in %r" % ip_str)
ipaddress.AddressValueError: Expected 4 octets in '*.lab.local'
2026-05-14 23:48:07 - huggin - DEBUG - Credentials saved (encrypted) for profile 'LAB'
2026-05-14 23:48:07 - huggin - DEBUG - Credentials loaded for profile 'HTB-Code'
2026-05-14 23:48:07 - huggin - DEBUG - Credentials saved (encrypted) for profile 'HTB-Code'
2026-05-14 23:49:02 - huggin - DEBUG - Credentials saved (encrypted) for profile 'HTB-Code'
2026-05-14 23:49:02 - huggin - DEBUG - Credentials loaded for profile 'LAB'
2026-05-14 23:49:02 - huggin - DEBUG - Suppressed exception
Traceback (most recent call last):
  File "C:\Users\allie\Coding Projects\huggin_suite\huggin\app\core\scope_manager.py", line 62, in _parse_scope_text
    ipaddress.IPv4Address(item)
    ~~~~~~~~~~~~~~~~~~~~~^^^^^^
  File "C:\Users\allie\anaconda3\Lib\ipaddress.py", line 1319, in __init__
    self._ip = self._ip_int_from_string(addr_str)
               ~~~~~~~~~~~~~~~~~~~~~~~~^^^^^^^^^^
  File "C:\Users\allie\anaconda3\Lib\ipaddress.py", line 1206, in _ip_int_from_string
    raise AddressValueError("Expected 4 octets in %r" % ip_str)
ipaddress.AddressValueError: Expected 4 octets in '*.lab.local'
2026-05-14 23:49:02 - huggin - DEBUG - Suppressed exception
Traceback (most recent call last):
  File "C:\Users\allie\Coding Projects\huggin_suite\huggin\app\core\scope_manager.py", line 62, in _parse_scope_text
    ipaddress.IPv4Address(item)
    ~~~~~~~~~~~~~~~~~~~~~^^^^^^
  File "C:\Users\allie\anaconda3\Lib\ipaddress.py", line 1319, in __init__
    self._ip = self._ip_int_from_string(addr_str)
               ~~~~~~~~~~~~~~~~~~~~~~~~^^^^^^^^^^
  File "C:\Users\allie\anaconda3\Lib\ipaddress.py", line 1206, in _ip_int_from_string
    raise AddressValueError("Expected 4 octets in %r" % ip_str)
ipaddress.AddressValueError: Expected 4 octets in '*.lab.local'
2026-05-14 23:49:02 - huggin - DEBUG - Credentials saved (encrypted) for profile 'LAB'
2026-05-14 23:49:02 - huggin - DEBUG - Credentials saved (encrypted) for profile 'LAB'
2026-05-14 23:49:02 - huggin - DEBUG - Credentials saved (encrypted) for profile 'LAB'
2026-05-14 23:49:02 - huggin - DEBUG - Suppressed exception
Traceback (most recent call last):
  File "C:\Users\allie\Coding Projects\huggin_suite\huggin\app\core\scope_manager.py", line 62, in _parse_scope_text
    ipaddress.IPv4Address(item)
    ~~~~~~~~~~~~~~~~~~~~~^^^^^^
  File "C:\Users\allie\anaconda3\Lib\ipaddress.py", line 1319, in __init__
    self._ip = self._ip_int_from_string(addr_str)
               ~~~~~~~~~~~~~~~~~~~~~~~~^^^^^^^^^^
  File "C:\Users\allie\anaconda3\Lib\ipaddress.py", line 1206, in _ip_int_from_string
    raise AddressValueError("Expected 4 octets in %r" % ip_str)
ipaddress.AddressValueError: Expected 4 octets in '*.lab.local'
2026-05-14 23:50:08 - huggin - DEBUG - Memory monitoring stopped
2026-05-14 23:50:08 - huggin - DEBUG - Connection pool closed all sessions
2026-05-14 23:50:08 - huggin - INFO - Update manager stopped during cleanup
2026-05-14 23:50:34 - huggin - INFO - License saved successfully
2026-05-14 23:50:34 - huggin - INFO - License loaded and validated successfully
2026-05-14 23:50:34 - huggin - INFO - Application starting...
2026-05-14 23:50:34 - huggin - INFO - Font loaded successfully
2026-05-14 23:50:34 - huggin - INFO - Stylesheet loaded successfully
2026-05-14 23:50:34 - huggin - INFO - Creating main window...
2026-05-14 23:50:34 - huggin - INFO - QThreadPool max threads set to 32 (CPUs: 32)
2026-05-14 23:50:34 - huggin - INFO - Custom font 'Neuropol X' loaded from C:\Users\allie\Coding Projects\huggin_suite\huggin\resources\fonts\neuropol.otf
2026-05-14 23:50:34 - huggin - DEBUG - Suppressed exception
Traceback (most recent call last):
  File "C:\Users\allie\Coding Projects\huggin_suite\huggin\app\pages\page_registry.py", line 45, in register_all_pages
    from app.pages.db_attacks_page import DBAttacksPage
ImportError: cannot import name 'DBAttacksPage' from 'app.pages.db_attacks_page' (C:\Users\allie\Coding Projects\huggin_suite\huggin\app\pages\db_attacks_page.py)
2026-05-14 23:50:40 - huggin - DEBUG - Credentials loaded for profile 'default'
2026-05-14 23:57:38 - huggin - DEBUG - Session token generated
2026-05-15 00:04:17 - huggin - DEBUG - Suppressed exception
Traceback (most recent call last):
  File "C:\Users\allie\Coding Projects\huggin_suite\huggin\app\core\asset_manager.py", line 100, in init_database
    conn.execute("ALTER TABLE assets ADD COLUMN fqdn TEXT DEFAULT ''")
    ~~~~~~~~~~~~^^^^^^^^^^^^^^^^^^^^^^^^^^^^^^^^^^^^^^^^^^^^^^^^^^^^^^
sqlite3.OperationalError: duplicate column name: fqdn
2026-05-15 00:04:17 - huggin - DEBUG - Suppressed exception
Traceback (most recent call last):
  File "C:\Users\allie\Coding Projects\huggin_suite\huggin\app\core\asset_manager.py", line 107, in init_database
    conn.execute("ALTER TABLE assets ADD COLUMN mac_address TEXT DEFAULT ''")
    ~~~~~~~~~~~~^^^^^^^^^^^^^^^^^^^^^^^^^^^^^^^^^^^^^^^^^^^^^^^^^^^^^^^^^^^^^
sqlite3.OperationalError: duplicate column name: mac_address
2026-05-15 00:04:17 - huggin - DEBUG - Suppressed exception
Traceback (most recent call last):
  File "C:\Users\allie\Coding Projects\huggin_suite\huggin\app\core\asset_manager.py", line 114, in init_database
    conn.execute("ALTER TABLE assets ADD COLUMN vendor TEXT DEFAULT ''")
    ~~~~~~~~~~~~^^^^^^^^^^^^^^^^^^^^^^^^^^^^^^^^^^^^^^^^^^^^^^^^^^^^^^^^
sqlite3.OperationalError: duplicate column name: vendor
2026-05-15 00:04:17 - huggin - DEBUG - Suppressed exception
Traceback (most recent call last):
  File "C:\Users\allie\Coding Projects\huggin_suite\huggin\app\core\asset_manager.py", line 121, in init_database
    conn.execute("ALTER TABLE assets ADD COLUMN notes TEXT DEFAULT ''")
    ~~~~~~~~~~~~^^^^^^^^^^^^^^^^^^^^^^^^^^^^^^^^^^^^^^^^^^^^^^^^^^^^^^^
sqlite3.OperationalError: duplicate column name: notes
2026-05-15 00:05:24 - huggin - DEBUG - Memory monitoring stopped
2026-05-15 00:05:24 - huggin - DEBUG - Connection pool closed all sessions
2026-05-15 00:05:24 - huggin - INFO - Update manager stopped during cleanup
