2026-05-17 23:14:18 - huginn - INFO - License saved successfully
2026-05-17 23:14:18 - huginn - INFO - License loaded and validated successfully
2026-05-17 23:14:19 - huginn - INFO - Application starting...
2026-05-17 23:14:19 - huginn - INFO - Font loaded successfully
2026-05-17 23:14:19 - huginn - INFO - Stylesheet loaded successfully
2026-05-17 23:14:19 - huginn - INFO - Creating main window...
2026-05-17 23:14:19 - huginn - INFO - QThreadPool max threads set to 32 (CPUs: 32)
2026-05-17 23:14:19 - huginn - INFO - Custom font 'Neuropol X' loaded from C:\Users\allie\Coding Projects\huggin_suite\huginn\resources\fonts\neuropol.otf
2026-05-17 23:14:19 - huginn - DEBUG - Suppressed exception
Traceback (most recent call last):
  File "C:\Users\allie\Coding Projects\huggin_suite\huginn\app\pages\page_registry.py", line 45, in register_all_pages
    from app.pages.db_attacks_page import DBAttacksPage
ImportError: cannot import name 'DBAttacksPage' from 'app.pages.db_attacks_page' (C:\Users\allie\Coding Projects\huggin_suite\huginn\app\pages\db_attacks_page.py)
2026-05-17 23:14:22 - huginn - DEBUG - Credentials loaded for profile 'HTB-Code'
2026-05-17 23:14:22 - huginn - DEBUG - Credentials loaded for profile 'HTB-Code'
2026-05-17 23:14:23 - huginn - DEBUG - Credentials loaded for profile 'HTB-Code'
2026-05-17 23:14:24 - huginn - INFO - [CredentialManager] set_profile('LAB') from 'HTB-Code'
  File "C:\Users\allie\Coding Projects\huggin_suite\huginn\main.py", line 112, in <module>
    main()
  File "C:\Users\allie\Coding Projects\huggin_suite\huginn\main.py", line 109, in main
    exit(app.exec())
  File "C:\Users\allie\Coding Projects\huggin_suite\huginn\app\pages\attack_chain_home.py", line 740, in on_profile_selected
    credential_manager.set_profile(profile_name)
  File "C:\Users\allie\Coding Projects\huggin_suite\huginn\app\core\credential_manager.py", line 196, in set_profile
    + ''.join(_tb.format_stack(limit=6))

2026-05-17 23:14:24 - huginn - INFO - [CredentialManager] Saved 2 credential(s) to profile 'HTB-Code' → HTB-Code_credentials.enc
2026-05-17 23:14:24 - huginn - DEBUG - Credentials loaded for profile 'LAB'
2026-05-17 23:14:24 - huginn - DEBUG - Suppressed exception
Traceback (most recent call last):
  File "C:\Users\allie\Coding Projects\huggin_suite\huginn\app\core\scope_manager.py", line 62, in _parse_scope_text
    ipaddress.IPv4Address(item)
    ~~~~~~~~~~~~~~~~~~~~~^^^^^^
  File "C:\Users\allie\anaconda3\Lib\ipaddress.py", line 1319, in __init__
    self._ip = self._ip_int_from_string(addr_str)
               ~~~~~~~~~~~~~~~~~~~~~~~~^^^^^^^^^^
  File "C:\Users\allie\anaconda3\Lib\ipaddress.py", line 1206, in _ip_int_from_string
    raise AddressValueError("Expected 4 octets in %r" % ip_str)
ipaddress.AddressValueError: Expected 4 octets in '*.lab.local'
2026-05-17 23:14:24 - huginn - DEBUG - Suppressed exception
Traceback (most recent call last):
  File "C:\Users\allie\Coding Projects\huggin_suite\huginn\app\core\scope_manager.py", line 62, in _parse_scope_text
    ipaddress.IPv4Address(item)
    ~~~~~~~~~~~~~~~~~~~~~^^^^^^
  File "C:\Users\allie\anaconda3\Lib\ipaddress.py", line 1319, in __init__
    self._ip = self._ip_int_from_string(addr_str)
               ~~~~~~~~~~~~~~~~~~~~~~~~^^^^^^^^^^
  File "C:\Users\allie\anaconda3\Lib\ipaddress.py", line 1206, in _ip_int_from_string
    raise AddressValueError("Expected 4 octets in %r" % ip_str)
ipaddress.AddressValueError: Expected 4 octets in '*.lab.local'
2026-05-17 23:14:24 - huginn - INFO - [CredentialManager] Saved 1 credential(s) to profile 'LAB' → LAB_credentials.enc
2026-05-17 23:14:24 - huginn - INFO - [CredentialManager] Saved 2 credential(s) to profile 'LAB' → LAB_credentials.enc
2026-05-17 23:14:24 - huginn - INFO - [CredentialManager] Saved 3 credential(s) to profile 'LAB' → LAB_credentials.enc
2026-05-17 23:14:24 - huginn - DEBUG - Credentials loaded for profile 'LAB'
2026-05-17 23:14:24 - huginn - DEBUG - Suppressed exception
Traceback (most recent call last):
  File "C:\Users\allie\Coding Projects\huggin_suite\huginn\app\core\scope_manager.py", line 62, in _parse_scope_text
    ipaddress.IPv4Address(item)
    ~~~~~~~~~~~~~~~~~~~~~^^^^^^
  File "C:\Users\allie\anaconda3\Lib\ipaddress.py", line 1319, in __init__
    self._ip = self._ip_int_from_string(addr_str)
               ~~~~~~~~~~~~~~~~~~~~~~~~^^^^^^^^^^
  File "C:\Users\allie\anaconda3\Lib\ipaddress.py", line 1206, in _ip_int_from_string
    raise AddressValueError("Expected 4 octets in %r" % ip_str)
ipaddress.AddressValueError: Expected 4 octets in '*.lab.local'
2026-05-17 23:14:36 - huginn - INFO - [CredentialManager] Saved 4 credential(s) to profile 'LAB' → LAB_credentials.enc
2026-05-17 23:14:36 - huginn - DEBUG - Credentials loaded for profile 'LAB'
2026-05-17 23:14:55 - huginn - INFO - [CredentialManager] set_profile('TestProfile') from 'LAB'
  File "C:\Users\allie\Coding Projects\huggin_suite\huginn\main.py", line 112, in <module>
    main()
  File "C:\Users\allie\Coding Projects\huggin_suite\huginn\main.py", line 109, in main
    exit(app.exec())
  File "C:\Users\allie\Coding Projects\huggin_suite\huginn\app\main_window\main_window_refactored.py", line 869, in new_profile
    page.new_profile()
  File "C:\Users\allie\Coding Projects\huggin_suite\huginn\app\pages\attack_chain_home.py", line 871, in new_profile
    credential_manager.set_profile(profile_name)
  File "C:\Users\allie\Coding Projects\huggin_suite\huginn\app\core\credential_manager.py", line 196, in set_profile
    + ''.join(_tb.format_stack(limit=6))

2026-05-17 23:14:55 - huginn - INFO - [CredentialManager] Saved 4 credential(s) to profile 'LAB' → LAB_credentials.enc
2026-05-17 23:14:55 - huginn - INFO - [CredentialManager] set_profile('TestProfile') from 'TestProfile'
  File "C:\Users\allie\Coding Projects\huggin_suite\huginn\main.py", line 112, in <module>
    main()
  File "C:\Users\allie\Coding Projects\huggin_suite\huginn\main.py", line 109, in main
    exit(app.exec())
  File "C:\Users\allie\Coding Projects\huggin_suite\huginn\app\main_window\main_window_refactored.py", line 869, in new_profile
    page.new_profile()
  File "C:\Users\allie\Coding Projects\huggin_suite\huginn\app\pages\attack_chain_home.py", line 887, in new_profile
    self.target_table.selectRow(row)
  File "C:\Users\allie\Coding Projects\huggin_suite\huginn\app\pages\attack_chain_home.py", line 740, in on_profile_selected
    credential_manager.set_profile(profile_name)
  File "C:\Users\allie\Coding Projects\huggin_suite\huginn\app\core\credential_manager.py", line 196, in set_profile
    + ''.join(_tb.format_stack(limit=6))

2026-05-17 23:14:56 - huginn - INFO - [CredentialManager] set_profile('TestProfile') from 'TestProfile'
  File "C:\Users\allie\Coding Projects\huggin_suite\huginn\main.py", line 112, in <module>
    main()
  File "C:\Users\allie\Coding Projects\huggin_suite\huginn\main.py", line 109, in main
    exit(app.exec())
  File "C:\Users\allie\Coding Projects\huggin_suite\huginn\app\pages\attack_chain_home.py", line 740, in on_profile_selected
    credential_manager.set_profile(profile_name)
  File "C:\Users\allie\Coding Projects\huggin_suite\huginn\app\core\credential_manager.py", line 196, in set_profile
    + ''.join(_tb.format_stack(limit=6))

2026-05-17 23:14:59 - huginn - DEBUG - Suppressed exception
Traceback (most recent call last):
  File "C:\Users\allie\Coding Projects\huggin_suite\huginn\app\core\scope_manager.py", line 62, in _parse_scope_text
    ipaddress.IPv4Address(item)
    ~~~~~~~~~~~~~~~~~~~~~^^^^^^
  File "C:\Users\allie\anaconda3\Lib\ipaddress.py", line 1319, in __init__
    self._ip = self._ip_int_from_string(addr_str)
               ~~~~~~~~~~~~~~~~~~~~~~~~^^^^^^^^^^
  File "C:\Users\allie\anaconda3\Lib\ipaddress.py", line 1206, in _ip_int_from_string
    raise AddressValueError("Expected 4 octets in %r" % ip_str)
ipaddress.AddressValueError: Expected 4 octets in '1'
2026-05-17 23:14:59 - huginn - DEBUG - Suppressed exception
Traceback (most recent call last):
  File "C:\Users\allie\Coding Projects\huggin_suite\huginn\app\core\scope_manager.py", line 62, in _parse_scope_text
    ipaddress.IPv4Address(item)
    ~~~~~~~~~~~~~~~~~~~~~^^^^^^
  File "C:\Users\allie\anaconda3\Lib\ipaddress.py", line 1319, in __init__
    self._ip = self._ip_int_from_string(addr_str)
               ~~~~~~~~~~~~~~~~~~~~~~~~^^^^^^^^^^
  File "C:\Users\allie\anaconda3\Lib\ipaddress.py", line 1206, in _ip_int_from_string
    raise AddressValueError("Expected 4 octets in %r" % ip_str)
ipaddress.AddressValueError: Expected 4 octets in '19'
2026-05-17 23:14:59 - huginn - DEBUG - Suppressed exception
Traceback (most recent call last):
  File "C:\Users\allie\Coding Projects\huggin_suite\huginn\app\core\scope_manager.py", line 62, in _parse_scope_text
    ipaddress.IPv4Address(item)
    ~~~~~~~~~~~~~~~~~~~~~^^^^^^
  File "C:\Users\allie\anaconda3\Lib\ipaddress.py", line 1319, in __init__
    self._ip = self._ip_int_from_string(addr_str)
               ~~~~~~~~~~~~~~~~~~~~~~~~^^^^^^^^^^
  File "C:\Users\allie\anaconda3\Lib\ipaddress.py", line 1206, in _ip_int_from_string
    raise AddressValueError("Expected 4 octets in %r" % ip_str)
ipaddress.AddressValueError: Expected 4 octets in '192'
2026-05-17 23:14:59 - huginn - DEBUG - Suppressed exception
Traceback (most recent call last):
  File "C:\Users\allie\Coding Projects\huggin_suite\huginn\app\core\scope_manager.py", line 62, in _parse_scope_text
    ipaddress.IPv4Address(item)
    ~~~~~~~~~~~~~~~~~~~~~^^^^^^
  File "C:\Users\allie\anaconda3\Lib\ipaddress.py", line 1319, in __init__
    self._ip = self._ip_int_from_string(addr_str)
               ~~~~~~~~~~~~~~~~~~~~~~~~^^^^^^^^^^
  File "C:\Users\allie\anaconda3\Lib\ipaddress.py", line 1206, in _ip_int_from_string
    raise AddressValueError("Expected 4 octets in %r" % ip_str)
ipaddress.AddressValueError: Expected 4 octets in '192.'
2026-05-17 23:14:59 - huginn - DEBUG - Suppressed exception
Traceback (most recent call last):
  File "C:\Users\allie\Coding Projects\huggin_suite\huginn\app\core\scope_manager.py", line 62, in _parse_scope_text
    ipaddress.IPv4Address(item)
    ~~~~~~~~~~~~~~~~~~~~~^^^^^^
  File "C:\Users\allie\anaconda3\Lib\ipaddress.py", line 1319, in __init__
    self._ip = self._ip_int_from_string(addr_str)
               ~~~~~~~~~~~~~~~~~~~~~~~~^^^^^^^^^^
  File "C:\Users\allie\anaconda3\Lib\ipaddress.py", line 1206, in _ip_int_from_string
    raise AddressValueError("Expected 4 octets in %r" % ip_str)
ipaddress.AddressValueError: Expected 4 octets in '192.1'
2026-05-17 23:14:59 - huginn - DEBUG - Suppressed exception
Traceback (most recent call last):
  File "C:\Users\allie\Coding Projects\huggin_suite\huginn\app\core\scope_manager.py", line 62, in _parse_scope_text
    ipaddress.IPv4Address(item)
    ~~~~~~~~~~~~~~~~~~~~~^^^^^^
  File "C:\Users\allie\anaconda3\Lib\ipaddress.py", line 1319, in __init__
    self._ip = self._ip_int_from_string(addr_str)
               ~~~~~~~~~~~~~~~~~~~~~~~~^^^^^^^^^^
  File "C:\Users\allie\anaconda3\Lib\ipaddress.py", line 1206, in _ip_int_from_string
    raise AddressValueError("Expected 4 octets in %r" % ip_str)
ipaddress.AddressValueError: Expected 4 octets in '192.16'
2026-05-17 23:14:59 - huginn - DEBUG - Suppressed exception
Traceback (most recent call last):
  File "C:\Users\allie\Coding Projects\huggin_suite\huginn\app\core\scope_manager.py", line 62, in _parse_scope_text
    ipaddress.IPv4Address(item)
    ~~~~~~~~~~~~~~~~~~~~~^^^^^^
  File "C:\Users\allie\anaconda3\Lib\ipaddress.py", line 1319, in __init__
    self._ip = self._ip_int_from_string(addr_str)
               ~~~~~~~~~~~~~~~~~~~~~~~~^^^^^^^^^^
  File "C:\Users\allie\anaconda3\Lib\ipaddress.py", line 1206, in _ip_int_from_string
    raise AddressValueError("Expected 4 octets in %r" % ip_str)
ipaddress.AddressValueError: Expected 4 octets in '192.168'
2026-05-17 23:15:00 - huginn - DEBUG - Suppressed exception
Traceback (most recent call last):
  File "C:\Users\allie\Coding Projects\huggin_suite\huginn\app\core\scope_manager.py", line 62, in _parse_scope_text
    ipaddress.IPv4Address(item)
    ~~~~~~~~~~~~~~~~~~~~~^^^^^^
  File "C:\Users\allie\anaconda3\Lib\ipaddress.py", line 1319, in __init__
    self._ip = self._ip_int_from_string(addr_str)
               ~~~~~~~~~~~~~~~~~~~~~~~~^^^^^^^^^^
  File "C:\Users\allie\anaconda3\Lib\ipaddress.py", line 1206, in _ip_int_from_string
    raise AddressValueError("Expected 4 octets in %r" % ip_str)
ipaddress.AddressValueError: Expected 4 octets in '192.168.'
2026-05-17 23:15:00 - huginn - DEBUG - Suppressed exception
Traceback (most recent call last):
  File "C:\Users\allie\Coding Projects\huggin_suite\huginn\app\core\scope_manager.py", line 62, in _parse_scope_text
    ipaddress.IPv4Address(item)
    ~~~~~~~~~~~~~~~~~~~~~^^^^^^
  File "C:\Users\allie\anaconda3\Lib\ipaddress.py", line 1319, in __init__
    self._ip = self._ip_int_from_string(addr_str)
               ~~~~~~~~~~~~~~~~~~~~~~~~^^^^^^^^^^
  File "C:\Users\allie\anaconda3\Lib\ipaddress.py", line 1206, in _ip_int_from_string
    raise AddressValueError("Expected 4 octets in %r" % ip_str)
ipaddress.AddressValueError: Expected 4 octets in '192.168.1'
2026-05-17 23:15:00 - huginn - DEBUG - Suppressed exception
Traceback (most recent call last):
  File "C:\Users\allie\Coding Projects\huggin_suite\huginn\app\core\scope_manager.py", line 62, in _parse_scope_text
    ipaddress.IPv4Address(item)
    ~~~~~~~~~~~~~~~~~~~~~^^^^^^
  File "C:\Users\allie\anaconda3\Lib\ipaddress.py", line 1319, in __init__
    self._ip = self._ip_int_from_string(addr_str)
               ~~~~~~~~~~~~~~~~~~~~~~~~^^^^^^^^^^
  File "C:\Users\allie\anaconda3\Lib\ipaddress.py", line 1211, in _ip_int_from_string
    raise AddressValueError("%s in %r" % (exc, ip_str)) from None
ipaddress.AddressValueError: Empty octet not permitted in '192.168.1.'
2026-05-17 23:15:05 - huginn - DEBUG - Suppressed exception
Traceback (most recent call last):
  File "C:\Users\allie\Coding Projects\huggin_suite\huginn\app\core\scope_manager.py", line 62, in _parse_scope_text
    ipaddress.IPv4Address(item)
    ~~~~~~~~~~~~~~~~~~~~~^^^^^^
  File "C:\Users\allie\anaconda3\Lib\ipaddress.py", line 1319, in __init__
    self._ip = self._ip_int_from_string(addr_str)
               ~~~~~~~~~~~~~~~~~~~~~~~~^^^^^^^^^^
  File "C:\Users\allie\anaconda3\Lib\ipaddress.py", line 1206, in _ip_int_from_string
    raise AddressValueError("Expected 4 octets in %r" % ip_str)
ipaddress.AddressValueError: Expected 4 octets in '1'
2026-05-17 23:15:05 - huginn - DEBUG - Suppressed exception
Traceback (most recent call last):
  File "C:\Users\allie\Coding Projects\huggin_suite\huginn\app\core\scope_manager.py", line 62, in _parse_scope_text
    ipaddress.IPv4Address(item)
    ~~~~~~~~~~~~~~~~~~~~~^^^^^^
  File "C:\Users\allie\anaconda3\Lib\ipaddress.py", line 1319, in __init__
    self._ip = self._ip_int_from_string(addr_str)
               ~~~~~~~~~~~~~~~~~~~~~~~~^^^^^^^^^^
  File "C:\Users\allie\anaconda3\Lib\ipaddress.py", line 1206, in _ip_int_from_string
    raise AddressValueError("Expected 4 octets in %r" % ip_str)
ipaddress.AddressValueError: Expected 4 octets in '19'
2026-05-17 23:15:05 - huginn - DEBUG - Suppressed exception
Traceback (most recent call last):
  File "C:\Users\allie\Coding Projects\huggin_suite\huginn\app\core\scope_manager.py", line 62, in _parse_scope_text
    ipaddress.IPv4Address(item)
    ~~~~~~~~~~~~~~~~~~~~~^^^^^^
  File "C:\Users\allie\anaconda3\Lib\ipaddress.py", line 1319, in __init__
    self._ip = self._ip_int_from_string(addr_str)
               ~~~~~~~~~~~~~~~~~~~~~~~~^^^^^^^^^^
  File "C:\Users\allie\anaconda3\Lib\ipaddress.py", line 1206, in _ip_int_from_string
    raise AddressValueError("Expected 4 octets in %r" % ip_str)
ipaddress.AddressValueError: Expected 4 octets in '192'
2026-05-17 23:15:05 - huginn - DEBUG - Suppressed exception
Traceback (most recent call last):
  File "C:\Users\allie\Coding Projects\huggin_suite\huginn\app\core\scope_manager.py", line 62, in _parse_scope_text
    ipaddress.IPv4Address(item)
    ~~~~~~~~~~~~~~~~~~~~~^^^^^^
  File "C:\Users\allie\anaconda3\Lib\ipaddress.py", line 1319, in __init__
    self._ip = self._ip_int_from_string(addr_str)
               ~~~~~~~~~~~~~~~~~~~~~~~~^^^^^^^^^^
  File "C:\Users\allie\anaconda3\Lib\ipaddress.py", line 1206, in _ip_int_from_string
    raise AddressValueError("Expected 4 octets in %r" % ip_str)
ipaddress.AddressValueError: Expected 4 octets in '192.'
2026-05-17 23:15:05 - huginn - DEBUG - Suppressed exception
Traceback (most recent call last):
  File "C:\Users\allie\Coding Projects\huggin_suite\huginn\app\core\scope_manager.py", line 62, in _parse_scope_text
    ipaddress.IPv4Address(item)
    ~~~~~~~~~~~~~~~~~~~~~^^^^^^
  File "C:\Users\allie\anaconda3\Lib\ipaddress.py", line 1319, in __init__
    self._ip = self._ip_int_from_string(addr_str)
               ~~~~~~~~~~~~~~~~~~~~~~~~^^^^^^^^^^
  File "C:\Users\allie\anaconda3\Lib\ipaddress.py", line 1206, in _ip_int_from_string
    raise AddressValueError("Expected 4 octets in %r" % ip_str)
ipaddress.AddressValueError: Expected 4 octets in '192.1'
2026-05-17 23:15:06 - huginn - DEBUG - Suppressed exception
Traceback (most recent call last):
  File "C:\Users\allie\Coding Projects\huggin_suite\huginn\app\core\scope_manager.py", line 62, in _parse_scope_text
    ipaddress.IPv4Address(item)
    ~~~~~~~~~~~~~~~~~~~~~^^^^^^
  File "C:\Users\allie\anaconda3\Lib\ipaddress.py", line 1319, in __init__
    self._ip = self._ip_int_from_string(addr_str)
               ~~~~~~~~~~~~~~~~~~~~~~~~^^^^^^^^^^
  File "C:\Users\allie\anaconda3\Lib\ipaddress.py", line 1206, in _ip_int_from_string
    raise AddressValueError("Expected 4 octets in %r" % ip_str)
ipaddress.AddressValueError: Expected 4 octets in '192.16'
2026-05-17 23:15:06 - huginn - DEBUG - Suppressed exception
Traceback (most recent call last):
  File "C:\Users\allie\Coding Projects\huggin_suite\huginn\app\core\scope_manager.py", line 62, in _parse_scope_text
    ipaddress.IPv4Address(item)
    ~~~~~~~~~~~~~~~~~~~~~^^^^^^
  File "C:\Users\allie\anaconda3\Lib\ipaddress.py", line 1319, in __init__
    self._ip = self._ip_int_from_string(addr_str)
               ~~~~~~~~~~~~~~~~~~~~~~~~^^^^^^^^^^
  File "C:\Users\allie\anaconda3\Lib\ipaddress.py", line 1206, in _ip_int_from_string
    raise AddressValueError("Expected 4 octets in %r" % ip_str)
ipaddress.AddressValueError: Expected 4 octets in '192.168'
2026-05-17 23:15:06 - huginn - DEBUG - Suppressed exception
Traceback (most recent call last):
  File "C:\Users\allie\Coding Projects\huggin_suite\huginn\app\core\scope_manager.py", line 62, in _parse_scope_text
    ipaddress.IPv4Address(item)
    ~~~~~~~~~~~~~~~~~~~~~^^^^^^
  File "C:\Users\allie\anaconda3\Lib\ipaddress.py", line 1319, in __init__
    self._ip = self._ip_int_from_string(addr_str)
               ~~~~~~~~~~~~~~~~~~~~~~~~^^^^^^^^^^
  File "C:\Users\allie\anaconda3\Lib\ipaddress.py", line 1206, in _ip_int_from_string
    raise AddressValueError("Expected 4 octets in %r" % ip_str)
ipaddress.AddressValueError: Expected 4 octets in '192.168.'
2026-05-17 23:15:06 - huginn - DEBUG - Suppressed exception
Traceback (most recent call last):
  File "C:\Users\allie\Coding Projects\huggin_suite\huginn\app\core\scope_manager.py", line 62, in _parse_scope_text
    ipaddress.IPv4Address(item)
    ~~~~~~~~~~~~~~~~~~~~~^^^^^^
  File "C:\Users\allie\anaconda3\Lib\ipaddress.py", line 1319, in __init__
    self._ip = self._ip_int_from_string(addr_str)
               ~~~~~~~~~~~~~~~~~~~~~~~~^^^^^^^^^^
  File "C:\Users\allie\anaconda3\Lib\ipaddress.py", line 1206, in _ip_int_from_string
    raise AddressValueError("Expected 4 octets in %r" % ip_str)
ipaddress.AddressValueError: Expected 4 octets in '192.168.1'
2026-05-17 23:15:07 - huginn - DEBUG - Suppressed exception
Traceback (most recent call last):
  File "C:\Users\allie\Coding Projects\huggin_suite\huginn\app\core\scope_manager.py", line 62, in _parse_scope_text
    ipaddress.IPv4Address(item)
    ~~~~~~~~~~~~~~~~~~~~~^^^^^^
  File "C:\Users\allie\anaconda3\Lib\ipaddress.py", line 1319, in __init__
    self._ip = self._ip_int_from_string(addr_str)
               ~~~~~~~~~~~~~~~~~~~~~~~~^^^^^^^^^^
  File "C:\Users\allie\anaconda3\Lib\ipaddress.py", line 1211, in _ip_int_from_string
    raise AddressValueError("%s in %r" % (exc, ip_str)) from None
ipaddress.AddressValueError: Empty octet not permitted in '192.168.1.'
2026-05-17 23:15:29 - huginn - INFO - [CredentialManager] set_profile('TestProfile') from 'TestProfile'
  File "C:\Users\allie\Coding Projects\huggin_suite\huginn\main.py", line 112, in <module>
    main()
  File "C:\Users\allie\Coding Projects\huggin_suite\huginn\main.py", line 109, in main
    exit(app.exec())
  File "C:\Users\allie\Coding Projects\huggin_suite\huginn\app\pages\attack_chain_home.py", line 740, in on_profile_selected
    credential_manager.set_profile(profile_name)
  File "C:\Users\allie\Coding Projects\huggin_suite\huginn\app\core\credential_manager.py", line 196, in set_profile
    + ''.join(_tb.format_stack(limit=6))

2026-05-17 23:15:30 - huginn - INFO - [CredentialManager] set_profile('LAB') from 'TestProfile'
  File "C:\Users\allie\Coding Projects\huggin_suite\huginn\main.py", line 112, in <module>
    main()
  File "C:\Users\allie\Coding Projects\huggin_suite\huginn\main.py", line 109, in main
    exit(app.exec())
  File "C:\Users\allie\Coding Projects\huggin_suite\huginn\app\pages\attack_chain_home.py", line 740, in on_profile_selected
    credential_manager.set_profile(profile_name)
  File "C:\Users\allie\Coding Projects\huggin_suite\huginn\app\core\credential_manager.py", line 196, in set_profile
    + ''.join(_tb.format_stack(limit=6))

2026-05-17 23:15:30 - huginn - INFO - [CredentialManager] Saved 0 credential(s) to profile 'TestProfile' → TestProfile_credentials.enc
2026-05-17 23:15:30 - huginn - DEBUG - Credentials loaded for profile 'LAB'
2026-05-17 23:15:30 - huginn - INFO - [CredentialManager] Saved 1 credential(s) to profile 'LAB' → LAB_credentials.enc
2026-05-17 23:15:30 - huginn - INFO - [CredentialManager] Saved 2 credential(s) to profile 'LAB' → LAB_credentials.enc
2026-05-17 23:15:30 - huginn - INFO - [CredentialManager] Saved 3 credential(s) to profile 'LAB' → LAB_credentials.enc
2026-05-17 23:15:30 - huginn - INFO - [CredentialManager] Saved 4 credential(s) to profile 'LAB' → LAB_credentials.enc
2026-05-17 23:15:30 - huginn - DEBUG - Credentials loaded for profile 'LAB'
2026-05-17 23:15:34 - huginn - INFO - [CredentialManager] set_profile('TestProfile') from 'LAB'
  File "C:\Users\allie\Coding Projects\huggin_suite\huginn\main.py", line 112, in <module>
    main()
  File "C:\Users\allie\Coding Projects\huggin_suite\huginn\main.py", line 109, in main
    exit(app.exec())
  File "C:\Users\allie\Coding Projects\huggin_suite\huginn\app\pages\attack_chain_home.py", line 740, in on_profile_selected
    credential_manager.set_profile(profile_name)
  File "C:\Users\allie\Coding Projects\huggin_suite\huginn\app\core\credential_manager.py", line 196, in set_profile
    + ''.join(_tb.format_stack(limit=6))

2026-05-17 23:15:34 - huginn - INFO - [CredentialManager] Saved 4 credential(s) to profile 'LAB' → LAB_credentials.enc
2026-05-17 23:15:34 - huginn - DEBUG - Credentials loaded for profile 'TestProfile'
2026-05-17 23:15:34 - huginn - DEBUG - Credentials loaded for profile 'TestProfile'
2026-05-17 23:15:35 - huginn - INFO - [CredentialManager] set_profile('LAB') from 'TestProfile'
  File "C:\Users\allie\Coding Projects\huggin_suite\huginn\main.py", line 112, in <module>
    main()
  File "C:\Users\allie\Coding Projects\huggin_suite\huginn\main.py", line 109, in main
    exit(app.exec())
  File "C:\Users\allie\Coding Projects\huggin_suite\huginn\app\pages\attack_chain_home.py", line 740, in on_profile_selected
    credential_manager.set_profile(profile_name)
  File "C:\Users\allie\Coding Projects\huggin_suite\huginn\app\core\credential_manager.py", line 196, in set_profile
    + ''.join(_tb.format_stack(limit=6))

2026-05-17 23:15:35 - huginn - INFO - [CredentialManager] Saved 0 credential(s) to profile 'TestProfile' → TestProfile_credentials.enc
2026-05-17 23:15:35 - huginn - DEBUG - Credentials loaded for profile 'LAB'
2026-05-17 23:15:35 - huginn - INFO - [CredentialManager] Saved 1 credential(s) to profile 'LAB' → LAB_credentials.enc
2026-05-17 23:15:35 - huginn - INFO - [CredentialManager] Saved 2 credential(s) to profile 'LAB' → LAB_credentials.enc
2026-05-17 23:15:35 - huginn - INFO - [CredentialManager] Saved 3 credential(s) to profile 'LAB' → LAB_credentials.enc
2026-05-17 23:15:35 - huginn - INFO - [CredentialManager] Saved 4 credential(s) to profile 'LAB' → LAB_credentials.enc
2026-05-17 23:15:35 - huginn - DEBUG - Credentials loaded for profile 'LAB'
2026-05-17 23:15:40 - huginn - INFO - [CredentialManager] set_profile('HTB-Editor') from 'LAB'
  File "C:\Users\allie\Coding Projects\huggin_suite\huginn\main.py", line 112, in <module>
    main()
  File "C:\Users\allie\Coding Projects\huggin_suite\huginn\main.py", line 109, in main
    exit(app.exec())
  File "C:\Users\allie\Coding Projects\huggin_suite\huginn\app\pages\attack_chain_home.py", line 740, in on_profile_selected
    credential_manager.set_profile(profile_name)
  File "C:\Users\allie\Coding Projects\huggin_suite\huginn\app\core\credential_manager.py", line 196, in set_profile
    + ''.join(_tb.format_stack(limit=6))

2026-05-17 23:15:40 - huginn - INFO - [CredentialManager] Saved 4 credential(s) to profile 'LAB' → LAB_credentials.enc
2026-05-17 23:15:40 - huginn - DEBUG - Credentials loaded for profile 'HTB-Editor'
2026-05-17 23:15:40 - huginn - DEBUG - Credentials loaded for profile 'HTB-Editor'
2026-05-17 23:15:41 - huginn - INFO - [CredentialManager] set_profile('LAB') from 'HTB-Editor'
  File "C:\Users\allie\Coding Projects\huggin_suite\huginn\main.py", line 112, in <module>
    main()
  File "C:\Users\allie\Coding Projects\huggin_suite\huginn\main.py", line 109, in main
    exit(app.exec())
  File "C:\Users\allie\Coding Projects\huggin_suite\huginn\app\pages\attack_chain_home.py", line 740, in on_profile_selected
    credential_manager.set_profile(profile_name)
  File "C:\Users\allie\Coding Projects\huggin_suite\huginn\app\core\credential_manager.py", line 196, in set_profile
    + ''.join(_tb.format_stack(limit=6))

2026-05-17 23:15:41 - huginn - INFO - [CredentialManager] Saved 0 credential(s) to profile 'HTB-Editor' → HTB-Editor_credentials.enc
2026-05-17 23:15:41 - huginn - DEBUG - Credentials loaded for profile 'LAB'
2026-05-17 23:15:41 - huginn - INFO - [CredentialManager] Saved 1 credential(s) to profile 'LAB' → LAB_credentials.enc
2026-05-17 23:15:41 - huginn - INFO - [CredentialManager] Saved 2 credential(s) to profile 'LAB' → LAB_credentials.enc
2026-05-17 23:15:41 - huginn - INFO - [CredentialManager] Saved 3 credential(s) to profile 'LAB' → LAB_credentials.enc
2026-05-17 23:15:41 - huginn - INFO - [CredentialManager] Saved 4 credential(s) to profile 'LAB' → LAB_credentials.enc
2026-05-17 23:15:41 - huginn - DEBUG - Credentials loaded for profile 'LAB'
2026-05-17 23:15:42 - huginn - INFO - [CredentialManager] set_profile('TestProfile') from 'LAB'
  File "C:\Users\allie\Coding Projects\huggin_suite\huginn\main.py", line 112, in <module>
    main()
  File "C:\Users\allie\Coding Projects\huggin_suite\huginn\main.py", line 109, in main
    exit(app.exec())
  File "C:\Users\allie\Coding Projects\huggin_suite\huginn\app\pages\attack_chain_home.py", line 740, in on_profile_selected
    credential_manager.set_profile(profile_name)
  File "C:\Users\allie\Coding Projects\huggin_suite\huginn\app\core\credential_manager.py", line 196, in set_profile
    + ''.join(_tb.format_stack(limit=6))

2026-05-17 23:15:42 - huginn - INFO - [CredentialManager] Saved 4 credential(s) to profile 'LAB' → LAB_credentials.enc
2026-05-17 23:15:42 - huginn - DEBUG - Credentials loaded for profile 'TestProfile'
2026-05-17 23:15:42 - huginn - DEBUG - Credentials loaded for profile 'TestProfile'
2026-05-17 23:15:50 - huginn - INFO - [CredentialManager] Saved 1 credential(s) to profile 'TestProfile' → TestProfile_credentials.enc
2026-05-17 23:15:50 - huginn - DEBUG - Credentials loaded for profile 'TestProfile'
2026-05-17 23:15:59 - huginn - INFO - [CredentialManager] set_profile('HTB-Code') from 'TestProfile'
  File "C:\Users\allie\Coding Projects\huggin_suite\huginn\main.py", line 112, in <module>
    main()
  File "C:\Users\allie\Coding Projects\huggin_suite\huginn\main.py", line 109, in main
    exit(app.exec())
  File "C:\Users\allie\Coding Projects\huggin_suite\huginn\app\pages\attack_chain_home.py", line 740, in on_profile_selected
    credential_manager.set_profile(profile_name)
  File "C:\Users\allie\Coding Projects\huggin_suite\huginn\app\core\credential_manager.py", line 196, in set_profile
    + ''.join(_tb.format_stack(limit=6))

2026-05-17 23:15:59 - huginn - INFO - [CredentialManager] Saved 1 credential(s) to profile 'TestProfile' → TestProfile_credentials.enc
2026-05-17 23:15:59 - huginn - DEBUG - Credentials loaded for profile 'HTB-Code'
2026-05-17 23:15:59 - huginn - INFO - [CredentialManager] Saved 1 credential(s) to profile 'HTB-Code' → HTB-Code_credentials.enc
2026-05-17 23:15:59 - huginn - DEBUG - Credentials loaded for profile 'HTB-Code'
2026-05-17 23:16:05 - huginn - INFO - [CredentialManager] set_profile('TestProfile') from 'HTB-Code'
  File "C:\Users\allie\Coding Projects\huggin_suite\huginn\main.py", line 112, in <module>
    main()
  File "C:\Users\allie\Coding Projects\huggin_suite\huginn\main.py", line 109, in main
    exit(app.exec())
  File "C:\Users\allie\Coding Projects\huggin_suite\huginn\app\pages\attack_chain_home.py", line 740, in on_profile_selected
    credential_manager.set_profile(profile_name)
  File "C:\Users\allie\Coding Projects\huggin_suite\huginn\app\core\credential_manager.py", line 196, in set_profile
    + ''.join(_tb.format_stack(limit=6))

2026-05-17 23:16:05 - huginn - INFO - [CredentialManager] Saved 1 credential(s) to profile 'HTB-Code' → HTB-Code_credentials.enc
2026-05-17 23:16:05 - huginn - DEBUG - Credentials loaded for profile 'TestProfile'
2026-05-17 23:16:05 - huginn - DEBUG - Credentials loaded for profile 'TestProfile'
2026-05-17 23:16:09 - huginn - INFO - [CredentialManager] set_profile('LAB') from 'TestProfile'
  File "C:\Users\allie\Coding Projects\huggin_suite\huginn\main.py", line 112, in <module>
    main()
  File "C:\Users\allie\Coding Projects\huggin_suite\huginn\main.py", line 109, in main
    exit(app.exec())
  File "C:\Users\allie\Coding Projects\huggin_suite\huginn\app\pages\attack_chain_home.py", line 740, in on_profile_selected
    credential_manager.set_profile(profile_name)
  File "C:\Users\allie\Coding Projects\huggin_suite\huginn\app\core\credential_manager.py", line 196, in set_profile
    + ''.join(_tb.format_stack(limit=6))

2026-05-17 23:16:09 - huginn - INFO - [CredentialManager] Saved 1 credential(s) to profile 'TestProfile' → TestProfile_credentials.enc
2026-05-17 23:16:09 - huginn - DEBUG - Credentials loaded for profile 'LAB'
2026-05-17 23:16:09 - huginn - INFO - [CredentialManager] Saved 1 credential(s) to profile 'LAB' → LAB_credentials.enc
2026-05-17 23:16:09 - huginn - INFO - [CredentialManager] Saved 2 credential(s) to profile 'LAB' → LAB_credentials.enc
2026-05-17 23:16:09 - huginn - INFO - [CredentialManager] Saved 3 credential(s) to profile 'LAB' → LAB_credentials.enc
2026-05-17 23:16:09 - huginn - INFO - [CredentialManager] Saved 4 credential(s) to profile 'LAB' → LAB_credentials.enc
2026-05-17 23:16:09 - huginn - DEBUG - Credentials loaded for profile 'LAB'
2026-05-17 23:16:17 - huginn - DEBUG - Memory monitoring stopped
2026-05-17 23:16:17 - huginn - DEBUG - Connection pool closed all sessions
2026-05-17 23:16:17 - huginn - INFO - Update manager stopped during cleanup
2026-05-17 23:16:30 - huginn - INFO - License saved successfully
2026-05-17 23:16:30 - huginn - INFO - License loaded and validated successfully
2026-05-17 23:16:30 - huginn - INFO - Application starting...
2026-05-17 23:16:30 - huginn - INFO - Font loaded successfully
2026-05-17 23:16:30 - huginn - INFO - Stylesheet loaded successfully
2026-05-17 23:16:30 - huginn - INFO - Creating main window...
2026-05-17 23:16:30 - huginn - INFO - QThreadPool max threads set to 32 (CPUs: 32)
2026-05-17 23:16:30 - huginn - INFO - Custom font 'Neuropol X' loaded from C:\Users\allie\Coding Projects\huggin_suite\huginn\resources\fonts\neuropol.otf
2026-05-17 23:16:30 - huginn - DEBUG - Suppressed exception
Traceback (most recent call last):
  File "C:\Users\allie\Coding Projects\huggin_suite\huginn\app\pages\page_registry.py", line 45, in register_all_pages
    from app.pages.db_attacks_page import DBAttacksPage
ImportError: cannot import name 'DBAttacksPage' from 'app.pages.db_attacks_page' (C:\Users\allie\Coding Projects\huggin_suite\huginn\app\pages\db_attacks_page.py)
2026-05-17 23:16:32 - huginn - DEBUG - Credentials loaded for profile 'LAB'
2026-05-17 23:16:32 - huginn - DEBUG - Credentials loaded for profile 'LAB'
2026-05-17 23:16:33 - huginn - DEBUG - Credentials loaded for profile 'LAB'
2026-05-17 23:16:35 - huginn - INFO - [CredentialManager] set_profile('TestProfile') from 'LAB'
  File "C:\Users\allie\Coding Projects\huggin_suite\huginn\main.py", line 112, in <module>
    main()
  File "C:\Users\allie\Coding Projects\huggin_suite\huginn\main.py", line 109, in main
    exit(app.exec())
  File "C:\Users\allie\Coding Projects\huggin_suite\huginn\app\pages\attack_chain_home.py", line 740, in on_profile_selected
    credential_manager.set_profile(profile_name)
  File "C:\Users\allie\Coding Projects\huggin_suite\huginn\app\core\credential_manager.py", line 196, in set_profile
    + ''.join(_tb.format_stack(limit=6))

2026-05-17 23:16:35 - huginn - INFO - [CredentialManager] Saved 4 credential(s) to profile 'LAB' → LAB_credentials.enc
2026-05-17 23:16:35 - huginn - DEBUG - Credentials loaded for profile 'TestProfile'
2026-05-17 23:16:35 - huginn - DEBUG - Credentials loaded for profile 'TestProfile'
2026-05-17 23:16:39 - huginn - INFO - [CredentialManager] set_profile('LAB') from 'TestProfile'
  File "C:\Users\allie\Coding Projects\huggin_suite\huginn\main.py", line 112, in <module>
    main()
  File "C:\Users\allie\Coding Projects\huggin_suite\huginn\main.py", line 109, in main
    exit(app.exec())
  File "C:\Users\allie\Coding Projects\huggin_suite\huginn\app\pages\attack_chain_home.py", line 740, in on_profile_selected
    credential_manager.set_profile(profile_name)
  File "C:\Users\allie\Coding Projects\huggin_suite\huginn\app\core\credential_manager.py", line 196, in set_profile
    + ''.join(_tb.format_stack(limit=6))

2026-05-17 23:16:39 - huginn - INFO - [CredentialManager] Saved 1 credential(s) to profile 'TestProfile' → TestProfile_credentials.enc
2026-05-17 23:16:39 - huginn - DEBUG - Credentials loaded for profile 'LAB'
2026-05-17 23:16:39 - huginn - INFO - [CredentialManager] Saved 1 credential(s) to profile 'LAB' → LAB_credentials.enc
2026-05-17 23:16:39 - huginn - INFO - [CredentialManager] Saved 2 credential(s) to profile 'LAB' → LAB_credentials.enc
2026-05-17 23:16:39 - huginn - INFO - [CredentialManager] Saved 3 credential(s) to profile 'LAB' → LAB_credentials.enc
2026-05-17 23:16:39 - huginn - INFO - [CredentialManager] Saved 4 credential(s) to profile 'LAB' → LAB_credentials.enc
2026-05-17 23:16:39 - huginn - DEBUG - Credentials loaded for profile 'LAB'
2026-05-17 23:16:44 - huginn - INFO - [CredentialManager] set_profile('HTB-Editor') from 'LAB'
  File "C:\Users\allie\Coding Projects\huggin_suite\huginn\main.py", line 112, in <module>
    main()
  File "C:\Users\allie\Coding Projects\huggin_suite\huginn\main.py", line 109, in main
    exit(app.exec())
  File "C:\Users\allie\Coding Projects\huggin_suite\huginn\app\pages\attack_chain_home.py", line 740, in on_profile_selected
    credential_manager.set_profile(profile_name)
  File "C:\Users\allie\Coding Projects\huggin_suite\huginn\app\core\credential_manager.py", line 196, in set_profile
    + ''.join(_tb.format_stack(limit=6))

2026-05-17 23:16:44 - huginn - INFO - [CredentialManager] Saved 4 credential(s) to profile 'LAB' → LAB_credentials.enc
2026-05-17 23:16:44 - huginn - DEBUG - Credentials loaded for profile 'HTB-Editor'
2026-05-17 23:16:44 - huginn - DEBUG - Credentials loaded for profile 'HTB-Editor'
2026-05-17 23:16:47 - huginn - INFO - [CredentialManager] set_profile('HTB-Code') from 'HTB-Editor'
  File "C:\Users\allie\Coding Projects\huggin_suite\huginn\main.py", line 112, in <module>
    main()
  File "C:\Users\allie\Coding Projects\huggin_suite\huginn\main.py", line 109, in main
    exit(app.exec())
  File "C:\Users\allie\Coding Projects\huggin_suite\huginn\app\pages\attack_chain_home.py", line 740, in on_profile_selected
    credential_manager.set_profile(profile_name)
  File "C:\Users\allie\Coding Projects\huggin_suite\huginn\app\core\credential_manager.py", line 196, in set_profile
    + ''.join(_tb.format_stack(limit=6))

2026-05-17 23:16:47 - huginn - INFO - [CredentialManager] Saved 0 credential(s) to profile 'HTB-Editor' → HTB-Editor_credentials.enc
2026-05-17 23:16:47 - huginn - DEBUG - Credentials loaded for profile 'HTB-Code'
2026-05-17 23:16:47 - huginn - INFO - [CredentialManager] Saved 1 credential(s) to profile 'HTB-Code' → HTB-Code_credentials.enc
2026-05-17 23:16:47 - huginn - DEBUG - Credentials loaded for profile 'HTB-Code'
2026-05-17 23:16:50 - huginn - INFO - [CredentialManager] set_profile('TestProfile') from 'HTB-Code'
  File "C:\Users\allie\Coding Projects\huggin_suite\huginn\main.py", line 112, in <module>
    main()
  File "C:\Users\allie\Coding Projects\huggin_suite\huginn\main.py", line 109, in main
    exit(app.exec())
  File "C:\Users\allie\Coding Projects\huggin_suite\huginn\app\pages\attack_chain_home.py", line 740, in on_profile_selected
    credential_manager.set_profile(profile_name)
  File "C:\Users\allie\Coding Projects\huggin_suite\huginn\app\core\credential_manager.py", line 196, in set_profile
    + ''.join(_tb.format_stack(limit=6))

2026-05-17 23:16:50 - huginn - INFO - [CredentialManager] Saved 1 credential(s) to profile 'HTB-Code' → HTB-Code_credentials.enc
2026-05-17 23:16:50 - huginn - DEBUG - Credentials loaded for profile 'TestProfile'
2026-05-17 23:16:50 - huginn - DEBUG - Credentials loaded for profile 'TestProfile'
2026-05-17 23:16:55 - huginn - DEBUG - Credentials loaded for profile 'TestProfile'
2026-05-17 23:16:57 - huginn - INFO - [CredentialManager] set_profile('LAB') from 'TestProfile'
  File "C:\Users\allie\Coding Projects\huggin_suite\huginn\main.py", line 112, in <module>
    main()
  File "C:\Users\allie\Coding Projects\huggin_suite\huginn\main.py", line 109, in main
    exit(app.exec())
  File "C:\Users\allie\Coding Projects\huggin_suite\huginn\app\pages\attack_chain_home.py", line 740, in on_profile_selected
    credential_manager.set_profile(profile_name)
  File "C:\Users\allie\Coding Projects\huggin_suite\huginn\app\core\credential_manager.py", line 196, in set_profile
    + ''.join(_tb.format_stack(limit=6))

2026-05-17 23:16:57 - huginn - INFO - [CredentialManager] Saved 1 credential(s) to profile 'TestProfile' → TestProfile_credentials.enc
2026-05-17 23:16:57 - huginn - DEBUG - Credentials loaded for profile 'LAB'
2026-05-17 23:16:57 - huginn - INFO - [CredentialManager] Saved 1 credential(s) to profile 'LAB' → LAB_credentials.enc
2026-05-17 23:16:57 - huginn - INFO - [CredentialManager] Saved 2 credential(s) to profile 'LAB' → LAB_credentials.enc
2026-05-17 23:16:57 - huginn - INFO - [CredentialManager] Saved 3 credential(s) to profile 'LAB' → LAB_credentials.enc
2026-05-17 23:16:57 - huginn - INFO - [CredentialManager] Saved 4 credential(s) to profile 'LAB' → LAB_credentials.enc
2026-05-17 23:16:57 - huginn - DEBUG - Credentials loaded for profile 'LAB'
2026-05-17 23:17:05 - huginn - INFO - [CredentialManager] set_profile('TestProfile') from 'LAB'
  File "C:\Users\allie\Coding Projects\huggin_suite\huginn\main.py", line 112, in <module>
    main()
  File "C:\Users\allie\Coding Projects\huggin_suite\huginn\main.py", line 109, in main
    exit(app.exec())
  File "C:\Users\allie\Coding Projects\huggin_suite\huginn\app\pages\attack_chain_home.py", line 740, in on_profile_selected
    credential_manager.set_profile(profile_name)
  File "C:\Users\allie\Coding Projects\huggin_suite\huginn\app\core\credential_manager.py", line 196, in set_profile
    + ''.join(_tb.format_stack(limit=6))

2026-05-17 23:17:05 - huginn - INFO - [CredentialManager] Saved 4 credential(s) to profile 'LAB' → LAB_credentials.enc
2026-05-17 23:17:05 - huginn - DEBUG - Credentials loaded for profile 'TestProfile'
2026-05-17 23:17:05 - huginn - DEBUG - Credentials loaded for profile 'TestProfile'
2026-05-17 23:17:13 - huginn - INFO - [CredentialManager] Saved 2 credential(s) to profile 'TestProfile' → TestProfile_credentials.enc
2026-05-17 23:17:13 - huginn - INFO - [CredentialManager] Saved 2 credential(s) to profile 'TestProfile' → TestProfile_credentials.enc
2026-05-17 23:17:13 - huginn - DEBUG - Credentials loaded for profile 'TestProfile'
2026-05-17 23:17:22 - huginn - DEBUG - Memory monitoring stopped
2026-05-17 23:17:22 - huginn - DEBUG - Connection pool closed all sessions
2026-05-17 23:17:22 - huginn - INFO - Update manager stopped during cleanup
2026-05-17 23:17:27 - huginn - INFO - License saved successfully
2026-05-17 23:17:27 - huginn - INFO - License loaded and validated successfully
2026-05-17 23:17:27 - huginn - INFO - Application starting...
2026-05-17 23:17:27 - huginn - INFO - Font loaded successfully
2026-05-17 23:17:27 - huginn - INFO - Stylesheet loaded successfully
2026-05-17 23:17:27 - huginn - INFO - Creating main window...
2026-05-17 23:17:27 - huginn - INFO - QThreadPool max threads set to 32 (CPUs: 32)
2026-05-17 23:17:27 - huginn - INFO - Custom font 'Neuropol X' loaded from C:\Users\allie\Coding Projects\huggin_suite\huginn\resources\fonts\neuropol.otf
2026-05-17 23:17:27 - huginn - DEBUG - Suppressed exception
Traceback (most recent call last):
  File "C:\Users\allie\Coding Projects\huggin_suite\huginn\app\pages\page_registry.py", line 45, in register_all_pages
    from app.pages.db_attacks_page import DBAttacksPage
ImportError: cannot import name 'DBAttacksPage' from 'app.pages.db_attacks_page' (C:\Users\allie\Coding Projects\huggin_suite\huginn\app\pages\db_attacks_page.py)
2026-05-17 23:17:28 - huginn - DEBUG - Credentials loaded for profile 'TestProfile'
2026-05-17 23:17:29 - huginn - DEBUG - Credentials loaded for profile 'TestProfile'
2026-05-17 23:17:30 - huginn - DEBUG - Credentials loaded for profile 'TestProfile'
2026-05-17 23:17:32 - huginn - INFO - [CredentialManager] set_profile('TestProfile') from 'TestProfile'
  File "C:\Users\allie\Coding Projects\huggin_suite\huginn\main.py", line 112, in <module>
    main()
  File "C:\Users\allie\Coding Projects\huggin_suite\huginn\main.py", line 109, in main
    exit(app.exec())
  File "C:\Users\allie\Coding Projects\huggin_suite\huginn\app\pages\attack_chain_home.py", line 740, in on_profile_selected
    credential_manager.set_profile(profile_name)
  File "C:\Users\allie\Coding Projects\huggin_suite\huginn\app\core\credential_manager.py", line 196, in set_profile
    + ''.join(_tb.format_stack(limit=6))

2026-05-17 23:17:32 - huginn - DEBUG - Credentials loaded for profile 'TestProfile'
2026-05-17 23:17:32 - huginn - DEBUG - Credentials loaded for profile 'TestProfile'
2026-05-17 23:17:37 - huginn - INFO - [CredentialManager] set_profile('LAB') from 'TestProfile'
  File "C:\Users\allie\Coding Projects\huggin_suite\huginn\main.py", line 112, in <module>
    main()
  File "C:\Users\allie\Coding Projects\huggin_suite\huginn\main.py", line 109, in main
    exit(app.exec())
  File "C:\Users\allie\Coding Projects\huggin_suite\huginn\app\pages\attack_chain_home.py", line 740, in on_profile_selected
    credential_manager.set_profile(profile_name)
  File "C:\Users\allie\Coding Projects\huggin_suite\huginn\app\core\credential_manager.py", line 196, in set_profile
    + ''.join(_tb.format_stack(limit=6))

2026-05-17 23:17:37 - huginn - INFO - [CredentialManager] Saved 2 credential(s) to profile 'TestProfile' → TestProfile_credentials.enc
2026-05-17 23:17:37 - huginn - DEBUG - Credentials loaded for profile 'LAB'
2026-05-17 23:17:37 - huginn - INFO - [CredentialManager] Saved 1 credential(s) to profile 'LAB' → LAB_credentials.enc
2026-05-17 23:17:37 - huginn - INFO - [CredentialManager] Saved 2 credential(s) to profile 'LAB' → LAB_credentials.enc
2026-05-17 23:17:37 - huginn - INFO - [CredentialManager] Saved 3 credential(s) to profile 'LAB' → LAB_credentials.enc
2026-05-17 23:17:37 - huginn - INFO - [CredentialManager] Saved 4 credential(s) to profile 'LAB' → LAB_credentials.enc
2026-05-17 23:17:37 - huginn - DEBUG - Credentials loaded for profile 'LAB'
2026-05-17 23:17:45 - huginn - INFO - [CredentialManager] Saved 3 credential(s) to profile 'LAB' → LAB_credentials.enc
2026-05-17 23:17:47 - huginn - DEBUG - Credentials loaded for profile 'LAB'
2026-05-17 23:17:50 - huginn - INFO - [CredentialManager] set_profile('TestProfile') from 'LAB'
  File "C:\Users\allie\Coding Projects\huggin_suite\huginn\main.py", line 112, in <module>
    main()
  File "C:\Users\allie\Coding Projects\huggin_suite\huginn\main.py", line 109, in main
    exit(app.exec())
  File "C:\Users\allie\Coding Projects\huggin_suite\huginn\app\pages\attack_chain_home.py", line 740, in on_profile_selected
    credential_manager.set_profile(profile_name)
  File "C:\Users\allie\Coding Projects\huggin_suite\huginn\app\core\credential_manager.py", line 196, in set_profile
    + ''.join(_tb.format_stack(limit=6))

2026-05-17 23:17:50 - huginn - INFO - [CredentialManager] Saved 3 credential(s) to profile 'LAB' → LAB_credentials.enc
2026-05-17 23:17:50 - huginn - DEBUG - Credentials loaded for profile 'TestProfile'
2026-05-17 23:17:50 - huginn - DEBUG - Credentials loaded for profile 'TestProfile'
2026-05-17 23:17:51 - huginn - INFO - [CredentialManager] set_profile('LAB') from 'TestProfile'
  File "C:\Users\allie\Coding Projects\huggin_suite\huginn\main.py", line 112, in <module>
    main()
  File "C:\Users\allie\Coding Projects\huggin_suite\huginn\main.py", line 109, in main
    exit(app.exec())
  File "C:\Users\allie\Coding Projects\huggin_suite\huginn\app\pages\attack_chain_home.py", line 740, in on_profile_selected
    credential_manager.set_profile(profile_name)
  File "C:\Users\allie\Coding Projects\huggin_suite\huginn\app\core\credential_manager.py", line 196, in set_profile
    + ''.join(_tb.format_stack(limit=6))

2026-05-17 23:17:51 - huginn - INFO - [CredentialManager] Saved 2 credential(s) to profile 'TestProfile' → TestProfile_credentials.enc
2026-05-17 23:17:51 - huginn - DEBUG - Credentials loaded for profile 'LAB'
2026-05-17 23:17:51 - huginn - INFO - [CredentialManager] Saved 1 credential(s) to profile 'LAB' → LAB_credentials.enc
2026-05-17 23:17:51 - huginn - INFO - [CredentialManager] Saved 2 credential(s) to profile 'LAB' → LAB_credentials.enc
2026-05-17 23:17:51 - huginn - INFO - [CredentialManager] Saved 3 credential(s) to profile 'LAB' → LAB_credentials.enc
2026-05-17 23:17:51 - huginn - INFO - [CredentialManager] Saved 4 credential(s) to profile 'LAB' → LAB_credentials.enc
2026-05-17 23:17:51 - huginn - DEBUG - Credentials loaded for profile 'LAB'
2026-05-17 23:18:00 - huginn - INFO - [CredentialManager] set_profile('LAB') from 'LAB'
  File "C:\Users\allie\Coding Projects\huggin_suite\huginn\main.py", line 112, in <module>
    main()
  File "C:\Users\allie\Coding Projects\huggin_suite\huginn\main.py", line 109, in main
    exit(app.exec())
  File "C:\Users\allie\Coding Projects\huggin_suite\huginn\app\main_window\main_window_refactored.py", line 882, in load_profile
    page.load_profile()
  File "C:\Users\allie\Coding Projects\huggin_suite\huginn\app\pages\attack_chain_home.py", line 984, in load_profile
    credential_manager.set_profile(profile_name)
  File "C:\Users\allie\Coding Projects\huggin_suite\huginn\app\core\credential_manager.py", line 196, in set_profile
    + ''.join(_tb.format_stack(limit=6))

2026-05-17 23:18:00 - huginn - DEBUG - Credentials loaded for profile 'LAB'
2026-05-17 23:18:00 - huginn - INFO - [CredentialManager] Saved 1 credential(s) to profile 'LAB' → LAB_credentials.enc
2026-05-17 23:18:00 - huginn - INFO - [CredentialManager] Saved 2 credential(s) to profile 'LAB' → LAB_credentials.enc
2026-05-17 23:18:00 - huginn - INFO - [CredentialManager] Saved 3 credential(s) to profile 'LAB' → LAB_credentials.enc
2026-05-17 23:18:00 - huginn - INFO - [CredentialManager] Saved 4 credential(s) to profile 'LAB' → LAB_credentials.enc
2026-05-17 23:18:00 - huginn - DEBUG - Credentials loaded for profile 'LAB'
2026-05-17 23:18:01 - huginn - INFO - [CredentialManager] set_profile('TestProfile') from 'LAB'
  File "C:\Users\allie\Coding Projects\huggin_suite\huginn\main.py", line 112, in <module>
    main()
  File "C:\Users\allie\Coding Projects\huggin_suite\huginn\main.py", line 109, in main
    exit(app.exec())
  File "C:\Users\allie\Coding Projects\huggin_suite\huginn\app\pages\attack_chain_home.py", line 740, in on_profile_selected
    credential_manager.set_profile(profile_name)
  File "C:\Users\allie\Coding Projects\huggin_suite\huginn\app\core\credential_manager.py", line 196, in set_profile
    + ''.join(_tb.format_stack(limit=6))

2026-05-17 23:18:01 - huginn - INFO - [CredentialManager] Saved 4 credential(s) to profile 'LAB' → LAB_credentials.enc
2026-05-17 23:18:01 - huginn - DEBUG - Credentials loaded for profile 'TestProfile'
2026-05-17 23:18:01 - huginn - DEBUG - Credentials loaded for profile 'TestProfile'
2026-05-17 23:18:02 - huginn - INFO - [CredentialManager] set_profile('LAB') from 'TestProfile'
  File "C:\Users\allie\Coding Projects\huggin_suite\huginn\main.py", line 112, in <module>
    main()
  File "C:\Users\allie\Coding Projects\huggin_suite\huginn\main.py", line 109, in main
    exit(app.exec())
  File "C:\Users\allie\Coding Projects\huggin_suite\huginn\app\pages\attack_chain_home.py", line 740, in on_profile_selected
    credential_manager.set_profile(profile_name)
  File "C:\Users\allie\Coding Projects\huggin_suite\huginn\app\core\credential_manager.py", line 196, in set_profile
    + ''.join(_tb.format_stack(limit=6))

2026-05-17 23:18:02 - huginn - INFO - [CredentialManager] Saved 2 credential(s) to profile 'TestProfile' → TestProfile_credentials.enc
2026-05-17 23:18:02 - huginn - DEBUG - Credentials loaded for profile 'LAB'
2026-05-17 23:18:02 - huginn - INFO - [CredentialManager] Saved 1 credential(s) to profile 'LAB' → LAB_credentials.enc
2026-05-17 23:18:02 - huginn - INFO - [CredentialManager] Saved 2 credential(s) to profile 'LAB' → LAB_credentials.enc
2026-05-17 23:18:02 - huginn - INFO - [CredentialManager] Saved 3 credential(s) to profile 'LAB' → LAB_credentials.enc
2026-05-17 23:18:02 - huginn - INFO - [CredentialManager] Saved 4 credential(s) to profile 'LAB' → LAB_credentials.enc
2026-05-17 23:18:02 - huginn - DEBUG - Credentials loaded for profile 'LAB'
2026-05-17 23:18:05 - huginn - INFO - [CredentialManager] set_profile('HTB-Editor') from 'LAB'
  File "C:\Users\allie\Coding Projects\huggin_suite\huginn\main.py", line 112, in <module>
    main()
  File "C:\Users\allie\Coding Projects\huggin_suite\huginn\main.py", line 109, in main
    exit(app.exec())
  File "C:\Users\allie\Coding Projects\huggin_suite\huginn\app\pages\attack_chain_home.py", line 740, in on_profile_selected
    credential_manager.set_profile(profile_name)
  File "C:\Users\allie\Coding Projects\huggin_suite\huginn\app\core\credential_manager.py", line 196, in set_profile
    + ''.join(_tb.format_stack(limit=6))

2026-05-17 23:18:05 - huginn - INFO - [CredentialManager] Saved 4 credential(s) to profile 'LAB' → LAB_credentials.enc
2026-05-17 23:18:05 - huginn - DEBUG - Credentials loaded for profile 'HTB-Editor'
2026-05-17 23:18:05 - huginn - DEBUG - Credentials loaded for profile 'HTB-Editor'
2026-05-17 23:18:07 - huginn - INFO - [CredentialManager] set_profile('TestProfile') from 'HTB-Editor'
  File "C:\Users\allie\Coding Projects\huggin_suite\huginn\main.py", line 112, in <module>
    main()
  File "C:\Users\allie\Coding Projects\huggin_suite\huginn\main.py", line 109, in main
    exit(app.exec())
  File "C:\Users\allie\Coding Projects\huggin_suite\huginn\app\pages\attack_chain_home.py", line 740, in on_profile_selected
    credential_manager.set_profile(profile_name)
  File "C:\Users\allie\Coding Projects\huggin_suite\huginn\app\core\credential_manager.py", line 196, in set_profile
    + ''.join(_tb.format_stack(limit=6))

2026-05-17 23:18:07 - huginn - INFO - [CredentialManager] Saved 0 credential(s) to profile 'HTB-Editor' → HTB-Editor_credentials.enc
2026-05-17 23:18:07 - huginn - DEBUG - Credentials loaded for profile 'TestProfile'
2026-05-17 23:18:07 - huginn - DEBUG - Credentials loaded for profile 'TestProfile'
2026-05-17 23:18:20 - huginn - INFO - [CredentialManager] set_profile('Test2') from 'TestProfile'
  File "C:\Users\allie\Coding Projects\huggin_suite\huginn\main.py", line 112, in <module>
    main()
  File "C:\Users\allie\Coding Projects\huggin_suite\huginn\main.py", line 109, in main
    exit(app.exec())
  File "C:\Users\allie\Coding Projects\huggin_suite\huginn\app\main_window\main_window_refactored.py", line 869, in new_profile
    page.new_profile()
  File "C:\Users\allie\Coding Projects\huggin_suite\huginn\app\pages\attack_chain_home.py", line 871, in new_profile
    credential_manager.set_profile(profile_name)
  File "C:\Users\allie\Coding Projects\huggin_suite\huginn\app\core\credential_manager.py", line 196, in set_profile
    + ''.join(_tb.format_stack(limit=6))

2026-05-17 23:18:20 - huginn - INFO - [CredentialManager] Saved 2 credential(s) to profile 'TestProfile' → TestProfile_credentials.enc
2026-05-17 23:18:20 - huginn - INFO - [CredentialManager] set_profile('Test2') from 'Test2'
  File "C:\Users\allie\Coding Projects\huggin_suite\huginn\main.py", line 112, in <module>
    main()
  File "C:\Users\allie\Coding Projects\huggin_suite\huginn\main.py", line 109, in main
    exit(app.exec())
  File "C:\Users\allie\Coding Projects\huggin_suite\huginn\app\main_window\main_window_refactored.py", line 869, in new_profile
    page.new_profile()
  File "C:\Users\allie\Coding Projects\huggin_suite\huginn\app\pages\attack_chain_home.py", line 887, in new_profile
    self.target_table.selectRow(row)
  File "C:\Users\allie\Coding Projects\huggin_suite\huginn\app\pages\attack_chain_home.py", line 740, in on_profile_selected
    credential_manager.set_profile(profile_name)
  File "C:\Users\allie\Coding Projects\huggin_suite\huginn\app\core\credential_manager.py", line 196, in set_profile
    + ''.join(_tb.format_stack(limit=6))

2026-05-17 23:18:25 - huginn - DEBUG - Suppressed exception
Traceback (most recent call last):
  File "C:\Users\allie\Coding Projects\huggin_suite\huginn\app\core\scope_manager.py", line 62, in _parse_scope_text
    ipaddress.IPv4Address(item)
    ~~~~~~~~~~~~~~~~~~~~~^^^^^^
  File "C:\Users\allie\anaconda3\Lib\ipaddress.py", line 1319, in __init__
    self._ip = self._ip_int_from_string(addr_str)
               ~~~~~~~~~~~~~~~~~~~~~~~~^^^^^^^^^^
  File "C:\Users\allie\anaconda3\Lib\ipaddress.py", line 1206, in _ip_int_from_string
    raise AddressValueError("Expected 4 octets in %r" % ip_str)
ipaddress.AddressValueError: Expected 4 octets in '1'
2026-05-17 23:18:25 - huginn - DEBUG - Suppressed exception
Traceback (most recent call last):
  File "C:\Users\allie\Coding Projects\huggin_suite\huginn\app\core\scope_manager.py", line 62, in _parse_scope_text
    ipaddress.IPv4Address(item)
    ~~~~~~~~~~~~~~~~~~~~~^^^^^^
  File "C:\Users\allie\anaconda3\Lib\ipaddress.py", line 1319, in __init__
    self._ip = self._ip_int_from_string(addr_str)
               ~~~~~~~~~~~~~~~~~~~~~~~~^^^^^^^^^^
  File "C:\Users\allie\anaconda3\Lib\ipaddress.py", line 1206, in _ip_int_from_string
    raise AddressValueError("Expected 4 octets in %r" % ip_str)
ipaddress.AddressValueError: Expected 4 octets in '19'
2026-05-17 23:18:25 - huginn - DEBUG - Suppressed exception
Traceback (most recent call last):
  File "C:\Users\allie\Coding Projects\huggin_suite\huginn\app\core\scope_manager.py", line 62, in _parse_scope_text
    ipaddress.IPv4Address(item)
    ~~~~~~~~~~~~~~~~~~~~~^^^^^^
  File "C:\Users\allie\anaconda3\Lib\ipaddress.py", line 1319, in __init__
    self._ip = self._ip_int_from_string(addr_str)
               ~~~~~~~~~~~~~~~~~~~~~~~~^^^^^^^^^^
  File "C:\Users\allie\anaconda3\Lib\ipaddress.py", line 1206, in _ip_int_from_string
    raise AddressValueError("Expected 4 octets in %r" % ip_str)
ipaddress.AddressValueError: Expected 4 octets in '192'
2026-05-17 23:18:25 - huginn - DEBUG - Suppressed exception
Traceback (most recent call last):
  File "C:\Users\allie\Coding Projects\huggin_suite\huginn\app\core\scope_manager.py", line 62, in _parse_scope_text
    ipaddress.IPv4Address(item)
    ~~~~~~~~~~~~~~~~~~~~~^^^^^^
  File "C:\Users\allie\anaconda3\Lib\ipaddress.py", line 1319, in __init__
    self._ip = self._ip_int_from_string(addr_str)
               ~~~~~~~~~~~~~~~~~~~~~~~~^^^^^^^^^^
  File "C:\Users\allie\anaconda3\Lib\ipaddress.py", line 1206, in _ip_int_from_string
    raise AddressValueError("Expected 4 octets in %r" % ip_str)
ipaddress.AddressValueError: Expected 4 octets in '192.'
2026-05-17 23:18:25 - huginn - DEBUG - Suppressed exception
Traceback (most recent call last):
  File "C:\Users\allie\Coding Projects\huggin_suite\huginn\app\core\scope_manager.py", line 62, in _parse_scope_text
    ipaddress.IPv4Address(item)
    ~~~~~~~~~~~~~~~~~~~~~^^^^^^
  File "C:\Users\allie\anaconda3\Lib\ipaddress.py", line 1319, in __init__
    self._ip = self._ip_int_from_string(addr_str)
               ~~~~~~~~~~~~~~~~~~~~~~~~^^^^^^^^^^
  File "C:\Users\allie\anaconda3\Lib\ipaddress.py", line 1206, in _ip_int_from_string
    raise AddressValueError("Expected 4 octets in %r" % ip_str)
ipaddress.AddressValueError: Expected 4 octets in '192.1'
2026-05-17 23:18:26 - huginn - DEBUG - Suppressed exception
Traceback (most recent call last):
  File "C:\Users\allie\Coding Projects\huggin_suite\huginn\app\core\scope_manager.py", line 62, in _parse_scope_text
    ipaddress.IPv4Address(item)
    ~~~~~~~~~~~~~~~~~~~~~^^^^^^
  File "C:\Users\allie\anaconda3\Lib\ipaddress.py", line 1319, in __init__
    self._ip = self._ip_int_from_string(addr_str)
               ~~~~~~~~~~~~~~~~~~~~~~~~^^^^^^^^^^
  File "C:\Users\allie\anaconda3\Lib\ipaddress.py", line 1206, in _ip_int_from_string
    raise AddressValueError("Expected 4 octets in %r" % ip_str)
ipaddress.AddressValueError: Expected 4 octets in '192.16'
2026-05-17 23:18:26 - huginn - DEBUG - Suppressed exception
Traceback (most recent call last):
  File "C:\Users\allie\Coding Projects\huggin_suite\huginn\app\core\scope_manager.py", line 62, in _parse_scope_text
    ipaddress.IPv4Address(item)
    ~~~~~~~~~~~~~~~~~~~~~^^^^^^
  File "C:\Users\allie\anaconda3\Lib\ipaddress.py", line 1319, in __init__
    self._ip = self._ip_int_from_string(addr_str)
               ~~~~~~~~~~~~~~~~~~~~~~~~^^^^^^^^^^
  File "C:\Users\allie\anaconda3\Lib\ipaddress.py", line 1206, in _ip_int_from_string
    raise AddressValueError("Expected 4 octets in %r" % ip_str)
ipaddress.AddressValueError: Expected 4 octets in '192.168'
2026-05-17 23:18:26 - huginn - DEBUG - Suppressed exception
Traceback (most recent call last):
  File "C:\Users\allie\Coding Projects\huggin_suite\huginn\app\core\scope_manager.py", line 62, in _parse_scope_text
    ipaddress.IPv4Address(item)
    ~~~~~~~~~~~~~~~~~~~~~^^^^^^
  File "C:\Users\allie\anaconda3\Lib\ipaddress.py", line 1319, in __init__
    self._ip = self._ip_int_from_string(addr_str)
               ~~~~~~~~~~~~~~~~~~~~~~~~^^^^^^^^^^
  File "C:\Users\allie\anaconda3\Lib\ipaddress.py", line 1206, in _ip_int_from_string
    raise AddressValueError("Expected 4 octets in %r" % ip_str)
ipaddress.AddressValueError: Expected 4 octets in '192.168.'
2026-05-17 23:18:26 - huginn - DEBUG - Suppressed exception
Traceback (most recent call last):
  File "C:\Users\allie\Coding Projects\huggin_suite\huginn\app\core\scope_manager.py", line 62, in _parse_scope_text
    ipaddress.IPv4Address(item)
    ~~~~~~~~~~~~~~~~~~~~~^^^^^^
  File "C:\Users\allie\anaconda3\Lib\ipaddress.py", line 1319, in __init__
    self._ip = self._ip_int_from_string(addr_str)
               ~~~~~~~~~~~~~~~~~~~~~~~~^^^^^^^^^^
  File "C:\Users\allie\anaconda3\Lib\ipaddress.py", line 1206, in _ip_int_from_string
    raise AddressValueError("Expected 4 octets in %r" % ip_str)
ipaddress.AddressValueError: Expected 4 octets in '192.168.1'
2026-05-17 23:18:26 - huginn - DEBUG - Suppressed exception
Traceback (most recent call last):
  File "C:\Users\allie\Coding Projects\huggin_suite\huginn\app\core\scope_manager.py", line 62, in _parse_scope_text
    ipaddress.IPv4Address(item)
    ~~~~~~~~~~~~~~~~~~~~~^^^^^^
  File "C:\Users\allie\anaconda3\Lib\ipaddress.py", line 1319, in __init__
    self._ip = self._ip_int_from_string(addr_str)
               ~~~~~~~~~~~~~~~~~~~~~~~~^^^^^^^^^^
  File "C:\Users\allie\anaconda3\Lib\ipaddress.py", line 1211, in _ip_int_from_string
    raise AddressValueError("%s in %r" % (exc, ip_str)) from None
ipaddress.AddressValueError: Empty octet not permitted in '192.168.1.'
2026-05-17 23:18:30 - huginn - DEBUG - Suppressed exception
Traceback (most recent call last):
  File "C:\Users\allie\Coding Projects\huggin_suite\huginn\app\core\scope_manager.py", line 62, in _parse_scope_text
    ipaddress.IPv4Address(item)
    ~~~~~~~~~~~~~~~~~~~~~^^^^^^
  File "C:\Users\allie\anaconda3\Lib\ipaddress.py", line 1319, in __init__
    self._ip = self._ip_int_from_string(addr_str)
               ~~~~~~~~~~~~~~~~~~~~~~~~^^^^^^^^^^
  File "C:\Users\allie\anaconda3\Lib\ipaddress.py", line 1206, in _ip_int_from_string
    raise AddressValueError("Expected 4 octets in %r" % ip_str)
ipaddress.AddressValueError: Expected 4 octets in '1'
2026-05-17 23:18:30 - huginn - DEBUG - Suppressed exception
Traceback (most recent call last):
  File "C:\Users\allie\Coding Projects\huggin_suite\huginn\app\core\scope_manager.py", line 62, in _parse_scope_text
    ipaddress.IPv4Address(item)
    ~~~~~~~~~~~~~~~~~~~~~^^^^^^
  File "C:\Users\allie\anaconda3\Lib\ipaddress.py", line 1319, in __init__
    self._ip = self._ip_int_from_string(addr_str)
               ~~~~~~~~~~~~~~~~~~~~~~~~^^^^^^^^^^
  File "C:\Users\allie\anaconda3\Lib\ipaddress.py", line 1206, in _ip_int_from_string
    raise AddressValueError("Expected 4 octets in %r" % ip_str)
ipaddress.AddressValueError: Expected 4 octets in '19'
2026-05-17 23:18:30 - huginn - DEBUG - Suppressed exception
Traceback (most recent call last):
  File "C:\Users\allie\Coding Projects\huggin_suite\huginn\app\core\scope_manager.py", line 62, in _parse_scope_text
    ipaddress.IPv4Address(item)
    ~~~~~~~~~~~~~~~~~~~~~^^^^^^
  File "C:\Users\allie\anaconda3\Lib\ipaddress.py", line 1319, in __init__
    self._ip = self._ip_int_from_string(addr_str)
               ~~~~~~~~~~~~~~~~~~~~~~~~^^^^^^^^^^
  File "C:\Users\allie\anaconda3\Lib\ipaddress.py", line 1206, in _ip_int_from_string
    raise AddressValueError("Expected 4 octets in %r" % ip_str)
ipaddress.AddressValueError: Expected 4 octets in '192'
2026-05-17 23:18:30 - huginn - DEBUG - Suppressed exception
Traceback (most recent call last):
  File "C:\Users\allie\Coding Projects\huggin_suite\huginn\app\core\scope_manager.py", line 62, in _parse_scope_text
    ipaddress.IPv4Address(item)
    ~~~~~~~~~~~~~~~~~~~~~^^^^^^
  File "C:\Users\allie\anaconda3\Lib\ipaddress.py", line 1319, in __init__
    self._ip = self._ip_int_from_string(addr_str)
               ~~~~~~~~~~~~~~~~~~~~~~~~^^^^^^^^^^
  File "C:\Users\allie\anaconda3\Lib\ipaddress.py", line 1206, in _ip_int_from_string
    raise AddressValueError("Expected 4 octets in %r" % ip_str)
ipaddress.AddressValueError: Expected 4 octets in '192.'
2026-05-17 23:18:30 - huginn - DEBUG - Suppressed exception
Traceback (most recent call last):
  File "C:\Users\allie\Coding Projects\huggin_suite\huginn\app\core\scope_manager.py", line 62, in _parse_scope_text
    ipaddress.IPv4Address(item)
    ~~~~~~~~~~~~~~~~~~~~~^^^^^^
  File "C:\Users\allie\anaconda3\Lib\ipaddress.py", line 1319, in __init__
    self._ip = self._ip_int_from_string(addr_str)
               ~~~~~~~~~~~~~~~~~~~~~~~~^^^^^^^^^^
  File "C:\Users\allie\anaconda3\Lib\ipaddress.py", line 1206, in _ip_int_from_string
    raise AddressValueError("Expected 4 octets in %r" % ip_str)
ipaddress.AddressValueError: Expected 4 octets in '192.1'
2026-05-17 23:18:31 - huginn - DEBUG - Suppressed exception
Traceback (most recent call last):
  File "C:\Users\allie\Coding Projects\huggin_suite\huginn\app\core\scope_manager.py", line 62, in _parse_scope_text
    ipaddress.IPv4Address(item)
    ~~~~~~~~~~~~~~~~~~~~~^^^^^^
  File "C:\Users\allie\anaconda3\Lib\ipaddress.py", line 1319, in __init__
    self._ip = self._ip_int_from_string(addr_str)
               ~~~~~~~~~~~~~~~~~~~~~~~~^^^^^^^^^^
  File "C:\Users\allie\anaconda3\Lib\ipaddress.py", line 1206, in _ip_int_from_string
    raise AddressValueError("Expected 4 octets in %r" % ip_str)
ipaddress.AddressValueError: Expected 4 octets in '192.16'
2026-05-17 23:18:31 - huginn - DEBUG - Suppressed exception
Traceback (most recent call last):
  File "C:\Users\allie\Coding Projects\huggin_suite\huginn\app\core\scope_manager.py", line 62, in _parse_scope_text
    ipaddress.IPv4Address(item)
    ~~~~~~~~~~~~~~~~~~~~~^^^^^^
  File "C:\Users\allie\anaconda3\Lib\ipaddress.py", line 1319, in __init__
    self._ip = self._ip_int_from_string(addr_str)
               ~~~~~~~~~~~~~~~~~~~~~~~~^^^^^^^^^^
  File "C:\Users\allie\anaconda3\Lib\ipaddress.py", line 1206, in _ip_int_from_string
    raise AddressValueError("Expected 4 octets in %r" % ip_str)
ipaddress.AddressValueError: Expected 4 octets in '192.168'
2026-05-17 23:18:31 - huginn - DEBUG - Suppressed exception
Traceback (most recent call last):
  File "C:\Users\allie\Coding Projects\huggin_suite\huginn\app\core\scope_manager.py", line 62, in _parse_scope_text
    ipaddress.IPv4Address(item)
    ~~~~~~~~~~~~~~~~~~~~~^^^^^^
  File "C:\Users\allie\anaconda3\Lib\ipaddress.py", line 1319, in __init__
    self._ip = self._ip_int_from_string(addr_str)
               ~~~~~~~~~~~~~~~~~~~~~~~~^^^^^^^^^^
  File "C:\Users\allie\anaconda3\Lib\ipaddress.py", line 1206, in _ip_int_from_string
    raise AddressValueError("Expected 4 octets in %r" % ip_str)
ipaddress.AddressValueError: Expected 4 octets in '192.168.'
2026-05-17 23:18:31 - huginn - DEBUG - Suppressed exception
Traceback (most recent call last):
  File "C:\Users\allie\Coding Projects\huggin_suite\huginn\app\core\scope_manager.py", line 62, in _parse_scope_text
    ipaddress.IPv4Address(item)
    ~~~~~~~~~~~~~~~~~~~~~^^^^^^
  File "C:\Users\allie\anaconda3\Lib\ipaddress.py", line 1319, in __init__
    self._ip = self._ip_int_from_string(addr_str)
               ~~~~~~~~~~~~~~~~~~~~~~~~^^^^^^^^^^
  File "C:\Users\allie\anaconda3\Lib\ipaddress.py", line 1206, in _ip_int_from_string
    raise AddressValueError("Expected 4 octets in %r" % ip_str)
ipaddress.AddressValueError: Expected 4 octets in '192.168.1'
2026-05-17 23:18:32 - huginn - DEBUG - Suppressed exception
Traceback (most recent call last):
  File "C:\Users\allie\Coding Projects\huggin_suite\huginn\app\core\scope_manager.py", line 62, in _parse_scope_text
    ipaddress.IPv4Address(item)
    ~~~~~~~~~~~~~~~~~~~~~^^^^^^
  File "C:\Users\allie\anaconda3\Lib\ipaddress.py", line 1319, in __init__
    self._ip = self._ip_int_from_string(addr_str)
               ~~~~~~~~~~~~~~~~~~~~~~~~^^^^^^^^^^
  File "C:\Users\allie\anaconda3\Lib\ipaddress.py", line 1211, in _ip_int_from_string
    raise AddressValueError("%s in %r" % (exc, ip_str)) from None
ipaddress.AddressValueError: Empty octet not permitted in '192.168.1.'
2026-05-17 23:18:46 - huginn - INFO - [CredentialManager] set_profile('TestProfile') from 'Test2'
  File "C:\Users\allie\Coding Projects\huggin_suite\huginn\main.py", line 112, in <module>
    main()
  File "C:\Users\allie\Coding Projects\huggin_suite\huginn\main.py", line 109, in main
    exit(app.exec())
  File "C:\Users\allie\Coding Projects\huggin_suite\huginn\app\pages\attack_chain_home.py", line 740, in on_profile_selected
    credential_manager.set_profile(profile_name)
  File "C:\Users\allie\Coding Projects\huggin_suite\huginn\app\core\credential_manager.py", line 196, in set_profile
    + ''.join(_tb.format_stack(limit=6))

2026-05-17 23:18:46 - huginn - INFO - [CredentialManager] Saved 0 credential(s) to profile 'Test2' → Test2_credentials.enc
2026-05-17 23:18:46 - huginn - DEBUG - Credentials loaded for profile 'TestProfile'
2026-05-17 23:18:46 - huginn - INFO - [CredentialManager] Saved 1 credential(s) to profile 'TestProfile' → TestProfile_credentials.enc
2026-05-17 23:18:46 - huginn - INFO - [CredentialManager] Saved 2 credential(s) to profile 'TestProfile' → TestProfile_credentials.enc
2026-05-17 23:18:46 - huginn - DEBUG - Credentials loaded for profile 'TestProfile'
2026-05-17 23:18:47 - huginn - INFO - [CredentialManager] set_profile('Test2') from 'TestProfile'
  File "C:\Users\allie\Coding Projects\huggin_suite\huginn\main.py", line 112, in <module>
    main()
  File "C:\Users\allie\Coding Projects\huggin_suite\huginn\main.py", line 109, in main
    exit(app.exec())
  File "C:\Users\allie\Coding Projects\huggin_suite\huginn\app\pages\attack_chain_home.py", line 740, in on_profile_selected
    credential_manager.set_profile(profile_name)
  File "C:\Users\allie\Coding Projects\huggin_suite\huginn\app\core\credential_manager.py", line 196, in set_profile
    + ''.join(_tb.format_stack(limit=6))

2026-05-17 23:18:47 - huginn - INFO - [CredentialManager] Saved 2 credential(s) to profile 'TestProfile' → TestProfile_credentials.enc
2026-05-17 23:18:47 - huginn - DEBUG - Credentials loaded for profile 'Test2'
2026-05-17 23:18:47 - huginn - DEBUG - Credentials loaded for profile 'Test2'
2026-05-17 23:18:48 - huginn - INFO - [CredentialManager] set_profile('TestProfile') from 'Test2'
  File "C:\Users\allie\Coding Projects\huggin_suite\huginn\main.py", line 112, in <module>
    main()
  File "C:\Users\allie\Coding Projects\huggin_suite\huginn\main.py", line 109, in main
    exit(app.exec())
  File "C:\Users\allie\Coding Projects\huggin_suite\huginn\app\pages\attack_chain_home.py", line 740, in on_profile_selected
    credential_manager.set_profile(profile_name)
  File "C:\Users\allie\Coding Projects\huggin_suite\huginn\app\core\credential_manager.py", line 196, in set_profile
    + ''.join(_tb.format_stack(limit=6))

2026-05-17 23:18:48 - huginn - INFO - [CredentialManager] Saved 0 credential(s) to profile 'Test2' → Test2_credentials.enc
2026-05-17 23:18:48 - huginn - DEBUG - Credentials loaded for profile 'TestProfile'
2026-05-17 23:18:48 - huginn - INFO - [CredentialManager] Saved 1 credential(s) to profile 'TestProfile' → TestProfile_credentials.enc
2026-05-17 23:18:48 - huginn - INFO - [CredentialManager] Saved 2 credential(s) to profile 'TestProfile' → TestProfile_credentials.enc
2026-05-17 23:18:48 - huginn - DEBUG - Credentials loaded for profile 'TestProfile'
2026-05-17 23:18:49 - huginn - INFO - [CredentialManager] set_profile('Test2') from 'TestProfile'
  File "C:\Users\allie\Coding Projects\huggin_suite\huginn\main.py", line 112, in <module>
    main()
  File "C:\Users\allie\Coding Projects\huggin_suite\huginn\main.py", line 109, in main
    exit(app.exec())
  File "C:\Users\allie\Coding Projects\huggin_suite\huginn\app\pages\attack_chain_home.py", line 740, in on_profile_selected
    credential_manager.set_profile(profile_name)
  File "C:\Users\allie\Coding Projects\huggin_suite\huginn\app\core\credential_manager.py", line 196, in set_profile
    + ''.join(_tb.format_stack(limit=6))

2026-05-17 23:18:49 - huginn - INFO - [CredentialManager] Saved 2 credential(s) to profile 'TestProfile' → TestProfile_credentials.enc
2026-05-17 23:18:49 - huginn - DEBUG - Credentials loaded for profile 'Test2'
2026-05-17 23:18:49 - huginn - DEBUG - Credentials loaded for profile 'Test2'
2026-05-17 23:18:50 - huginn - INFO - [CredentialManager] set_profile('LAB') from 'Test2'
  File "C:\Users\allie\Coding Projects\huggin_suite\huginn\main.py", line 112, in <module>
    main()
  File "C:\Users\allie\Coding Projects\huggin_suite\huginn\main.py", line 109, in main
    exit(app.exec())
  File "C:\Users\allie\Coding Projects\huggin_suite\huginn\app\pages\attack_chain_home.py", line 740, in on_profile_selected
    credential_manager.set_profile(profile_name)
  File "C:\Users\allie\Coding Projects\huggin_suite\huginn\app\core\credential_manager.py", line 196, in set_profile
    + ''.join(_tb.format_stack(limit=6))

2026-05-17 23:18:50 - huginn - INFO - [CredentialManager] Saved 0 credential(s) to profile 'Test2' → Test2_credentials.enc
2026-05-17 23:18:50 - huginn - DEBUG - Credentials loaded for profile 'LAB'
2026-05-17 23:18:50 - huginn - INFO - [CredentialManager] Saved 1 credential(s) to profile 'LAB' → LAB_credentials.enc
2026-05-17 23:18:50 - huginn - INFO - [CredentialManager] Saved 2 credential(s) to profile 'LAB' → LAB_credentials.enc
2026-05-17 23:18:50 - huginn - INFO - [CredentialManager] Saved 3 credential(s) to profile 'LAB' → LAB_credentials.enc
2026-05-17 23:18:50 - huginn - INFO - [CredentialManager] Saved 4 credential(s) to profile 'LAB' → LAB_credentials.enc
2026-05-17 23:18:50 - huginn - DEBUG - Credentials loaded for profile 'LAB'
2026-05-17 23:20:18 - huginn - INFO - [CredentialManager] set_profile('Test3') from 'LAB'
  File "C:\Users\allie\Coding Projects\huggin_suite\huginn\main.py", line 112, in <module>
    main()
  File "C:\Users\allie\Coding Projects\huggin_suite\huginn\main.py", line 109, in main
    exit(app.exec())
  File "C:\Users\allie\Coding Projects\huggin_suite\huginn\app\main_window\main_window_refactored.py", line 869, in new_profile
    page.new_profile()
  File "C:\Users\allie\Coding Projects\huggin_suite\huginn\app\pages\attack_chain_home.py", line 871, in new_profile
    credential_manager.set_profile(profile_name)
  File "C:\Users\allie\Coding Projects\huggin_suite\huginn\app\core\credential_manager.py", line 196, in set_profile
    + ''.join(_tb.format_stack(limit=6))

2026-05-17 23:20:18 - huginn - INFO - [CredentialManager] Saved 4 credential(s) to profile 'LAB' → LAB_credentials.enc
2026-05-17 23:20:18 - huginn - INFO - [CredentialManager] set_profile('Test3') from 'Test3'
  File "C:\Users\allie\Coding Projects\huggin_suite\huginn\main.py", line 112, in <module>
    main()
  File "C:\Users\allie\Coding Projects\huggin_suite\huginn\main.py", line 109, in main
    exit(app.exec())
  File "C:\Users\allie\Coding Projects\huggin_suite\huginn\app\main_window\main_window_refactored.py", line 869, in new_profile
    page.new_profile()
  File "C:\Users\allie\Coding Projects\huggin_suite\huginn\app\pages\attack_chain_home.py", line 887, in new_profile
    self.target_table.selectRow(row)
  File "C:\Users\allie\Coding Projects\huggin_suite\huginn\app\pages\attack_chain_home.py", line 740, in on_profile_selected
    credential_manager.set_profile(profile_name)
  File "C:\Users\allie\Coding Projects\huggin_suite\huginn\app\core\credential_manager.py", line 196, in set_profile
    + ''.join(_tb.format_stack(limit=6))

2026-05-17 23:20:20 - huginn - DEBUG - Suppressed exception
Traceback (most recent call last):
  File "C:\Users\allie\Coding Projects\huggin_suite\huginn\app\core\scope_manager.py", line 62, in _parse_scope_text
    ipaddress.IPv4Address(item)
    ~~~~~~~~~~~~~~~~~~~~~^^^^^^
  File "C:\Users\allie\anaconda3\Lib\ipaddress.py", line 1319, in __init__
    self._ip = self._ip_int_from_string(addr_str)
               ~~~~~~~~~~~~~~~~~~~~~~~~^^^^^^^^^^
  File "C:\Users\allie\anaconda3\Lib\ipaddress.py", line 1206, in _ip_int_from_string
    raise AddressValueError("Expected 4 octets in %r" % ip_str)
ipaddress.AddressValueError: Expected 4 octets in '1'
2026-05-17 23:20:20 - huginn - DEBUG - Suppressed exception
Traceback (most recent call last):
  File "C:\Users\allie\Coding Projects\huggin_suite\huginn\app\core\scope_manager.py", line 62, in _parse_scope_text
    ipaddress.IPv4Address(item)
    ~~~~~~~~~~~~~~~~~~~~~^^^^^^
  File "C:\Users\allie\anaconda3\Lib\ipaddress.py", line 1319, in __init__
    self._ip = self._ip_int_from_string(addr_str)
               ~~~~~~~~~~~~~~~~~~~~~~~~^^^^^^^^^^
  File "C:\Users\allie\anaconda3\Lib\ipaddress.py", line 1206, in _ip_int_from_string
    raise AddressValueError("Expected 4 octets in %r" % ip_str)
ipaddress.AddressValueError: Expected 4 octets in '19'
2026-05-17 23:20:20 - huginn - DEBUG - Suppressed exception
Traceback (most recent call last):
  File "C:\Users\allie\Coding Projects\huggin_suite\huginn\app\core\scope_manager.py", line 62, in _parse_scope_text
    ipaddress.IPv4Address(item)
    ~~~~~~~~~~~~~~~~~~~~~^^^^^^
  File "C:\Users\allie\anaconda3\Lib\ipaddress.py", line 1319, in __init__
    self._ip = self._ip_int_from_string(addr_str)
               ~~~~~~~~~~~~~~~~~~~~~~~~^^^^^^^^^^
  File "C:\Users\allie\anaconda3\Lib\ipaddress.py", line 1206, in _ip_int_from_string
    raise AddressValueError("Expected 4 octets in %r" % ip_str)
ipaddress.AddressValueError: Expected 4 octets in '192'
2026-05-17 23:20:20 - huginn - DEBUG - Suppressed exception
Traceback (most recent call last):
  File "C:\Users\allie\Coding Projects\huggin_suite\huginn\app\core\scope_manager.py", line 62, in _parse_scope_text
    ipaddress.IPv4Address(item)
    ~~~~~~~~~~~~~~~~~~~~~^^^^^^
  File "C:\Users\allie\anaconda3\Lib\ipaddress.py", line 1319, in __init__
    self._ip = self._ip_int_from_string(addr_str)
               ~~~~~~~~~~~~~~~~~~~~~~~~^^^^^^^^^^
  File "C:\Users\allie\anaconda3\Lib\ipaddress.py", line 1206, in _ip_int_from_string
    raise AddressValueError("Expected 4 octets in %r" % ip_str)
ipaddress.AddressValueError: Expected 4 octets in '192.'
2026-05-17 23:20:20 - huginn - DEBUG - Suppressed exception
Traceback (most recent call last):
  File "C:\Users\allie\Coding Projects\huggin_suite\huginn\app\core\scope_manager.py", line 62, in _parse_scope_text
    ipaddress.IPv4Address(item)
    ~~~~~~~~~~~~~~~~~~~~~^^^^^^
  File "C:\Users\allie\anaconda3\Lib\ipaddress.py", line 1319, in __init__
    self._ip = self._ip_int_from_string(addr_str)
               ~~~~~~~~~~~~~~~~~~~~~~~~^^^^^^^^^^
  File "C:\Users\allie\anaconda3\Lib\ipaddress.py", line 1206, in _ip_int_from_string
    raise AddressValueError("Expected 4 octets in %r" % ip_str)
ipaddress.AddressValueError: Expected 4 octets in '192.1'
2026-05-17 23:20:20 - huginn - DEBUG - Suppressed exception
Traceback (most recent call last):
  File "C:\Users\allie\Coding Projects\huggin_suite\huginn\app\core\scope_manager.py", line 62, in _parse_scope_text
    ipaddress.IPv4Address(item)
    ~~~~~~~~~~~~~~~~~~~~~^^^^^^
  File "C:\Users\allie\anaconda3\Lib\ipaddress.py", line 1319, in __init__
    self._ip = self._ip_int_from_string(addr_str)
               ~~~~~~~~~~~~~~~~~~~~~~~~^^^^^^^^^^
  File "C:\Users\allie\anaconda3\Lib\ipaddress.py", line 1206, in _ip_int_from_string
    raise AddressValueError("Expected 4 octets in %r" % ip_str)
ipaddress.AddressValueError: Expected 4 octets in '192.16'
2026-05-17 23:20:21 - huginn - DEBUG - Suppressed exception
Traceback (most recent call last):
  File "C:\Users\allie\Coding Projects\huggin_suite\huginn\app\core\scope_manager.py", line 62, in _parse_scope_text
    ipaddress.IPv4Address(item)
    ~~~~~~~~~~~~~~~~~~~~~^^^^^^
  File "C:\Users\allie\anaconda3\Lib\ipaddress.py", line 1319, in __init__
    self._ip = self._ip_int_from_string(addr_str)
               ~~~~~~~~~~~~~~~~~~~~~~~~^^^^^^^^^^
  File "C:\Users\allie\anaconda3\Lib\ipaddress.py", line 1206, in _ip_int_from_string
    raise AddressValueError("Expected 4 octets in %r" % ip_str)
ipaddress.AddressValueError: Expected 4 octets in '192.168'
2026-05-17 23:20:21 - huginn - DEBUG - Suppressed exception
Traceback (most recent call last):
  File "C:\Users\allie\Coding Projects\huggin_suite\huginn\app\core\scope_manager.py", line 62, in _parse_scope_text
    ipaddress.IPv4Address(item)
    ~~~~~~~~~~~~~~~~~~~~~^^^^^^
  File "C:\Users\allie\anaconda3\Lib\ipaddress.py", line 1319, in __init__
    self._ip = self._ip_int_from_string(addr_str)
               ~~~~~~~~~~~~~~~~~~~~~~~~^^^^^^^^^^
  File "C:\Users\allie\anaconda3\Lib\ipaddress.py", line 1206, in _ip_int_from_string
    raise AddressValueError("Expected 4 octets in %r" % ip_str)
ipaddress.AddressValueError: Expected 4 octets in '192.168.'
2026-05-17 23:20:21 - huginn - DEBUG - Suppressed exception
Traceback (most recent call last):
  File "C:\Users\allie\Coding Projects\huggin_suite\huginn\app\core\scope_manager.py", line 62, in _parse_scope_text
    ipaddress.IPv4Address(item)
    ~~~~~~~~~~~~~~~~~~~~~^^^^^^
  File "C:\Users\allie\anaconda3\Lib\ipaddress.py", line 1319, in __init__
    self._ip = self._ip_int_from_string(addr_str)
               ~~~~~~~~~~~~~~~~~~~~~~~~^^^^^^^^^^
  File "C:\Users\allie\anaconda3\Lib\ipaddress.py", line 1206, in _ip_int_from_string
    raise AddressValueError("Expected 4 octets in %r" % ip_str)
ipaddress.AddressValueError: Expected 4 octets in '192.168.1'
2026-05-17 23:20:21 - huginn - DEBUG - Suppressed exception
Traceback (most recent call last):
  File "C:\Users\allie\Coding Projects\huggin_suite\huginn\app\core\scope_manager.py", line 62, in _parse_scope_text
    ipaddress.IPv4Address(item)
    ~~~~~~~~~~~~~~~~~~~~~^^^^^^
  File "C:\Users\allie\anaconda3\Lib\ipaddress.py", line 1319, in __init__
    self._ip = self._ip_int_from_string(addr_str)
               ~~~~~~~~~~~~~~~~~~~~~~~~^^^^^^^^^^
  File "C:\Users\allie\anaconda3\Lib\ipaddress.py", line 1211, in _ip_int_from_string
    raise AddressValueError("%s in %r" % (exc, ip_str)) from None
ipaddress.AddressValueError: Empty octet not permitted in '192.168.1.'
2026-05-17 23:20:23 - huginn - DEBUG - Suppressed exception
Traceback (most recent call last):
  File "C:\Users\allie\Coding Projects\huggin_suite\huginn\app\core\scope_manager.py", line 62, in _parse_scope_text
    ipaddress.IPv4Address(item)
    ~~~~~~~~~~~~~~~~~~~~~^^^^^^
  File "C:\Users\allie\anaconda3\Lib\ipaddress.py", line 1319, in __init__
    self._ip = self._ip_int_from_string(addr_str)
               ~~~~~~~~~~~~~~~~~~~~~~~~^^^^^^^^^^
  File "C:\Users\allie\anaconda3\Lib\ipaddress.py", line 1206, in _ip_int_from_string
    raise AddressValueError("Expected 4 octets in %r" % ip_str)
ipaddress.AddressValueError: Expected 4 octets in '1'
2026-05-17 23:20:23 - huginn - DEBUG - Suppressed exception
Traceback (most recent call last):
  File "C:\Users\allie\Coding Projects\huggin_suite\huginn\app\core\scope_manager.py", line 62, in _parse_scope_text
    ipaddress.IPv4Address(item)
    ~~~~~~~~~~~~~~~~~~~~~^^^^^^
  File "C:\Users\allie\anaconda3\Lib\ipaddress.py", line 1319, in __init__
    self._ip = self._ip_int_from_string(addr_str)
               ~~~~~~~~~~~~~~~~~~~~~~~~^^^^^^^^^^
  File "C:\Users\allie\anaconda3\Lib\ipaddress.py", line 1206, in _ip_int_from_string
    raise AddressValueError("Expected 4 octets in %r" % ip_str)
ipaddress.AddressValueError: Expected 4 octets in '19'
2026-05-17 23:20:24 - huginn - DEBUG - Suppressed exception
Traceback (most recent call last):
  File "C:\Users\allie\Coding Projects\huggin_suite\huginn\app\core\scope_manager.py", line 62, in _parse_scope_text
    ipaddress.IPv4Address(item)
    ~~~~~~~~~~~~~~~~~~~~~^^^^^^
  File "C:\Users\allie\anaconda3\Lib\ipaddress.py", line 1319, in __init__
    self._ip = self._ip_int_from_string(addr_str)
               ~~~~~~~~~~~~~~~~~~~~~~~~^^^^^^^^^^
  File "C:\Users\allie\anaconda3\Lib\ipaddress.py", line 1206, in _ip_int_from_string
    raise AddressValueError("Expected 4 octets in %r" % ip_str)
ipaddress.AddressValueError: Expected 4 octets in '192'
2026-05-17 23:20:24 - huginn - DEBUG - Suppressed exception
Traceback (most recent call last):
  File "C:\Users\allie\Coding Projects\huggin_suite\huginn\app\core\scope_manager.py", line 62, in _parse_scope_text
    ipaddress.IPv4Address(item)
    ~~~~~~~~~~~~~~~~~~~~~^^^^^^
  File "C:\Users\allie\anaconda3\Lib\ipaddress.py", line 1319, in __init__
    self._ip = self._ip_int_from_string(addr_str)
               ~~~~~~~~~~~~~~~~~~~~~~~~^^^^^^^^^^
  File "C:\Users\allie\anaconda3\Lib\ipaddress.py", line 1206, in _ip_int_from_string
    raise AddressValueError("Expected 4 octets in %r" % ip_str)
ipaddress.AddressValueError: Expected 4 octets in '192.'
2026-05-17 23:20:24 - huginn - DEBUG - Suppressed exception
Traceback (most recent call last):
  File "C:\Users\allie\Coding Projects\huggin_suite\huginn\app\core\scope_manager.py", line 62, in _parse_scope_text
    ipaddress.IPv4Address(item)
    ~~~~~~~~~~~~~~~~~~~~~^^^^^^
  File "C:\Users\allie\anaconda3\Lib\ipaddress.py", line 1319, in __init__
    self._ip = self._ip_int_from_string(addr_str)
               ~~~~~~~~~~~~~~~~~~~~~~~~^^^^^^^^^^
  File "C:\Users\allie\anaconda3\Lib\ipaddress.py", line 1206, in _ip_int_from_string
    raise AddressValueError("Expected 4 octets in %r" % ip_str)
ipaddress.AddressValueError: Expected 4 octets in '192.1'
2026-05-17 23:20:24 - huginn - DEBUG - Suppressed exception
Traceback (most recent call last):
  File "C:\Users\allie\Coding Projects\huggin_suite\huginn\app\core\scope_manager.py", line 62, in _parse_scope_text
    ipaddress.IPv4Address(item)
    ~~~~~~~~~~~~~~~~~~~~~^^^^^^
  File "C:\Users\allie\anaconda3\Lib\ipaddress.py", line 1319, in __init__
    self._ip = self._ip_int_from_string(addr_str)
               ~~~~~~~~~~~~~~~~~~~~~~~~^^^^^^^^^^
  File "C:\Users\allie\anaconda3\Lib\ipaddress.py", line 1206, in _ip_int_from_string
    raise AddressValueError("Expected 4 octets in %r" % ip_str)
ipaddress.AddressValueError: Expected 4 octets in '192.16'
2026-05-17 23:20:24 - huginn - DEBUG - Suppressed exception
Traceback (most recent call last):
  File "C:\Users\allie\Coding Projects\huggin_suite\huginn\app\core\scope_manager.py", line 62, in _parse_scope_text
    ipaddress.IPv4Address(item)
    ~~~~~~~~~~~~~~~~~~~~~^^^^^^
  File "C:\Users\allie\anaconda3\Lib\ipaddress.py", line 1319, in __init__
    self._ip = self._ip_int_from_string(addr_str)
               ~~~~~~~~~~~~~~~~~~~~~~~~^^^^^^^^^^
  File "C:\Users\allie\anaconda3\Lib\ipaddress.py", line 1206, in _ip_int_from_string
    raise AddressValueError("Expected 4 octets in %r" % ip_str)
ipaddress.AddressValueError: Expected 4 octets in '192.168'
2026-05-17 23:20:25 - huginn - DEBUG - Suppressed exception
Traceback (most recent call last):
  File "C:\Users\allie\Coding Projects\huggin_suite\huginn\app\core\scope_manager.py", line 62, in _parse_scope_text
    ipaddress.IPv4Address(item)
    ~~~~~~~~~~~~~~~~~~~~~^^^^^^
  File "C:\Users\allie\anaconda3\Lib\ipaddress.py", line 1319, in __init__
    self._ip = self._ip_int_from_string(addr_str)
               ~~~~~~~~~~~~~~~~~~~~~~~~^^^^^^^^^^
  File "C:\Users\allie\anaconda3\Lib\ipaddress.py", line 1206, in _ip_int_from_string
    raise AddressValueError("Expected 4 octets in %r" % ip_str)
ipaddress.AddressValueError: Expected 4 octets in '192.168.'
2026-05-17 23:20:25 - huginn - DEBUG - Suppressed exception
Traceback (most recent call last):
  File "C:\Users\allie\Coding Projects\huggin_suite\huginn\app\core\scope_manager.py", line 62, in _parse_scope_text
    ipaddress.IPv4Address(item)
    ~~~~~~~~~~~~~~~~~~~~~^^^^^^
  File "C:\Users\allie\anaconda3\Lib\ipaddress.py", line 1319, in __init__
    self._ip = self._ip_int_from_string(addr_str)
               ~~~~~~~~~~~~~~~~~~~~~~~~^^^^^^^^^^
  File "C:\Users\allie\anaconda3\Lib\ipaddress.py", line 1206, in _ip_int_from_string
    raise AddressValueError("Expected 4 octets in %r" % ip_str)
ipaddress.AddressValueError: Expected 4 octets in '192.168.1'
2026-05-17 23:20:25 - huginn - DEBUG - Suppressed exception
Traceback (most recent call last):
  File "C:\Users\allie\Coding Projects\huggin_suite\huginn\app\core\scope_manager.py", line 62, in _parse_scope_text
    ipaddress.IPv4Address(item)
    ~~~~~~~~~~~~~~~~~~~~~^^^^^^
  File "C:\Users\allie\anaconda3\Lib\ipaddress.py", line 1319, in __init__
    self._ip = self._ip_int_from_string(addr_str)
               ~~~~~~~~~~~~~~~~~~~~~~~~^^^^^^^^^^
  File "C:\Users\allie\anaconda3\Lib\ipaddress.py", line 1211, in _ip_int_from_string
    raise AddressValueError("%s in %r" % (exc, ip_str)) from None
ipaddress.AddressValueError: Empty octet not permitted in '192.168.1.'
2026-05-17 23:20:40 - huginn - INFO - [CredentialManager] set_profile('TestProfile') from 'Test3'
  File "C:\Users\allie\Coding Projects\huggin_suite\huginn\main.py", line 112, in <module>
    main()
  File "C:\Users\allie\Coding Projects\huggin_suite\huginn\main.py", line 109, in main
    exit(app.exec())
  File "C:\Users\allie\Coding Projects\huggin_suite\huginn\app\pages\attack_chain_home.py", line 740, in on_profile_selected
    credential_manager.set_profile(profile_name)
  File "C:\Users\allie\Coding Projects\huggin_suite\huginn\app\core\credential_manager.py", line 196, in set_profile
    + ''.join(_tb.format_stack(limit=6))

2026-05-17 23:20:40 - huginn - INFO - [CredentialManager] Saved 0 credential(s) to profile 'Test3' → Test3_credentials.enc
2026-05-17 23:20:40 - huginn - DEBUG - Credentials loaded for profile 'TestProfile'
2026-05-17 23:20:40 - huginn - INFO - [CredentialManager] Saved 1 credential(s) to profile 'TestProfile' → TestProfile_credentials.enc
2026-05-17 23:20:40 - huginn - INFO - [CredentialManager] Saved 2 credential(s) to profile 'TestProfile' → TestProfile_credentials.enc
2026-05-17 23:20:40 - huginn - DEBUG - Credentials loaded for profile 'TestProfile'
2026-05-17 23:20:42 - huginn - INFO - [CredentialManager] set_profile('Test2') from 'TestProfile'
  File "C:\Users\allie\Coding Projects\huggin_suite\huginn\main.py", line 112, in <module>
    main()
  File "C:\Users\allie\Coding Projects\huggin_suite\huginn\main.py", line 109, in main
    exit(app.exec())
  File "C:\Users\allie\Coding Projects\huggin_suite\huginn\app\pages\attack_chain_home.py", line 740, in on_profile_selected
    credential_manager.set_profile(profile_name)
  File "C:\Users\allie\Coding Projects\huggin_suite\huginn\app\core\credential_manager.py", line 196, in set_profile
    + ''.join(_tb.format_stack(limit=6))

2026-05-17 23:20:42 - huginn - INFO - [CredentialManager] Saved 2 credential(s) to profile 'TestProfile' → TestProfile_credentials.enc
2026-05-17 23:20:42 - huginn - DEBUG - Credentials loaded for profile 'Test2'
2026-05-17 23:20:42 - huginn - DEBUG - Credentials loaded for profile 'Test2'
2026-05-17 23:20:43 - huginn - INFO - [CredentialManager] set_profile('Test3') from 'Test2'
  File "C:\Users\allie\Coding Projects\huggin_suite\huginn\main.py", line 112, in <module>
    main()
  File "C:\Users\allie\Coding Projects\huggin_suite\huginn\main.py", line 109, in main
    exit(app.exec())
  File "C:\Users\allie\Coding Projects\huggin_suite\huginn\app\pages\attack_chain_home.py", line 740, in on_profile_selected
    credential_manager.set_profile(profile_name)
  File "C:\Users\allie\Coding Projects\huggin_suite\huginn\app\core\credential_manager.py", line 196, in set_profile
    + ''.join(_tb.format_stack(limit=6))

2026-05-17 23:20:43 - huginn - INFO - [CredentialManager] Saved 0 credential(s) to profile 'Test2' → Test2_credentials.enc
2026-05-17 23:20:43 - huginn - DEBUG - Credentials loaded for profile 'Test3'
2026-05-17 23:20:43 - huginn - DEBUG - Credentials loaded for profile 'Test3'
2026-05-17 23:20:44 - huginn - INFO - [CredentialManager] set_profile('Test2') from 'Test3'
  File "C:\Users\allie\Coding Projects\huggin_suite\huginn\main.py", line 112, in <module>
    main()
  File "C:\Users\allie\Coding Projects\huggin_suite\huginn\main.py", line 109, in main
    exit(app.exec())
  File "C:\Users\allie\Coding Projects\huggin_suite\huginn\app\pages\attack_chain_home.py", line 740, in on_profile_selected
    credential_manager.set_profile(profile_name)
  File "C:\Users\allie\Coding Projects\huggin_suite\huginn\app\core\credential_manager.py", line 196, in set_profile
    + ''.join(_tb.format_stack(limit=6))

2026-05-17 23:20:44 - huginn - INFO - [CredentialManager] Saved 0 credential(s) to profile 'Test3' → Test3_credentials.enc
2026-05-17 23:20:44 - huginn - DEBUG - Credentials loaded for profile 'Test2'
2026-05-17 23:20:44 - huginn - DEBUG - Credentials loaded for profile 'Test2'
2026-05-17 23:20:45 - huginn - INFO - [CredentialManager] set_profile('Test3') from 'Test2'
  File "C:\Users\allie\Coding Projects\huggin_suite\huginn\main.py", line 112, in <module>
    main()
  File "C:\Users\allie\Coding Projects\huggin_suite\huginn\main.py", line 109, in main
    exit(app.exec())
  File "C:\Users\allie\Coding Projects\huggin_suite\huginn\app\pages\attack_chain_home.py", line 740, in on_profile_selected
    credential_manager.set_profile(profile_name)
  File "C:\Users\allie\Coding Projects\huggin_suite\huginn\app\core\credential_manager.py", line 196, in set_profile
    + ''.join(_tb.format_stack(limit=6))

2026-05-17 23:20:45 - huginn - INFO - [CredentialManager] Saved 0 credential(s) to profile 'Test2' → Test2_credentials.enc
2026-05-17 23:20:45 - huginn - DEBUG - Credentials loaded for profile 'Test3'
2026-05-17 23:20:45 - huginn - DEBUG - Credentials loaded for profile 'Test3'
2026-05-17 23:20:46 - huginn - INFO - [CredentialManager] set_profile('TestProfile') from 'Test3'
  File "C:\Users\allie\Coding Projects\huggin_suite\huginn\main.py", line 112, in <module>
    main()
  File "C:\Users\allie\Coding Projects\huggin_suite\huginn\main.py", line 109, in main
    exit(app.exec())
  File "C:\Users\allie\Coding Projects\huggin_suite\huginn\app\pages\attack_chain_home.py", line 740, in on_profile_selected
    credential_manager.set_profile(profile_name)
  File "C:\Users\allie\Coding Projects\huggin_suite\huginn\app\core\credential_manager.py", line 196, in set_profile
    + ''.join(_tb.format_stack(limit=6))

2026-05-17 23:20:46 - huginn - INFO - [CredentialManager] Saved 0 credential(s) to profile 'Test3' → Test3_credentials.enc
2026-05-17 23:20:46 - huginn - DEBUG - Credentials loaded for profile 'TestProfile'
2026-05-17 23:20:46 - huginn - INFO - [CredentialManager] Saved 1 credential(s) to profile 'TestProfile' → TestProfile_credentials.enc
2026-05-17 23:20:46 - huginn - INFO - [CredentialManager] Saved 2 credential(s) to profile 'TestProfile' → TestProfile_credentials.enc
2026-05-17 23:20:46 - huginn - DEBUG - Credentials loaded for profile 'TestProfile'
2026-05-17 23:21:07 - huginn - INFO - [CredentialManager] set_profile('LAB') from 'TestProfile'
  File "C:\Users\allie\Coding Projects\huggin_suite\huginn\main.py", line 112, in <module>
    main()
  File "C:\Users\allie\Coding Projects\huggin_suite\huginn\main.py", line 109, in main
    exit(app.exec())
  File "C:\Users\allie\Coding Projects\huggin_suite\huginn\app\pages\attack_chain_home.py", line 740, in on_profile_selected
    credential_manager.set_profile(profile_name)
  File "C:\Users\allie\Coding Projects\huggin_suite\huginn\app\core\credential_manager.py", line 196, in set_profile
    + ''.join(_tb.format_stack(limit=6))

2026-05-17 23:21:07 - huginn - INFO - [CredentialManager] Saved 2 credential(s) to profile 'TestProfile' → TestProfile_credentials.enc
2026-05-17 23:21:07 - huginn - DEBUG - Credentials loaded for profile 'LAB'
2026-05-17 23:21:07 - huginn - INFO - [CredentialManager] Saved 1 credential(s) to profile 'LAB' → LAB_credentials.enc
2026-05-17 23:21:07 - huginn - INFO - [CredentialManager] Saved 2 credential(s) to profile 'LAB' → LAB_credentials.enc
2026-05-17 23:21:07 - huginn - INFO - [CredentialManager] Saved 3 credential(s) to profile 'LAB' → LAB_credentials.enc
2026-05-17 23:21:07 - huginn - INFO - [CredentialManager] Saved 4 credential(s) to profile 'LAB' → LAB_credentials.enc
2026-05-17 23:21:07 - huginn - DEBUG - Credentials loaded for profile 'LAB'
2026-05-17 23:21:09 - huginn - INFO - [CredentialManager] set_profile('Test2') from 'LAB'
  File "C:\Users\allie\Coding Projects\huggin_suite\huginn\main.py", line 112, in <module>
    main()
  File "C:\Users\allie\Coding Projects\huggin_suite\huginn\main.py", line 109, in main
    exit(app.exec())
  File "C:\Users\allie\Coding Projects\huggin_suite\huginn\app\pages\attack_chain_home.py", line 740, in on_profile_selected
    credential_manager.set_profile(profile_name)
  File "C:\Users\allie\Coding Projects\huggin_suite\huginn\app\core\credential_manager.py", line 196, in set_profile
    + ''.join(_tb.format_stack(limit=6))

2026-05-17 23:21:09 - huginn - INFO - [CredentialManager] Saved 4 credential(s) to profile 'LAB' → LAB_credentials.enc
2026-05-17 23:21:09 - huginn - DEBUG - Credentials loaded for profile 'Test2'
2026-05-17 23:21:09 - huginn - DEBUG - Credentials loaded for profile 'Test2'
2026-05-17 23:21:12 - huginn - INFO - [CredentialManager] set_profile('LAB') from 'Test2'
  File "C:\Users\allie\Coding Projects\huggin_suite\huginn\main.py", line 112, in <module>
    main()
  File "C:\Users\allie\Coding Projects\huggin_suite\huginn\main.py", line 109, in main
    exit(app.exec())
  File "C:\Users\allie\Coding Projects\huggin_suite\huginn\app\pages\attack_chain_home.py", line 1085, in delete_selected_profile
    self.target_table.removeRow(current_row)
  File "C:\Users\allie\Coding Projects\huggin_suite\huginn\app\pages\attack_chain_home.py", line 740, in on_profile_selected
    credential_manager.set_profile(profile_name)
  File "C:\Users\allie\Coding Projects\huggin_suite\huginn\app\core\credential_manager.py", line 196, in set_profile
    + ''.join(_tb.format_stack(limit=6))

2026-05-17 23:21:12 - huginn - INFO - [CredentialManager] Saved 0 credential(s) to profile 'Test2' → Test2_credentials.enc
2026-05-17 23:21:12 - huginn - DEBUG - Credentials loaded for profile 'LAB'
2026-05-17 23:21:12 - huginn - INFO - [CredentialManager] Saved 1 credential(s) to profile 'LAB' → LAB_credentials.enc
2026-05-17 23:21:12 - huginn - INFO - [CredentialManager] Saved 2 credential(s) to profile 'LAB' → LAB_credentials.enc
2026-05-17 23:21:12 - huginn - INFO - [CredentialManager] Saved 3 credential(s) to profile 'LAB' → LAB_credentials.enc
2026-05-17 23:21:12 - huginn - INFO - [CredentialManager] Saved 4 credential(s) to profile 'LAB' → LAB_credentials.enc
2026-05-17 23:21:12 - huginn - DEBUG - Credentials loaded for profile 'LAB'
2026-05-17 23:21:13 - huginn - INFO - [CredentialManager] set_profile('Test3') from 'LAB'
  File "C:\Users\allie\Coding Projects\huggin_suite\huginn\main.py", line 112, in <module>
    main()
  File "C:\Users\allie\Coding Projects\huggin_suite\huginn\main.py", line 109, in main
    exit(app.exec())
  File "C:\Users\allie\Coding Projects\huggin_suite\huginn\app\pages\attack_chain_home.py", line 740, in on_profile_selected
    credential_manager.set_profile(profile_name)
  File "C:\Users\allie\Coding Projects\huggin_suite\huginn\app\core\credential_manager.py", line 196, in set_profile
    + ''.join(_tb.format_stack(limit=6))

2026-05-17 23:21:13 - huginn - INFO - [CredentialManager] Saved 4 credential(s) to profile 'LAB' → LAB_credentials.enc
2026-05-17 23:21:13 - huginn - DEBUG - Credentials loaded for profile 'Test3'
2026-05-17 23:21:13 - huginn - DEBUG - Credentials loaded for profile 'Test3'
2026-05-17 23:21:15 - huginn - INFO - [CredentialManager] set_profile('LAB') from 'Test3'
  File "C:\Users\allie\Coding Projects\huggin_suite\huginn\main.py", line 112, in <module>
    main()
  File "C:\Users\allie\Coding Projects\huggin_suite\huginn\main.py", line 109, in main
    exit(app.exec())
  File "C:\Users\allie\Coding Projects\huggin_suite\huginn\app\pages\attack_chain_home.py", line 1085, in delete_selected_profile
    self.target_table.removeRow(current_row)
  File "C:\Users\allie\Coding Projects\huggin_suite\huginn\app\pages\attack_chain_home.py", line 740, in on_profile_selected
    credential_manager.set_profile(profile_name)
  File "C:\Users\allie\Coding Projects\huggin_suite\huginn\app\core\credential_manager.py", line 196, in set_profile
    + ''.join(_tb.format_stack(limit=6))

2026-05-17 23:21:15 - huginn - INFO - [CredentialManager] Saved 0 credential(s) to profile 'Test3' → Test3_credentials.enc
2026-05-17 23:21:16 - huginn - DEBUG - Credentials loaded for profile 'LAB'
2026-05-17 23:21:16 - huginn - INFO - [CredentialManager] Saved 1 credential(s) to profile 'LAB' → LAB_credentials.enc
2026-05-17 23:21:16 - huginn - INFO - [CredentialManager] Saved 2 credential(s) to profile 'LAB' → LAB_credentials.enc
2026-05-17 23:21:16 - huginn - INFO - [CredentialManager] Saved 3 credential(s) to profile 'LAB' → LAB_credentials.enc
2026-05-17 23:21:16 - huginn - INFO - [CredentialManager] Saved 4 credential(s) to profile 'LAB' → LAB_credentials.enc
2026-05-17 23:21:16 - huginn - DEBUG - Credentials loaded for profile 'LAB'
2026-05-17 23:21:17 - huginn - INFO - [CredentialManager] set_profile('TestProfile') from 'LAB'
  File "C:\Users\allie\Coding Projects\huggin_suite\huginn\main.py", line 112, in <module>
    main()
  File "C:\Users\allie\Coding Projects\huggin_suite\huginn\main.py", line 109, in main
    exit(app.exec())
  File "C:\Users\allie\Coding Projects\huggin_suite\huginn\app\pages\attack_chain_home.py", line 740, in on_profile_selected
    credential_manager.set_profile(profile_name)
  File "C:\Users\allie\Coding Projects\huggin_suite\huginn\app\core\credential_manager.py", line 196, in set_profile
    + ''.join(_tb.format_stack(limit=6))

2026-05-17 23:21:17 - huginn - INFO - [CredentialManager] Saved 4 credential(s) to profile 'LAB' → LAB_credentials.enc
2026-05-17 23:21:17 - huginn - DEBUG - Credentials loaded for profile 'TestProfile'
2026-05-17 23:21:17 - huginn - INFO - [CredentialManager] Saved 1 credential(s) to profile 'TestProfile' → TestProfile_credentials.enc
2026-05-17 23:21:17 - huginn - INFO - [CredentialManager] Saved 2 credential(s) to profile 'TestProfile' → TestProfile_credentials.enc
2026-05-17 23:21:17 - huginn - DEBUG - Credentials loaded for profile 'TestProfile'
2026-05-17 23:21:20 - huginn - INFO - [CredentialManager] set_profile('LAB') from 'TestProfile'
  File "C:\Users\allie\Coding Projects\huggin_suite\huginn\main.py", line 112, in <module>
    main()
  File "C:\Users\allie\Coding Projects\huggin_suite\huginn\main.py", line 109, in main
    exit(app.exec())
  File "C:\Users\allie\Coding Projects\huggin_suite\huginn\app\pages\attack_chain_home.py", line 1085, in delete_selected_profile
    self.target_table.removeRow(current_row)
  File "C:\Users\allie\Coding Projects\huggin_suite\huginn\app\pages\attack_chain_home.py", line 740, in on_profile_selected
    credential_manager.set_profile(profile_name)
  File "C:\Users\allie\Coding Projects\huggin_suite\huginn\app\core\credential_manager.py", line 196, in set_profile
    + ''.join(_tb.format_stack(limit=6))

2026-05-17 23:21:20 - huginn - INFO - [CredentialManager] Saved 2 credential(s) to profile 'TestProfile' → TestProfile_credentials.enc
2026-05-17 23:21:20 - huginn - DEBUG - Credentials loaded for profile 'LAB'
2026-05-17 23:21:20 - huginn - INFO - [CredentialManager] Saved 1 credential(s) to profile 'LAB' → LAB_credentials.enc
2026-05-17 23:21:20 - huginn - INFO - [CredentialManager] Saved 2 credential(s) to profile 'LAB' → LAB_credentials.enc
2026-05-17 23:21:20 - huginn - INFO - [CredentialManager] Saved 3 credential(s) to profile 'LAB' → LAB_credentials.enc
2026-05-17 23:21:20 - huginn - INFO - [CredentialManager] Saved 4 credential(s) to profile 'LAB' → LAB_credentials.enc
2026-05-17 23:21:20 - huginn - DEBUG - Credentials loaded for profile 'LAB'
2026-05-17 23:21:21 - huginn - INFO - [CredentialManager] set_profile('LAB') from 'LAB'
  File "C:\Users\allie\Coding Projects\huggin_suite\huginn\main.py", line 112, in <module>
    main()
  File "C:\Users\allie\Coding Projects\huggin_suite\huginn\main.py", line 109, in main
    exit(app.exec())
  File "C:\Users\allie\Coding Projects\huggin_suite\huginn\app\pages\attack_chain_home.py", line 740, in on_profile_selected
    credential_manager.set_profile(profile_name)
  File "C:\Users\allie\Coding Projects\huggin_suite\huginn\app\core\credential_manager.py", line 196, in set_profile
    + ''.join(_tb.format_stack(limit=6))

2026-05-17 23:21:21 - huginn - DEBUG - Credentials loaded for profile 'LAB'
2026-05-17 23:21:21 - huginn - INFO - [CredentialManager] Saved 1 credential(s) to profile 'LAB' → LAB_credentials.enc
2026-05-17 23:21:21 - huginn - INFO - [CredentialManager] Saved 2 credential(s) to profile 'LAB' → LAB_credentials.enc
2026-05-17 23:21:21 - huginn - INFO - [CredentialManager] Saved 3 credential(s) to profile 'LAB' → LAB_credentials.enc
2026-05-17 23:21:21 - huginn - INFO - [CredentialManager] Saved 4 credential(s) to profile 'LAB' → LAB_credentials.enc
2026-05-17 23:21:21 - huginn - DEBUG - Credentials loaded for profile 'LAB'
2026-05-17 23:21:27 - huginn - INFO - [CredentialManager] Saved 3 credential(s) to profile 'LAB' → LAB_credentials.enc
2026-05-17 23:21:29 - huginn - DEBUG - Credentials loaded for profile 'LAB'
2026-05-17 23:21:32 - huginn - INFO - [CredentialManager] set_profile('HTB-Editor') from 'LAB'
  File "C:\Users\allie\Coding Projects\huggin_suite\huginn\main.py", line 112, in <module>
    main()
  File "C:\Users\allie\Coding Projects\huggin_suite\huginn\main.py", line 109, in main
    exit(app.exec())
  File "C:\Users\allie\Coding Projects\huggin_suite\huginn\app\pages\attack_chain_home.py", line 740, in on_profile_selected
    credential_manager.set_profile(profile_name)
  File "C:\Users\allie\Coding Projects\huggin_suite\huginn\app\core\credential_manager.py", line 196, in set_profile
    + ''.join(_tb.format_stack(limit=6))

2026-05-17 23:21:32 - huginn - INFO - [CredentialManager] Saved 3 credential(s) to profile 'LAB' → LAB_credentials.enc
2026-05-17 23:21:32 - huginn - DEBUG - Credentials loaded for profile 'HTB-Editor'
2026-05-17 23:21:32 - huginn - DEBUG - Credentials loaded for profile 'HTB-Editor'
2026-05-17 23:21:32 - huginn - INFO - [CredentialManager] set_profile('LAB') from 'HTB-Editor'
  File "C:\Users\allie\Coding Projects\huggin_suite\huginn\main.py", line 112, in <module>
    main()
  File "C:\Users\allie\Coding Projects\huggin_suite\huginn\main.py", line 109, in main
    exit(app.exec())
  File "C:\Users\allie\Coding Projects\huggin_suite\huginn\app\pages\attack_chain_home.py", line 740, in on_profile_selected
    credential_manager.set_profile(profile_name)
  File "C:\Users\allie\Coding Projects\huggin_suite\huginn\app\core\credential_manager.py", line 196, in set_profile
    + ''.join(_tb.format_stack(limit=6))

2026-05-17 23:21:32 - huginn - INFO - [CredentialManager] Saved 0 credential(s) to profile 'HTB-Editor' → HTB-Editor_credentials.enc
2026-05-17 23:21:32 - huginn - DEBUG - Credentials loaded for profile 'LAB'
2026-05-17 23:21:32 - huginn - INFO - [CredentialManager] Saved 1 credential(s) to profile 'LAB' → LAB_credentials.enc
2026-05-17 23:21:32 - huginn - INFO - [CredentialManager] Saved 2 credential(s) to profile 'LAB' → LAB_credentials.enc
2026-05-17 23:21:32 - huginn - INFO - [CredentialManager] Saved 3 credential(s) to profile 'LAB' → LAB_credentials.enc
2026-05-17 23:21:32 - huginn - INFO - [CredentialManager] Saved 4 credential(s) to profile 'LAB' → LAB_credentials.enc
2026-05-17 23:21:32 - huginn - DEBUG - Credentials loaded for profile 'LAB'
2026-05-17 23:24:14 - huginn - DEBUG - Suppressed exception
Traceback (most recent call last):
  File "C:\Users\allie\Coding Projects\huggin_suite\huginn\app\core\scope_manager.py", line 62, in _parse_scope_text
    ipaddress.IPv4Address(item)
    ~~~~~~~~~~~~~~~~~~~~~^^^^^^
  File "C:\Users\allie\anaconda3\Lib\ipaddress.py", line 1319, in __init__
    self._ip = self._ip_int_from_string(addr_str)
               ~~~~~~~~~~~~~~~~~~~~~~~~^^^^^^^^^^
  File "C:\Users\allie\anaconda3\Lib\ipaddress.py", line 1206, in _ip_int_from_string
    raise AddressValueError("Expected 4 octets in %r" % ip_str)
ipaddress.AddressValueError: Expected 4 octets in '*'
2026-05-17 23:24:14 - huginn - DEBUG - Suppressed exception
Traceback (most recent call last):
  File "C:\Users\allie\Coding Projects\huggin_suite\huginn\app\core\scope_manager.py", line 62, in _parse_scope_text
    ipaddress.IPv4Address(item)
    ~~~~~~~~~~~~~~~~~~~~~^^^^^^
  File "C:\Users\allie\anaconda3\Lib\ipaddress.py", line 1319, in __init__
    self._ip = self._ip_int_from_string(addr_str)
               ~~~~~~~~~~~~~~~~~~~~~~~~^^^^^^^^^^
  File "C:\Users\allie\anaconda3\Lib\ipaddress.py", line 1206, in _ip_int_from_string
    raise AddressValueError("Expected 4 octets in %r" % ip_str)
ipaddress.AddressValueError: Expected 4 octets in '*.'
2026-05-17 23:24:14 - huginn - DEBUG - Suppressed exception
Traceback (most recent call last):
  File "C:\Users\allie\Coding Projects\huggin_suite\huginn\app\core\scope_manager.py", line 62, in _parse_scope_text
    ipaddress.IPv4Address(item)
    ~~~~~~~~~~~~~~~~~~~~~^^^^^^
  File "C:\Users\allie\anaconda3\Lib\ipaddress.py", line 1319, in __init__
    self._ip = self._ip_int_from_string(addr_str)
               ~~~~~~~~~~~~~~~~~~~~~~~~^^^^^^^^^^
  File "C:\Users\allie\anaconda3\Lib\ipaddress.py", line 1206, in _ip_int_from_string
    raise AddressValueError("Expected 4 octets in %r" % ip_str)
ipaddress.AddressValueError: Expected 4 octets in '*.l'
2026-05-17 23:24:15 - huginn - DEBUG - Suppressed exception
Traceback (most recent call last):
  File "C:\Users\allie\Coding Projects\huggin_suite\huginn\app\core\scope_manager.py", line 62, in _parse_scope_text
    ipaddress.IPv4Address(item)
    ~~~~~~~~~~~~~~~~~~~~~^^^^^^
  File "C:\Users\allie\anaconda3\Lib\ipaddress.py", line 1319, in __init__
    self._ip = self._ip_int_from_string(addr_str)
               ~~~~~~~~~~~~~~~~~~~~~~~~^^^^^^^^^^
  File "C:\Users\allie\anaconda3\Lib\ipaddress.py", line 1206, in _ip_int_from_string
    raise AddressValueError("Expected 4 octets in %r" % ip_str)
ipaddress.AddressValueError: Expected 4 octets in '*.la'
2026-05-17 23:24:15 - huginn - DEBUG - Suppressed exception
Traceback (most recent call last):
  File "C:\Users\allie\Coding Projects\huggin_suite\huginn\app\core\scope_manager.py", line 62, in _parse_scope_text
    ipaddress.IPv4Address(item)
    ~~~~~~~~~~~~~~~~~~~~~^^^^^^
  File "C:\Users\allie\anaconda3\Lib\ipaddress.py", line 1319, in __init__
    self._ip = self._ip_int_from_string(addr_str)
               ~~~~~~~~~~~~~~~~~~~~~~~~^^^^^^^^^^
  File "C:\Users\allie\anaconda3\Lib\ipaddress.py", line 1206, in _ip_int_from_string
    raise AddressValueError("Expected 4 octets in %r" % ip_str)
ipaddress.AddressValueError: Expected 4 octets in '*.lab'
2026-05-17 23:24:15 - huginn - DEBUG - Suppressed exception
Traceback (most recent call last):
  File "C:\Users\allie\Coding Projects\huggin_suite\huginn\app\core\scope_manager.py", line 62, in _parse_scope_text
    ipaddress.IPv4Address(item)
    ~~~~~~~~~~~~~~~~~~~~~^^^^^^
  File "C:\Users\allie\anaconda3\Lib\ipaddress.py", line 1319, in __init__
    self._ip = self._ip_int_from_string(addr_str)
               ~~~~~~~~~~~~~~~~~~~~~~~~^^^^^^^^^^
  File "C:\Users\allie\anaconda3\Lib\ipaddress.py", line 1206, in _ip_int_from_string
    raise AddressValueError("Expected 4 octets in %r" % ip_str)
ipaddress.AddressValueError: Expected 4 octets in '*.lab.'
2026-05-17 23:24:15 - huginn - DEBUG - Suppressed exception
Traceback (most recent call last):
  File "C:\Users\allie\Coding Projects\huggin_suite\huginn\app\core\scope_manager.py", line 62, in _parse_scope_text
    ipaddress.IPv4Address(item)
    ~~~~~~~~~~~~~~~~~~~~~^^^^^^
  File "C:\Users\allie\anaconda3\Lib\ipaddress.py", line 1319, in __init__
    self._ip = self._ip_int_from_string(addr_str)
               ~~~~~~~~~~~~~~~~~~~~~~~~^^^^^^^^^^
  File "C:\Users\allie\anaconda3\Lib\ipaddress.py", line 1206, in _ip_int_from_string
    raise AddressValueError("Expected 4 octets in %r" % ip_str)
ipaddress.AddressValueError: Expected 4 octets in '*.lab.l'
2026-05-17 23:24:16 - huginn - DEBUG - Suppressed exception
Traceback (most recent call last):
  File "C:\Users\allie\Coding Projects\huggin_suite\huginn\app\core\scope_manager.py", line 62, in _parse_scope_text
    ipaddress.IPv4Address(item)
    ~~~~~~~~~~~~~~~~~~~~~^^^^^^
  File "C:\Users\allie\anaconda3\Lib\ipaddress.py", line 1319, in __init__
    self._ip = self._ip_int_from_string(addr_str)
               ~~~~~~~~~~~~~~~~~~~~~~~~^^^^^^^^^^
  File "C:\Users\allie\anaconda3\Lib\ipaddress.py", line 1206, in _ip_int_from_string
    raise AddressValueError("Expected 4 octets in %r" % ip_str)
ipaddress.AddressValueError: Expected 4 octets in '*.lab.lo'
2026-05-17 23:24:16 - huginn - DEBUG - Suppressed exception
Traceback (most recent call last):
  File "C:\Users\allie\Coding Projects\huggin_suite\huginn\app\core\scope_manager.py", line 62, in _parse_scope_text
    ipaddress.IPv4Address(item)
    ~~~~~~~~~~~~~~~~~~~~~^^^^^^
  File "C:\Users\allie\anaconda3\Lib\ipaddress.py", line 1319, in __init__
    self._ip = self._ip_int_from_string(addr_str)
               ~~~~~~~~~~~~~~~~~~~~~~~~^^^^^^^^^^
  File "C:\Users\allie\anaconda3\Lib\ipaddress.py", line 1206, in _ip_int_from_string
    raise AddressValueError("Expected 4 octets in %r" % ip_str)
ipaddress.AddressValueError: Expected 4 octets in '*.lab.loc'
2026-05-17 23:24:16 - huginn - DEBUG - Suppressed exception
Traceback (most recent call last):
  File "C:\Users\allie\Coding Projects\huggin_suite\huginn\app\core\scope_manager.py", line 62, in _parse_scope_text
    ipaddress.IPv4Address(item)
    ~~~~~~~~~~~~~~~~~~~~~^^^^^^
  File "C:\Users\allie\anaconda3\Lib\ipaddress.py", line 1319, in __init__
    self._ip = self._ip_int_from_string(addr_str)
               ~~~~~~~~~~~~~~~~~~~~~~~~^^^^^^^^^^
  File "C:\Users\allie\anaconda3\Lib\ipaddress.py", line 1206, in _ip_int_from_string
    raise AddressValueError("Expected 4 octets in %r" % ip_str)
ipaddress.AddressValueError: Expected 4 octets in '*.lab.loca'
2026-05-17 23:24:16 - huginn - DEBUG - Suppressed exception
Traceback (most recent call last):
  File "C:\Users\allie\Coding Projects\huggin_suite\huginn\app\core\scope_manager.py", line 62, in _parse_scope_text
    ipaddress.IPv4Address(item)
    ~~~~~~~~~~~~~~~~~~~~~^^^^^^
  File "C:\Users\allie\anaconda3\Lib\ipaddress.py", line 1319, in __init__
    self._ip = self._ip_int_from_string(addr_str)
               ~~~~~~~~~~~~~~~~~~~~~~~~^^^^^^^^^^
  File "C:\Users\allie\anaconda3\Lib\ipaddress.py", line 1206, in _ip_int_from_string
    raise AddressValueError("Expected 4 octets in %r" % ip_str)
ipaddress.AddressValueError: Expected 4 octets in '*.lab.local'
2026-05-17 23:24:38 - huginn - INFO - [CredentialManager] Saved 3 credential(s) to profile 'LAB' → LAB_credentials.enc
2026-05-17 23:24:39 - huginn - DEBUG - Credentials loaded for profile 'LAB'
2026-05-17 23:24:42 - huginn - INFO - [CredentialManager] set_profile('HTB-Editor') from 'LAB'
  File "C:\Users\allie\Coding Projects\huggin_suite\huginn\main.py", line 112, in <module>
    main()
  File "C:\Users\allie\Coding Projects\huggin_suite\huginn\main.py", line 109, in main
    exit(app.exec())
  File "C:\Users\allie\Coding Projects\huggin_suite\huginn\app\pages\attack_chain_home.py", line 740, in on_profile_selected
    credential_manager.set_profile(profile_name)
  File "C:\Users\allie\Coding Projects\huggin_suite\huginn\app\core\credential_manager.py", line 196, in set_profile
    + ''.join(_tb.format_stack(limit=6))

2026-05-17 23:24:42 - huginn - INFO - [CredentialManager] Saved 3 credential(s) to profile 'LAB' → LAB_credentials.enc
2026-05-17 23:24:42 - huginn - DEBUG - Credentials loaded for profile 'HTB-Editor'
2026-05-17 23:24:42 - huginn - DEBUG - Credentials loaded for profile 'HTB-Editor'
2026-05-17 23:24:43 - huginn - INFO - [CredentialManager] set_profile('LAB') from 'HTB-Editor'
  File "C:\Users\allie\Coding Projects\huggin_suite\huginn\main.py", line 112, in <module>
    main()
  File "C:\Users\allie\Coding Projects\huggin_suite\huginn\main.py", line 109, in main
    exit(app.exec())
  File "C:\Users\allie\Coding Projects\huggin_suite\huginn\app\pages\attack_chain_home.py", line 740, in on_profile_selected
    credential_manager.set_profile(profile_name)
  File "C:\Users\allie\Coding Projects\huggin_suite\huginn\app\core\credential_manager.py", line 196, in set_profile
    + ''.join(_tb.format_stack(limit=6))

2026-05-17 23:24:43 - huginn - INFO - [CredentialManager] Saved 0 credential(s) to profile 'HTB-Editor' → HTB-Editor_credentials.enc
2026-05-17 23:24:43 - huginn - DEBUG - Credentials loaded for profile 'LAB'
2026-05-17 23:24:43 - huginn - DEBUG - Suppressed exception
Traceback (most recent call last):
  File "C:\Users\allie\Coding Projects\huggin_suite\huginn\app\core\scope_manager.py", line 62, in _parse_scope_text
    ipaddress.IPv4Address(item)
    ~~~~~~~~~~~~~~~~~~~~~^^^^^^
  File "C:\Users\allie\anaconda3\Lib\ipaddress.py", line 1319, in __init__
    self._ip = self._ip_int_from_string(addr_str)
               ~~~~~~~~~~~~~~~~~~~~~~~~^^^^^^^^^^
  File "C:\Users\allie\anaconda3\Lib\ipaddress.py", line 1206, in _ip_int_from_string
    raise AddressValueError("Expected 4 octets in %r" % ip_str)
ipaddress.AddressValueError: Expected 4 octets in '*.lab.local'
2026-05-17 23:24:43 - huginn - INFO - [CredentialManager] Saved 1 credential(s) to profile 'LAB' → LAB_credentials.enc
2026-05-17 23:24:43 - huginn - INFO - [CredentialManager] Saved 2 credential(s) to profile 'LAB' → LAB_credentials.enc
2026-05-17 23:24:43 - huginn - INFO - [CredentialManager] Saved 3 credential(s) to profile 'LAB' → LAB_credentials.enc
2026-05-17 23:24:43 - huginn - INFO - [CredentialManager] Saved 4 credential(s) to profile 'LAB' → LAB_credentials.enc
2026-05-17 23:24:43 - huginn - DEBUG - Credentials loaded for profile 'LAB'
2026-05-17 23:24:43 - huginn - DEBUG - Suppressed exception
Traceback (most recent call last):
  File "C:\Users\allie\Coding Projects\huggin_suite\huginn\app\core\scope_manager.py", line 62, in _parse_scope_text
    ipaddress.IPv4Address(item)
    ~~~~~~~~~~~~~~~~~~~~~^^^^^^
  File "C:\Users\allie\anaconda3\Lib\ipaddress.py", line 1319, in __init__
    self._ip = self._ip_int_from_string(addr_str)
               ~~~~~~~~~~~~~~~~~~~~~~~~^^^^^^^^^^
  File "C:\Users\allie\anaconda3\Lib\ipaddress.py", line 1206, in _ip_int_from_string
    raise AddressValueError("Expected 4 octets in %r" % ip_str)
ipaddress.AddressValueError: Expected 4 octets in '*.lab.local'
2026-05-17 23:24:50 - huginn - INFO - [CredentialManager] set_profile('HTB-Code') from 'LAB'
  File "C:\Users\allie\Coding Projects\huggin_suite\huginn\main.py", line 112, in <module>
    main()
  File "C:\Users\allie\Coding Projects\huggin_suite\huginn\main.py", line 109, in main
    exit(app.exec())
  File "C:\Users\allie\Coding Projects\huggin_suite\huginn\app\pages\attack_chain_home.py", line 740, in on_profile_selected
    credential_manager.set_profile(profile_name)
  File "C:\Users\allie\Coding Projects\huggin_suite\huginn\app\core\credential_manager.py", line 196, in set_profile
    + ''.join(_tb.format_stack(limit=6))

2026-05-17 23:24:50 - huginn - INFO - [CredentialManager] Saved 4 credential(s) to profile 'LAB' → LAB_credentials.enc
2026-05-17 23:24:50 - huginn - DEBUG - Credentials loaded for profile 'HTB-Code'
2026-05-17 23:24:50 - huginn - INFO - [CredentialManager] Saved 1 credential(s) to profile 'HTB-Code' → HTB-Code_credentials.enc
2026-05-17 23:24:50 - huginn - DEBUG - Credentials loaded for profile 'HTB-Code'
2026-05-17 23:24:53 - huginn - INFO - [CredentialManager] set_profile('LAB') from 'HTB-Code'
  File "C:\Users\allie\Coding Projects\huggin_suite\huginn\main.py", line 112, in <module>
    main()
  File "C:\Users\allie\Coding Projects\huggin_suite\huginn\main.py", line 109, in main
    exit(app.exec())
  File "C:\Users\allie\Coding Projects\huggin_suite\huginn\app\pages\attack_chain_home.py", line 740, in on_profile_selected
    credential_manager.set_profile(profile_name)
  File "C:\Users\allie\Coding Projects\huggin_suite\huginn\app\core\credential_manager.py", line 196, in set_profile
    + ''.join(_tb.format_stack(limit=6))

2026-05-17 23:24:53 - huginn - INFO - [CredentialManager] Saved 1 credential(s) to profile 'HTB-Code' → HTB-Code_credentials.enc
2026-05-17 23:24:53 - huginn - DEBUG - Credentials loaded for profile 'LAB'
2026-05-17 23:24:53 - huginn - DEBUG - Suppressed exception
Traceback (most recent call last):
  File "C:\Users\allie\Coding Projects\huggin_suite\huginn\app\core\scope_manager.py", line 62, in _parse_scope_text
    ipaddress.IPv4Address(item)
    ~~~~~~~~~~~~~~~~~~~~~^^^^^^
  File "C:\Users\allie\anaconda3\Lib\ipaddress.py", line 1319, in __init__
    self._ip = self._ip_int_from_string(addr_str)
               ~~~~~~~~~~~~~~~~~~~~~~~~^^^^^^^^^^
  File "C:\Users\allie\anaconda3\Lib\ipaddress.py", line 1206, in _ip_int_from_string
    raise AddressValueError("Expected 4 octets in %r" % ip_str)
ipaddress.AddressValueError: Expected 4 octets in '*.lab.local'
2026-05-17 23:24:53 - huginn - INFO - [CredentialManager] Saved 1 credential(s) to profile 'LAB' → LAB_credentials.enc
2026-05-17 23:24:53 - huginn - INFO - [CredentialManager] Saved 2 credential(s) to profile 'LAB' → LAB_credentials.enc
2026-05-17 23:24:53 - huginn - INFO - [CredentialManager] Saved 3 credential(s) to profile 'LAB' → LAB_credentials.enc
2026-05-17 23:24:53 - huginn - INFO - [CredentialManager] Saved 4 credential(s) to profile 'LAB' → LAB_credentials.enc
2026-05-17 23:24:53 - huginn - DEBUG - Credentials loaded for profile 'LAB'
2026-05-17 23:24:53 - huginn - DEBUG - Suppressed exception
Traceback (most recent call last):
  File "C:\Users\allie\Coding Projects\huggin_suite\huginn\app\core\scope_manager.py", line 62, in _parse_scope_text
    ipaddress.IPv4Address(item)
    ~~~~~~~~~~~~~~~~~~~~~^^^^^^
  File "C:\Users\allie\anaconda3\Lib\ipaddress.py", line 1319, in __init__
    self._ip = self._ip_int_from_string(addr_str)
               ~~~~~~~~~~~~~~~~~~~~~~~~^^^^^^^^^^
  File "C:\Users\allie\anaconda3\Lib\ipaddress.py", line 1206, in _ip_int_from_string
    raise AddressValueError("Expected 4 octets in %r" % ip_str)
ipaddress.AddressValueError: Expected 4 octets in '*.lab.local'
2026-05-17 23:25:08 - huginn - INFO - [CredentialManager] Saved 5 credential(s) to profile 'LAB' → LAB_credentials.enc
2026-05-17 23:25:08 - huginn - INFO - [CredentialManager] Saved 5 credential(s) to profile 'LAB' → LAB_credentials.enc
2026-05-17 23:25:08 - huginn - DEBUG - Credentials loaded for profile 'LAB'
2026-05-17 23:25:12 - huginn - INFO - [CredentialManager] set_profile('HTB-Editor') from 'LAB'
  File "C:\Users\allie\Coding Projects\huggin_suite\huginn\main.py", line 112, in <module>
    main()
  File "C:\Users\allie\Coding Projects\huggin_suite\huginn\main.py", line 109, in main
    exit(app.exec())
  File "C:\Users\allie\Coding Projects\huggin_suite\huginn\app\pages\attack_chain_home.py", line 740, in on_profile_selected
    credential_manager.set_profile(profile_name)
  File "C:\Users\allie\Coding Projects\huggin_suite\huginn\app\core\credential_manager.py", line 196, in set_profile
    + ''.join(_tb.format_stack(limit=6))

2026-05-17 23:25:12 - huginn - INFO - [CredentialManager] Saved 5 credential(s) to profile 'LAB' → LAB_credentials.enc
2026-05-17 23:25:12 - huginn - DEBUG - Credentials loaded for profile 'HTB-Editor'
2026-05-17 23:25:12 - huginn - DEBUG - Credentials loaded for profile 'HTB-Editor'
2026-05-17 23:25:13 - huginn - INFO - [CredentialManager] set_profile('LAB') from 'HTB-Editor'
  File "C:\Users\allie\Coding Projects\huggin_suite\huginn\main.py", line 112, in <module>
    main()
  File "C:\Users\allie\Coding Projects\huggin_suite\huginn\main.py", line 109, in main
    exit(app.exec())
  File "C:\Users\allie\Coding Projects\huggin_suite\huginn\app\pages\attack_chain_home.py", line 740, in on_profile_selected
    credential_manager.set_profile(profile_name)
  File "C:\Users\allie\Coding Projects\huggin_suite\huginn\app\core\credential_manager.py", line 196, in set_profile
    + ''.join(_tb.format_stack(limit=6))

2026-05-17 23:25:13 - huginn - INFO - [CredentialManager] Saved 0 credential(s) to profile 'HTB-Editor' → HTB-Editor_credentials.enc
2026-05-17 23:25:13 - huginn - DEBUG - Credentials loaded for profile 'LAB'
2026-05-17 23:25:13 - huginn - DEBUG - Suppressed exception
Traceback (most recent call last):
  File "C:\Users\allie\Coding Projects\huggin_suite\huginn\app\core\scope_manager.py", line 62, in _parse_scope_text
    ipaddress.IPv4Address(item)
    ~~~~~~~~~~~~~~~~~~~~~^^^^^^
  File "C:\Users\allie\anaconda3\Lib\ipaddress.py", line 1319, in __init__
    self._ip = self._ip_int_from_string(addr_str)
               ~~~~~~~~~~~~~~~~~~~~~~~~^^^^^^^^^^
  File "C:\Users\allie\anaconda3\Lib\ipaddress.py", line 1206, in _ip_int_from_string
    raise AddressValueError("Expected 4 octets in %r" % ip_str)
ipaddress.AddressValueError: Expected 4 octets in '*.lab.local'
2026-05-17 23:25:13 - huginn - INFO - [CredentialManager] Saved 1 credential(s) to profile 'LAB' → LAB_credentials.enc
2026-05-17 23:25:13 - huginn - INFO - [CredentialManager] Saved 2 credential(s) to profile 'LAB' → LAB_credentials.enc
2026-05-17 23:25:13 - huginn - INFO - [CredentialManager] Saved 3 credential(s) to profile 'LAB' → LAB_credentials.enc
2026-05-17 23:25:13 - huginn - INFO - [CredentialManager] Saved 4 credential(s) to profile 'LAB' → LAB_credentials.enc
2026-05-17 23:25:13 - huginn - DEBUG - Credentials loaded for profile 'LAB'
2026-05-17 23:25:13 - huginn - DEBUG - Suppressed exception
Traceback (most recent call last):
  File "C:\Users\allie\Coding Projects\huggin_suite\huginn\app\core\scope_manager.py", line 62, in _parse_scope_text
    ipaddress.IPv4Address(item)
    ~~~~~~~~~~~~~~~~~~~~~^^^^^^
  File "C:\Users\allie\anaconda3\Lib\ipaddress.py", line 1319, in __init__
    self._ip = self._ip_int_from_string(addr_str)
               ~~~~~~~~~~~~~~~~~~~~~~~~^^^^^^^^^^
  File "C:\Users\allie\anaconda3\Lib\ipaddress.py", line 1206, in _ip_int_from_string
    raise AddressValueError("Expected 4 octets in %r" % ip_str)
ipaddress.AddressValueError: Expected 4 octets in '*.lab.local'
2026-05-17 23:26:30 - huginn - INFO - [CredentialManager] set_profile('HTB-Editor') from 'LAB'
  File "C:\Users\allie\Coding Projects\huggin_suite\huginn\main.py", line 112, in <module>
    main()
  File "C:\Users\allie\Coding Projects\huggin_suite\huginn\main.py", line 109, in main
    exit(app.exec())
  File "C:\Users\allie\Coding Projects\huggin_suite\huginn\app\pages\attack_chain_home.py", line 740, in on_profile_selected
    credential_manager.set_profile(profile_name)
  File "C:\Users\allie\Coding Projects\huggin_suite\huginn\app\core\credential_manager.py", line 196, in set_profile
    + ''.join(_tb.format_stack(limit=6))

2026-05-17 23:26:30 - huginn - INFO - [CredentialManager] Saved 4 credential(s) to profile 'LAB' → LAB_credentials.enc
2026-05-17 23:26:30 - huginn - DEBUG - Credentials loaded for profile 'HTB-Editor'
2026-05-17 23:26:30 - huginn - DEBUG - Credentials loaded for profile 'HTB-Editor'
2026-05-17 23:26:33 - huginn - INFO - [CredentialManager] set_profile('HTB-Code') from 'HTB-Editor'
  File "C:\Users\allie\Coding Projects\huggin_suite\huginn\main.py", line 112, in <module>
    main()
  File "C:\Users\allie\Coding Projects\huggin_suite\huginn\main.py", line 109, in main
    exit(app.exec())
  File "C:\Users\allie\Coding Projects\huggin_suite\huginn\app\pages\attack_chain_home.py", line 740, in on_profile_selected
    credential_manager.set_profile(profile_name)
  File "C:\Users\allie\Coding Projects\huggin_suite\huginn\app\core\credential_manager.py", line 196, in set_profile
    + ''.join(_tb.format_stack(limit=6))

2026-05-17 23:26:33 - huginn - INFO - [CredentialManager] Saved 0 credential(s) to profile 'HTB-Editor' → HTB-Editor_credentials.enc
2026-05-17 23:26:33 - huginn - DEBUG - Credentials loaded for profile 'HTB-Code'
2026-05-17 23:26:33 - huginn - INFO - [CredentialManager] Saved 1 credential(s) to profile 'HTB-Code' → HTB-Code_credentials.enc
2026-05-17 23:26:33 - huginn - DEBUG - Credentials loaded for profile 'HTB-Code'
2026-05-17 23:26:36 - huginn - INFO - [CredentialManager] set_profile('LAB') from 'HTB-Code'
  File "C:\Users\allie\Coding Projects\huggin_suite\huginn\main.py", line 112, in <module>
    main()
  File "C:\Users\allie\Coding Projects\huggin_suite\huginn\main.py", line 109, in main
    exit(app.exec())
  File "C:\Users\allie\Coding Projects\huggin_suite\huginn\app\pages\attack_chain_home.py", line 740, in on_profile_selected
    credential_manager.set_profile(profile_name)
  File "C:\Users\allie\Coding Projects\huggin_suite\huginn\app\core\credential_manager.py", line 196, in set_profile
    + ''.join(_tb.format_stack(limit=6))

2026-05-17 23:26:36 - huginn - INFO - [CredentialManager] Saved 1 credential(s) to profile 'HTB-Code' → HTB-Code_credentials.enc
2026-05-17 23:26:36 - huginn - DEBUG - Credentials loaded for profile 'LAB'
2026-05-17 23:26:36 - huginn - DEBUG - Suppressed exception
Traceback (most recent call last):
  File "C:\Users\allie\Coding Projects\huggin_suite\huginn\app\core\scope_manager.py", line 62, in _parse_scope_text
    ipaddress.IPv4Address(item)
    ~~~~~~~~~~~~~~~~~~~~~^^^^^^
  File "C:\Users\allie\anaconda3\Lib\ipaddress.py", line 1319, in __init__
    self._ip = self._ip_int_from_string(addr_str)
               ~~~~~~~~~~~~~~~~~~~~~~~~^^^^^^^^^^
  File "C:\Users\allie\anaconda3\Lib\ipaddress.py", line 1206, in _ip_int_from_string
    raise AddressValueError("Expected 4 octets in %r" % ip_str)
ipaddress.AddressValueError: Expected 4 octets in '*.lab.local'
2026-05-17 23:26:36 - huginn - INFO - [CredentialManager] Saved 1 credential(s) to profile 'LAB' → LAB_credentials.enc
2026-05-17 23:26:36 - huginn - INFO - [CredentialManager] Saved 2 credential(s) to profile 'LAB' → LAB_credentials.enc
2026-05-17 23:26:36 - huginn - INFO - [CredentialManager] Saved 3 credential(s) to profile 'LAB' → LAB_credentials.enc
2026-05-17 23:26:36 - huginn - INFO - [CredentialManager] Saved 4 credential(s) to profile 'LAB' → LAB_credentials.enc
2026-05-17 23:26:36 - huginn - DEBUG - Credentials loaded for profile 'LAB'
2026-05-17 23:26:36 - huginn - DEBUG - Suppressed exception
Traceback (most recent call last):
  File "C:\Users\allie\Coding Projects\huggin_suite\huginn\app\core\scope_manager.py", line 62, in _parse_scope_text
    ipaddress.IPv4Address(item)
    ~~~~~~~~~~~~~~~~~~~~~^^^^^^
  File "C:\Users\allie\anaconda3\Lib\ipaddress.py", line 1319, in __init__
    self._ip = self._ip_int_from_string(addr_str)
               ~~~~~~~~~~~~~~~~~~~~~~~~^^^^^^^^^^
  File "C:\Users\allie\anaconda3\Lib\ipaddress.py", line 1206, in _ip_int_from_string
    raise AddressValueError("Expected 4 octets in %r" % ip_str)
ipaddress.AddressValueError: Expected 4 octets in '*.lab.local'
2026-05-17 23:26:42 - huginn - INFO - [CredentialManager] Saved 3 credential(s) to profile 'LAB' → LAB_credentials.enc
2026-05-17 23:26:44 - huginn - DEBUG - Credentials loaded for profile 'LAB'
2026-05-17 23:26:53 - huginn - INFO - [CredentialManager] set_profile('HTB-Editor') from 'LAB'
  File "C:\Users\allie\Coding Projects\huggin_suite\huginn\main.py", line 112, in <module>
    main()
  File "C:\Users\allie\Coding Projects\huggin_suite\huginn\main.py", line 109, in main
    exit(app.exec())
  File "C:\Users\allie\Coding Projects\huggin_suite\huginn\app\pages\attack_chain_home.py", line 740, in on_profile_selected
    credential_manager.set_profile(profile_name)
  File "C:\Users\allie\Coding Projects\huggin_suite\huginn\app\core\credential_manager.py", line 196, in set_profile
    + ''.join(_tb.format_stack(limit=6))

2026-05-17 23:26:53 - huginn - INFO - [CredentialManager] Saved 3 credential(s) to profile 'LAB' → LAB_credentials.enc
2026-05-17 23:26:53 - huginn - DEBUG - Credentials loaded for profile 'HTB-Editor'
2026-05-17 23:26:53 - huginn - DEBUG - Credentials loaded for profile 'HTB-Editor'
2026-05-17 23:26:54 - huginn - INFO - [CredentialManager] set_profile('LAB') from 'HTB-Editor'
  File "C:\Users\allie\Coding Projects\huggin_suite\huginn\main.py", line 112, in <module>
    main()
  File "C:\Users\allie\Coding Projects\huggin_suite\huginn\main.py", line 109, in main
    exit(app.exec())
  File "C:\Users\allie\Coding Projects\huggin_suite\huginn\app\pages\attack_chain_home.py", line 740, in on_profile_selected
    credential_manager.set_profile(profile_name)
  File "C:\Users\allie\Coding Projects\huggin_suite\huginn\app\core\credential_manager.py", line 196, in set_profile
    + ''.join(_tb.format_stack(limit=6))

2026-05-17 23:26:54 - huginn - INFO - [CredentialManager] Saved 0 credential(s) to profile 'HTB-Editor' → HTB-Editor_credentials.enc
2026-05-17 23:26:54 - huginn - DEBUG - Credentials loaded for profile 'LAB'
2026-05-17 23:26:54 - huginn - DEBUG - Suppressed exception
Traceback (most recent call last):
  File "C:\Users\allie\Coding Projects\huggin_suite\huginn\app\core\scope_manager.py", line 62, in _parse_scope_text
    ipaddress.IPv4Address(item)
    ~~~~~~~~~~~~~~~~~~~~~^^^^^^
  File "C:\Users\allie\anaconda3\Lib\ipaddress.py", line 1319, in __init__
    self._ip = self._ip_int_from_string(addr_str)
               ~~~~~~~~~~~~~~~~~~~~~~~~^^^^^^^^^^
  File "C:\Users\allie\anaconda3\Lib\ipaddress.py", line 1206, in _ip_int_from_string
    raise AddressValueError("Expected 4 octets in %r" % ip_str)
ipaddress.AddressValueError: Expected 4 octets in '*.lab.local'
2026-05-17 23:26:54 - huginn - INFO - [CredentialManager] Saved 1 credential(s) to profile 'LAB' → LAB_credentials.enc
2026-05-17 23:26:54 - huginn - INFO - [CredentialManager] Saved 2 credential(s) to profile 'LAB' → LAB_credentials.enc
2026-05-17 23:26:54 - huginn - INFO - [CredentialManager] Saved 3 credential(s) to profile 'LAB' → LAB_credentials.enc
2026-05-17 23:26:54 - huginn - INFO - [CredentialManager] Saved 4 credential(s) to profile 'LAB' → LAB_credentials.enc
2026-05-17 23:26:54 - huginn - DEBUG - Credentials loaded for profile 'LAB'
2026-05-17 23:26:54 - huginn - DEBUG - Suppressed exception
Traceback (most recent call last):
  File "C:\Users\allie\Coding Projects\huggin_suite\huginn\app\core\scope_manager.py", line 62, in _parse_scope_text
    ipaddress.IPv4Address(item)
    ~~~~~~~~~~~~~~~~~~~~~^^^^^^
  File "C:\Users\allie\anaconda3\Lib\ipaddress.py", line 1319, in __init__
    self._ip = self._ip_int_from_string(addr_str)
               ~~~~~~~~~~~~~~~~~~~~~~~~^^^^^^^^^^
  File "C:\Users\allie\anaconda3\Lib\ipaddress.py", line 1206, in _ip_int_from_string
    raise AddressValueError("Expected 4 octets in %r" % ip_str)
ipaddress.AddressValueError: Expected 4 octets in '*.lab.local'
2026-05-17 23:27:13 - huginn - INFO - [CredentialManager] Saved 3 credential(s) to profile 'LAB' → LAB_credentials.enc
2026-05-17 23:27:14 - huginn - DEBUG - Credentials loaded for profile 'LAB'
2026-05-17 23:27:18 - huginn - DEBUG - Memory monitoring stopped
2026-05-17 23:27:18 - huginn - DEBUG - Connection pool closed all sessions
2026-05-17 23:27:18 - huginn - INFO - Update manager stopped during cleanup
2026-05-17 23:27:20 - huginn - INFO - License saved successfully
2026-05-17 23:27:20 - huginn - INFO - License loaded and validated successfully
2026-05-17 23:27:20 - huginn - INFO - Application starting...
2026-05-17 23:27:20 - huginn - INFO - Font loaded successfully
2026-05-17 23:27:20 - huginn - INFO - Stylesheet loaded successfully
2026-05-17 23:27:20 - huginn - INFO - Creating main window...
2026-05-17 23:27:20 - huginn - INFO - QThreadPool max threads set to 32 (CPUs: 32)
2026-05-17 23:27:20 - huginn - INFO - Custom font 'Neuropol X' loaded from C:\Users\allie\Coding Projects\huggin_suite\huginn\resources\fonts\neuropol.otf
2026-05-17 23:27:20 - huginn - DEBUG - Suppressed exception
Traceback (most recent call last):
  File "C:\Users\allie\Coding Projects\huggin_suite\huginn\app\pages\page_registry.py", line 45, in register_all_pages
    from app.pages.db_attacks_page import DBAttacksPage
ImportError: cannot import name 'DBAttacksPage' from 'app.pages.db_attacks_page' (C:\Users\allie\Coding Projects\huggin_suite\huginn\app\pages\db_attacks_page.py)
2026-05-17 23:27:22 - huginn - DEBUG - Credentials loaded for profile 'LAB'
2026-05-17 23:27:22 - huginn - DEBUG - Credentials loaded for profile 'LAB'
2026-05-17 23:27:23 - huginn - DEBUG - Credentials loaded for profile 'LAB'
2026-05-17 23:27:24 - huginn - INFO - [CredentialManager] set_profile('LAB') from 'LAB'
  File "C:\Users\allie\Coding Projects\huggin_suite\huginn\main.py", line 112, in <module>
    main()
  File "C:\Users\allie\Coding Projects\huggin_suite\huginn\main.py", line 109, in main
    exit(app.exec())
  File "C:\Users\allie\Coding Projects\huggin_suite\huginn\app\pages\attack_chain_home.py", line 740, in on_profile_selected
    credential_manager.set_profile(profile_name)
  File "C:\Users\allie\Coding Projects\huggin_suite\huginn\app\core\credential_manager.py", line 196, in set_profile
    + ''.join(_tb.format_stack(limit=6))

2026-05-17 23:27:24 - huginn - DEBUG - Credentials loaded for profile 'LAB'
2026-05-17 23:27:24 - huginn - DEBUG - Suppressed exception
Traceback (most recent call last):
  File "C:\Users\allie\Coding Projects\huggin_suite\huginn\app\core\scope_manager.py", line 62, in _parse_scope_text
    ipaddress.IPv4Address(item)
    ~~~~~~~~~~~~~~~~~~~~~^^^^^^
  File "C:\Users\allie\anaconda3\Lib\ipaddress.py", line 1319, in __init__
    self._ip = self._ip_int_from_string(addr_str)
               ~~~~~~~~~~~~~~~~~~~~~~~~^^^^^^^^^^
  File "C:\Users\allie\anaconda3\Lib\ipaddress.py", line 1206, in _ip_int_from_string
    raise AddressValueError("Expected 4 octets in %r" % ip_str)
ipaddress.AddressValueError: Expected 4 octets in '*.lab.local'
2026-05-17 23:27:24 - huginn - INFO - [CredentialManager] Saved 1 credential(s) to profile 'LAB' → LAB_credentials.enc
2026-05-17 23:27:24 - huginn - INFO - [CredentialManager] Saved 2 credential(s) to profile 'LAB' → LAB_credentials.enc
2026-05-17 23:27:24 - huginn - INFO - [CredentialManager] Saved 3 credential(s) to profile 'LAB' → LAB_credentials.enc
2026-05-17 23:27:24 - huginn - INFO - [CredentialManager] Saved 4 credential(s) to profile 'LAB' → LAB_credentials.enc
2026-05-17 23:27:24 - huginn - DEBUG - Credentials loaded for profile 'LAB'
2026-05-17 23:27:24 - huginn - DEBUG - Suppressed exception
Traceback (most recent call last):
  File "C:\Users\allie\Coding Projects\huggin_suite\huginn\app\core\scope_manager.py", line 62, in _parse_scope_text
    ipaddress.IPv4Address(item)
    ~~~~~~~~~~~~~~~~~~~~~^^^^^^
  File "C:\Users\allie\anaconda3\Lib\ipaddress.py", line 1319, in __init__
    self._ip = self._ip_int_from_string(addr_str)
               ~~~~~~~~~~~~~~~~~~~~~~~~^^^^^^^^^^
  File "C:\Users\allie\anaconda3\Lib\ipaddress.py", line 1206, in _ip_int_from_string
    raise AddressValueError("Expected 4 octets in %r" % ip_str)
ipaddress.AddressValueError: Expected 4 octets in '*.lab.local'
2026-05-17 23:28:38 - huginn - INFO - [CredentialManager] Saved 3 credential(s) to profile 'LAB' → LAB_credentials.enc
2026-05-17 23:28:39 - huginn - DEBUG - Credentials loaded for profile 'LAB'
2026-05-17 23:28:45 - huginn - INFO - [CredentialManager] Saved 4 credential(s) to profile 'LAB' → LAB_credentials.enc
2026-05-17 23:28:45 - huginn - INFO - [CredentialManager] Saved 4 credential(s) to profile 'LAB' → LAB_credentials.enc
2026-05-17 23:28:45 - huginn - DEBUG - Credentials loaded for profile 'LAB'
2026-05-17 23:28:48 - huginn - INFO - [CredentialManager] set_profile('HTB-Editor') from 'LAB'
  File "C:\Users\allie\Coding Projects\huggin_suite\huginn\main.py", line 112, in <module>
    main()
  File "C:\Users\allie\Coding Projects\huggin_suite\huginn\main.py", line 109, in main
    exit(app.exec())
  File "C:\Users\allie\Coding Projects\huggin_suite\huginn\app\pages\attack_chain_home.py", line 740, in on_profile_selected
    credential_manager.set_profile(profile_name)
  File "C:\Users\allie\Coding Projects\huggin_suite\huginn\app\core\credential_manager.py", line 196, in set_profile
    + ''.join(_tb.format_stack(limit=6))

2026-05-17 23:28:48 - huginn - INFO - [CredentialManager] Saved 4 credential(s) to profile 'LAB' → LAB_credentials.enc
2026-05-17 23:28:48 - huginn - DEBUG - Credentials loaded for profile 'HTB-Editor'
2026-05-17 23:28:48 - huginn - DEBUG - Credentials loaded for profile 'HTB-Editor'
2026-05-17 23:28:52 - huginn - INFO - [CredentialManager] set_profile('LAB') from 'HTB-Editor'
  File "C:\Users\allie\Coding Projects\huggin_suite\huginn\main.py", line 112, in <module>
    main()
  File "C:\Users\allie\Coding Projects\huggin_suite\huginn\main.py", line 109, in main
    exit(app.exec())
  File "C:\Users\allie\Coding Projects\huggin_suite\huginn\app\pages\attack_chain_home.py", line 740, in on_profile_selected
    credential_manager.set_profile(profile_name)
  File "C:\Users\allie\Coding Projects\huggin_suite\huginn\app\core\credential_manager.py", line 196, in set_profile
    + ''.join(_tb.format_stack(limit=6))

2026-05-17 23:28:52 - huginn - INFO - [CredentialManager] Saved 0 credential(s) to profile 'HTB-Editor' → HTB-Editor_credentials.enc
2026-05-17 23:28:52 - huginn - DEBUG - Credentials loaded for profile 'LAB'
2026-05-17 23:28:52 - huginn - DEBUG - Suppressed exception
Traceback (most recent call last):
  File "C:\Users\allie\Coding Projects\huggin_suite\huginn\app\core\scope_manager.py", line 62, in _parse_scope_text
    ipaddress.IPv4Address(item)
    ~~~~~~~~~~~~~~~~~~~~~^^^^^^
  File "C:\Users\allie\anaconda3\Lib\ipaddress.py", line 1319, in __init__
    self._ip = self._ip_int_from_string(addr_str)
               ~~~~~~~~~~~~~~~~~~~~~~~~^^^^^^^^^^
  File "C:\Users\allie\anaconda3\Lib\ipaddress.py", line 1206, in _ip_int_from_string
    raise AddressValueError("Expected 4 octets in %r" % ip_str)
ipaddress.AddressValueError: Expected 4 octets in '*.lab.local'
2026-05-17 23:28:52 - huginn - INFO - [CredentialManager] Saved 1 credential(s) to profile 'LAB' → LAB_credentials.enc
2026-05-17 23:28:52 - huginn - INFO - [CredentialManager] Saved 2 credential(s) to profile 'LAB' → LAB_credentials.enc
2026-05-17 23:28:52 - huginn - INFO - [CredentialManager] Saved 3 credential(s) to profile 'LAB' → LAB_credentials.enc
2026-05-17 23:28:52 - huginn - INFO - [CredentialManager] Saved 4 credential(s) to profile 'LAB' → LAB_credentials.enc
2026-05-17 23:28:52 - huginn - DEBUG - Credentials loaded for profile 'LAB'
2026-05-17 23:28:52 - huginn - DEBUG - Suppressed exception
Traceback (most recent call last):
  File "C:\Users\allie\Coding Projects\huggin_suite\huginn\app\core\scope_manager.py", line 62, in _parse_scope_text
    ipaddress.IPv4Address(item)
    ~~~~~~~~~~~~~~~~~~~~~^^^^^^
  File "C:\Users\allie\anaconda3\Lib\ipaddress.py", line 1319, in __init__
    self._ip = self._ip_int_from_string(addr_str)
               ~~~~~~~~~~~~~~~~~~~~~~~~^^^^^^^^^^
  File "C:\Users\allie\anaconda3\Lib\ipaddress.py", line 1206, in _ip_int_from_string
    raise AddressValueError("Expected 4 octets in %r" % ip_str)
ipaddress.AddressValueError: Expected 4 octets in '*.lab.local'
2026-05-17 23:29:43 - huginn - DEBUG - Memory monitoring stopped
2026-05-17 23:29:43 - huginn - DEBUG - Connection pool closed all sessions
2026-05-17 23:29:43 - huginn - INFO - Update manager stopped during cleanup
2026-05-17 23:30:28 - huginn - DEBUG - Suppressed exception
Traceback (most recent call last):
  File "c:\Users\allie\Coding Projects\huggin_suite\huginn\app\core\asset_manager.py", line 101, in init_database
    conn.execute("ALTER TABLE assets ADD COLUMN fqdn TEXT DEFAULT ''")
    ~~~~~~~~~~~~^^^^^^^^^^^^^^^^^^^^^^^^^^^^^^^^^^^^^^^^^^^^^^^^^^^^^^
sqlite3.OperationalError: duplicate column name: fqdn
2026-05-17 23:30:28 - huginn - DEBUG - Suppressed exception
Traceback (most recent call last):
  File "c:\Users\allie\Coding Projects\huggin_suite\huginn\app\core\asset_manager.py", line 108, in init_database
    conn.execute("ALTER TABLE assets ADD COLUMN mac_address TEXT DEFAULT ''")
    ~~~~~~~~~~~~^^^^^^^^^^^^^^^^^^^^^^^^^^^^^^^^^^^^^^^^^^^^^^^^^^^^^^^^^^^^^
sqlite3.OperationalError: duplicate column name: mac_address
2026-05-17 23:30:28 - huginn - DEBUG - Suppressed exception
Traceback (most recent call last):
  File "c:\Users\allie\Coding Projects\huggin_suite\huginn\app\core\asset_manager.py", line 115, in init_database
    conn.execute("ALTER TABLE assets ADD COLUMN vendor TEXT DEFAULT ''")
    ~~~~~~~~~~~~^^^^^^^^^^^^^^^^^^^^^^^^^^^^^^^^^^^^^^^^^^^^^^^^^^^^^^^^
sqlite3.OperationalError: duplicate column name: vendor
2026-05-17 23:30:28 - huginn - DEBUG - Suppressed exception
Traceback (most recent call last):
  File "c:\Users\allie\Coding Projects\huggin_suite\huginn\app\core\asset_manager.py", line 122, in init_database
    conn.execute("ALTER TABLE assets ADD COLUMN notes TEXT DEFAULT ''")
    ~~~~~~~~~~~~^^^^^^^^^^^^^^^^^^^^^^^^^^^^^^^^^^^^^^^^^^^^^^^^^^^^^^^
sqlite3.OperationalError: duplicate column name: notes
2026-05-17 23:30:28 - huginn - DEBUG - Credentials loaded for profile 'LAB'
2026-05-17 23:30:28 - huginn - INFO - Using default configuration
2026-05-17 23:30:30 - huginn - INFO - License saved successfully
2026-05-17 23:30:30 - huginn - INFO - License loaded and validated successfully
2026-05-17 23:30:51 - huginn - INFO - License saved successfully
2026-05-17 23:30:51 - huginn - INFO - License loaded and validated successfully
2026-05-17 23:30:51 - huginn - INFO - Application starting...
2026-05-17 23:30:51 - huginn - INFO - Font loaded successfully
2026-05-17 23:30:51 - huginn - INFO - Stylesheet loaded successfully
2026-05-17 23:30:51 - huginn - INFO - Creating main window...
2026-05-17 23:30:51 - huginn - INFO - QThreadPool max threads set to 32 (CPUs: 32)
2026-05-17 23:30:51 - huginn - INFO - Custom font 'Neuropol X' loaded from C:\Users\allie\Coding Projects\huggin_suite\huginn\resources\fonts\neuropol.otf
2026-05-17 23:30:51 - huginn - DEBUG - Suppressed exception
Traceback (most recent call last):
  File "C:\Users\allie\Coding Projects\huggin_suite\huginn\app\pages\page_registry.py", line 45, in register_all_pages
    from app.pages.db_attacks_page import DBAttacksPage
ImportError: cannot import name 'DBAttacksPage' from 'app.pages.db_attacks_page' (C:\Users\allie\Coding Projects\huggin_suite\huginn\app\pages\db_attacks_page.py)
2026-05-17 23:30:53 - huginn - DEBUG - Credentials loaded for profile 'LAB'
2026-05-17 23:30:53 - huginn - DEBUG - Credentials loaded for profile 'LAB'
2026-05-17 23:30:54 - huginn - DEBUG - Credentials loaded for profile 'LAB'
2026-05-17 23:30:55 - huginn - INFO - [CredentialManager] set_profile('LAB') from 'LAB'
  File "C:\Users\allie\Coding Projects\huggin_suite\huginn\main.py", line 112, in <module>
    main()
  File "C:\Users\allie\Coding Projects\huggin_suite\huginn\main.py", line 109, in main
    exit(app.exec())
  File "C:\Users\allie\Coding Projects\huggin_suite\huginn\app\pages\attack_chain_home.py", line 740, in on_profile_selected
    credential_manager.set_profile(profile_name)
  File "C:\Users\allie\Coding Projects\huggin_suite\huginn\app\core\credential_manager.py", line 201, in set_profile
    + ''.join(_tb.format_stack(limit=6))

2026-05-17 23:30:55 - huginn - DEBUG - Credentials loaded for profile 'LAB'
2026-05-17 23:30:55 - huginn - DEBUG - Suppressed exception
Traceback (most recent call last):
  File "C:\Users\allie\Coding Projects\huggin_suite\huginn\app\core\scope_manager.py", line 62, in _parse_scope_text
    ipaddress.IPv4Address(item)
    ~~~~~~~~~~~~~~~~~~~~~^^^^^^
  File "C:\Users\allie\anaconda3\Lib\ipaddress.py", line 1319, in __init__
    self._ip = self._ip_int_from_string(addr_str)
               ~~~~~~~~~~~~~~~~~~~~~~~~^^^^^^^^^^
  File "C:\Users\allie\anaconda3\Lib\ipaddress.py", line 1206, in _ip_int_from_string
    raise AddressValueError("Expected 4 octets in %r" % ip_str)
ipaddress.AddressValueError: Expected 4 octets in '*.lab.local'
2026-05-17 23:30:55 - huginn - INFO - [CredentialManager] Saved 1 credential(s) to profile 'LAB' → LAB_credentials.enc
2026-05-17 23:30:55 - huginn - INFO - [CredentialManager] Saved 2 credential(s) to profile 'LAB' → LAB_credentials.enc
2026-05-17 23:30:55 - huginn - INFO - [CredentialManager] Saved 3 credential(s) to profile 'LAB' → LAB_credentials.enc
2026-05-17 23:30:55 - huginn - INFO - [CredentialManager] Saved 4 credential(s) to profile 'LAB' → LAB_credentials.enc
2026-05-17 23:30:55 - huginn - DEBUG - Credentials loaded for profile 'LAB'
2026-05-17 23:30:55 - huginn - DEBUG - Suppressed exception
Traceback (most recent call last):
  File "C:\Users\allie\Coding Projects\huggin_suite\huginn\app\core\scope_manager.py", line 62, in _parse_scope_text
    ipaddress.IPv4Address(item)
    ~~~~~~~~~~~~~~~~~~~~~^^^^^^
  File "C:\Users\allie\anaconda3\Lib\ipaddress.py", line 1319, in __init__
    self._ip = self._ip_int_from_string(addr_str)
               ~~~~~~~~~~~~~~~~~~~~~~~~^^^^^^^^^^
  File "C:\Users\allie\anaconda3\Lib\ipaddress.py", line 1206, in _ip_int_from_string
    raise AddressValueError("Expected 4 octets in %r" % ip_str)
ipaddress.AddressValueError: Expected 4 octets in '*.lab.local'
2026-05-17 23:31:00 - huginn - INFO - [CredentialManager] Saved 3 credential(s) to profile 'LAB' → LAB_credentials.enc
2026-05-17 23:31:01 - huginn - DEBUG - Credentials loaded for profile 'LAB'
2026-05-17 23:31:04 - huginn - INFO - [CredentialManager] set_profile('HTB-Editor') from 'LAB'
  File "C:\Users\allie\Coding Projects\huggin_suite\huginn\main.py", line 112, in <module>
    main()
  File "C:\Users\allie\Coding Projects\huggin_suite\huginn\main.py", line 109, in main
    exit(app.exec())
  File "C:\Users\allie\Coding Projects\huggin_suite\huginn\app\pages\attack_chain_home.py", line 740, in on_profile_selected
    credential_manager.set_profile(profile_name)
  File "C:\Users\allie\Coding Projects\huggin_suite\huginn\app\core\credential_manager.py", line 201, in set_profile
    + ''.join(_tb.format_stack(limit=6))

2026-05-17 23:31:04 - huginn - DEBUG - Credentials loaded for profile 'HTB-Editor'
2026-05-17 23:31:04 - huginn - DEBUG - Credentials loaded for profile 'HTB-Editor'
2026-05-17 23:31:06 - huginn - INFO - [CredentialManager] set_profile('LAB') from 'HTB-Editor'
  File "C:\Users\allie\Coding Projects\huggin_suite\huginn\main.py", line 112, in <module>
    main()
  File "C:\Users\allie\Coding Projects\huggin_suite\huginn\main.py", line 109, in main
    exit(app.exec())
  File "C:\Users\allie\Coding Projects\huggin_suite\huginn\app\pages\attack_chain_home.py", line 740, in on_profile_selected
    credential_manager.set_profile(profile_name)
  File "C:\Users\allie\Coding Projects\huggin_suite\huginn\app\core\credential_manager.py", line 201, in set_profile
    + ''.join(_tb.format_stack(limit=6))

2026-05-17 23:31:06 - huginn - DEBUG - Credentials loaded for profile 'LAB'
2026-05-17 23:31:06 - huginn - DEBUG - Suppressed exception
Traceback (most recent call last):
  File "C:\Users\allie\Coding Projects\huggin_suite\huginn\app\core\scope_manager.py", line 62, in _parse_scope_text
    ipaddress.IPv4Address(item)
    ~~~~~~~~~~~~~~~~~~~~~^^^^^^
  File "C:\Users\allie\anaconda3\Lib\ipaddress.py", line 1319, in __init__
    self._ip = self._ip_int_from_string(addr_str)
               ~~~~~~~~~~~~~~~~~~~~~~~~^^^^^^^^^^
  File "C:\Users\allie\anaconda3\Lib\ipaddress.py", line 1206, in _ip_int_from_string
    raise AddressValueError("Expected 4 octets in %r" % ip_str)
ipaddress.AddressValueError: Expected 4 octets in '*.lab.local'
2026-05-17 23:31:06 - huginn - INFO - [CredentialManager] Saved 1 credential(s) to profile 'LAB' → LAB_credentials.enc
2026-05-17 23:31:06 - huginn - INFO - [CredentialManager] Saved 2 credential(s) to profile 'LAB' → LAB_credentials.enc
2026-05-17 23:31:06 - huginn - INFO - [CredentialManager] Saved 3 credential(s) to profile 'LAB' → LAB_credentials.enc
2026-05-17 23:31:06 - huginn - INFO - [CredentialManager] Saved 4 credential(s) to profile 'LAB' → LAB_credentials.enc
2026-05-17 23:31:06 - huginn - DEBUG - Credentials loaded for profile 'LAB'
2026-05-17 23:31:06 - huginn - DEBUG - Suppressed exception
Traceback (most recent call last):
  File "C:\Users\allie\Coding Projects\huggin_suite\huginn\app\core\scope_manager.py", line 62, in _parse_scope_text
    ipaddress.IPv4Address(item)
    ~~~~~~~~~~~~~~~~~~~~~^^^^^^
  File "C:\Users\allie\anaconda3\Lib\ipaddress.py", line 1319, in __init__
    self._ip = self._ip_int_from_string(addr_str)
               ~~~~~~~~~~~~~~~~~~~~~~~~^^^^^^^^^^
  File "C:\Users\allie\anaconda3\Lib\ipaddress.py", line 1206, in _ip_int_from_string
    raise AddressValueError("Expected 4 octets in %r" % ip_str)
ipaddress.AddressValueError: Expected 4 octets in '*.lab.local'
2026-05-17 23:31:16 - huginn - INFO - [CredentialManager] Saved 3 credential(s) to profile 'LAB' → LAB_credentials.enc
2026-05-17 23:31:17 - huginn - DEBUG - Credentials loaded for profile 'LAB'
2026-05-17 23:31:24 - huginn - DEBUG - Memory monitoring stopped
2026-05-17 23:31:24 - huginn - DEBUG - Connection pool closed all sessions
2026-05-17 23:31:24 - huginn - INFO - Update manager stopped during cleanup
2026-05-17 23:31:27 - huginn - INFO - License saved successfully
2026-05-17 23:31:27 - huginn - INFO - License loaded and validated successfully
2026-05-17 23:31:28 - huginn - INFO - Application starting...
2026-05-17 23:31:28 - huginn - INFO - Font loaded successfully
2026-05-17 23:31:28 - huginn - INFO - Stylesheet loaded successfully
2026-05-17 23:31:28 - huginn - INFO - Creating main window...
2026-05-17 23:31:28 - huginn - INFO - QThreadPool max threads set to 32 (CPUs: 32)
2026-05-17 23:31:28 - huginn - INFO - Custom font 'Neuropol X' loaded from C:\Users\allie\Coding Projects\huggin_suite\huginn\resources\fonts\neuropol.otf
2026-05-17 23:31:28 - huginn - DEBUG - Suppressed exception
Traceback (most recent call last):
  File "C:\Users\allie\Coding Projects\huggin_suite\huginn\app\pages\page_registry.py", line 45, in register_all_pages
    from app.pages.db_attacks_page import DBAttacksPage
ImportError: cannot import name 'DBAttacksPage' from 'app.pages.db_attacks_page' (C:\Users\allie\Coding Projects\huggin_suite\huginn\app\pages\db_attacks_page.py)
2026-05-17 23:31:29 - huginn - DEBUG - Credentials loaded for profile 'LAB'
2026-05-17 23:31:29 - huginn - DEBUG - Credentials loaded for profile 'LAB'
2026-05-17 23:31:30 - huginn - DEBUG - Credentials loaded for profile 'LAB'
2026-05-17 23:31:32 - huginn - INFO - [CredentialManager] set_profile('LAB') from 'LAB'
  File "C:\Users\allie\Coding Projects\huggin_suite\huginn\main.py", line 112, in <module>
    main()
  File "C:\Users\allie\Coding Projects\huggin_suite\huginn\main.py", line 109, in main
    exit(app.exec())
  File "C:\Users\allie\Coding Projects\huggin_suite\huginn\app\pages\attack_chain_home.py", line 740, in on_profile_selected
    credential_manager.set_profile(profile_name)
  File "C:\Users\allie\Coding Projects\huggin_suite\huginn\app\core\credential_manager.py", line 201, in set_profile
    + ''.join(_tb.format_stack(limit=6))

2026-05-17 23:31:32 - huginn - DEBUG - Credentials loaded for profile 'LAB'
2026-05-17 23:31:32 - huginn - DEBUG - Suppressed exception
Traceback (most recent call last):
  File "C:\Users\allie\Coding Projects\huggin_suite\huginn\app\core\scope_manager.py", line 62, in _parse_scope_text
    ipaddress.IPv4Address(item)
    ~~~~~~~~~~~~~~~~~~~~~^^^^^^
  File "C:\Users\allie\anaconda3\Lib\ipaddress.py", line 1319, in __init__
    self._ip = self._ip_int_from_string(addr_str)
               ~~~~~~~~~~~~~~~~~~~~~~~~^^^^^^^^^^
  File "C:\Users\allie\anaconda3\Lib\ipaddress.py", line 1206, in _ip_int_from_string
    raise AddressValueError("Expected 4 octets in %r" % ip_str)
ipaddress.AddressValueError: Expected 4 octets in '*.lab.local'
2026-05-17 23:31:32 - huginn - INFO - [CredentialManager] Saved 1 credential(s) to profile 'LAB' → LAB_credentials.enc
2026-05-17 23:31:32 - huginn - INFO - [CredentialManager] Saved 2 credential(s) to profile 'LAB' → LAB_credentials.enc
2026-05-17 23:31:32 - huginn - INFO - [CredentialManager] Saved 3 credential(s) to profile 'LAB' → LAB_credentials.enc
2026-05-17 23:31:32 - huginn - INFO - [CredentialManager] Saved 4 credential(s) to profile 'LAB' → LAB_credentials.enc
2026-05-17 23:31:32 - huginn - DEBUG - Credentials loaded for profile 'LAB'
2026-05-17 23:31:32 - huginn - DEBUG - Suppressed exception
Traceback (most recent call last):
  File "C:\Users\allie\Coding Projects\huggin_suite\huginn\app\core\scope_manager.py", line 62, in _parse_scope_text
    ipaddress.IPv4Address(item)
    ~~~~~~~~~~~~~~~~~~~~~^^^^^^
  File "C:\Users\allie\anaconda3\Lib\ipaddress.py", line 1319, in __init__
    self._ip = self._ip_int_from_string(addr_str)
               ~~~~~~~~~~~~~~~~~~~~~~~~^^^^^^^^^^
  File "C:\Users\allie\anaconda3\Lib\ipaddress.py", line 1206, in _ip_int_from_string
    raise AddressValueError("Expected 4 octets in %r" % ip_str)
ipaddress.AddressValueError: Expected 4 octets in '*.lab.local'
2026-05-17 23:31:36 - huginn - DEBUG - Memory monitoring stopped
2026-05-17 23:31:36 - huginn - DEBUG - Connection pool closed all sessions
2026-05-17 23:31:36 - huginn - INFO - Update manager stopped during cleanup
2026-05-17 23:32:29 - huginn - DEBUG - Suppressed exception
Traceback (most recent call last):
  File "c:\Users\allie\Coding Projects\huggin_suite\huginn\app\core\asset_manager.py", line 101, in init_database
    conn.execute("ALTER TABLE assets ADD COLUMN fqdn TEXT DEFAULT ''")
    ~~~~~~~~~~~~^^^^^^^^^^^^^^^^^^^^^^^^^^^^^^^^^^^^^^^^^^^^^^^^^^^^^^
sqlite3.OperationalError: duplicate column name: fqdn
2026-05-17 23:32:29 - huginn - DEBUG - Suppressed exception
Traceback (most recent call last):
  File "c:\Users\allie\Coding Projects\huggin_suite\huginn\app\core\asset_manager.py", line 108, in init_database
    conn.execute("ALTER TABLE assets ADD COLUMN mac_address TEXT DEFAULT ''")
    ~~~~~~~~~~~~^^^^^^^^^^^^^^^^^^^^^^^^^^^^^^^^^^^^^^^^^^^^^^^^^^^^^^^^^^^^^
sqlite3.OperationalError: duplicate column name: mac_address
2026-05-17 23:32:29 - huginn - DEBUG - Suppressed exception
Traceback (most recent call last):
  File "c:\Users\allie\Coding Projects\huggin_suite\huginn\app\core\asset_manager.py", line 115, in init_database
    conn.execute("ALTER TABLE assets ADD COLUMN vendor TEXT DEFAULT ''")
    ~~~~~~~~~~~~^^^^^^^^^^^^^^^^^^^^^^^^^^^^^^^^^^^^^^^^^^^^^^^^^^^^^^^^
sqlite3.OperationalError: duplicate column name: vendor
2026-05-17 23:32:29 - huginn - DEBUG - Suppressed exception
Traceback (most recent call last):
  File "c:\Users\allie\Coding Projects\huggin_suite\huginn\app\core\asset_manager.py", line 122, in init_database
    conn.execute("ALTER TABLE assets ADD COLUMN notes TEXT DEFAULT ''")
    ~~~~~~~~~~~~^^^^^^^^^^^^^^^^^^^^^^^^^^^^^^^^^^^^^^^^^^^^^^^^^^^^^^^
sqlite3.OperationalError: duplicate column name: notes
2026-05-17 23:32:29 - huginn - DEBUG - Credentials loaded for profile 'LAB'
2026-05-17 23:32:30 - huginn - INFO - Using default configuration
2026-05-17 23:32:32 - huginn - INFO - License saved successfully
2026-05-17 23:32:32 - huginn - INFO - License loaded and validated successfully
2026-05-17 23:32:53 - huginn - INFO - License saved successfully
2026-05-17 23:32:53 - huginn - INFO - License loaded and validated successfully
2026-05-17 23:32:53 - huginn - INFO - Application starting...
2026-05-17 23:32:53 - huginn - INFO - Font loaded successfully
2026-05-17 23:32:53 - huginn - INFO - Stylesheet loaded successfully
2026-05-17 23:32:53 - huginn - INFO - Creating main window...
2026-05-17 23:32:53 - huginn - INFO - QThreadPool max threads set to 32 (CPUs: 32)
2026-05-17 23:32:53 - huginn - INFO - Custom font 'Neuropol X' loaded from C:\Users\allie\Coding Projects\huggin_suite\huginn\resources\fonts\neuropol.otf
2026-05-17 23:32:53 - huginn - DEBUG - Suppressed exception
Traceback (most recent call last):
  File "C:\Users\allie\Coding Projects\huggin_suite\huginn\app\pages\page_registry.py", line 45, in register_all_pages
    from app.pages.db_attacks_page import DBAttacksPage
ImportError: cannot import name 'DBAttacksPage' from 'app.pages.db_attacks_page' (C:\Users\allie\Coding Projects\huggin_suite\huginn\app\pages\db_attacks_page.py)
2026-05-17 23:32:55 - huginn - DEBUG - Credentials loaded for profile 'LAB'
2026-05-17 23:32:55 - huginn - DEBUG - Credentials loaded for profile 'LAB'
2026-05-17 23:32:56 - huginn - DEBUG - Credentials loaded for profile 'LAB'
2026-05-17 23:32:57 - huginn - INFO - [CredentialManager] set_profile('LAB') from 'LAB'
  File "C:\Users\allie\Coding Projects\huggin_suite\huginn\main.py", line 112, in <module>
    main()
  File "C:\Users\allie\Coding Projects\huggin_suite\huginn\main.py", line 109, in main
    exit(app.exec())
  File "C:\Users\allie\Coding Projects\huggin_suite\huginn\app\pages\attack_chain_home.py", line 740, in on_profile_selected
    credential_manager.set_profile(profile_name)
  File "C:\Users\allie\Coding Projects\huggin_suite\huginn\app\core\credential_manager.py", line 201, in set_profile
    + ''.join(_tb.format_stack(limit=6))

2026-05-17 23:32:57 - huginn - DEBUG - Credentials loaded for profile 'LAB'
2026-05-17 23:32:57 - huginn - DEBUG - Suppressed exception
Traceback (most recent call last):
  File "C:\Users\allie\Coding Projects\huggin_suite\huginn\app\core\scope_manager.py", line 62, in _parse_scope_text
    ipaddress.IPv4Address(item)
    ~~~~~~~~~~~~~~~~~~~~~^^^^^^
  File "C:\Users\allie\anaconda3\Lib\ipaddress.py", line 1319, in __init__
    self._ip = self._ip_int_from_string(addr_str)
               ~~~~~~~~~~~~~~~~~~~~~~~~^^^^^^^^^^
  File "C:\Users\allie\anaconda3\Lib\ipaddress.py", line 1206, in _ip_int_from_string
    raise AddressValueError("Expected 4 octets in %r" % ip_str)
ipaddress.AddressValueError: Expected 4 octets in '*.lab.local'
2026-05-17 23:32:57 - huginn - DEBUG - Credentials loaded for profile 'LAB'
2026-05-17 23:32:57 - huginn - DEBUG - Suppressed exception
Traceback (most recent call last):
  File "C:\Users\allie\Coding Projects\huggin_suite\huginn\app\core\scope_manager.py", line 62, in _parse_scope_text
    ipaddress.IPv4Address(item)
    ~~~~~~~~~~~~~~~~~~~~~^^^^^^
  File "C:\Users\allie\anaconda3\Lib\ipaddress.py", line 1319, in __init__
    self._ip = self._ip_int_from_string(addr_str)
               ~~~~~~~~~~~~~~~~~~~~~~~~^^^^^^^^^^
  File "C:\Users\allie\anaconda3\Lib\ipaddress.py", line 1206, in _ip_int_from_string
    raise AddressValueError("Expected 4 octets in %r" % ip_str)
ipaddress.AddressValueError: Expected 4 octets in '*.lab.local'
2026-05-17 23:33:01 - huginn - INFO - [CredentialManager] Saved 3 credential(s) to profile 'LAB' → LAB_credentials.enc
2026-05-17 23:33:02 - huginn - DEBUG - Credentials loaded for profile 'LAB'
2026-05-17 23:33:09 - huginn - INFO - [CredentialManager] set_profile('HTB-Editor') from 'LAB'
  File "C:\Users\allie\Coding Projects\huggin_suite\huginn\main.py", line 112, in <module>
    main()
  File "C:\Users\allie\Coding Projects\huggin_suite\huginn\main.py", line 109, in main
    exit(app.exec())
  File "C:\Users\allie\Coding Projects\huggin_suite\huginn\app\pages\attack_chain_home.py", line 740, in on_profile_selected
    credential_manager.set_profile(profile_name)
  File "C:\Users\allie\Coding Projects\huggin_suite\huginn\app\core\credential_manager.py", line 201, in set_profile
    + ''.join(_tb.format_stack(limit=6))

2026-05-17 23:33:09 - huginn - DEBUG - Credentials loaded for profile 'HTB-Editor'
2026-05-17 23:33:09 - huginn - DEBUG - Credentials loaded for profile 'HTB-Editor'
2026-05-17 23:33:12 - huginn - INFO - [CredentialManager] set_profile('LAB') from 'HTB-Editor'
  File "C:\Users\allie\Coding Projects\huggin_suite\huginn\main.py", line 112, in <module>
    main()
  File "C:\Users\allie\Coding Projects\huggin_suite\huginn\main.py", line 109, in main
    exit(app.exec())
  File "C:\Users\allie\Coding Projects\huggin_suite\huginn\app\pages\attack_chain_home.py", line 740, in on_profile_selected
    credential_manager.set_profile(profile_name)
  File "C:\Users\allie\Coding Projects\huggin_suite\huginn\app\core\credential_manager.py", line 201, in set_profile
    + ''.join(_tb.format_stack(limit=6))

2026-05-17 23:33:12 - huginn - DEBUG - Credentials loaded for profile 'LAB'
2026-05-17 23:33:12 - huginn - DEBUG - Suppressed exception
Traceback (most recent call last):
  File "C:\Users\allie\Coding Projects\huggin_suite\huginn\app\core\scope_manager.py", line 62, in _parse_scope_text
    ipaddress.IPv4Address(item)
    ~~~~~~~~~~~~~~~~~~~~~^^^^^^
  File "C:\Users\allie\anaconda3\Lib\ipaddress.py", line 1319, in __init__
    self._ip = self._ip_int_from_string(addr_str)
               ~~~~~~~~~~~~~~~~~~~~~~~~^^^^^^^^^^
  File "C:\Users\allie\anaconda3\Lib\ipaddress.py", line 1206, in _ip_int_from_string
    raise AddressValueError("Expected 4 octets in %r" % ip_str)
ipaddress.AddressValueError: Expected 4 octets in '*.lab.local'
2026-05-17 23:33:12 - huginn - DEBUG - Credentials loaded for profile 'LAB'
2026-05-17 23:33:12 - huginn - DEBUG - Suppressed exception
Traceback (most recent call last):
  File "C:\Users\allie\Coding Projects\huggin_suite\huginn\app\core\scope_manager.py", line 62, in _parse_scope_text
    ipaddress.IPv4Address(item)
    ~~~~~~~~~~~~~~~~~~~~~^^^^^^
  File "C:\Users\allie\anaconda3\Lib\ipaddress.py", line 1319, in __init__
    self._ip = self._ip_int_from_string(addr_str)
               ~~~~~~~~~~~~~~~~~~~~~~~~^^^^^^^^^^
  File "C:\Users\allie\anaconda3\Lib\ipaddress.py", line 1206, in _ip_int_from_string
    raise AddressValueError("Expected 4 octets in %r" % ip_str)
ipaddress.AddressValueError: Expected 4 octets in '*.lab.local'
2026-05-17 23:33:45 - huginn - INFO - [CredentialManager] Saved 4 credential(s) to profile 'LAB' → LAB_credentials.enc
2026-05-17 23:33:45 - huginn - INFO - [CredentialManager] Saved 4 credential(s) to profile 'LAB' → LAB_credentials.enc
2026-05-17 23:33:45 - huginn - DEBUG - Credentials loaded for profile 'LAB'
2026-05-17 23:33:48 - huginn - INFO - [CredentialManager] set_profile('HTB-Editor') from 'LAB'
  File "C:\Users\allie\Coding Projects\huggin_suite\huginn\main.py", line 112, in <module>
    main()
  File "C:\Users\allie\Coding Projects\huggin_suite\huginn\main.py", line 109, in main
    exit(app.exec())
  File "C:\Users\allie\Coding Projects\huggin_suite\huginn\app\pages\attack_chain_home.py", line 740, in on_profile_selected
    credential_manager.set_profile(profile_name)
  File "C:\Users\allie\Coding Projects\huggin_suite\huginn\app\core\credential_manager.py", line 201, in set_profile
    + ''.join(_tb.format_stack(limit=6))

2026-05-17 23:33:48 - huginn - DEBUG - Credentials loaded for profile 'HTB-Editor'
2026-05-17 23:33:48 - huginn - DEBUG - Credentials loaded for profile 'HTB-Editor'
2026-05-17 23:33:50 - huginn - INFO - [CredentialManager] set_profile('LAB') from 'HTB-Editor'
  File "C:\Users\allie\Coding Projects\huggin_suite\huginn\main.py", line 112, in <module>
    main()
  File "C:\Users\allie\Coding Projects\huggin_suite\huginn\main.py", line 109, in main
    exit(app.exec())
  File "C:\Users\allie\Coding Projects\huggin_suite\huginn\app\pages\attack_chain_home.py", line 740, in on_profile_selected
    credential_manager.set_profile(profile_name)
  File "C:\Users\allie\Coding Projects\huggin_suite\huginn\app\core\credential_manager.py", line 201, in set_profile
    + ''.join(_tb.format_stack(limit=6))

2026-05-17 23:33:50 - huginn - DEBUG - Credentials loaded for profile 'LAB'
2026-05-17 23:33:50 - huginn - DEBUG - Suppressed exception
Traceback (most recent call last):
  File "C:\Users\allie\Coding Projects\huggin_suite\huginn\app\core\scope_manager.py", line 62, in _parse_scope_text
    ipaddress.IPv4Address(item)
    ~~~~~~~~~~~~~~~~~~~~~^^^^^^
  File "C:\Users\allie\anaconda3\Lib\ipaddress.py", line 1319, in __init__
    self._ip = self._ip_int_from_string(addr_str)
               ~~~~~~~~~~~~~~~~~~~~~~~~^^^^^^^^^^
  File "C:\Users\allie\anaconda3\Lib\ipaddress.py", line 1206, in _ip_int_from_string
    raise AddressValueError("Expected 4 octets in %r" % ip_str)
ipaddress.AddressValueError: Expected 4 octets in '*.lab.local'
2026-05-17 23:33:50 - huginn - DEBUG - Credentials loaded for profile 'LAB'
2026-05-17 23:33:50 - huginn - DEBUG - Suppressed exception
Traceback (most recent call last):
  File "C:\Users\allie\Coding Projects\huggin_suite\huginn\app\core\scope_manager.py", line 62, in _parse_scope_text
    ipaddress.IPv4Address(item)
    ~~~~~~~~~~~~~~~~~~~~~^^^^^^
  File "C:\Users\allie\anaconda3\Lib\ipaddress.py", line 1319, in __init__
    self._ip = self._ip_int_from_string(addr_str)
               ~~~~~~~~~~~~~~~~~~~~~~~~^^^^^^^^^^
  File "C:\Users\allie\anaconda3\Lib\ipaddress.py", line 1206, in _ip_int_from_string
    raise AddressValueError("Expected 4 octets in %r" % ip_str)
ipaddress.AddressValueError: Expected 4 octets in '*.lab.local'
2026-05-17 23:33:58 - huginn - DEBUG - Memory monitoring stopped
2026-05-17 23:33:58 - huginn - DEBUG - Connection pool closed all sessions
2026-05-17 23:33:58 - huginn - INFO - Update manager stopped during cleanup
2026-05-17 23:34:01 - huginn - INFO - License saved successfully
2026-05-17 23:34:01 - huginn - INFO - License loaded and validated successfully
2026-05-17 23:34:01 - huginn - INFO - Application starting...
2026-05-17 23:34:01 - huginn - INFO - Font loaded successfully
2026-05-17 23:34:01 - huginn - INFO - Stylesheet loaded successfully
2026-05-17 23:34:01 - huginn - INFO - Creating main window...
2026-05-17 23:34:01 - huginn - INFO - QThreadPool max threads set to 32 (CPUs: 32)
2026-05-17 23:34:01 - huginn - INFO - Custom font 'Neuropol X' loaded from C:\Users\allie\Coding Projects\huggin_suite\huginn\resources\fonts\neuropol.otf
2026-05-17 23:34:01 - huginn - DEBUG - Suppressed exception
Traceback (most recent call last):
  File "C:\Users\allie\Coding Projects\huggin_suite\huginn\app\pages\page_registry.py", line 45, in register_all_pages
    from app.pages.db_attacks_page import DBAttacksPage
ImportError: cannot import name 'DBAttacksPage' from 'app.pages.db_attacks_page' (C:\Users\allie\Coding Projects\huggin_suite\huginn\app\pages\db_attacks_page.py)
2026-05-17 23:34:02 - huginn - DEBUG - Credentials loaded for profile 'LAB'
2026-05-17 23:34:02 - huginn - DEBUG - Credentials loaded for profile 'LAB'
2026-05-17 23:34:04 - huginn - DEBUG - Credentials loaded for profile 'LAB'
2026-05-17 23:34:05 - huginn - INFO - [CredentialManager] set_profile('LAB') from 'LAB'
  File "C:\Users\allie\Coding Projects\huggin_suite\huginn\main.py", line 112, in <module>
    main()
  File "C:\Users\allie\Coding Projects\huggin_suite\huginn\main.py", line 109, in main
    exit(app.exec())
  File "C:\Users\allie\Coding Projects\huggin_suite\huginn\app\pages\attack_chain_home.py", line 740, in on_profile_selected
    credential_manager.set_profile(profile_name)
  File "C:\Users\allie\Coding Projects\huggin_suite\huginn\app\core\credential_manager.py", line 201, in set_profile
    + ''.join(_tb.format_stack(limit=6))

2026-05-17 23:34:05 - huginn - DEBUG - Credentials loaded for profile 'LAB'
2026-05-17 23:34:05 - huginn - DEBUG - Suppressed exception
Traceback (most recent call last):
  File "C:\Users\allie\Coding Projects\huggin_suite\huginn\app\core\scope_manager.py", line 62, in _parse_scope_text
    ipaddress.IPv4Address(item)
    ~~~~~~~~~~~~~~~~~~~~~^^^^^^
  File "C:\Users\allie\anaconda3\Lib\ipaddress.py", line 1319, in __init__
    self._ip = self._ip_int_from_string(addr_str)
               ~~~~~~~~~~~~~~~~~~~~~~~~^^^^^^^^^^
  File "C:\Users\allie\anaconda3\Lib\ipaddress.py", line 1206, in _ip_int_from_string
    raise AddressValueError("Expected 4 octets in %r" % ip_str)
ipaddress.AddressValueError: Expected 4 octets in '*.lab.local'
2026-05-17 23:34:05 - huginn - DEBUG - Credentials loaded for profile 'LAB'
2026-05-17 23:34:05 - huginn - DEBUG - Suppressed exception
Traceback (most recent call last):
  File "C:\Users\allie\Coding Projects\huggin_suite\huginn\app\core\scope_manager.py", line 62, in _parse_scope_text
    ipaddress.IPv4Address(item)
    ~~~~~~~~~~~~~~~~~~~~~^^^^^^
  File "C:\Users\allie\anaconda3\Lib\ipaddress.py", line 1319, in __init__
    self._ip = self._ip_int_from_string(addr_str)
               ~~~~~~~~~~~~~~~~~~~~~~~~^^^^^^^^^^
  File "C:\Users\allie\anaconda3\Lib\ipaddress.py", line 1206, in _ip_int_from_string
    raise AddressValueError("Expected 4 octets in %r" % ip_str)
ipaddress.AddressValueError: Expected 4 octets in '*.lab.local'
2026-05-17 23:34:50 - huginn - INFO - [CredentialManager] set_profile('Tester') from 'LAB'
  File "C:\Users\allie\Coding Projects\huggin_suite\huginn\main.py", line 112, in <module>
    main()
  File "C:\Users\allie\Coding Projects\huggin_suite\huginn\main.py", line 109, in main
    exit(app.exec())
  File "C:\Users\allie\Coding Projects\huggin_suite\huginn\app\main_window\main_window_refactored.py", line 869, in new_profile
    page.new_profile()
  File "C:\Users\allie\Coding Projects\huggin_suite\huginn\app\pages\attack_chain_home.py", line 871, in new_profile
    credential_manager.set_profile(profile_name)
  File "C:\Users\allie\Coding Projects\huggin_suite\huginn\app\core\credential_manager.py", line 201, in set_profile
    + ''.join(_tb.format_stack(limit=6))

2026-05-17 23:34:50 - huginn - INFO - [CredentialManager] set_profile('Tester') from 'Tester'
  File "C:\Users\allie\Coding Projects\huggin_suite\huginn\main.py", line 112, in <module>
    main()
  File "C:\Users\allie\Coding Projects\huggin_suite\huginn\main.py", line 109, in main
    exit(app.exec())
  File "C:\Users\allie\Coding Projects\huggin_suite\huginn\app\main_window\main_window_refactored.py", line 869, in new_profile
    page.new_profile()
  File "C:\Users\allie\Coding Projects\huggin_suite\huginn\app\pages\attack_chain_home.py", line 887, in new_profile
    self.target_table.selectRow(row)
  File "C:\Users\allie\Coding Projects\huggin_suite\huginn\app\pages\attack_chain_home.py", line 740, in on_profile_selected
    credential_manager.set_profile(profile_name)
  File "C:\Users\allie\Coding Projects\huggin_suite\huginn\app\core\credential_manager.py", line 201, in set_profile
    + ''.join(_tb.format_stack(limit=6))

2026-05-17 23:34:53 - huginn - DEBUG - Suppressed exception
Traceback (most recent call last):
  File "C:\Users\allie\Coding Projects\huggin_suite\huginn\app\core\scope_manager.py", line 62, in _parse_scope_text
    ipaddress.IPv4Address(item)
    ~~~~~~~~~~~~~~~~~~~~~^^^^^^
  File "C:\Users\allie\anaconda3\Lib\ipaddress.py", line 1319, in __init__
    self._ip = self._ip_int_from_string(addr_str)
               ~~~~~~~~~~~~~~~~~~~~~~~~^^^^^^^^^^
  File "C:\Users\allie\anaconda3\Lib\ipaddress.py", line 1206, in _ip_int_from_string
    raise AddressValueError("Expected 4 octets in %r" % ip_str)
ipaddress.AddressValueError: Expected 4 octets in '1'
2026-05-17 23:34:53 - huginn - DEBUG - Suppressed exception
Traceback (most recent call last):
  File "C:\Users\allie\Coding Projects\huggin_suite\huginn\app\core\scope_manager.py", line 62, in _parse_scope_text
    ipaddress.IPv4Address(item)
    ~~~~~~~~~~~~~~~~~~~~~^^^^^^
  File "C:\Users\allie\anaconda3\Lib\ipaddress.py", line 1319, in __init__
    self._ip = self._ip_int_from_string(addr_str)
               ~~~~~~~~~~~~~~~~~~~~~~~~^^^^^^^^^^
  File "C:\Users\allie\anaconda3\Lib\ipaddress.py", line 1206, in _ip_int_from_string
    raise AddressValueError("Expected 4 octets in %r" % ip_str)
ipaddress.AddressValueError: Expected 4 octets in '19'
2026-05-17 23:34:53 - huginn - DEBUG - Suppressed exception
Traceback (most recent call last):
  File "C:\Users\allie\Coding Projects\huggin_suite\huginn\app\core\scope_manager.py", line 62, in _parse_scope_text
    ipaddress.IPv4Address(item)
    ~~~~~~~~~~~~~~~~~~~~~^^^^^^
  File "C:\Users\allie\anaconda3\Lib\ipaddress.py", line 1319, in __init__
    self._ip = self._ip_int_from_string(addr_str)
               ~~~~~~~~~~~~~~~~~~~~~~~~^^^^^^^^^^
  File "C:\Users\allie\anaconda3\Lib\ipaddress.py", line 1206, in _ip_int_from_string
    raise AddressValueError("Expected 4 octets in %r" % ip_str)
ipaddress.AddressValueError: Expected 4 octets in '192'
2026-05-17 23:34:53 - huginn - DEBUG - Suppressed exception
Traceback (most recent call last):
  File "C:\Users\allie\Coding Projects\huggin_suite\huginn\app\core\scope_manager.py", line 62, in _parse_scope_text
    ipaddress.IPv4Address(item)
    ~~~~~~~~~~~~~~~~~~~~~^^^^^^
  File "C:\Users\allie\anaconda3\Lib\ipaddress.py", line 1319, in __init__
    self._ip = self._ip_int_from_string(addr_str)
               ~~~~~~~~~~~~~~~~~~~~~~~~^^^^^^^^^^
  File "C:\Users\allie\anaconda3\Lib\ipaddress.py", line 1206, in _ip_int_from_string
    raise AddressValueError("Expected 4 octets in %r" % ip_str)
ipaddress.AddressValueError: Expected 4 octets in '192.'
2026-05-17 23:34:53 - huginn - DEBUG - Suppressed exception
Traceback (most recent call last):
  File "C:\Users\allie\Coding Projects\huggin_suite\huginn\app\core\scope_manager.py", line 62, in _parse_scope_text
    ipaddress.IPv4Address(item)
    ~~~~~~~~~~~~~~~~~~~~~^^^^^^
  File "C:\Users\allie\anaconda3\Lib\ipaddress.py", line 1319, in __init__
    self._ip = self._ip_int_from_string(addr_str)
               ~~~~~~~~~~~~~~~~~~~~~~~~^^^^^^^^^^
  File "C:\Users\allie\anaconda3\Lib\ipaddress.py", line 1206, in _ip_int_from_string
    raise AddressValueError("Expected 4 octets in %r" % ip_str)
ipaddress.AddressValueError: Expected 4 octets in '192.1'
2026-05-17 23:34:53 - huginn - DEBUG - Suppressed exception
Traceback (most recent call last):
  File "C:\Users\allie\Coding Projects\huggin_suite\huginn\app\core\scope_manager.py", line 62, in _parse_scope_text
    ipaddress.IPv4Address(item)
    ~~~~~~~~~~~~~~~~~~~~~^^^^^^
  File "C:\Users\allie\anaconda3\Lib\ipaddress.py", line 1319, in __init__
    self._ip = self._ip_int_from_string(addr_str)
               ~~~~~~~~~~~~~~~~~~~~~~~~^^^^^^^^^^
  File "C:\Users\allie\anaconda3\Lib\ipaddress.py", line 1206, in _ip_int_from_string
    raise AddressValueError("Expected 4 octets in %r" % ip_str)
ipaddress.AddressValueError: Expected 4 octets in '192.16'
2026-05-17 23:34:54 - huginn - DEBUG - Suppressed exception
Traceback (most recent call last):
  File "C:\Users\allie\Coding Projects\huggin_suite\huginn\app\core\scope_manager.py", line 62, in _parse_scope_text
    ipaddress.IPv4Address(item)
    ~~~~~~~~~~~~~~~~~~~~~^^^^^^
  File "C:\Users\allie\anaconda3\Lib\ipaddress.py", line 1319, in __init__
    self._ip = self._ip_int_from_string(addr_str)
               ~~~~~~~~~~~~~~~~~~~~~~~~^^^^^^^^^^
  File "C:\Users\allie\anaconda3\Lib\ipaddress.py", line 1206, in _ip_int_from_string
    raise AddressValueError("Expected 4 octets in %r" % ip_str)
ipaddress.AddressValueError: Expected 4 octets in '192.168'
2026-05-17 23:34:54 - huginn - DEBUG - Suppressed exception
Traceback (most recent call last):
  File "C:\Users\allie\Coding Projects\huggin_suite\huginn\app\core\scope_manager.py", line 62, in _parse_scope_text
    ipaddress.IPv4Address(item)
    ~~~~~~~~~~~~~~~~~~~~~^^^^^^
  File "C:\Users\allie\anaconda3\Lib\ipaddress.py", line 1319, in __init__
    self._ip = self._ip_int_from_string(addr_str)
               ~~~~~~~~~~~~~~~~~~~~~~~~^^^^^^^^^^
  File "C:\Users\allie\anaconda3\Lib\ipaddress.py", line 1206, in _ip_int_from_string
    raise AddressValueError("Expected 4 octets in %r" % ip_str)
ipaddress.AddressValueError: Expected 4 octets in '192.168.'
2026-05-17 23:34:54 - huginn - DEBUG - Suppressed exception
Traceback (most recent call last):
  File "C:\Users\allie\Coding Projects\huggin_suite\huginn\app\core\scope_manager.py", line 62, in _parse_scope_text
    ipaddress.IPv4Address(item)
    ~~~~~~~~~~~~~~~~~~~~~^^^^^^
  File "C:\Users\allie\anaconda3\Lib\ipaddress.py", line 1319, in __init__
    self._ip = self._ip_int_from_string(addr_str)
               ~~~~~~~~~~~~~~~~~~~~~~~~^^^^^^^^^^
  File "C:\Users\allie\anaconda3\Lib\ipaddress.py", line 1206, in _ip_int_from_string
    raise AddressValueError("Expected 4 octets in %r" % ip_str)
ipaddress.AddressValueError: Expected 4 octets in '192.168.1'
2026-05-17 23:34:54 - huginn - DEBUG - Suppressed exception
Traceback (most recent call last):
  File "C:\Users\allie\Coding Projects\huggin_suite\huginn\app\core\scope_manager.py", line 62, in _parse_scope_text
    ipaddress.IPv4Address(item)
    ~~~~~~~~~~~~~~~~~~~~~^^^^^^
  File "C:\Users\allie\anaconda3\Lib\ipaddress.py", line 1319, in __init__
    self._ip = self._ip_int_from_string(addr_str)
               ~~~~~~~~~~~~~~~~~~~~~~~~^^^^^^^^^^
  File "C:\Users\allie\anaconda3\Lib\ipaddress.py", line 1211, in _ip_int_from_string
    raise AddressValueError("%s in %r" % (exc, ip_str)) from None
ipaddress.AddressValueError: Empty octet not permitted in '192.168.1.'
2026-05-17 23:34:57 - huginn - DEBUG - Suppressed exception
Traceback (most recent call last):
  File "C:\Users\allie\Coding Projects\huggin_suite\huginn\app\core\scope_manager.py", line 62, in _parse_scope_text
    ipaddress.IPv4Address(item)
    ~~~~~~~~~~~~~~~~~~~~~^^^^^^
  File "C:\Users\allie\anaconda3\Lib\ipaddress.py", line 1319, in __init__
    self._ip = self._ip_int_from_string(addr_str)
               ~~~~~~~~~~~~~~~~~~~~~~~~^^^^^^^^^^
  File "C:\Users\allie\anaconda3\Lib\ipaddress.py", line 1206, in _ip_int_from_string
    raise AddressValueError("Expected 4 octets in %r" % ip_str)
ipaddress.AddressValueError: Expected 4 octets in '1'
2026-05-17 23:34:57 - huginn - DEBUG - Suppressed exception
Traceback (most recent call last):
  File "C:\Users\allie\Coding Projects\huggin_suite\huginn\app\core\scope_manager.py", line 62, in _parse_scope_text
    ipaddress.IPv4Address(item)
    ~~~~~~~~~~~~~~~~~~~~~^^^^^^
  File "C:\Users\allie\anaconda3\Lib\ipaddress.py", line 1319, in __init__
    self._ip = self._ip_int_from_string(addr_str)
               ~~~~~~~~~~~~~~~~~~~~~~~~^^^^^^^^^^
  File "C:\Users\allie\anaconda3\Lib\ipaddress.py", line 1206, in _ip_int_from_string
    raise AddressValueError("Expected 4 octets in %r" % ip_str)
ipaddress.AddressValueError: Expected 4 octets in '19'
2026-05-17 23:34:57 - huginn - DEBUG - Suppressed exception
Traceback (most recent call last):
  File "C:\Users\allie\Coding Projects\huggin_suite\huginn\app\core\scope_manager.py", line 62, in _parse_scope_text
    ipaddress.IPv4Address(item)
    ~~~~~~~~~~~~~~~~~~~~~^^^^^^
  File "C:\Users\allie\anaconda3\Lib\ipaddress.py", line 1319, in __init__
    self._ip = self._ip_int_from_string(addr_str)
               ~~~~~~~~~~~~~~~~~~~~~~~~^^^^^^^^^^
  File "C:\Users\allie\anaconda3\Lib\ipaddress.py", line 1206, in _ip_int_from_string
    raise AddressValueError("Expected 4 octets in %r" % ip_str)
ipaddress.AddressValueError: Expected 4 octets in '192'
2026-05-17 23:34:57 - huginn - DEBUG - Suppressed exception
Traceback (most recent call last):
  File "C:\Users\allie\Coding Projects\huggin_suite\huginn\app\core\scope_manager.py", line 62, in _parse_scope_text
    ipaddress.IPv4Address(item)
    ~~~~~~~~~~~~~~~~~~~~~^^^^^^
  File "C:\Users\allie\anaconda3\Lib\ipaddress.py", line 1319, in __init__
    self._ip = self._ip_int_from_string(addr_str)
               ~~~~~~~~~~~~~~~~~~~~~~~~^^^^^^^^^^
  File "C:\Users\allie\anaconda3\Lib\ipaddress.py", line 1206, in _ip_int_from_string
    raise AddressValueError("Expected 4 octets in %r" % ip_str)
ipaddress.AddressValueError: Expected 4 octets in '192.'
2026-05-17 23:34:57 - huginn - DEBUG - Suppressed exception
Traceback (most recent call last):
  File "C:\Users\allie\Coding Projects\huggin_suite\huginn\app\core\scope_manager.py", line 62, in _parse_scope_text
    ipaddress.IPv4Address(item)
    ~~~~~~~~~~~~~~~~~~~~~^^^^^^
  File "C:\Users\allie\anaconda3\Lib\ipaddress.py", line 1319, in __init__
    self._ip = self._ip_int_from_string(addr_str)
               ~~~~~~~~~~~~~~~~~~~~~~~~^^^^^^^^^^
  File "C:\Users\allie\anaconda3\Lib\ipaddress.py", line 1206, in _ip_int_from_string
    raise AddressValueError("Expected 4 octets in %r" % ip_str)
ipaddress.AddressValueError: Expected 4 octets in '192.1'
2026-05-17 23:34:57 - huginn - DEBUG - Suppressed exception
Traceback (most recent call last):
  File "C:\Users\allie\Coding Projects\huggin_suite\huginn\app\core\scope_manager.py", line 62, in _parse_scope_text
    ipaddress.IPv4Address(item)
    ~~~~~~~~~~~~~~~~~~~~~^^^^^^
  File "C:\Users\allie\anaconda3\Lib\ipaddress.py", line 1319, in __init__
    self._ip = self._ip_int_from_string(addr_str)
               ~~~~~~~~~~~~~~~~~~~~~~~~^^^^^^^^^^
  File "C:\Users\allie\anaconda3\Lib\ipaddress.py", line 1206, in _ip_int_from_string
    raise AddressValueError("Expected 4 octets in %r" % ip_str)
ipaddress.AddressValueError: Expected 4 octets in '192.16'
2026-05-17 23:34:58 - huginn - DEBUG - Suppressed exception
Traceback (most recent call last):
  File "C:\Users\allie\Coding Projects\huggin_suite\huginn\app\core\scope_manager.py", line 62, in _parse_scope_text
    ipaddress.IPv4Address(item)
    ~~~~~~~~~~~~~~~~~~~~~^^^^^^
  File "C:\Users\allie\anaconda3\Lib\ipaddress.py", line 1319, in __init__
    self._ip = self._ip_int_from_string(addr_str)
               ~~~~~~~~~~~~~~~~~~~~~~~~^^^^^^^^^^
  File "C:\Users\allie\anaconda3\Lib\ipaddress.py", line 1206, in _ip_int_from_string
    raise AddressValueError("Expected 4 octets in %r" % ip_str)
ipaddress.AddressValueError: Expected 4 octets in '192.168'
2026-05-17 23:34:58 - huginn - DEBUG - Suppressed exception
Traceback (most recent call last):
  File "C:\Users\allie\Coding Projects\huggin_suite\huginn\app\core\scope_manager.py", line 62, in _parse_scope_text
    ipaddress.IPv4Address(item)
    ~~~~~~~~~~~~~~~~~~~~~^^^^^^
  File "C:\Users\allie\anaconda3\Lib\ipaddress.py", line 1319, in __init__
    self._ip = self._ip_int_from_string(addr_str)
               ~~~~~~~~~~~~~~~~~~~~~~~~^^^^^^^^^^
  File "C:\Users\allie\anaconda3\Lib\ipaddress.py", line 1206, in _ip_int_from_string
    raise AddressValueError("Expected 4 octets in %r" % ip_str)
ipaddress.AddressValueError: Expected 4 octets in '192.168.'
2026-05-17 23:34:58 - huginn - DEBUG - Suppressed exception
Traceback (most recent call last):
  File "C:\Users\allie\Coding Projects\huggin_suite\huginn\app\core\scope_manager.py", line 62, in _parse_scope_text
    ipaddress.IPv4Address(item)
    ~~~~~~~~~~~~~~~~~~~~~^^^^^^
  File "C:\Users\allie\anaconda3\Lib\ipaddress.py", line 1319, in __init__
    self._ip = self._ip_int_from_string(addr_str)
               ~~~~~~~~~~~~~~~~~~~~~~~~^^^^^^^^^^
  File "C:\Users\allie\anaconda3\Lib\ipaddress.py", line 1206, in _ip_int_from_string
    raise AddressValueError("Expected 4 octets in %r" % ip_str)
ipaddress.AddressValueError: Expected 4 octets in '192.168.1'
2026-05-17 23:34:58 - huginn - DEBUG - Suppressed exception
Traceback (most recent call last):
  File "C:\Users\allie\Coding Projects\huggin_suite\huginn\app\core\scope_manager.py", line 62, in _parse_scope_text
    ipaddress.IPv4Address(item)
    ~~~~~~~~~~~~~~~~~~~~~^^^^^^
  File "C:\Users\allie\anaconda3\Lib\ipaddress.py", line 1319, in __init__
    self._ip = self._ip_int_from_string(addr_str)
               ~~~~~~~~~~~~~~~~~~~~~~~~^^^^^^^^^^
  File "C:\Users\allie\anaconda3\Lib\ipaddress.py", line 1211, in _ip_int_from_string
    raise AddressValueError("%s in %r" % (exc, ip_str)) from None
ipaddress.AddressValueError: Empty octet not permitted in '192.168.1.'
2026-05-17 23:35:12 - huginn - INFO - [CredentialManager] set_profile('LAB') from 'Tester'
  File "C:\Users\allie\Coding Projects\huggin_suite\huginn\main.py", line 112, in <module>
    main()
  File "C:\Users\allie\Coding Projects\huggin_suite\huginn\main.py", line 109, in main
    exit(app.exec())
  File "C:\Users\allie\Coding Projects\huggin_suite\huginn\app\pages\attack_chain_home.py", line 740, in on_profile_selected
    credential_manager.set_profile(profile_name)
  File "C:\Users\allie\Coding Projects\huggin_suite\huginn\app\core\credential_manager.py", line 201, in set_profile
    + ''.join(_tb.format_stack(limit=6))

2026-05-17 23:35:12 - huginn - DEBUG - Credentials loaded for profile 'LAB'
2026-05-17 23:35:12 - huginn - DEBUG - Credentials loaded for profile 'LAB'
2026-05-17 23:35:15 - huginn - INFO - [CredentialManager] set_profile('Tester') from 'LAB'
  File "C:\Users\allie\Coding Projects\huggin_suite\huginn\main.py", line 112, in <module>
    main()
  File "C:\Users\allie\Coding Projects\huggin_suite\huginn\main.py", line 109, in main
    exit(app.exec())
  File "C:\Users\allie\Coding Projects\huggin_suite\huginn\app\pages\attack_chain_home.py", line 740, in on_profile_selected
    credential_manager.set_profile(profile_name)
  File "C:\Users\allie\Coding Projects\huggin_suite\huginn\app\core\credential_manager.py", line 201, in set_profile
    + ''.join(_tb.format_stack(limit=6))

2026-05-17 23:35:16 - huginn - INFO - [CredentialManager] set_profile('LAB') from 'Tester'
  File "C:\Users\allie\Coding Projects\huggin_suite\huginn\main.py", line 112, in <module>
    main()
  File "C:\Users\allie\Coding Projects\huggin_suite\huginn\main.py", line 109, in main
    exit(app.exec())
  File "C:\Users\allie\Coding Projects\huggin_suite\huginn\app\pages\attack_chain_home.py", line 740, in on_profile_selected
    credential_manager.set_profile(profile_name)
  File "C:\Users\allie\Coding Projects\huggin_suite\huginn\app\core\credential_manager.py", line 201, in set_profile
    + ''.join(_tb.format_stack(limit=6))

2026-05-17 23:35:16 - huginn - DEBUG - Credentials loaded for profile 'LAB'
2026-05-17 23:35:16 - huginn - DEBUG - Credentials loaded for profile 'LAB'
2026-05-17 23:35:17 - huginn - INFO - [CredentialManager] set_profile('Tester') from 'LAB'
  File "C:\Users\allie\Coding Projects\huggin_suite\huginn\main.py", line 112, in <module>
    main()
  File "C:\Users\allie\Coding Projects\huggin_suite\huginn\main.py", line 109, in main
    exit(app.exec())
  File "C:\Users\allie\Coding Projects\huggin_suite\huginn\app\pages\attack_chain_home.py", line 740, in on_profile_selected
    credential_manager.set_profile(profile_name)
  File "C:\Users\allie\Coding Projects\huggin_suite\huginn\app\core\credential_manager.py", line 201, in set_profile
    + ''.join(_tb.format_stack(limit=6))

2026-05-17 23:35:20 - huginn - INFO - [CredentialManager] set_profile('LAB') from 'Tester'
  File "C:\Users\allie\Coding Projects\huggin_suite\huginn\main.py", line 112, in <module>
    main()
  File "C:\Users\allie\Coding Projects\huggin_suite\huginn\main.py", line 109, in main
    exit(app.exec())
  File "C:\Users\allie\Coding Projects\huggin_suite\huginn\app\pages\attack_chain_home.py", line 740, in on_profile_selected
    credential_manager.set_profile(profile_name)
  File "C:\Users\allie\Coding Projects\huggin_suite\huginn\app\core\credential_manager.py", line 201, in set_profile
    + ''.join(_tb.format_stack(limit=6))

2026-05-17 23:35:20 - huginn - DEBUG - Credentials loaded for profile 'LAB'
2026-05-17 23:35:20 - huginn - DEBUG - Credentials loaded for profile 'LAB'
2026-05-17 23:35:21 - huginn - INFO - [CredentialManager] set_profile('Tester') from 'LAB'
  File "C:\Users\allie\Coding Projects\huggin_suite\huginn\main.py", line 112, in <module>
    main()
  File "C:\Users\allie\Coding Projects\huggin_suite\huginn\main.py", line 109, in main
    exit(app.exec())
  File "C:\Users\allie\Coding Projects\huggin_suite\huginn\app\pages\attack_chain_home.py", line 740, in on_profile_selected
    credential_manager.set_profile(profile_name)
  File "C:\Users\allie\Coding Projects\huggin_suite\huginn\app\core\credential_manager.py", line 201, in set_profile
    + ''.join(_tb.format_stack(limit=6))

2026-05-17 23:36:54 - huginn - INFO - [CredentialManager] set_profile('LAB') from 'Tester'
  File "C:\Users\allie\Coding Projects\huggin_suite\huginn\main.py", line 112, in <module>
    main()
  File "C:\Users\allie\Coding Projects\huggin_suite\huginn\main.py", line 109, in main
    exit(app.exec())
  File "C:\Users\allie\Coding Projects\huggin_suite\huginn\app\pages\attack_chain_home.py", line 740, in on_profile_selected
    credential_manager.set_profile(profile_name)
  File "C:\Users\allie\Coding Projects\huggin_suite\huginn\app\core\credential_manager.py", line 201, in set_profile
    + ''.join(_tb.format_stack(limit=6))

2026-05-17 23:36:54 - huginn - DEBUG - Credentials loaded for profile 'LAB'
2026-05-17 23:36:54 - huginn - DEBUG - Credentials loaded for profile 'LAB'
2026-05-17 23:36:55 - huginn - INFO - [CredentialManager] set_profile('Tester') from 'LAB'
  File "C:\Users\allie\Coding Projects\huggin_suite\huginn\main.py", line 112, in <module>
    main()
  File "C:\Users\allie\Coding Projects\huggin_suite\huginn\main.py", line 109, in main
    exit(app.exec())
  File "C:\Users\allie\Coding Projects\huggin_suite\huginn\app\pages\attack_chain_home.py", line 740, in on_profile_selected
    credential_manager.set_profile(profile_name)
  File "C:\Users\allie\Coding Projects\huggin_suite\huginn\app\core\credential_manager.py", line 201, in set_profile
    + ''.join(_tb.format_stack(limit=6))

2026-05-17 23:36:57 - huginn - INFO - [CredentialManager] set_profile('LAB') from 'Tester'
  File "C:\Users\allie\Coding Projects\huggin_suite\huginn\main.py", line 112, in <module>
    main()
  File "C:\Users\allie\Coding Projects\huggin_suite\huginn\main.py", line 109, in main
    exit(app.exec())
  File "C:\Users\allie\Coding Projects\huggin_suite\huginn\app\pages\attack_chain_home.py", line 740, in on_profile_selected
    credential_manager.set_profile(profile_name)
  File "C:\Users\allie\Coding Projects\huggin_suite\huginn\app\core\credential_manager.py", line 201, in set_profile
    + ''.join(_tb.format_stack(limit=6))

2026-05-17 23:36:57 - huginn - DEBUG - Credentials loaded for profile 'LAB'
2026-05-17 23:36:57 - huginn - DEBUG - Credentials loaded for profile 'LAB'
2026-05-17 23:37:01 - huginn - INFO - [CredentialManager] set_profile('HTB-Editor') from 'LAB'
  File "C:\Users\allie\Coding Projects\huggin_suite\huginn\main.py", line 112, in <module>
    main()
  File "C:\Users\allie\Coding Projects\huggin_suite\huginn\main.py", line 109, in main
    exit(app.exec())
  File "C:\Users\allie\Coding Projects\huggin_suite\huginn\app\pages\attack_chain_home.py", line 740, in on_profile_selected
    credential_manager.set_profile(profile_name)
  File "C:\Users\allie\Coding Projects\huggin_suite\huginn\app\core\credential_manager.py", line 201, in set_profile
    + ''.join(_tb.format_stack(limit=6))

2026-05-17 23:37:01 - huginn - DEBUG - Credentials loaded for profile 'HTB-Editor'
2026-05-17 23:37:01 - huginn - DEBUG - Credentials loaded for profile 'HTB-Editor'
2026-05-17 23:37:07 - huginn - INFO - [CredentialManager] set_profile('LAB') from 'HTB-Editor'
  File "C:\Users\allie\Coding Projects\huggin_suite\huginn\main.py", line 112, in <module>
    main()
  File "C:\Users\allie\Coding Projects\huggin_suite\huginn\main.py", line 109, in main
    exit(app.exec())
  File "C:\Users\allie\Coding Projects\huggin_suite\huginn\app\pages\attack_chain_home.py", line 740, in on_profile_selected
    credential_manager.set_profile(profile_name)
  File "C:\Users\allie\Coding Projects\huggin_suite\huginn\app\core\credential_manager.py", line 201, in set_profile
    + ''.join(_tb.format_stack(limit=6))

2026-05-17 23:37:07 - huginn - DEBUG - Credentials loaded for profile 'LAB'
2026-05-17 23:37:07 - huginn - DEBUG - Credentials loaded for profile 'LAB'
2026-05-17 23:37:09 - huginn - INFO - [CredentialManager] set_profile('HTB-Editor') from 'LAB'
  File "C:\Users\allie\Coding Projects\huggin_suite\huginn\main.py", line 112, in <module>
    main()
  File "C:\Users\allie\Coding Projects\huggin_suite\huginn\main.py", line 109, in main
    exit(app.exec())
  File "C:\Users\allie\Coding Projects\huggin_suite\huginn\app\pages\attack_chain_home.py", line 740, in on_profile_selected
    credential_manager.set_profile(profile_name)
  File "C:\Users\allie\Coding Projects\huggin_suite\huginn\app\core\credential_manager.py", line 201, in set_profile
    + ''.join(_tb.format_stack(limit=6))

2026-05-17 23:37:09 - huginn - DEBUG - Credentials loaded for profile 'HTB-Editor'
2026-05-17 23:37:09 - huginn - DEBUG - Credentials loaded for profile 'HTB-Editor'
2026-05-17 23:37:22 - huginn - INFO - [CredentialManager] set_profile('Tester2') from 'HTB-Editor'
  File "C:\Users\allie\Coding Projects\huggin_suite\huginn\main.py", line 112, in <module>
    main()
  File "C:\Users\allie\Coding Projects\huggin_suite\huginn\main.py", line 109, in main
    exit(app.exec())
  File "C:\Users\allie\Coding Projects\huggin_suite\huginn\app\main_window\main_window_refactored.py", line 869, in new_profile
    page.new_profile()
  File "C:\Users\allie\Coding Projects\huggin_suite\huginn\app\pages\attack_chain_home.py", line 871, in new_profile
    credential_manager.set_profile(profile_name)
  File "C:\Users\allie\Coding Projects\huggin_suite\huginn\app\core\credential_manager.py", line 201, in set_profile
    + ''.join(_tb.format_stack(limit=6))

2026-05-17 23:37:22 - huginn - INFO - [CredentialManager] set_profile('Tester2') from 'Tester2'
  File "C:\Users\allie\Coding Projects\huggin_suite\huginn\main.py", line 112, in <module>
    main()
  File "C:\Users\allie\Coding Projects\huggin_suite\huginn\main.py", line 109, in main
    exit(app.exec())
  File "C:\Users\allie\Coding Projects\huggin_suite\huginn\app\main_window\main_window_refactored.py", line 869, in new_profile
    page.new_profile()
  File "C:\Users\allie\Coding Projects\huggin_suite\huginn\app\pages\attack_chain_home.py", line 887, in new_profile
    self.target_table.selectRow(row)
  File "C:\Users\allie\Coding Projects\huggin_suite\huginn\app\pages\attack_chain_home.py", line 740, in on_profile_selected
    credential_manager.set_profile(profile_name)
  File "C:\Users\allie\Coding Projects\huggin_suite\huginn\app\core\credential_manager.py", line 201, in set_profile
    + ''.join(_tb.format_stack(limit=6))

2026-05-17 23:37:27 - huginn - DEBUG - Suppressed exception
Traceback (most recent call last):
  File "C:\Users\allie\Coding Projects\huggin_suite\huginn\app\core\scope_manager.py", line 62, in _parse_scope_text
    ipaddress.IPv4Address(item)
    ~~~~~~~~~~~~~~~~~~~~~^^^^^^
  File "C:\Users\allie\anaconda3\Lib\ipaddress.py", line 1319, in __init__
    self._ip = self._ip_int_from_string(addr_str)
               ~~~~~~~~~~~~~~~~~~~~~~~~^^^^^^^^^^
  File "C:\Users\allie\anaconda3\Lib\ipaddress.py", line 1206, in _ip_int_from_string
    raise AddressValueError("Expected 4 octets in %r" % ip_str)
ipaddress.AddressValueError: Expected 4 octets in '1'
2026-05-17 23:37:27 - huginn - DEBUG - Suppressed exception
Traceback (most recent call last):
  File "C:\Users\allie\Coding Projects\huggin_suite\huginn\app\core\scope_manager.py", line 62, in _parse_scope_text
    ipaddress.IPv4Address(item)
    ~~~~~~~~~~~~~~~~~~~~~^^^^^^
  File "C:\Users\allie\anaconda3\Lib\ipaddress.py", line 1319, in __init__
    self._ip = self._ip_int_from_string(addr_str)
               ~~~~~~~~~~~~~~~~~~~~~~~~^^^^^^^^^^
  File "C:\Users\allie\anaconda3\Lib\ipaddress.py", line 1206, in _ip_int_from_string
    raise AddressValueError("Expected 4 octets in %r" % ip_str)
ipaddress.AddressValueError: Expected 4 octets in '19'
2026-05-17 23:37:27 - huginn - DEBUG - Suppressed exception
Traceback (most recent call last):
  File "C:\Users\allie\Coding Projects\huggin_suite\huginn\app\core\scope_manager.py", line 62, in _parse_scope_text
    ipaddress.IPv4Address(item)
    ~~~~~~~~~~~~~~~~~~~~~^^^^^^
  File "C:\Users\allie\anaconda3\Lib\ipaddress.py", line 1319, in __init__
    self._ip = self._ip_int_from_string(addr_str)
               ~~~~~~~~~~~~~~~~~~~~~~~~^^^^^^^^^^
  File "C:\Users\allie\anaconda3\Lib\ipaddress.py", line 1206, in _ip_int_from_string
    raise AddressValueError("Expected 4 octets in %r" % ip_str)
ipaddress.AddressValueError: Expected 4 octets in '192'
2026-05-17 23:37:28 - huginn - DEBUG - Suppressed exception
Traceback (most recent call last):
  File "C:\Users\allie\Coding Projects\huggin_suite\huginn\app\core\scope_manager.py", line 62, in _parse_scope_text
    ipaddress.IPv4Address(item)
    ~~~~~~~~~~~~~~~~~~~~~^^^^^^
  File "C:\Users\allie\anaconda3\Lib\ipaddress.py", line 1319, in __init__
    self._ip = self._ip_int_from_string(addr_str)
               ~~~~~~~~~~~~~~~~~~~~~~~~^^^^^^^^^^
  File "C:\Users\allie\anaconda3\Lib\ipaddress.py", line 1206, in _ip_int_from_string
    raise AddressValueError("Expected 4 octets in %r" % ip_str)
ipaddress.AddressValueError: Expected 4 octets in '192.'
2026-05-17 23:37:28 - huginn - DEBUG - Suppressed exception
Traceback (most recent call last):
  File "C:\Users\allie\Coding Projects\huggin_suite\huginn\app\core\scope_manager.py", line 62, in _parse_scope_text
    ipaddress.IPv4Address(item)
    ~~~~~~~~~~~~~~~~~~~~~^^^^^^
  File "C:\Users\allie\anaconda3\Lib\ipaddress.py", line 1319, in __init__
    self._ip = self._ip_int_from_string(addr_str)
               ~~~~~~~~~~~~~~~~~~~~~~~~^^^^^^^^^^
  File "C:\Users\allie\anaconda3\Lib\ipaddress.py", line 1206, in _ip_int_from_string
    raise AddressValueError("Expected 4 octets in %r" % ip_str)
ipaddress.AddressValueError: Expected 4 octets in '192.1'
2026-05-17 23:37:28 - huginn - DEBUG - Suppressed exception
Traceback (most recent call last):
  File "C:\Users\allie\Coding Projects\huggin_suite\huginn\app\core\scope_manager.py", line 62, in _parse_scope_text
    ipaddress.IPv4Address(item)
    ~~~~~~~~~~~~~~~~~~~~~^^^^^^
  File "C:\Users\allie\anaconda3\Lib\ipaddress.py", line 1319, in __init__
    self._ip = self._ip_int_from_string(addr_str)
               ~~~~~~~~~~~~~~~~~~~~~~~~^^^^^^^^^^
  File "C:\Users\allie\anaconda3\Lib\ipaddress.py", line 1206, in _ip_int_from_string
    raise AddressValueError("Expected 4 octets in %r" % ip_str)
ipaddress.AddressValueError: Expected 4 octets in '192.16'
2026-05-17 23:37:28 - huginn - DEBUG - Suppressed exception
Traceback (most recent call last):
  File "C:\Users\allie\Coding Projects\huggin_suite\huginn\app\core\scope_manager.py", line 62, in _parse_scope_text
    ipaddress.IPv4Address(item)
    ~~~~~~~~~~~~~~~~~~~~~^^^^^^
  File "C:\Users\allie\anaconda3\Lib\ipaddress.py", line 1319, in __init__
    self._ip = self._ip_int_from_string(addr_str)
               ~~~~~~~~~~~~~~~~~~~~~~~~^^^^^^^^^^
  File "C:\Users\allie\anaconda3\Lib\ipaddress.py", line 1206, in _ip_int_from_string
    raise AddressValueError("Expected 4 octets in %r" % ip_str)
ipaddress.AddressValueError: Expected 4 octets in '192.168'
2026-05-17 23:37:29 - huginn - DEBUG - Suppressed exception
Traceback (most recent call last):
  File "C:\Users\allie\Coding Projects\huggin_suite\huginn\app\core\scope_manager.py", line 62, in _parse_scope_text
    ipaddress.IPv4Address(item)
    ~~~~~~~~~~~~~~~~~~~~~^^^^^^
  File "C:\Users\allie\anaconda3\Lib\ipaddress.py", line 1319, in __init__
    self._ip = self._ip_int_from_string(addr_str)
               ~~~~~~~~~~~~~~~~~~~~~~~~^^^^^^^^^^
  File "C:\Users\allie\anaconda3\Lib\ipaddress.py", line 1206, in _ip_int_from_string
    raise AddressValueError("Expected 4 octets in %r" % ip_str)
ipaddress.AddressValueError: Expected 4 octets in '192.168.'
2026-05-17 23:37:29 - huginn - DEBUG - Suppressed exception
Traceback (most recent call last):
  File "C:\Users\allie\Coding Projects\huggin_suite\huginn\app\core\scope_manager.py", line 62, in _parse_scope_text
    ipaddress.IPv4Address(item)
    ~~~~~~~~~~~~~~~~~~~~~^^^^^^
  File "C:\Users\allie\anaconda3\Lib\ipaddress.py", line 1319, in __init__
    self._ip = self._ip_int_from_string(addr_str)
               ~~~~~~~~~~~~~~~~~~~~~~~~^^^^^^^^^^
  File "C:\Users\allie\anaconda3\Lib\ipaddress.py", line 1206, in _ip_int_from_string
    raise AddressValueError("Expected 4 octets in %r" % ip_str)
ipaddress.AddressValueError: Expected 4 octets in '192.168.1'
2026-05-17 23:37:29 - huginn - DEBUG - Suppressed exception
Traceback (most recent call last):
  File "C:\Users\allie\Coding Projects\huggin_suite\huginn\app\core\scope_manager.py", line 62, in _parse_scope_text
    ipaddress.IPv4Address(item)
    ~~~~~~~~~~~~~~~~~~~~~^^^^^^
  File "C:\Users\allie\anaconda3\Lib\ipaddress.py", line 1319, in __init__
    self._ip = self._ip_int_from_string(addr_str)
               ~~~~~~~~~~~~~~~~~~~~~~~~^^^^^^^^^^
  File "C:\Users\allie\anaconda3\Lib\ipaddress.py", line 1211, in _ip_int_from_string
    raise AddressValueError("%s in %r" % (exc, ip_str)) from None
ipaddress.AddressValueError: Empty octet not permitted in '192.168.1.'
2026-05-17 23:37:36 - huginn - INFO - [CredentialManager] set_profile('HTB-Editor') from 'Tester2'
  File "C:\Users\allie\Coding Projects\huggin_suite\huginn\main.py", line 112, in <module>
    main()
  File "C:\Users\allie\Coding Projects\huggin_suite\huginn\main.py", line 109, in main
    exit(app.exec())
  File "C:\Users\allie\Coding Projects\huggin_suite\huginn\app\pages\attack_chain_home.py", line 740, in on_profile_selected
    credential_manager.set_profile(profile_name)
  File "C:\Users\allie\Coding Projects\huggin_suite\huginn\app\core\credential_manager.py", line 201, in set_profile
    + ''.join(_tb.format_stack(limit=6))

2026-05-17 23:37:36 - huginn - DEBUG - Credentials loaded for profile 'HTB-Editor'
2026-05-17 23:37:36 - huginn - DEBUG - Credentials loaded for profile 'HTB-Editor'
2026-05-17 23:38:31 - huginn - DEBUG - Memory monitoring stopped
2026-05-17 23:38:31 - huginn - DEBUG - Connection pool closed all sessions
2026-05-17 23:38:31 - huginn - INFO - Update manager stopped during cleanup
2026-05-17 23:43:36 - huginn - DEBUG - Suppressed exception
Traceback (most recent call last):
  File "c:\Users\allie\Coding Projects\huggin_suite\huginn\app\core\asset_manager.py", line 101, in init_database
    conn.execute("ALTER TABLE assets ADD COLUMN fqdn TEXT DEFAULT ''")
    ~~~~~~~~~~~~^^^^^^^^^^^^^^^^^^^^^^^^^^^^^^^^^^^^^^^^^^^^^^^^^^^^^^
sqlite3.OperationalError: duplicate column name: fqdn
2026-05-17 23:43:36 - huginn - DEBUG - Suppressed exception
Traceback (most recent call last):
  File "c:\Users\allie\Coding Projects\huggin_suite\huginn\app\core\asset_manager.py", line 108, in init_database
    conn.execute("ALTER TABLE assets ADD COLUMN mac_address TEXT DEFAULT ''")
    ~~~~~~~~~~~~^^^^^^^^^^^^^^^^^^^^^^^^^^^^^^^^^^^^^^^^^^^^^^^^^^^^^^^^^^^^^
sqlite3.OperationalError: duplicate column name: mac_address
2026-05-17 23:43:36 - huginn - DEBUG - Suppressed exception
Traceback (most recent call last):
  File "c:\Users\allie\Coding Projects\huggin_suite\huginn\app\core\asset_manager.py", line 115, in init_database
    conn.execute("ALTER TABLE assets ADD COLUMN vendor TEXT DEFAULT ''")
    ~~~~~~~~~~~~^^^^^^^^^^^^^^^^^^^^^^^^^^^^^^^^^^^^^^^^^^^^^^^^^^^^^^^^
sqlite3.OperationalError: duplicate column name: vendor
2026-05-17 23:43:36 - huginn - DEBUG - Suppressed exception
Traceback (most recent call last):
  File "c:\Users\allie\Coding Projects\huggin_suite\huginn\app\core\asset_manager.py", line 122, in init_database
    conn.execute("ALTER TABLE assets ADD COLUMN notes TEXT DEFAULT ''")
    ~~~~~~~~~~~~^^^^^^^^^^^^^^^^^^^^^^^^^^^^^^^^^^^^^^^^^^^^^^^^^^^^^^^
sqlite3.OperationalError: duplicate column name: notes
2026-05-17 23:43:36 - huginn - DEBUG - Credentials loaded for profile 'HTB-Editor'
2026-05-17 23:43:37 - huginn - INFO - Using default configuration
2026-05-17 23:43:39 - huginn - INFO - License saved successfully
2026-05-17 23:43:39 - huginn - INFO - License loaded and validated successfully
2026-05-17 23:44:22 - huginn - INFO - License saved successfully
2026-05-17 23:44:22 - huginn - INFO - License loaded and validated successfully
2026-05-17 23:44:22 - huginn - INFO - Application starting...
2026-05-17 23:44:22 - huginn - INFO - Font loaded successfully
2026-05-17 23:44:22 - huginn - INFO - Stylesheet loaded successfully
2026-05-17 23:44:22 - huginn - INFO - Creating main window...
2026-05-17 23:44:22 - huginn - INFO - QThreadPool max threads set to 32 (CPUs: 32)
2026-05-17 23:44:22 - huginn - INFO - Custom font 'Neuropol X' loaded from C:\Users\allie\Coding Projects\huggin_suite\huginn\resources\fonts\neuropol.otf
2026-05-17 23:44:22 - huginn - DEBUG - Suppressed exception
Traceback (most recent call last):
  File "C:\Users\allie\Coding Projects\huggin_suite\huginn\app\pages\page_registry.py", line 45, in register_all_pages
    from app.pages.db_attacks_page import DBAttacksPage
ImportError: cannot import name 'DBAttacksPage' from 'app.pages.db_attacks_page' (C:\Users\allie\Coding Projects\huggin_suite\huginn\app\pages\db_attacks_page.py)
2026-05-17 23:44:24 - huginn - DEBUG - Credentials loaded for profile 'HTB-Editor'
2026-05-17 23:44:24 - huginn - DEBUG - Credentials loaded for profile 'HTB-Editor'
2026-05-17 23:44:25 - huginn - DEBUG - Credentials loaded for profile 'HTB-Editor'
2026-05-17 23:44:27 - huginn - INFO - [CredentialManager] set_profile('LAB') from 'HTB-Editor'
  File "C:\Users\allie\Coding Projects\huggin_suite\huginn\main.py", line 112, in <module>
    main()
  File "C:\Users\allie\Coding Projects\huggin_suite\huginn\main.py", line 109, in main
    exit(app.exec())
  File "C:\Users\allie\Coding Projects\huggin_suite\huginn\app\pages\attack_chain_home.py", line 740, in on_profile_selected
    credential_manager.set_profile(profile_name)
  File "C:\Users\allie\Coding Projects\huggin_suite\huginn\app\core\credential_manager.py", line 201, in set_profile
    + ''.join(_tb.format_stack(limit=6))

2026-05-17 23:44:27 - huginn - DEBUG - Credentials loaded for profile 'LAB'
2026-05-17 23:44:27 - huginn - DEBUG - Credentials loaded for profile 'LAB'
2026-05-17 23:44:29 - huginn - INFO - [CredentialManager] set_profile('Tester') from 'LAB'
  File "C:\Users\allie\Coding Projects\huggin_suite\huginn\main.py", line 112, in <module>
    main()
  File "C:\Users\allie\Coding Projects\huggin_suite\huginn\main.py", line 109, in main
    exit(app.exec())
  File "C:\Users\allie\Coding Projects\huggin_suite\huginn\app\pages\attack_chain_home.py", line 740, in on_profile_selected
    credential_manager.set_profile(profile_name)
  File "C:\Users\allie\Coding Projects\huggin_suite\huginn\app\core\credential_manager.py", line 201, in set_profile
    + ''.join(_tb.format_stack(limit=6))

2026-05-17 23:44:44 - huginn - INFO - [CredentialManager] set_profile('HTB-Editor') from 'Tester'
  File "C:\Users\allie\Coding Projects\huggin_suite\huginn\main.py", line 112, in <module>
    main()
  File "C:\Users\allie\Coding Projects\huggin_suite\huginn\main.py", line 109, in main
    exit(app.exec())
  File "C:\Users\allie\Coding Projects\huggin_suite\huginn\app\pages\attack_chain_home.py", line 740, in on_profile_selected
    credential_manager.set_profile(profile_name)
  File "C:\Users\allie\Coding Projects\huggin_suite\huginn\app\core\credential_manager.py", line 201, in set_profile
    + ''.join(_tb.format_stack(limit=6))

2026-05-17 23:44:44 - huginn - DEBUG - Credentials loaded for profile 'HTB-Editor'
2026-05-17 23:44:44 - huginn - DEBUG - Credentials loaded for profile 'HTB-Editor'
2026-05-17 23:44:56 - huginn - INFO - [CredentialManager] set_profile('Tester') from 'HTB-Editor'
  File "C:\Users\allie\Coding Projects\huggin_suite\huginn\main.py", line 112, in <module>
    main()
  File "C:\Users\allie\Coding Projects\huggin_suite\huginn\main.py", line 109, in main
    exit(app.exec())
  File "C:\Users\allie\Coding Projects\huggin_suite\huginn\app\pages\attack_chain_home.py", line 740, in on_profile_selected
    credential_manager.set_profile(profile_name)
  File "C:\Users\allie\Coding Projects\huggin_suite\huginn\app\core\credential_manager.py", line 201, in set_profile
    + ''.join(_tb.format_stack(limit=6))

2026-05-17 23:44:59 - huginn - INFO - [CredentialManager] set_profile('Tester2') from 'Tester'
  File "C:\Users\allie\Coding Projects\huggin_suite\huginn\main.py", line 112, in <module>
    main()
  File "C:\Users\allie\Coding Projects\huggin_suite\huginn\main.py", line 109, in main
    exit(app.exec())
  File "C:\Users\allie\Coding Projects\huggin_suite\huginn\app\pages\attack_chain_home.py", line 740, in on_profile_selected
    credential_manager.set_profile(profile_name)
  File "C:\Users\allie\Coding Projects\huggin_suite\huginn\app\core\credential_manager.py", line 201, in set_profile
    + ''.join(_tb.format_stack(limit=6))

2026-05-17 23:45:01 - huginn - INFO - [CredentialManager] set_profile('Tester') from 'Tester2'
  File "C:\Users\allie\Coding Projects\huggin_suite\huginn\main.py", line 112, in <module>
    main()
  File "C:\Users\allie\Coding Projects\huggin_suite\huginn\main.py", line 109, in main
    exit(app.exec())
  File "C:\Users\allie\Coding Projects\huggin_suite\huginn\app\pages\attack_chain_home.py", line 1090, in delete_selected_profile
    self.target_table.removeRow(current_row)
  File "C:\Users\allie\Coding Projects\huggin_suite\huginn\app\pages\attack_chain_home.py", line 740, in on_profile_selected
    credential_manager.set_profile(profile_name)
  File "C:\Users\allie\Coding Projects\huggin_suite\huginn\app\core\credential_manager.py", line 201, in set_profile
    + ''.join(_tb.format_stack(limit=6))

2026-05-17 23:45:03 - huginn - INFO - [CredentialManager] set_profile('LAB') from 'Tester'
  File "C:\Users\allie\Coding Projects\huggin_suite\huginn\main.py", line 112, in <module>
    main()
  File "C:\Users\allie\Coding Projects\huggin_suite\huginn\main.py", line 109, in main
    exit(app.exec())
  File "C:\Users\allie\Coding Projects\huggin_suite\huginn\app\pages\attack_chain_home.py", line 740, in on_profile_selected
    credential_manager.set_profile(profile_name)
  File "C:\Users\allie\Coding Projects\huggin_suite\huginn\app\core\credential_manager.py", line 201, in set_profile
    + ''.join(_tb.format_stack(limit=6))

2026-05-17 23:45:03 - huginn - DEBUG - Credentials loaded for profile 'LAB'
2026-05-17 23:45:03 - huginn - DEBUG - Credentials loaded for profile 'LAB'
2026-05-17 23:45:09 - huginn - DEBUG - Suppressed exception
Traceback (most recent call last):
  File "C:\Users\allie\Coding Projects\huggin_suite\huginn\app\core\scope_manager.py", line 62, in _parse_scope_text
    ipaddress.IPv4Address(item)
    ~~~~~~~~~~~~~~~~~~~~~^^^^^^
  File "C:\Users\allie\anaconda3\Lib\ipaddress.py", line 1319, in __init__
    self._ip = self._ip_int_from_string(addr_str)
               ~~~~~~~~~~~~~~~~~~~~~~~~^^^^^^^^^^
  File "C:\Users\allie\anaconda3\Lib\ipaddress.py", line 1206, in _ip_int_from_string
    raise AddressValueError("Expected 4 octets in %r" % ip_str)
ipaddress.AddressValueError: Expected 4 octets in '*'
2026-05-17 23:45:10 - huginn - DEBUG - Suppressed exception
Traceback (most recent call last):
  File "C:\Users\allie\Coding Projects\huggin_suite\huginn\app\core\scope_manager.py", line 62, in _parse_scope_text
    ipaddress.IPv4Address(item)
    ~~~~~~~~~~~~~~~~~~~~~^^^^^^
  File "C:\Users\allie\anaconda3\Lib\ipaddress.py", line 1319, in __init__
    self._ip = self._ip_int_from_string(addr_str)
               ~~~~~~~~~~~~~~~~~~~~~~~~^^^^^^^^^^
  File "C:\Users\allie\anaconda3\Lib\ipaddress.py", line 1206, in _ip_int_from_string
    raise AddressValueError("Expected 4 octets in %r" % ip_str)
ipaddress.AddressValueError: Expected 4 octets in '*.'
2026-05-17 23:45:10 - huginn - DEBUG - Suppressed exception
Traceback (most recent call last):
  File "C:\Users\allie\Coding Projects\huggin_suite\huginn\app\core\scope_manager.py", line 62, in _parse_scope_text
    ipaddress.IPv4Address(item)
    ~~~~~~~~~~~~~~~~~~~~~^^^^^^
  File "C:\Users\allie\anaconda3\Lib\ipaddress.py", line 1319, in __init__
    self._ip = self._ip_int_from_string(addr_str)
               ~~~~~~~~~~~~~~~~~~~~~~~~^^^^^^^^^^
  File "C:\Users\allie\anaconda3\Lib\ipaddress.py", line 1206, in _ip_int_from_string
    raise AddressValueError("Expected 4 octets in %r" % ip_str)
ipaddress.AddressValueError: Expected 4 octets in '*.l'
2026-05-17 23:45:10 - huginn - DEBUG - Suppressed exception
Traceback (most recent call last):
  File "C:\Users\allie\Coding Projects\huggin_suite\huginn\app\core\scope_manager.py", line 62, in _parse_scope_text
    ipaddress.IPv4Address(item)
    ~~~~~~~~~~~~~~~~~~~~~^^^^^^
  File "C:\Users\allie\anaconda3\Lib\ipaddress.py", line 1319, in __init__
    self._ip = self._ip_int_from_string(addr_str)
               ~~~~~~~~~~~~~~~~~~~~~~~~^^^^^^^^^^
  File "C:\Users\allie\anaconda3\Lib\ipaddress.py", line 1206, in _ip_int_from_string
    raise AddressValueError("Expected 4 octets in %r" % ip_str)
ipaddress.AddressValueError: Expected 4 octets in '*.la'
2026-05-17 23:45:11 - huginn - DEBUG - Suppressed exception
Traceback (most recent call last):
  File "C:\Users\allie\Coding Projects\huggin_suite\huginn\app\core\scope_manager.py", line 62, in _parse_scope_text
    ipaddress.IPv4Address(item)
    ~~~~~~~~~~~~~~~~~~~~~^^^^^^
  File "C:\Users\allie\anaconda3\Lib\ipaddress.py", line 1319, in __init__
    self._ip = self._ip_int_from_string(addr_str)
               ~~~~~~~~~~~~~~~~~~~~~~~~^^^^^^^^^^
  File "C:\Users\allie\anaconda3\Lib\ipaddress.py", line 1206, in _ip_int_from_string
    raise AddressValueError("Expected 4 octets in %r" % ip_str)
ipaddress.AddressValueError: Expected 4 octets in '*.lab'
2026-05-17 23:45:11 - huginn - DEBUG - Suppressed exception
Traceback (most recent call last):
  File "C:\Users\allie\Coding Projects\huggin_suite\huginn\app\core\scope_manager.py", line 62, in _parse_scope_text
    ipaddress.IPv4Address(item)
    ~~~~~~~~~~~~~~~~~~~~~^^^^^^
  File "C:\Users\allie\anaconda3\Lib\ipaddress.py", line 1319, in __init__
    self._ip = self._ip_int_from_string(addr_str)
               ~~~~~~~~~~~~~~~~~~~~~~~~^^^^^^^^^^
  File "C:\Users\allie\anaconda3\Lib\ipaddress.py", line 1206, in _ip_int_from_string
    raise AddressValueError("Expected 4 octets in %r" % ip_str)
ipaddress.AddressValueError: Expected 4 octets in '*.lab.'
2026-05-17 23:45:11 - huginn - DEBUG - Suppressed exception
Traceback (most recent call last):
  File "C:\Users\allie\Coding Projects\huggin_suite\huginn\app\core\scope_manager.py", line 62, in _parse_scope_text
    ipaddress.IPv4Address(item)
    ~~~~~~~~~~~~~~~~~~~~~^^^^^^
  File "C:\Users\allie\anaconda3\Lib\ipaddress.py", line 1319, in __init__
    self._ip = self._ip_int_from_string(addr_str)
               ~~~~~~~~~~~~~~~~~~~~~~~~^^^^^^^^^^
  File "C:\Users\allie\anaconda3\Lib\ipaddress.py", line 1206, in _ip_int_from_string
    raise AddressValueError("Expected 4 octets in %r" % ip_str)
ipaddress.AddressValueError: Expected 4 octets in '*.lab.l'
2026-05-17 23:45:12 - huginn - DEBUG - Suppressed exception
Traceback (most recent call last):
  File "C:\Users\allie\Coding Projects\huggin_suite\huginn\app\core\scope_manager.py", line 62, in _parse_scope_text
    ipaddress.IPv4Address(item)
    ~~~~~~~~~~~~~~~~~~~~~^^^^^^
  File "C:\Users\allie\anaconda3\Lib\ipaddress.py", line 1319, in __init__
    self._ip = self._ip_int_from_string(addr_str)
               ~~~~~~~~~~~~~~~~~~~~~~~~^^^^^^^^^^
  File "C:\Users\allie\anaconda3\Lib\ipaddress.py", line 1206, in _ip_int_from_string
    raise AddressValueError("Expected 4 octets in %r" % ip_str)
ipaddress.AddressValueError: Expected 4 octets in '*.lab.lo'
2026-05-17 23:45:12 - huginn - DEBUG - Suppressed exception
Traceback (most recent call last):
  File "C:\Users\allie\Coding Projects\huggin_suite\huginn\app\core\scope_manager.py", line 62, in _parse_scope_text
    ipaddress.IPv4Address(item)
    ~~~~~~~~~~~~~~~~~~~~~^^^^^^
  File "C:\Users\allie\anaconda3\Lib\ipaddress.py", line 1319, in __init__
    self._ip = self._ip_int_from_string(addr_str)
               ~~~~~~~~~~~~~~~~~~~~~~~~^^^^^^^^^^
  File "C:\Users\allie\anaconda3\Lib\ipaddress.py", line 1206, in _ip_int_from_string
    raise AddressValueError("Expected 4 octets in %r" % ip_str)
ipaddress.AddressValueError: Expected 4 octets in '*.lab.loc'
2026-05-17 23:45:12 - huginn - DEBUG - Suppressed exception
Traceback (most recent call last):
  File "C:\Users\allie\Coding Projects\huggin_suite\huginn\app\core\scope_manager.py", line 62, in _parse_scope_text
    ipaddress.IPv4Address(item)
    ~~~~~~~~~~~~~~~~~~~~~^^^^^^
  File "C:\Users\allie\anaconda3\Lib\ipaddress.py", line 1319, in __init__
    self._ip = self._ip_int_from_string(addr_str)
               ~~~~~~~~~~~~~~~~~~~~~~~~^^^^^^^^^^
  File "C:\Users\allie\anaconda3\Lib\ipaddress.py", line 1206, in _ip_int_from_string
    raise AddressValueError("Expected 4 octets in %r" % ip_str)
ipaddress.AddressValueError: Expected 4 octets in '*.lab.loca'
2026-05-17 23:45:12 - huginn - DEBUG - Suppressed exception
Traceback (most recent call last):
  File "C:\Users\allie\Coding Projects\huggin_suite\huginn\app\core\scope_manager.py", line 62, in _parse_scope_text
    ipaddress.IPv4Address(item)
    ~~~~~~~~~~~~~~~~~~~~~^^^^^^
  File "C:\Users\allie\anaconda3\Lib\ipaddress.py", line 1319, in __init__
    self._ip = self._ip_int_from_string(addr_str)
               ~~~~~~~~~~~~~~~~~~~~~~~~^^^^^^^^^^
  File "C:\Users\allie\anaconda3\Lib\ipaddress.py", line 1206, in _ip_int_from_string
    raise AddressValueError("Expected 4 octets in %r" % ip_str)
ipaddress.AddressValueError: Expected 4 octets in '*.lab.local'
2026-05-17 23:45:30 - huginn - INFO - [CredentialManager] set_profile('Tester') from 'LAB'
  File "C:\Users\allie\Coding Projects\huggin_suite\huginn\main.py", line 112, in <module>
    main()
  File "C:\Users\allie\Coding Projects\huggin_suite\huginn\main.py", line 109, in main
    exit(app.exec())
  File "C:\Users\allie\Coding Projects\huggin_suite\huginn\app\pages\attack_chain_home.py", line 740, in on_profile_selected
    credential_manager.set_profile(profile_name)
  File "C:\Users\allie\Coding Projects\huggin_suite\huginn\app\core\credential_manager.py", line 201, in set_profile
    + ''.join(_tb.format_stack(limit=6))

2026-05-17 23:45:43 - huginn - INFO - [CredentialManager] set_profile('Tester4') from 'Tester'
  File "C:\Users\allie\Coding Projects\huggin_suite\huginn\main.py", line 112, in <module>
    main()
  File "C:\Users\allie\Coding Projects\huggin_suite\huginn\main.py", line 109, in main
    exit(app.exec())
  File "C:\Users\allie\Coding Projects\huggin_suite\huginn\app\main_window\main_window_refactored.py", line 869, in new_profile
    page.new_profile()
  File "C:\Users\allie\Coding Projects\huggin_suite\huginn\app\pages\attack_chain_home.py", line 876, in new_profile
    credential_manager.set_profile(profile_name)
  File "C:\Users\allie\Coding Projects\huggin_suite\huginn\app\core\credential_manager.py", line 201, in set_profile
    + ''.join(_tb.format_stack(limit=6))

2026-05-17 23:45:43 - huginn - INFO - [CredentialManager] set_profile('Tester4') from 'Tester4'
  File "C:\Users\allie\Coding Projects\huggin_suite\huginn\main.py", line 112, in <module>
    main()
  File "C:\Users\allie\Coding Projects\huggin_suite\huginn\main.py", line 109, in main
    exit(app.exec())
  File "C:\Users\allie\Coding Projects\huggin_suite\huginn\app\main_window\main_window_refactored.py", line 869, in new_profile
    page.new_profile()
  File "C:\Users\allie\Coding Projects\huggin_suite\huginn\app\pages\attack_chain_home.py", line 892, in new_profile
    self.target_table.selectRow(row)
  File "C:\Users\allie\Coding Projects\huggin_suite\huginn\app\pages\attack_chain_home.py", line 740, in on_profile_selected
    credential_manager.set_profile(profile_name)
  File "C:\Users\allie\Coding Projects\huggin_suite\huginn\app\core\credential_manager.py", line 201, in set_profile
    + ''.join(_tb.format_stack(limit=6))

2026-05-17 23:45:46 - huginn - DEBUG - Suppressed exception
Traceback (most recent call last):
  File "C:\Users\allie\Coding Projects\huggin_suite\huginn\app\core\scope_manager.py", line 62, in _parse_scope_text
    ipaddress.IPv4Address(item)
    ~~~~~~~~~~~~~~~~~~~~~^^^^^^
  File "C:\Users\allie\anaconda3\Lib\ipaddress.py", line 1319, in __init__
    self._ip = self._ip_int_from_string(addr_str)
               ~~~~~~~~~~~~~~~~~~~~~~~~^^^^^^^^^^
  File "C:\Users\allie\anaconda3\Lib\ipaddress.py", line 1206, in _ip_int_from_string
    raise AddressValueError("Expected 4 octets in %r" % ip_str)
ipaddress.AddressValueError: Expected 4 octets in '1'
2026-05-17 23:45:46 - huginn - DEBUG - Suppressed exception
Traceback (most recent call last):
  File "C:\Users\allie\Coding Projects\huggin_suite\huginn\app\core\scope_manager.py", line 62, in _parse_scope_text
    ipaddress.IPv4Address(item)
    ~~~~~~~~~~~~~~~~~~~~~^^^^^^
  File "C:\Users\allie\anaconda3\Lib\ipaddress.py", line 1319, in __init__
    self._ip = self._ip_int_from_string(addr_str)
               ~~~~~~~~~~~~~~~~~~~~~~~~^^^^^^^^^^
  File "C:\Users\allie\anaconda3\Lib\ipaddress.py", line 1206, in _ip_int_from_string
    raise AddressValueError("Expected 4 octets in %r" % ip_str)
ipaddress.AddressValueError: Expected 4 octets in '19'
2026-05-17 23:45:46 - huginn - DEBUG - Suppressed exception
Traceback (most recent call last):
  File "C:\Users\allie\Coding Projects\huggin_suite\huginn\app\core\scope_manager.py", line 62, in _parse_scope_text
    ipaddress.IPv4Address(item)
    ~~~~~~~~~~~~~~~~~~~~~^^^^^^
  File "C:\Users\allie\anaconda3\Lib\ipaddress.py", line 1319, in __init__
    self._ip = self._ip_int_from_string(addr_str)
               ~~~~~~~~~~~~~~~~~~~~~~~~^^^^^^^^^^
  File "C:\Users\allie\anaconda3\Lib\ipaddress.py", line 1206, in _ip_int_from_string
    raise AddressValueError("Expected 4 octets in %r" % ip_str)
ipaddress.AddressValueError: Expected 4 octets in '192'
2026-05-17 23:45:47 - huginn - DEBUG - Suppressed exception
Traceback (most recent call last):
  File "C:\Users\allie\Coding Projects\huggin_suite\huginn\app\core\scope_manager.py", line 62, in _parse_scope_text
    ipaddress.IPv4Address(item)
    ~~~~~~~~~~~~~~~~~~~~~^^^^^^
  File "C:\Users\allie\anaconda3\Lib\ipaddress.py", line 1319, in __init__
    self._ip = self._ip_int_from_string(addr_str)
               ~~~~~~~~~~~~~~~~~~~~~~~~^^^^^^^^^^
  File "C:\Users\allie\anaconda3\Lib\ipaddress.py", line 1206, in _ip_int_from_string
    raise AddressValueError("Expected 4 octets in %r" % ip_str)
ipaddress.AddressValueError: Expected 4 octets in '192.'
2026-05-17 23:45:47 - huginn - DEBUG - Suppressed exception
Traceback (most recent call last):
  File "C:\Users\allie\Coding Projects\huggin_suite\huginn\app\core\scope_manager.py", line 62, in _parse_scope_text
    ipaddress.IPv4Address(item)
    ~~~~~~~~~~~~~~~~~~~~~^^^^^^
  File "C:\Users\allie\anaconda3\Lib\ipaddress.py", line 1319, in __init__
    self._ip = self._ip_int_from_string(addr_str)
               ~~~~~~~~~~~~~~~~~~~~~~~~^^^^^^^^^^
  File "C:\Users\allie\anaconda3\Lib\ipaddress.py", line 1206, in _ip_int_from_string
    raise AddressValueError("Expected 4 octets in %r" % ip_str)
ipaddress.AddressValueError: Expected 4 octets in '192.1'
2026-05-17 23:45:47 - huginn - DEBUG - Suppressed exception
Traceback (most recent call last):
  File "C:\Users\allie\Coding Projects\huggin_suite\huginn\app\core\scope_manager.py", line 62, in _parse_scope_text
    ipaddress.IPv4Address(item)
    ~~~~~~~~~~~~~~~~~~~~~^^^^^^
  File "C:\Users\allie\anaconda3\Lib\ipaddress.py", line 1319, in __init__
    self._ip = self._ip_int_from_string(addr_str)
               ~~~~~~~~~~~~~~~~~~~~~~~~^^^^^^^^^^
  File "C:\Users\allie\anaconda3\Lib\ipaddress.py", line 1206, in _ip_int_from_string
    raise AddressValueError("Expected 4 octets in %r" % ip_str)
ipaddress.AddressValueError: Expected 4 octets in '192.16'
2026-05-17 23:45:47 - huginn - DEBUG - Suppressed exception
Traceback (most recent call last):
  File "C:\Users\allie\Coding Projects\huggin_suite\huginn\app\core\scope_manager.py", line 62, in _parse_scope_text
    ipaddress.IPv4Address(item)
    ~~~~~~~~~~~~~~~~~~~~~^^^^^^
  File "C:\Users\allie\anaconda3\Lib\ipaddress.py", line 1319, in __init__
    self._ip = self._ip_int_from_string(addr_str)
               ~~~~~~~~~~~~~~~~~~~~~~~~^^^^^^^^^^
  File "C:\Users\allie\anaconda3\Lib\ipaddress.py", line 1206, in _ip_int_from_string
    raise AddressValueError("Expected 4 octets in %r" % ip_str)
ipaddress.AddressValueError: Expected 4 octets in '192.168'
2026-05-17 23:45:48 - huginn - DEBUG - Suppressed exception
Traceback (most recent call last):
  File "C:\Users\allie\Coding Projects\huggin_suite\huginn\app\core\scope_manager.py", line 62, in _parse_scope_text
    ipaddress.IPv4Address(item)
    ~~~~~~~~~~~~~~~~~~~~~^^^^^^
  File "C:\Users\allie\anaconda3\Lib\ipaddress.py", line 1319, in __init__
    self._ip = self._ip_int_from_string(addr_str)
               ~~~~~~~~~~~~~~~~~~~~~~~~^^^^^^^^^^
  File "C:\Users\allie\anaconda3\Lib\ipaddress.py", line 1206, in _ip_int_from_string
    raise AddressValueError("Expected 4 octets in %r" % ip_str)
ipaddress.AddressValueError: Expected 4 octets in '192.168.'
2026-05-17 23:45:49 - huginn - DEBUG - Suppressed exception
Traceback (most recent call last):
  File "C:\Users\allie\Coding Projects\huggin_suite\huginn\app\core\scope_manager.py", line 62, in _parse_scope_text
    ipaddress.IPv4Address(item)
    ~~~~~~~~~~~~~~~~~~~~~^^^^^^
  File "C:\Users\allie\anaconda3\Lib\ipaddress.py", line 1319, in __init__
    self._ip = self._ip_int_from_string(addr_str)
               ~~~~~~~~~~~~~~~~~~~~~~~~^^^^^^^^^^
  File "C:\Users\allie\anaconda3\Lib\ipaddress.py", line 1206, in _ip_int_from_string
    raise AddressValueError("Expected 4 octets in %r" % ip_str)
ipaddress.AddressValueError: Expected 4 octets in '192.168.1'
2026-05-17 23:45:49 - huginn - DEBUG - Suppressed exception
Traceback (most recent call last):
  File "C:\Users\allie\Coding Projects\huggin_suite\huginn\app\core\scope_manager.py", line 62, in _parse_scope_text
    ipaddress.IPv4Address(item)
    ~~~~~~~~~~~~~~~~~~~~~^^^^^^
  File "C:\Users\allie\anaconda3\Lib\ipaddress.py", line 1319, in __init__
    self._ip = self._ip_int_from_string(addr_str)
               ~~~~~~~~~~~~~~~~~~~~~~~~^^^^^^^^^^
  File "C:\Users\allie\anaconda3\Lib\ipaddress.py", line 1211, in _ip_int_from_string
    raise AddressValueError("%s in %r" % (exc, ip_str)) from None
ipaddress.AddressValueError: Empty octet not permitted in '192.168.1.'
2026-05-17 23:45:50 - huginn - DEBUG - Suppressed exception
Traceback (most recent call last):
  File "C:\Users\allie\Coding Projects\huggin_suite\huginn\app\core\scope_manager.py", line 62, in _parse_scope_text
    ipaddress.IPv4Address(item)
    ~~~~~~~~~~~~~~~~~~~~~^^^^^^
  File "C:\Users\allie\anaconda3\Lib\ipaddress.py", line 1319, in __init__
    self._ip = self._ip_int_from_string(addr_str)
               ~~~~~~~~~~~~~~~~~~~~~~~~^^^^^^^^^^
  File "C:\Users\allie\anaconda3\Lib\ipaddress.py", line 1206, in _ip_int_from_string
    raise AddressValueError("Expected 4 octets in %r" % ip_str)
ipaddress.AddressValueError: Expected 4 octets in '1'
2026-05-17 23:45:50 - huginn - DEBUG - Suppressed exception
Traceback (most recent call last):
  File "C:\Users\allie\Coding Projects\huggin_suite\huginn\app\core\scope_manager.py", line 62, in _parse_scope_text
    ipaddress.IPv4Address(item)
    ~~~~~~~~~~~~~~~~~~~~~^^^^^^
  File "C:\Users\allie\anaconda3\Lib\ipaddress.py", line 1319, in __init__
    self._ip = self._ip_int_from_string(addr_str)
               ~~~~~~~~~~~~~~~~~~~~~~~~^^^^^^^^^^
  File "C:\Users\allie\anaconda3\Lib\ipaddress.py", line 1206, in _ip_int_from_string
    raise AddressValueError("Expected 4 octets in %r" % ip_str)
ipaddress.AddressValueError: Expected 4 octets in '19'
2026-05-17 23:45:51 - huginn - DEBUG - Suppressed exception
Traceback (most recent call last):
  File "C:\Users\allie\Coding Projects\huggin_suite\huginn\app\core\scope_manager.py", line 62, in _parse_scope_text
    ipaddress.IPv4Address(item)
    ~~~~~~~~~~~~~~~~~~~~~^^^^^^
  File "C:\Users\allie\anaconda3\Lib\ipaddress.py", line 1319, in __init__
    self._ip = self._ip_int_from_string(addr_str)
               ~~~~~~~~~~~~~~~~~~~~~~~~^^^^^^^^^^
  File "C:\Users\allie\anaconda3\Lib\ipaddress.py", line 1206, in _ip_int_from_string
    raise AddressValueError("Expected 4 octets in %r" % ip_str)
ipaddress.AddressValueError: Expected 4 octets in '192'
2026-05-17 23:45:51 - huginn - DEBUG - Suppressed exception
Traceback (most recent call last):
  File "C:\Users\allie\Coding Projects\huggin_suite\huginn\app\core\scope_manager.py", line 62, in _parse_scope_text
    ipaddress.IPv4Address(item)
    ~~~~~~~~~~~~~~~~~~~~~^^^^^^
  File "C:\Users\allie\anaconda3\Lib\ipaddress.py", line 1319, in __init__
    self._ip = self._ip_int_from_string(addr_str)
               ~~~~~~~~~~~~~~~~~~~~~~~~^^^^^^^^^^
  File "C:\Users\allie\anaconda3\Lib\ipaddress.py", line 1206, in _ip_int_from_string
    raise AddressValueError("Expected 4 octets in %r" % ip_str)
ipaddress.AddressValueError: Expected 4 octets in '192.'
2026-05-17 23:45:51 - huginn - DEBUG - Suppressed exception
Traceback (most recent call last):
  File "C:\Users\allie\Coding Projects\huggin_suite\huginn\app\core\scope_manager.py", line 62, in _parse_scope_text
    ipaddress.IPv4Address(item)
    ~~~~~~~~~~~~~~~~~~~~~^^^^^^
  File "C:\Users\allie\anaconda3\Lib\ipaddress.py", line 1319, in __init__
    self._ip = self._ip_int_from_string(addr_str)
               ~~~~~~~~~~~~~~~~~~~~~~~~^^^^^^^^^^
  File "C:\Users\allie\anaconda3\Lib\ipaddress.py", line 1206, in _ip_int_from_string
    raise AddressValueError("Expected 4 octets in %r" % ip_str)
ipaddress.AddressValueError: Expected 4 octets in '192.1'
2026-05-17 23:45:51 - huginn - DEBUG - Suppressed exception
Traceback (most recent call last):
  File "C:\Users\allie\Coding Projects\huggin_suite\huginn\app\core\scope_manager.py", line 62, in _parse_scope_text
    ipaddress.IPv4Address(item)
    ~~~~~~~~~~~~~~~~~~~~~^^^^^^
  File "C:\Users\allie\anaconda3\Lib\ipaddress.py", line 1319, in __init__
    self._ip = self._ip_int_from_string(addr_str)
               ~~~~~~~~~~~~~~~~~~~~~~~~^^^^^^^^^^
  File "C:\Users\allie\anaconda3\Lib\ipaddress.py", line 1206, in _ip_int_from_string
    raise AddressValueError("Expected 4 octets in %r" % ip_str)
ipaddress.AddressValueError: Expected 4 octets in '192.16'
2026-05-17 23:45:51 - huginn - DEBUG - Suppressed exception
Traceback (most recent call last):
  File "C:\Users\allie\Coding Projects\huggin_suite\huginn\app\core\scope_manager.py", line 62, in _parse_scope_text
    ipaddress.IPv4Address(item)
    ~~~~~~~~~~~~~~~~~~~~~^^^^^^
  File "C:\Users\allie\anaconda3\Lib\ipaddress.py", line 1319, in __init__
    self._ip = self._ip_int_from_string(addr_str)
               ~~~~~~~~~~~~~~~~~~~~~~~~^^^^^^^^^^
  File "C:\Users\allie\anaconda3\Lib\ipaddress.py", line 1206, in _ip_int_from_string
    raise AddressValueError("Expected 4 octets in %r" % ip_str)
ipaddress.AddressValueError: Expected 4 octets in '192.168'
2026-05-17 23:45:52 - huginn - DEBUG - Suppressed exception
Traceback (most recent call last):
  File "C:\Users\allie\Coding Projects\huggin_suite\huginn\app\core\scope_manager.py", line 62, in _parse_scope_text
    ipaddress.IPv4Address(item)
    ~~~~~~~~~~~~~~~~~~~~~^^^^^^
  File "C:\Users\allie\anaconda3\Lib\ipaddress.py", line 1319, in __init__
    self._ip = self._ip_int_from_string(addr_str)
               ~~~~~~~~~~~~~~~~~~~~~~~~^^^^^^^^^^
  File "C:\Users\allie\anaconda3\Lib\ipaddress.py", line 1206, in _ip_int_from_string
    raise AddressValueError("Expected 4 octets in %r" % ip_str)
ipaddress.AddressValueError: Expected 4 octets in '192.168.'
2026-05-17 23:45:52 - huginn - DEBUG - Suppressed exception
Traceback (most recent call last):
  File "C:\Users\allie\Coding Projects\huggin_suite\huginn\app\core\scope_manager.py", line 62, in _parse_scope_text
    ipaddress.IPv4Address(item)
    ~~~~~~~~~~~~~~~~~~~~~^^^^^^
  File "C:\Users\allie\anaconda3\Lib\ipaddress.py", line 1319, in __init__
    self._ip = self._ip_int_from_string(addr_str)
               ~~~~~~~~~~~~~~~~~~~~~~~~^^^^^^^^^^
  File "C:\Users\allie\anaconda3\Lib\ipaddress.py", line 1206, in _ip_int_from_string
    raise AddressValueError("Expected 4 octets in %r" % ip_str)
ipaddress.AddressValueError: Expected 4 octets in '192.168.1'
2026-05-17 23:45:52 - huginn - DEBUG - Suppressed exception
Traceback (most recent call last):
  File "C:\Users\allie\Coding Projects\huggin_suite\huginn\app\core\scope_manager.py", line 62, in _parse_scope_text
    ipaddress.IPv4Address(item)
    ~~~~~~~~~~~~~~~~~~~~~^^^^^^
  File "C:\Users\allie\anaconda3\Lib\ipaddress.py", line 1319, in __init__
    self._ip = self._ip_int_from_string(addr_str)
               ~~~~~~~~~~~~~~~~~~~~~~~~^^^^^^^^^^
  File "C:\Users\allie\anaconda3\Lib\ipaddress.py", line 1211, in _ip_int_from_string
    raise AddressValueError("%s in %r" % (exc, ip_str)) from None
ipaddress.AddressValueError: Empty octet not permitted in '192.168.1.'
2026-05-17 23:46:01 - huginn - INFO - [CredentialManager] set_profile('Tester') from 'Tester4'
  File "C:\Users\allie\Coding Projects\huggin_suite\huginn\main.py", line 112, in <module>
    main()
  File "C:\Users\allie\Coding Projects\huggin_suite\huginn\main.py", line 109, in main
    exit(app.exec())
  File "C:\Users\allie\Coding Projects\huggin_suite\huginn\app\pages\attack_chain_home.py", line 740, in on_profile_selected
    credential_manager.set_profile(profile_name)
  File "C:\Users\allie\Coding Projects\huggin_suite\huginn\app\core\credential_manager.py", line 201, in set_profile
    + ''.join(_tb.format_stack(limit=6))

2026-05-17 23:46:02 - huginn - INFO - [CredentialManager] set_profile('Tester4') from 'Tester'
  File "C:\Users\allie\Coding Projects\huggin_suite\huginn\main.py", line 112, in <module>
    main()
  File "C:\Users\allie\Coding Projects\huggin_suite\huginn\main.py", line 109, in main
    exit(app.exec())
  File "C:\Users\allie\Coding Projects\huggin_suite\huginn\app\pages\attack_chain_home.py", line 740, in on_profile_selected
    credential_manager.set_profile(profile_name)
  File "C:\Users\allie\Coding Projects\huggin_suite\huginn\app\core\credential_manager.py", line 201, in set_profile
    + ''.join(_tb.format_stack(limit=6))

2026-05-17 23:46:11 - huginn - INFO - [CredentialManager] Saved 1 credential(s) to profile 'Tester4' → Tester4_credentials.enc
2026-05-17 23:46:11 - huginn - DEBUG - Credentials loaded for profile 'Tester4'
2026-05-17 23:46:14 - huginn - INFO - [CredentialManager] set_profile('Tester') from 'Tester4'
  File "C:\Users\allie\Coding Projects\huggin_suite\huginn\main.py", line 112, in <module>
    main()
  File "C:\Users\allie\Coding Projects\huggin_suite\huginn\main.py", line 109, in main
    exit(app.exec())
  File "C:\Users\allie\Coding Projects\huggin_suite\huginn\app\pages\attack_chain_home.py", line 740, in on_profile_selected
    credential_manager.set_profile(profile_name)
  File "C:\Users\allie\Coding Projects\huggin_suite\huginn\app\core\credential_manager.py", line 201, in set_profile
    + ''.join(_tb.format_stack(limit=6))

2026-05-17 23:46:16 - huginn - INFO - [CredentialManager] set_profile('Tester4') from 'Tester'
  File "C:\Users\allie\Coding Projects\huggin_suite\huginn\main.py", line 112, in <module>
    main()
  File "C:\Users\allie\Coding Projects\huggin_suite\huginn\main.py", line 109, in main
    exit(app.exec())
  File "C:\Users\allie\Coding Projects\huggin_suite\huginn\app\pages\attack_chain_home.py", line 740, in on_profile_selected
    credential_manager.set_profile(profile_name)
  File "C:\Users\allie\Coding Projects\huggin_suite\huginn\app\core\credential_manager.py", line 201, in set_profile
    + ''.join(_tb.format_stack(limit=6))

2026-05-17 23:46:16 - huginn - DEBUG - Credentials loaded for profile 'Tester4'
2026-05-17 23:46:16 - huginn - DEBUG - Credentials loaded for profile 'Tester4'
2026-05-17 23:46:29 - huginn - INFO - [CredentialManager] set_profile('Tester') from 'Tester4'
  File "C:\Users\allie\Coding Projects\huggin_suite\huginn\main.py", line 112, in <module>
    main()
  File "C:\Users\allie\Coding Projects\huggin_suite\huginn\main.py", line 109, in main
    exit(app.exec())
  File "C:\Users\allie\Coding Projects\huggin_suite\huginn\app\pages\attack_chain_home.py", line 1090, in delete_selected_profile
    self.target_table.removeRow(current_row)
  File "C:\Users\allie\Coding Projects\huggin_suite\huginn\app\pages\attack_chain_home.py", line 740, in on_profile_selected
    credential_manager.set_profile(profile_name)
  File "C:\Users\allie\Coding Projects\huggin_suite\huginn\app\core\credential_manager.py", line 201, in set_profile
    + ''.join(_tb.format_stack(limit=6))

2026-05-17 23:46:31 - huginn - INFO - [CredentialManager] set_profile('Tester') from 'Tester'
  File "C:\Users\allie\Coding Projects\huggin_suite\huginn\main.py", line 112, in <module>
    main()
  File "C:\Users\allie\Coding Projects\huggin_suite\huginn\main.py", line 109, in main
    exit(app.exec())
  File "C:\Users\allie\Coding Projects\huggin_suite\huginn\app\pages\attack_chain_home.py", line 740, in on_profile_selected
    credential_manager.set_profile(profile_name)
  File "C:\Users\allie\Coding Projects\huggin_suite\huginn\app\core\credential_manager.py", line 201, in set_profile
    + ''.join(_tb.format_stack(limit=6))

2026-05-17 23:46:33 - huginn - INFO - [CredentialManager] set_profile('LAB') from 'Tester'
  File "C:\Users\allie\Coding Projects\huggin_suite\huginn\main.py", line 112, in <module>
    main()
  File "C:\Users\allie\Coding Projects\huggin_suite\huginn\main.py", line 109, in main
    exit(app.exec())
  File "C:\Users\allie\Coding Projects\huggin_suite\huginn\app\pages\attack_chain_home.py", line 1090, in delete_selected_profile
    self.target_table.removeRow(current_row)
  File "C:\Users\allie\Coding Projects\huggin_suite\huginn\app\pages\attack_chain_home.py", line 740, in on_profile_selected
    credential_manager.set_profile(profile_name)
  File "C:\Users\allie\Coding Projects\huggin_suite\huginn\app\core\credential_manager.py", line 201, in set_profile
    + ''.join(_tb.format_stack(limit=6))

2026-05-17 23:46:33 - huginn - DEBUG - Credentials loaded for profile 'LAB'
2026-05-17 23:46:33 - huginn - DEBUG - Suppressed exception
Traceback (most recent call last):
  File "C:\Users\allie\Coding Projects\huggin_suite\huginn\app\core\scope_manager.py", line 62, in _parse_scope_text
    ipaddress.IPv4Address(item)
    ~~~~~~~~~~~~~~~~~~~~~^^^^^^
  File "C:\Users\allie\anaconda3\Lib\ipaddress.py", line 1319, in __init__
    self._ip = self._ip_int_from_string(addr_str)
               ~~~~~~~~~~~~~~~~~~~~~~~~^^^^^^^^^^
  File "C:\Users\allie\anaconda3\Lib\ipaddress.py", line 1206, in _ip_int_from_string
    raise AddressValueError("Expected 4 octets in %r" % ip_str)
ipaddress.AddressValueError: Expected 4 octets in '*.lab.local'
2026-05-17 23:46:33 - huginn - DEBUG - Suppressed exception
Traceback (most recent call last):
  File "C:\Users\allie\Coding Projects\huggin_suite\huginn\app\core\scope_manager.py", line 62, in _parse_scope_text
    ipaddress.IPv4Address(item)
    ~~~~~~~~~~~~~~~~~~~~~^^^^^^
  File "C:\Users\allie\anaconda3\Lib\ipaddress.py", line 1319, in __init__
    self._ip = self._ip_int_from_string(addr_str)
               ~~~~~~~~~~~~~~~~~~~~~~~~^^^^^^^^^^
  File "C:\Users\allie\anaconda3\Lib\ipaddress.py", line 1206, in _ip_int_from_string
    raise AddressValueError("Expected 4 octets in %r" % ip_str)
ipaddress.AddressValueError: Expected 4 octets in '*.lab.local'
2026-05-17 23:46:33 - huginn - DEBUG - Credentials loaded for profile 'LAB'
2026-05-17 23:46:33 - huginn - DEBUG - Suppressed exception
Traceback (most recent call last):
  File "C:\Users\allie\Coding Projects\huggin_suite\huginn\app\core\scope_manager.py", line 62, in _parse_scope_text
    ipaddress.IPv4Address(item)
    ~~~~~~~~~~~~~~~~~~~~~^^^^^^
  File "C:\Users\allie\anaconda3\Lib\ipaddress.py", line 1319, in __init__
    self._ip = self._ip_int_from_string(addr_str)
               ~~~~~~~~~~~~~~~~~~~~~~~~^^^^^^^^^^
  File "C:\Users\allie\anaconda3\Lib\ipaddress.py", line 1206, in _ip_int_from_string
    raise AddressValueError("Expected 4 octets in %r" % ip_str)
ipaddress.AddressValueError: Expected 4 octets in '*.lab.local'
2026-05-17 23:46:36 - huginn - INFO - [CredentialManager] set_profile('LAB') from 'LAB'
  File "C:\Users\allie\Coding Projects\huggin_suite\huginn\main.py", line 112, in <module>
    main()
  File "C:\Users\allie\Coding Projects\huggin_suite\huginn\main.py", line 109, in main
    exit(app.exec())
  File "C:\Users\allie\Coding Projects\huggin_suite\huginn\app\pages\attack_chain_home.py", line 740, in on_profile_selected
    credential_manager.set_profile(profile_name)
  File "C:\Users\allie\Coding Projects\huggin_suite\huginn\app\core\credential_manager.py", line 201, in set_profile
    + ''.join(_tb.format_stack(limit=6))

2026-05-17 23:46:36 - huginn - DEBUG - Credentials loaded for profile 'LAB'
2026-05-17 23:46:36 - huginn - DEBUG - Credentials loaded for profile 'LAB'
2026-05-17 23:46:36 - huginn - DEBUG - Suppressed exception
Traceback (most recent call last):
  File "C:\Users\allie\Coding Projects\huggin_suite\huginn\app\core\scope_manager.py", line 62, in _parse_scope_text
    ipaddress.IPv4Address(item)
    ~~~~~~~~~~~~~~~~~~~~~^^^^^^
  File "C:\Users\allie\anaconda3\Lib\ipaddress.py", line 1319, in __init__
    self._ip = self._ip_int_from_string(addr_str)
               ~~~~~~~~~~~~~~~~~~~~~~~~^^^^^^^^^^
  File "C:\Users\allie\anaconda3\Lib\ipaddress.py", line 1206, in _ip_int_from_string
    raise AddressValueError("Expected 4 octets in %r" % ip_str)
ipaddress.AddressValueError: Expected 4 octets in '*.lab.local'
2026-05-17 23:46:42 - huginn - DEBUG - Memory monitoring stopped
2026-05-17 23:46:42 - huginn - DEBUG - Connection pool closed all sessions
2026-05-17 23:46:42 - huginn - INFO - Update manager stopped during cleanup
2026-05-17 23:47:03 - huginn - INFO - License saved successfully
2026-05-17 23:47:03 - huginn - INFO - License loaded and validated successfully
2026-05-17 23:47:04 - huginn - INFO - Application starting...
2026-05-17 23:47:04 - huginn - INFO - Font loaded successfully
2026-05-17 23:47:04 - huginn - INFO - Stylesheet loaded successfully
2026-05-17 23:47:04 - huginn - INFO - Creating main window...
2026-05-17 23:47:04 - huginn - INFO - QThreadPool max threads set to 32 (CPUs: 32)
2026-05-17 23:47:04 - huginn - INFO - Custom font 'Neuropol X' loaded from C:\Users\allie\Coding Projects\huggin_suite\huginn\resources\fonts\neuropol.otf
2026-05-17 23:47:04 - huginn - DEBUG - Suppressed exception
Traceback (most recent call last):
  File "C:\Users\allie\Coding Projects\huggin_suite\huginn\app\pages\page_registry.py", line 45, in register_all_pages
    from app.pages.db_attacks_page import DBAttacksPage
ImportError: cannot import name 'DBAttacksPage' from 'app.pages.db_attacks_page' (C:\Users\allie\Coding Projects\huggin_suite\huginn\app\pages\db_attacks_page.py)
2026-05-17 23:47:05 - huginn - DEBUG - Credentials loaded for profile 'LAB'
2026-05-17 23:47:05 - huginn - DEBUG - Credentials loaded for profile 'LAB'
2026-05-17 23:47:07 - huginn - DEBUG - Credentials loaded for profile 'LAB'
2026-05-17 23:47:08 - huginn - INFO - [CredentialManager] set_profile('LAB') from 'LAB'
  File "C:\Users\allie\Coding Projects\huggin_suite\huginn\main.py", line 112, in <module>
    main()
  File "C:\Users\allie\Coding Projects\huggin_suite\huginn\main.py", line 109, in main
    exit(app.exec())
  File "C:\Users\allie\Coding Projects\huggin_suite\huginn\app\pages\attack_chain_home.py", line 740, in on_profile_selected
    credential_manager.set_profile(profile_name)
  File "C:\Users\allie\Coding Projects\huggin_suite\huginn\app\core\credential_manager.py", line 201, in set_profile
    + ''.join(_tb.format_stack(limit=6))

2026-05-17 23:47:08 - huginn - DEBUG - Credentials loaded for profile 'LAB'
2026-05-17 23:47:08 - huginn - DEBUG - Suppressed exception
Traceback (most recent call last):
  File "C:\Users\allie\Coding Projects\huggin_suite\huginn\app\core\scope_manager.py", line 62, in _parse_scope_text
    ipaddress.IPv4Address(item)
    ~~~~~~~~~~~~~~~~~~~~~^^^^^^
  File "C:\Users\allie\anaconda3\Lib\ipaddress.py", line 1319, in __init__
    self._ip = self._ip_int_from_string(addr_str)
               ~~~~~~~~~~~~~~~~~~~~~~~~^^^^^^^^^^
  File "C:\Users\allie\anaconda3\Lib\ipaddress.py", line 1206, in _ip_int_from_string
    raise AddressValueError("Expected 4 octets in %r" % ip_str)
ipaddress.AddressValueError: Expected 4 octets in '*.lab.local'
2026-05-17 23:47:08 - huginn - DEBUG - Credentials loaded for profile 'LAB'
2026-05-17 23:47:08 - huginn - DEBUG - Suppressed exception
Traceback (most recent call last):
  File "C:\Users\allie\Coding Projects\huggin_suite\huginn\app\core\scope_manager.py", line 62, in _parse_scope_text
    ipaddress.IPv4Address(item)
    ~~~~~~~~~~~~~~~~~~~~~^^^^^^
  File "C:\Users\allie\anaconda3\Lib\ipaddress.py", line 1319, in __init__
    self._ip = self._ip_int_from_string(addr_str)
               ~~~~~~~~~~~~~~~~~~~~~~~~^^^^^^^^^^
  File "C:\Users\allie\anaconda3\Lib\ipaddress.py", line 1206, in _ip_int_from_string
    raise AddressValueError("Expected 4 octets in %r" % ip_str)
ipaddress.AddressValueError: Expected 4 octets in '*.lab.local'
2026-05-17 23:47:18 - huginn - INFO - [CredentialManager] set_profile('Testme') from 'LAB'
  File "C:\Users\allie\Coding Projects\huggin_suite\huginn\main.py", line 112, in <module>
    main()
  File "C:\Users\allie\Coding Projects\huggin_suite\huginn\main.py", line 109, in main
    exit(app.exec())
  File "C:\Users\allie\Coding Projects\huggin_suite\huginn\app\main_window\main_window_refactored.py", line 869, in new_profile
    page.new_profile()
  File "C:\Users\allie\Coding Projects\huggin_suite\huginn\app\pages\attack_chain_home.py", line 876, in new_profile
    credential_manager.set_profile(profile_name)
  File "C:\Users\allie\Coding Projects\huggin_suite\huginn\app\core\credential_manager.py", line 201, in set_profile
    + ''.join(_tb.format_stack(limit=6))

2026-05-17 23:47:18 - huginn - INFO - [CredentialManager] set_profile('Testme') from 'Testme'
  File "C:\Users\allie\Coding Projects\huggin_suite\huginn\main.py", line 112, in <module>
    main()
  File "C:\Users\allie\Coding Projects\huggin_suite\huginn\main.py", line 109, in main
    exit(app.exec())
  File "C:\Users\allie\Coding Projects\huggin_suite\huginn\app\main_window\main_window_refactored.py", line 869, in new_profile
    page.new_profile()
  File "C:\Users\allie\Coding Projects\huggin_suite\huginn\app\pages\attack_chain_home.py", line 892, in new_profile
    self.target_table.selectRow(row)
  File "C:\Users\allie\Coding Projects\huggin_suite\huginn\app\pages\attack_chain_home.py", line 740, in on_profile_selected
    credential_manager.set_profile(profile_name)
  File "C:\Users\allie\Coding Projects\huggin_suite\huginn\app\core\credential_manager.py", line 201, in set_profile
    + ''.join(_tb.format_stack(limit=6))

2026-05-17 23:47:22 - huginn - DEBUG - Suppressed exception
Traceback (most recent call last):
  File "C:\Users\allie\Coding Projects\huggin_suite\huginn\app\core\scope_manager.py", line 62, in _parse_scope_text
    ipaddress.IPv4Address(item)
    ~~~~~~~~~~~~~~~~~~~~~^^^^^^
  File "C:\Users\allie\anaconda3\Lib\ipaddress.py", line 1319, in __init__
    self._ip = self._ip_int_from_string(addr_str)
               ~~~~~~~~~~~~~~~~~~~~~~~~^^^^^^^^^^
  File "C:\Users\allie\anaconda3\Lib\ipaddress.py", line 1206, in _ip_int_from_string
    raise AddressValueError("Expected 4 octets in %r" % ip_str)
ipaddress.AddressValueError: Expected 4 octets in '1'
2026-05-17 23:47:22 - huginn - DEBUG - Suppressed exception
Traceback (most recent call last):
  File "C:\Users\allie\Coding Projects\huggin_suite\huginn\app\core\scope_manager.py", line 62, in _parse_scope_text
    ipaddress.IPv4Address(item)
    ~~~~~~~~~~~~~~~~~~~~~^^^^^^
  File "C:\Users\allie\anaconda3\Lib\ipaddress.py", line 1319, in __init__
    self._ip = self._ip_int_from_string(addr_str)
               ~~~~~~~~~~~~~~~~~~~~~~~~^^^^^^^^^^
  File "C:\Users\allie\anaconda3\Lib\ipaddress.py", line 1206, in _ip_int_from_string
    raise AddressValueError("Expected 4 octets in %r" % ip_str)
ipaddress.AddressValueError: Expected 4 octets in '19'
2026-05-17 23:47:22 - huginn - DEBUG - Suppressed exception
Traceback (most recent call last):
  File "C:\Users\allie\Coding Projects\huggin_suite\huginn\app\core\scope_manager.py", line 62, in _parse_scope_text
    ipaddress.IPv4Address(item)
    ~~~~~~~~~~~~~~~~~~~~~^^^^^^
  File "C:\Users\allie\anaconda3\Lib\ipaddress.py", line 1319, in __init__
    self._ip = self._ip_int_from_string(addr_str)
               ~~~~~~~~~~~~~~~~~~~~~~~~^^^^^^^^^^
  File "C:\Users\allie\anaconda3\Lib\ipaddress.py", line 1206, in _ip_int_from_string
    raise AddressValueError("Expected 4 octets in %r" % ip_str)
ipaddress.AddressValueError: Expected 4 octets in '192'
2026-05-17 23:47:23 - huginn - DEBUG - Suppressed exception
Traceback (most recent call last):
  File "C:\Users\allie\Coding Projects\huggin_suite\huginn\app\core\scope_manager.py", line 62, in _parse_scope_text
    ipaddress.IPv4Address(item)
    ~~~~~~~~~~~~~~~~~~~~~^^^^^^
  File "C:\Users\allie\anaconda3\Lib\ipaddress.py", line 1319, in __init__
    self._ip = self._ip_int_from_string(addr_str)
               ~~~~~~~~~~~~~~~~~~~~~~~~^^^^^^^^^^
  File "C:\Users\allie\anaconda3\Lib\ipaddress.py", line 1206, in _ip_int_from_string
    raise AddressValueError("Expected 4 octets in %r" % ip_str)
ipaddress.AddressValueError: Expected 4 octets in '192.'
2026-05-17 23:47:23 - huginn - DEBUG - Suppressed exception
Traceback (most recent call last):
  File "C:\Users\allie\Coding Projects\huggin_suite\huginn\app\core\scope_manager.py", line 62, in _parse_scope_text
    ipaddress.IPv4Address(item)
    ~~~~~~~~~~~~~~~~~~~~~^^^^^^
  File "C:\Users\allie\anaconda3\Lib\ipaddress.py", line 1319, in __init__
    self._ip = self._ip_int_from_string(addr_str)
               ~~~~~~~~~~~~~~~~~~~~~~~~^^^^^^^^^^
  File "C:\Users\allie\anaconda3\Lib\ipaddress.py", line 1206, in _ip_int_from_string
    raise AddressValueError("Expected 4 octets in %r" % ip_str)
ipaddress.AddressValueError: Expected 4 octets in '192.1'
2026-05-17 23:47:23 - huginn - DEBUG - Suppressed exception
Traceback (most recent call last):
  File "C:\Users\allie\Coding Projects\huggin_suite\huginn\app\core\scope_manager.py", line 62, in _parse_scope_text
    ipaddress.IPv4Address(item)
    ~~~~~~~~~~~~~~~~~~~~~^^^^^^
  File "C:\Users\allie\anaconda3\Lib\ipaddress.py", line 1319, in __init__
    self._ip = self._ip_int_from_string(addr_str)
               ~~~~~~~~~~~~~~~~~~~~~~~~^^^^^^^^^^
  File "C:\Users\allie\anaconda3\Lib\ipaddress.py", line 1206, in _ip_int_from_string
    raise AddressValueError("Expected 4 octets in %r" % ip_str)
ipaddress.AddressValueError: Expected 4 octets in '192.16'
2026-05-17 23:47:23 - huginn - DEBUG - Suppressed exception
Traceback (most recent call last):
  File "C:\Users\allie\Coding Projects\huggin_suite\huginn\app\core\scope_manager.py", line 62, in _parse_scope_text
    ipaddress.IPv4Address(item)
    ~~~~~~~~~~~~~~~~~~~~~^^^^^^
  File "C:\Users\allie\anaconda3\Lib\ipaddress.py", line 1319, in __init__
    self._ip = self._ip_int_from_string(addr_str)
               ~~~~~~~~~~~~~~~~~~~~~~~~^^^^^^^^^^
  File "C:\Users\allie\anaconda3\Lib\ipaddress.py", line 1206, in _ip_int_from_string
    raise AddressValueError("Expected 4 octets in %r" % ip_str)
ipaddress.AddressValueError: Expected 4 octets in '192.168'
2026-05-17 23:47:24 - huginn - DEBUG - Suppressed exception
Traceback (most recent call last):
  File "C:\Users\allie\Coding Projects\huggin_suite\huginn\app\core\scope_manager.py", line 62, in _parse_scope_text
    ipaddress.IPv4Address(item)
    ~~~~~~~~~~~~~~~~~~~~~^^^^^^
  File "C:\Users\allie\anaconda3\Lib\ipaddress.py", line 1319, in __init__
    self._ip = self._ip_int_from_string(addr_str)
               ~~~~~~~~~~~~~~~~~~~~~~~~^^^^^^^^^^
  File "C:\Users\allie\anaconda3\Lib\ipaddress.py", line 1206, in _ip_int_from_string
    raise AddressValueError("Expected 4 octets in %r" % ip_str)
ipaddress.AddressValueError: Expected 4 octets in '192.168.'
2026-05-17 23:47:24 - huginn - DEBUG - Suppressed exception
Traceback (most recent call last):
  File "C:\Users\allie\Coding Projects\huggin_suite\huginn\app\core\scope_manager.py", line 62, in _parse_scope_text
    ipaddress.IPv4Address(item)
    ~~~~~~~~~~~~~~~~~~~~~^^^^^^
  File "C:\Users\allie\anaconda3\Lib\ipaddress.py", line 1319, in __init__
    self._ip = self._ip_int_from_string(addr_str)
               ~~~~~~~~~~~~~~~~~~~~~~~~^^^^^^^^^^
  File "C:\Users\allie\anaconda3\Lib\ipaddress.py", line 1206, in _ip_int_from_string
    raise AddressValueError("Expected 4 octets in %r" % ip_str)
ipaddress.AddressValueError: Expected 4 octets in '192.168.1'
2026-05-17 23:47:24 - huginn - DEBUG - Suppressed exception
Traceback (most recent call last):
  File "C:\Users\allie\Coding Projects\huggin_suite\huginn\app\core\scope_manager.py", line 62, in _parse_scope_text
    ipaddress.IPv4Address(item)
    ~~~~~~~~~~~~~~~~~~~~~^^^^^^
  File "C:\Users\allie\anaconda3\Lib\ipaddress.py", line 1319, in __init__
    self._ip = self._ip_int_from_string(addr_str)
               ~~~~~~~~~~~~~~~~~~~~~~~~^^^^^^^^^^
  File "C:\Users\allie\anaconda3\Lib\ipaddress.py", line 1211, in _ip_int_from_string
    raise AddressValueError("%s in %r" % (exc, ip_str)) from None
ipaddress.AddressValueError: Empty octet not permitted in '192.168.1.'
2026-05-17 23:47:40 - huginn - INFO - [CredentialManager] Saved 1 credential(s) to profile 'Testme' → Testme_credentials.enc
2026-05-17 23:47:40 - huginn - DEBUG - Credentials loaded for profile 'Testme'
2026-05-17 23:47:44 - huginn - INFO - [CredentialManager] set_profile('LAB') from 'Testme'
  File "C:\Users\allie\Coding Projects\huggin_suite\huginn\main.py", line 112, in <module>
    main()
  File "C:\Users\allie\Coding Projects\huggin_suite\huginn\main.py", line 109, in main
    exit(app.exec())
  File "C:\Users\allie\Coding Projects\huggin_suite\huginn\app\pages\attack_chain_home.py", line 740, in on_profile_selected
    credential_manager.set_profile(profile_name)
  File "C:\Users\allie\Coding Projects\huggin_suite\huginn\app\core\credential_manager.py", line 201, in set_profile
    + ''.join(_tb.format_stack(limit=6))

2026-05-17 23:47:44 - huginn - DEBUG - Credentials loaded for profile 'LAB'
2026-05-17 23:47:44 - huginn - DEBUG - Suppressed exception
Traceback (most recent call last):
  File "C:\Users\allie\Coding Projects\huggin_suite\huginn\app\core\scope_manager.py", line 62, in _parse_scope_text
    ipaddress.IPv4Address(item)
    ~~~~~~~~~~~~~~~~~~~~~^^^^^^
  File "C:\Users\allie\anaconda3\Lib\ipaddress.py", line 1319, in __init__
    self._ip = self._ip_int_from_string(addr_str)
               ~~~~~~~~~~~~~~~~~~~~~~~~^^^^^^^^^^
  File "C:\Users\allie\anaconda3\Lib\ipaddress.py", line 1206, in _ip_int_from_string
    raise AddressValueError("Expected 4 octets in %r" % ip_str)
ipaddress.AddressValueError: Expected 4 octets in '*.lab.local'
2026-05-17 23:47:44 - huginn - DEBUG - Credentials loaded for profile 'LAB'
2026-05-17 23:47:44 - huginn - DEBUG - Suppressed exception
Traceback (most recent call last):
  File "C:\Users\allie\Coding Projects\huggin_suite\huginn\app\core\scope_manager.py", line 62, in _parse_scope_text
    ipaddress.IPv4Address(item)
    ~~~~~~~~~~~~~~~~~~~~~^^^^^^
  File "C:\Users\allie\anaconda3\Lib\ipaddress.py", line 1319, in __init__
    self._ip = self._ip_int_from_string(addr_str)
               ~~~~~~~~~~~~~~~~~~~~~~~~^^^^^^^^^^
  File "C:\Users\allie\anaconda3\Lib\ipaddress.py", line 1206, in _ip_int_from_string
    raise AddressValueError("Expected 4 octets in %r" % ip_str)
ipaddress.AddressValueError: Expected 4 octets in '*.lab.local'
2026-05-17 23:47:44 - huginn - INFO - [CredentialManager] set_profile('Testme') from 'LAB'
  File "C:\Users\allie\Coding Projects\huggin_suite\huginn\main.py", line 112, in <module>
    main()
  File "C:\Users\allie\Coding Projects\huggin_suite\huginn\main.py", line 109, in main
    exit(app.exec())
  File "C:\Users\allie\Coding Projects\huggin_suite\huginn\app\pages\attack_chain_home.py", line 740, in on_profile_selected
    credential_manager.set_profile(profile_name)
  File "C:\Users\allie\Coding Projects\huggin_suite\huginn\app\core\credential_manager.py", line 201, in set_profile
    + ''.join(_tb.format_stack(limit=6))

2026-05-17 23:47:44 - huginn - DEBUG - Credentials loaded for profile 'Testme'
2026-05-17 23:47:44 - huginn - DEBUG - Credentials loaded for profile 'Testme'
2026-05-17 23:47:50 - huginn - INFO - [CredentialManager] set_profile('LAB') from 'Testme'
  File "C:\Users\allie\Coding Projects\huggin_suite\huginn\main.py", line 112, in <module>
    main()
  File "C:\Users\allie\Coding Projects\huggin_suite\huginn\main.py", line 109, in main
    exit(app.exec())
  File "C:\Users\allie\Coding Projects\huggin_suite\huginn\app\pages\attack_chain_home.py", line 1090, in delete_selected_profile
    self.target_table.removeRow(current_row)
  File "C:\Users\allie\Coding Projects\huggin_suite\huginn\app\pages\attack_chain_home.py", line 740, in on_profile_selected
    credential_manager.set_profile(profile_name)
  File "C:\Users\allie\Coding Projects\huggin_suite\huginn\app\core\credential_manager.py", line 201, in set_profile
    + ''.join(_tb.format_stack(limit=6))

2026-05-17 23:47:50 - huginn - DEBUG - Credentials loaded for profile 'LAB'
2026-05-17 23:47:50 - huginn - DEBUG - Suppressed exception
Traceback (most recent call last):
  File "C:\Users\allie\Coding Projects\huggin_suite\huginn\app\core\scope_manager.py", line 62, in _parse_scope_text
    ipaddress.IPv4Address(item)
    ~~~~~~~~~~~~~~~~~~~~~^^^^^^
  File "C:\Users\allie\anaconda3\Lib\ipaddress.py", line 1319, in __init__
    self._ip = self._ip_int_from_string(addr_str)
               ~~~~~~~~~~~~~~~~~~~~~~~~^^^^^^^^^^
  File "C:\Users\allie\anaconda3\Lib\ipaddress.py", line 1206, in _ip_int_from_string
    raise AddressValueError("Expected 4 octets in %r" % ip_str)
ipaddress.AddressValueError: Expected 4 octets in '*.lab.local'
2026-05-17 23:47:51 - huginn - DEBUG - Credentials loaded for profile 'LAB'
2026-05-17 23:47:51 - huginn - DEBUG - Suppressed exception
Traceback (most recent call last):
  File "C:\Users\allie\Coding Projects\huggin_suite\huginn\app\core\scope_manager.py", line 62, in _parse_scope_text
    ipaddress.IPv4Address(item)
    ~~~~~~~~~~~~~~~~~~~~~^^^^^^
  File "C:\Users\allie\anaconda3\Lib\ipaddress.py", line 1319, in __init__
    self._ip = self._ip_int_from_string(addr_str)
               ~~~~~~~~~~~~~~~~~~~~~~~~^^^^^^^^^^
  File "C:\Users\allie\anaconda3\Lib\ipaddress.py", line 1206, in _ip_int_from_string
    raise AddressValueError("Expected 4 octets in %r" % ip_str)
ipaddress.AddressValueError: Expected 4 octets in '*.lab.local'
2026-05-17 23:47:56 - huginn - DEBUG - Memory monitoring stopped
2026-05-17 23:47:56 - huginn - DEBUG - Connection pool closed all sessions
2026-05-17 23:47:56 - huginn - INFO - Update manager stopped during cleanup
2026-05-17 23:48:57 - huginn - DEBUG - Suppressed exception
Traceback (most recent call last):
  File "c:\Users\allie\Coding Projects\huggin_suite\huginn\app\core\asset_manager.py", line 101, in init_database
    conn.execute("ALTER TABLE assets ADD COLUMN fqdn TEXT DEFAULT ''")
    ~~~~~~~~~~~~^^^^^^^^^^^^^^^^^^^^^^^^^^^^^^^^^^^^^^^^^^^^^^^^^^^^^^
sqlite3.OperationalError: duplicate column name: fqdn
2026-05-17 23:48:57 - huginn - DEBUG - Suppressed exception
Traceback (most recent call last):
  File "c:\Users\allie\Coding Projects\huggin_suite\huginn\app\core\asset_manager.py", line 108, in init_database
    conn.execute("ALTER TABLE assets ADD COLUMN mac_address TEXT DEFAULT ''")
    ~~~~~~~~~~~~^^^^^^^^^^^^^^^^^^^^^^^^^^^^^^^^^^^^^^^^^^^^^^^^^^^^^^^^^^^^^
sqlite3.OperationalError: duplicate column name: mac_address
2026-05-17 23:48:57 - huginn - DEBUG - Suppressed exception
Traceback (most recent call last):
  File "c:\Users\allie\Coding Projects\huggin_suite\huginn\app\core\asset_manager.py", line 115, in init_database
    conn.execute("ALTER TABLE assets ADD COLUMN vendor TEXT DEFAULT ''")
    ~~~~~~~~~~~~^^^^^^^^^^^^^^^^^^^^^^^^^^^^^^^^^^^^^^^^^^^^^^^^^^^^^^^^
sqlite3.OperationalError: duplicate column name: vendor
2026-05-17 23:48:57 - huginn - DEBUG - Suppressed exception
Traceback (most recent call last):
  File "c:\Users\allie\Coding Projects\huggin_suite\huginn\app\core\asset_manager.py", line 122, in init_database
    conn.execute("ALTER TABLE assets ADD COLUMN notes TEXT DEFAULT ''")
    ~~~~~~~~~~~~^^^^^^^^^^^^^^^^^^^^^^^^^^^^^^^^^^^^^^^^^^^^^^^^^^^^^^^
sqlite3.OperationalError: duplicate column name: notes
2026-05-17 23:48:57 - huginn - DEBUG - Credentials loaded for profile 'LAB'
2026-05-17 23:48:57 - huginn - INFO - Using default configuration
2026-05-17 23:49:00 - huginn - INFO - License saved successfully
2026-05-17 23:49:00 - huginn - INFO - License loaded and validated successfully
2026-05-17 23:49:05 - huginn - DEBUG - Suppressed exception
Traceback (most recent call last):
  File "c:\Users\allie\Coding Projects\huggin_suite\huginn\app\core\asset_manager.py", line 101, in init_database
    conn.execute("ALTER TABLE assets ADD COLUMN fqdn TEXT DEFAULT ''")
    ~~~~~~~~~~~~^^^^^^^^^^^^^^^^^^^^^^^^^^^^^^^^^^^^^^^^^^^^^^^^^^^^^^
sqlite3.OperationalError: duplicate column name: fqdn
2026-05-17 23:49:05 - huginn - DEBUG - Suppressed exception
Traceback (most recent call last):
  File "c:\Users\allie\Coding Projects\huggin_suite\huginn\app\core\asset_manager.py", line 108, in init_database
    conn.execute("ALTER TABLE assets ADD COLUMN mac_address TEXT DEFAULT ''")
    ~~~~~~~~~~~~^^^^^^^^^^^^^^^^^^^^^^^^^^^^^^^^^^^^^^^^^^^^^^^^^^^^^^^^^^^^^
sqlite3.OperationalError: duplicate column name: mac_address
2026-05-17 23:49:05 - huginn - DEBUG - Suppressed exception
Traceback (most recent call last):
  File "c:\Users\allie\Coding Projects\huggin_suite\huginn\app\core\asset_manager.py", line 115, in init_database
    conn.execute("ALTER TABLE assets ADD COLUMN vendor TEXT DEFAULT ''")
    ~~~~~~~~~~~~^^^^^^^^^^^^^^^^^^^^^^^^^^^^^^^^^^^^^^^^^^^^^^^^^^^^^^^^
sqlite3.OperationalError: duplicate column name: vendor
2026-05-17 23:49:05 - huginn - DEBUG - Suppressed exception
Traceback (most recent call last):
  File "c:\Users\allie\Coding Projects\huggin_suite\huginn\app\core\asset_manager.py", line 122, in init_database
    conn.execute("ALTER TABLE assets ADD COLUMN notes TEXT DEFAULT ''")
    ~~~~~~~~~~~~^^^^^^^^^^^^^^^^^^^^^^^^^^^^^^^^^^^^^^^^^^^^^^^^^^^^^^^
sqlite3.OperationalError: duplicate column name: notes
2026-05-17 23:49:05 - huginn - DEBUG - Credentials loaded for profile 'LAB'
2026-05-17 23:49:05 - huginn - INFO - Using default configuration
2026-05-17 23:49:07 - huginn - INFO - License saved successfully
2026-05-17 23:49:07 - huginn - INFO - License loaded and validated successfully
2026-05-17 23:49:30 - huginn - INFO - License saved successfully
2026-05-17 23:49:30 - huginn - INFO - License loaded and validated successfully
2026-05-17 23:49:30 - huginn - INFO - Application starting...
2026-05-17 23:49:30 - huginn - INFO - Font loaded successfully
2026-05-17 23:49:30 - huginn - INFO - Stylesheet loaded successfully
2026-05-17 23:49:30 - huginn - INFO - Creating main window...
2026-05-17 23:49:30 - huginn - INFO - QThreadPool max threads set to 32 (CPUs: 32)
2026-05-17 23:49:30 - huginn - INFO - Custom font 'Neuropol X' loaded from C:\Users\allie\Coding Projects\huggin_suite\huginn\resources\fonts\neuropol.otf
2026-05-17 23:49:30 - huginn - DEBUG - Suppressed exception
Traceback (most recent call last):
  File "C:\Users\allie\Coding Projects\huggin_suite\huginn\app\pages\page_registry.py", line 45, in register_all_pages
    from app.pages.db_attacks_page import DBAttacksPage
ImportError: cannot import name 'DBAttacksPage' from 'app.pages.db_attacks_page' (C:\Users\allie\Coding Projects\huggin_suite\huginn\app\pages\db_attacks_page.py)
2026-05-17 23:49:32 - huginn - DEBUG - Credentials loaded for profile 'LAB'
2026-05-17 23:49:32 - huginn - DEBUG - Credentials loaded for profile 'LAB'
2026-05-17 23:49:33 - huginn - DEBUG - Credentials loaded for profile 'LAB'
2026-05-17 23:49:40 - huginn - DEBUG - Suppressed exception
Traceback (most recent call last):
  File "C:\Users\allie\Coding Projects\huggin_suite\huginn\app\core\scope_manager.py", line 62, in _parse_scope_text
    ipaddress.IPv4Address(item)
    ~~~~~~~~~~~~~~~~~~~~~^^^^^^
  File "C:\Users\allie\anaconda3\Lib\ipaddress.py", line 1319, in __init__
    self._ip = self._ip_int_from_string(addr_str)
               ~~~~~~~~~~~~~~~~~~~~~~~~^^^^^^^^^^
  File "C:\Users\allie\anaconda3\Lib\ipaddress.py", line 1206, in _ip_int_from_string
    raise AddressValueError("Expected 4 octets in %r" % ip_str)
ipaddress.AddressValueError: Expected 4 octets in '1'
2026-05-17 23:49:41 - huginn - DEBUG - Suppressed exception
Traceback (most recent call last):
  File "C:\Users\allie\Coding Projects\huggin_suite\huginn\app\core\scope_manager.py", line 62, in _parse_scope_text
    ipaddress.IPv4Address(item)
    ~~~~~~~~~~~~~~~~~~~~~^^^^^^
  File "C:\Users\allie\anaconda3\Lib\ipaddress.py", line 1319, in __init__
    self._ip = self._ip_int_from_string(addr_str)
               ~~~~~~~~~~~~~~~~~~~~~~~~^^^^^^^^^^
  File "C:\Users\allie\anaconda3\Lib\ipaddress.py", line 1206, in _ip_int_from_string
    raise AddressValueError("Expected 4 octets in %r" % ip_str)
ipaddress.AddressValueError: Expected 4 octets in '19'
2026-05-17 23:49:41 - huginn - DEBUG - Suppressed exception
Traceback (most recent call last):
  File "C:\Users\allie\Coding Projects\huggin_suite\huginn\app\core\scope_manager.py", line 62, in _parse_scope_text
    ipaddress.IPv4Address(item)
    ~~~~~~~~~~~~~~~~~~~~~^^^^^^
  File "C:\Users\allie\anaconda3\Lib\ipaddress.py", line 1319, in __init__
    self._ip = self._ip_int_from_string(addr_str)
               ~~~~~~~~~~~~~~~~~~~~~~~~^^^^^^^^^^
  File "C:\Users\allie\anaconda3\Lib\ipaddress.py", line 1206, in _ip_int_from_string
    raise AddressValueError("Expected 4 octets in %r" % ip_str)
ipaddress.AddressValueError: Expected 4 octets in '192'
2026-05-17 23:49:41 - huginn - DEBUG - Suppressed exception
Traceback (most recent call last):
  File "C:\Users\allie\Coding Projects\huggin_suite\huginn\app\core\scope_manager.py", line 62, in _parse_scope_text
    ipaddress.IPv4Address(item)
    ~~~~~~~~~~~~~~~~~~~~~^^^^^^
  File "C:\Users\allie\anaconda3\Lib\ipaddress.py", line 1319, in __init__
    self._ip = self._ip_int_from_string(addr_str)
               ~~~~~~~~~~~~~~~~~~~~~~~~^^^^^^^^^^
  File "C:\Users\allie\anaconda3\Lib\ipaddress.py", line 1206, in _ip_int_from_string
    raise AddressValueError("Expected 4 octets in %r" % ip_str)
ipaddress.AddressValueError: Expected 4 octets in '192.'
2026-05-17 23:49:41 - huginn - DEBUG - Suppressed exception
Traceback (most recent call last):
  File "C:\Users\allie\Coding Projects\huggin_suite\huginn\app\core\scope_manager.py", line 62, in _parse_scope_text
    ipaddress.IPv4Address(item)
    ~~~~~~~~~~~~~~~~~~~~~^^^^^^
  File "C:\Users\allie\anaconda3\Lib\ipaddress.py", line 1319, in __init__
    self._ip = self._ip_int_from_string(addr_str)
               ~~~~~~~~~~~~~~~~~~~~~~~~^^^^^^^^^^
  File "C:\Users\allie\anaconda3\Lib\ipaddress.py", line 1206, in _ip_int_from_string
    raise AddressValueError("Expected 4 octets in %r" % ip_str)
ipaddress.AddressValueError: Expected 4 octets in '192.1'
2026-05-17 23:49:41 - huginn - DEBUG - Suppressed exception
Traceback (most recent call last):
  File "C:\Users\allie\Coding Projects\huggin_suite\huginn\app\core\scope_manager.py", line 62, in _parse_scope_text
    ipaddress.IPv4Address(item)
    ~~~~~~~~~~~~~~~~~~~~~^^^^^^
  File "C:\Users\allie\anaconda3\Lib\ipaddress.py", line 1319, in __init__
    self._ip = self._ip_int_from_string(addr_str)
               ~~~~~~~~~~~~~~~~~~~~~~~~^^^^^^^^^^
  File "C:\Users\allie\anaconda3\Lib\ipaddress.py", line 1206, in _ip_int_from_string
    raise AddressValueError("Expected 4 octets in %r" % ip_str)
ipaddress.AddressValueError: Expected 4 octets in '192.16'
2026-05-17 23:49:41 - huginn - DEBUG - Suppressed exception
Traceback (most recent call last):
  File "C:\Users\allie\Coding Projects\huggin_suite\huginn\app\core\scope_manager.py", line 62, in _parse_scope_text
    ipaddress.IPv4Address(item)
    ~~~~~~~~~~~~~~~~~~~~~^^^^^^
  File "C:\Users\allie\anaconda3\Lib\ipaddress.py", line 1319, in __init__
    self._ip = self._ip_int_from_string(addr_str)
               ~~~~~~~~~~~~~~~~~~~~~~~~^^^^^^^^^^
  File "C:\Users\allie\anaconda3\Lib\ipaddress.py", line 1206, in _ip_int_from_string
    raise AddressValueError("Expected 4 octets in %r" % ip_str)
ipaddress.AddressValueError: Expected 4 octets in '192.168'
2026-05-17 23:49:42 - huginn - DEBUG - Suppressed exception
Traceback (most recent call last):
  File "C:\Users\allie\Coding Projects\huggin_suite\huginn\app\core\scope_manager.py", line 62, in _parse_scope_text
    ipaddress.IPv4Address(item)
    ~~~~~~~~~~~~~~~~~~~~~^^^^^^
  File "C:\Users\allie\anaconda3\Lib\ipaddress.py", line 1319, in __init__
    self._ip = self._ip_int_from_string(addr_str)
               ~~~~~~~~~~~~~~~~~~~~~~~~^^^^^^^^^^
  File "C:\Users\allie\anaconda3\Lib\ipaddress.py", line 1206, in _ip_int_from_string
    raise AddressValueError("Expected 4 octets in %r" % ip_str)
ipaddress.AddressValueError: Expected 4 octets in '192.168.'
2026-05-17 23:49:42 - huginn - DEBUG - Suppressed exception
Traceback (most recent call last):
  File "C:\Users\allie\Coding Projects\huggin_suite\huginn\app\core\scope_manager.py", line 62, in _parse_scope_text
    ipaddress.IPv4Address(item)
    ~~~~~~~~~~~~~~~~~~~~~^^^^^^
  File "C:\Users\allie\anaconda3\Lib\ipaddress.py", line 1319, in __init__
    self._ip = self._ip_int_from_string(addr_str)
               ~~~~~~~~~~~~~~~~~~~~~~~~^^^^^^^^^^
  File "C:\Users\allie\anaconda3\Lib\ipaddress.py", line 1206, in _ip_int_from_string
    raise AddressValueError("Expected 4 octets in %r" % ip_str)
ipaddress.AddressValueError: Expected 4 octets in '192.168.1'
2026-05-17 23:49:42 - huginn - DEBUG - Suppressed exception
Traceback (most recent call last):
  File "C:\Users\allie\Coding Projects\huggin_suite\huginn\app\core\scope_manager.py", line 62, in _parse_scope_text
    ipaddress.IPv4Address(item)
    ~~~~~~~~~~~~~~~~~~~~~^^^^^^
  File "C:\Users\allie\anaconda3\Lib\ipaddress.py", line 1319, in __init__
    self._ip = self._ip_int_from_string(addr_str)
               ~~~~~~~~~~~~~~~~~~~~~~~~^^^^^^^^^^
  File "C:\Users\allie\anaconda3\Lib\ipaddress.py", line 1211, in _ip_int_from_string
    raise AddressValueError("%s in %r" % (exc, ip_str)) from None
ipaddress.AddressValueError: Empty octet not permitted in '192.168.1.'
2026-05-17 23:49:46 - huginn - INFO - [CredentialManager] set_profile('Testme2') from 'LAB'
  File "C:\Users\allie\Coding Projects\huggin_suite\huginn\main.py", line 112, in <module>
    main()
  File "C:\Users\allie\Coding Projects\huggin_suite\huginn\main.py", line 109, in main
    exit(app.exec())
  File "C:\Users\allie\Coding Projects\huggin_suite\huginn\app\pages\attack_chain_home.py", line 714, in save_current_profile
    self.target_table.selectRow(row)
  File "C:\Users\allie\Coding Projects\huggin_suite\huginn\app\pages\attack_chain_home.py", line 740, in on_profile_selected
    credential_manager.set_profile(profile_name)
  File "C:\Users\allie\Coding Projects\huggin_suite\huginn\app\core\credential_manager.py", line 201, in set_profile
    + ''.join(_tb.format_stack(limit=6))

2026-05-17 23:49:46 - huginn - INFO - [CredentialManager] Saved 4 credential(s) to profile 'Testme2' → Testme2_credentials.enc
2026-05-17 23:49:46 - huginn - DEBUG - Credentials loaded for profile 'Testme2'
2026-05-17 23:49:48 - huginn - INFO - [CredentialManager] set_profile('Testme2') from 'Testme2'
  File "C:\Users\allie\Coding Projects\huggin_suite\huginn\main.py", line 112, in <module>
    main()
  File "C:\Users\allie\Coding Projects\huggin_suite\huginn\main.py", line 109, in main
    exit(app.exec())
  File "C:\Users\allie\Coding Projects\huggin_suite\huginn\app\pages\attack_chain_home.py", line 740, in on_profile_selected
    credential_manager.set_profile(profile_name)
  File "C:\Users\allie\Coding Projects\huggin_suite\huginn\app\core\credential_manager.py", line 201, in set_profile
    + ''.join(_tb.format_stack(limit=6))

2026-05-17 23:49:48 - huginn - DEBUG - Credentials loaded for profile 'Testme2'
2026-05-17 23:49:48 - huginn - DEBUG - Credentials loaded for profile 'Testme2'
2026-05-17 23:49:53 - huginn - INFO - [CredentialManager] set_profile('LAB') from 'Testme2'
  File "C:\Users\allie\Coding Projects\huggin_suite\huginn\main.py", line 112, in <module>
    main()
  File "C:\Users\allie\Coding Projects\huggin_suite\huginn\main.py", line 109, in main
    exit(app.exec())
  File "C:\Users\allie\Coding Projects\huggin_suite\huginn\app\pages\attack_chain_home.py", line 740, in on_profile_selected
    credential_manager.set_profile(profile_name)
  File "C:\Users\allie\Coding Projects\huggin_suite\huginn\app\core\credential_manager.py", line 201, in set_profile
    + ''.join(_tb.format_stack(limit=6))

2026-05-17 23:49:53 - huginn - DEBUG - Credentials loaded for profile 'LAB'
2026-05-17 23:49:53 - huginn - DEBUG - Credentials loaded for profile 'LAB'
2026-05-17 23:49:53 - huginn - INFO - [CredentialManager] set_profile('Testme2') from 'LAB'
  File "C:\Users\allie\Coding Projects\huggin_suite\huginn\main.py", line 112, in <module>
    main()
  File "C:\Users\allie\Coding Projects\huggin_suite\huginn\main.py", line 109, in main
    exit(app.exec())
  File "C:\Users\allie\Coding Projects\huggin_suite\huginn\app\pages\attack_chain_home.py", line 740, in on_profile_selected
    credential_manager.set_profile(profile_name)
  File "C:\Users\allie\Coding Projects\huggin_suite\huginn\app\core\credential_manager.py", line 201, in set_profile
    + ''.join(_tb.format_stack(limit=6))

2026-05-17 23:49:53 - huginn - DEBUG - Credentials loaded for profile 'Testme2'
2026-05-17 23:49:53 - huginn - DEBUG - Credentials loaded for profile 'Testme2'
2026-05-17 23:49:57 - huginn - INFO - [CredentialManager] set_profile('LAB') from 'Testme2'
  File "C:\Users\allie\Coding Projects\huggin_suite\huginn\main.py", line 112, in <module>
    main()
  File "C:\Users\allie\Coding Projects\huggin_suite\huginn\main.py", line 109, in main
    exit(app.exec())
  File "C:\Users\allie\Coding Projects\huggin_suite\huginn\app\pages\attack_chain_home.py", line 740, in on_profile_selected
    credential_manager.set_profile(profile_name)
  File "C:\Users\allie\Coding Projects\huggin_suite\huginn\app\core\credential_manager.py", line 201, in set_profile
    + ''.join(_tb.format_stack(limit=6))

2026-05-17 23:49:57 - huginn - DEBUG - Credentials loaded for profile 'LAB'
2026-05-17 23:49:57 - huginn - DEBUG - Credentials loaded for profile 'LAB'
2026-05-17 23:49:59 - huginn - INFO - [CredentialManager] set_profile('HTB-Editor') from 'LAB'
  File "C:\Users\allie\Coding Projects\huggin_suite\huginn\main.py", line 112, in <module>
    main()
  File "C:\Users\allie\Coding Projects\huggin_suite\huginn\main.py", line 109, in main
    exit(app.exec())
  File "C:\Users\allie\Coding Projects\huggin_suite\huginn\app\pages\attack_chain_home.py", line 740, in on_profile_selected
    credential_manager.set_profile(profile_name)
  File "C:\Users\allie\Coding Projects\huggin_suite\huginn\app\core\credential_manager.py", line 201, in set_profile
    + ''.join(_tb.format_stack(limit=6))

2026-05-17 23:49:59 - huginn - DEBUG - Credentials loaded for profile 'HTB-Editor'
2026-05-17 23:49:59 - huginn - DEBUG - Credentials loaded for profile 'HTB-Editor'
2026-05-17 23:50:02 - huginn - INFO - [CredentialManager] set_profile('Testme2') from 'HTB-Editor'
  File "C:\Users\allie\Coding Projects\huggin_suite\huginn\main.py", line 112, in <module>
    main()
  File "C:\Users\allie\Coding Projects\huggin_suite\huginn\main.py", line 109, in main
    exit(app.exec())
  File "C:\Users\allie\Coding Projects\huggin_suite\huginn\app\pages\attack_chain_home.py", line 740, in on_profile_selected
    credential_manager.set_profile(profile_name)
  File "C:\Users\allie\Coding Projects\huggin_suite\huginn\app\core\credential_manager.py", line 201, in set_profile
    + ''.join(_tb.format_stack(limit=6))

2026-05-17 23:50:02 - huginn - DEBUG - Credentials loaded for profile 'Testme2'
2026-05-17 23:50:02 - huginn - DEBUG - Credentials loaded for profile 'Testme2'
2026-05-17 23:50:08 - huginn - INFO - [CredentialManager] set_profile('LAB') from 'Testme2'
  File "C:\Users\allie\Coding Projects\huggin_suite\huginn\main.py", line 112, in <module>
    main()
  File "C:\Users\allie\Coding Projects\huggin_suite\huginn\main.py", line 109, in main
    exit(app.exec())
  File "C:\Users\allie\Coding Projects\huggin_suite\huginn\app\pages\attack_chain_home.py", line 740, in on_profile_selected
    credential_manager.set_profile(profile_name)
  File "C:\Users\allie\Coding Projects\huggin_suite\huginn\app\core\credential_manager.py", line 201, in set_profile
    + ''.join(_tb.format_stack(limit=6))

2026-05-17 23:50:08 - huginn - DEBUG - Credentials loaded for profile 'LAB'
2026-05-17 23:50:08 - huginn - DEBUG - Credentials loaded for profile 'LAB'
2026-05-17 23:50:11 - huginn - INFO - [CredentialManager] set_profile('Testme2') from 'LAB'
  File "C:\Users\allie\Coding Projects\huggin_suite\huginn\main.py", line 112, in <module>
    main()
  File "C:\Users\allie\Coding Projects\huggin_suite\huginn\main.py", line 109, in main
    exit(app.exec())
  File "C:\Users\allie\Coding Projects\huggin_suite\huginn\app\pages\attack_chain_home.py", line 740, in on_profile_selected
    credential_manager.set_profile(profile_name)
  File "C:\Users\allie\Coding Projects\huggin_suite\huginn\app\core\credential_manager.py", line 201, in set_profile
    + ''.join(_tb.format_stack(limit=6))

2026-05-17 23:50:11 - huginn - DEBUG - Credentials loaded for profile 'Testme2'
2026-05-17 23:50:11 - huginn - DEBUG - Credentials loaded for profile 'Testme2'
2026-05-17 23:50:25 - huginn - INFO - [CredentialManager] set_profile('LAB') from 'Testme2'
  File "C:\Users\allie\Coding Projects\huggin_suite\huginn\main.py", line 112, in <module>
    main()
  File "C:\Users\allie\Coding Projects\huggin_suite\huginn\main.py", line 109, in main
    exit(app.exec())
  File "C:\Users\allie\Coding Projects\huggin_suite\huginn\app\pages\attack_chain_home.py", line 740, in on_profile_selected
    credential_manager.set_profile(profile_name)
  File "C:\Users\allie\Coding Projects\huggin_suite\huginn\app\core\credential_manager.py", line 201, in set_profile
    + ''.join(_tb.format_stack(limit=6))

2026-05-17 23:50:25 - huginn - DEBUG - Credentials loaded for profile 'LAB'
2026-05-17 23:50:25 - huginn - DEBUG - Credentials loaded for profile 'LAB'
2026-05-17 23:50:28 - huginn - INFO - [CredentialManager] set_profile('Testme2') from 'LAB'
  File "C:\Users\allie\Coding Projects\huggin_suite\huginn\main.py", line 112, in <module>
    main()
  File "C:\Users\allie\Coding Projects\huggin_suite\huginn\main.py", line 109, in main
    exit(app.exec())
  File "C:\Users\allie\Coding Projects\huggin_suite\huginn\app\pages\attack_chain_home.py", line 740, in on_profile_selected
    credential_manager.set_profile(profile_name)
  File "C:\Users\allie\Coding Projects\huggin_suite\huginn\app\core\credential_manager.py", line 201, in set_profile
    + ''.join(_tb.format_stack(limit=6))

2026-05-17 23:50:28 - huginn - DEBUG - Credentials loaded for profile 'Testme2'
2026-05-17 23:50:28 - huginn - DEBUG - Credentials loaded for profile 'Testme2'
2026-05-17 23:50:31 - huginn - INFO - [CredentialManager] set_profile('LAB') from 'Testme2'
  File "C:\Users\allie\Coding Projects\huggin_suite\huginn\main.py", line 112, in <module>
    main()
  File "C:\Users\allie\Coding Projects\huggin_suite\huginn\main.py", line 109, in main
    exit(app.exec())
  File "C:\Users\allie\Coding Projects\huggin_suite\huginn\app\pages\attack_chain_home.py", line 1125, in delete_selected_profile
    self.target_table.removeRow(current_row)
  File "C:\Users\allie\Coding Projects\huggin_suite\huginn\app\pages\attack_chain_home.py", line 740, in on_profile_selected
    credential_manager.set_profile(profile_name)
  File "C:\Users\allie\Coding Projects\huggin_suite\huginn\app\core\credential_manager.py", line 201, in set_profile
    + ''.join(_tb.format_stack(limit=6))

2026-05-17 23:50:31 - huginn - DEBUG - Credentials loaded for profile 'LAB'
2026-05-17 23:50:31 - huginn - DEBUG - Credentials loaded for profile 'LAB'
2026-05-17 23:50:31 - huginn - INFO - Deleted credentials file for profile 'Testme2'
2026-05-17 23:50:36 - huginn - INFO - [CredentialManager] set_profile('LAB') from 'LAB'
  File "C:\Users\allie\Coding Projects\huggin_suite\huginn\main.py", line 112, in <module>
    main()
  File "C:\Users\allie\Coding Projects\huggin_suite\huginn\main.py", line 109, in main
    exit(app.exec())
  File "C:\Users\allie\Coding Projects\huggin_suite\huginn\app\pages\attack_chain_home.py", line 740, in on_profile_selected
    credential_manager.set_profile(profile_name)
  File "C:\Users\allie\Coding Projects\huggin_suite\huginn\app\core\credential_manager.py", line 201, in set_profile
    + ''.join(_tb.format_stack(limit=6))

2026-05-17 23:50:36 - huginn - DEBUG - Credentials loaded for profile 'LAB'
2026-05-17 23:50:36 - huginn - DEBUG - Credentials loaded for profile 'LAB'
2026-05-17 23:50:48 - huginn - INFO - [CredentialManager] set_profile('Testme2') from 'LAB'
  File "C:\Users\allie\Coding Projects\huggin_suite\huginn\main.py", line 112, in <module>
    main()
  File "C:\Users\allie\Coding Projects\huggin_suite\huginn\main.py", line 109, in main
    exit(app.exec())
  File "C:\Users\allie\Coding Projects\huggin_suite\huginn\app\main_window\main_window_refactored.py", line 869, in new_profile
    page.new_profile()
  File "C:\Users\allie\Coding Projects\huggin_suite\huginn\app\pages\attack_chain_home.py", line 876, in new_profile
    credential_manager.set_profile(profile_name)
  File "C:\Users\allie\Coding Projects\huggin_suite\huginn\app\core\credential_manager.py", line 201, in set_profile
    + ''.join(_tb.format_stack(limit=6))

2026-05-17 23:50:48 - huginn - INFO - [CredentialManager] set_profile('Testme2') from 'Testme2'
  File "C:\Users\allie\Coding Projects\huggin_suite\huginn\main.py", line 112, in <module>
    main()
  File "C:\Users\allie\Coding Projects\huggin_suite\huginn\main.py", line 109, in main
    exit(app.exec())
  File "C:\Users\allie\Coding Projects\huggin_suite\huginn\app\main_window\main_window_refactored.py", line 869, in new_profile
    page.new_profile()
  File "C:\Users\allie\Coding Projects\huggin_suite\huginn\app\pages\attack_chain_home.py", line 892, in new_profile
    self.target_table.selectRow(row)
  File "C:\Users\allie\Coding Projects\huggin_suite\huginn\app\pages\attack_chain_home.py", line 740, in on_profile_selected
    credential_manager.set_profile(profile_name)
  File "C:\Users\allie\Coding Projects\huggin_suite\huginn\app\core\credential_manager.py", line 201, in set_profile
    + ''.join(_tb.format_stack(limit=6))

2026-05-17 23:50:52 - huginn - INFO - [CredentialManager] set_profile('Testme2') from 'Testme2'
  File "C:\Users\allie\Coding Projects\huggin_suite\huginn\main.py", line 112, in <module>
    main()
  File "C:\Users\allie\Coding Projects\huggin_suite\huginn\main.py", line 109, in main
    exit(app.exec())
  File "C:\Users\allie\Coding Projects\huggin_suite\huginn\app\pages\attack_chain_home.py", line 740, in on_profile_selected
    credential_manager.set_profile(profile_name)
  File "C:\Users\allie\Coding Projects\huggin_suite\huginn\app\core\credential_manager.py", line 201, in set_profile
    + ''.join(_tb.format_stack(limit=6))

2026-05-17 23:51:05 - huginn - DEBUG - Suppressed exception
Traceback (most recent call last):
  File "C:\Users\allie\Coding Projects\huggin_suite\huginn\app\core\scope_manager.py", line 62, in _parse_scope_text
    ipaddress.IPv4Address(item)
    ~~~~~~~~~~~~~~~~~~~~~^^^^^^
  File "C:\Users\allie\anaconda3\Lib\ipaddress.py", line 1319, in __init__
    self._ip = self._ip_int_from_string(addr_str)
               ~~~~~~~~~~~~~~~~~~~~~~~~^^^^^^^^^^
  File "C:\Users\allie\anaconda3\Lib\ipaddress.py", line 1206, in _ip_int_from_string
    raise AddressValueError("Expected 4 octets in %r" % ip_str)
ipaddress.AddressValueError: Expected 4 octets in '1'
2026-05-17 23:51:05 - huginn - DEBUG - Suppressed exception
Traceback (most recent call last):
  File "C:\Users\allie\Coding Projects\huggin_suite\huginn\app\core\scope_manager.py", line 62, in _parse_scope_text
    ipaddress.IPv4Address(item)
    ~~~~~~~~~~~~~~~~~~~~~^^^^^^
  File "C:\Users\allie\anaconda3\Lib\ipaddress.py", line 1319, in __init__
    self._ip = self._ip_int_from_string(addr_str)
               ~~~~~~~~~~~~~~~~~~~~~~~~^^^^^^^^^^
  File "C:\Users\allie\anaconda3\Lib\ipaddress.py", line 1206, in _ip_int_from_string
    raise AddressValueError("Expected 4 octets in %r" % ip_str)
ipaddress.AddressValueError: Expected 4 octets in '19'
2026-05-17 23:51:05 - huginn - DEBUG - Suppressed exception
Traceback (most recent call last):
  File "C:\Users\allie\Coding Projects\huggin_suite\huginn\app\core\scope_manager.py", line 62, in _parse_scope_text
    ipaddress.IPv4Address(item)
    ~~~~~~~~~~~~~~~~~~~~~^^^^^^
  File "C:\Users\allie\anaconda3\Lib\ipaddress.py", line 1319, in __init__
    self._ip = self._ip_int_from_string(addr_str)
               ~~~~~~~~~~~~~~~~~~~~~~~~^^^^^^^^^^
  File "C:\Users\allie\anaconda3\Lib\ipaddress.py", line 1206, in _ip_int_from_string
    raise AddressValueError("Expected 4 octets in %r" % ip_str)
ipaddress.AddressValueError: Expected 4 octets in '192'
2026-05-17 23:51:05 - huginn - DEBUG - Suppressed exception
Traceback (most recent call last):
  File "C:\Users\allie\Coding Projects\huggin_suite\huginn\app\core\scope_manager.py", line 62, in _parse_scope_text
    ipaddress.IPv4Address(item)
    ~~~~~~~~~~~~~~~~~~~~~^^^^^^
  File "C:\Users\allie\anaconda3\Lib\ipaddress.py", line 1319, in __init__
    self._ip = self._ip_int_from_string(addr_str)
               ~~~~~~~~~~~~~~~~~~~~~~~~^^^^^^^^^^
  File "C:\Users\allie\anaconda3\Lib\ipaddress.py", line 1206, in _ip_int_from_string
    raise AddressValueError("Expected 4 octets in %r" % ip_str)
ipaddress.AddressValueError: Expected 4 octets in '192.'
2026-05-17 23:51:06 - huginn - DEBUG - Suppressed exception
Traceback (most recent call last):
  File "C:\Users\allie\Coding Projects\huggin_suite\huginn\app\core\scope_manager.py", line 62, in _parse_scope_text
    ipaddress.IPv4Address(item)
    ~~~~~~~~~~~~~~~~~~~~~^^^^^^
  File "C:\Users\allie\anaconda3\Lib\ipaddress.py", line 1319, in __init__
    self._ip = self._ip_int_from_string(addr_str)
               ~~~~~~~~~~~~~~~~~~~~~~~~^^^^^^^^^^
  File "C:\Users\allie\anaconda3\Lib\ipaddress.py", line 1206, in _ip_int_from_string
    raise AddressValueError("Expected 4 octets in %r" % ip_str)
ipaddress.AddressValueError: Expected 4 octets in '192.1'
2026-05-17 23:51:06 - huginn - DEBUG - Suppressed exception
Traceback (most recent call last):
  File "C:\Users\allie\Coding Projects\huggin_suite\huginn\app\core\scope_manager.py", line 62, in _parse_scope_text
    ipaddress.IPv4Address(item)
    ~~~~~~~~~~~~~~~~~~~~~^^^^^^
  File "C:\Users\allie\anaconda3\Lib\ipaddress.py", line 1319, in __init__
    self._ip = self._ip_int_from_string(addr_str)
               ~~~~~~~~~~~~~~~~~~~~~~~~^^^^^^^^^^
  File "C:\Users\allie\anaconda3\Lib\ipaddress.py", line 1206, in _ip_int_from_string
    raise AddressValueError("Expected 4 octets in %r" % ip_str)
ipaddress.AddressValueError: Expected 4 octets in '192.16'
2026-05-17 23:51:06 - huginn - DEBUG - Suppressed exception
Traceback (most recent call last):
  File "C:\Users\allie\Coding Projects\huggin_suite\huginn\app\core\scope_manager.py", line 62, in _parse_scope_text
    ipaddress.IPv4Address(item)
    ~~~~~~~~~~~~~~~~~~~~~^^^^^^
  File "C:\Users\allie\anaconda3\Lib\ipaddress.py", line 1319, in __init__
    self._ip = self._ip_int_from_string(addr_str)
               ~~~~~~~~~~~~~~~~~~~~~~~~^^^^^^^^^^
  File "C:\Users\allie\anaconda3\Lib\ipaddress.py", line 1206, in _ip_int_from_string
    raise AddressValueError("Expected 4 octets in %r" % ip_str)
ipaddress.AddressValueError: Expected 4 octets in '192.168'
2026-05-17 23:51:06 - huginn - DEBUG - Suppressed exception
Traceback (most recent call last):
  File "C:\Users\allie\Coding Projects\huggin_suite\huginn\app\core\scope_manager.py", line 62, in _parse_scope_text
    ipaddress.IPv4Address(item)
    ~~~~~~~~~~~~~~~~~~~~~^^^^^^
  File "C:\Users\allie\anaconda3\Lib\ipaddress.py", line 1319, in __init__
    self._ip = self._ip_int_from_string(addr_str)
               ~~~~~~~~~~~~~~~~~~~~~~~~^^^^^^^^^^
  File "C:\Users\allie\anaconda3\Lib\ipaddress.py", line 1206, in _ip_int_from_string
    raise AddressValueError("Expected 4 octets in %r" % ip_str)
ipaddress.AddressValueError: Expected 4 octets in '192.168.'
2026-05-17 23:51:06 - huginn - DEBUG - Suppressed exception
Traceback (most recent call last):
  File "C:\Users\allie\Coding Projects\huggin_suite\huginn\app\core\scope_manager.py", line 62, in _parse_scope_text
    ipaddress.IPv4Address(item)
    ~~~~~~~~~~~~~~~~~~~~~^^^^^^
  File "C:\Users\allie\anaconda3\Lib\ipaddress.py", line 1319, in __init__
    self._ip = self._ip_int_from_string(addr_str)
               ~~~~~~~~~~~~~~~~~~~~~~~~^^^^^^^^^^
  File "C:\Users\allie\anaconda3\Lib\ipaddress.py", line 1206, in _ip_int_from_string
    raise AddressValueError("Expected 4 octets in %r" % ip_str)
ipaddress.AddressValueError: Expected 4 octets in '192.168.1'
2026-05-17 23:51:07 - huginn - DEBUG - Suppressed exception
Traceback (most recent call last):
  File "C:\Users\allie\Coding Projects\huggin_suite\huginn\app\core\scope_manager.py", line 62, in _parse_scope_text
    ipaddress.IPv4Address(item)
    ~~~~~~~~~~~~~~~~~~~~~^^^^^^
  File "C:\Users\allie\anaconda3\Lib\ipaddress.py", line 1319, in __init__
    self._ip = self._ip_int_from_string(addr_str)
               ~~~~~~~~~~~~~~~~~~~~~~~~^^^^^^^^^^
  File "C:\Users\allie\anaconda3\Lib\ipaddress.py", line 1206, in _ip_int_from_string
    raise AddressValueError("Expected 4 octets in %r" % ip_str)
ipaddress.AddressValueError: Expected 4 octets in '192.168.11'
2026-05-17 23:51:07 - huginn - DEBUG - Suppressed exception
Traceback (most recent call last):
  File "C:\Users\allie\Coding Projects\huggin_suite\huginn\app\core\scope_manager.py", line 62, in _parse_scope_text
    ipaddress.IPv4Address(item)
    ~~~~~~~~~~~~~~~~~~~~~^^^^^^
  File "C:\Users\allie\anaconda3\Lib\ipaddress.py", line 1319, in __init__
    self._ip = self._ip_int_from_string(addr_str)
               ~~~~~~~~~~~~~~~~~~~~~~~~^^^^^^^^^^
  File "C:\Users\allie\anaconda3\Lib\ipaddress.py", line 1206, in _ip_int_from_string
    raise AddressValueError("Expected 4 octets in %r" % ip_str)
ipaddress.AddressValueError: Expected 4 octets in '192.168.1'
2026-05-17 23:51:08 - huginn - DEBUG - Suppressed exception
Traceback (most recent call last):
  File "C:\Users\allie\Coding Projects\huggin_suite\huginn\app\core\scope_manager.py", line 62, in _parse_scope_text
    ipaddress.IPv4Address(item)
    ~~~~~~~~~~~~~~~~~~~~~^^^^^^
  File "C:\Users\allie\anaconda3\Lib\ipaddress.py", line 1319, in __init__
    self._ip = self._ip_int_from_string(addr_str)
               ~~~~~~~~~~~~~~~~~~~~~~~~^^^^^^^^^^
  File "C:\Users\allie\anaconda3\Lib\ipaddress.py", line 1211, in _ip_int_from_string
    raise AddressValueError("%s in %r" % (exc, ip_str)) from None
ipaddress.AddressValueError: Empty octet not permitted in '192.168.1.'
2026-05-17 23:51:14 - huginn - INFO - [CredentialManager] Saved 1 credential(s) to profile 'Testme2' → Testme2_credentials.enc
2026-05-17 23:51:14 - huginn - DEBUG - Credentials loaded for profile 'Testme2'
2026-05-17 23:51:17 - huginn - INFO - [CredentialManager] set_profile('LAB') from 'Testme2'
  File "C:\Users\allie\Coding Projects\huggin_suite\huginn\main.py", line 112, in <module>
    main()
  File "C:\Users\allie\Coding Projects\huggin_suite\huginn\main.py", line 109, in main
    exit(app.exec())
  File "C:\Users\allie\Coding Projects\huggin_suite\huginn\app\pages\attack_chain_home.py", line 740, in on_profile_selected
    credential_manager.set_profile(profile_name)
  File "C:\Users\allie\Coding Projects\huggin_suite\huginn\app\core\credential_manager.py", line 201, in set_profile
    + ''.join(_tb.format_stack(limit=6))

2026-05-17 23:51:17 - huginn - DEBUG - Credentials loaded for profile 'LAB'
2026-05-17 23:51:17 - huginn - DEBUG - Credentials loaded for profile 'LAB'
2026-05-17 23:51:21 - huginn - INFO - [CredentialManager] set_profile('Testme2') from 'LAB'
  File "C:\Users\allie\Coding Projects\huggin_suite\huginn\main.py", line 112, in <module>
    main()
  File "C:\Users\allie\Coding Projects\huggin_suite\huginn\main.py", line 109, in main
    exit(app.exec())
  File "C:\Users\allie\Coding Projects\huggin_suite\huginn\app\pages\attack_chain_home.py", line 740, in on_profile_selected
    credential_manager.set_profile(profile_name)
  File "C:\Users\allie\Coding Projects\huggin_suite\huginn\app\core\credential_manager.py", line 201, in set_profile
    + ''.join(_tb.format_stack(limit=6))

2026-05-17 23:51:21 - huginn - DEBUG - Credentials loaded for profile 'Testme2'
2026-05-17 23:51:21 - huginn - DEBUG - Credentials loaded for profile 'Testme2'
2026-05-17 23:51:28 - huginn - INFO - [CredentialManager] set_profile('LAB') from 'Testme2'
  File "C:\Users\allie\Coding Projects\huggin_suite\huginn\main.py", line 112, in <module>
    main()
  File "C:\Users\allie\Coding Projects\huggin_suite\huginn\main.py", line 109, in main
    exit(app.exec())
  File "C:\Users\allie\Coding Projects\huggin_suite\huginn\app\pages\attack_chain_home.py", line 1125, in delete_selected_profile
    self.target_table.removeRow(current_row)
  File "C:\Users\allie\Coding Projects\huggin_suite\huginn\app\pages\attack_chain_home.py", line 740, in on_profile_selected
    credential_manager.set_profile(profile_name)
  File "C:\Users\allie\Coding Projects\huggin_suite\huginn\app\core\credential_manager.py", line 201, in set_profile
    + ''.join(_tb.format_stack(limit=6))

2026-05-17 23:51:28 - huginn - DEBUG - Credentials loaded for profile 'LAB'
2026-05-17 23:51:28 - huginn - DEBUG - Credentials loaded for profile 'LAB'
2026-05-17 23:51:28 - huginn - INFO - Deleted credentials file for profile 'Testme2'
2026-05-17 23:51:33 - huginn - INFO - [CredentialManager] set_profile('LAB') from 'LAB'
  File "C:\Users\allie\Coding Projects\huggin_suite\huginn\main.py", line 112, in <module>
    main()
  File "C:\Users\allie\Coding Projects\huggin_suite\huginn\main.py", line 109, in main
    exit(app.exec())
  File "C:\Users\allie\Coding Projects\huggin_suite\huginn\app\pages\attack_chain_home.py", line 740, in on_profile_selected
    credential_manager.set_profile(profile_name)
  File "C:\Users\allie\Coding Projects\huggin_suite\huginn\app\core\credential_manager.py", line 201, in set_profile
    + ''.join(_tb.format_stack(limit=6))

2026-05-17 23:51:33 - huginn - DEBUG - Credentials loaded for profile 'LAB'
2026-05-17 23:51:33 - huginn - DEBUG - Credentials loaded for profile 'LAB'
2026-05-17 23:51:35 - huginn - INFO - [CredentialManager] set_profile('HTB-Editor') from 'LAB'
  File "C:\Users\allie\Coding Projects\huggin_suite\huginn\main.py", line 112, in <module>
    main()
  File "C:\Users\allie\Coding Projects\huggin_suite\huginn\main.py", line 109, in main
    exit(app.exec())
  File "C:\Users\allie\Coding Projects\huggin_suite\huginn\app\pages\attack_chain_home.py", line 740, in on_profile_selected
    credential_manager.set_profile(profile_name)
  File "C:\Users\allie\Coding Projects\huggin_suite\huginn\app\core\credential_manager.py", line 201, in set_profile
    + ''.join(_tb.format_stack(limit=6))

2026-05-17 23:51:35 - huginn - DEBUG - Credentials loaded for profile 'HTB-Editor'
2026-05-17 23:51:35 - huginn - DEBUG - Credentials loaded for profile 'HTB-Editor'
2026-05-17 23:51:43 - huginn - DEBUG - Memory monitoring stopped
2026-05-17 23:51:43 - huginn - DEBUG - Connection pool closed all sessions
2026-05-17 23:51:43 - huginn - INFO - Update manager stopped during cleanup
2026-05-17 23:51:45 - huginn - INFO - License saved successfully
2026-05-17 23:51:45 - huginn - INFO - License loaded and validated successfully
2026-05-17 23:51:45 - huginn - INFO - Application starting...
2026-05-17 23:51:45 - huginn - INFO - Font loaded successfully
2026-05-17 23:51:45 - huginn - INFO - Stylesheet loaded successfully
2026-05-17 23:51:45 - huginn - INFO - Creating main window...
2026-05-17 23:51:45 - huginn - INFO - QThreadPool max threads set to 32 (CPUs: 32)
2026-05-17 23:51:45 - huginn - INFO - Custom font 'Neuropol X' loaded from C:\Users\allie\Coding Projects\huggin_suite\huginn\resources\fonts\neuropol.otf
2026-05-17 23:51:45 - huginn - DEBUG - Suppressed exception
Traceback (most recent call last):
  File "C:\Users\allie\Coding Projects\huggin_suite\huginn\app\pages\page_registry.py", line 45, in register_all_pages
    from app.pages.db_attacks_page import DBAttacksPage
ImportError: cannot import name 'DBAttacksPage' from 'app.pages.db_attacks_page' (C:\Users\allie\Coding Projects\huggin_suite\huginn\app\pages\db_attacks_page.py)
2026-05-17 23:51:46 - huginn - DEBUG - Credentials loaded for profile 'HTB-Editor'
2026-05-17 23:51:46 - huginn - DEBUG - Credentials loaded for profile 'HTB-Editor'
2026-05-17 23:51:48 - huginn - DEBUG - Credentials loaded for profile 'HTB-Editor'
2026-05-17 23:51:54 - huginn - INFO - [CredentialManager] set_profile('HTB-Editor') from 'HTB-Editor'
  File "C:\Users\allie\Coding Projects\huggin_suite\huginn\main.py", line 112, in <module>
    main()
  File "C:\Users\allie\Coding Projects\huggin_suite\huginn\main.py", line 109, in main
    exit(app.exec())
  File "C:\Users\allie\Coding Projects\huggin_suite\huginn\app\pages\attack_chain_home.py", line 740, in on_profile_selected
    credential_manager.set_profile(profile_name)
  File "C:\Users\allie\Coding Projects\huggin_suite\huginn\app\core\credential_manager.py", line 201, in set_profile
    + ''.join(_tb.format_stack(limit=6))

2026-05-17 23:51:54 - huginn - DEBUG - Credentials loaded for profile 'HTB-Editor'
2026-05-17 23:51:54 - huginn - DEBUG - Credentials loaded for profile 'HTB-Editor'
2026-05-17 23:51:57 - huginn - INFO - [CredentialManager] set_profile('LAB') from 'HTB-Editor'
  File "C:\Users\allie\Coding Projects\huggin_suite\huginn\main.py", line 112, in <module>
    main()
  File "C:\Users\allie\Coding Projects\huggin_suite\huginn\main.py", line 109, in main
    exit(app.exec())
  File "C:\Users\allie\Coding Projects\huggin_suite\huginn\app\pages\attack_chain_home.py", line 740, in on_profile_selected
    credential_manager.set_profile(profile_name)
  File "C:\Users\allie\Coding Projects\huggin_suite\huginn\app\core\credential_manager.py", line 201, in set_profile
    + ''.join(_tb.format_stack(limit=6))

2026-05-17 23:51:58 - huginn - DEBUG - Credentials loaded for profile 'LAB'
2026-05-17 23:51:58 - huginn - DEBUG - Credentials loaded for profile 'LAB'
2026-05-17 23:52:34 - huginn - INFO - [CredentialManager] set_profile('HTB-Editor') from 'LAB'
  File "C:\Users\allie\Coding Projects\huggin_suite\huginn\main.py", line 112, in <module>
    main()
  File "C:\Users\allie\Coding Projects\huggin_suite\huginn\main.py", line 109, in main
    exit(app.exec())
  File "C:\Users\allie\Coding Projects\huggin_suite\huginn\app\pages\attack_chain_home.py", line 740, in on_profile_selected
    credential_manager.set_profile(profile_name)
  File "C:\Users\allie\Coding Projects\huggin_suite\huginn\app\core\credential_manager.py", line 201, in set_profile
    + ''.join(_tb.format_stack(limit=6))

2026-05-17 23:52:34 - huginn - DEBUG - Credentials loaded for profile 'HTB-Editor'
2026-05-17 23:52:34 - huginn - DEBUG - Credentials loaded for profile 'HTB-Editor'
2026-05-17 23:52:35 - huginn - INFO - [CredentialManager] set_profile('LAB') from 'HTB-Editor'
  File "C:\Users\allie\Coding Projects\huggin_suite\huginn\main.py", line 112, in <module>
    main()
  File "C:\Users\allie\Coding Projects\huggin_suite\huginn\main.py", line 109, in main
    exit(app.exec())
  File "C:\Users\allie\Coding Projects\huggin_suite\huginn\app\pages\attack_chain_home.py", line 740, in on_profile_selected
    credential_manager.set_profile(profile_name)
  File "C:\Users\allie\Coding Projects\huggin_suite\huginn\app\core\credential_manager.py", line 201, in set_profile
    + ''.join(_tb.format_stack(limit=6))

2026-05-17 23:52:35 - huginn - DEBUG - Credentials loaded for profile 'LAB'
2026-05-17 23:52:35 - huginn - DEBUG - Credentials loaded for profile 'LAB'
2026-05-17 23:52:36 - huginn - INFO - [CredentialManager] set_profile('HTB-Code') from 'LAB'
  File "C:\Users\allie\Coding Projects\huggin_suite\huginn\main.py", line 112, in <module>
    main()
  File "C:\Users\allie\Coding Projects\huggin_suite\huginn\main.py", line 109, in main
    exit(app.exec())
  File "C:\Users\allie\Coding Projects\huggin_suite\huginn\app\pages\attack_chain_home.py", line 740, in on_profile_selected
    credential_manager.set_profile(profile_name)
  File "C:\Users\allie\Coding Projects\huggin_suite\huginn\app\core\credential_manager.py", line 201, in set_profile
    + ''.join(_tb.format_stack(limit=6))

2026-05-17 23:52:36 - huginn - DEBUG - Credentials loaded for profile 'HTB-Code'
2026-05-17 23:52:36 - huginn - DEBUG - Credentials loaded for profile 'HTB-Code'
2026-05-17 23:52:38 - huginn - INFO - [CredentialManager] set_profile('HTB-Editor') from 'HTB-Code'
  File "C:\Users\allie\Coding Projects\huggin_suite\huginn\main.py", line 112, in <module>
    main()
  File "C:\Users\allie\Coding Projects\huggin_suite\huginn\main.py", line 109, in main
    exit(app.exec())
  File "C:\Users\allie\Coding Projects\huggin_suite\huginn\app\pages\attack_chain_home.py", line 740, in on_profile_selected
    credential_manager.set_profile(profile_name)
  File "C:\Users\allie\Coding Projects\huggin_suite\huginn\app\core\credential_manager.py", line 201, in set_profile
    + ''.join(_tb.format_stack(limit=6))

2026-05-17 23:52:38 - huginn - DEBUG - Credentials loaded for profile 'HTB-Editor'
2026-05-17 23:52:38 - huginn - DEBUG - Credentials loaded for profile 'HTB-Editor'
2026-05-17 23:52:39 - huginn - INFO - [CredentialManager] set_profile('LAB') from 'HTB-Editor'
  File "C:\Users\allie\Coding Projects\huggin_suite\huginn\main.py", line 112, in <module>
    main()
  File "C:\Users\allie\Coding Projects\huggin_suite\huginn\main.py", line 109, in main
    exit(app.exec())
  File "C:\Users\allie\Coding Projects\huggin_suite\huginn\app\pages\attack_chain_home.py", line 740, in on_profile_selected
    credential_manager.set_profile(profile_name)
  File "C:\Users\allie\Coding Projects\huggin_suite\huginn\app\core\credential_manager.py", line 201, in set_profile
    + ''.join(_tb.format_stack(limit=6))

2026-05-17 23:52:39 - huginn - DEBUG - Credentials loaded for profile 'LAB'
2026-05-17 23:52:39 - huginn - DEBUG - Credentials loaded for profile 'LAB'
2026-05-17 23:52:53 - huginn - DEBUG - Suppressed exception
Traceback (most recent call last):
  File "C:\Users\allie\Coding Projects\huggin_suite\huginn\app\core\scope_manager.py", line 62, in _parse_scope_text
    ipaddress.IPv4Address(item)
    ~~~~~~~~~~~~~~~~~~~~~^^^^^^
  File "C:\Users\allie\anaconda3\Lib\ipaddress.py", line 1319, in __init__
    self._ip = self._ip_int_from_string(addr_str)
               ~~~~~~~~~~~~~~~~~~~~~~~~^^^^^^^^^^
  File "C:\Users\allie\anaconda3\Lib\ipaddress.py", line 1206, in _ip_int_from_string
    raise AddressValueError("Expected 4 octets in %r" % ip_str)
ipaddress.AddressValueError: Expected 4 octets in '*'
2026-05-17 23:52:53 - huginn - DEBUG - Suppressed exception
Traceback (most recent call last):
  File "C:\Users\allie\Coding Projects\huggin_suite\huginn\app\core\scope_manager.py", line 62, in _parse_scope_text
    ipaddress.IPv4Address(item)
    ~~~~~~~~~~~~~~~~~~~~~^^^^^^
  File "C:\Users\allie\anaconda3\Lib\ipaddress.py", line 1319, in __init__
    self._ip = self._ip_int_from_string(addr_str)
               ~~~~~~~~~~~~~~~~~~~~~~~~^^^^^^^^^^
  File "C:\Users\allie\anaconda3\Lib\ipaddress.py", line 1206, in _ip_int_from_string
    raise AddressValueError("Expected 4 octets in %r" % ip_str)
ipaddress.AddressValueError: Expected 4 octets in '*.'
2026-05-17 23:52:53 - huginn - DEBUG - Suppressed exception
Traceback (most recent call last):
  File "C:\Users\allie\Coding Projects\huggin_suite\huginn\app\core\scope_manager.py", line 62, in _parse_scope_text
    ipaddress.IPv4Address(item)
    ~~~~~~~~~~~~~~~~~~~~~^^^^^^
  File "C:\Users\allie\anaconda3\Lib\ipaddress.py", line 1319, in __init__
    self._ip = self._ip_int_from_string(addr_str)
               ~~~~~~~~~~~~~~~~~~~~~~~~^^^^^^^^^^
  File "C:\Users\allie\anaconda3\Lib\ipaddress.py", line 1206, in _ip_int_from_string
    raise AddressValueError("Expected 4 octets in %r" % ip_str)
ipaddress.AddressValueError: Expected 4 octets in '*.l'
2026-05-17 23:52:54 - huginn - DEBUG - Suppressed exception
Traceback (most recent call last):
  File "C:\Users\allie\Coding Projects\huggin_suite\huginn\app\core\scope_manager.py", line 62, in _parse_scope_text
    ipaddress.IPv4Address(item)
    ~~~~~~~~~~~~~~~~~~~~~^^^^^^
  File "C:\Users\allie\anaconda3\Lib\ipaddress.py", line 1319, in __init__
    self._ip = self._ip_int_from_string(addr_str)
               ~~~~~~~~~~~~~~~~~~~~~~~~^^^^^^^^^^
  File "C:\Users\allie\anaconda3\Lib\ipaddress.py", line 1206, in _ip_int_from_string
    raise AddressValueError("Expected 4 octets in %r" % ip_str)
ipaddress.AddressValueError: Expected 4 octets in '*.la'
2026-05-17 23:52:54 - huginn - DEBUG - Suppressed exception
Traceback (most recent call last):
  File "C:\Users\allie\Coding Projects\huggin_suite\huginn\app\core\scope_manager.py", line 62, in _parse_scope_text
    ipaddress.IPv4Address(item)
    ~~~~~~~~~~~~~~~~~~~~~^^^^^^
  File "C:\Users\allie\anaconda3\Lib\ipaddress.py", line 1319, in __init__
    self._ip = self._ip_int_from_string(addr_str)
               ~~~~~~~~~~~~~~~~~~~~~~~~^^^^^^^^^^
  File "C:\Users\allie\anaconda3\Lib\ipaddress.py", line 1206, in _ip_int_from_string
    raise AddressValueError("Expected 4 octets in %r" % ip_str)
ipaddress.AddressValueError: Expected 4 octets in '*.lab'
2026-05-17 23:52:54 - huginn - DEBUG - Suppressed exception
Traceback (most recent call last):
  File "C:\Users\allie\Coding Projects\huggin_suite\huginn\app\core\scope_manager.py", line 62, in _parse_scope_text
    ipaddress.IPv4Address(item)
    ~~~~~~~~~~~~~~~~~~~~~^^^^^^
  File "C:\Users\allie\anaconda3\Lib\ipaddress.py", line 1319, in __init__
    self._ip = self._ip_int_from_string(addr_str)
               ~~~~~~~~~~~~~~~~~~~~~~~~^^^^^^^^^^
  File "C:\Users\allie\anaconda3\Lib\ipaddress.py", line 1206, in _ip_int_from_string
    raise AddressValueError("Expected 4 octets in %r" % ip_str)
ipaddress.AddressValueError: Expected 4 octets in '*.lab.'
2026-05-17 23:52:54 - huginn - DEBUG - Suppressed exception
Traceback (most recent call last):
  File "C:\Users\allie\Coding Projects\huggin_suite\huginn\app\core\scope_manager.py", line 62, in _parse_scope_text
    ipaddress.IPv4Address(item)
    ~~~~~~~~~~~~~~~~~~~~~^^^^^^
  File "C:\Users\allie\anaconda3\Lib\ipaddress.py", line 1319, in __init__
    self._ip = self._ip_int_from_string(addr_str)
               ~~~~~~~~~~~~~~~~~~~~~~~~^^^^^^^^^^
  File "C:\Users\allie\anaconda3\Lib\ipaddress.py", line 1206, in _ip_int_from_string
    raise AddressValueError("Expected 4 octets in %r" % ip_str)
ipaddress.AddressValueError: Expected 4 octets in '*.lab.l'
2026-05-17 23:52:55 - huginn - DEBUG - Suppressed exception
Traceback (most recent call last):
  File "C:\Users\allie\Coding Projects\huggin_suite\huginn\app\core\scope_manager.py", line 62, in _parse_scope_text
    ipaddress.IPv4Address(item)
    ~~~~~~~~~~~~~~~~~~~~~^^^^^^
  File "C:\Users\allie\anaconda3\Lib\ipaddress.py", line 1319, in __init__
    self._ip = self._ip_int_from_string(addr_str)
               ~~~~~~~~~~~~~~~~~~~~~~~~^^^^^^^^^^
  File "C:\Users\allie\anaconda3\Lib\ipaddress.py", line 1206, in _ip_int_from_string
    raise AddressValueError("Expected 4 octets in %r" % ip_str)
ipaddress.AddressValueError: Expected 4 octets in '*.lab.lo'
2026-05-17 23:52:55 - huginn - DEBUG - Suppressed exception
Traceback (most recent call last):
  File "C:\Users\allie\Coding Projects\huggin_suite\huginn\app\core\scope_manager.py", line 62, in _parse_scope_text
    ipaddress.IPv4Address(item)
    ~~~~~~~~~~~~~~~~~~~~~^^^^^^
  File "C:\Users\allie\anaconda3\Lib\ipaddress.py", line 1319, in __init__
    self._ip = self._ip_int_from_string(addr_str)
               ~~~~~~~~~~~~~~~~~~~~~~~~^^^^^^^^^^
  File "C:\Users\allie\anaconda3\Lib\ipaddress.py", line 1206, in _ip_int_from_string
    raise AddressValueError("Expected 4 octets in %r" % ip_str)
ipaddress.AddressValueError: Expected 4 octets in '*.lab.loc'
2026-05-17 23:52:55 - huginn - DEBUG - Suppressed exception
Traceback (most recent call last):
  File "C:\Users\allie\Coding Projects\huggin_suite\huginn\app\core\scope_manager.py", line 62, in _parse_scope_text
    ipaddress.IPv4Address(item)
    ~~~~~~~~~~~~~~~~~~~~~^^^^^^
  File "C:\Users\allie\anaconda3\Lib\ipaddress.py", line 1319, in __init__
    self._ip = self._ip_int_from_string(addr_str)
               ~~~~~~~~~~~~~~~~~~~~~~~~^^^^^^^^^^
  File "C:\Users\allie\anaconda3\Lib\ipaddress.py", line 1206, in _ip_int_from_string
    raise AddressValueError("Expected 4 octets in %r" % ip_str)
ipaddress.AddressValueError: Expected 4 octets in '*.lab.loca'
2026-05-17 23:52:55 - huginn - DEBUG - Suppressed exception
Traceback (most recent call last):
  File "C:\Users\allie\Coding Projects\huggin_suite\huginn\app\core\scope_manager.py", line 62, in _parse_scope_text
    ipaddress.IPv4Address(item)
    ~~~~~~~~~~~~~~~~~~~~~^^^^^^
  File "C:\Users\allie\anaconda3\Lib\ipaddress.py", line 1319, in __init__
    self._ip = self._ip_int_from_string(addr_str)
               ~~~~~~~~~~~~~~~~~~~~~~~~^^^^^^^^^^
  File "C:\Users\allie\anaconda3\Lib\ipaddress.py", line 1206, in _ip_int_from_string
    raise AddressValueError("Expected 4 octets in %r" % ip_str)
ipaddress.AddressValueError: Expected 4 octets in '*.lab.local'
2026-05-17 23:53:02 - huginn - INFO - [CredentialManager] set_profile('HTB-Editor') from 'LAB'
  File "C:\Users\allie\Coding Projects\huggin_suite\huginn\main.py", line 112, in <module>
    main()
  File "C:\Users\allie\Coding Projects\huggin_suite\huginn\main.py", line 109, in main
    exit(app.exec())
  File "C:\Users\allie\Coding Projects\huggin_suite\huginn\app\pages\attack_chain_home.py", line 740, in on_profile_selected
    credential_manager.set_profile(profile_name)
  File "C:\Users\allie\Coding Projects\huggin_suite\huginn\app\core\credential_manager.py", line 201, in set_profile
    + ''.join(_tb.format_stack(limit=6))

2026-05-17 23:53:02 - huginn - DEBUG - Credentials loaded for profile 'HTB-Editor'
2026-05-17 23:53:02 - huginn - DEBUG - Credentials loaded for profile 'HTB-Editor'
2026-05-17 23:53:12 - huginn - DEBUG - Suppressed exception
Traceback (most recent call last):
  File "C:\Users\allie\Coding Projects\huggin_suite\huginn\app\core\scope_manager.py", line 62, in _parse_scope_text
    ipaddress.IPv4Address(item)
    ~~~~~~~~~~~~~~~~~~~~~^^^^^^
  File "C:\Users\allie\anaconda3\Lib\ipaddress.py", line 1319, in __init__
    self._ip = self._ip_int_from_string(addr_str)
               ~~~~~~~~~~~~~~~~~~~~~~~~^^^^^^^^^^
  File "C:\Users\allie\anaconda3\Lib\ipaddress.py", line 1206, in _ip_int_from_string
    raise AddressValueError("Expected 4 octets in %r" % ip_str)
ipaddress.AddressValueError: Expected 4 octets in '1'
2026-05-17 23:53:12 - huginn - DEBUG - Suppressed exception
Traceback (most recent call last):
  File "C:\Users\allie\Coding Projects\huggin_suite\huginn\app\core\scope_manager.py", line 62, in _parse_scope_text
    ipaddress.IPv4Address(item)
    ~~~~~~~~~~~~~~~~~~~~~^^^^^^
  File "C:\Users\allie\anaconda3\Lib\ipaddress.py", line 1319, in __init__
    self._ip = self._ip_int_from_string(addr_str)
               ~~~~~~~~~~~~~~~~~~~~~~~~^^^^^^^^^^
  File "C:\Users\allie\anaconda3\Lib\ipaddress.py", line 1206, in _ip_int_from_string
    raise AddressValueError("Expected 4 octets in %r" % ip_str)
ipaddress.AddressValueError: Expected 4 octets in '10'
2026-05-17 23:53:12 - huginn - DEBUG - Suppressed exception
Traceback (most recent call last):
  File "C:\Users\allie\Coding Projects\huggin_suite\huginn\app\core\scope_manager.py", line 62, in _parse_scope_text
    ipaddress.IPv4Address(item)
    ~~~~~~~~~~~~~~~~~~~~~^^^^^^
  File "C:\Users\allie\anaconda3\Lib\ipaddress.py", line 1319, in __init__
    self._ip = self._ip_int_from_string(addr_str)
               ~~~~~~~~~~~~~~~~~~~~~~~~^^^^^^^^^^
  File "C:\Users\allie\anaconda3\Lib\ipaddress.py", line 1206, in _ip_int_from_string
    raise AddressValueError("Expected 4 octets in %r" % ip_str)
ipaddress.AddressValueError: Expected 4 octets in '10.'
2026-05-17 23:53:12 - huginn - DEBUG - Suppressed exception
Traceback (most recent call last):
  File "C:\Users\allie\Coding Projects\huggin_suite\huginn\app\core\scope_manager.py", line 62, in _parse_scope_text
    ipaddress.IPv4Address(item)
    ~~~~~~~~~~~~~~~~~~~~~^^^^^^
  File "C:\Users\allie\anaconda3\Lib\ipaddress.py", line 1319, in __init__
    self._ip = self._ip_int_from_string(addr_str)
               ~~~~~~~~~~~~~~~~~~~~~~~~^^^^^^^^^^
  File "C:\Users\allie\anaconda3\Lib\ipaddress.py", line 1206, in _ip_int_from_string
    raise AddressValueError("Expected 4 octets in %r" % ip_str)
ipaddress.AddressValueError: Expected 4 octets in '10.1'
2026-05-17 23:53:12 - huginn - DEBUG - Suppressed exception
Traceback (most recent call last):
  File "C:\Users\allie\Coding Projects\huggin_suite\huginn\app\core\scope_manager.py", line 62, in _parse_scope_text
    ipaddress.IPv4Address(item)
    ~~~~~~~~~~~~~~~~~~~~~^^^^^^
  File "C:\Users\allie\anaconda3\Lib\ipaddress.py", line 1319, in __init__
    self._ip = self._ip_int_from_string(addr_str)
               ~~~~~~~~~~~~~~~~~~~~~~~~^^^^^^^^^^
  File "C:\Users\allie\anaconda3\Lib\ipaddress.py", line 1206, in _ip_int_from_string
    raise AddressValueError("Expected 4 octets in %r" % ip_str)
ipaddress.AddressValueError: Expected 4 octets in '10.10'
2026-05-17 23:53:13 - huginn - DEBUG - Suppressed exception
Traceback (most recent call last):
  File "C:\Users\allie\Coding Projects\huggin_suite\huginn\app\core\scope_manager.py", line 62, in _parse_scope_text
    ipaddress.IPv4Address(item)
    ~~~~~~~~~~~~~~~~~~~~~^^^^^^
  File "C:\Users\allie\anaconda3\Lib\ipaddress.py", line 1319, in __init__
    self._ip = self._ip_int_from_string(addr_str)
               ~~~~~~~~~~~~~~~~~~~~~~~~^^^^^^^^^^
  File "C:\Users\allie\anaconda3\Lib\ipaddress.py", line 1206, in _ip_int_from_string
    raise AddressValueError("Expected 4 octets in %r" % ip_str)
ipaddress.AddressValueError: Expected 4 octets in '10.10.'
2026-05-17 23:53:13 - huginn - DEBUG - Suppressed exception
Traceback (most recent call last):
  File "C:\Users\allie\Coding Projects\huggin_suite\huginn\app\core\scope_manager.py", line 62, in _parse_scope_text
    ipaddress.IPv4Address(item)
    ~~~~~~~~~~~~~~~~~~~~~^^^^^^
  File "C:\Users\allie\anaconda3\Lib\ipaddress.py", line 1319, in __init__
    self._ip = self._ip_int_from_string(addr_str)
               ~~~~~~~~~~~~~~~~~~~~~~~~^^^^^^^^^^
  File "C:\Users\allie\anaconda3\Lib\ipaddress.py", line 1206, in _ip_int_from_string
    raise AddressValueError("Expected 4 octets in %r" % ip_str)
ipaddress.AddressValueError: Expected 4 octets in '10.10.1'
2026-05-17 23:53:13 - huginn - DEBUG - Suppressed exception
Traceback (most recent call last):
  File "C:\Users\allie\Coding Projects\huggin_suite\huginn\app\core\scope_manager.py", line 62, in _parse_scope_text
    ipaddress.IPv4Address(item)
    ~~~~~~~~~~~~~~~~~~~~~^^^^^^
  File "C:\Users\allie\anaconda3\Lib\ipaddress.py", line 1319, in __init__
    self._ip = self._ip_int_from_string(addr_str)
               ~~~~~~~~~~~~~~~~~~~~~~~~^^^^^^^^^^
  File "C:\Users\allie\anaconda3\Lib\ipaddress.py", line 1206, in _ip_int_from_string
    raise AddressValueError("Expected 4 octets in %r" % ip_str)
ipaddress.AddressValueError: Expected 4 octets in '10.10.11'
2026-05-17 23:53:13 - huginn - DEBUG - Suppressed exception
Traceback (most recent call last):
  File "C:\Users\allie\Coding Projects\huggin_suite\huginn\app\core\scope_manager.py", line 62, in _parse_scope_text
    ipaddress.IPv4Address(item)
    ~~~~~~~~~~~~~~~~~~~~~^^^^^^
  File "C:\Users\allie\anaconda3\Lib\ipaddress.py", line 1319, in __init__
    self._ip = self._ip_int_from_string(addr_str)
               ~~~~~~~~~~~~~~~~~~~~~~~~^^^^^^^^^^
  File "C:\Users\allie\anaconda3\Lib\ipaddress.py", line 1211, in _ip_int_from_string
    raise AddressValueError("%s in %r" % (exc, ip_str)) from None
ipaddress.AddressValueError: Empty octet not permitted in '10.10.11.'
2026-05-17 23:53:20 - huginn - INFO - [CredentialManager] set_profile('LAB') from 'HTB-Editor'
  File "C:\Users\allie\Coding Projects\huggin_suite\huginn\main.py", line 112, in <module>
    main()
  File "C:\Users\allie\Coding Projects\huggin_suite\huginn\main.py", line 109, in main
    exit(app.exec())
  File "C:\Users\allie\Coding Projects\huggin_suite\huginn\app\pages\attack_chain_home.py", line 740, in on_profile_selected
    credential_manager.set_profile(profile_name)
  File "C:\Users\allie\Coding Projects\huggin_suite\huginn\app\core\credential_manager.py", line 201, in set_profile
    + ''.join(_tb.format_stack(limit=6))

2026-05-17 23:53:20 - huginn - DEBUG - Credentials loaded for profile 'LAB'
2026-05-17 23:53:20 - huginn - DEBUG - Suppressed exception
Traceback (most recent call last):
  File "C:\Users\allie\Coding Projects\huggin_suite\huginn\app\core\scope_manager.py", line 62, in _parse_scope_text
    ipaddress.IPv4Address(item)
    ~~~~~~~~~~~~~~~~~~~~~^^^^^^
  File "C:\Users\allie\anaconda3\Lib\ipaddress.py", line 1319, in __init__
    self._ip = self._ip_int_from_string(addr_str)
               ~~~~~~~~~~~~~~~~~~~~~~~~^^^^^^^^^^
  File "C:\Users\allie\anaconda3\Lib\ipaddress.py", line 1206, in _ip_int_from_string
    raise AddressValueError("Expected 4 octets in %r" % ip_str)
ipaddress.AddressValueError: Expected 4 octets in '*.lab.local'
2026-05-17 23:53:20 - huginn - DEBUG - Credentials loaded for profile 'LAB'
2026-05-17 23:53:20 - huginn - DEBUG - Suppressed exception
Traceback (most recent call last):
  File "C:\Users\allie\Coding Projects\huggin_suite\huginn\app\core\scope_manager.py", line 62, in _parse_scope_text
    ipaddress.IPv4Address(item)
    ~~~~~~~~~~~~~~~~~~~~~^^^^^^
  File "C:\Users\allie\anaconda3\Lib\ipaddress.py", line 1319, in __init__
    self._ip = self._ip_int_from_string(addr_str)
               ~~~~~~~~~~~~~~~~~~~~~~~~^^^^^^^^^^
  File "C:\Users\allie\anaconda3\Lib\ipaddress.py", line 1206, in _ip_int_from_string
    raise AddressValueError("Expected 4 octets in %r" % ip_str)
ipaddress.AddressValueError: Expected 4 octets in '*.lab.local'
2026-05-17 23:53:28 - huginn - INFO - [CredentialManager] set_profile('HTB-Code') from 'LAB'
  File "C:\Users\allie\Coding Projects\huggin_suite\huginn\main.py", line 112, in <module>
    main()
  File "C:\Users\allie\Coding Projects\huggin_suite\huginn\main.py", line 109, in main
    exit(app.exec())
  File "C:\Users\allie\Coding Projects\huggin_suite\huginn\app\pages\attack_chain_home.py", line 740, in on_profile_selected
    credential_manager.set_profile(profile_name)
  File "C:\Users\allie\Coding Projects\huggin_suite\huginn\app\core\credential_manager.py", line 201, in set_profile
    + ''.join(_tb.format_stack(limit=6))

2026-05-17 23:53:28 - huginn - DEBUG - Credentials loaded for profile 'HTB-Code'
2026-05-17 23:53:28 - huginn - DEBUG - Credentials loaded for profile 'HTB-Code'
2026-05-17 23:53:35 - huginn - DEBUG - Memory monitoring stopped
2026-05-17 23:53:35 - huginn - DEBUG - Connection pool closed all sessions
2026-05-17 23:53:35 - huginn - INFO - Update manager stopped during cleanup
2026-05-17 23:53:37 - huginn - INFO - License saved successfully
2026-05-17 23:53:37 - huginn - INFO - License loaded and validated successfully
2026-05-17 23:53:38 - huginn - INFO - Application starting...
2026-05-17 23:53:38 - huginn - INFO - Font loaded successfully
2026-05-17 23:53:38 - huginn - INFO - Stylesheet loaded successfully
2026-05-17 23:53:38 - huginn - INFO - Creating main window...
2026-05-17 23:53:38 - huginn - INFO - QThreadPool max threads set to 32 (CPUs: 32)
2026-05-17 23:53:38 - huginn - INFO - Custom font 'Neuropol X' loaded from C:\Users\allie\Coding Projects\huggin_suite\huginn\resources\fonts\neuropol.otf
2026-05-17 23:53:38 - huginn - DEBUG - Suppressed exception
Traceback (most recent call last):
  File "C:\Users\allie\Coding Projects\huggin_suite\huginn\app\pages\page_registry.py", line 45, in register_all_pages
    from app.pages.db_attacks_page import DBAttacksPage
ImportError: cannot import name 'DBAttacksPage' from 'app.pages.db_attacks_page' (C:\Users\allie\Coding Projects\huggin_suite\huginn\app\pages\db_attacks_page.py)
2026-05-17 23:53:40 - huginn - DEBUG - Credentials loaded for profile 'HTB-Code'
2026-05-17 23:53:40 - huginn - DEBUG - Credentials loaded for profile 'HTB-Code'
2026-05-17 23:53:41 - huginn - DEBUG - Credentials loaded for profile 'HTB-Code'
2026-05-17 23:55:20 - huginn - DEBUG - Memory monitoring stopped
2026-05-17 23:55:20 - huginn - DEBUG - Connection pool closed all sessions
2026-05-17 23:55:20 - huginn - INFO - Update manager stopped during cleanup
2026-05-17 23:55:29 - huginn - DEBUG - Suppressed exception
Traceback (most recent call last):
  File "c:\Users\allie\Coding Projects\huggin_suite\huginn\app\core\asset_manager.py", line 101, in init_database
    conn.execute("ALTER TABLE assets ADD COLUMN fqdn TEXT DEFAULT ''")
    ~~~~~~~~~~~~^^^^^^^^^^^^^^^^^^^^^^^^^^^^^^^^^^^^^^^^^^^^^^^^^^^^^^
sqlite3.OperationalError: duplicate column name: fqdn
2026-05-17 23:55:29 - huginn - DEBUG - Suppressed exception
Traceback (most recent call last):
  File "c:\Users\allie\Coding Projects\huggin_suite\huginn\app\core\asset_manager.py", line 108, in init_database
    conn.execute("ALTER TABLE assets ADD COLUMN mac_address TEXT DEFAULT ''")
    ~~~~~~~~~~~~^^^^^^^^^^^^^^^^^^^^^^^^^^^^^^^^^^^^^^^^^^^^^^^^^^^^^^^^^^^^^
sqlite3.OperationalError: duplicate column name: mac_address
2026-05-17 23:55:29 - huginn - DEBUG - Suppressed exception
Traceback (most recent call last):
  File "c:\Users\allie\Coding Projects\huggin_suite\huginn\app\core\asset_manager.py", line 115, in init_database
    conn.execute("ALTER TABLE assets ADD COLUMN vendor TEXT DEFAULT ''")
    ~~~~~~~~~~~~^^^^^^^^^^^^^^^^^^^^^^^^^^^^^^^^^^^^^^^^^^^^^^^^^^^^^^^^
sqlite3.OperationalError: duplicate column name: vendor
2026-05-17 23:55:29 - huginn - DEBUG - Suppressed exception
Traceback (most recent call last):
  File "c:\Users\allie\Coding Projects\huggin_suite\huginn\app\core\asset_manager.py", line 122, in init_database
    conn.execute("ALTER TABLE assets ADD COLUMN notes TEXT DEFAULT ''")
    ~~~~~~~~~~~~^^^^^^^^^^^^^^^^^^^^^^^^^^^^^^^^^^^^^^^^^^^^^^^^^^^^^^^
sqlite3.OperationalError: duplicate column name: notes
2026-05-17 23:55:29 - huginn - INFO - Using default configuration
2026-05-17 23:55:32 - huginn - INFO - License saved successfully
2026-05-17 23:55:32 - huginn - INFO - License loaded and validated successfully
2026-05-17 23:55:49 - huginn - INFO - License saved successfully
2026-05-17 23:55:49 - huginn - INFO - License loaded and validated successfully
2026-05-17 23:55:49 - huginn - INFO - Application starting...
2026-05-17 23:55:49 - huginn - INFO - Font loaded successfully
2026-05-17 23:55:49 - huginn - INFO - Stylesheet loaded successfully
2026-05-17 23:55:49 - huginn - INFO - Creating main window...
2026-05-17 23:55:49 - huginn - INFO - QThreadPool max threads set to 32 (CPUs: 32)
2026-05-17 23:55:49 - huginn - INFO - Custom font 'Neuropol X' loaded from C:\Users\allie\Coding Projects\huggin_suite\huginn\resources\fonts\neuropol.otf
2026-05-17 23:55:49 - huginn - DEBUG - Suppressed exception
Traceback (most recent call last):
  File "C:\Users\allie\Coding Projects\huggin_suite\huginn\app\pages\page_registry.py", line 45, in register_all_pages
    from app.pages.db_attacks_page import DBAttacksPage
ImportError: cannot import name 'DBAttacksPage' from 'app.pages.db_attacks_page' (C:\Users\allie\Coding Projects\huggin_suite\huginn\app\pages\db_attacks_page.py)
2026-05-17 23:55:58 - huginn - INFO - [CredentialManager] set_profile('LAB') from None
  File "C:\Users\allie\Coding Projects\huggin_suite\huginn\main.py", line 112, in <module>
    main()
  File "C:\Users\allie\Coding Projects\huggin_suite\huginn\main.py", line 109, in main
    exit(app.exec())
  File "C:\Users\allie\Coding Projects\huggin_suite\huginn\app\pages\attack_chain_home.py", line 740, in on_profile_selected
    credential_manager.set_profile(profile_name)
  File "C:\Users\allie\Coding Projects\huggin_suite\huginn\app\core\credential_manager.py", line 195, in set_profile
    + ''.join(_tb.format_stack(limit=6))

2026-05-17 23:55:59 - huginn - DEBUG - Credentials loaded for profile 'LAB'
2026-05-17 23:55:59 - huginn - DEBUG - Suppressed exception
Traceback (most recent call last):
  File "C:\Users\allie\Coding Projects\huggin_suite\huginn\app\core\scope_manager.py", line 62, in _parse_scope_text
    ipaddress.IPv4Address(item)
    ~~~~~~~~~~~~~~~~~~~~~^^^^^^
  File "C:\Users\allie\anaconda3\Lib\ipaddress.py", line 1319, in __init__
    self._ip = self._ip_int_from_string(addr_str)
               ~~~~~~~~~~~~~~~~~~~~~~~~^^^^^^^^^^
  File "C:\Users\allie\anaconda3\Lib\ipaddress.py", line 1206, in _ip_int_from_string
    raise AddressValueError("Expected 4 octets in %r" % ip_str)
ipaddress.AddressValueError: Expected 4 octets in '*.lab.local'
2026-05-17 23:55:59 - huginn - DEBUG - Credentials loaded for profile 'LAB'
2026-05-17 23:55:59 - huginn - DEBUG - Suppressed exception
Traceback (most recent call last):
  File "C:\Users\allie\Coding Projects\huggin_suite\huginn\app\core\scope_manager.py", line 62, in _parse_scope_text
    ipaddress.IPv4Address(item)
    ~~~~~~~~~~~~~~~~~~~~~^^^^^^
  File "C:\Users\allie\anaconda3\Lib\ipaddress.py", line 1319, in __init__
    self._ip = self._ip_int_from_string(addr_str)
               ~~~~~~~~~~~~~~~~~~~~~~~~^^^^^^^^^^
  File "C:\Users\allie\anaconda3\Lib\ipaddress.py", line 1206, in _ip_int_from_string
    raise AddressValueError("Expected 4 octets in %r" % ip_str)
ipaddress.AddressValueError: Expected 4 octets in '*.lab.local'
2026-05-17 23:56:03 - huginn - DEBUG - Memory monitoring stopped
2026-05-17 23:56:03 - huginn - DEBUG - Connection pool closed all sessions
2026-05-17 23:56:03 - huginn - INFO - Update manager stopped during cleanup
2026-05-17 23:56:05 - huginn - INFO - License saved successfully
2026-05-17 23:56:05 - huginn - INFO - License loaded and validated successfully
2026-05-17 23:56:05 - huginn - INFO - Application starting...
2026-05-17 23:56:05 - huginn - INFO - Font loaded successfully
2026-05-17 23:56:05 - huginn - INFO - Stylesheet loaded successfully
2026-05-17 23:56:05 - huginn - INFO - Creating main window...
2026-05-17 23:56:05 - huginn - INFO - QThreadPool max threads set to 32 (CPUs: 32)
2026-05-17 23:56:05 - huginn - INFO - Custom font 'Neuropol X' loaded from C:\Users\allie\Coding Projects\huggin_suite\huginn\resources\fonts\neuropol.otf
2026-05-17 23:56:05 - huginn - DEBUG - Suppressed exception
Traceback (most recent call last):
  File "C:\Users\allie\Coding Projects\huggin_suite\huginn\app\pages\page_registry.py", line 45, in register_all_pages
    from app.pages.db_attacks_page import DBAttacksPage
ImportError: cannot import name 'DBAttacksPage' from 'app.pages.db_attacks_page' (C:\Users\allie\Coding Projects\huggin_suite\huginn\app\pages\db_attacks_page.py)
2026-05-17 23:56:16 - huginn - DEBUG - Suppressed exception
Traceback (most recent call last):
  File "C:\Users\allie\Coding Projects\huggin_suite\huginn\app\core\scope_manager.py", line 62, in _parse_scope_text
    ipaddress.IPv4Address(item)
    ~~~~~~~~~~~~~~~~~~~~~^^^^^^
  File "C:\Users\allie\anaconda3\Lib\ipaddress.py", line 1319, in __init__
    self._ip = self._ip_int_from_string(addr_str)
               ~~~~~~~~~~~~~~~~~~~~~~~~^^^^^^^^^^
  File "C:\Users\allie\anaconda3\Lib\ipaddress.py", line 1206, in _ip_int_from_string
    raise AddressValueError("Expected 4 octets in %r" % ip_str)
ipaddress.AddressValueError: Expected 4 octets in '1'
2026-05-17 23:56:16 - huginn - DEBUG - Suppressed exception
Traceback (most recent call last):
  File "C:\Users\allie\Coding Projects\huggin_suite\huginn\app\core\scope_manager.py", line 62, in _parse_scope_text
    ipaddress.IPv4Address(item)
    ~~~~~~~~~~~~~~~~~~~~~^^^^^^
  File "C:\Users\allie\anaconda3\Lib\ipaddress.py", line 1319, in __init__
    self._ip = self._ip_int_from_string(addr_str)
               ~~~~~~~~~~~~~~~~~~~~~~~~^^^^^^^^^^
  File "C:\Users\allie\anaconda3\Lib\ipaddress.py", line 1206, in _ip_int_from_string
    raise AddressValueError("Expected 4 octets in %r" % ip_str)
ipaddress.AddressValueError: Expected 4 octets in '19'
2026-05-17 23:56:17 - huginn - DEBUG - Suppressed exception
Traceback (most recent call last):
  File "C:\Users\allie\Coding Projects\huggin_suite\huginn\app\core\scope_manager.py", line 62, in _parse_scope_text
    ipaddress.IPv4Address(item)
    ~~~~~~~~~~~~~~~~~~~~~^^^^^^
  File "C:\Users\allie\anaconda3\Lib\ipaddress.py", line 1319, in __init__
    self._ip = self._ip_int_from_string(addr_str)
               ~~~~~~~~~~~~~~~~~~~~~~~~^^^^^^^^^^
  File "C:\Users\allie\anaconda3\Lib\ipaddress.py", line 1206, in _ip_int_from_string
    raise AddressValueError("Expected 4 octets in %r" % ip_str)
ipaddress.AddressValueError: Expected 4 octets in '192'
2026-05-17 23:56:17 - huginn - DEBUG - Suppressed exception
Traceback (most recent call last):
  File "C:\Users\allie\Coding Projects\huggin_suite\huginn\app\core\scope_manager.py", line 62, in _parse_scope_text
    ipaddress.IPv4Address(item)
    ~~~~~~~~~~~~~~~~~~~~~^^^^^^
  File "C:\Users\allie\anaconda3\Lib\ipaddress.py", line 1319, in __init__
    self._ip = self._ip_int_from_string(addr_str)
               ~~~~~~~~~~~~~~~~~~~~~~~~^^^^^^^^^^
  File "C:\Users\allie\anaconda3\Lib\ipaddress.py", line 1206, in _ip_int_from_string
    raise AddressValueError("Expected 4 octets in %r" % ip_str)
ipaddress.AddressValueError: Expected 4 octets in '192.'
2026-05-17 23:56:17 - huginn - DEBUG - Suppressed exception
Traceback (most recent call last):
  File "C:\Users\allie\Coding Projects\huggin_suite\huginn\app\core\scope_manager.py", line 62, in _parse_scope_text
    ipaddress.IPv4Address(item)
    ~~~~~~~~~~~~~~~~~~~~~^^^^^^
  File "C:\Users\allie\anaconda3\Lib\ipaddress.py", line 1319, in __init__
    self._ip = self._ip_int_from_string(addr_str)
               ~~~~~~~~~~~~~~~~~~~~~~~~^^^^^^^^^^
  File "C:\Users\allie\anaconda3\Lib\ipaddress.py", line 1206, in _ip_int_from_string
    raise AddressValueError("Expected 4 octets in %r" % ip_str)
ipaddress.AddressValueError: Expected 4 octets in '192.1'
2026-05-17 23:56:17 - huginn - DEBUG - Suppressed exception
Traceback (most recent call last):
  File "C:\Users\allie\Coding Projects\huggin_suite\huginn\app\core\scope_manager.py", line 62, in _parse_scope_text
    ipaddress.IPv4Address(item)
    ~~~~~~~~~~~~~~~~~~~~~^^^^^^
  File "C:\Users\allie\anaconda3\Lib\ipaddress.py", line 1319, in __init__
    self._ip = self._ip_int_from_string(addr_str)
               ~~~~~~~~~~~~~~~~~~~~~~~~^^^^^^^^^^
  File "C:\Users\allie\anaconda3\Lib\ipaddress.py", line 1206, in _ip_int_from_string
    raise AddressValueError("Expected 4 octets in %r" % ip_str)
ipaddress.AddressValueError: Expected 4 octets in '192.16'
2026-05-17 23:56:17 - huginn - DEBUG - Suppressed exception
Traceback (most recent call last):
  File "C:\Users\allie\Coding Projects\huggin_suite\huginn\app\core\scope_manager.py", line 62, in _parse_scope_text
    ipaddress.IPv4Address(item)
    ~~~~~~~~~~~~~~~~~~~~~^^^^^^
  File "C:\Users\allie\anaconda3\Lib\ipaddress.py", line 1319, in __init__
    self._ip = self._ip_int_from_string(addr_str)
               ~~~~~~~~~~~~~~~~~~~~~~~~^^^^^^^^^^
  File "C:\Users\allie\anaconda3\Lib\ipaddress.py", line 1206, in _ip_int_from_string
    raise AddressValueError("Expected 4 octets in %r" % ip_str)
ipaddress.AddressValueError: Expected 4 octets in '192.168'
2026-05-17 23:56:17 - huginn - DEBUG - Suppressed exception
Traceback (most recent call last):
  File "C:\Users\allie\Coding Projects\huggin_suite\huginn\app\core\scope_manager.py", line 62, in _parse_scope_text
    ipaddress.IPv4Address(item)
    ~~~~~~~~~~~~~~~~~~~~~^^^^^^
  File "C:\Users\allie\anaconda3\Lib\ipaddress.py", line 1319, in __init__
    self._ip = self._ip_int_from_string(addr_str)
               ~~~~~~~~~~~~~~~~~~~~~~~~^^^^^^^^^^
  File "C:\Users\allie\anaconda3\Lib\ipaddress.py", line 1206, in _ip_int_from_string
    raise AddressValueError("Expected 4 octets in %r" % ip_str)
ipaddress.AddressValueError: Expected 4 octets in '192.168.'
2026-05-17 23:56:18 - huginn - DEBUG - Suppressed exception
Traceback (most recent call last):
  File "C:\Users\allie\Coding Projects\huggin_suite\huginn\app\core\scope_manager.py", line 62, in _parse_scope_text
    ipaddress.IPv4Address(item)
    ~~~~~~~~~~~~~~~~~~~~~^^^^^^
  File "C:\Users\allie\anaconda3\Lib\ipaddress.py", line 1319, in __init__
    self._ip = self._ip_int_from_string(addr_str)
               ~~~~~~~~~~~~~~~~~~~~~~~~^^^^^^^^^^
  File "C:\Users\allie\anaconda3\Lib\ipaddress.py", line 1206, in _ip_int_from_string
    raise AddressValueError("Expected 4 octets in %r" % ip_str)
ipaddress.AddressValueError: Expected 4 octets in '192.168.1'
2026-05-17 23:56:18 - huginn - DEBUG - Suppressed exception
Traceback (most recent call last):
  File "C:\Users\allie\Coding Projects\huggin_suite\huginn\app\core\scope_manager.py", line 62, in _parse_scope_text
    ipaddress.IPv4Address(item)
    ~~~~~~~~~~~~~~~~~~~~~^^^^^^
  File "C:\Users\allie\anaconda3\Lib\ipaddress.py", line 1319, in __init__
    self._ip = self._ip_int_from_string(addr_str)
               ~~~~~~~~~~~~~~~~~~~~~~~~^^^^^^^^^^
  File "C:\Users\allie\anaconda3\Lib\ipaddress.py", line 1211, in _ip_int_from_string
    raise AddressValueError("%s in %r" % (exc, ip_str)) from None
ipaddress.AddressValueError: Empty octet not permitted in '192.168.1.'
2026-05-17 23:56:22 - huginn - INFO - [CredentialManager] set_profile('Tester2') from None
  File "C:\Users\allie\Coding Projects\huggin_suite\huginn\main.py", line 112, in <module>
    main()
  File "C:\Users\allie\Coding Projects\huggin_suite\huginn\main.py", line 109, in main
    exit(app.exec())
  File "C:\Users\allie\Coding Projects\huggin_suite\huginn\app\pages\attack_chain_home.py", line 714, in save_current_profile
    self.target_table.selectRow(row)
  File "C:\Users\allie\Coding Projects\huggin_suite\huginn\app\pages\attack_chain_home.py", line 740, in on_profile_selected
    credential_manager.set_profile(profile_name)
  File "C:\Users\allie\Coding Projects\huggin_suite\huginn\app\core\credential_manager.py", line 195, in set_profile
    + ''.join(_tb.format_stack(limit=6))

2026-05-17 23:56:30 - huginn - INFO - [CredentialManager] Saved 1 credential(s) to profile 'Tester2' → Tester2_credentials.enc
2026-05-17 23:56:30 - huginn - DEBUG - Credentials loaded for profile 'Tester2'
2026-05-17 23:56:43 - huginn - INFO - [CredentialManager] set_profile('LAB') from 'Tester2'
  File "C:\Users\allie\Coding Projects\huggin_suite\huginn\main.py", line 112, in <module>
    main()
  File "C:\Users\allie\Coding Projects\huggin_suite\huginn\main.py", line 109, in main
    exit(app.exec())
  File "C:\Users\allie\Coding Projects\huggin_suite\huginn\app\pages\attack_chain_home.py", line 740, in on_profile_selected
    credential_manager.set_profile(profile_name)
  File "C:\Users\allie\Coding Projects\huggin_suite\huginn\app\core\credential_manager.py", line 195, in set_profile
    + ''.join(_tb.format_stack(limit=6))

2026-05-17 23:56:43 - huginn - DEBUG - Credentials loaded for profile 'LAB'
2026-05-17 23:56:43 - huginn - DEBUG - Suppressed exception
Traceback (most recent call last):
  File "C:\Users\allie\Coding Projects\huggin_suite\huginn\app\core\scope_manager.py", line 62, in _parse_scope_text
    ipaddress.IPv4Address(item)
    ~~~~~~~~~~~~~~~~~~~~~^^^^^^
  File "C:\Users\allie\anaconda3\Lib\ipaddress.py", line 1319, in __init__
    self._ip = self._ip_int_from_string(addr_str)
               ~~~~~~~~~~~~~~~~~~~~~~~~^^^^^^^^^^
  File "C:\Users\allie\anaconda3\Lib\ipaddress.py", line 1206, in _ip_int_from_string
    raise AddressValueError("Expected 4 octets in %r" % ip_str)
ipaddress.AddressValueError: Expected 4 octets in '*.lab.local'
2026-05-17 23:56:43 - huginn - DEBUG - Credentials loaded for profile 'LAB'
2026-05-17 23:56:43 - huginn - DEBUG - Suppressed exception
Traceback (most recent call last):
  File "C:\Users\allie\Coding Projects\huggin_suite\huginn\app\core\scope_manager.py", line 62, in _parse_scope_text
    ipaddress.IPv4Address(item)
    ~~~~~~~~~~~~~~~~~~~~~^^^^^^
  File "C:\Users\allie\anaconda3\Lib\ipaddress.py", line 1319, in __init__
    self._ip = self._ip_int_from_string(addr_str)
               ~~~~~~~~~~~~~~~~~~~~~~~~^^^^^^^^^^
  File "C:\Users\allie\anaconda3\Lib\ipaddress.py", line 1206, in _ip_int_from_string
    raise AddressValueError("Expected 4 octets in %r" % ip_str)
ipaddress.AddressValueError: Expected 4 octets in '*.lab.local'
2026-05-17 23:56:46 - huginn - INFO - [CredentialManager] set_profile('Tester2') from 'LAB'
  File "C:\Users\allie\Coding Projects\huggin_suite\huginn\main.py", line 112, in <module>
    main()
  File "C:\Users\allie\Coding Projects\huggin_suite\huginn\main.py", line 109, in main
    exit(app.exec())
  File "C:\Users\allie\Coding Projects\huggin_suite\huginn\app\pages\attack_chain_home.py", line 740, in on_profile_selected
    credential_manager.set_profile(profile_name)
  File "C:\Users\allie\Coding Projects\huggin_suite\huginn\app\core\credential_manager.py", line 195, in set_profile
    + ''.join(_tb.format_stack(limit=6))

2026-05-17 23:56:46 - huginn - DEBUG - Credentials loaded for profile 'Tester2'
2026-05-17 23:56:46 - huginn - DEBUG - Credentials loaded for profile 'Tester2'
2026-05-17 23:56:55 - huginn - INFO - [CredentialManager] set_profile('LAB') from 'Tester2'
  File "C:\Users\allie\Coding Projects\huggin_suite\huginn\main.py", line 112, in <module>
    main()
  File "C:\Users\allie\Coding Projects\huggin_suite\huginn\main.py", line 109, in main
    exit(app.exec())
  File "C:\Users\allie\Coding Projects\huggin_suite\huginn\app\pages\attack_chain_home.py", line 1125, in delete_selected_profile
    self.target_table.removeRow(current_row)
  File "C:\Users\allie\Coding Projects\huggin_suite\huginn\app\pages\attack_chain_home.py", line 740, in on_profile_selected
    credential_manager.set_profile(profile_name)
  File "C:\Users\allie\Coding Projects\huggin_suite\huginn\app\core\credential_manager.py", line 195, in set_profile
    + ''.join(_tb.format_stack(limit=6))

2026-05-17 23:56:55 - huginn - DEBUG - Credentials loaded for profile 'LAB'
2026-05-17 23:56:55 - huginn - DEBUG - Suppressed exception
Traceback (most recent call last):
  File "C:\Users\allie\Coding Projects\huggin_suite\huginn\app\core\scope_manager.py", line 62, in _parse_scope_text
    ipaddress.IPv4Address(item)
    ~~~~~~~~~~~~~~~~~~~~~^^^^^^
  File "C:\Users\allie\anaconda3\Lib\ipaddress.py", line 1319, in __init__
    self._ip = self._ip_int_from_string(addr_str)
               ~~~~~~~~~~~~~~~~~~~~~~~~^^^^^^^^^^
  File "C:\Users\allie\anaconda3\Lib\ipaddress.py", line 1206, in _ip_int_from_string
    raise AddressValueError("Expected 4 octets in %r" % ip_str)
ipaddress.AddressValueError: Expected 4 octets in '*.lab.local'
2026-05-17 23:56:55 - huginn - DEBUG - Credentials loaded for profile 'LAB'
2026-05-17 23:56:55 - huginn - DEBUG - Suppressed exception
Traceback (most recent call last):
  File "C:\Users\allie\Coding Projects\huggin_suite\huginn\app\core\scope_manager.py", line 62, in _parse_scope_text
    ipaddress.IPv4Address(item)
    ~~~~~~~~~~~~~~~~~~~~~^^^^^^
  File "C:\Users\allie\anaconda3\Lib\ipaddress.py", line 1319, in __init__
    self._ip = self._ip_int_from_string(addr_str)
               ~~~~~~~~~~~~~~~~~~~~~~~~^^^^^^^^^^
  File "C:\Users\allie\anaconda3\Lib\ipaddress.py", line 1206, in _ip_int_from_string
    raise AddressValueError("Expected 4 octets in %r" % ip_str)
ipaddress.AddressValueError: Expected 4 octets in '*.lab.local'
2026-05-17 23:56:55 - huginn - INFO - Deleted credentials file for profile 'Tester2'
2026-05-17 23:57:01 - huginn - DEBUG - Memory monitoring stopped
2026-05-17 23:57:01 - huginn - DEBUG - Connection pool closed all sessions
2026-05-17 23:57:01 - huginn - INFO - Update manager stopped during cleanup
2026-05-17 23:57:26 - huginn - DEBUG - Suppressed exception
Traceback (most recent call last):
  File "c:\Users\allie\Coding Projects\huggin_suite\huginn\app\core\asset_manager.py", line 101, in init_database
    conn.execute("ALTER TABLE assets ADD COLUMN fqdn TEXT DEFAULT ''")
    ~~~~~~~~~~~~^^^^^^^^^^^^^^^^^^^^^^^^^^^^^^^^^^^^^^^^^^^^^^^^^^^^^^
sqlite3.OperationalError: duplicate column name: fqdn
2026-05-17 23:57:26 - huginn - DEBUG - Suppressed exception
Traceback (most recent call last):
  File "c:\Users\allie\Coding Projects\huggin_suite\huginn\app\core\asset_manager.py", line 108, in init_database
    conn.execute("ALTER TABLE assets ADD COLUMN mac_address TEXT DEFAULT ''")
    ~~~~~~~~~~~~^^^^^^^^^^^^^^^^^^^^^^^^^^^^^^^^^^^^^^^^^^^^^^^^^^^^^^^^^^^^^
sqlite3.OperationalError: duplicate column name: mac_address
2026-05-17 23:57:26 - huginn - DEBUG - Suppressed exception
Traceback (most recent call last):
  File "c:\Users\allie\Coding Projects\huggin_suite\huginn\app\core\asset_manager.py", line 115, in init_database
    conn.execute("ALTER TABLE assets ADD COLUMN vendor TEXT DEFAULT ''")
    ~~~~~~~~~~~~^^^^^^^^^^^^^^^^^^^^^^^^^^^^^^^^^^^^^^^^^^^^^^^^^^^^^^^^
sqlite3.OperationalError: duplicate column name: vendor
2026-05-17 23:57:26 - huginn - DEBUG - Suppressed exception
Traceback (most recent call last):
  File "c:\Users\allie\Coding Projects\huggin_suite\huginn\app\core\asset_manager.py", line 122, in init_database
    conn.execute("ALTER TABLE assets ADD COLUMN notes TEXT DEFAULT ''")
    ~~~~~~~~~~~~^^^^^^^^^^^^^^^^^^^^^^^^^^^^^^^^^^^^^^^^^^^^^^^^^^^^^^^
sqlite3.OperationalError: duplicate column name: notes
2026-05-17 23:57:26 - huginn - INFO - Using default configuration
2026-05-17 23:57:29 - huginn - INFO - License saved successfully
2026-05-17 23:57:29 - huginn - INFO - License loaded and validated successfully
2026-05-17 23:57:35 - huginn - DEBUG - Suppressed exception
Traceback (most recent call last):
  File "c:\Users\allie\Coding Projects\huggin_suite\huginn\app\core\asset_manager.py", line 101, in init_database
    conn.execute("ALTER TABLE assets ADD COLUMN fqdn TEXT DEFAULT ''")
    ~~~~~~~~~~~~^^^^^^^^^^^^^^^^^^^^^^^^^^^^^^^^^^^^^^^^^^^^^^^^^^^^^^
sqlite3.OperationalError: duplicate column name: fqdn
2026-05-17 23:57:35 - huginn - DEBUG - Suppressed exception
Traceback (most recent call last):
  File "c:\Users\allie\Coding Projects\huggin_suite\huginn\app\core\asset_manager.py", line 108, in init_database
    conn.execute("ALTER TABLE assets ADD COLUMN mac_address TEXT DEFAULT ''")
    ~~~~~~~~~~~~^^^^^^^^^^^^^^^^^^^^^^^^^^^^^^^^^^^^^^^^^^^^^^^^^^^^^^^^^^^^^
sqlite3.OperationalError: duplicate column name: mac_address
2026-05-17 23:57:35 - huginn - DEBUG - Suppressed exception
Traceback (most recent call last):
  File "c:\Users\allie\Coding Projects\huggin_suite\huginn\app\core\asset_manager.py", line 115, in init_database
    conn.execute("ALTER TABLE assets ADD COLUMN vendor TEXT DEFAULT ''")
    ~~~~~~~~~~~~^^^^^^^^^^^^^^^^^^^^^^^^^^^^^^^^^^^^^^^^^^^^^^^^^^^^^^^^
sqlite3.OperationalError: duplicate column name: vendor
2026-05-17 23:57:35 - huginn - DEBUG - Suppressed exception
Traceback (most recent call last):
  File "c:\Users\allie\Coding Projects\huggin_suite\huginn\app\core\asset_manager.py", line 122, in init_database
    conn.execute("ALTER TABLE assets ADD COLUMN notes TEXT DEFAULT ''")
    ~~~~~~~~~~~~^^^^^^^^^^^^^^^^^^^^^^^^^^^^^^^^^^^^^^^^^^^^^^^^^^^^^^^
sqlite3.OperationalError: duplicate column name: notes
2026-05-17 23:57:35 - huginn - INFO - Using default configuration
2026-05-17 23:57:37 - huginn - INFO - License saved successfully
2026-05-17 23:57:37 - huginn - INFO - License loaded and validated successfully
