2026-06-20 00:02:38 - huginn - INFO - Using default configuration
2026-06-20 00:02:40 - huginn - INFO - License saved successfully
2026-06-20 00:02:40 - huginn - INFO - License loaded and validated successfully
2026-06-20 00:02:43 - huginn - INFO - License saved successfully
2026-06-20 00:02:43 - huginn - INFO - License loaded and validated successfully
2026-06-20 00:02:43 - huginn - INFO - Application starting...
2026-06-20 00:02:43 - huginn - INFO - Huginn version 1.0.0
2026-06-20 00:02:43 - huginn - INFO - Font loaded successfully
2026-06-20 00:02:43 - huginn - INFO - Stylesheet loaded successfully
2026-06-20 00:02:43 - huginn - INFO - Creating main window...
2026-06-20 00:02:43 - huginn - INFO - QThreadPool max threads set to 32 (CPUs: 32)
2026-06-20 00:02:43 - huginn - INFO - Custom font 'Neuropol X' loaded from C:\Users\allie\Coding Projects\huggin_suite\huginn\resources\fonts\neuropol.otf
2026-06-20 00:02:44 - huginn - INFO - Master index schema initialized.
2026-06-20 00:02:44 - huginn - DEBUG - [FeatureGapIntegration] Tenant→Engagement wiring connected.
2026-06-20 00:02:44 - huginn - INFO - [FeatureGapIntegration] All new modules integrated successfully.
2026-06-20 00:02:44 - huginn - INFO - Feature gap integration completed successfully
2026-06-20 00:02:48 - huginn - INFO - EngagementDatabase connected: C:\Users\allie\Coding Projects\huggin_suite\huginn\resources\engagements\dc13fe76-b8f6-4f00-b9f9-00a18fb0388e\engagement.db (pool_size=5)
2026-06-20 00:02:48 - huginn - INFO - Engagement opened: dc13fe76-b8f6-4f00-b9f9-00a18fb0388e
2026-06-20 00:02:48 - huginn - INFO - NoteSystem: database attached and FTS initialized.
2026-06-20 00:02:48 - huginn - INFO - RetestWorkflow: database attached.
2026-06-20 00:07:43 - huginn - DEBUG - Memory monitoring stopped
2026-06-20 00:07:43 - huginn - DEBUG - Connection pool closed all sessions
2026-06-20 00:07:46 - huginn - INFO - Using default configuration
2026-06-20 00:07:46 - huginn - INFO - License saved successfully
2026-06-20 00:07:46 - huginn - INFO - License loaded and validated successfully
2026-06-20 00:07:46 - huginn - INFO - Application starting...
2026-06-20 00:07:46 - huginn - INFO - Huginn version 1.0.0
2026-06-20 00:07:46 - huginn - INFO - Font loaded successfully
2026-06-20 00:07:46 - huginn - INFO - Stylesheet loaded successfully
2026-06-20 00:07:46 - huginn - INFO - Creating main window...
2026-06-20 00:07:46 - huginn - INFO - QThreadPool max threads set to 32 (CPUs: 32)
2026-06-20 00:07:46 - huginn - INFO - Custom font 'Neuropol X' loaded from C:\Users\allie\Coding Projects\huggin_suite\huginn\resources\fonts\neuropol.otf
2026-06-20 00:07:47 - huginn - INFO - Master index schema initialized.
2026-06-20 00:07:48 - huginn - DEBUG - [FeatureGapIntegration] Tenant→Engagement wiring connected.
2026-06-20 00:07:48 - huginn - INFO - [FeatureGapIntegration] All new modules integrated successfully.
2026-06-20 00:07:48 - huginn - INFO - Feature gap integration completed successfully
2026-06-20 00:07:48 - huginn - INFO - License saved successfully
2026-06-20 00:07:48 - huginn - INFO - License loaded and validated successfully
2026-06-20 00:07:50 - huginn - INFO - EngagementDatabase connected: C:\Users\allie\Coding Projects\huggin_suite\huginn\resources\engagements\c113fb39-30ef-48b0-91af-c4751811afcb\engagement.db (pool_size=5)
2026-06-20 00:07:50 - huginn - INFO - Engagement opened: c113fb39-30ef-48b0-91af-c4751811afcb
2026-06-20 00:07:50 - huginn - INFO - NoteSystem: database attached and FTS initialized.
2026-06-20 00:07:50 - huginn - INFO - RetestWorkflow: database attached.
2026-06-20 00:08:39 - huginn - INFO - Using default configuration
2026-06-20 00:08:41 - huginn - DEBUG - Memory monitoring stopped
2026-06-20 00:08:41 - huginn - DEBUG - Connection pool closed all sessions
2026-06-20 00:08:42 - huginn - INFO - License saved successfully
2026-06-20 00:08:42 - huginn - INFO - License loaded and validated successfully
2026-06-20 00:08:44 - huginn - INFO - License saved successfully
2026-06-20 00:08:44 - huginn - INFO - License loaded and validated successfully
2026-06-20 00:08:44 - huginn - INFO - Application starting...
2026-06-20 00:08:44 - huginn - INFO - Huginn version 1.0.0
2026-06-20 00:08:44 - huginn - INFO - Font loaded successfully
2026-06-20 00:08:44 - huginn - INFO - Stylesheet loaded successfully
2026-06-20 00:08:44 - huginn - INFO - Creating main window...
2026-06-20 00:08:44 - huginn - INFO - QThreadPool max threads set to 32 (CPUs: 32)
2026-06-20 00:08:44 - huginn - INFO - Custom font 'Neuropol X' loaded from C:\Users\allie\Coding Projects\huggin_suite\huginn\resources\fonts\neuropol.otf
2026-06-20 00:08:45 - huginn - INFO - Master index schema initialized.
2026-06-20 00:08:45 - huginn - DEBUG - [FeatureGapIntegration] Tenant→Engagement wiring connected.
2026-06-20 00:08:45 - huginn - INFO - [FeatureGapIntegration] All new modules integrated successfully.
2026-06-20 00:08:45 - huginn - INFO - Feature gap integration completed successfully
2026-06-20 00:08:47 - huginn - INFO - EngagementDatabase connected: C:\Users\allie\Coding Projects\huggin_suite\huginn\resources\engagements\c113fb39-30ef-48b0-91af-c4751811afcb\engagement.db (pool_size=5)
2026-06-20 00:08:47 - huginn - INFO - Engagement opened: c113fb39-30ef-48b0-91af-c4751811afcb
2026-06-20 00:08:47 - huginn - INFO - NoteSystem: database attached and FTS initialized.
2026-06-20 00:08:47 - huginn - INFO - RetestWorkflow: database attached.
2026-06-20 00:10:13 - huginn - INFO - Using default configuration
2026-06-20 00:10:15 - huginn - INFO - License saved successfully
2026-06-20 00:10:15 - huginn - INFO - License loaded and validated successfully
2026-06-20 00:10:15 - huginn - DEBUG - Memory monitoring stopped
2026-06-20 00:10:15 - huginn - DEBUG - Connection pool closed all sessions
2026-06-20 00:10:19 - huginn - INFO - License saved successfully
2026-06-20 00:10:19 - huginn - INFO - License loaded and validated successfully
2026-06-20 00:10:19 - huginn - INFO - Application starting...
2026-06-20 00:10:19 - huginn - INFO - Huginn version 1.0.0
2026-06-20 00:10:19 - huginn - INFO - Font loaded successfully
2026-06-20 00:10:19 - huginn - INFO - Stylesheet loaded successfully
2026-06-20 00:10:19 - huginn - INFO - Creating main window...
2026-06-20 00:10:19 - huginn - INFO - QThreadPool max threads set to 32 (CPUs: 32)
2026-06-20 00:10:19 - huginn - INFO - Custom font 'Neuropol X' loaded from C:\Users\allie\Coding Projects\huggin_suite\huginn\resources\fonts\neuropol.otf
2026-06-20 00:10:20 - huginn - INFO - Master index schema initialized.
2026-06-20 00:10:20 - huginn - DEBUG - [FeatureGapIntegration] Tenant→Engagement wiring connected.
2026-06-20 00:10:20 - huginn - INFO - [FeatureGapIntegration] All new modules integrated successfully.
2026-06-20 00:10:20 - huginn - INFO - Feature gap integration completed successfully
2026-06-20 00:10:22 - huginn - INFO - EngagementDatabase connected: C:\Users\allie\Coding Projects\huggin_suite\huginn\resources\engagements\c113fb39-30ef-48b0-91af-c4751811afcb\engagement.db (pool_size=5)
2026-06-20 00:10:22 - huginn - INFO - Engagement opened: c113fb39-30ef-48b0-91af-c4751811afcb
2026-06-20 00:10:22 - huginn - INFO - NoteSystem: database attached and FTS initialized.
2026-06-20 00:10:22 - huginn - INFO - RetestWorkflow: database attached.
2026-06-20 00:10:32 - huginn - DEBUG - Memory monitoring stopped
2026-06-20 00:10:32 - huginn - DEBUG - Connection pool closed all sessions
2026-06-20 12:04:26 - huginn - INFO - License saved successfully
2026-06-20 12:04:26 - huginn - INFO - License loaded and validated successfully
2026-06-20 12:04:26 - huginn - INFO - Application starting...
2026-06-20 12:04:26 - huginn - INFO - Huginn version 1.0.0
2026-06-20 12:04:26 - huginn - INFO - Font loaded successfully
2026-06-20 12:04:26 - huginn - INFO - Stylesheet loaded successfully
2026-06-20 12:04:26 - huginn - INFO - Creating main window...
2026-06-20 12:04:26 - huginn - INFO - QThreadPool max threads set to 32 (CPUs: 32)
2026-06-20 12:04:26 - huginn - INFO - Custom font 'Neuropol X' loaded from C:\Users\allie\Coding Projects\huggin_suite\huginn\resources\fonts\neuropol.otf
2026-06-20 12:04:28 - huginn - INFO - Master index schema initialized.
2026-06-20 12:04:29 - huginn - DEBUG - [FeatureGapIntegration] Tenant→Engagement wiring connected.
2026-06-20 12:04:29 - huginn - INFO - [FeatureGapIntegration] All new modules integrated successfully.
2026-06-20 12:04:29 - huginn - INFO - Feature gap integration completed successfully
2026-06-20 12:04:43 - huginn - INFO - EngagementDatabase connected: C:\Users\allie\Coding Projects\huggin_suite\huginn\resources\engagements\bb3d4a1e-4dff-45e4-a981-d4f32e8a2d2b\engagement.db (pool_size=5)
2026-06-20 12:04:43 - huginn - INFO - Engagement opened: bb3d4a1e-4dff-45e4-a981-d4f32e8a2d2b
2026-06-20 12:04:43 - huginn - INFO - NoteSystem: database attached and FTS initialized.
2026-06-20 12:04:43 - huginn - INFO - RetestWorkflow: database attached.
2026-06-20 12:04:57 - huginn - INFO - EngagementDatabase closed: C:\Users\allie\Coding Projects\huggin_suite\huginn\resources\engagements\bb3d4a1e-4dff-45e4-a981-d4f32e8a2d2b\engagement.db (5 connections)
2026-06-20 12:04:57 - huginn - INFO - EngagementDatabase connected: C:\Users\allie\Coding Projects\huggin_suite\huginn\resources\engagements\c113fb39-30ef-48b0-91af-c4751811afcb\engagement.db (pool_size=5)
2026-06-20 12:04:57 - huginn - INFO - Engagement opened: c113fb39-30ef-48b0-91af-c4751811afcb
2026-06-20 12:04:57 - huginn - INFO - NoteSystem: database attached and FTS initialized.
2026-06-20 12:04:57 - huginn - INFO - RetestWorkflow: database attached.
2026-06-20 12:04:58 - huginn - INFO - EngagementDatabase closed: C:\Users\allie\Coding Projects\huggin_suite\huginn\resources\engagements\c113fb39-30ef-48b0-91af-c4751811afcb\engagement.db (5 connections)
2026-06-20 12:04:58 - huginn - INFO - EngagementDatabase connected: C:\Users\allie\Coding Projects\huggin_suite\huginn\resources\engagements\bb3d4a1e-4dff-45e4-a981-d4f32e8a2d2b\engagement.db (pool_size=5)
2026-06-20 12:04:58 - huginn - INFO - Engagement opened: bb3d4a1e-4dff-45e4-a981-d4f32e8a2d2b
2026-06-20 12:04:58 - huginn - INFO - NoteSystem: database attached and FTS initialized.
2026-06-20 12:04:58 - huginn - INFO - RetestWorkflow: database attached.
2026-06-20 12:05:04 - huginn - INFO - EngagementDatabase closed: C:\Users\allie\Coding Projects\huggin_suite\huginn\resources\engagements\bb3d4a1e-4dff-45e4-a981-d4f32e8a2d2b\engagement.db (5 connections)
2026-06-20 12:05:04 - huginn - INFO - EngagementDatabase connected: C:\Users\allie\Coding Projects\huggin_suite\huginn\resources\engagements\c113fb39-30ef-48b0-91af-c4751811afcb\engagement.db (pool_size=5)
2026-06-20 12:05:04 - huginn - INFO - Engagement opened: c113fb39-30ef-48b0-91af-c4751811afcb
2026-06-20 12:05:04 - huginn - INFO - NoteSystem: database attached and FTS initialized.
2026-06-20 12:05:04 - huginn - INFO - RetestWorkflow: database attached.
2026-06-20 12:05:04 - huginn - INFO - Engagement deleted: bb3d4a1e-4dff-45e4-a981-d4f32e8a2d2b
2026-06-20 12:17:19 - huginn - DEBUG - Memory monitoring stopped
2026-06-20 12:17:19 - huginn - DEBUG - Connection pool closed all sessions
2026-06-20 17:33:24 - huginn - INFO - License saved successfully
2026-06-20 17:33:24 - huginn - INFO - License loaded and validated successfully
2026-06-20 17:33:24 - huginn - INFO - Application starting...
2026-06-20 17:33:24 - huginn - INFO - Huginn version 1.0.0
2026-06-20 17:33:24 - huginn - INFO - Font loaded successfully
2026-06-20 17:33:24 - huginn - INFO - Stylesheet loaded successfully
2026-06-20 17:33:24 - huginn - INFO - Creating main window...
2026-06-20 17:33:24 - huginn - INFO - QThreadPool max threads set to 32 (CPUs: 32)
2026-06-20 17:33:24 - huginn - INFO - Custom font 'Neuropol X' loaded from C:\Users\allie\Coding Projects\huggin_suite\huginn\resources\fonts\neuropol.otf
2026-06-20 17:33:26 - huginn - INFO - Master index schema initialized.
2026-06-20 17:33:26 - huginn - DEBUG - [FeatureGapIntegration] Tenant→Engagement wiring connected.
2026-06-20 17:33:26 - huginn - INFO - [FeatureGapIntegration] All new modules integrated successfully.
2026-06-20 17:33:26 - huginn - INFO - Feature gap integration completed successfully
2026-06-20 17:35:09 - huginn - DEBUG - Memory monitoring stopped
2026-06-20 17:35:09 - huginn - DEBUG - Connection pool closed all sessions
2026-06-20 17:49:34 - huginn - INFO - License saved successfully
2026-06-20 17:49:34 - huginn - INFO - License loaded and validated successfully
2026-06-20 17:49:34 - huginn - INFO - Application starting...
2026-06-20 17:49:34 - huginn - INFO - Huginn version 1.0.0
2026-06-20 17:49:34 - huginn - INFO - Font loaded successfully
2026-06-20 17:49:34 - huginn - INFO - Stylesheet loaded successfully
2026-06-20 17:49:34 - huginn - INFO - Creating main window...
2026-06-20 17:49:34 - huginn - INFO - QThreadPool max threads set to 32 (CPUs: 32)
2026-06-20 17:49:34 - huginn - INFO - Custom font 'Neuropol X' loaded from C:\Users\allie\Coding Projects\huggin_suite\huginn\resources\fonts\neuropol.otf
2026-06-20 17:49:35 - huginn - INFO - Master index schema initialized.
2026-06-20 17:49:35 - huginn - DEBUG - [FeatureGapIntegration] Tenant→Engagement wiring connected.
2026-06-20 17:49:35 - huginn - INFO - [FeatureGapIntegration] All new modules integrated successfully.
2026-06-20 17:49:35 - huginn - INFO - Feature gap integration completed successfully
2026-06-20 17:51:16 - huginn - DEBUG - Memory monitoring stopped
2026-06-20 17:51:16 - huginn - DEBUG - Connection pool closed all sessions
2026-06-20 17:55:57 - huginn - INFO - License saved successfully
2026-06-20 17:55:57 - huginn - INFO - License loaded and validated successfully
2026-06-20 17:55:57 - huginn - INFO - Application starting...
2026-06-20 17:55:57 - huginn - INFO - Huginn version 1.0.0
2026-06-20 17:55:57 - huginn - INFO - Font loaded successfully
2026-06-20 17:55:57 - huginn - INFO - Stylesheet loaded successfully
2026-06-20 17:55:57 - huginn - INFO - Creating main window...
2026-06-20 17:55:57 - huginn - INFO - QThreadPool max threads set to 32 (CPUs: 32)
2026-06-20 17:55:57 - huginn - INFO - Custom font 'Neuropol X' loaded from C:\Users\allie\Coding Projects\huggin_suite\huginn\resources\fonts\neuropol.otf
2026-06-20 17:55:58 - huginn - INFO - Master index schema initialized.
2026-06-20 17:55:59 - huginn - DEBUG - [FeatureGapIntegration] Tenant→Engagement wiring connected.
2026-06-20 17:55:59 - huginn - INFO - [FeatureGapIntegration] All new modules integrated successfully.
2026-06-20 17:55:59 - huginn - INFO - Feature gap integration completed successfully
2026-06-20 17:56:26 - huginn - INFO - EngagementDatabase connected: C:\Users\allie\Coding Projects\huggin_suite\huginn\resources\engagements\d30aaa11-deb6-431e-bbfc-4635b41b8e12\engagement.db (pool_size=5)
2026-06-20 17:56:26 - huginn - INFO - EngagementDatabase schema created: C:\Users\allie\Coding Projects\huggin_suite\huginn\resources\engagements\d30aaa11-deb6-431e-bbfc-4635b41b8e12\engagement.db
2026-06-20 17:56:26 - huginn - INFO - EngagementDatabase closed: C:\Users\allie\Coding Projects\huggin_suite\huginn\resources\engagements\d30aaa11-deb6-431e-bbfc-4635b41b8e12\engagement.db (5 connections)
2026-06-20 17:56:26 - huginn - INFO - Engagement created: d30aaa11-deb6-431e-bbfc-4635b41b8e12 (Facts)
2026-06-20 17:56:26 - huginn - INFO - EngagementDatabase connected: C:\Users\allie\Coding Projects\huggin_suite\huginn\resources\engagements\d30aaa11-deb6-431e-bbfc-4635b41b8e12\engagement.db (pool_size=5)
2026-06-20 17:56:26 - huginn - INFO - Engagement opened: d30aaa11-deb6-431e-bbfc-4635b41b8e12
2026-06-20 17:56:26 - huginn - INFO - NoteSystem: database attached and FTS initialized.
2026-06-20 17:56:26 - huginn - INFO - RetestWorkflow: database attached.
2026-06-20 17:56:57 - huginn - INFO - VPN connection terminated
2026-06-20 17:56:57 - huginn - INFO - OpenVPN connection started with config: C:/Users/allie/Downloads/machines_au-1.ovpn
2026-06-20 17:56:57 - huginn - DEBUG - OpenVPN: 2026-06-20 17:56:57 Note: --data-ciphers-fallback with cipher 'AES-128-CBC' disables data channel offload.
2026-06-20 17:56:57 - huginn - DEBUG - OpenVPN: 2026-06-20 17:56:57 OpenVPN 2.6.14 [git:none/0169b4ad2bb35d2c] Windows [SSL (OpenSSL)] [LZO] [LZ4] [PKCS11] [AEAD] [DCO] built on Jun 19 2025
2026-06-20 17:56:57 - huginn - DEBUG - OpenVPN: 2026-06-20 17:56:57 Windows version 10.0 (Windows 10 or greater), amd64 executable
2026-06-20 17:56:57 - huginn - DEBUG - OpenVPN: 2026-06-20 17:56:57 library versions: OpenSSL 3.5.0 8 Apr 2025, LZO 2.10
2026-06-20 17:56:57 - huginn - DEBUG - OpenVPN: 2026-06-20 17:56:57 DCO version: N/A
2026-06-20 17:56:57 - huginn - DEBUG - OpenVPN: 2026-06-20 17:56:57 TCP/UDP: Preserving recently used remote address: [AF_INET]206.148.40.161:1337
2026-06-20 17:56:57 - huginn - DEBUG - OpenVPN: 2026-06-20 17:56:57 Socket Buffers: R=[65536->65536] S=[65536->65536]
2026-06-20 17:56:57 - huginn - DEBUG - OpenVPN: 2026-06-20 17:56:57 UDPv4 link local: (not bound)
2026-06-20 17:56:57 - huginn - DEBUG - OpenVPN: 2026-06-20 17:56:57 UDPv4 link remote: [AF_INET]206.148.40.161:1337
2026-06-20 17:56:57 - huginn - DEBUG - OpenVPN: 2026-06-20 17:56:57 TLS: Initial packet from [AF_INET]206.148.40.161:1337, sid=4a3901b4 764ff7d0
2026-06-20 17:56:57 - huginn - DEBUG - OpenVPN: 2026-06-20 17:56:57 VERIFY OK: depth=2, C=GR, O=Hack The Box, OU=Systems, CN=HTB VPN: Root Certificate Authority
2026-06-20 17:56:57 - huginn - DEBUG - OpenVPN: 2026-06-20 17:56:57 VERIFY OK: depth=1, C=GR, O=Hack The Box, OU=Systems, CN=HTB VPN: au-free-1 Issuing CA
2026-06-20 17:56:57 - huginn - DEBUG - OpenVPN: 2026-06-20 17:56:57 VERIFY KU OK
2026-06-20 17:56:57 - huginn - DEBUG - OpenVPN: 2026-06-20 17:56:57 Validating certificate extended key usage
2026-06-20 17:56:57 - huginn - DEBUG - OpenVPN: 2026-06-20 17:56:57 ++ Certificate has EKU (str) TLS Web Client Authentication, expects TLS Web Server Authentication
2026-06-20 17:56:57 - huginn - DEBUG - OpenVPN: 2026-06-20 17:56:57 ++ Certificate has EKU (oid) 1.3.6.1.5.5.7.3.2, expects TLS Web Server Authentication
2026-06-20 17:56:57 - huginn - DEBUG - OpenVPN: 2026-06-20 17:56:57 ++ Certificate has EKU (str) TLS Web Server Authentication, expects TLS Web Server Authentication
2026-06-20 17:56:57 - huginn - DEBUG - OpenVPN: 2026-06-20 17:56:57 VERIFY EKU OK
2026-06-20 17:56:57 - huginn - DEBUG - OpenVPN: 2026-06-20 17:56:57 VERIFY OK: depth=0, C=GR, O=Hack The Box, OU=Systems, CN=au-free-1
2026-06-20 17:56:58 - huginn - DEBUG - OpenVPN: 2026-06-20 17:56:57 Control Channel: TLSv1.3, cipher TLSv1.3 TLS_AES_256_GCM_SHA384, peer certificate: 256 bits ED25519, signature: ED25519, peer temporary key: 253 bits X25519
2026-06-20 17:56:58 - huginn - DEBUG - OpenVPN: 2026-06-20 17:56:57 [au-free-1] Peer Connection Initiated with [AF_INET]206.148.40.161:1337
2026-06-20 17:56:58 - huginn - DEBUG - OpenVPN: 2026-06-20 17:56:57 TLS: move_session: dest=TM_ACTIVE src=TM_INITIAL reinit_src=1
2026-06-20 17:56:58 - huginn - DEBUG - OpenVPN: 2026-06-20 17:56:57 TLS: tls_multi_process: initial untrusted session promoted to trusted
2026-06-20 17:56:58 - huginn - DEBUG - OpenVPN: 2026-06-20 17:56:58 SENT CONTROL [au-free-1]: 'PUSH_REQUEST' (status=1)
2026-06-20 17:56:58 - huginn - DEBUG - OpenVPN: 2026-06-20 17:56:58 PUSH: Received control message: 'PUSH_REPLY,route 10.10.8.0 255.255.252.0,route 10.129.0.0 255.255.0.0,route-ipv6 dead:beef::/64,explicit-exit-notify,tun-ipv6,route-gateway 10.10.14.1,topology subnet,ping 10,ping-restart 120,ifconfig-ipv6 dead:beef:2::1010/64 dead:beef:2::1,ifconfig 10.10.14.18 255.255.254.0,peer-id 9,cipher AES-256-CBC,protocol-flags cc-exit tls-ekm dyn-tls-crypt,tun-mtu 1500'
2026-06-20 17:56:58 - huginn - INFO - VPN IP address assigned: 10.10.14.18
2026-06-20 17:56:58 - huginn - DEBUG - OpenVPN: 2026-06-20 17:56:58 OPTIONS IMPORT: --ifconfig/up options modified
2026-06-20 17:56:58 - huginn - DEBUG - OpenVPN: 2026-06-20 17:56:58 OPTIONS IMPORT: route options modified
2026-06-20 17:56:58 - huginn - DEBUG - OpenVPN: 2026-06-20 17:56:58 OPTIONS IMPORT: route-related options modified
2026-06-20 17:56:58 - huginn - DEBUG - OpenVPN: 2026-06-20 17:56:58 OPTIONS IMPORT: tun-mtu set to 1500
2026-06-20 17:56:58 - huginn - DEBUG - OpenVPN: 2026-06-20 17:56:58 interactive service msg_channel=0
2026-06-20 17:56:58 - huginn - DEBUG - OpenVPN: 2026-06-20 17:56:58 ROUTE_GATEWAY 192.168.1.1/255.255.255.0 I=23 HWADDR=88:d8:2e:79:0c:48
2026-06-20 17:56:58 - huginn - DEBUG - OpenVPN: 2026-06-20 17:56:58 GDG6: remote_host_ipv6=n/a
2026-06-20 17:56:58 - huginn - DEBUG - OpenVPN: 2026-06-20 17:56:58 NOTE: GetBestInterfaceEx returned error: Element not found.   (code=1168)
2026-06-20 17:56:58 - huginn - DEBUG - OpenVPN: 2026-06-20 17:56:58 ROUTE6: default_gateway=UNDEF
2026-06-20 17:56:58 - huginn - DEBUG - OpenVPN: 2026-06-20 17:56:58 open_tun
2026-06-20 17:56:58 - huginn - DEBUG - OpenVPN: 2026-06-20 17:56:58 tap-windows6 device [OpenVPN TAP-Windows6] opened
2026-06-20 17:56:58 - huginn - DEBUG - OpenVPN: 2026-06-20 17:56:58 TAP-Windows Driver Version 9.27
2026-06-20 17:56:58 - huginn - DEBUG - OpenVPN: 2026-06-20 17:56:58 Set TAP-Windows TUN subnet mode network/local/netmask = 10.10.14.0/10.10.14.18/255.255.254.0 [SUCCEEDED]
2026-06-20 17:56:58 - huginn - DEBUG - OpenVPN: 2026-06-20 17:56:58 Notified TAP-Windows driver to set a DHCP IP/netmask of 10.10.14.18/255.255.254.0 on interface {9624926F-3F6E-402F-BBEF-68BB8BB5B777} [DHCP-serv: 10.10.14.0, lease-time: 31536000]
2026-06-20 17:56:58 - huginn - DEBUG - OpenVPN: 2026-06-20 17:56:58 NOTE: FlushIpNetTable failed on interface [18] {9624926F-3F6E-402F-BBEF-68BB8BB5B777} (status=5) : Access is denied.
2026-06-20 17:56:58 - huginn - DEBUG - OpenVPN: 2026-06-20 17:56:58 TUN: Setting IPv4 mtu failed: Access is denied.   [status=5 if_index=18]
2026-06-20 17:56:58 - huginn - DEBUG - OpenVPN: 2026-06-20 17:56:58 NETSH: C:\WINDOWS\system32\netsh.exe interface ipv6 set address 18 dead:beef:2::1010/128 store=active
2026-06-20 17:56:58 - huginn - DEBUG - OpenVPN: 2026-06-20 17:56:58 ERROR: command failed: returned error code 1
2026-06-20 17:57:02 - huginn - DEBUG - OpenVPN: 2026-06-20 17:57:02 NETSH: C:\WINDOWS\system32\netsh.exe interface ipv6 set address 18 dead:beef:2::1010/128 store=active
2026-06-20 17:57:03 - huginn - DEBUG - OpenVPN: 2026-06-20 17:57:02 ERROR: command failed: returned error code 1
2026-06-20 17:57:07 - huginn - DEBUG - OpenVPN: 2026-06-20 17:57:06 NETSH: C:\WINDOWS\system32\netsh.exe interface ipv6 set address 18 dead:beef:2::1010/128 store=active
2026-06-20 17:57:07 - huginn - DEBUG - OpenVPN: 2026-06-20 17:57:06 ERROR: command failed: returned error code 1
2026-06-20 17:57:11 - huginn - DEBUG - OpenVPN: 2026-06-20 17:57:10 NETSH: C:\WINDOWS\system32\netsh.exe interface ipv6 set address 18 dead:beef:2::1010/128 store=active
2026-06-20 17:57:11 - huginn - DEBUG - OpenVPN: 2026-06-20 17:57:10 ERROR: command failed: returned error code 1
2026-06-20 17:57:15 - huginn - DEBUG - OpenVPN: 2026-06-20 17:57:14 NETSH: command failed
2026-06-20 17:57:15 - huginn - DEBUG - OpenVPN: 2026-06-20 17:57:14 Exiting due to fatal error
2026-06-20 17:57:46 - huginn - INFO - VPN connection terminated
2026-06-20 17:57:46 - huginn - INFO - OpenVPN connection started with config: C:/Users/allie/Downloads/machines_au-1 (1).ovpn
2026-06-20 17:57:46 - huginn - DEBUG - OpenVPN: 2026-06-20 17:57:46 Note: --data-ciphers-fallback with cipher 'AES-128-CBC' disables data channel offload.
2026-06-20 17:57:46 - huginn - DEBUG - OpenVPN: 2026-06-20 17:57:46 OpenVPN 2.6.14 [git:none/0169b4ad2bb35d2c] Windows [SSL (OpenSSL)] [LZO] [LZ4] [PKCS11] [AEAD] [DCO] built on Jun 19 2025
2026-06-20 17:57:46 - huginn - DEBUG - OpenVPN: 2026-06-20 17:57:46 Windows version 10.0 (Windows 10 or greater), amd64 executable
2026-06-20 17:57:46 - huginn - DEBUG - OpenVPN: 2026-06-20 17:57:46 library versions: OpenSSL 3.5.0 8 Apr 2025, LZO 2.10
2026-06-20 17:57:46 - huginn - DEBUG - OpenVPN: 2026-06-20 17:57:46 DCO version: N/A
2026-06-20 17:57:46 - huginn - DEBUG - OpenVPN: 2026-06-20 17:57:46 TCP/UDP: Preserving recently used remote address: [AF_INET]206.148.40.161:1337
2026-06-20 17:57:46 - huginn - DEBUG - OpenVPN: 2026-06-20 17:57:46 Socket Buffers: R=[65536->65536] S=[65536->65536]
2026-06-20 17:57:46 - huginn - DEBUG - OpenVPN: 2026-06-20 17:57:46 UDPv4 link local: (not bound)
2026-06-20 17:57:46 - huginn - DEBUG - OpenVPN: 2026-06-20 17:57:46 UDPv4 link remote: [AF_INET]206.148.40.161:1337
2026-06-20 17:57:46 - huginn - DEBUG - OpenVPN: 2026-06-20 17:57:46 TLS: Initial packet from [AF_INET]206.148.40.161:1337, sid=39fb75ef fa4966f2
2026-06-20 17:57:46 - huginn - DEBUG - OpenVPN: 2026-06-20 17:57:46 VERIFY OK: depth=2, C=GR, O=Hack The Box, OU=Systems, CN=HTB VPN: Root Certificate Authority
2026-06-20 17:57:46 - huginn - DEBUG - OpenVPN: 2026-06-20 17:57:46 VERIFY OK: depth=1, C=GR, O=Hack The Box, OU=Systems, CN=HTB VPN: au-free-1 Issuing CA
2026-06-20 17:57:46 - huginn - DEBUG - OpenVPN: 2026-06-20 17:57:46 VERIFY KU OK
2026-06-20 17:57:46 - huginn - DEBUG - OpenVPN: 2026-06-20 17:57:46 Validating certificate extended key usage
2026-06-20 17:57:46 - huginn - DEBUG - OpenVPN: 2026-06-20 17:57:46 ++ Certificate has EKU (str) TLS Web Client Authentication, expects TLS Web Server Authentication
2026-06-20 17:57:46 - huginn - DEBUG - OpenVPN: 2026-06-20 17:57:46 ++ Certificate has EKU (oid) 1.3.6.1.5.5.7.3.2, expects TLS Web Server Authentication
2026-06-20 17:57:46 - huginn - DEBUG - OpenVPN: 2026-06-20 17:57:46 ++ Certificate has EKU (str) TLS Web Server Authentication, expects TLS Web Server Authentication
2026-06-20 17:57:46 - huginn - DEBUG - OpenVPN: 2026-06-20 17:57:46 VERIFY EKU OK
2026-06-20 17:57:46 - huginn - DEBUG - OpenVPN: 2026-06-20 17:57:46 VERIFY OK: depth=0, C=GR, O=Hack The Box, OU=Systems, CN=au-free-1
2026-06-20 17:57:46 - huginn - DEBUG - OpenVPN: 2026-06-20 17:57:46 Control Channel: TLSv1.3, cipher TLSv1.3 TLS_AES_256_GCM_SHA384, peer certificate: 256 bits ED25519, signature: ED25519, peer temporary key: 253 bits X25519
2026-06-20 17:57:46 - huginn - DEBUG - OpenVPN: 2026-06-20 17:57:46 [au-free-1] Peer Connection Initiated with [AF_INET]206.148.40.161:1337
2026-06-20 17:57:46 - huginn - DEBUG - OpenVPN: 2026-06-20 17:57:46 TLS: move_session: dest=TM_ACTIVE src=TM_INITIAL reinit_src=1
2026-06-20 17:57:46 - huginn - DEBUG - OpenVPN: 2026-06-20 17:57:46 TLS: tls_multi_process: initial untrusted session promoted to trusted
2026-06-20 17:57:48 - huginn - DEBUG - OpenVPN: 2026-06-20 17:57:47 SENT CONTROL [au-free-1]: 'PUSH_REQUEST' (status=1)
2026-06-20 17:57:48 - huginn - DEBUG - OpenVPN: 2026-06-20 17:57:47 PUSH: Received control message: 'PUSH_REPLY,route 10.10.8.0 255.255.252.0,route 10.129.0.0 255.255.0.0,route-ipv6 dead:beef::/64,explicit-exit-notify,tun-ipv6,route-gateway 10.10.14.1,topology subnet,ping 10,ping-restart 120,ifconfig-ipv6 dead:beef:2::1010/64 dead:beef:2::1,ifconfig 10.10.14.18 255.255.254.0,peer-id 16,cipher AES-256-CBC,protocol-flags cc-exit tls-ekm dyn-tls-crypt,tun-mtu 1500'
2026-06-20 17:57:48 - huginn - INFO - VPN IP address assigned: 10.10.14.18
2026-06-20 17:57:48 - huginn - DEBUG - OpenVPN: 2026-06-20 17:57:47 OPTIONS IMPORT: --ifconfig/up options modified
2026-06-20 17:57:48 - huginn - DEBUG - OpenVPN: 2026-06-20 17:57:47 OPTIONS IMPORT: route options modified
2026-06-20 17:57:48 - huginn - DEBUG - OpenVPN: 2026-06-20 17:57:47 OPTIONS IMPORT: route-related options modified
2026-06-20 17:57:48 - huginn - DEBUG - OpenVPN: 2026-06-20 17:57:47 OPTIONS IMPORT: tun-mtu set to 1500
2026-06-20 17:57:48 - huginn - DEBUG - OpenVPN: 2026-06-20 17:57:47 interactive service msg_channel=0
2026-06-20 17:57:48 - huginn - DEBUG - OpenVPN: 2026-06-20 17:57:47 ROUTE_GATEWAY 192.168.1.1/255.255.255.0 I=23 HWADDR=88:d8:2e:79:0c:48
2026-06-20 17:57:48 - huginn - DEBUG - OpenVPN: 2026-06-20 17:57:47 GDG6: remote_host_ipv6=n/a
2026-06-20 17:57:48 - huginn - DEBUG - OpenVPN: 2026-06-20 17:57:47 NOTE: GetBestInterfaceEx returned error: Element not found.   (code=1168)
2026-06-20 17:57:48 - huginn - DEBUG - OpenVPN: 2026-06-20 17:57:47 ROUTE6: default_gateway=UNDEF
2026-06-20 17:57:48 - huginn - DEBUG - OpenVPN: 2026-06-20 17:57:47 open_tun
2026-06-20 17:57:48 - huginn - DEBUG - OpenVPN: 2026-06-20 17:57:47 tap-windows6 device [OpenVPN TAP-Windows6] opened
2026-06-20 17:57:48 - huginn - DEBUG - OpenVPN: 2026-06-20 17:57:47 TAP-Windows Driver Version 9.27
2026-06-20 17:57:48 - huginn - DEBUG - OpenVPN: 2026-06-20 17:57:47 Set TAP-Windows TUN subnet mode network/local/netmask = 10.10.14.0/10.10.14.18/255.255.254.0 [SUCCEEDED]
2026-06-20 17:57:48 - huginn - DEBUG - OpenVPN: 2026-06-20 17:57:47 Notified TAP-Windows driver to set a DHCP IP/netmask of 10.10.14.18/255.255.254.0 on interface {9624926F-3F6E-402F-BBEF-68BB8BB5B777} [DHCP-serv: 10.10.14.0, lease-time: 31536000]
2026-06-20 17:57:48 - huginn - DEBUG - OpenVPN: 2026-06-20 17:57:47 NOTE: FlushIpNetTable failed on interface [18] {9624926F-3F6E-402F-BBEF-68BB8BB5B777} (status=5) : Access is denied.
2026-06-20 17:57:48 - huginn - DEBUG - OpenVPN: 2026-06-20 17:57:47 TUN: Setting IPv4 mtu failed: Access is denied.   [status=5 if_index=18]
2026-06-20 17:57:48 - huginn - DEBUG - OpenVPN: 2026-06-20 17:57:47 NETSH: C:\WINDOWS\system32\netsh.exe interface ipv6 set address 18 dead:beef:2::1010/128 store=active
2026-06-20 17:57:48 - huginn - DEBUG - OpenVPN: 2026-06-20 17:57:47 ERROR: command failed: returned error code 1
2026-06-20 17:57:52 - huginn - DEBUG - OpenVPN: 2026-06-20 17:57:51 NETSH: C:\WINDOWS\system32\netsh.exe interface ipv6 set address 18 dead:beef:2::1010/128 store=active
2026-06-20 17:57:52 - huginn - DEBUG - OpenVPN: 2026-06-20 17:57:51 ERROR: command failed: returned error code 1
2026-06-20 17:57:56 - huginn - DEBUG - OpenVPN: 2026-06-20 17:57:55 NETSH: C:\WINDOWS\system32\netsh.exe interface ipv6 set address 18 dead:beef:2::1010/128 store=active
2026-06-20 17:57:56 - huginn - DEBUG - OpenVPN: 2026-06-20 17:57:55 ERROR: command failed: returned error code 1
2026-06-20 17:58:00 - huginn - DEBUG - OpenVPN: 2026-06-20 17:58:00 NETSH: C:\WINDOWS\system32\netsh.exe interface ipv6 set address 18 dead:beef:2::1010/128 store=active
2026-06-20 17:58:00 - huginn - DEBUG - OpenVPN: 2026-06-20 17:58:00 ERROR: command failed: returned error code 1
2026-06-20 17:58:04 - huginn - DEBUG - OpenVPN: 2026-06-20 17:58:04 NETSH: command failed
2026-06-20 17:58:04 - huginn - DEBUG - OpenVPN: 2026-06-20 17:58:04 Exiting due to fatal error
2026-06-20 17:59:38 - huginn - INFO - VPN connection terminated
2026-06-20 17:59:38 - huginn - INFO - OpenVPN connection started with config: C:/Users/allie/Downloads/machines_au-1 (1).ovpn
2026-06-20 17:59:39 - huginn - DEBUG - OpenVPN: 2026-06-20 17:59:38 Note: --data-ciphers-fallback with cipher 'AES-128-CBC' disables data channel offload.
2026-06-20 17:59:39 - huginn - DEBUG - OpenVPN: 2026-06-20 17:59:38 OpenVPN 2.6.14 [git:none/0169b4ad2bb35d2c] Windows [SSL (OpenSSL)] [LZO] [LZ4] [PKCS11] [AEAD] [DCO] built on Jun 19 2025
2026-06-20 17:59:39 - huginn - DEBUG - OpenVPN: 2026-06-20 17:59:38 Windows version 10.0 (Windows 10 or greater), amd64 executable
2026-06-20 17:59:39 - huginn - DEBUG - OpenVPN: 2026-06-20 17:59:38 library versions: OpenSSL 3.5.0 8 Apr 2025, LZO 2.10
2026-06-20 17:59:39 - huginn - DEBUG - OpenVPN: 2026-06-20 17:59:38 DCO version: N/A
2026-06-20 17:59:39 - huginn - DEBUG - OpenVPN: 2026-06-20 17:59:38 TCP/UDP: Preserving recently used remote address: [AF_INET]206.148.40.161:1337
2026-06-20 17:59:39 - huginn - DEBUG - OpenVPN: 2026-06-20 17:59:38 Socket Buffers: R=[65536->65536] S=[65536->65536]
2026-06-20 17:59:39 - huginn - DEBUG - OpenVPN: 2026-06-20 17:59:38 UDPv4 link local: (not bound)
2026-06-20 17:59:39 - huginn - DEBUG - OpenVPN: 2026-06-20 17:59:38 UDPv4 link remote: [AF_INET]206.148.40.161:1337
2026-06-20 17:59:39 - huginn - DEBUG - OpenVPN: 2026-06-20 17:59:38 TLS: Initial packet from [AF_INET]206.148.40.161:1337, sid=4d851ff9 349a9094
2026-06-20 17:59:39 - huginn - DEBUG - OpenVPN: 2026-06-20 17:59:38 VERIFY OK: depth=2, C=GR, O=Hack The Box, OU=Systems, CN=HTB VPN: Root Certificate Authority
2026-06-20 17:59:39 - huginn - DEBUG - OpenVPN: 2026-06-20 17:59:38 VERIFY OK: depth=1, C=GR, O=Hack The Box, OU=Systems, CN=HTB VPN: au-free-1 Issuing CA
2026-06-20 17:59:39 - huginn - DEBUG - OpenVPN: 2026-06-20 17:59:38 VERIFY KU OK
2026-06-20 17:59:39 - huginn - DEBUG - OpenVPN: 2026-06-20 17:59:38 Validating certificate extended key usage
2026-06-20 17:59:39 - huginn - DEBUG - OpenVPN: 2026-06-20 17:59:38 ++ Certificate has EKU (str) TLS Web Client Authentication, expects TLS Web Server Authentication
2026-06-20 17:59:39 - huginn - DEBUG - OpenVPN: 2026-06-20 17:59:38 ++ Certificate has EKU (oid) 1.3.6.1.5.5.7.3.2, expects TLS Web Server Authentication
2026-06-20 17:59:39 - huginn - DEBUG - OpenVPN: 2026-06-20 17:59:38 ++ Certificate has EKU (str) TLS Web Server Authentication, expects TLS Web Server Authentication
2026-06-20 17:59:39 - huginn - DEBUG - OpenVPN: 2026-06-20 17:59:38 VERIFY EKU OK
2026-06-20 17:59:39 - huginn - DEBUG - OpenVPN: 2026-06-20 17:59:38 VERIFY OK: depth=0, C=GR, O=Hack The Box, OU=Systems, CN=au-free-1
2026-06-20 17:59:39 - huginn - DEBUG - OpenVPN: 2026-06-20 17:59:39 Control Channel: TLSv1.3, cipher TLSv1.3 TLS_AES_256_GCM_SHA384, peer certificate: 256 bits ED25519, signature: ED25519, peer temporary key: 253 bits X25519
2026-06-20 17:59:39 - huginn - DEBUG - OpenVPN: 2026-06-20 17:59:39 [au-free-1] Peer Connection Initiated with [AF_INET]206.148.40.161:1337
2026-06-20 17:59:39 - huginn - DEBUG - OpenVPN: 2026-06-20 17:59:39 TLS: move_session: dest=TM_ACTIVE src=TM_INITIAL reinit_src=1
2026-06-20 17:59:39 - huginn - DEBUG - OpenVPN: 2026-06-20 17:59:39 TLS: tls_multi_process: initial untrusted session promoted to trusted
2026-06-20 17:59:40 - huginn - DEBUG - OpenVPN: 2026-06-20 17:59:40 SENT CONTROL [au-free-1]: 'PUSH_REQUEST' (status=1)
2026-06-20 17:59:40 - huginn - DEBUG - OpenVPN: 2026-06-20 17:59:40 PUSH: Received control message: 'PUSH_REPLY,route 10.10.8.0 255.255.252.0,route 10.129.0.0 255.255.0.0,route-ipv6 dead:beef::/64,explicit-exit-notify,tun-ipv6,route-gateway 10.10.14.1,topology subnet,ping 10,ping-restart 120,ifconfig-ipv6 dead:beef:2::1010/64 dead:beef:2::1,ifconfig 10.10.14.18 255.255.254.0,peer-id 16,cipher AES-256-CBC,protocol-flags cc-exit tls-ekm dyn-tls-crypt,tun-mtu 1500'
2026-06-20 17:59:40 - huginn - INFO - VPN IP address assigned: 10.10.14.18
2026-06-20 17:59:40 - huginn - DEBUG - OpenVPN: 2026-06-20 17:59:40 OPTIONS IMPORT: --ifconfig/up options modified
2026-06-20 17:59:40 - huginn - DEBUG - OpenVPN: 2026-06-20 17:59:40 OPTIONS IMPORT: route options modified
2026-06-20 17:59:40 - huginn - DEBUG - OpenVPN: 2026-06-20 17:59:40 OPTIONS IMPORT: route-related options modified
2026-06-20 17:59:40 - huginn - DEBUG - OpenVPN: 2026-06-20 17:59:40 OPTIONS IMPORT: tun-mtu set to 1500
2026-06-20 17:59:40 - huginn - DEBUG - OpenVPN: 2026-06-20 17:59:40 interactive service msg_channel=0
2026-06-20 17:59:40 - huginn - DEBUG - OpenVPN: 2026-06-20 17:59:40 ROUTE_GATEWAY 192.168.1.1/255.255.255.0 I=23 HWADDR=88:d8:2e:79:0c:48
2026-06-20 17:59:40 - huginn - DEBUG - OpenVPN: 2026-06-20 17:59:40 GDG6: remote_host_ipv6=n/a
2026-06-20 17:59:40 - huginn - DEBUG - OpenVPN: 2026-06-20 17:59:40 NOTE: GetBestInterfaceEx returned error: Element not found.   (code=1168)
2026-06-20 17:59:40 - huginn - DEBUG - OpenVPN: 2026-06-20 17:59:40 ROUTE6: default_gateway=UNDEF
2026-06-20 17:59:40 - huginn - DEBUG - OpenVPN: 2026-06-20 17:59:40 open_tun
2026-06-20 17:59:40 - huginn - DEBUG - OpenVPN: 2026-06-20 17:59:40 tap-windows6 device [OpenVPN TAP-Windows6] opened
2026-06-20 17:59:40 - huginn - DEBUG - OpenVPN: 2026-06-20 17:59:40 TAP-Windows Driver Version 9.27
2026-06-20 17:59:40 - huginn - DEBUG - OpenVPN: 2026-06-20 17:59:40 Set TAP-Windows TUN subnet mode network/local/netmask = 10.10.14.0/10.10.14.18/255.255.254.0 [SUCCEEDED]
2026-06-20 17:59:40 - huginn - DEBUG - OpenVPN: 2026-06-20 17:59:40 Notified TAP-Windows driver to set a DHCP IP/netmask of 10.10.14.18/255.255.254.0 on interface {9624926F-3F6E-402F-BBEF-68BB8BB5B777} [DHCP-serv: 10.10.14.0, lease-time: 31536000]
2026-06-20 17:59:40 - huginn - DEBUG - OpenVPN: 2026-06-20 17:59:40 NOTE: FlushIpNetTable failed on interface [18] {9624926F-3F6E-402F-BBEF-68BB8BB5B777} (status=5) : Access is denied.
2026-06-20 17:59:40 - huginn - DEBUG - OpenVPN: 2026-06-20 17:59:40 TUN: Setting IPv4 mtu failed: Access is denied.   [status=5 if_index=18]
2026-06-20 17:59:40 - huginn - DEBUG - OpenVPN: 2026-06-20 17:59:40 NETSH: C:\WINDOWS\system32\netsh.exe interface ipv6 set address 18 dead:beef:2::1010/128 store=active
2026-06-20 17:59:40 - huginn - DEBUG - OpenVPN: 2026-06-20 17:59:40 ERROR: command failed: returned error code 1
2026-06-20 17:59:44 - huginn - DEBUG - OpenVPN: 2026-06-20 17:59:44 NETSH: C:\WINDOWS\system32\netsh.exe interface ipv6 set address 18 dead:beef:2::1010/128 store=active
2026-06-20 17:59:44 - huginn - DEBUG - OpenVPN: 2026-06-20 17:59:44 ERROR: command failed: returned error code 1
2026-06-20 17:59:48 - huginn - DEBUG - Memory monitoring stopped
2026-06-20 17:59:48 - huginn - DEBUG - Connection pool closed all sessions
2026-06-20 18:00:06 - huginn - INFO - License saved successfully
2026-06-20 18:00:06 - huginn - INFO - License loaded and validated successfully
2026-06-20 18:00:06 - huginn - INFO - Application starting...
2026-06-20 18:00:06 - huginn - INFO - Huginn version 1.0.0
2026-06-20 18:00:06 - huginn - INFO - Font loaded successfully
2026-06-20 18:00:06 - huginn - INFO - Stylesheet loaded successfully
2026-06-20 18:00:06 - huginn - INFO - Creating main window...
2026-06-20 18:00:06 - huginn - INFO - QThreadPool max threads set to 32 (CPUs: 32)
2026-06-20 18:00:06 - huginn - INFO - Custom font 'Neuropol X' loaded from C:\Users\allie\Coding Projects\huggin_suite\huginn\resources\fonts\neuropol.otf
2026-06-20 18:00:07 - huginn - INFO - Master index schema initialized.
2026-06-20 18:00:07 - huginn - DEBUG - [FeatureGapIntegration] Tenant→Engagement wiring connected.
2026-06-20 18:00:07 - huginn - INFO - [FeatureGapIntegration] All new modules integrated successfully.
2026-06-20 18:00:07 - huginn - INFO - Feature gap integration completed successfully
2026-06-20 18:00:12 - huginn - INFO - EngagementDatabase connected: C:\Users\allie\Coding Projects\huggin_suite\huginn\resources\engagements\d30aaa11-deb6-431e-bbfc-4635b41b8e12\engagement.db (pool_size=5)
2026-06-20 18:00:12 - huginn - INFO - Engagement opened: d30aaa11-deb6-431e-bbfc-4635b41b8e12
2026-06-20 18:00:12 - huginn - INFO - NoteSystem: database attached and FTS initialized.
2026-06-20 18:00:12 - huginn - INFO - RetestWorkflow: database attached.
2026-06-20 18:00:24 - huginn - INFO - VPN connection terminated
2026-06-20 18:00:24 - huginn - INFO - OpenVPN connection started with config: C:/Users/allie/Downloads/machines_au-1 (1).ovpn
2026-06-20 18:00:24 - huginn - DEBUG - OpenVPN: 2026-06-20 17:59:38 Note: --data-ciphers-fallback with cipher 'AES-128-CBC' disables data channel offload.
2026-06-20 18:00:24 - huginn - DEBUG - OpenVPN: 2026-06-20 17:59:38 OpenVPN 2.6.14 [git:none/0169b4ad2bb35d2c] Windows [SSL (OpenSSL)] [LZO] [LZ4] [PKCS11] [AEAD] [DCO] built on Jun 19 2025
2026-06-20 18:00:24 - huginn - DEBUG - OpenVPN: 2026-06-20 17:59:38 Windows version 10.0 (Windows 10 or greater), amd64 executable
2026-06-20 18:00:24 - huginn - DEBUG - OpenVPN: 2026-06-20 17:59:38 library versions: OpenSSL 3.5.0 8 Apr 2025, LZO 2.10
2026-06-20 18:00:24 - huginn - DEBUG - OpenVPN: 2026-06-20 17:59:38 DCO version: N/A
2026-06-20 18:00:24 - huginn - DEBUG - OpenVPN: 2026-06-20 17:59:38 TCP/UDP: Preserving recently used remote address: [AF_INET]206.148.40.161:1337
2026-06-20 18:00:24 - huginn - DEBUG - OpenVPN: 2026-06-20 17:59:38 Socket Buffers: R=[65536->65536] S=[65536->65536]
2026-06-20 18:00:24 - huginn - DEBUG - OpenVPN: 2026-06-20 17:59:38 UDPv4 link local: (not bound)
2026-06-20 18:00:24 - huginn - DEBUG - OpenVPN: 2026-06-20 17:59:38 UDPv4 link remote: [AF_INET]206.148.40.161:1337
2026-06-20 18:00:24 - huginn - DEBUG - OpenVPN: 2026-06-20 17:59:38 TLS: Initial packet from [AF_INET]206.148.40.161:1337, sid=4d851ff9 349a9094
2026-06-20 18:00:24 - huginn - DEBUG - OpenVPN: 2026-06-20 17:59:38 VERIFY OK: depth=2, C=GR, O=Hack The Box, OU=Systems, CN=HTB VPN: Root Certificate Authority
2026-06-20 18:00:24 - huginn - DEBUG - OpenVPN: 2026-06-20 17:59:38 VERIFY OK: depth=1, C=GR, O=Hack The Box, OU=Systems, CN=HTB VPN: au-free-1 Issuing CA
2026-06-20 18:00:24 - huginn - DEBUG - OpenVPN: 2026-06-20 17:59:38 VERIFY KU OK
2026-06-20 18:00:24 - huginn - DEBUG - OpenVPN: 2026-06-20 17:59:38 Validating certificate extended key usage
2026-06-20 18:00:24 - huginn - DEBUG - OpenVPN: 2026-06-20 17:59:38 ++ Certificate has EKU (str) TLS Web Client Authentication, expects TLS Web Server Authentication
2026-06-20 18:00:24 - huginn - DEBUG - OpenVPN: 2026-06-20 17:59:38 ++ Certificate has EKU (oid) 1.3.6.1.5.5.7.3.2, expects TLS Web Server Authentication
2026-06-20 18:00:24 - huginn - DEBUG - OpenVPN: 2026-06-20 17:59:38 ++ Certificate has EKU (str) TLS Web Server Authentication, expects TLS Web Server Authentication
2026-06-20 18:00:24 - huginn - DEBUG - OpenVPN: 2026-06-20 17:59:38 VERIFY EKU OK
2026-06-20 18:00:24 - huginn - DEBUG - OpenVPN: 2026-06-20 17:59:38 VERIFY OK: depth=0, C=GR, O=Hack The Box, OU=Systems, CN=au-free-1
2026-06-20 18:00:24 - huginn - DEBUG - OpenVPN: 2026-06-20 17:59:39 Control Channel: TLSv1.3, cipher TLSv1.3 TLS_AES_256_GCM_SHA384, peer certificate: 256 bits ED25519, signature: ED25519, peer temporary key: 253 bits X25519
2026-06-20 18:00:24 - huginn - DEBUG - OpenVPN: 2026-06-20 17:59:39 [au-free-1] Peer Connection Initiated with [AF_INET]206.148.40.161:1337
2026-06-20 18:00:24 - huginn - DEBUG - OpenVPN: 2026-06-20 17:59:39 TLS: move_session: dest=TM_ACTIVE src=TM_INITIAL reinit_src=1
2026-06-20 18:00:24 - huginn - DEBUG - OpenVPN: 2026-06-20 17:59:39 TLS: tls_multi_process: initial untrusted session promoted to trusted
2026-06-20 18:00:24 - huginn - DEBUG - OpenVPN: 2026-06-20 17:59:40 SENT CONTROL [au-free-1]: 'PUSH_REQUEST' (status=1)
2026-06-20 18:00:24 - huginn - DEBUG - OpenVPN: 2026-06-20 17:59:40 PUSH: Received control message: 'PUSH_REPLY,route 10.10.8.0 255.255.252.0,route 10.129.0.0 255.255.0.0,route-ipv6 dead:beef::/64,explicit-exit-notify,tun-ipv6,route-gateway 10.10.14.1,topology subnet,ping 10,ping-restart 120,ifconfig-ipv6 dead:beef:2::1010/64 dead:beef:2::1,ifconfig 10.10.14.18 255.255.254.0,peer-id 16,cipher AES-256-CBC,protocol-flags cc-exit tls-ekm dyn-tls-crypt,tun-mtu 1500'
2026-06-20 18:00:24 - huginn - INFO - VPN IP address assigned: 10.10.14.18
2026-06-20 18:00:24 - huginn - DEBUG - OpenVPN: 2026-06-20 17:59:40 OPTIONS IMPORT: --ifconfig/up options modified
2026-06-20 18:00:24 - huginn - DEBUG - OpenVPN: 2026-06-20 17:59:40 OPTIONS IMPORT: route options modified
2026-06-20 18:00:24 - huginn - DEBUG - OpenVPN: 2026-06-20 17:59:40 OPTIONS IMPORT: route-related options modified
2026-06-20 18:00:24 - huginn - DEBUG - OpenVPN: 2026-06-20 17:59:40 OPTIONS IMPORT: tun-mtu set to 1500
2026-06-20 18:00:24 - huginn - DEBUG - OpenVPN: 2026-06-20 17:59:40 interactive service msg_channel=0
2026-06-20 18:00:24 - huginn - DEBUG - OpenVPN: 2026-06-20 17:59:40 ROUTE_GATEWAY 192.168.1.1/255.255.255.0 I=23 HWADDR=88:d8:2e:79:0c:48
2026-06-20 18:00:24 - huginn - DEBUG - OpenVPN: 2026-06-20 17:59:40 GDG6: remote_host_ipv6=n/a
2026-06-20 18:00:24 - huginn - DEBUG - OpenVPN: 2026-06-20 17:59:40 NOTE: GetBestInterfaceEx returned error: Element not found.   (code=1168)
2026-06-20 18:00:24 - huginn - DEBUG - OpenVPN: 2026-06-20 17:59:40 ROUTE6: default_gateway=UNDEF
2026-06-20 18:00:24 - huginn - DEBUG - OpenVPN: 2026-06-20 17:59:40 open_tun
2026-06-20 18:00:24 - huginn - DEBUG - OpenVPN: 2026-06-20 17:59:40 tap-windows6 device [OpenVPN TAP-Windows6] opened
2026-06-20 18:00:24 - huginn - DEBUG - OpenVPN: 2026-06-20 17:59:40 TAP-Windows Driver Version 9.27
2026-06-20 18:00:24 - huginn - DEBUG - OpenVPN: 2026-06-20 17:59:40 Set TAP-Windows TUN subnet mode network/local/netmask = 10.10.14.0/10.10.14.18/255.255.254.0 [SUCCEEDED]
2026-06-20 18:00:24 - huginn - DEBUG - OpenVPN: 2026-06-20 17:59:40 Notified TAP-Windows driver to set a DHCP IP/netmask of 10.10.14.18/255.255.254.0 on interface {9624926F-3F6E-402F-BBEF-68BB8BB5B777} [DHCP-serv: 10.10.14.0, lease-time: 31536000]
2026-06-20 18:00:24 - huginn - DEBUG - OpenVPN: 2026-06-20 17:59:40 NOTE: FlushIpNetTable failed on interface [18] {9624926F-3F6E-402F-BBEF-68BB8BB5B777} (status=5) : Access is denied.
2026-06-20 18:00:24 - huginn - DEBUG - OpenVPN: 2026-06-20 17:59:40 TUN: Setting IPv4 mtu failed: Access is denied.   [status=5 if_index=18]
2026-06-20 18:00:24 - huginn - DEBUG - OpenVPN: 2026-06-20 17:59:40 NETSH: C:\WINDOWS\system32\netsh.exe interface ipv6 set address 18 dead:beef:2::1010/128 store=active
2026-06-20 18:00:24 - huginn - DEBUG - OpenVPN: 2026-06-20 17:59:40 ERROR: command failed: returned error code 1
2026-06-20 18:00:24 - huginn - DEBUG - OpenVPN: 2026-06-20 17:59:44 NETSH: C:\WINDOWS\system32\netsh.exe interface ipv6 set address 18 dead:beef:2::1010/128 store=active
2026-06-20 18:00:24 - huginn - DEBUG - OpenVPN: 2026-06-20 17:59:44 ERROR: command failed: returned error code 1
2026-06-20 18:00:24 - huginn - DEBUG - OpenVPN: 2026-06-20 17:59:48 NETSH: C:\WINDOWS\system32\netsh.exe interface ipv6 set address 18 dead:beef:2::1010/128 store=active
2026-06-20 18:00:24 - huginn - DEBUG - OpenVPN: 2026-06-20 17:59:48 ERROR: command failed: returned error code 1
2026-06-20 18:00:26 - huginn - DEBUG - OpenVPN: Protocol options: explicit-exit-notify 1, protocol-flags cc-exit tls-ekm dyn-tls-crypt
2026-06-20 18:00:32 - huginn - DEBUG - OpenVPN: 2026-06-20 18:00:32 TEST ROUTES: 2/2 succeeded len=2 ret=1 a=0 u/d=up
2026-06-20 18:00:32 - huginn - DEBUG - OpenVPN: 2026-06-20 18:00:32 C:\WINDOWS\system32\route.exe ADD 10.10.8.0 MASK 255.255.252.0 10.10.14.1
2026-06-20 18:00:32 - huginn - DEBUG - OpenVPN: 2026-06-20 18:00:32 ROUTE: CreateIpForwardEntry succeeded with dwForwardMetric1=25 and dwForwardType=4
2026-06-20 18:00:32 - huginn - DEBUG - OpenVPN: 2026-06-20 18:00:32 Route addition via ipapi [adaptive] succeeded
2026-06-20 18:00:32 - huginn - DEBUG - OpenVPN: 2026-06-20 18:00:32 C:\WINDOWS\system32\route.exe ADD 10.129.0.0 MASK 255.255.0.0 10.10.14.1
2026-06-20 18:00:32 - huginn - DEBUG - OpenVPN: 2026-06-20 18:00:32 ROUTE: CreateIpForwardEntry succeeded with dwForwardMetric1=25 and dwForwardType=4
2026-06-20 18:00:32 - huginn - DEBUG - OpenVPN: 2026-06-20 18:00:32 Route addition via ipapi [adaptive] succeeded
2026-06-20 18:00:32 - huginn - DEBUG - OpenVPN: 2026-06-20 18:00:32 add_route_ipv6(dead:beef::/64 -> dead:beef:2::1 metric -1) IF 18
2026-06-20 18:00:32 - huginn - DEBUG - OpenVPN: 2026-06-20 18:00:32 IPv6 route added using ipapi
2026-06-20 18:00:32 - huginn - DEBUG - OpenVPN: 2026-06-20 18:00:32 Initialization Sequence Completed
2026-06-20 18:00:44 - huginn - INFO - DNS server changed to: LocalDNS
2026-06-20 18:00:45 - huginn - INFO - Local DNS server started on port 53530
2026-06-20 18:00:56 - huginn - INFO - Added DNS record: facts.htb A 10.129.244.96
2026-06-20 18:01:15 - huginn - INFO - Using default configuration
2026-06-20 18:01:15 - huginn - INFO - DNS scan started - Target: facts.htb, Wordlist: subdomains-top1000.txt, Types: ['A', 'AAAA', 'CNAME', 'MX', 'TXT', 'NS', 'SRV']
2026-06-20 18:01:17 - huginn - INFO - DNS scan completed - Target: facts.htb, Results: 1
2026-06-20 18:06:42 - huginn - DEBUG - Suppressed exception
Traceback (most recent call last):
  File "C:\Users\allie\Coding Projects\huggin_suite\huginn\app\core\dns_resolver.py", line 14, in resolve_hostname
    ipaddress.ip_address(hostname)
    ~~~~~~~~~~~~~~~~~~~~^^^^^^^^^^
  File "C:\Users\allie\anaconda3\Lib\ipaddress.py", line 54, in ip_address
    raise ValueError(f'{address!r} does not appear to be an IPv4 or IPv6 address')
ValueError: 'facts.htb' does not appear to be an IPv4 or IPv6 address
2026-06-20 18:07:51 - huginn - INFO - Removed DNS record: facts.htb A 10.129.230.75
2026-06-20 18:08:00 - huginn - DEBUG - Suppressed exception
Traceback (most recent call last):
  File "C:\Users\allie\Coding Projects\huggin_suite\huginn\app\core\dns_resolver.py", line 14, in resolve_hostname
    ipaddress.ip_address(hostname)
    ~~~~~~~~~~~~~~~~~~~~^^^^^^^^^^
  File "C:\Users\allie\anaconda3\Lib\ipaddress.py", line 54, in ip_address
    raise ValueError(f'{address!r} does not appear to be an IPv4 or IPv6 address')
ValueError: 'facts.htb' does not appear to be an IPv4 or IPv6 address
2026-06-20 18:08:16 - huginn - DEBUG - Suppressed exception
Traceback (most recent call last):
  File "C:\Users\allie\Coding Projects\huggin_suite\huginn\app\core\dns_resolver.py", line 14, in resolve_hostname
    ipaddress.ip_address(hostname)
    ~~~~~~~~~~~~~~~~~~~~^^^^^^^^^^
  File "C:\Users\allie\anaconda3\Lib\ipaddress.py", line 54, in ip_address
    raise ValueError(f'{address!r} does not appear to be an IPv4 or IPv6 address')
ValueError: 'facts.htb' does not appear to be an IPv4 or IPv6 address
2026-06-20 18:08:21 - huginn - DEBUG - Suppressed exception
Traceback (most recent call last):
  File "C:\Users\allie\AppData\Roaming\Python\Python313\site-packages\urllib3\connection.py", line 198, in _new_conn
    sock = connection.create_connection(
        (self._dns_host, self.port),
    ...<2 lines>...
        socket_options=self.socket_options,
    )
  File "C:\Users\allie\AppData\Roaming\Python\Python313\site-packages\urllib3\util\connection.py", line 85, in create_connection
    raise err
  File "C:\Users\allie\AppData\Roaming\Python\Python313\site-packages\urllib3\util\connection.py", line 73, in create_connection
    sock.connect(sa)
    ~~~~~~~~~~~~^^^^
TimeoutError: timed out

The above exception was the direct cause of the following exception:

Traceback (most recent call last):
  File "C:\Users\allie\AppData\Roaming\Python\Python313\site-packages\urllib3\connectionpool.py", line 787, in urlopen
    response = self._make_request(
        conn,
    ...<10 lines>...
        **response_kw,
    )
  File "C:\Users\allie\AppData\Roaming\Python\Python313\site-packages\urllib3\connectionpool.py", line 493, in _make_request
    conn.request(
    ~~~~~~~~~~~~^
        method,
        ^^^^^^^
    ...<6 lines>...
        enforce_content_length=enforce_content_length,
        ^^^^^^^^^^^^^^^^^^^^^^^^^^^^^^^^^^^^^^^^^^^^^^
    )
    ^
  File "C:\Users\allie\AppData\Roaming\Python\Python313\site-packages\urllib3\connection.py", line 494, in request
    self.endheaders()
    ~~~~~~~~~~~~~~~^^
  File "C:\Users\allie\anaconda3\Lib\http\client.py", line 1333, in endheaders
    self._send_output(message_body, encode_chunked=encode_chunked)
    ~~~~~~~~~~~~~~~~~^^^^^^^^^^^^^^^^^^^^^^^^^^^^^^^^^^^^^^^^^^^^^
  File "C:\Users\allie\anaconda3\Lib\http\client.py", line 1093, in _send_output
    self.send(msg)
    ~~~~~~~~~^^^^^
  File "C:\Users\allie\anaconda3\Lib\http\client.py", line 1037, in send
    self.connect()
    ~~~~~~~~~~~~^^
  File "C:\Users\allie\AppData\Roaming\Python\Python313\site-packages\urllib3\connection.py", line 325, in connect
    self.sock = self._new_conn()
                ~~~~~~~~~~~~~~^^
  File "C:\Users\allie\AppData\Roaming\Python\Python313\site-packages\urllib3\connection.py", line 207, in _new_conn
    raise ConnectTimeoutError(
    ...<2 lines>...
    ) from e
urllib3.exceptions.ConnectTimeoutError: (<urllib3.connection.HTTPConnection object at 0x0000023B8C66F570>, 'Connection to facts.htb timed out. (connect timeout=5)')

The above exception was the direct cause of the following exception:

Traceback (most recent call last):
  File "C:\Users\allie\AppData\Roaming\Python\Python313\site-packages\requests\adapters.py", line 667, in send
    resp = conn.urlopen(
        method=request.method,
    ...<9 lines>...
        chunked=chunked,
    )
  File "C:\Users\allie\AppData\Roaming\Python\Python313\site-packages\urllib3\connectionpool.py", line 841, in urlopen
    retries = retries.increment(
        method, url, error=new_e, _pool=self, _stacktrace=sys.exc_info()[2]
    )
  File "C:\Users\allie\AppData\Roaming\Python\Python313\site-packages\urllib3\util\retry.py", line 519, in increment
    raise MaxRetryError(_pool, url, reason) from reason  # type: ignore[arg-type]
    ^^^^^^^^^^^^^^^^^^^^^^^^^^^^^^^^^^^^^^^^^^^^^^^^^^^
urllib3.exceptions.MaxRetryError: HTTPConnectionPool(host='facts.htb', port=80): Max retries exceeded with url: /wsyvfqkkycxeils.html (Caused by ConnectTimeoutError(<urllib3.connection.HTTPConnection object at 0x0000023B8C66F570>, 'Connection to facts.htb timed out. (connect timeout=5)'))

During handling of the above exception, another exception occurred:

Traceback (most recent call last):
  File "C:\Users\allie\Coding Projects\huggin_suite\huginn\app\tools\http_scanner.py", line 1051, in _check_source_files
    test_response = session.get(test_url, timeout=5)
  File "C:\Users\allie\AppData\Roaming\Python\Python313\site-packages\requests\sessions.py", line 602, in get
    return self.request("GET", url, **kwargs)
           ~~~~~~~~~~~~^^^^^^^^^^^^^^^^^^^^^^
  File "C:\Users\allie\AppData\Roaming\Python\Python313\site-packages\requests\sessions.py", line 589, in request
    resp = self.send(prep, **send_kwargs)
  File "C:\Users\allie\AppData\Roaming\Python\Python313\site-packages\requests\sessions.py", line 703, in send
    r = adapter.send(request, **kwargs)
  File "C:\Users\allie\AppData\Roaming\Python\Python313\site-packages\requests\adapters.py", line 688, in send
    raise ConnectTimeout(e, request=request)
requests.exceptions.ConnectTimeout: HTTPConnectionPool(host='facts.htb', port=80): Max retries exceeded with url: /wsyvfqkkycxeils.html (Caused by ConnectTimeoutError(<urllib3.connection.HTTPConnection object at 0x0000023B8C66F570>, 'Connection to facts.htb timed out. (connect timeout=5)'))
2026-06-20 18:08:45 - huginn - DEBUG - Suppressed exception
Traceback (most recent call last):
  File "C:\Users\allie\Coding Projects\huggin_suite\huginn\app\core\dns_resolver.py", line 14, in resolve_hostname
    ipaddress.ip_address(hostname)
    ~~~~~~~~~~~~~~~~~~~~^^^^^^^^^^
  File "C:\Users\allie\anaconda3\Lib\ipaddress.py", line 54, in ip_address
    raise ValueError(f'{address!r} does not appear to be an IPv4 or IPv6 address')
ValueError: 'facts.htb' does not appear to be an IPv4 or IPv6 address
2026-06-20 18:09:09 - huginn - DEBUG - Suppressed exception
Traceback (most recent call last):
  File "C:\Users\allie\Coding Projects\huggin_suite\huginn\app\core\dns_resolver.py", line 14, in resolve_hostname
    ipaddress.ip_address(hostname)
    ~~~~~~~~~~~~~~~~~~~~^^^^^^^^^^
  File "C:\Users\allie\anaconda3\Lib\ipaddress.py", line 54, in ip_address
    raise ValueError(f'{address!r} does not appear to be an IPv4 or IPv6 address')
ValueError: 'facts.htb' does not appear to be an IPv4 or IPv6 address
2026-06-20 18:09:38 - huginn - DEBUG - Suppressed exception
Traceback (most recent call last):
  File "C:\Users\allie\Coding Projects\huggin_suite\huginn\app\core\dns_resolver.py", line 14, in resolve_hostname
    ipaddress.ip_address(hostname)
    ~~~~~~~~~~~~~~~~~~~~^^^^^^^^^^
  File "C:\Users\allie\anaconda3\Lib\ipaddress.py", line 54, in ip_address
    raise ValueError(f'{address!r} does not appear to be an IPv4 or IPv6 address')
ValueError: 'facts.htb' does not appear to be an IPv4 or IPv6 address
2026-06-20 18:09:47 - huginn - DEBUG - Suppressed exception
Traceback (most recent call last):
  File "C:\Users\allie\Coding Projects\huggin_suite\huginn\app\core\dns_resolver.py", line 14, in resolve_hostname
    ipaddress.ip_address(hostname)
    ~~~~~~~~~~~~~~~~~~~~^^^^^^^^^^
  File "C:\Users\allie\anaconda3\Lib\ipaddress.py", line 54, in ip_address
    raise ValueError(f'{address!r} does not appear to be an IPv4 or IPv6 address')
ValueError: 'facts.htb' does not appear to be an IPv4 or IPv6 address
2026-06-20 18:09:47 - huginn - DEBUG - Suppressed exception
Traceback (most recent call last):
  File "C:\Users\allie\Coding Projects\huggin_suite\huginn\app\tools\enterprise_fingerprint.py", line 35, in _load_device_db
    return json.load(f)
           ~~~~~~~~~^^^
  File "C:\Users\allie\anaconda3\Lib\json\__init__.py", line 293, in load
    return loads(fp.read(),
        cls=cls, object_hook=object_hook,
        parse_float=parse_float, parse_int=parse_int,
        parse_constant=parse_constant, object_pairs_hook=object_pairs_hook, **kw)
  File "C:\Users\allie\anaconda3\Lib\json\__init__.py", line 346, in loads
    return _default_decoder.decode(s)
           ~~~~~~~~~~~~~~~~~~~~~~~^^^
  File "C:\Users\allie\anaconda3\Lib\json\decoder.py", line 345, in decode
    obj, end = self.raw_decode(s, idx=_w(s, 0).end())
               ~~~~~~~~~~~~~~~^^^^^^^^^^^^^^^^^^^^^^^
  File "C:\Users\allie\anaconda3\Lib\json\decoder.py", line 361, in raw_decode
    obj, end = self.scan_once(s, idx)
               ~~~~~~~~~~~~~~^^^^^^^^
json.decoder.JSONDecodeError: Expecting ',' delimiter: line 98 column 39 (char 3561)
2026-06-20 18:10:34 - huginn - DEBUG - Suppressed exception
Traceback (most recent call last):
  File "C:\Users\allie\AppData\Roaming\Python\Python313\site-packages\urllib3\connection.py", line 198, in _new_conn
    sock = connection.create_connection(
        (self._dns_host, self.port),
    ...<2 lines>...
        socket_options=self.socket_options,
    )
  File "C:\Users\allie\AppData\Roaming\Python\Python313\site-packages\urllib3\util\connection.py", line 85, in create_connection
    raise err
  File "C:\Users\allie\AppData\Roaming\Python\Python313\site-packages\urllib3\util\connection.py", line 73, in create_connection
    sock.connect(sa)
    ~~~~~~~~~~~~^^^^
TimeoutError: timed out

The above exception was the direct cause of the following exception:

Traceback (most recent call last):
  File "C:\Users\allie\AppData\Roaming\Python\Python313\site-packages\urllib3\connectionpool.py", line 787, in urlopen
    response = self._make_request(
        conn,
    ...<10 lines>...
        **response_kw,
    )
  File "C:\Users\allie\AppData\Roaming\Python\Python313\site-packages\urllib3\connectionpool.py", line 493, in _make_request
    conn.request(
    ~~~~~~~~~~~~^
        method,
        ^^^^^^^
    ...<6 lines>...
        enforce_content_length=enforce_content_length,
        ^^^^^^^^^^^^^^^^^^^^^^^^^^^^^^^^^^^^^^^^^^^^^^
    )
    ^
  File "C:\Users\allie\AppData\Roaming\Python\Python313\site-packages\urllib3\connection.py", line 494, in request
    self.endheaders()
    ~~~~~~~~~~~~~~~^^
  File "C:\Users\allie\anaconda3\Lib\http\client.py", line 1333, in endheaders
    self._send_output(message_body, encode_chunked=encode_chunked)
    ~~~~~~~~~~~~~~~~~^^^^^^^^^^^^^^^^^^^^^^^^^^^^^^^^^^^^^^^^^^^^^
  File "C:\Users\allie\anaconda3\Lib\http\client.py", line 1093, in _send_output
    self.send(msg)
    ~~~~~~~~~^^^^^
  File "C:\Users\allie\anaconda3\Lib\http\client.py", line 1037, in send
    self.connect()
    ~~~~~~~~~~~~^^
  File "C:\Users\allie\AppData\Roaming\Python\Python313\site-packages\urllib3\connection.py", line 325, in connect
    self.sock = self._new_conn()
                ~~~~~~~~~~~~~~^^
  File "C:\Users\allie\AppData\Roaming\Python\Python313\site-packages\urllib3\connection.py", line 207, in _new_conn
    raise ConnectTimeoutError(
    ...<2 lines>...
    ) from e
urllib3.exceptions.ConnectTimeoutError: (<urllib3.connection.HTTPConnection object at 0x0000023B84CCD150>, 'Connection to facts.htb timed out. (connect timeout=5)')

The above exception was the direct cause of the following exception:

Traceback (most recent call last):
  File "C:\Users\allie\AppData\Roaming\Python\Python313\site-packages\requests\adapters.py", line 667, in send
    resp = conn.urlopen(
        method=request.method,
    ...<9 lines>...
        chunked=chunked,
    )
  File "C:\Users\allie\AppData\Roaming\Python\Python313\site-packages\urllib3\connectionpool.py", line 841, in urlopen
    retries = retries.increment(
        method, url, error=new_e, _pool=self, _stacktrace=sys.exc_info()[2]
    )
  File "C:\Users\allie\AppData\Roaming\Python\Python313\site-packages\urllib3\util\retry.py", line 519, in increment
    raise MaxRetryError(_pool, url, reason) from reason  # type: ignore[arg-type]
    ^^^^^^^^^^^^^^^^^^^^^^^^^^^^^^^^^^^^^^^^^^^^^^^^^^^
urllib3.exceptions.MaxRetryError: HTTPConnectionPool(host='facts.htb', port=80): Max retries exceeded with url: /vpuvhfwbwmjxjav (Caused by ConnectTimeoutError(<urllib3.connection.HTTPConnection object at 0x0000023B84CCD150>, 'Connection to facts.htb timed out. (connect timeout=5)'))

During handling of the above exception, another exception occurred:

Traceback (most recent call last):
  File "C:\Users\allie\Coding Projects\huggin_suite\huginn\app\tools\enterprise_fingerprint.py", line 405, in _index_surface
    test_response = self.session.get(test_url, timeout=5, allow_redirects=False)
  File "C:\Users\allie\AppData\Roaming\Python\Python313\site-packages\requests\sessions.py", line 602, in get
    return self.request("GET", url, **kwargs)
           ~~~~~~~~~~~~^^^^^^^^^^^^^^^^^^^^^^
  File "C:\Users\allie\AppData\Roaming\Python\Python313\site-packages\requests\sessions.py", line 589, in request
    resp = self.send(prep, **send_kwargs)
  File "C:\Users\allie\AppData\Roaming\Python\Python313\site-packages\requests\sessions.py", line 703, in send
    r = adapter.send(request, **kwargs)
  File "C:\Users\allie\AppData\Roaming\Python\Python313\site-packages\requests\adapters.py", line 688, in send
    raise ConnectTimeout(e, request=request)
requests.exceptions.ConnectTimeout: HTTPConnectionPool(host='facts.htb', port=80): Max retries exceeded with url: /vpuvhfwbwmjxjav (Caused by ConnectTimeoutError(<urllib3.connection.HTTPConnection object at 0x0000023B84CCD150>, 'Connection to facts.htb timed out. (connect timeout=5)'))
2026-06-20 18:10:39 - huginn - DEBUG - Suppressed exception
Traceback (most recent call last):
  File "C:\Users\allie\AppData\Roaming\Python\Python313\site-packages\urllib3\connection.py", line 198, in _new_conn
    sock = connection.create_connection(
        (self._dns_host, self.port),
    ...<2 lines>...
        socket_options=self.socket_options,
    )
  File "C:\Users\allie\AppData\Roaming\Python\Python313\site-packages\urllib3\util\connection.py", line 85, in create_connection
    raise err
  File "C:\Users\allie\AppData\Roaming\Python\Python313\site-packages\urllib3\util\connection.py", line 73, in create_connection
    sock.connect(sa)
    ~~~~~~~~~~~~^^^^
TimeoutError: timed out

The above exception was the direct cause of the following exception:

Traceback (most recent call last):
  File "C:\Users\allie\AppData\Roaming\Python\Python313\site-packages\urllib3\connectionpool.py", line 787, in urlopen
    response = self._make_request(
        conn,
    ...<10 lines>...
        **response_kw,
    )
  File "C:\Users\allie\AppData\Roaming\Python\Python313\site-packages\urllib3\connectionpool.py", line 493, in _make_request
    conn.request(
    ~~~~~~~~~~~~^
        method,
        ^^^^^^^
    ...<6 lines>...
        enforce_content_length=enforce_content_length,
        ^^^^^^^^^^^^^^^^^^^^^^^^^^^^^^^^^^^^^^^^^^^^^^
    )
    ^
  File "C:\Users\allie\AppData\Roaming\Python\Python313\site-packages\urllib3\connection.py", line 494, in request
    self.endheaders()
    ~~~~~~~~~~~~~~~^^
  File "C:\Users\allie\anaconda3\Lib\http\client.py", line 1333, in endheaders
    self._send_output(message_body, encode_chunked=encode_chunked)
    ~~~~~~~~~~~~~~~~~^^^^^^^^^^^^^^^^^^^^^^^^^^^^^^^^^^^^^^^^^^^^^
  File "C:\Users\allie\anaconda3\Lib\http\client.py", line 1093, in _send_output
    self.send(msg)
    ~~~~~~~~~^^^^^
  File "C:\Users\allie\anaconda3\Lib\http\client.py", line 1037, in send
    self.connect()
    ~~~~~~~~~~~~^^
  File "C:\Users\allie\AppData\Roaming\Python\Python313\site-packages\urllib3\connection.py", line 325, in connect
    self.sock = self._new_conn()
                ~~~~~~~~~~~~~~^^
  File "C:\Users\allie\AppData\Roaming\Python\Python313\site-packages\urllib3\connection.py", line 207, in _new_conn
    raise ConnectTimeoutError(
    ...<2 lines>...
    ) from e
urllib3.exceptions.ConnectTimeoutError: (<urllib3.connection.HTTPConnection object at 0x0000023B84CCD590>, 'Connection to facts.htb timed out. (connect timeout=5)')

The above exception was the direct cause of the following exception:

Traceback (most recent call last):
  File "C:\Users\allie\AppData\Roaming\Python\Python313\site-packages\requests\adapters.py", line 667, in send
    resp = conn.urlopen(
        method=request.method,
    ...<9 lines>...
        chunked=chunked,
    )
  File "C:\Users\allie\AppData\Roaming\Python\Python313\site-packages\urllib3\connectionpool.py", line 841, in urlopen
    retries = retries.increment(
        method, url, error=new_e, _pool=self, _stacktrace=sys.exc_info()[2]
    )
  File "C:\Users\allie\AppData\Roaming\Python\Python313\site-packages\urllib3\util\retry.py", line 519, in increment
    raise MaxRetryError(_pool, url, reason) from reason  # type: ignore[arg-type]
    ^^^^^^^^^^^^^^^^^^^^^^^^^^^^^^^^^^^^^^^^^^^^^^^^^^^
urllib3.exceptions.MaxRetryError: HTTPConnectionPool(host='facts.htb', port=80): Max retries exceeded with url: /admin (Caused by ConnectTimeoutError(<urllib3.connection.HTTPConnection object at 0x0000023B84CCD590>, 'Connection to facts.htb timed out. (connect timeout=5)'))

During handling of the above exception, another exception occurred:

Traceback (most recent call last):
  File "C:\Users\allie\Coding Projects\huggin_suite\huginn\app\tools\enterprise_fingerprint.py", line 432, in _index_surface
    response = self.session.get(url, timeout=5, allow_redirects=False)
  File "C:\Users\allie\AppData\Roaming\Python\Python313\site-packages\requests\sessions.py", line 602, in get
    return self.request("GET", url, **kwargs)
           ~~~~~~~~~~~~^^^^^^^^^^^^^^^^^^^^^^
  File "C:\Users\allie\AppData\Roaming\Python\Python313\site-packages\requests\sessions.py", line 589, in request
    resp = self.send(prep, **send_kwargs)
  File "C:\Users\allie\AppData\Roaming\Python\Python313\site-packages\requests\sessions.py", line 703, in send
    r = adapter.send(request, **kwargs)
  File "C:\Users\allie\AppData\Roaming\Python\Python313\site-packages\requests\adapters.py", line 688, in send
    raise ConnectTimeout(e, request=request)
requests.exceptions.ConnectTimeout: HTTPConnectionPool(host='facts.htb', port=80): Max retries exceeded with url: /admin (Caused by ConnectTimeoutError(<urllib3.connection.HTTPConnection object at 0x0000023B84CCD590>, 'Connection to facts.htb timed out. (connect timeout=5)'))
2026-06-20 18:10:45 - huginn - DEBUG - Suppressed exception
Traceback (most recent call last):
  File "C:\Users\allie\AppData\Roaming\Python\Python313\site-packages\urllib3\connection.py", line 198, in _new_conn
    sock = connection.create_connection(
        (self._dns_host, self.port),
    ...<2 lines>...
        socket_options=self.socket_options,
    )
  File "C:\Users\allie\AppData\Roaming\Python\Python313\site-packages\urllib3\util\connection.py", line 85, in create_connection
    raise err
  File "C:\Users\allie\AppData\Roaming\Python\Python313\site-packages\urllib3\util\connection.py", line 73, in create_connection
    sock.connect(sa)
    ~~~~~~~~~~~~^^^^
TimeoutError: timed out

The above exception was the direct cause of the following exception:

Traceback (most recent call last):
  File "C:\Users\allie\AppData\Roaming\Python\Python313\site-packages\urllib3\connectionpool.py", line 787, in urlopen
    response = self._make_request(
        conn,
    ...<10 lines>...
        **response_kw,
    )
  File "C:\Users\allie\AppData\Roaming\Python\Python313\site-packages\urllib3\connectionpool.py", line 493, in _make_request
    conn.request(
    ~~~~~~~~~~~~^
        method,
        ^^^^^^^
    ...<6 lines>...
        enforce_content_length=enforce_content_length,
        ^^^^^^^^^^^^^^^^^^^^^^^^^^^^^^^^^^^^^^^^^^^^^^
    )
    ^
  File "C:\Users\allie\AppData\Roaming\Python\Python313\site-packages\urllib3\connection.py", line 494, in request
    self.endheaders()
    ~~~~~~~~~~~~~~~^^
  File "C:\Users\allie\anaconda3\Lib\http\client.py", line 1333, in endheaders
    self._send_output(message_body, encode_chunked=encode_chunked)
    ~~~~~~~~~~~~~~~~~^^^^^^^^^^^^^^^^^^^^^^^^^^^^^^^^^^^^^^^^^^^^^
  File "C:\Users\allie\anaconda3\Lib\http\client.py", line 1093, in _send_output
    self.send(msg)
    ~~~~~~~~~^^^^^
  File "C:\Users\allie\anaconda3\Lib\http\client.py", line 1037, in send
    self.connect()
    ~~~~~~~~~~~~^^
  File "C:\Users\allie\AppData\Roaming\Python\Python313\site-packages\urllib3\connection.py", line 325, in connect
    self.sock = self._new_conn()
                ~~~~~~~~~~~~~~^^
  File "C:\Users\allie\AppData\Roaming\Python\Python313\site-packages\urllib3\connection.py", line 207, in _new_conn
    raise ConnectTimeoutError(
    ...<2 lines>...
    ) from e
urllib3.exceptions.ConnectTimeoutError: (<urllib3.connection.HTTPConnection object at 0x0000023B84CCD9D0>, 'Connection to facts.htb timed out. (connect timeout=5)')

The above exception was the direct cause of the following exception:

Traceback (most recent call last):
  File "C:\Users\allie\AppData\Roaming\Python\Python313\site-packages\requests\adapters.py", line 667, in send
    resp = conn.urlopen(
        method=request.method,
    ...<9 lines>...
        chunked=chunked,
    )
  File "C:\Users\allie\AppData\Roaming\Python\Python313\site-packages\urllib3\connectionpool.py", line 841, in urlopen
    retries = retries.increment(
        method, url, error=new_e, _pool=self, _stacktrace=sys.exc_info()[2]
    )
  File "C:\Users\allie\AppData\Roaming\Python\Python313\site-packages\urllib3\util\retry.py", line 519, in increment
    raise MaxRetryError(_pool, url, reason) from reason  # type: ignore[arg-type]
    ^^^^^^^^^^^^^^^^^^^^^^^^^^^^^^^^^^^^^^^^^^^^^^^^^^^
urllib3.exceptions.MaxRetryError: HTTPConnectionPool(host='facts.htb', port=80): Max retries exceeded with url: /login (Caused by ConnectTimeoutError(<urllib3.connection.HTTPConnection object at 0x0000023B84CCD9D0>, 'Connection to facts.htb timed out. (connect timeout=5)'))

During handling of the above exception, another exception occurred:

Traceback (most recent call last):
  File "C:\Users\allie\Coding Projects\huggin_suite\huginn\app\tools\enterprise_fingerprint.py", line 432, in _index_surface
    response = self.session.get(url, timeout=5, allow_redirects=False)
  File "C:\Users\allie\AppData\Roaming\Python\Python313\site-packages\requests\sessions.py", line 602, in get
    return self.request("GET", url, **kwargs)
           ~~~~~~~~~~~~^^^^^^^^^^^^^^^^^^^^^^
  File "C:\Users\allie\AppData\Roaming\Python\Python313\site-packages\requests\sessions.py", line 589, in request
    resp = self.send(prep, **send_kwargs)
  File "C:\Users\allie\AppData\Roaming\Python\Python313\site-packages\requests\sessions.py", line 703, in send
    r = adapter.send(request, **kwargs)
  File "C:\Users\allie\AppData\Roaming\Python\Python313\site-packages\requests\adapters.py", line 688, in send
    raise ConnectTimeout(e, request=request)
requests.exceptions.ConnectTimeout: HTTPConnectionPool(host='facts.htb', port=80): Max retries exceeded with url: /login (Caused by ConnectTimeoutError(<urllib3.connection.HTTPConnection object at 0x0000023B84CCD9D0>, 'Connection to facts.htb timed out. (connect timeout=5)'))
2026-06-20 18:10:50 - huginn - DEBUG - Suppressed exception
Traceback (most recent call last):
  File "C:\Users\allie\AppData\Roaming\Python\Python313\site-packages\urllib3\connection.py", line 198, in _new_conn
    sock = connection.create_connection(
        (self._dns_host, self.port),
    ...<2 lines>...
        socket_options=self.socket_options,
    )
  File "C:\Users\allie\AppData\Roaming\Python\Python313\site-packages\urllib3\util\connection.py", line 85, in create_connection
    raise err
  File "C:\Users\allie\AppData\Roaming\Python\Python313\site-packages\urllib3\util\connection.py", line 73, in create_connection
    sock.connect(sa)
    ~~~~~~~~~~~~^^^^
TimeoutError: timed out

The above exception was the direct cause of the following exception:

Traceback (most recent call last):
  File "C:\Users\allie\AppData\Roaming\Python\Python313\site-packages\urllib3\connectionpool.py", line 787, in urlopen
    response = self._make_request(
        conn,
    ...<10 lines>...
        **response_kw,
    )
  File "C:\Users\allie\AppData\Roaming\Python\Python313\site-packages\urllib3\connectionpool.py", line 493, in _make_request
    conn.request(
    ~~~~~~~~~~~~^
        method,
        ^^^^^^^
    ...<6 lines>...
        enforce_content_length=enforce_content_length,
        ^^^^^^^^^^^^^^^^^^^^^^^^^^^^^^^^^^^^^^^^^^^^^^
    )
    ^
  File "C:\Users\allie\AppData\Roaming\Python\Python313\site-packages\urllib3\connection.py", line 494, in request
    self.endheaders()
    ~~~~~~~~~~~~~~~^^
  File "C:\Users\allie\anaconda3\Lib\http\client.py", line 1333, in endheaders
    self._send_output(message_body, encode_chunked=encode_chunked)
    ~~~~~~~~~~~~~~~~~^^^^^^^^^^^^^^^^^^^^^^^^^^^^^^^^^^^^^^^^^^^^^
  File "C:\Users\allie\anaconda3\Lib\http\client.py", line 1093, in _send_output
    self.send(msg)
    ~~~~~~~~~^^^^^
  File "C:\Users\allie\anaconda3\Lib\http\client.py", line 1037, in send
    self.connect()
    ~~~~~~~~~~~~^^
  File "C:\Users\allie\AppData\Roaming\Python\Python313\site-packages\urllib3\connection.py", line 325, in connect
    self.sock = self._new_conn()
                ~~~~~~~~~~~~~~^^
  File "C:\Users\allie\AppData\Roaming\Python\Python313\site-packages\urllib3\connection.py", line 207, in _new_conn
    raise ConnectTimeoutError(
    ...<2 lines>...
    ) from e
urllib3.exceptions.ConnectTimeoutError: (<urllib3.connection.HTTPConnection object at 0x0000023B84CCDE10>, 'Connection to facts.htb timed out. (connect timeout=5)')

The above exception was the direct cause of the following exception:

Traceback (most recent call last):
  File "C:\Users\allie\AppData\Roaming\Python\Python313\site-packages\requests\adapters.py", line 667, in send
    resp = conn.urlopen(
        method=request.method,
    ...<9 lines>...
        chunked=chunked,
    )
  File "C:\Users\allie\AppData\Roaming\Python\Python313\site-packages\urllib3\connectionpool.py", line 841, in urlopen
    retries = retries.increment(
        method, url, error=new_e, _pool=self, _stacktrace=sys.exc_info()[2]
    )
  File "C:\Users\allie\AppData\Roaming\Python\Python313\site-packages\urllib3\util\retry.py", line 519, in increment
    raise MaxRetryError(_pool, url, reason) from reason  # type: ignore[arg-type]
    ^^^^^^^^^^^^^^^^^^^^^^^^^^^^^^^^^^^^^^^^^^^^^^^^^^^
urllib3.exceptions.MaxRetryError: HTTPConnectionPool(host='facts.htb', port=80): Max retries exceeded with url: /user (Caused by ConnectTimeoutError(<urllib3.connection.HTTPConnection object at 0x0000023B84CCDE10>, 'Connection to facts.htb timed out. (connect timeout=5)'))

During handling of the above exception, another exception occurred:

Traceback (most recent call last):
  File "C:\Users\allie\Coding Projects\huggin_suite\huginn\app\tools\enterprise_fingerprint.py", line 432, in _index_surface
    response = self.session.get(url, timeout=5, allow_redirects=False)
  File "C:\Users\allie\AppData\Roaming\Python\Python313\site-packages\requests\sessions.py", line 602, in get
    return self.request("GET", url, **kwargs)
           ~~~~~~~~~~~~^^^^^^^^^^^^^^^^^^^^^^
  File "C:\Users\allie\AppData\Roaming\Python\Python313\site-packages\requests\sessions.py", line 589, in request
    resp = self.send(prep, **send_kwargs)
  File "C:\Users\allie\AppData\Roaming\Python\Python313\site-packages\requests\sessions.py", line 703, in send
    r = adapter.send(request, **kwargs)
  File "C:\Users\allie\AppData\Roaming\Python\Python313\site-packages\requests\adapters.py", line 688, in send
    raise ConnectTimeout(e, request=request)
requests.exceptions.ConnectTimeout: HTTPConnectionPool(host='facts.htb', port=80): Max retries exceeded with url: /user (Caused by ConnectTimeoutError(<urllib3.connection.HTTPConnection object at 0x0000023B84CCDE10>, 'Connection to facts.htb timed out. (connect timeout=5)'))
2026-06-20 18:10:55 - huginn - DEBUG - Suppressed exception
Traceback (most recent call last):
  File "C:\Users\allie\AppData\Roaming\Python\Python313\site-packages\urllib3\connection.py", line 198, in _new_conn
    sock = connection.create_connection(
        (self._dns_host, self.port),
    ...<2 lines>...
        socket_options=self.socket_options,
    )
  File "C:\Users\allie\AppData\Roaming\Python\Python313\site-packages\urllib3\util\connection.py", line 85, in create_connection
    raise err
  File "C:\Users\allie\AppData\Roaming\Python\Python313\site-packages\urllib3\util\connection.py", line 73, in create_connection
    sock.connect(sa)
    ~~~~~~~~~~~~^^^^
TimeoutError: timed out

The above exception was the direct cause of the following exception:

Traceback (most recent call last):
  File "C:\Users\allie\AppData\Roaming\Python\Python313\site-packages\urllib3\connectionpool.py", line 787, in urlopen
    response = self._make_request(
        conn,
    ...<10 lines>...
        **response_kw,
    )
  File "C:\Users\allie\AppData\Roaming\Python\Python313\site-packages\urllib3\connectionpool.py", line 493, in _make_request
    conn.request(
    ~~~~~~~~~~~~^
        method,
        ^^^^^^^
    ...<6 lines>...
        enforce_content_length=enforce_content_length,
        ^^^^^^^^^^^^^^^^^^^^^^^^^^^^^^^^^^^^^^^^^^^^^^
    )
    ^
  File "C:\Users\allie\AppData\Roaming\Python\Python313\site-packages\urllib3\connection.py", line 494, in request
    self.endheaders()
    ~~~~~~~~~~~~~~~^^
  File "C:\Users\allie\anaconda3\Lib\http\client.py", line 1333, in endheaders
    self._send_output(message_body, encode_chunked=encode_chunked)
    ~~~~~~~~~~~~~~~~~^^^^^^^^^^^^^^^^^^^^^^^^^^^^^^^^^^^^^^^^^^^^^
  File "C:\Users\allie\anaconda3\Lib\http\client.py", line 1093, in _send_output
    self.send(msg)
    ~~~~~~~~~^^^^^
  File "C:\Users\allie\anaconda3\Lib\http\client.py", line 1037, in send
    self.connect()
    ~~~~~~~~~~~~^^
  File "C:\Users\allie\AppData\Roaming\Python\Python313\site-packages\urllib3\connection.py", line 325, in connect
    self.sock = self._new_conn()
                ~~~~~~~~~~~~~~^^
  File "C:\Users\allie\AppData\Roaming\Python\Python313\site-packages\urllib3\connection.py", line 207, in _new_conn
    raise ConnectTimeoutError(
    ...<2 lines>...
    ) from e
urllib3.exceptions.ConnectTimeoutError: (<urllib3.connection.HTTPConnection object at 0x0000023B84CCE250>, 'Connection to facts.htb timed out. (connect timeout=5)')

The above exception was the direct cause of the following exception:

Traceback (most recent call last):
  File "C:\Users\allie\AppData\Roaming\Python\Python313\site-packages\requests\adapters.py", line 667, in send
    resp = conn.urlopen(
        method=request.method,
    ...<9 lines>...
        chunked=chunked,
    )
  File "C:\Users\allie\AppData\Roaming\Python\Python313\site-packages\urllib3\connectionpool.py", line 841, in urlopen
    retries = retries.increment(
        method, url, error=new_e, _pool=self, _stacktrace=sys.exc_info()[2]
    )
  File "C:\Users\allie\AppData\Roaming\Python\Python313\site-packages\urllib3\util\retry.py", line 519, in increment
    raise MaxRetryError(_pool, url, reason) from reason  # type: ignore[arg-type]
    ^^^^^^^^^^^^^^^^^^^^^^^^^^^^^^^^^^^^^^^^^^^^^^^^^^^
urllib3.exceptions.MaxRetryError: HTTPConnectionPool(host='facts.htb', port=80): Max retries exceeded with url: /cgi-bin/ (Caused by ConnectTimeoutError(<urllib3.connection.HTTPConnection object at 0x0000023B84CCE250>, 'Connection to facts.htb timed out. (connect timeout=5)'))

During handling of the above exception, another exception occurred:

Traceback (most recent call last):
  File "C:\Users\allie\Coding Projects\huggin_suite\huginn\app\tools\enterprise_fingerprint.py", line 432, in _index_surface
    response = self.session.get(url, timeout=5, allow_redirects=False)
  File "C:\Users\allie\AppData\Roaming\Python\Python313\site-packages\requests\sessions.py", line 602, in get
    return self.request("GET", url, **kwargs)
           ~~~~~~~~~~~~^^^^^^^^^^^^^^^^^^^^^^
  File "C:\Users\allie\AppData\Roaming\Python\Python313\site-packages\requests\sessions.py", line 589, in request
    resp = self.send(prep, **send_kwargs)
  File "C:\Users\allie\AppData\Roaming\Python\Python313\site-packages\requests\sessions.py", line 703, in send
    r = adapter.send(request, **kwargs)
  File "C:\Users\allie\AppData\Roaming\Python\Python313\site-packages\requests\adapters.py", line 688, in send
    raise ConnectTimeout(e, request=request)
requests.exceptions.ConnectTimeout: HTTPConnectionPool(host='facts.htb', port=80): Max retries exceeded with url: /cgi-bin/ (Caused by ConnectTimeoutError(<urllib3.connection.HTTPConnection object at 0x0000023B84CCE250>, 'Connection to facts.htb timed out. (connect timeout=5)'))
2026-06-20 18:11:00 - huginn - DEBUG - Suppressed exception
Traceback (most recent call last):
  File "C:\Users\allie\AppData\Roaming\Python\Python313\site-packages\urllib3\connection.py", line 198, in _new_conn
    sock = connection.create_connection(
        (self._dns_host, self.port),
    ...<2 lines>...
        socket_options=self.socket_options,
    )
  File "C:\Users\allie\AppData\Roaming\Python\Python313\site-packages\urllib3\util\connection.py", line 85, in create_connection
    raise err
  File "C:\Users\allie\AppData\Roaming\Python\Python313\site-packages\urllib3\util\connection.py", line 73, in create_connection
    sock.connect(sa)
    ~~~~~~~~~~~~^^^^
TimeoutError: timed out

The above exception was the direct cause of the following exception:

Traceback (most recent call last):
  File "C:\Users\allie\AppData\Roaming\Python\Python313\site-packages\urllib3\connectionpool.py", line 787, in urlopen
    response = self._make_request(
        conn,
    ...<10 lines>...
        **response_kw,
    )
  File "C:\Users\allie\AppData\Roaming\Python\Python313\site-packages\urllib3\connectionpool.py", line 493, in _make_request
    conn.request(
    ~~~~~~~~~~~~^
        method,
        ^^^^^^^
    ...<6 lines>...
        enforce_content_length=enforce_content_length,
        ^^^^^^^^^^^^^^^^^^^^^^^^^^^^^^^^^^^^^^^^^^^^^^
    )
    ^
  File "C:\Users\allie\AppData\Roaming\Python\Python313\site-packages\urllib3\connection.py", line 494, in request
    self.endheaders()
    ~~~~~~~~~~~~~~~^^
  File "C:\Users\allie\anaconda3\Lib\http\client.py", line 1333, in endheaders
    self._send_output(message_body, encode_chunked=encode_chunked)
    ~~~~~~~~~~~~~~~~~^^^^^^^^^^^^^^^^^^^^^^^^^^^^^^^^^^^^^^^^^^^^^
  File "C:\Users\allie\anaconda3\Lib\http\client.py", line 1093, in _send_output
    self.send(msg)
    ~~~~~~~~~^^^^^
  File "C:\Users\allie\anaconda3\Lib\http\client.py", line 1037, in send
    self.connect()
    ~~~~~~~~~~~~^^
  File "C:\Users\allie\AppData\Roaming\Python\Python313\site-packages\urllib3\connection.py", line 325, in connect
    self.sock = self._new_conn()
                ~~~~~~~~~~~~~~^^
  File "C:\Users\allie\AppData\Roaming\Python\Python313\site-packages\urllib3\connection.py", line 207, in _new_conn
    raise ConnectTimeoutError(
    ...<2 lines>...
    ) from e
urllib3.exceptions.ConnectTimeoutError: (<urllib3.connection.HTTPConnection object at 0x0000023B84CCE690>, 'Connection to facts.htb timed out. (connect timeout=5)')

The above exception was the direct cause of the following exception:

Traceback (most recent call last):
  File "C:\Users\allie\AppData\Roaming\Python\Python313\site-packages\requests\adapters.py", line 667, in send
    resp = conn.urlopen(
        method=request.method,
    ...<9 lines>...
        chunked=chunked,
    )
  File "C:\Users\allie\AppData\Roaming\Python\Python313\site-packages\urllib3\connectionpool.py", line 841, in urlopen
    retries = retries.increment(
        method, url, error=new_e, _pool=self, _stacktrace=sys.exc_info()[2]
    )
  File "C:\Users\allie\AppData\Roaming\Python\Python313\site-packages\urllib3\util\retry.py", line 519, in increment
    raise MaxRetryError(_pool, url, reason) from reason  # type: ignore[arg-type]
    ^^^^^^^^^^^^^^^^^^^^^^^^^^^^^^^^^^^^^^^^^^^^^^^^^^^
urllib3.exceptions.MaxRetryError: HTTPConnectionPool(host='facts.htb', port=80): Max retries exceeded with url: /setup (Caused by ConnectTimeoutError(<urllib3.connection.HTTPConnection object at 0x0000023B84CCE690>, 'Connection to facts.htb timed out. (connect timeout=5)'))

During handling of the above exception, another exception occurred:

Traceback (most recent call last):
  File "C:\Users\allie\Coding Projects\huggin_suite\huginn\app\tools\enterprise_fingerprint.py", line 432, in _index_surface
    response = self.session.get(url, timeout=5, allow_redirects=False)
  File "C:\Users\allie\AppData\Roaming\Python\Python313\site-packages\requests\sessions.py", line 602, in get
    return self.request("GET", url, **kwargs)
           ~~~~~~~~~~~~^^^^^^^^^^^^^^^^^^^^^^
  File "C:\Users\allie\AppData\Roaming\Python\Python313\site-packages\requests\sessions.py", line 589, in request
    resp = self.send(prep, **send_kwargs)
  File "C:\Users\allie\AppData\Roaming\Python\Python313\site-packages\requests\sessions.py", line 703, in send
    r = adapter.send(request, **kwargs)
  File "C:\Users\allie\AppData\Roaming\Python\Python313\site-packages\requests\adapters.py", line 688, in send
    raise ConnectTimeout(e, request=request)
requests.exceptions.ConnectTimeout: HTTPConnectionPool(host='facts.htb', port=80): Max retries exceeded with url: /setup (Caused by ConnectTimeoutError(<urllib3.connection.HTTPConnection object at 0x0000023B84CCE690>, 'Connection to facts.htb timed out. (connect timeout=5)'))
2026-06-20 18:11:05 - huginn - DEBUG - Suppressed exception
Traceback (most recent call last):
  File "C:\Users\allie\AppData\Roaming\Python\Python313\site-packages\urllib3\connection.py", line 198, in _new_conn
    sock = connection.create_connection(
        (self._dns_host, self.port),
    ...<2 lines>...
        socket_options=self.socket_options,
    )
  File "C:\Users\allie\AppData\Roaming\Python\Python313\site-packages\urllib3\util\connection.py", line 85, in create_connection
    raise err
  File "C:\Users\allie\AppData\Roaming\Python\Python313\site-packages\urllib3\util\connection.py", line 73, in create_connection
    sock.connect(sa)
    ~~~~~~~~~~~~^^^^
TimeoutError: timed out

The above exception was the direct cause of the following exception:

Traceback (most recent call last):
  File "C:\Users\allie\AppData\Roaming\Python\Python313\site-packages\urllib3\connectionpool.py", line 787, in urlopen
    response = self._make_request(
        conn,
    ...<10 lines>...
        **response_kw,
    )
  File "C:\Users\allie\AppData\Roaming\Python\Python313\site-packages\urllib3\connectionpool.py", line 493, in _make_request
    conn.request(
    ~~~~~~~~~~~~^
        method,
        ^^^^^^^
    ...<6 lines>...
        enforce_content_length=enforce_content_length,
        ^^^^^^^^^^^^^^^^^^^^^^^^^^^^^^^^^^^^^^^^^^^^^^
    )
    ^
  File "C:\Users\allie\AppData\Roaming\Python\Python313\site-packages\urllib3\connection.py", line 494, in request
    self.endheaders()
    ~~~~~~~~~~~~~~~^^
  File "C:\Users\allie\anaconda3\Lib\http\client.py", line 1333, in endheaders
    self._send_output(message_body, encode_chunked=encode_chunked)
    ~~~~~~~~~~~~~~~~~^^^^^^^^^^^^^^^^^^^^^^^^^^^^^^^^^^^^^^^^^^^^^
  File "C:\Users\allie\anaconda3\Lib\http\client.py", line 1093, in _send_output
    self.send(msg)
    ~~~~~~~~~^^^^^
  File "C:\Users\allie\anaconda3\Lib\http\client.py", line 1037, in send
    self.connect()
    ~~~~~~~~~~~~^^
  File "C:\Users\allie\AppData\Roaming\Python\Python313\site-packages\urllib3\connection.py", line 325, in connect
    self.sock = self._new_conn()
                ~~~~~~~~~~~~~~^^
  File "C:\Users\allie\AppData\Roaming\Python\Python313\site-packages\urllib3\connection.py", line 207, in _new_conn
    raise ConnectTimeoutError(
    ...<2 lines>...
    ) from e
urllib3.exceptions.ConnectTimeoutError: (<urllib3.connection.HTTPConnection object at 0x0000023B84CCEAD0>, 'Connection to facts.htb timed out. (connect timeout=5)')

The above exception was the direct cause of the following exception:

Traceback (most recent call last):
  File "C:\Users\allie\AppData\Roaming\Python\Python313\site-packages\requests\adapters.py", line 667, in send
    resp = conn.urlopen(
        method=request.method,
    ...<9 lines>...
        chunked=chunked,
    )
  File "C:\Users\allie\AppData\Roaming\Python\Python313\site-packages\urllib3\connectionpool.py", line 841, in urlopen
    retries = retries.increment(
        method, url, error=new_e, _pool=self, _stacktrace=sys.exc_info()[2]
    )
  File "C:\Users\allie\AppData\Roaming\Python\Python313\site-packages\urllib3\util\retry.py", line 519, in increment
    raise MaxRetryError(_pool, url, reason) from reason  # type: ignore[arg-type]
    ^^^^^^^^^^^^^^^^^^^^^^^^^^^^^^^^^^^^^^^^^^^^^^^^^^^
urllib3.exceptions.MaxRetryError: HTTPConnectionPool(host='facts.htb', port=80): Max retries exceeded with url: /config (Caused by ConnectTimeoutError(<urllib3.connection.HTTPConnection object at 0x0000023B84CCEAD0>, 'Connection to facts.htb timed out. (connect timeout=5)'))

During handling of the above exception, another exception occurred:

Traceback (most recent call last):
  File "C:\Users\allie\Coding Projects\huggin_suite\huginn\app\tools\enterprise_fingerprint.py", line 432, in _index_surface
    response = self.session.get(url, timeout=5, allow_redirects=False)
  File "C:\Users\allie\AppData\Roaming\Python\Python313\site-packages\requests\sessions.py", line 602, in get
    return self.request("GET", url, **kwargs)
           ~~~~~~~~~~~~^^^^^^^^^^^^^^^^^^^^^^
  File "C:\Users\allie\AppData\Roaming\Python\Python313\site-packages\requests\sessions.py", line 589, in request
    resp = self.send(prep, **send_kwargs)
  File "C:\Users\allie\AppData\Roaming\Python\Python313\site-packages\requests\sessions.py", line 703, in send
    r = adapter.send(request, **kwargs)
  File "C:\Users\allie\AppData\Roaming\Python\Python313\site-packages\requests\adapters.py", line 688, in send
    raise ConnectTimeout(e, request=request)
requests.exceptions.ConnectTimeout: HTTPConnectionPool(host='facts.htb', port=80): Max retries exceeded with url: /config (Caused by ConnectTimeoutError(<urllib3.connection.HTTPConnection object at 0x0000023B84CCEAD0>, 'Connection to facts.htb timed out. (connect timeout=5)'))
2026-06-20 18:11:10 - huginn - DEBUG - Suppressed exception
Traceback (most recent call last):
  File "C:\Users\allie\AppData\Roaming\Python\Python313\site-packages\urllib3\connection.py", line 198, in _new_conn
    sock = connection.create_connection(
        (self._dns_host, self.port),
    ...<2 lines>...
        socket_options=self.socket_options,
    )
  File "C:\Users\allie\AppData\Roaming\Python\Python313\site-packages\urllib3\util\connection.py", line 85, in create_connection
    raise err
  File "C:\Users\allie\AppData\Roaming\Python\Python313\site-packages\urllib3\util\connection.py", line 73, in create_connection
    sock.connect(sa)
    ~~~~~~~~~~~~^^^^
TimeoutError: timed out

The above exception was the direct cause of the following exception:

Traceback (most recent call last):
  File "C:\Users\allie\AppData\Roaming\Python\Python313\site-packages\urllib3\connectionpool.py", line 787, in urlopen
    response = self._make_request(
        conn,
    ...<10 lines>...
        **response_kw,
    )
  File "C:\Users\allie\AppData\Roaming\Python\Python313\site-packages\urllib3\connectionpool.py", line 493, in _make_request
    conn.request(
    ~~~~~~~~~~~~^
        method,
        ^^^^^^^
    ...<6 lines>...
        enforce_content_length=enforce_content_length,
        ^^^^^^^^^^^^^^^^^^^^^^^^^^^^^^^^^^^^^^^^^^^^^^
    )
    ^
  File "C:\Users\allie\AppData\Roaming\Python\Python313\site-packages\urllib3\connection.py", line 494, in request
    self.endheaders()
    ~~~~~~~~~~~~~~~^^
  File "C:\Users\allie\anaconda3\Lib\http\client.py", line 1333, in endheaders
    self._send_output(message_body, encode_chunked=encode_chunked)
    ~~~~~~~~~~~~~~~~~^^^^^^^^^^^^^^^^^^^^^^^^^^^^^^^^^^^^^^^^^^^^^
  File "C:\Users\allie\anaconda3\Lib\http\client.py", line 1093, in _send_output
    self.send(msg)
    ~~~~~~~~~^^^^^
  File "C:\Users\allie\anaconda3\Lib\http\client.py", line 1037, in send
    self.connect()
    ~~~~~~~~~~~~^^
  File "C:\Users\allie\AppData\Roaming\Python\Python313\site-packages\urllib3\connection.py", line 325, in connect
    self.sock = self._new_conn()
                ~~~~~~~~~~~~~~^^
  File "C:\Users\allie\AppData\Roaming\Python\Python313\site-packages\urllib3\connection.py", line 207, in _new_conn
    raise ConnectTimeoutError(
    ...<2 lines>...
    ) from e
urllib3.exceptions.ConnectTimeoutError: (<urllib3.connection.HTTPConnection object at 0x0000023B8C66FCE0>, 'Connection to facts.htb timed out. (connect timeout=5)')

The above exception was the direct cause of the following exception:

Traceback (most recent call last):
  File "C:\Users\allie\AppData\Roaming\Python\Python313\site-packages\requests\adapters.py", line 667, in send
    resp = conn.urlopen(
        method=request.method,
    ...<9 lines>...
        chunked=chunked,
    )
  File "C:\Users\allie\AppData\Roaming\Python\Python313\site-packages\urllib3\connectionpool.py", line 841, in urlopen
    retries = retries.increment(
        method, url, error=new_e, _pool=self, _stacktrace=sys.exc_info()[2]
    )
  File "C:\Users\allie\AppData\Roaming\Python\Python313\site-packages\urllib3\util\retry.py", line 519, in increment
    raise MaxRetryError(_pool, url, reason) from reason  # type: ignore[arg-type]
    ^^^^^^^^^^^^^^^^^^^^^^^^^^^^^^^^^^^^^^^^^^^^^^^^^^^
urllib3.exceptions.MaxRetryError: HTTPConnectionPool(host='facts.htb', port=80): Max retries exceeded with url: /status (Caused by ConnectTimeoutError(<urllib3.connection.HTTPConnection object at 0x0000023B8C66FCE0>, 'Connection to facts.htb timed out. (connect timeout=5)'))

During handling of the above exception, another exception occurred:

Traceback (most recent call last):
  File "C:\Users\allie\Coding Projects\huggin_suite\huginn\app\tools\enterprise_fingerprint.py", line 432, in _index_surface
    response = self.session.get(url, timeout=5, allow_redirects=False)
  File "C:\Users\allie\AppData\Roaming\Python\Python313\site-packages\requests\sessions.py", line 602, in get
    return self.request("GET", url, **kwargs)
           ~~~~~~~~~~~~^^^^^^^^^^^^^^^^^^^^^^
  File "C:\Users\allie\AppData\Roaming\Python\Python313\site-packages\requests\sessions.py", line 589, in request
    resp = self.send(prep, **send_kwargs)
  File "C:\Users\allie\AppData\Roaming\Python\Python313\site-packages\requests\sessions.py", line 703, in send
    r = adapter.send(request, **kwargs)
  File "C:\Users\allie\AppData\Roaming\Python\Python313\site-packages\requests\adapters.py", line 688, in send
    raise ConnectTimeout(e, request=request)
requests.exceptions.ConnectTimeout: HTTPConnectionPool(host='facts.htb', port=80): Max retries exceeded with url: /status (Caused by ConnectTimeoutError(<urllib3.connection.HTTPConnection object at 0x0000023B8C66FCE0>, 'Connection to facts.htb timed out. (connect timeout=5)'))
2026-06-20 18:11:15 - huginn - DEBUG - Suppressed exception
Traceback (most recent call last):
  File "C:\Users\allie\AppData\Roaming\Python\Python313\site-packages\urllib3\connection.py", line 198, in _new_conn
    sock = connection.create_connection(
        (self._dns_host, self.port),
    ...<2 lines>...
        socket_options=self.socket_options,
    )
  File "C:\Users\allie\AppData\Roaming\Python\Python313\site-packages\urllib3\util\connection.py", line 85, in create_connection
    raise err
  File "C:\Users\allie\AppData\Roaming\Python\Python313\site-packages\urllib3\util\connection.py", line 73, in create_connection
    sock.connect(sa)
    ~~~~~~~~~~~~^^^^
TimeoutError: timed out

The above exception was the direct cause of the following exception:

Traceback (most recent call last):
  File "C:\Users\allie\AppData\Roaming\Python\Python313\site-packages\urllib3\connectionpool.py", line 787, in urlopen
    response = self._make_request(
        conn,
    ...<10 lines>...
        **response_kw,
    )
  File "C:\Users\allie\AppData\Roaming\Python\Python313\site-packages\urllib3\connectionpool.py", line 493, in _make_request
    conn.request(
    ~~~~~~~~~~~~^
        method,
        ^^^^^^^
    ...<6 lines>...
        enforce_content_length=enforce_content_length,
        ^^^^^^^^^^^^^^^^^^^^^^^^^^^^^^^^^^^^^^^^^^^^^^
    )
    ^
  File "C:\Users\allie\AppData\Roaming\Python\Python313\site-packages\urllib3\connection.py", line 494, in request
    self.endheaders()
    ~~~~~~~~~~~~~~~^^
  File "C:\Users\allie\anaconda3\Lib\http\client.py", line 1333, in endheaders
    self._send_output(message_body, encode_chunked=encode_chunked)
    ~~~~~~~~~~~~~~~~~^^^^^^^^^^^^^^^^^^^^^^^^^^^^^^^^^^^^^^^^^^^^^
  File "C:\Users\allie\anaconda3\Lib\http\client.py", line 1093, in _send_output
    self.send(msg)
    ~~~~~~~~~^^^^^
  File "C:\Users\allie\anaconda3\Lib\http\client.py", line 1037, in send
    self.connect()
    ~~~~~~~~~~~~^^
  File "C:\Users\allie\AppData\Roaming\Python\Python313\site-packages\urllib3\connection.py", line 325, in connect
    self.sock = self._new_conn()
                ~~~~~~~~~~~~~~^^
  File "C:\Users\allie\AppData\Roaming\Python\Python313\site-packages\urllib3\connection.py", line 207, in _new_conn
    raise ConnectTimeoutError(
    ...<2 lines>...
    ) from e
urllib3.exceptions.ConnectTimeoutError: (<urllib3.connection.HTTPConnection object at 0x0000023B8C66FDF0>, 'Connection to facts.htb timed out. (connect timeout=5)')

The above exception was the direct cause of the following exception:

Traceback (most recent call last):
  File "C:\Users\allie\AppData\Roaming\Python\Python313\site-packages\requests\adapters.py", line 667, in send
    resp = conn.urlopen(
        method=request.method,
    ...<9 lines>...
        chunked=chunked,
    )
  File "C:\Users\allie\AppData\Roaming\Python\Python313\site-packages\urllib3\connectionpool.py", line 841, in urlopen
    retries = retries.increment(
        method, url, error=new_e, _pool=self, _stacktrace=sys.exc_info()[2]
    )
  File "C:\Users\allie\AppData\Roaming\Python\Python313\site-packages\urllib3\util\retry.py", line 519, in increment
    raise MaxRetryError(_pool, url, reason) from reason  # type: ignore[arg-type]
    ^^^^^^^^^^^^^^^^^^^^^^^^^^^^^^^^^^^^^^^^^^^^^^^^^^^
urllib3.exceptions.MaxRetryError: HTTPConnectionPool(host='facts.htb', port=80): Max retries exceeded with url: /web (Caused by ConnectTimeoutError(<urllib3.connection.HTTPConnection object at 0x0000023B8C66FDF0>, 'Connection to facts.htb timed out. (connect timeout=5)'))

During handling of the above exception, another exception occurred:

Traceback (most recent call last):
  File "C:\Users\allie\Coding Projects\huggin_suite\huginn\app\tools\enterprise_fingerprint.py", line 432, in _index_surface
    response = self.session.get(url, timeout=5, allow_redirects=False)
  File "C:\Users\allie\AppData\Roaming\Python\Python313\site-packages\requests\sessions.py", line 602, in get
    return self.request("GET", url, **kwargs)
           ~~~~~~~~~~~~^^^^^^^^^^^^^^^^^^^^^^
  File "C:\Users\allie\AppData\Roaming\Python\Python313\site-packages\requests\sessions.py", line 589, in request
    resp = self.send(prep, **send_kwargs)
  File "C:\Users\allie\AppData\Roaming\Python\Python313\site-packages\requests\sessions.py", line 703, in send
    r = adapter.send(request, **kwargs)
  File "C:\Users\allie\AppData\Roaming\Python\Python313\site-packages\requests\adapters.py", line 688, in send
    raise ConnectTimeout(e, request=request)
requests.exceptions.ConnectTimeout: HTTPConnectionPool(host='facts.htb', port=80): Max retries exceeded with url: /web (Caused by ConnectTimeoutError(<urllib3.connection.HTTPConnection object at 0x0000023B8C66FDF0>, 'Connection to facts.htb timed out. (connect timeout=5)'))
2026-06-20 18:11:20 - huginn - DEBUG - Suppressed exception
Traceback (most recent call last):
  File "C:\Users\allie\AppData\Roaming\Python\Python313\site-packages\urllib3\connection.py", line 198, in _new_conn
    sock = connection.create_connection(
        (self._dns_host, self.port),
    ...<2 lines>...
        socket_options=self.socket_options,
    )
  File "C:\Users\allie\AppData\Roaming\Python\Python313\site-packages\urllib3\util\connection.py", line 85, in create_connection
    raise err
  File "C:\Users\allie\AppData\Roaming\Python\Python313\site-packages\urllib3\util\connection.py", line 73, in create_connection
    sock.connect(sa)
    ~~~~~~~~~~~~^^^^
TimeoutError: timed out

The above exception was the direct cause of the following exception:

Traceback (most recent call last):
  File "C:\Users\allie\AppData\Roaming\Python\Python313\site-packages\urllib3\connectionpool.py", line 787, in urlopen
    response = self._make_request(
        conn,
    ...<10 lines>...
        **response_kw,
    )
  File "C:\Users\allie\AppData\Roaming\Python\Python313\site-packages\urllib3\connectionpool.py", line 493, in _make_request
    conn.request(
    ~~~~~~~~~~~~^
        method,
        ^^^^^^^
    ...<6 lines>...
        enforce_content_length=enforce_content_length,
        ^^^^^^^^^^^^^^^^^^^^^^^^^^^^^^^^^^^^^^^^^^^^^^
    )
    ^
  File "C:\Users\allie\AppData\Roaming\Python\Python313\site-packages\urllib3\connection.py", line 494, in request
    self.endheaders()
    ~~~~~~~~~~~~~~~^^
  File "C:\Users\allie\anaconda3\Lib\http\client.py", line 1333, in endheaders
    self._send_output(message_body, encode_chunked=encode_chunked)
    ~~~~~~~~~~~~~~~~~^^^^^^^^^^^^^^^^^^^^^^^^^^^^^^^^^^^^^^^^^^^^^
  File "C:\Users\allie\anaconda3\Lib\http\client.py", line 1093, in _send_output
    self.send(msg)
    ~~~~~~~~~^^^^^
  File "C:\Users\allie\anaconda3\Lib\http\client.py", line 1037, in send
    self.connect()
    ~~~~~~~~~~~~^^
  File "C:\Users\allie\AppData\Roaming\Python\Python313\site-packages\urllib3\connection.py", line 325, in connect
    self.sock = self._new_conn()
                ~~~~~~~~~~~~~~^^
  File "C:\Users\allie\AppData\Roaming\Python\Python313\site-packages\urllib3\connection.py", line 207, in _new_conn
    raise ConnectTimeoutError(
    ...<2 lines>...
    ) from e
urllib3.exceptions.ConnectTimeoutError: (<urllib3.connection.HTTPConnection object at 0x0000023B8C66D150>, 'Connection to facts.htb timed out. (connect timeout=5)')

The above exception was the direct cause of the following exception:

Traceback (most recent call last):
  File "C:\Users\allie\AppData\Roaming\Python\Python313\site-packages\requests\adapters.py", line 667, in send
    resp = conn.urlopen(
        method=request.method,
    ...<9 lines>...
        chunked=chunked,
    )
  File "C:\Users\allie\AppData\Roaming\Python\Python313\site-packages\urllib3\connectionpool.py", line 841, in urlopen
    retries = retries.increment(
        method, url, error=new_e, _pool=self, _stacktrace=sys.exc_info()[2]
    )
  File "C:\Users\allie\AppData\Roaming\Python\Python313\site-packages\urllib3\util\retry.py", line 519, in increment
    raise MaxRetryError(_pool, url, reason) from reason  # type: ignore[arg-type]
    ^^^^^^^^^^^^^^^^^^^^^^^^^^^^^^^^^^^^^^^^^^^^^^^^^^^
urllib3.exceptions.MaxRetryError: HTTPConnectionPool(host='facts.htb', port=80): Max retries exceeded with url: /manager (Caused by ConnectTimeoutError(<urllib3.connection.HTTPConnection object at 0x0000023B8C66D150>, 'Connection to facts.htb timed out. (connect timeout=5)'))

During handling of the above exception, another exception occurred:

Traceback (most recent call last):
  File "C:\Users\allie\Coding Projects\huggin_suite\huginn\app\tools\enterprise_fingerprint.py", line 432, in _index_surface
    response = self.session.get(url, timeout=5, allow_redirects=False)
  File "C:\Users\allie\AppData\Roaming\Python\Python313\site-packages\requests\sessions.py", line 602, in get
    return self.request("GET", url, **kwargs)
           ~~~~~~~~~~~~^^^^^^^^^^^^^^^^^^^^^^
  File "C:\Users\allie\AppData\Roaming\Python\Python313\site-packages\requests\sessions.py", line 589, in request
    resp = self.send(prep, **send_kwargs)
  File "C:\Users\allie\AppData\Roaming\Python\Python313\site-packages\requests\sessions.py", line 703, in send
    r = adapter.send(request, **kwargs)
  File "C:\Users\allie\AppData\Roaming\Python\Python313\site-packages\requests\adapters.py", line 688, in send
    raise ConnectTimeout(e, request=request)
requests.exceptions.ConnectTimeout: HTTPConnectionPool(host='facts.htb', port=80): Max retries exceeded with url: /manager (Caused by ConnectTimeoutError(<urllib3.connection.HTTPConnection object at 0x0000023B8C66D150>, 'Connection to facts.htb timed out. (connect timeout=5)'))
2026-06-20 18:11:25 - huginn - DEBUG - Suppressed exception
Traceback (most recent call last):
  File "C:\Users\allie\AppData\Roaming\Python\Python313\site-packages\urllib3\connection.py", line 198, in _new_conn
    sock = connection.create_connection(
        (self._dns_host, self.port),
    ...<2 lines>...
        socket_options=self.socket_options,
    )
  File "C:\Users\allie\AppData\Roaming\Python\Python313\site-packages\urllib3\util\connection.py", line 85, in create_connection
    raise err
  File "C:\Users\allie\AppData\Roaming\Python\Python313\site-packages\urllib3\util\connection.py", line 73, in create_connection
    sock.connect(sa)
    ~~~~~~~~~~~~^^^^
TimeoutError: timed out

The above exception was the direct cause of the following exception:

Traceback (most recent call last):
  File "C:\Users\allie\AppData\Roaming\Python\Python313\site-packages\urllib3\connectionpool.py", line 787, in urlopen
    response = self._make_request(
        conn,
    ...<10 lines>...
        **response_kw,
    )
  File "C:\Users\allie\AppData\Roaming\Python\Python313\site-packages\urllib3\connectionpool.py", line 493, in _make_request
    conn.request(
    ~~~~~~~~~~~~^
        method,
        ^^^^^^^
    ...<6 lines>...
        enforce_content_length=enforce_content_length,
        ^^^^^^^^^^^^^^^^^^^^^^^^^^^^^^^^^^^^^^^^^^^^^^
    )
    ^
  File "C:\Users\allie\AppData\Roaming\Python\Python313\site-packages\urllib3\connection.py", line 494, in request
    self.endheaders()
    ~~~~~~~~~~~~~~~^^
  File "C:\Users\allie\anaconda3\Lib\http\client.py", line 1333, in endheaders
    self._send_output(message_body, encode_chunked=encode_chunked)
    ~~~~~~~~~~~~~~~~~^^^^^^^^^^^^^^^^^^^^^^^^^^^^^^^^^^^^^^^^^^^^^
  File "C:\Users\allie\anaconda3\Lib\http\client.py", line 1093, in _send_output
    self.send(msg)
    ~~~~~~~~~^^^^^
  File "C:\Users\allie\anaconda3\Lib\http\client.py", line 1037, in send
    self.connect()
    ~~~~~~~~~~~~^^
  File "C:\Users\allie\AppData\Roaming\Python\Python313\site-packages\urllib3\connection.py", line 325, in connect
    self.sock = self._new_conn()
                ~~~~~~~~~~~~~~^^
  File "C:\Users\allie\AppData\Roaming\Python\Python313\site-packages\urllib3\connection.py", line 207, in _new_conn
    raise ConnectTimeoutError(
    ...<2 lines>...
    ) from e
urllib3.exceptions.ConnectTimeoutError: (<urllib3.connection.HTTPConnection object at 0x0000023B84CCE690>, 'Connection to facts.htb timed out. (connect timeout=5)')

The above exception was the direct cause of the following exception:

Traceback (most recent call last):
  File "C:\Users\allie\AppData\Roaming\Python\Python313\site-packages\requests\adapters.py", line 667, in send
    resp = conn.urlopen(
        method=request.method,
    ...<9 lines>...
        chunked=chunked,
    )
  File "C:\Users\allie\AppData\Roaming\Python\Python313\site-packages\urllib3\connectionpool.py", line 841, in urlopen
    retries = retries.increment(
        method, url, error=new_e, _pool=self, _stacktrace=sys.exc_info()[2]
    )
  File "C:\Users\allie\AppData\Roaming\Python\Python313\site-packages\urllib3\util\retry.py", line 519, in increment
    raise MaxRetryError(_pool, url, reason) from reason  # type: ignore[arg-type]
    ^^^^^^^^^^^^^^^^^^^^^^^^^^^^^^^^^^^^^^^^^^^^^^^^^^^
urllib3.exceptions.MaxRetryError: HTTPConnectionPool(host='facts.htb', port=80): Max retries exceeded with url: /api (Caused by ConnectTimeoutError(<urllib3.connection.HTTPConnection object at 0x0000023B84CCE690>, 'Connection to facts.htb timed out. (connect timeout=5)'))

During handling of the above exception, another exception occurred:

Traceback (most recent call last):
  File "C:\Users\allie\Coding Projects\huggin_suite\huginn\app\tools\enterprise_fingerprint.py", line 432, in _index_surface
    response = self.session.get(url, timeout=5, allow_redirects=False)
  File "C:\Users\allie\AppData\Roaming\Python\Python313\site-packages\requests\sessions.py", line 602, in get
    return self.request("GET", url, **kwargs)
           ~~~~~~~~~~~~^^^^^^^^^^^^^^^^^^^^^^
  File "C:\Users\allie\AppData\Roaming\Python\Python313\site-packages\requests\sessions.py", line 589, in request
    resp = self.send(prep, **send_kwargs)
  File "C:\Users\allie\AppData\Roaming\Python\Python313\site-packages\requests\sessions.py", line 703, in send
    r = adapter.send(request, **kwargs)
  File "C:\Users\allie\AppData\Roaming\Python\Python313\site-packages\requests\adapters.py", line 688, in send
    raise ConnectTimeout(e, request=request)
requests.exceptions.ConnectTimeout: HTTPConnectionPool(host='facts.htb', port=80): Max retries exceeded with url: /api (Caused by ConnectTimeoutError(<urllib3.connection.HTTPConnection object at 0x0000023B84CCE690>, 'Connection to facts.htb timed out. (connect timeout=5)'))
2026-06-20 18:11:30 - huginn - DEBUG - Suppressed exception
Traceback (most recent call last):
  File "C:\Users\allie\AppData\Roaming\Python\Python313\site-packages\urllib3\connection.py", line 198, in _new_conn
    sock = connection.create_connection(
        (self._dns_host, self.port),
    ...<2 lines>...
        socket_options=self.socket_options,
    )
  File "C:\Users\allie\AppData\Roaming\Python\Python313\site-packages\urllib3\util\connection.py", line 85, in create_connection
    raise err
  File "C:\Users\allie\AppData\Roaming\Python\Python313\site-packages\urllib3\util\connection.py", line 73, in create_connection
    sock.connect(sa)
    ~~~~~~~~~~~~^^^^
TimeoutError: timed out

The above exception was the direct cause of the following exception:

Traceback (most recent call last):
  File "C:\Users\allie\AppData\Roaming\Python\Python313\site-packages\urllib3\connectionpool.py", line 787, in urlopen
    response = self._make_request(
        conn,
    ...<10 lines>...
        **response_kw,
    )
  File "C:\Users\allie\AppData\Roaming\Python\Python313\site-packages\urllib3\connectionpool.py", line 493, in _make_request
    conn.request(
    ~~~~~~~~~~~~^
        method,
        ^^^^^^^
    ...<6 lines>...
        enforce_content_length=enforce_content_length,
        ^^^^^^^^^^^^^^^^^^^^^^^^^^^^^^^^^^^^^^^^^^^^^^
    )
    ^
  File "C:\Users\allie\AppData\Roaming\Python\Python313\site-packages\urllib3\connection.py", line 494, in request
    self.endheaders()
    ~~~~~~~~~~~~~~~^^
  File "C:\Users\allie\anaconda3\Lib\http\client.py", line 1333, in endheaders
    self._send_output(message_body, encode_chunked=encode_chunked)
    ~~~~~~~~~~~~~~~~~^^^^^^^^^^^^^^^^^^^^^^^^^^^^^^^^^^^^^^^^^^^^^
  File "C:\Users\allie\anaconda3\Lib\http\client.py", line 1093, in _send_output
    self.send(msg)
    ~~~~~~~~~^^^^^
  File "C:\Users\allie\anaconda3\Lib\http\client.py", line 1037, in send
    self.connect()
    ~~~~~~~~~~~~^^
  File "C:\Users\allie\AppData\Roaming\Python\Python313\site-packages\urllib3\connection.py", line 325, in connect
    self.sock = self._new_conn()
                ~~~~~~~~~~~~~~^^
  File "C:\Users\allie\AppData\Roaming\Python\Python313\site-packages\urllib3\connection.py", line 207, in _new_conn
    raise ConnectTimeoutError(
    ...<2 lines>...
    ) from e
urllib3.exceptions.ConnectTimeoutError: (<urllib3.connection.HTTPConnection object at 0x0000023B84CCE250>, 'Connection to facts.htb timed out. (connect timeout=5)')

The above exception was the direct cause of the following exception:

Traceback (most recent call last):
  File "C:\Users\allie\AppData\Roaming\Python\Python313\site-packages\requests\adapters.py", line 667, in send
    resp = conn.urlopen(
        method=request.method,
    ...<9 lines>...
        chunked=chunked,
    )
  File "C:\Users\allie\AppData\Roaming\Python\Python313\site-packages\urllib3\connectionpool.py", line 841, in urlopen
    retries = retries.increment(
        method, url, error=new_e, _pool=self, _stacktrace=sys.exc_info()[2]
    )
  File "C:\Users\allie\AppData\Roaming\Python\Python313\site-packages\urllib3\util\retry.py", line 519, in increment
    raise MaxRetryError(_pool, url, reason) from reason  # type: ignore[arg-type]
    ^^^^^^^^^^^^^^^^^^^^^^^^^^^^^^^^^^^^^^^^^^^^^^^^^^^
urllib3.exceptions.MaxRetryError: HTTPConnectionPool(host='facts.htb', port=80): Max retries exceeded with url: /v1 (Caused by ConnectTimeoutError(<urllib3.connection.HTTPConnection object at 0x0000023B84CCE250>, 'Connection to facts.htb timed out. (connect timeout=5)'))

During handling of the above exception, another exception occurred:

Traceback (most recent call last):
  File "C:\Users\allie\Coding Projects\huggin_suite\huginn\app\tools\enterprise_fingerprint.py", line 432, in _index_surface
    response = self.session.get(url, timeout=5, allow_redirects=False)
  File "C:\Users\allie\AppData\Roaming\Python\Python313\site-packages\requests\sessions.py", line 602, in get
    return self.request("GET", url, **kwargs)
           ~~~~~~~~~~~~^^^^^^^^^^^^^^^^^^^^^^
  File "C:\Users\allie\AppData\Roaming\Python\Python313\site-packages\requests\sessions.py", line 589, in request
    resp = self.send(prep, **send_kwargs)
  File "C:\Users\allie\AppData\Roaming\Python\Python313\site-packages\requests\sessions.py", line 703, in send
    r = adapter.send(request, **kwargs)
  File "C:\Users\allie\AppData\Roaming\Python\Python313\site-packages\requests\adapters.py", line 688, in send
    raise ConnectTimeout(e, request=request)
requests.exceptions.ConnectTimeout: HTTPConnectionPool(host='facts.htb', port=80): Max retries exceeded with url: /v1 (Caused by ConnectTimeoutError(<urllib3.connection.HTTPConnection object at 0x0000023B84CCE250>, 'Connection to facts.htb timed out. (connect timeout=5)'))
2026-06-20 18:11:35 - huginn - DEBUG - Suppressed exception
Traceback (most recent call last):
  File "C:\Users\allie\AppData\Roaming\Python\Python313\site-packages\urllib3\connection.py", line 198, in _new_conn
    sock = connection.create_connection(
        (self._dns_host, self.port),
    ...<2 lines>...
        socket_options=self.socket_options,
    )
  File "C:\Users\allie\AppData\Roaming\Python\Python313\site-packages\urllib3\util\connection.py", line 85, in create_connection
    raise err
  File "C:\Users\allie\AppData\Roaming\Python\Python313\site-packages\urllib3\util\connection.py", line 73, in create_connection
    sock.connect(sa)
    ~~~~~~~~~~~~^^^^
TimeoutError: timed out

The above exception was the direct cause of the following exception:

Traceback (most recent call last):
  File "C:\Users\allie\AppData\Roaming\Python\Python313\site-packages\urllib3\connectionpool.py", line 787, in urlopen
    response = self._make_request(
        conn,
    ...<10 lines>...
        **response_kw,
    )
  File "C:\Users\allie\AppData\Roaming\Python\Python313\site-packages\urllib3\connectionpool.py", line 493, in _make_request
    conn.request(
    ~~~~~~~~~~~~^
        method,
        ^^^^^^^
    ...<6 lines>...
        enforce_content_length=enforce_content_length,
        ^^^^^^^^^^^^^^^^^^^^^^^^^^^^^^^^^^^^^^^^^^^^^^
    )
    ^
  File "C:\Users\allie\AppData\Roaming\Python\Python313\site-packages\urllib3\connection.py", line 494, in request
    self.endheaders()
    ~~~~~~~~~~~~~~~^^
  File "C:\Users\allie\anaconda3\Lib\http\client.py", line 1333, in endheaders
    self._send_output(message_body, encode_chunked=encode_chunked)
    ~~~~~~~~~~~~~~~~~^^^^^^^^^^^^^^^^^^^^^^^^^^^^^^^^^^^^^^^^^^^^^
  File "C:\Users\allie\anaconda3\Lib\http\client.py", line 1093, in _send_output
    self.send(msg)
    ~~~~~~~~~^^^^^
  File "C:\Users\allie\anaconda3\Lib\http\client.py", line 1037, in send
    self.connect()
    ~~~~~~~~~~~~^^
  File "C:\Users\allie\AppData\Roaming\Python\Python313\site-packages\urllib3\connection.py", line 325, in connect
    self.sock = self._new_conn()
                ~~~~~~~~~~~~~~^^
  File "C:\Users\allie\AppData\Roaming\Python\Python313\site-packages\urllib3\connection.py", line 207, in _new_conn
    raise ConnectTimeoutError(
    ...<2 lines>...
    ) from e
urllib3.exceptions.ConnectTimeoutError: (<urllib3.connection.HTTPConnection object at 0x0000023B84CCDD00>, 'Connection to facts.htb timed out. (connect timeout=5)')

The above exception was the direct cause of the following exception:

Traceback (most recent call last):
  File "C:\Users\allie\AppData\Roaming\Python\Python313\site-packages\requests\adapters.py", line 667, in send
    resp = conn.urlopen(
        method=request.method,
    ...<9 lines>...
        chunked=chunked,
    )
  File "C:\Users\allie\AppData\Roaming\Python\Python313\site-packages\urllib3\connectionpool.py", line 841, in urlopen
    retries = retries.increment(
        method, url, error=new_e, _pool=self, _stacktrace=sys.exc_info()[2]
    )
  File "C:\Users\allie\AppData\Roaming\Python\Python313\site-packages\urllib3\util\retry.py", line 519, in increment
    raise MaxRetryError(_pool, url, reason) from reason  # type: ignore[arg-type]
    ^^^^^^^^^^^^^^^^^^^^^^^^^^^^^^^^^^^^^^^^^^^^^^^^^^^
urllib3.exceptions.MaxRetryError: HTTPConnectionPool(host='facts.htb', port=80): Max retries exceeded with url: /v2 (Caused by ConnectTimeoutError(<urllib3.connection.HTTPConnection object at 0x0000023B84CCDD00>, 'Connection to facts.htb timed out. (connect timeout=5)'))

During handling of the above exception, another exception occurred:

Traceback (most recent call last):
  File "C:\Users\allie\Coding Projects\huggin_suite\huginn\app\tools\enterprise_fingerprint.py", line 432, in _index_surface
    response = self.session.get(url, timeout=5, allow_redirects=False)
  File "C:\Users\allie\AppData\Roaming\Python\Python313\site-packages\requests\sessions.py", line 602, in get
    return self.request("GET", url, **kwargs)
           ~~~~~~~~~~~~^^^^^^^^^^^^^^^^^^^^^^
  File "C:\Users\allie\AppData\Roaming\Python\Python313\site-packages\requests\sessions.py", line 589, in request
    resp = self.send(prep, **send_kwargs)
  File "C:\Users\allie\AppData\Roaming\Python\Python313\site-packages\requests\sessions.py", line 703, in send
    r = adapter.send(request, **kwargs)
  File "C:\Users\allie\AppData\Roaming\Python\Python313\site-packages\requests\adapters.py", line 688, in send
    raise ConnectTimeout(e, request=request)
requests.exceptions.ConnectTimeout: HTTPConnectionPool(host='facts.htb', port=80): Max retries exceeded with url: /v2 (Caused by ConnectTimeoutError(<urllib3.connection.HTTPConnection object at 0x0000023B84CCDD00>, 'Connection to facts.htb timed out. (connect timeout=5)'))
2026-06-20 18:11:40 - huginn - DEBUG - Suppressed exception
Traceback (most recent call last):
  File "C:\Users\allie\AppData\Roaming\Python\Python313\site-packages\urllib3\connection.py", line 198, in _new_conn
    sock = connection.create_connection(
        (self._dns_host, self.port),
    ...<2 lines>...
        socket_options=self.socket_options,
    )
  File "C:\Users\allie\AppData\Roaming\Python\Python313\site-packages\urllib3\util\connection.py", line 85, in create_connection
    raise err
  File "C:\Users\allie\AppData\Roaming\Python\Python313\site-packages\urllib3\util\connection.py", line 73, in create_connection
    sock.connect(sa)
    ~~~~~~~~~~~~^^^^
TimeoutError: timed out

The above exception was the direct cause of the following exception:

Traceback (most recent call last):
  File "C:\Users\allie\AppData\Roaming\Python\Python313\site-packages\urllib3\connectionpool.py", line 787, in urlopen
    response = self._make_request(
        conn,
    ...<10 lines>...
        **response_kw,
    )
  File "C:\Users\allie\AppData\Roaming\Python\Python313\site-packages\urllib3\connectionpool.py", line 493, in _make_request
    conn.request(
    ~~~~~~~~~~~~^
        method,
        ^^^^^^^
    ...<6 lines>...
        enforce_content_length=enforce_content_length,
        ^^^^^^^^^^^^^^^^^^^^^^^^^^^^^^^^^^^^^^^^^^^^^^
    )
    ^
  File "C:\Users\allie\AppData\Roaming\Python\Python313\site-packages\urllib3\connection.py", line 494, in request
    self.endheaders()
    ~~~~~~~~~~~~~~~^^
  File "C:\Users\allie\anaconda3\Lib\http\client.py", line 1333, in endheaders
    self._send_output(message_body, encode_chunked=encode_chunked)
    ~~~~~~~~~~~~~~~~~^^^^^^^^^^^^^^^^^^^^^^^^^^^^^^^^^^^^^^^^^^^^^
  File "C:\Users\allie\anaconda3\Lib\http\client.py", line 1093, in _send_output
    self.send(msg)
    ~~~~~~~~~^^^^^
  File "C:\Users\allie\anaconda3\Lib\http\client.py", line 1037, in send
    self.connect()
    ~~~~~~~~~~~~^^
  File "C:\Users\allie\AppData\Roaming\Python\Python313\site-packages\urllib3\connection.py", line 325, in connect
    self.sock = self._new_conn()
                ~~~~~~~~~~~~~~^^
  File "C:\Users\allie\AppData\Roaming\Python\Python313\site-packages\urllib3\connection.py", line 207, in _new_conn
    raise ConnectTimeoutError(
    ...<2 lines>...
    ) from e
urllib3.exceptions.ConnectTimeoutError: (<urllib3.connection.HTTPConnection object at 0x0000023B84CCD8C0>, 'Connection to facts.htb timed out. (connect timeout=5)')

The above exception was the direct cause of the following exception:

Traceback (most recent call last):
  File "C:\Users\allie\AppData\Roaming\Python\Python313\site-packages\requests\adapters.py", line 667, in send
    resp = conn.urlopen(
        method=request.method,
    ...<9 lines>...
        chunked=chunked,
    )
  File "C:\Users\allie\AppData\Roaming\Python\Python313\site-packages\urllib3\connectionpool.py", line 841, in urlopen
    retries = retries.increment(
        method, url, error=new_e, _pool=self, _stacktrace=sys.exc_info()[2]
    )
  File "C:\Users\allie\AppData\Roaming\Python\Python313\site-packages\urllib3\util\retry.py", line 519, in increment
    raise MaxRetryError(_pool, url, reason) from reason  # type: ignore[arg-type]
    ^^^^^^^^^^^^^^^^^^^^^^^^^^^^^^^^^^^^^^^^^^^^^^^^^^^
urllib3.exceptions.MaxRetryError: HTTPConnectionPool(host='facts.htb', port=80): Max retries exceeded with url: /dashboard (Caused by ConnectTimeoutError(<urllib3.connection.HTTPConnection object at 0x0000023B84CCD8C0>, 'Connection to facts.htb timed out. (connect timeout=5)'))

During handling of the above exception, another exception occurred:

Traceback (most recent call last):
  File "C:\Users\allie\Coding Projects\huggin_suite\huginn\app\tools\enterprise_fingerprint.py", line 432, in _index_surface
    response = self.session.get(url, timeout=5, allow_redirects=False)
  File "C:\Users\allie\AppData\Roaming\Python\Python313\site-packages\requests\sessions.py", line 602, in get
    return self.request("GET", url, **kwargs)
           ~~~~~~~~~~~~^^^^^^^^^^^^^^^^^^^^^^
  File "C:\Users\allie\AppData\Roaming\Python\Python313\site-packages\requests\sessions.py", line 589, in request
    resp = self.send(prep, **send_kwargs)
  File "C:\Users\allie\AppData\Roaming\Python\Python313\site-packages\requests\sessions.py", line 703, in send
    r = adapter.send(request, **kwargs)
  File "C:\Users\allie\AppData\Roaming\Python\Python313\site-packages\requests\adapters.py", line 688, in send
    raise ConnectTimeout(e, request=request)
requests.exceptions.ConnectTimeout: HTTPConnectionPool(host='facts.htb', port=80): Max retries exceeded with url: /dashboard (Caused by ConnectTimeoutError(<urllib3.connection.HTTPConnection object at 0x0000023B84CCD8C0>, 'Connection to facts.htb timed out. (connect timeout=5)'))
2026-06-20 18:11:45 - huginn - DEBUG - Suppressed exception
Traceback (most recent call last):
  File "C:\Users\allie\AppData\Roaming\Python\Python313\site-packages\urllib3\connection.py", line 198, in _new_conn
    sock = connection.create_connection(
        (self._dns_host, self.port),
    ...<2 lines>...
        socket_options=self.socket_options,
    )
  File "C:\Users\allie\AppData\Roaming\Python\Python313\site-packages\urllib3\util\connection.py", line 85, in create_connection
    raise err
  File "C:\Users\allie\AppData\Roaming\Python\Python313\site-packages\urllib3\util\connection.py", line 73, in create_connection
    sock.connect(sa)
    ~~~~~~~~~~~~^^^^
TimeoutError: timed out

The above exception was the direct cause of the following exception:

Traceback (most recent call last):
  File "C:\Users\allie\AppData\Roaming\Python\Python313\site-packages\urllib3\connectionpool.py", line 787, in urlopen
    response = self._make_request(
        conn,
    ...<10 lines>...
        **response_kw,
    )
  File "C:\Users\allie\AppData\Roaming\Python\Python313\site-packages\urllib3\connectionpool.py", line 493, in _make_request
    conn.request(
    ~~~~~~~~~~~~^
        method,
        ^^^^^^^
    ...<6 lines>...
        enforce_content_length=enforce_content_length,
        ^^^^^^^^^^^^^^^^^^^^^^^^^^^^^^^^^^^^^^^^^^^^^^
    )
    ^
  File "C:\Users\allie\AppData\Roaming\Python\Python313\site-packages\urllib3\connection.py", line 494, in request
    self.endheaders()
    ~~~~~~~~~~~~~~~^^
  File "C:\Users\allie\anaconda3\Lib\http\client.py", line 1333, in endheaders
    self._send_output(message_body, encode_chunked=encode_chunked)
    ~~~~~~~~~~~~~~~~~^^^^^^^^^^^^^^^^^^^^^^^^^^^^^^^^^^^^^^^^^^^^^
  File "C:\Users\allie\anaconda3\Lib\http\client.py", line 1093, in _send_output
    self.send(msg)
    ~~~~~~~~~^^^^^
  File "C:\Users\allie\anaconda3\Lib\http\client.py", line 1037, in send
    self.connect()
    ~~~~~~~~~~~~^^
  File "C:\Users\allie\AppData\Roaming\Python\Python313\site-packages\urllib3\connection.py", line 325, in connect
    self.sock = self._new_conn()
                ~~~~~~~~~~~~~~^^
  File "C:\Users\allie\AppData\Roaming\Python\Python313\site-packages\urllib3\connection.py", line 207, in _new_conn
    raise ConnectTimeoutError(
    ...<2 lines>...
    ) from e
urllib3.exceptions.ConnectTimeoutError: (<urllib3.connection.HTTPConnection object at 0x0000023B84CCD480>, 'Connection to facts.htb timed out. (connect timeout=5)')

The above exception was the direct cause of the following exception:

Traceback (most recent call last):
  File "C:\Users\allie\AppData\Roaming\Python\Python313\site-packages\requests\adapters.py", line 667, in send
    resp = conn.urlopen(
        method=request.method,
    ...<9 lines>...
        chunked=chunked,
    )
  File "C:\Users\allie\AppData\Roaming\Python\Python313\site-packages\urllib3\connectionpool.py", line 841, in urlopen
    retries = retries.increment(
        method, url, error=new_e, _pool=self, _stacktrace=sys.exc_info()[2]
    )
  File "C:\Users\allie\AppData\Roaming\Python\Python313\site-packages\urllib3\util\retry.py", line 519, in increment
    raise MaxRetryError(_pool, url, reason) from reason  # type: ignore[arg-type]
    ^^^^^^^^^^^^^^^^^^^^^^^^^^^^^^^^^^^^^^^^^^^^^^^^^^^
urllib3.exceptions.MaxRetryError: HTTPConnectionPool(host='facts.htb', port=80): Max retries exceeded with url: /panel (Caused by ConnectTimeoutError(<urllib3.connection.HTTPConnection object at 0x0000023B84CCD480>, 'Connection to facts.htb timed out. (connect timeout=5)'))

During handling of the above exception, another exception occurred:

Traceback (most recent call last):
  File "C:\Users\allie\Coding Projects\huggin_suite\huginn\app\tools\enterprise_fingerprint.py", line 432, in _index_surface
    response = self.session.get(url, timeout=5, allow_redirects=False)
  File "C:\Users\allie\AppData\Roaming\Python\Python313\site-packages\requests\sessions.py", line 602, in get
    return self.request("GET", url, **kwargs)
           ~~~~~~~~~~~~^^^^^^^^^^^^^^^^^^^^^^
  File "C:\Users\allie\AppData\Roaming\Python\Python313\site-packages\requests\sessions.py", line 589, in request
    resp = self.send(prep, **send_kwargs)
  File "C:\Users\allie\AppData\Roaming\Python\Python313\site-packages\requests\sessions.py", line 703, in send
    r = adapter.send(request, **kwargs)
  File "C:\Users\allie\AppData\Roaming\Python\Python313\site-packages\requests\adapters.py", line 688, in send
    raise ConnectTimeout(e, request=request)
requests.exceptions.ConnectTimeout: HTTPConnectionPool(host='facts.htb', port=80): Max retries exceeded with url: /panel (Caused by ConnectTimeoutError(<urllib3.connection.HTTPConnection object at 0x0000023B84CCD480>, 'Connection to facts.htb timed out. (connect timeout=5)'))
2026-06-20 18:11:50 - huginn - DEBUG - Suppressed exception
Traceback (most recent call last):
  File "C:\Users\allie\AppData\Roaming\Python\Python313\site-packages\urllib3\connection.py", line 198, in _new_conn
    sock = connection.create_connection(
        (self._dns_host, self.port),
    ...<2 lines>...
        socket_options=self.socket_options,
    )
  File "C:\Users\allie\AppData\Roaming\Python\Python313\site-packages\urllib3\util\connection.py", line 85, in create_connection
    raise err
  File "C:\Users\allie\AppData\Roaming\Python\Python313\site-packages\urllib3\util\connection.py", line 73, in create_connection
    sock.connect(sa)
    ~~~~~~~~~~~~^^^^
TimeoutError: timed out

The above exception was the direct cause of the following exception:

Traceback (most recent call last):
  File "C:\Users\allie\AppData\Roaming\Python\Python313\site-packages\urllib3\connectionpool.py", line 787, in urlopen
    response = self._make_request(
        conn,
    ...<10 lines>...
        **response_kw,
    )
  File "C:\Users\allie\AppData\Roaming\Python\Python313\site-packages\urllib3\connectionpool.py", line 493, in _make_request
    conn.request(
    ~~~~~~~~~~~~^
        method,
        ^^^^^^^
    ...<6 lines>...
        enforce_content_length=enforce_content_length,
        ^^^^^^^^^^^^^^^^^^^^^^^^^^^^^^^^^^^^^^^^^^^^^^
    )
    ^
  File "C:\Users\allie\AppData\Roaming\Python\Python313\site-packages\urllib3\connection.py", line 494, in request
    self.endheaders()
    ~~~~~~~~~~~~~~~^^
  File "C:\Users\allie\anaconda3\Lib\http\client.py", line 1333, in endheaders
    self._send_output(message_body, encode_chunked=encode_chunked)
    ~~~~~~~~~~~~~~~~~^^^^^^^^^^^^^^^^^^^^^^^^^^^^^^^^^^^^^^^^^^^^^
  File "C:\Users\allie\anaconda3\Lib\http\client.py", line 1093, in _send_output
    self.send(msg)
    ~~~~~~~~~^^^^^
  File "C:\Users\allie\anaconda3\Lib\http\client.py", line 1037, in send
    self.connect()
    ~~~~~~~~~~~~^^
  File "C:\Users\allie\AppData\Roaming\Python\Python313\site-packages\urllib3\connection.py", line 325, in connect
    self.sock = self._new_conn()
                ~~~~~~~~~~~~~~^^
  File "C:\Users\allie\AppData\Roaming\Python\Python313\site-packages\urllib3\connection.py", line 207, in _new_conn
    raise ConnectTimeoutError(
    ...<2 lines>...
    ) from e
urllib3.exceptions.ConnectTimeoutError: (<urllib3.connection.HTTPConnection object at 0x0000023B84CCD040>, 'Connection to facts.htb timed out. (connect timeout=5)')

The above exception was the direct cause of the following exception:

Traceback (most recent call last):
  File "C:\Users\allie\AppData\Roaming\Python\Python313\site-packages\requests\adapters.py", line 667, in send
    resp = conn.urlopen(
        method=request.method,
    ...<9 lines>...
        chunked=chunked,
    )
  File "C:\Users\allie\AppData\Roaming\Python\Python313\site-packages\urllib3\connectionpool.py", line 841, in urlopen
    retries = retries.increment(
        method, url, error=new_e, _pool=self, _stacktrace=sys.exc_info()[2]
    )
  File "C:\Users\allie\AppData\Roaming\Python\Python313\site-packages\urllib3\util\retry.py", line 519, in increment
    raise MaxRetryError(_pool, url, reason) from reason  # type: ignore[arg-type]
    ^^^^^^^^^^^^^^^^^^^^^^^^^^^^^^^^^^^^^^^^^^^^^^^^^^^
urllib3.exceptions.MaxRetryError: HTTPConnectionPool(host='facts.htb', port=80): Max retries exceeded with url: /control (Caused by ConnectTimeoutError(<urllib3.connection.HTTPConnection object at 0x0000023B84CCD040>, 'Connection to facts.htb timed out. (connect timeout=5)'))

During handling of the above exception, another exception occurred:

Traceback (most recent call last):
  File "C:\Users\allie\Coding Projects\huggin_suite\huginn\app\tools\enterprise_fingerprint.py", line 432, in _index_surface
    response = self.session.get(url, timeout=5, allow_redirects=False)
  File "C:\Users\allie\AppData\Roaming\Python\Python313\site-packages\requests\sessions.py", line 602, in get
    return self.request("GET", url, **kwargs)
           ~~~~~~~~~~~~^^^^^^^^^^^^^^^^^^^^^^
  File "C:\Users\allie\AppData\Roaming\Python\Python313\site-packages\requests\sessions.py", line 589, in request
    resp = self.send(prep, **send_kwargs)
  File "C:\Users\allie\AppData\Roaming\Python\Python313\site-packages\requests\sessions.py", line 703, in send
    r = adapter.send(request, **kwargs)
  File "C:\Users\allie\AppData\Roaming\Python\Python313\site-packages\requests\adapters.py", line 688, in send
    raise ConnectTimeout(e, request=request)
requests.exceptions.ConnectTimeout: HTTPConnectionPool(host='facts.htb', port=80): Max retries exceeded with url: /control (Caused by ConnectTimeoutError(<urllib3.connection.HTTPConnection object at 0x0000023B84CCD040>, 'Connection to facts.htb timed out. (connect timeout=5)'))
2026-06-20 18:11:55 - huginn - DEBUG - Suppressed exception
Traceback (most recent call last):
  File "C:\Users\allie\AppData\Roaming\Python\Python313\site-packages\urllib3\connection.py", line 198, in _new_conn
    sock = connection.create_connection(
        (self._dns_host, self.port),
    ...<2 lines>...
        socket_options=self.socket_options,
    )
  File "C:\Users\allie\AppData\Roaming\Python\Python313\site-packages\urllib3\util\connection.py", line 85, in create_connection
    raise err
  File "C:\Users\allie\AppData\Roaming\Python\Python313\site-packages\urllib3\util\connection.py", line 73, in create_connection
    sock.connect(sa)
    ~~~~~~~~~~~~^^^^
TimeoutError: timed out

The above exception was the direct cause of the following exception:

Traceback (most recent call last):
  File "C:\Users\allie\AppData\Roaming\Python\Python313\site-packages\urllib3\connectionpool.py", line 787, in urlopen
    response = self._make_request(
        conn,
    ...<10 lines>...
        **response_kw,
    )
  File "C:\Users\allie\AppData\Roaming\Python\Python313\site-packages\urllib3\connectionpool.py", line 493, in _make_request
    conn.request(
    ~~~~~~~~~~~~^
        method,
        ^^^^^^^
    ...<6 lines>...
        enforce_content_length=enforce_content_length,
        ^^^^^^^^^^^^^^^^^^^^^^^^^^^^^^^^^^^^^^^^^^^^^^
    )
    ^
  File "C:\Users\allie\AppData\Roaming\Python\Python313\site-packages\urllib3\connection.py", line 494, in request
    self.endheaders()
    ~~~~~~~~~~~~~~~^^
  File "C:\Users\allie\anaconda3\Lib\http\client.py", line 1333, in endheaders
    self._send_output(message_body, encode_chunked=encode_chunked)
    ~~~~~~~~~~~~~~~~~^^^^^^^^^^^^^^^^^^^^^^^^^^^^^^^^^^^^^^^^^^^^^
  File "C:\Users\allie\anaconda3\Lib\http\client.py", line 1093, in _send_output
    self.send(msg)
    ~~~~~~~~~^^^^^
  File "C:\Users\allie\anaconda3\Lib\http\client.py", line 1037, in send
    self.connect()
    ~~~~~~~~~~~~^^
  File "C:\Users\allie\AppData\Roaming\Python\Python313\site-packages\urllib3\connection.py", line 325, in connect
    self.sock = self._new_conn()
                ~~~~~~~~~~~~~~^^
  File "C:\Users\allie\AppData\Roaming\Python\Python313\site-packages\urllib3\connection.py", line 207, in _new_conn
    raise ConnectTimeoutError(
    ...<2 lines>...
    ) from e
urllib3.exceptions.ConnectTimeoutError: (<urllib3.connection.HTTPConnection object at 0x0000023B84CCCC00>, 'Connection to facts.htb timed out. (connect timeout=5)')

The above exception was the direct cause of the following exception:

Traceback (most recent call last):
  File "C:\Users\allie\AppData\Roaming\Python\Python313\site-packages\requests\adapters.py", line 667, in send
    resp = conn.urlopen(
        method=request.method,
    ...<9 lines>...
        chunked=chunked,
    )
  File "C:\Users\allie\AppData\Roaming\Python\Python313\site-packages\urllib3\connectionpool.py", line 841, in urlopen
    retries = retries.increment(
        method, url, error=new_e, _pool=self, _stacktrace=sys.exc_info()[2]
    )
  File "C:\Users\allie\AppData\Roaming\Python\Python313\site-packages\urllib3\util\retry.py", line 519, in increment
    raise MaxRetryError(_pool, url, reason) from reason  # type: ignore[arg-type]
    ^^^^^^^^^^^^^^^^^^^^^^^^^^^^^^^^^^^^^^^^^^^^^^^^^^^
urllib3.exceptions.MaxRetryError: HTTPConnectionPool(host='facts.htb', port=80): Max retries exceeded with url: /system (Caused by ConnectTimeoutError(<urllib3.connection.HTTPConnection object at 0x0000023B84CCCC00>, 'Connection to facts.htb timed out. (connect timeout=5)'))

During handling of the above exception, another exception occurred:

Traceback (most recent call last):
  File "C:\Users\allie\Coding Projects\huggin_suite\huginn\app\tools\enterprise_fingerprint.py", line 432, in _index_surface
    response = self.session.get(url, timeout=5, allow_redirects=False)
  File "C:\Users\allie\AppData\Roaming\Python\Python313\site-packages\requests\sessions.py", line 602, in get
    return self.request("GET", url, **kwargs)
           ~~~~~~~~~~~~^^^^^^^^^^^^^^^^^^^^^^
  File "C:\Users\allie\AppData\Roaming\Python\Python313\site-packages\requests\sessions.py", line 589, in request
    resp = self.send(prep, **send_kwargs)
  File "C:\Users\allie\AppData\Roaming\Python\Python313\site-packages\requests\sessions.py", line 703, in send
    r = adapter.send(request, **kwargs)
  File "C:\Users\allie\AppData\Roaming\Python\Python313\site-packages\requests\adapters.py", line 688, in send
    raise ConnectTimeout(e, request=request)
requests.exceptions.ConnectTimeout: HTTPConnectionPool(host='facts.htb', port=80): Max retries exceeded with url: /system (Caused by ConnectTimeoutError(<urllib3.connection.HTTPConnection object at 0x0000023B84CCCC00>, 'Connection to facts.htb timed out. (connect timeout=5)'))
2026-06-20 18:12:00 - huginn - DEBUG - Suppressed exception
Traceback (most recent call last):
  File "C:\Users\allie\AppData\Roaming\Python\Python313\site-packages\urllib3\connection.py", line 198, in _new_conn
    sock = connection.create_connection(
        (self._dns_host, self.port),
    ...<2 lines>...
        socket_options=self.socket_options,
    )
  File "C:\Users\allie\AppData\Roaming\Python\Python313\site-packages\urllib3\util\connection.py", line 85, in create_connection
    raise err
  File "C:\Users\allie\AppData\Roaming\Python\Python313\site-packages\urllib3\util\connection.py", line 73, in create_connection
    sock.connect(sa)
    ~~~~~~~~~~~~^^^^
TimeoutError: timed out

The above exception was the direct cause of the following exception:

Traceback (most recent call last):
  File "C:\Users\allie\AppData\Roaming\Python\Python313\site-packages\urllib3\connectionpool.py", line 787, in urlopen
    response = self._make_request(
        conn,
    ...<10 lines>...
        **response_kw,
    )
  File "C:\Users\allie\AppData\Roaming\Python\Python313\site-packages\urllib3\connectionpool.py", line 493, in _make_request
    conn.request(
    ~~~~~~~~~~~~^
        method,
        ^^^^^^^
    ...<6 lines>...
        enforce_content_length=enforce_content_length,
        ^^^^^^^^^^^^^^^^^^^^^^^^^^^^^^^^^^^^^^^^^^^^^^
    )
    ^
  File "C:\Users\allie\AppData\Roaming\Python\Python313\site-packages\urllib3\connection.py", line 494, in request
    self.endheaders()
    ~~~~~~~~~~~~~~~^^
  File "C:\Users\allie\anaconda3\Lib\http\client.py", line 1333, in endheaders
    self._send_output(message_body, encode_chunked=encode_chunked)
    ~~~~~~~~~~~~~~~~~^^^^^^^^^^^^^^^^^^^^^^^^^^^^^^^^^^^^^^^^^^^^^
  File "C:\Users\allie\anaconda3\Lib\http\client.py", line 1093, in _send_output
    self.send(msg)
    ~~~~~~~~~^^^^^
  File "C:\Users\allie\anaconda3\Lib\http\client.py", line 1037, in send
    self.connect()
    ~~~~~~~~~~~~^^
  File "C:\Users\allie\AppData\Roaming\Python\Python313\site-packages\urllib3\connection.py", line 325, in connect
    self.sock = self._new_conn()
                ~~~~~~~~~~~~~~^^
  File "C:\Users\allie\AppData\Roaming\Python\Python313\site-packages\urllib3\connection.py", line 207, in _new_conn
    raise ConnectTimeoutError(
    ...<2 lines>...
    ) from e
urllib3.exceptions.ConnectTimeoutError: (<urllib3.connection.HTTPConnection object at 0x0000023B84CCC7C0>, 'Connection to facts.htb timed out. (connect timeout=5)')

The above exception was the direct cause of the following exception:

Traceback (most recent call last):
  File "C:\Users\allie\AppData\Roaming\Python\Python313\site-packages\requests\adapters.py", line 667, in send
    resp = conn.urlopen(
        method=request.method,
    ...<9 lines>...
        chunked=chunked,
    )
  File "C:\Users\allie\AppData\Roaming\Python\Python313\site-packages\urllib3\connectionpool.py", line 841, in urlopen
    retries = retries.increment(
        method, url, error=new_e, _pool=self, _stacktrace=sys.exc_info()[2]
    )
  File "C:\Users\allie\AppData\Roaming\Python\Python313\site-packages\urllib3\util\retry.py", line 519, in increment
    raise MaxRetryError(_pool, url, reason) from reason  # type: ignore[arg-type]
    ^^^^^^^^^^^^^^^^^^^^^^^^^^^^^^^^^^^^^^^^^^^^^^^^^^^
urllib3.exceptions.MaxRetryError: HTTPConnectionPool(host='facts.htb', port=80): Max retries exceeded with url: /invite (Caused by ConnectTimeoutError(<urllib3.connection.HTTPConnection object at 0x0000023B84CCC7C0>, 'Connection to facts.htb timed out. (connect timeout=5)'))

During handling of the above exception, another exception occurred:

Traceback (most recent call last):
  File "C:\Users\allie\Coding Projects\huggin_suite\huginn\app\tools\enterprise_fingerprint.py", line 432, in _index_surface
    response = self.session.get(url, timeout=5, allow_redirects=False)
  File "C:\Users\allie\AppData\Roaming\Python\Python313\site-packages\requests\sessions.py", line 602, in get
    return self.request("GET", url, **kwargs)
           ~~~~~~~~~~~~^^^^^^^^^^^^^^^^^^^^^^
  File "C:\Users\allie\AppData\Roaming\Python\Python313\site-packages\requests\sessions.py", line 589, in request
    resp = self.send(prep, **send_kwargs)
  File "C:\Users\allie\AppData\Roaming\Python\Python313\site-packages\requests\sessions.py", line 703, in send
    r = adapter.send(request, **kwargs)
  File "C:\Users\allie\AppData\Roaming\Python\Python313\site-packages\requests\adapters.py", line 688, in send
    raise ConnectTimeout(e, request=request)
requests.exceptions.ConnectTimeout: HTTPConnectionPool(host='facts.htb', port=80): Max retries exceeded with url: /invite (Caused by ConnectTimeoutError(<urllib3.connection.HTTPConnection object at 0x0000023B84CCC7C0>, 'Connection to facts.htb timed out. (connect timeout=5)'))
2026-06-20 18:12:05 - huginn - DEBUG - Suppressed exception
Traceback (most recent call last):
  File "C:\Users\allie\AppData\Roaming\Python\Python313\site-packages\urllib3\connection.py", line 198, in _new_conn
    sock = connection.create_connection(
        (self._dns_host, self.port),
    ...<2 lines>...
        socket_options=self.socket_options,
    )
  File "C:\Users\allie\AppData\Roaming\Python\Python313\site-packages\urllib3\util\connection.py", line 85, in create_connection
    raise err
  File "C:\Users\allie\AppData\Roaming\Python\Python313\site-packages\urllib3\util\connection.py", line 73, in create_connection
    sock.connect(sa)
    ~~~~~~~~~~~~^^^^
TimeoutError: timed out

The above exception was the direct cause of the following exception:

Traceback (most recent call last):
  File "C:\Users\allie\AppData\Roaming\Python\Python313\site-packages\urllib3\connectionpool.py", line 787, in urlopen
    response = self._make_request(
        conn,
    ...<10 lines>...
        **response_kw,
    )
  File "C:\Users\allie\AppData\Roaming\Python\Python313\site-packages\urllib3\connectionpool.py", line 493, in _make_request
    conn.request(
    ~~~~~~~~~~~~^
        method,
        ^^^^^^^
    ...<6 lines>...
        enforce_content_length=enforce_content_length,
        ^^^^^^^^^^^^^^^^^^^^^^^^^^^^^^^^^^^^^^^^^^^^^^
    )
    ^
  File "C:\Users\allie\AppData\Roaming\Python\Python313\site-packages\urllib3\connection.py", line 494, in request
    self.endheaders()
    ~~~~~~~~~~~~~~~^^
  File "C:\Users\allie\anaconda3\Lib\http\client.py", line 1333, in endheaders
    self._send_output(message_body, encode_chunked=encode_chunked)
    ~~~~~~~~~~~~~~~~~^^^^^^^^^^^^^^^^^^^^^^^^^^^^^^^^^^^^^^^^^^^^^
  File "C:\Users\allie\anaconda3\Lib\http\client.py", line 1093, in _send_output
    self.send(msg)
    ~~~~~~~~~^^^^^
  File "C:\Users\allie\anaconda3\Lib\http\client.py", line 1037, in send
    self.connect()
    ~~~~~~~~~~~~^^
  File "C:\Users\allie\AppData\Roaming\Python\Python313\site-packages\urllib3\connection.py", line 325, in connect
    self.sock = self._new_conn()
                ~~~~~~~~~~~~~~^^
  File "C:\Users\allie\AppData\Roaming\Python\Python313\site-packages\urllib3\connection.py", line 207, in _new_conn
    raise ConnectTimeoutError(
    ...<2 lines>...
    ) from e
urllib3.exceptions.ConnectTimeoutError: (<urllib3.connection.HTTPConnection object at 0x0000023B8C66D150>, 'Connection to facts.htb timed out. (connect timeout=5)')

The above exception was the direct cause of the following exception:

Traceback (most recent call last):
  File "C:\Users\allie\AppData\Roaming\Python\Python313\site-packages\requests\adapters.py", line 667, in send
    resp = conn.urlopen(
        method=request.method,
    ...<9 lines>...
        chunked=chunked,
    )
  File "C:\Users\allie\AppData\Roaming\Python\Python313\site-packages\urllib3\connectionpool.py", line 841, in urlopen
    retries = retries.increment(
        method, url, error=new_e, _pool=self, _stacktrace=sys.exc_info()[2]
    )
  File "C:\Users\allie\AppData\Roaming\Python\Python313\site-packages\urllib3\util\retry.py", line 519, in increment
    raise MaxRetryError(_pool, url, reason) from reason  # type: ignore[arg-type]
    ^^^^^^^^^^^^^^^^^^^^^^^^^^^^^^^^^^^^^^^^^^^^^^^^^^^
urllib3.exceptions.MaxRetryError: HTTPConnectionPool(host='facts.htb', port=80): Max retries exceeded with url: /register (Caused by ConnectTimeoutError(<urllib3.connection.HTTPConnection object at 0x0000023B8C66D150>, 'Connection to facts.htb timed out. (connect timeout=5)'))

During handling of the above exception, another exception occurred:

Traceback (most recent call last):
  File "C:\Users\allie\Coding Projects\huggin_suite\huginn\app\tools\enterprise_fingerprint.py", line 432, in _index_surface
    response = self.session.get(url, timeout=5, allow_redirects=False)
  File "C:\Users\allie\AppData\Roaming\Python\Python313\site-packages\requests\sessions.py", line 602, in get
    return self.request("GET", url, **kwargs)
           ~~~~~~~~~~~~^^^^^^^^^^^^^^^^^^^^^^
  File "C:\Users\allie\AppData\Roaming\Python\Python313\site-packages\requests\sessions.py", line 589, in request
    resp = self.send(prep, **send_kwargs)
  File "C:\Users\allie\AppData\Roaming\Python\Python313\site-packages\requests\sessions.py", line 703, in send
    r = adapter.send(request, **kwargs)
  File "C:\Users\allie\AppData\Roaming\Python\Python313\site-packages\requests\adapters.py", line 688, in send
    raise ConnectTimeout(e, request=request)
requests.exceptions.ConnectTimeout: HTTPConnectionPool(host='facts.htb', port=80): Max retries exceeded with url: /register (Caused by ConnectTimeoutError(<urllib3.connection.HTTPConnection object at 0x0000023B8C66D150>, 'Connection to facts.htb timed out. (connect timeout=5)'))
2026-06-20 18:12:10 - huginn - DEBUG - Suppressed exception
Traceback (most recent call last):
  File "C:\Users\allie\AppData\Roaming\Python\Python313\site-packages\urllib3\connection.py", line 198, in _new_conn
    sock = connection.create_connection(
        (self._dns_host, self.port),
    ...<2 lines>...
        socket_options=self.socket_options,
    )
  File "C:\Users\allie\AppData\Roaming\Python\Python313\site-packages\urllib3\util\connection.py", line 85, in create_connection
    raise err
  File "C:\Users\allie\AppData\Roaming\Python\Python313\site-packages\urllib3\util\connection.py", line 73, in create_connection
    sock.connect(sa)
    ~~~~~~~~~~~~^^^^
TimeoutError: timed out

The above exception was the direct cause of the following exception:

Traceback (most recent call last):
  File "C:\Users\allie\AppData\Roaming\Python\Python313\site-packages\urllib3\connectionpool.py", line 787, in urlopen
    response = self._make_request(
        conn,
    ...<10 lines>...
        **response_kw,
    )
  File "C:\Users\allie\AppData\Roaming\Python\Python313\site-packages\urllib3\connectionpool.py", line 493, in _make_request
    conn.request(
    ~~~~~~~~~~~~^
        method,
        ^^^^^^^
    ...<6 lines>...
        enforce_content_length=enforce_content_length,
        ^^^^^^^^^^^^^^^^^^^^^^^^^^^^^^^^^^^^^^^^^^^^^^
    )
    ^
  File "C:\Users\allie\AppData\Roaming\Python\Python313\site-packages\urllib3\connection.py", line 494, in request
    self.endheaders()
    ~~~~~~~~~~~~~~~^^
  File "C:\Users\allie\anaconda3\Lib\http\client.py", line 1333, in endheaders
    self._send_output(message_body, encode_chunked=encode_chunked)
    ~~~~~~~~~~~~~~~~~^^^^^^^^^^^^^^^^^^^^^^^^^^^^^^^^^^^^^^^^^^^^^
  File "C:\Users\allie\anaconda3\Lib\http\client.py", line 1093, in _send_output
    self.send(msg)
    ~~~~~~~~~^^^^^
  File "C:\Users\allie\anaconda3\Lib\http\client.py", line 1037, in send
    self.connect()
    ~~~~~~~~~~~~^^
  File "C:\Users\allie\AppData\Roaming\Python\Python313\site-packages\urllib3\connection.py", line 325, in connect
    self.sock = self._new_conn()
                ~~~~~~~~~~~~~~^^
  File "C:\Users\allie\AppData\Roaming\Python\Python313\site-packages\urllib3\connection.py", line 207, in _new_conn
    raise ConnectTimeoutError(
    ...<2 lines>...
    ) from e
urllib3.exceptions.ConnectTimeoutError: (<urllib3.connection.HTTPConnection object at 0x0000023B8C66DBF0>, 'Connection to facts.htb timed out. (connect timeout=5)')

The above exception was the direct cause of the following exception:

Traceback (most recent call last):
  File "C:\Users\allie\AppData\Roaming\Python\Python313\site-packages\requests\adapters.py", line 667, in send
    resp = conn.urlopen(
        method=request.method,
    ...<9 lines>...
        chunked=chunked,
    )
  File "C:\Users\allie\AppData\Roaming\Python\Python313\site-packages\urllib3\connectionpool.py", line 841, in urlopen
    retries = retries.increment(
        method, url, error=new_e, _pool=self, _stacktrace=sys.exc_info()[2]
    )
  File "C:\Users\allie\AppData\Roaming\Python\Python313\site-packages\urllib3\util\retry.py", line 519, in increment
    raise MaxRetryError(_pool, url, reason) from reason  # type: ignore[arg-type]
    ^^^^^^^^^^^^^^^^^^^^^^^^^^^^^^^^^^^^^^^^^^^^^^^^^^^
urllib3.exceptions.MaxRetryError: HTTPConnectionPool(host='facts.htb', port=80): Max retries exceeded with url: /signup (Caused by ConnectTimeoutError(<urllib3.connection.HTTPConnection object at 0x0000023B8C66DBF0>, 'Connection to facts.htb timed out. (connect timeout=5)'))

During handling of the above exception, another exception occurred:

Traceback (most recent call last):
  File "C:\Users\allie\Coding Projects\huggin_suite\huginn\app\tools\enterprise_fingerprint.py", line 432, in _index_surface
    response = self.session.get(url, timeout=5, allow_redirects=False)
  File "C:\Users\allie\AppData\Roaming\Python\Python313\site-packages\requests\sessions.py", line 602, in get
    return self.request("GET", url, **kwargs)
           ~~~~~~~~~~~~^^^^^^^^^^^^^^^^^^^^^^
  File "C:\Users\allie\AppData\Roaming\Python\Python313\site-packages\requests\sessions.py", line 589, in request
    resp = self.send(prep, **send_kwargs)
  File "C:\Users\allie\AppData\Roaming\Python\Python313\site-packages\requests\sessions.py", line 703, in send
    r = adapter.send(request, **kwargs)
  File "C:\Users\allie\AppData\Roaming\Python\Python313\site-packages\requests\adapters.py", line 688, in send
    raise ConnectTimeout(e, request=request)
requests.exceptions.ConnectTimeout: HTTPConnectionPool(host='facts.htb', port=80): Max retries exceeded with url: /signup (Caused by ConnectTimeoutError(<urllib3.connection.HTTPConnection object at 0x0000023B8C66DBF0>, 'Connection to facts.htb timed out. (connect timeout=5)'))
2026-06-20 18:12:15 - huginn - DEBUG - Suppressed exception
Traceback (most recent call last):
  File "C:\Users\allie\AppData\Roaming\Python\Python313\site-packages\urllib3\connection.py", line 198, in _new_conn
    sock = connection.create_connection(
        (self._dns_host, self.port),
    ...<2 lines>...
        socket_options=self.socket_options,
    )
  File "C:\Users\allie\AppData\Roaming\Python\Python313\site-packages\urllib3\util\connection.py", line 85, in create_connection
    raise err
  File "C:\Users\allie\AppData\Roaming\Python\Python313\site-packages\urllib3\util\connection.py", line 73, in create_connection
    sock.connect(sa)
    ~~~~~~~~~~~~^^^^
TimeoutError: timed out

The above exception was the direct cause of the following exception:

Traceback (most recent call last):
  File "C:\Users\allie\AppData\Roaming\Python\Python313\site-packages\urllib3\connectionpool.py", line 787, in urlopen
    response = self._make_request(
        conn,
    ...<10 lines>...
        **response_kw,
    )
  File "C:\Users\allie\AppData\Roaming\Python\Python313\site-packages\urllib3\connectionpool.py", line 493, in _make_request
    conn.request(
    ~~~~~~~~~~~~^
        method,
        ^^^^^^^
    ...<6 lines>...
        enforce_content_length=enforce_content_length,
        ^^^^^^^^^^^^^^^^^^^^^^^^^^^^^^^^^^^^^^^^^^^^^^
    )
    ^
  File "C:\Users\allie\AppData\Roaming\Python\Python313\site-packages\urllib3\connection.py", line 494, in request
    self.endheaders()
    ~~~~~~~~~~~~~~~^^
  File "C:\Users\allie\anaconda3\Lib\http\client.py", line 1333, in endheaders
    self._send_output(message_body, encode_chunked=encode_chunked)
    ~~~~~~~~~~~~~~~~~^^^^^^^^^^^^^^^^^^^^^^^^^^^^^^^^^^^^^^^^^^^^^
  File "C:\Users\allie\anaconda3\Lib\http\client.py", line 1093, in _send_output
    self.send(msg)
    ~~~~~~~~~^^^^^
  File "C:\Users\allie\anaconda3\Lib\http\client.py", line 1037, in send
    self.connect()
    ~~~~~~~~~~~~^^
  File "C:\Users\allie\AppData\Roaming\Python\Python313\site-packages\urllib3\connection.py", line 325, in connect
    self.sock = self._new_conn()
                ~~~~~~~~~~~~~~^^
  File "C:\Users\allie\AppData\Roaming\Python\Python313\site-packages\urllib3\connection.py", line 207, in _new_conn
    raise ConnectTimeoutError(
    ...<2 lines>...
    ) from e
urllib3.exceptions.ConnectTimeoutError: (<urllib3.connection.HTTPConnection object at 0x0000023B8C66F130>, 'Connection to facts.htb timed out. (connect timeout=5)')

The above exception was the direct cause of the following exception:

Traceback (most recent call last):
  File "C:\Users\allie\AppData\Roaming\Python\Python313\site-packages\requests\adapters.py", line 667, in send
    resp = conn.urlopen(
        method=request.method,
    ...<9 lines>...
        chunked=chunked,
    )
  File "C:\Users\allie\AppData\Roaming\Python\Python313\site-packages\urllib3\connectionpool.py", line 841, in urlopen
    retries = retries.increment(
        method, url, error=new_e, _pool=self, _stacktrace=sys.exc_info()[2]
    )
  File "C:\Users\allie\AppData\Roaming\Python\Python313\site-packages\urllib3\util\retry.py", line 519, in increment
    raise MaxRetryError(_pool, url, reason) from reason  # type: ignore[arg-type]
    ^^^^^^^^^^^^^^^^^^^^^^^^^^^^^^^^^^^^^^^^^^^^^^^^^^^
urllib3.exceptions.MaxRetryError: HTTPConnectionPool(host='facts.htb', port=80): Max retries exceeded with url: /auth (Caused by ConnectTimeoutError(<urllib3.connection.HTTPConnection object at 0x0000023B8C66F130>, 'Connection to facts.htb timed out. (connect timeout=5)'))

During handling of the above exception, another exception occurred:

Traceback (most recent call last):
  File "C:\Users\allie\Coding Projects\huggin_suite\huginn\app\tools\enterprise_fingerprint.py", line 432, in _index_surface
    response = self.session.get(url, timeout=5, allow_redirects=False)
  File "C:\Users\allie\AppData\Roaming\Python\Python313\site-packages\requests\sessions.py", line 602, in get
    return self.request("GET", url, **kwargs)
           ~~~~~~~~~~~~^^^^^^^^^^^^^^^^^^^^^^
  File "C:\Users\allie\AppData\Roaming\Python\Python313\site-packages\requests\sessions.py", line 589, in request
    resp = self.send(prep, **send_kwargs)
  File "C:\Users\allie\AppData\Roaming\Python\Python313\site-packages\requests\sessions.py", line 703, in send
    r = adapter.send(request, **kwargs)
  File "C:\Users\allie\AppData\Roaming\Python\Python313\site-packages\requests\adapters.py", line 688, in send
    raise ConnectTimeout(e, request=request)
requests.exceptions.ConnectTimeout: HTTPConnectionPool(host='facts.htb', port=80): Max retries exceeded with url: /auth (Caused by ConnectTimeoutError(<urllib3.connection.HTTPConnection object at 0x0000023B8C66F130>, 'Connection to facts.htb timed out. (connect timeout=5)'))
2026-06-20 18:12:20 - huginn - DEBUG - Suppressed exception
Traceback (most recent call last):
  File "C:\Users\allie\AppData\Roaming\Python\Python313\site-packages\urllib3\connection.py", line 198, in _new_conn
    sock = connection.create_connection(
        (self._dns_host, self.port),
    ...<2 lines>...
        socket_options=self.socket_options,
    )
  File "C:\Users\allie\AppData\Roaming\Python\Python313\site-packages\urllib3\util\connection.py", line 85, in create_connection
    raise err
  File "C:\Users\allie\AppData\Roaming\Python\Python313\site-packages\urllib3\util\connection.py", line 73, in create_connection
    sock.connect(sa)
    ~~~~~~~~~~~~^^^^
TimeoutError: timed out

The above exception was the direct cause of the following exception:

Traceback (most recent call last):
  File "C:\Users\allie\AppData\Roaming\Python\Python313\site-packages\urllib3\connectionpool.py", line 787, in urlopen
    response = self._make_request(
        conn,
    ...<10 lines>...
        **response_kw,
    )
  File "C:\Users\allie\AppData\Roaming\Python\Python313\site-packages\urllib3\connectionpool.py", line 493, in _make_request
    conn.request(
    ~~~~~~~~~~~~^
        method,
        ^^^^^^^
    ...<6 lines>...
        enforce_content_length=enforce_content_length,
        ^^^^^^^^^^^^^^^^^^^^^^^^^^^^^^^^^^^^^^^^^^^^^^
    )
    ^
  File "C:\Users\allie\AppData\Roaming\Python\Python313\site-packages\urllib3\connection.py", line 494, in request
    self.endheaders()
    ~~~~~~~~~~~~~~~^^
  File "C:\Users\allie\anaconda3\Lib\http\client.py", line 1333, in endheaders
    self._send_output(message_body, encode_chunked=encode_chunked)
    ~~~~~~~~~~~~~~~~~^^^^^^^^^^^^^^^^^^^^^^^^^^^^^^^^^^^^^^^^^^^^^
  File "C:\Users\allie\anaconda3\Lib\http\client.py", line 1093, in _send_output
    self.send(msg)
    ~~~~~~~~~^^^^^
  File "C:\Users\allie\anaconda3\Lib\http\client.py", line 1037, in send
    self.connect()
    ~~~~~~~~~~~~^^
  File "C:\Users\allie\AppData\Roaming\Python\Python313\site-packages\urllib3\connection.py", line 325, in connect
    self.sock = self._new_conn()
                ~~~~~~~~~~~~~~^^
  File "C:\Users\allie\AppData\Roaming\Python\Python313\site-packages\urllib3\connection.py", line 207, in _new_conn
    raise ConnectTimeoutError(
    ...<2 lines>...
    ) from e
urllib3.exceptions.ConnectTimeoutError: (<urllib3.connection.HTTPConnection object at 0x0000023B84CCCD10>, 'Connection to facts.htb timed out. (connect timeout=5)')

The above exception was the direct cause of the following exception:

Traceback (most recent call last):
  File "C:\Users\allie\AppData\Roaming\Python\Python313\site-packages\requests\adapters.py", line 667, in send
    resp = conn.urlopen(
        method=request.method,
    ...<9 lines>...
        chunked=chunked,
    )
  File "C:\Users\allie\AppData\Roaming\Python\Python313\site-packages\urllib3\connectionpool.py", line 841, in urlopen
    retries = retries.increment(
        method, url, error=new_e, _pool=self, _stacktrace=sys.exc_info()[2]
    )
  File "C:\Users\allie\AppData\Roaming\Python\Python313\site-packages\urllib3\util\retry.py", line 519, in increment
    raise MaxRetryError(_pool, url, reason) from reason  # type: ignore[arg-type]
    ^^^^^^^^^^^^^^^^^^^^^^^^^^^^^^^^^^^^^^^^^^^^^^^^^^^
urllib3.exceptions.MaxRetryError: HTTPConnectionPool(host='facts.htb', port=80): Max retries exceeded with url: /oauth (Caused by ConnectTimeoutError(<urllib3.connection.HTTPConnection object at 0x0000023B84CCCD10>, 'Connection to facts.htb timed out. (connect timeout=5)'))

During handling of the above exception, another exception occurred:

Traceback (most recent call last):
  File "C:\Users\allie\Coding Projects\huggin_suite\huginn\app\tools\enterprise_fingerprint.py", line 432, in _index_surface
    response = self.session.get(url, timeout=5, allow_redirects=False)
  File "C:\Users\allie\AppData\Roaming\Python\Python313\site-packages\requests\sessions.py", line 602, in get
    return self.request("GET", url, **kwargs)
           ~~~~~~~~~~~~^^^^^^^^^^^^^^^^^^^^^^
  File "C:\Users\allie\AppData\Roaming\Python\Python313\site-packages\requests\sessions.py", line 589, in request
    resp = self.send(prep, **send_kwargs)
  File "C:\Users\allie\AppData\Roaming\Python\Python313\site-packages\requests\sessions.py", line 703, in send
    r = adapter.send(request, **kwargs)
  File "C:\Users\allie\AppData\Roaming\Python\Python313\site-packages\requests\adapters.py", line 688, in send
    raise ConnectTimeout(e, request=request)
requests.exceptions.ConnectTimeout: HTTPConnectionPool(host='facts.htb', port=80): Max retries exceeded with url: /oauth (Caused by ConnectTimeoutError(<urllib3.connection.HTTPConnection object at 0x0000023B84CCCD10>, 'Connection to facts.htb timed out. (connect timeout=5)'))
2026-06-20 18:12:25 - huginn - DEBUG - Suppressed exception
Traceback (most recent call last):
  File "C:\Users\allie\AppData\Roaming\Python\Python313\site-packages\urllib3\connection.py", line 198, in _new_conn
    sock = connection.create_connection(
        (self._dns_host, self.port),
    ...<2 lines>...
        socket_options=self.socket_options,
    )
  File "C:\Users\allie\AppData\Roaming\Python\Python313\site-packages\urllib3\util\connection.py", line 85, in create_connection
    raise err
  File "C:\Users\allie\AppData\Roaming\Python\Python313\site-packages\urllib3\util\connection.py", line 73, in create_connection
    sock.connect(sa)
    ~~~~~~~~~~~~^^^^
TimeoutError: timed out

The above exception was the direct cause of the following exception:

Traceback (most recent call last):
  File "C:\Users\allie\AppData\Roaming\Python\Python313\site-packages\urllib3\connectionpool.py", line 787, in urlopen
    response = self._make_request(
        conn,
    ...<10 lines>...
        **response_kw,
    )
  File "C:\Users\allie\AppData\Roaming\Python\Python313\site-packages\urllib3\connectionpool.py", line 493, in _make_request
    conn.request(
    ~~~~~~~~~~~~^
        method,
        ^^^^^^^
    ...<6 lines>...
        enforce_content_length=enforce_content_length,
        ^^^^^^^^^^^^^^^^^^^^^^^^^^^^^^^^^^^^^^^^^^^^^^
    )
    ^
  File "C:\Users\allie\AppData\Roaming\Python\Python313\site-packages\urllib3\connection.py", line 494, in request
    self.endheaders()
    ~~~~~~~~~~~~~~~^^
  File "C:\Users\allie\anaconda3\Lib\http\client.py", line 1333, in endheaders
    self._send_output(message_body, encode_chunked=encode_chunked)
    ~~~~~~~~~~~~~~~~~^^^^^^^^^^^^^^^^^^^^^^^^^^^^^^^^^^^^^^^^^^^^^
  File "C:\Users\allie\anaconda3\Lib\http\client.py", line 1093, in _send_output
    self.send(msg)
    ~~~~~~~~~^^^^^
  File "C:\Users\allie\anaconda3\Lib\http\client.py", line 1037, in send
    self.connect()
    ~~~~~~~~~~~~^^
  File "C:\Users\allie\AppData\Roaming\Python\Python313\site-packages\urllib3\connection.py", line 325, in connect
    self.sock = self._new_conn()
                ~~~~~~~~~~~~~~^^
  File "C:\Users\allie\AppData\Roaming\Python\Python313\site-packages\urllib3\connection.py", line 207, in _new_conn
    raise ConnectTimeoutError(
    ...<2 lines>...
    ) from e
urllib3.exceptions.ConnectTimeoutError: (<urllib3.connection.HTTPConnection object at 0x0000023B84CCCF30>, 'Connection to facts.htb timed out. (connect timeout=5)')

The above exception was the direct cause of the following exception:

Traceback (most recent call last):
  File "C:\Users\allie\AppData\Roaming\Python\Python313\site-packages\requests\adapters.py", line 667, in send
    resp = conn.urlopen(
        method=request.method,
    ...<9 lines>...
        chunked=chunked,
    )
  File "C:\Users\allie\AppData\Roaming\Python\Python313\site-packages\urllib3\connectionpool.py", line 841, in urlopen
    retries = retries.increment(
        method, url, error=new_e, _pool=self, _stacktrace=sys.exc_info()[2]
    )
  File "C:\Users\allie\AppData\Roaming\Python\Python313\site-packages\urllib3\util\retry.py", line 519, in increment
    raise MaxRetryError(_pool, url, reason) from reason  # type: ignore[arg-type]
    ^^^^^^^^^^^^^^^^^^^^^^^^^^^^^^^^^^^^^^^^^^^^^^^^^^^
urllib3.exceptions.MaxRetryError: HTTPConnectionPool(host='facts.htb', port=80): Max retries exceeded with url: /token (Caused by ConnectTimeoutError(<urllib3.connection.HTTPConnection object at 0x0000023B84CCCF30>, 'Connection to facts.htb timed out. (connect timeout=5)'))

During handling of the above exception, another exception occurred:

Traceback (most recent call last):
  File "C:\Users\allie\Coding Projects\huggin_suite\huginn\app\tools\enterprise_fingerprint.py", line 432, in _index_surface
    response = self.session.get(url, timeout=5, allow_redirects=False)
  File "C:\Users\allie\AppData\Roaming\Python\Python313\site-packages\requests\sessions.py", line 602, in get
    return self.request("GET", url, **kwargs)
           ~~~~~~~~~~~~^^^^^^^^^^^^^^^^^^^^^^
  File "C:\Users\allie\AppData\Roaming\Python\Python313\site-packages\requests\sessions.py", line 589, in request
    resp = self.send(prep, **send_kwargs)
  File "C:\Users\allie\AppData\Roaming\Python\Python313\site-packages\requests\sessions.py", line 703, in send
    r = adapter.send(request, **kwargs)
  File "C:\Users\allie\AppData\Roaming\Python\Python313\site-packages\requests\adapters.py", line 688, in send
    raise ConnectTimeout(e, request=request)
requests.exceptions.ConnectTimeout: HTTPConnectionPool(host='facts.htb', port=80): Max retries exceeded with url: /token (Caused by ConnectTimeoutError(<urllib3.connection.HTTPConnection object at 0x0000023B84CCCF30>, 'Connection to facts.htb timed out. (connect timeout=5)'))
2026-06-20 18:12:30 - huginn - DEBUG - Suppressed exception
Traceback (most recent call last):
  File "C:\Users\allie\AppData\Roaming\Python\Python313\site-packages\urllib3\connection.py", line 198, in _new_conn
    sock = connection.create_connection(
        (self._dns_host, self.port),
    ...<2 lines>...
        socket_options=self.socket_options,
    )
  File "C:\Users\allie\AppData\Roaming\Python\Python313\site-packages\urllib3\util\connection.py", line 85, in create_connection
    raise err
  File "C:\Users\allie\AppData\Roaming\Python\Python313\site-packages\urllib3\util\connection.py", line 73, in create_connection
    sock.connect(sa)
    ~~~~~~~~~~~~^^^^
TimeoutError: timed out

The above exception was the direct cause of the following exception:

Traceback (most recent call last):
  File "C:\Users\allie\AppData\Roaming\Python\Python313\site-packages\urllib3\connectionpool.py", line 787, in urlopen
    response = self._make_request(
        conn,
    ...<10 lines>...
        **response_kw,
    )
  File "C:\Users\allie\AppData\Roaming\Python\Python313\site-packages\urllib3\connectionpool.py", line 493, in _make_request
    conn.request(
    ~~~~~~~~~~~~^
        method,
        ^^^^^^^
    ...<6 lines>...
        enforce_content_length=enforce_content_length,
        ^^^^^^^^^^^^^^^^^^^^^^^^^^^^^^^^^^^^^^^^^^^^^^
    )
    ^
  File "C:\Users\allie\AppData\Roaming\Python\Python313\site-packages\urllib3\connection.py", line 494, in request
    self.endheaders()
    ~~~~~~~~~~~~~~~^^
  File "C:\Users\allie\anaconda3\Lib\http\client.py", line 1333, in endheaders
    self._send_output(message_body, encode_chunked=encode_chunked)
    ~~~~~~~~~~~~~~~~~^^^^^^^^^^^^^^^^^^^^^^^^^^^^^^^^^^^^^^^^^^^^^
  File "C:\Users\allie\anaconda3\Lib\http\client.py", line 1093, in _send_output
    self.send(msg)
    ~~~~~~~~~^^^^^
  File "C:\Users\allie\anaconda3\Lib\http\client.py", line 1037, in send
    self.connect()
    ~~~~~~~~~~~~^^
  File "C:\Users\allie\AppData\Roaming\Python\Python313\site-packages\urllib3\connection.py", line 325, in connect
    self.sock = self._new_conn()
                ~~~~~~~~~~~~~~^^
  File "C:\Users\allie\AppData\Roaming\Python\Python313\site-packages\urllib3\connection.py", line 207, in _new_conn
    raise ConnectTimeoutError(
    ...<2 lines>...
    ) from e
urllib3.exceptions.ConnectTimeoutError: (<urllib3.connection.HTTPConnection object at 0x0000023B84CCD370>, 'Connection to facts.htb timed out. (connect timeout=5)')

The above exception was the direct cause of the following exception:

Traceback (most recent call last):
  File "C:\Users\allie\AppData\Roaming\Python\Python313\site-packages\requests\adapters.py", line 667, in send
    resp = conn.urlopen(
        method=request.method,
    ...<9 lines>...
        chunked=chunked,
    )
  File "C:\Users\allie\AppData\Roaming\Python\Python313\site-packages\urllib3\connectionpool.py", line 841, in urlopen
    retries = retries.increment(
        method, url, error=new_e, _pool=self, _stacktrace=sys.exc_info()[2]
    )
  File "C:\Users\allie\AppData\Roaming\Python\Python313\site-packages\urllib3\util\retry.py", line 519, in increment
    raise MaxRetryError(_pool, url, reason) from reason  # type: ignore[arg-type]
    ^^^^^^^^^^^^^^^^^^^^^^^^^^^^^^^^^^^^^^^^^^^^^^^^^^^
urllib3.exceptions.MaxRetryError: HTTPConnectionPool(host='facts.htb', port=80): Max retries exceeded with url: /graphql (Caused by ConnectTimeoutError(<urllib3.connection.HTTPConnection object at 0x0000023B84CCD370>, 'Connection to facts.htb timed out. (connect timeout=5)'))

During handling of the above exception, another exception occurred:

Traceback (most recent call last):
  File "C:\Users\allie\Coding Projects\huggin_suite\huginn\app\tools\enterprise_fingerprint.py", line 432, in _index_surface
    response = self.session.get(url, timeout=5, allow_redirects=False)
  File "C:\Users\allie\AppData\Roaming\Python\Python313\site-packages\requests\sessions.py", line 602, in get
    return self.request("GET", url, **kwargs)
           ~~~~~~~~~~~~^^^^^^^^^^^^^^^^^^^^^^
  File "C:\Users\allie\AppData\Roaming\Python\Python313\site-packages\requests\sessions.py", line 589, in request
    resp = self.send(prep, **send_kwargs)
  File "C:\Users\allie\AppData\Roaming\Python\Python313\site-packages\requests\sessions.py", line 703, in send
    r = adapter.send(request, **kwargs)
  File "C:\Users\allie\AppData\Roaming\Python\Python313\site-packages\requests\adapters.py", line 688, in send
    raise ConnectTimeout(e, request=request)
requests.exceptions.ConnectTimeout: HTTPConnectionPool(host='facts.htb', port=80): Max retries exceeded with url: /graphql (Caused by ConnectTimeoutError(<urllib3.connection.HTTPConnection object at 0x0000023B84CCD370>, 'Connection to facts.htb timed out. (connect timeout=5)'))
2026-06-20 18:12:35 - huginn - DEBUG - Suppressed exception
Traceback (most recent call last):
  File "C:\Users\allie\AppData\Roaming\Python\Python313\site-packages\urllib3\connection.py", line 198, in _new_conn
    sock = connection.create_connection(
        (self._dns_host, self.port),
    ...<2 lines>...
        socket_options=self.socket_options,
    )
  File "C:\Users\allie\AppData\Roaming\Python\Python313\site-packages\urllib3\util\connection.py", line 85, in create_connection
    raise err
  File "C:\Users\allie\AppData\Roaming\Python\Python313\site-packages\urllib3\util\connection.py", line 73, in create_connection
    sock.connect(sa)
    ~~~~~~~~~~~~^^^^
TimeoutError: timed out

The above exception was the direct cause of the following exception:

Traceback (most recent call last):
  File "C:\Users\allie\AppData\Roaming\Python\Python313\site-packages\urllib3\connectionpool.py", line 787, in urlopen
    response = self._make_request(
        conn,
    ...<10 lines>...
        **response_kw,
    )
  File "C:\Users\allie\AppData\Roaming\Python\Python313\site-packages\urllib3\connectionpool.py", line 493, in _make_request
    conn.request(
    ~~~~~~~~~~~~^
        method,
        ^^^^^^^
    ...<6 lines>...
        enforce_content_length=enforce_content_length,
        ^^^^^^^^^^^^^^^^^^^^^^^^^^^^^^^^^^^^^^^^^^^^^^
    )
    ^
  File "C:\Users\allie\AppData\Roaming\Python\Python313\site-packages\urllib3\connection.py", line 494, in request
    self.endheaders()
    ~~~~~~~~~~~~~~~^^
  File "C:\Users\allie\anaconda3\Lib\http\client.py", line 1333, in endheaders
    self._send_output(message_body, encode_chunked=encode_chunked)
    ~~~~~~~~~~~~~~~~~^^^^^^^^^^^^^^^^^^^^^^^^^^^^^^^^^^^^^^^^^^^^^
  File "C:\Users\allie\anaconda3\Lib\http\client.py", line 1093, in _send_output
    self.send(msg)
    ~~~~~~~~~^^^^^
  File "C:\Users\allie\anaconda3\Lib\http\client.py", line 1037, in send
    self.connect()
    ~~~~~~~~~~~~^^
  File "C:\Users\allie\AppData\Roaming\Python\Python313\site-packages\urllib3\connection.py", line 325, in connect
    self.sock = self._new_conn()
                ~~~~~~~~~~~~~~^^
  File "C:\Users\allie\AppData\Roaming\Python\Python313\site-packages\urllib3\connection.py", line 207, in _new_conn
    raise ConnectTimeoutError(
    ...<2 lines>...
    ) from e
urllib3.exceptions.ConnectTimeoutError: (<urllib3.connection.HTTPConnection object at 0x0000023B84CCD6A0>, 'Connection to facts.htb timed out. (connect timeout=5)')

The above exception was the direct cause of the following exception:

Traceback (most recent call last):
  File "C:\Users\allie\AppData\Roaming\Python\Python313\site-packages\requests\adapters.py", line 667, in send
    resp = conn.urlopen(
        method=request.method,
    ...<9 lines>...
        chunked=chunked,
    )
  File "C:\Users\allie\AppData\Roaming\Python\Python313\site-packages\urllib3\connectionpool.py", line 841, in urlopen
    retries = retries.increment(
        method, url, error=new_e, _pool=self, _stacktrace=sys.exc_info()[2]
    )
  File "C:\Users\allie\AppData\Roaming\Python\Python313\site-packages\urllib3\util\retry.py", line 519, in increment
    raise MaxRetryError(_pool, url, reason) from reason  # type: ignore[arg-type]
    ^^^^^^^^^^^^^^^^^^^^^^^^^^^^^^^^^^^^^^^^^^^^^^^^^^^
urllib3.exceptions.MaxRetryError: HTTPConnectionPool(host='facts.htb', port=80): Max retries exceeded with url: /rest (Caused by ConnectTimeoutError(<urllib3.connection.HTTPConnection object at 0x0000023B84CCD6A0>, 'Connection to facts.htb timed out. (connect timeout=5)'))

During handling of the above exception, another exception occurred:

Traceback (most recent call last):
  File "C:\Users\allie\Coding Projects\huggin_suite\huginn\app\tools\enterprise_fingerprint.py", line 432, in _index_surface
    response = self.session.get(url, timeout=5, allow_redirects=False)
  File "C:\Users\allie\AppData\Roaming\Python\Python313\site-packages\requests\sessions.py", line 602, in get
    return self.request("GET", url, **kwargs)
           ~~~~~~~~~~~~^^^^^^^^^^^^^^^^^^^^^^
  File "C:\Users\allie\AppData\Roaming\Python\Python313\site-packages\requests\sessions.py", line 589, in request
    resp = self.send(prep, **send_kwargs)
  File "C:\Users\allie\AppData\Roaming\Python\Python313\site-packages\requests\sessions.py", line 703, in send
    r = adapter.send(request, **kwargs)
  File "C:\Users\allie\AppData\Roaming\Python\Python313\site-packages\requests\adapters.py", line 688, in send
    raise ConnectTimeout(e, request=request)
requests.exceptions.ConnectTimeout: HTTPConnectionPool(host='facts.htb', port=80): Max retries exceeded with url: /rest (Caused by ConnectTimeoutError(<urllib3.connection.HTTPConnection object at 0x0000023B84CCD6A0>, 'Connection to facts.htb timed out. (connect timeout=5)'))
2026-06-20 18:12:40 - huginn - DEBUG - Suppressed exception
Traceback (most recent call last):
  File "C:\Users\allie\AppData\Roaming\Python\Python313\site-packages\urllib3\connection.py", line 198, in _new_conn
    sock = connection.create_connection(
        (self._dns_host, self.port),
    ...<2 lines>...
        socket_options=self.socket_options,
    )
  File "C:\Users\allie\AppData\Roaming\Python\Python313\site-packages\urllib3\util\connection.py", line 85, in create_connection
    raise err
  File "C:\Users\allie\AppData\Roaming\Python\Python313\site-packages\urllib3\util\connection.py", line 73, in create_connection
    sock.connect(sa)
    ~~~~~~~~~~~~^^^^
TimeoutError: timed out

The above exception was the direct cause of the following exception:

Traceback (most recent call last):
  File "C:\Users\allie\AppData\Roaming\Python\Python313\site-packages\urllib3\connectionpool.py", line 787, in urlopen
    response = self._make_request(
        conn,
    ...<10 lines>...
        **response_kw,
    )
  File "C:\Users\allie\AppData\Roaming\Python\Python313\site-packages\urllib3\connectionpool.py", line 493, in _make_request
    conn.request(
    ~~~~~~~~~~~~^
        method,
        ^^^^^^^
    ...<6 lines>...
        enforce_content_length=enforce_content_length,
        ^^^^^^^^^^^^^^^^^^^^^^^^^^^^^^^^^^^^^^^^^^^^^^
    )
    ^
  File "C:\Users\allie\AppData\Roaming\Python\Python313\site-packages\urllib3\connection.py", line 494, in request
    self.endheaders()
    ~~~~~~~~~~~~~~~^^
  File "C:\Users\allie\anaconda3\Lib\http\client.py", line 1333, in endheaders
    self._send_output(message_body, encode_chunked=encode_chunked)
    ~~~~~~~~~~~~~~~~~^^^^^^^^^^^^^^^^^^^^^^^^^^^^^^^^^^^^^^^^^^^^^
  File "C:\Users\allie\anaconda3\Lib\http\client.py", line 1093, in _send_output
    self.send(msg)
    ~~~~~~~~~^^^^^
  File "C:\Users\allie\anaconda3\Lib\http\client.py", line 1037, in send
    self.connect()
    ~~~~~~~~~~~~^^
  File "C:\Users\allie\AppData\Roaming\Python\Python313\site-packages\urllib3\connection.py", line 325, in connect
    self.sock = self._new_conn()
                ~~~~~~~~~~~~~~^^
  File "C:\Users\allie\AppData\Roaming\Python\Python313\site-packages\urllib3\connection.py", line 207, in _new_conn
    raise ConnectTimeoutError(
    ...<2 lines>...
    ) from e
urllib3.exceptions.ConnectTimeoutError: (<urllib3.connection.HTTPConnection object at 0x0000023B84CCDBF0>, 'Connection to facts.htb timed out. (connect timeout=5)')

The above exception was the direct cause of the following exception:

Traceback (most recent call last):
  File "C:\Users\allie\AppData\Roaming\Python\Python313\site-packages\requests\adapters.py", line 667, in send
    resp = conn.urlopen(
        method=request.method,
    ...<9 lines>...
        chunked=chunked,
    )
  File "C:\Users\allie\AppData\Roaming\Python\Python313\site-packages\urllib3\connectionpool.py", line 841, in urlopen
    retries = retries.increment(
        method, url, error=new_e, _pool=self, _stacktrace=sys.exc_info()[2]
    )
  File "C:\Users\allie\AppData\Roaming\Python\Python313\site-packages\urllib3\util\retry.py", line 519, in increment
    raise MaxRetryError(_pool, url, reason) from reason  # type: ignore[arg-type]
    ^^^^^^^^^^^^^^^^^^^^^^^^^^^^^^^^^^^^^^^^^^^^^^^^^^^
urllib3.exceptions.MaxRetryError: HTTPConnectionPool(host='facts.htb', port=80): Max retries exceeded with url: /endpoint (Caused by ConnectTimeoutError(<urllib3.connection.HTTPConnection object at 0x0000023B84CCDBF0>, 'Connection to facts.htb timed out. (connect timeout=5)'))

During handling of the above exception, another exception occurred:

Traceback (most recent call last):
  File "C:\Users\allie\Coding Projects\huggin_suite\huginn\app\tools\enterprise_fingerprint.py", line 432, in _index_surface
    response = self.session.get(url, timeout=5, allow_redirects=False)
  File "C:\Users\allie\AppData\Roaming\Python\Python313\site-packages\requests\sessions.py", line 602, in get
    return self.request("GET", url, **kwargs)
           ~~~~~~~~~~~~^^^^^^^^^^^^^^^^^^^^^^
  File "C:\Users\allie\AppData\Roaming\Python\Python313\site-packages\requests\sessions.py", line 589, in request
    resp = self.send(prep, **send_kwargs)
  File "C:\Users\allie\AppData\Roaming\Python\Python313\site-packages\requests\sessions.py", line 703, in send
    r = adapter.send(request, **kwargs)
  File "C:\Users\allie\AppData\Roaming\Python\Python313\site-packages\requests\adapters.py", line 688, in send
    raise ConnectTimeout(e, request=request)
requests.exceptions.ConnectTimeout: HTTPConnectionPool(host='facts.htb', port=80): Max retries exceeded with url: /endpoint (Caused by ConnectTimeoutError(<urllib3.connection.HTTPConnection object at 0x0000023B84CCDBF0>, 'Connection to facts.htb timed out. (connect timeout=5)'))
2026-06-20 18:12:45 - huginn - DEBUG - Suppressed exception
Traceback (most recent call last):
  File "C:\Users\allie\AppData\Roaming\Python\Python313\site-packages\urllib3\connection.py", line 198, in _new_conn
    sock = connection.create_connection(
        (self._dns_host, self.port),
    ...<2 lines>...
        socket_options=self.socket_options,
    )
  File "C:\Users\allie\AppData\Roaming\Python\Python313\site-packages\urllib3\util\connection.py", line 85, in create_connection
    raise err
  File "C:\Users\allie\AppData\Roaming\Python\Python313\site-packages\urllib3\util\connection.py", line 73, in create_connection
    sock.connect(sa)
    ~~~~~~~~~~~~^^^^
TimeoutError: timed out

The above exception was the direct cause of the following exception:

Traceback (most recent call last):
  File "C:\Users\allie\AppData\Roaming\Python\Python313\site-packages\urllib3\connectionpool.py", line 787, in urlopen
    response = self._make_request(
        conn,
    ...<10 lines>...
        **response_kw,
    )
  File "C:\Users\allie\AppData\Roaming\Python\Python313\site-packages\urllib3\connectionpool.py", line 493, in _make_request
    conn.request(
    ~~~~~~~~~~~~^
        method,
        ^^^^^^^
    ...<6 lines>...
        enforce_content_length=enforce_content_length,
        ^^^^^^^^^^^^^^^^^^^^^^^^^^^^^^^^^^^^^^^^^^^^^^
    )
    ^
  File "C:\Users\allie\AppData\Roaming\Python\Python313\site-packages\urllib3\connection.py", line 494, in request
    self.endheaders()
    ~~~~~~~~~~~~~~~^^
  File "C:\Users\allie\anaconda3\Lib\http\client.py", line 1333, in endheaders
    self._send_output(message_body, encode_chunked=encode_chunked)
    ~~~~~~~~~~~~~~~~~^^^^^^^^^^^^^^^^^^^^^^^^^^^^^^^^^^^^^^^^^^^^^
  File "C:\Users\allie\anaconda3\Lib\http\client.py", line 1093, in _send_output
    self.send(msg)
    ~~~~~~~~~^^^^^
  File "C:\Users\allie\anaconda3\Lib\http\client.py", line 1037, in send
    self.connect()
    ~~~~~~~~~~~~^^
  File "C:\Users\allie\AppData\Roaming\Python\Python313\site-packages\urllib3\connection.py", line 325, in connect
    self.sock = self._new_conn()
                ~~~~~~~~~~~~~~^^
  File "C:\Users\allie\AppData\Roaming\Python\Python313\site-packages\urllib3\connection.py", line 207, in _new_conn
    raise ConnectTimeoutError(
    ...<2 lines>...
    ) from e
urllib3.exceptions.ConnectTimeoutError: (<urllib3.connection.HTTPConnection object at 0x0000023B84CCDF20>, 'Connection to facts.htb timed out. (connect timeout=5)')

The above exception was the direct cause of the following exception:

Traceback (most recent call last):
  File "C:\Users\allie\AppData\Roaming\Python\Python313\site-packages\requests\adapters.py", line 667, in send
    resp = conn.urlopen(
        method=request.method,
    ...<9 lines>...
        chunked=chunked,
    )
  File "C:\Users\allie\AppData\Roaming\Python\Python313\site-packages\urllib3\connectionpool.py", line 841, in urlopen
    retries = retries.increment(
        method, url, error=new_e, _pool=self, _stacktrace=sys.exc_info()[2]
    )
  File "C:\Users\allie\AppData\Roaming\Python\Python313\site-packages\urllib3\util\retry.py", line 519, in increment
    raise MaxRetryError(_pool, url, reason) from reason  # type: ignore[arg-type]
    ^^^^^^^^^^^^^^^^^^^^^^^^^^^^^^^^^^^^^^^^^^^^^^^^^^^
urllib3.exceptions.MaxRetryError: HTTPConnectionPool(host='facts.htb', port=80): Max retries exceeded with url: /service (Caused by ConnectTimeoutError(<urllib3.connection.HTTPConnection object at 0x0000023B84CCDF20>, 'Connection to facts.htb timed out. (connect timeout=5)'))

During handling of the above exception, another exception occurred:

Traceback (most recent call last):
  File "C:\Users\allie\Coding Projects\huggin_suite\huginn\app\tools\enterprise_fingerprint.py", line 432, in _index_surface
    response = self.session.get(url, timeout=5, allow_redirects=False)
  File "C:\Users\allie\AppData\Roaming\Python\Python313\site-packages\requests\sessions.py", line 602, in get
    return self.request("GET", url, **kwargs)
           ~~~~~~~~~~~~^^^^^^^^^^^^^^^^^^^^^^
  File "C:\Users\allie\AppData\Roaming\Python\Python313\site-packages\requests\sessions.py", line 589, in request
    resp = self.send(prep, **send_kwargs)
  File "C:\Users\allie\AppData\Roaming\Python\Python313\site-packages\requests\sessions.py", line 703, in send
    r = adapter.send(request, **kwargs)
  File "C:\Users\allie\AppData\Roaming\Python\Python313\site-packages\requests\adapters.py", line 688, in send
    raise ConnectTimeout(e, request=request)
requests.exceptions.ConnectTimeout: HTTPConnectionPool(host='facts.htb', port=80): Max retries exceeded with url: /service (Caused by ConnectTimeoutError(<urllib3.connection.HTTPConnection object at 0x0000023B84CCDF20>, 'Connection to facts.htb timed out. (connect timeout=5)'))
2026-06-20 18:14:14 - huginn - INFO - Knowledge base schema initialized.
2026-06-20 18:21:25 - huginn - INFO - Local DNS server stopped
2026-06-20 18:21:25 - huginn - INFO - local_dns_server stopped
2026-06-20 18:21:25 - huginn - INFO - VPN connection terminated
2026-06-20 18:21:25 - huginn - INFO - vpn_manager disconnected
2026-06-20 18:21:25 - huginn - DEBUG - Memory monitoring stopped
2026-06-20 18:21:25 - huginn - DEBUG - Connection pool closed all sessions
2026-06-20 18:21:34 - huginn - INFO - License saved successfully
2026-06-20 18:21:34 - huginn - INFO - License loaded and validated successfully
2026-06-20 18:21:34 - huginn - INFO - Application starting...
2026-06-20 18:21:34 - huginn - INFO - Huginn version 1.0.0
2026-06-20 18:21:34 - huginn - INFO - Font loaded successfully
2026-06-20 18:21:34 - huginn - INFO - Stylesheet loaded successfully
2026-06-20 18:21:34 - huginn - INFO - Creating main window...
2026-06-20 18:21:34 - huginn - INFO - QThreadPool max threads set to 32 (CPUs: 32)
2026-06-20 18:21:34 - huginn - INFO - Custom font 'Neuropol X' loaded from C:\Users\allie\Coding Projects\huggin_suite\huginn\resources\fonts\neuropol.otf
2026-06-20 18:21:35 - huginn - INFO - Master index schema initialized.
2026-06-20 18:21:35 - huginn - DEBUG - [FeatureGapIntegration] Tenant→Engagement wiring connected.
2026-06-20 18:21:35 - huginn - INFO - [FeatureGapIntegration] All new modules integrated successfully.
2026-06-20 18:21:35 - huginn - INFO - Feature gap integration completed successfully
2026-06-20 18:21:41 - huginn - INFO - EngagementDatabase connected: C:\Users\allie\Coding Projects\huggin_suite\huginn\resources\engagements\d30aaa11-deb6-431e-bbfc-4635b41b8e12\engagement.db (pool_size=5)
2026-06-20 18:21:41 - huginn - INFO - Engagement opened: d30aaa11-deb6-431e-bbfc-4635b41b8e12
2026-06-20 18:21:41 - huginn - INFO - NoteSystem: database attached and FTS initialized.
2026-06-20 18:21:41 - huginn - INFO - RetestWorkflow: database attached.
2026-06-20 18:23:26 - huginn - INFO - EngagementDatabase closed: C:\Users\allie\Coding Projects\huggin_suite\huginn\resources\engagements\d30aaa11-deb6-431e-bbfc-4635b41b8e12\engagement.db (5 connections)
2026-06-20 18:23:26 - huginn - INFO - EngagementDatabase connected: C:\Users\allie\Coding Projects\huggin_suite\huginn\resources\engagements\c113fb39-30ef-48b0-91af-c4751811afcb\engagement.db (pool_size=5)
2026-06-20 18:23:26 - huginn - INFO - Engagement opened: c113fb39-30ef-48b0-91af-c4751811afcb
2026-06-20 18:23:26 - huginn - INFO - NoteSystem: database attached and FTS initialized.
2026-06-20 18:23:26 - huginn - INFO - RetestWorkflow: database attached.
2026-06-20 18:23:37 - huginn - INFO - EngagementDatabase closed: C:\Users\allie\Coding Projects\huggin_suite\huginn\resources\engagements\c113fb39-30ef-48b0-91af-c4751811afcb\engagement.db (5 connections)
2026-06-20 18:23:37 - huginn - INFO - EngagementDatabase connected: C:\Users\allie\Coding Projects\huggin_suite\huginn\resources\engagements\dc13fe76-b8f6-4f00-b9f9-00a18fb0388e\engagement.db (pool_size=5)
2026-06-20 18:23:37 - huginn - INFO - Engagement opened: dc13fe76-b8f6-4f00-b9f9-00a18fb0388e
2026-06-20 18:23:37 - huginn - INFO - NoteSystem: database attached and FTS initialized.
2026-06-20 18:23:37 - huginn - INFO - RetestWorkflow: database attached.
2026-06-20 18:23:52 - huginn - INFO - EngagementDatabase closed: C:\Users\allie\Coding Projects\huggin_suite\huginn\resources\engagements\dc13fe76-b8f6-4f00-b9f9-00a18fb0388e\engagement.db (5 connections)
2026-06-20 18:23:52 - huginn - INFO - EngagementDatabase connected: C:\Users\allie\Coding Projects\huggin_suite\huginn\resources\engagements\d30aaa11-deb6-431e-bbfc-4635b41b8e12\engagement.db (pool_size=5)
2026-06-20 18:23:52 - huginn - INFO - Engagement opened: d30aaa11-deb6-431e-bbfc-4635b41b8e12
2026-06-20 18:23:52 - huginn - INFO - NoteSystem: database attached and FTS initialized.
2026-06-20 18:23:52 - huginn - INFO - RetestWorkflow: database attached.
2026-06-20 18:24:23 - huginn - INFO - Using default configuration
2026-06-20 18:24:23 - huginn - INFO - DNS scan started - Target: fatcs,htb, Wordlist: subdomains-top1000.txt, Types: ['A', 'AAAA', 'CNAME', 'MX', 'TXT', 'NS', 'SRV']
2026-06-20 18:24:30 - huginn - INFO - DNS scan started - Target: fatcs.htb, Wordlist: subdomains-top1000.txt, Types: ['A', 'AAAA', 'CNAME', 'MX', 'TXT', 'NS', 'SRV']
2026-06-20 18:24:42 - huginn - INFO - VPN connection terminated
2026-06-20 18:24:42 - huginn - INFO - OpenVPN connection started with config: C:/Users/allie/Downloads/machines_au-1 (1).ovpn
2026-06-20 18:24:43 - huginn - DEBUG - OpenVPN: 2026-06-20 18:24:42 Note: --data-ciphers-fallback with cipher 'AES-128-CBC' disables data channel offload.
2026-06-20 18:24:43 - huginn - DEBUG - OpenVPN: 2026-06-20 18:24:42 OpenVPN 2.6.14 [git:none/0169b4ad2bb35d2c] Windows [SSL (OpenSSL)] [LZO] [LZ4] [PKCS11] [AEAD] [DCO] built on Jun 19 2025
2026-06-20 18:24:43 - huginn - DEBUG - OpenVPN: 2026-06-20 18:24:42 Windows version 10.0 (Windows 10 or greater), amd64 executable
2026-06-20 18:24:43 - huginn - DEBUG - OpenVPN: 2026-06-20 18:24:42 library versions: OpenSSL 3.5.0 8 Apr 2025, LZO 2.10
2026-06-20 18:24:43 - huginn - DEBUG - OpenVPN: 2026-06-20 18:24:42 DCO version: N/A
2026-06-20 18:24:43 - huginn - DEBUG - OpenVPN: 2026-06-20 18:24:42 TCP/UDP: Preserving recently used remote address: [AF_INET]206.148.40.161:1337
2026-06-20 18:24:43 - huginn - DEBUG - OpenVPN: 2026-06-20 18:24:42 Socket Buffers: R=[65536->65536] S=[65536->65536]
2026-06-20 18:24:43 - huginn - DEBUG - OpenVPN: 2026-06-20 18:24:42 UDPv4 link local: (not bound)
2026-06-20 18:24:43 - huginn - DEBUG - OpenVPN: 2026-06-20 18:24:42 UDPv4 link remote: [AF_INET]206.148.40.161:1337
2026-06-20 18:24:43 - huginn - DEBUG - OpenVPN: 2026-06-20 18:24:42 TLS: Initial packet from [AF_INET]206.148.40.161:1337, sid=c7a238a8 099b5785
2026-06-20 18:24:43 - huginn - DEBUG - OpenVPN: 2026-06-20 18:24:42 VERIFY OK: depth=2, C=GR, O=Hack The Box, OU=Systems, CN=HTB VPN: Root Certificate Authority
2026-06-20 18:24:43 - huginn - DEBUG - OpenVPN: 2026-06-20 18:24:42 VERIFY OK: depth=1, C=GR, O=Hack The Box, OU=Systems, CN=HTB VPN: au-free-1 Issuing CA
2026-06-20 18:24:43 - huginn - DEBUG - OpenVPN: 2026-06-20 18:24:42 VERIFY KU OK
2026-06-20 18:24:43 - huginn - DEBUG - OpenVPN: 2026-06-20 18:24:42 Validating certificate extended key usage
2026-06-20 18:24:43 - huginn - DEBUG - OpenVPN: 2026-06-20 18:24:42 ++ Certificate has EKU (str) TLS Web Client Authentication, expects TLS Web Server Authentication
2026-06-20 18:24:43 - huginn - DEBUG - OpenVPN: 2026-06-20 18:24:42 ++ Certificate has EKU (oid) 1.3.6.1.5.5.7.3.2, expects TLS Web Server Authentication
2026-06-20 18:24:43 - huginn - DEBUG - OpenVPN: 2026-06-20 18:24:42 ++ Certificate has EKU (str) TLS Web Server Authentication, expects TLS Web Server Authentication
2026-06-20 18:24:43 - huginn - DEBUG - OpenVPN: 2026-06-20 18:24:42 VERIFY EKU OK
2026-06-20 18:24:43 - huginn - DEBUG - OpenVPN: 2026-06-20 18:24:42 VERIFY OK: depth=0, C=GR, O=Hack The Box, OU=Systems, CN=au-free-1
2026-06-20 18:24:43 - huginn - DEBUG - OpenVPN: 2026-06-20 18:24:43 Control Channel: TLSv1.3, cipher TLSv1.3 TLS_AES_256_GCM_SHA384, peer certificate: 256 bits ED25519, signature: ED25519, peer temporary key: 253 bits X25519
2026-06-20 18:24:43 - huginn - DEBUG - OpenVPN: 2026-06-20 18:24:43 [au-free-1] Peer Connection Initiated with [AF_INET]206.148.40.161:1337
2026-06-20 18:24:43 - huginn - DEBUG - OpenVPN: 2026-06-20 18:24:43 TLS: move_session: dest=TM_ACTIVE src=TM_INITIAL reinit_src=1
2026-06-20 18:24:43 - huginn - DEBUG - OpenVPN: 2026-06-20 18:24:43 TLS: tls_multi_process: initial untrusted session promoted to trusted
2026-06-20 18:24:44 - huginn - DEBUG - OpenVPN: 2026-06-20 18:24:44 SENT CONTROL [au-free-1]: 'PUSH_REQUEST' (status=1)
2026-06-20 18:24:44 - huginn - DEBUG - OpenVPN: 2026-06-20 18:24:44 PUSH: Received control message: 'PUSH_REPLY,route 10.10.8.0 255.255.252.0,route 10.129.0.0 255.255.0.0,route-ipv6 dead:beef::/64,explicit-exit-notify,tun-ipv6,route-gateway 10.10.14.1,topology subnet,ping 10,ping-restart 120,ifconfig-ipv6 dead:beef:2::1010/64 dead:beef:2::1,ifconfig 10.10.14.18 255.255.254.0,peer-id 14,cipher AES-256-CBC,protocol-flags cc-exit tls-ekm dyn-tls-crypt,tun-mtu 1500'
2026-06-20 18:24:44 - huginn - INFO - VPN IP address assigned: 10.10.14.18
2026-06-20 18:24:44 - huginn - DEBUG - OpenVPN: 2026-06-20 18:24:44 OPTIONS IMPORT: --ifconfig/up options modified
2026-06-20 18:24:44 - huginn - DEBUG - OpenVPN: 2026-06-20 18:24:44 OPTIONS IMPORT: route options modified
2026-06-20 18:24:44 - huginn - DEBUG - OpenVPN: 2026-06-20 18:24:44 OPTIONS IMPORT: route-related options modified
2026-06-20 18:24:44 - huginn - DEBUG - OpenVPN: 2026-06-20 18:24:44 OPTIONS IMPORT: tun-mtu set to 1500
2026-06-20 18:24:44 - huginn - DEBUG - OpenVPN: 2026-06-20 18:24:44 interactive service msg_channel=0
2026-06-20 18:24:44 - huginn - DEBUG - OpenVPN: 2026-06-20 18:24:44 ROUTE_GATEWAY 192.168.1.1/255.255.255.0 I=23 HWADDR=88:d8:2e:79:0c:48
2026-06-20 18:24:44 - huginn - DEBUG - OpenVPN: 2026-06-20 18:24:44 GDG6: remote_host_ipv6=n/a
2026-06-20 18:24:44 - huginn - DEBUG - OpenVPN: 2026-06-20 18:24:44 NOTE: GetBestInterfaceEx returned error: Element not found.   (code=1168)
2026-06-20 18:24:44 - huginn - DEBUG - OpenVPN: 2026-06-20 18:24:44 ROUTE6: default_gateway=UNDEF
2026-06-20 18:24:44 - huginn - DEBUG - OpenVPN: 2026-06-20 18:24:44 open_tun
2026-06-20 18:24:44 - huginn - DEBUG - OpenVPN: 2026-06-20 18:24:44 tap-windows6 device [OpenVPN TAP-Windows6] opened
2026-06-20 18:24:44 - huginn - DEBUG - OpenVPN: 2026-06-20 18:24:44 TAP-Windows Driver Version 9.27
2026-06-20 18:24:44 - huginn - DEBUG - OpenVPN: 2026-06-20 18:24:44 Set TAP-Windows TUN subnet mode network/local/netmask = 10.10.14.0/10.10.14.18/255.255.254.0 [SUCCEEDED]
2026-06-20 18:24:44 - huginn - DEBUG - OpenVPN: 2026-06-20 18:24:44 Notified TAP-Windows driver to set a DHCP IP/netmask of 10.10.14.18/255.255.254.0 on interface {9624926F-3F6E-402F-BBEF-68BB8BB5B777} [DHCP-serv: 10.10.14.0, lease-time: 31536000]
2026-06-20 18:24:44 - huginn - DEBUG - OpenVPN: 2026-06-20 18:24:44 Successful ARP Flush on interface [18] {9624926F-3F6E-402F-BBEF-68BB8BB5B777}
2026-06-20 18:24:44 - huginn - DEBUG - OpenVPN: 2026-06-20 18:24:44 IPv4 MTU set to 1500 on interface 18 using SetIpInterfaceEntry()
2026-06-20 18:24:44 - huginn - DEBUG - OpenVPN: 2026-06-20 18:24:44 NETSH: C:\WINDOWS\system32\netsh.exe interface ipv6 set address 18 dead:beef:2::1010/128 store=active
2026-06-20 18:24:44 - huginn - DEBUG - OpenVPN: 2026-06-20 18:24:44 add_route_ipv6(dead:beef:2::/64 -> dead:beef:2::1010 metric 0) IF 18
2026-06-20 18:24:44 - huginn - DEBUG - OpenVPN: 2026-06-20 18:24:44 IPv6 route addition using ipapi failed because route exists
2026-06-20 18:24:44 - huginn - DEBUG - OpenVPN: 2026-06-20 18:24:44 NETSH: C:\WINDOWS\system32\netsh.exe interface ipv6 delete dns 18 all
2026-06-20 18:24:44 - huginn - DEBUG - OpenVPN: 2026-06-20 18:24:44 IPv6 MTU set to 1500 on interface 18 using SetIpInterfaceEntry()
2026-06-20 18:24:44 - huginn - DEBUG - OpenVPN: 2026-06-20 18:24:44 Data Channel: cipher 'AES-256-CBC', auth 'SHA256', peer-id: 14, compression: 'lzo'
2026-06-20 18:24:44 - huginn - DEBUG - OpenVPN: 2026-06-20 18:24:44 Timers: ping 10, ping-restart 120
2026-06-20 18:24:44 - huginn - DEBUG - OpenVPN: 2026-06-20 18:24:44 Protocol options: explicit-exit-notify 1, protocol-flags cc-exit tls-ekm dyn-tls-crypt
2026-06-20 18:24:49 - huginn - DEBUG - OpenVPN: 2026-06-20 18:24:49 TEST ROUTES: 2/2 succeeded len=2 ret=1 a=0 u/d=up
2026-06-20 18:24:49 - huginn - DEBUG - OpenVPN: 2026-06-20 18:24:49 C:\WINDOWS\system32\route.exe ADD 10.10.8.0 MASK 255.255.252.0 10.10.14.1
2026-06-20 18:24:49 - huginn - DEBUG - OpenVPN: 2026-06-20 18:24:49 Route addition via ipapi [adaptive] failed because route exists
2026-06-20 18:24:49 - huginn - DEBUG - OpenVPN: 2026-06-20 18:24:49 C:\WINDOWS\system32\route.exe ADD 10.129.0.0 MASK 255.255.0.0 10.10.14.1
2026-06-20 18:24:49 - huginn - DEBUG - OpenVPN: 2026-06-20 18:24:49 Route addition via ipapi [adaptive] failed because route exists
2026-06-20 18:24:49 - huginn - DEBUG - OpenVPN: 2026-06-20 18:24:49 add_route_ipv6(dead:beef::/64 -> dead:beef:2::1 metric -1) IF 18
2026-06-20 18:24:49 - huginn - DEBUG - OpenVPN: 2026-06-20 18:24:49 IPv6 route addition using ipapi failed because route exists
2026-06-20 18:24:49 - huginn - DEBUG - OpenVPN: 2026-06-20 18:24:49 Initialization Sequence Completed
2026-06-20 18:24:49 - huginn - INFO - Local DNS server started on port 53530
2026-06-20 18:24:53 - huginn - INFO - DNS server changed to: LocalDNS
2026-06-20 18:24:56 - huginn - INFO - DNS scan started - Target: fatcs.htb, Wordlist: subdomains-top1000.txt, Types: ['A', 'AAAA', 'CNAME', 'MX', 'TXT', 'NS', 'SRV']
2026-06-20 18:24:58 - huginn - INFO - DNS scan completed - Target: fatcs.htb, Results: 0
2026-06-20 18:25:03 - huginn - INFO - DNS scan started - Target: fatcs.htb, Wordlist: subdomains-top1000.txt, Types: ['A', 'AAAA', 'CNAME', 'MX', 'TXT', 'NS', 'SRV']
2026-06-20 18:25:05 - huginn - INFO - DNS scan started - Target: fatcs.htb, Wordlist: subdomains-top1000.txt, Types: ['A', 'AAAA', 'CNAME', 'MX', 'TXT', 'NS', 'SRV']
2026-06-20 18:25:06 - huginn - INFO - DNS scan completed - Target: fatcs.htb, Results: 0
2026-06-20 18:25:19 - huginn - DEBUG - Suppressed exception
Traceback (most recent call last):
  File "C:\Users\allie\Coding Projects\huggin_suite\huginn\app\core\dns_resolver.py", line 14, in resolve_hostname
    ipaddress.ip_address(hostname)
    ~~~~~~~~~~~~~~~~~~~~^^^^^^^^^^
  File "C:\Users\allie\anaconda3\Lib\ipaddress.py", line 54, in ip_address
    raise ValueError(f'{address!r} does not appear to be an IPv4 or IPv6 address')
ValueError: 'facts.htb' does not appear to be an IPv4 or IPv6 address
2026-06-20 18:25:22 - huginn - DEBUG - Suppressed exception
Traceback (most recent call last):
  File "C:\Users\allie\anaconda3\Lib\base64.py", line 37, in _bytes_from_decode_data
    return s.encode('ascii')
           ~~~~~~~~^^^^^^^^^
UnicodeEncodeError: 'ascii' codec can't encode characters in position 10269-10273: ordinal not in range(128)

During handling of the above exception, another exception occurred:

Traceback (most recent call last):
  File "C:\Users\allie\Coding Projects\huggin_suite\huginn\app\tools\http_fingerprint.py", line 859, in test_lfi_account_detection
    content = base64.b64decode(response.text).decode('utf-8', errors='ignore')
              ~~~~~~~~~~~~~~~~^^^^^^^^^^^^^^^
  File "C:\Users\allie\anaconda3\Lib\base64.py", line 83, in b64decode
    s = _bytes_from_decode_data(s)
  File "C:\Users\allie\anaconda3\Lib\base64.py", line 39, in _bytes_from_decode_data
    raise ValueError('string argument should contain only ASCII characters')
ValueError: string argument should contain only ASCII characters
2026-06-20 18:25:22 - huginn - DEBUG - Suppressed exception
Traceback (most recent call last):
  File "C:\Users\allie\anaconda3\Lib\base64.py", line 37, in _bytes_from_decode_data
    return s.encode('ascii')
           ~~~~~~~~^^^^^^^^^
UnicodeEncodeError: 'ascii' codec can't encode characters in position 10269-10273: ordinal not in range(128)

During handling of the above exception, another exception occurred:

Traceback (most recent call last):
  File "C:\Users\allie\Coding Projects\huggin_suite\huginn\app\tools\http_fingerprint.py", line 859, in test_lfi_account_detection
    content = base64.b64decode(response.text).decode('utf-8', errors='ignore')
              ~~~~~~~~~~~~~~~~^^^^^^^^^^^^^^^
  File "C:\Users\allie\anaconda3\Lib\base64.py", line 83, in b64decode
    s = _bytes_from_decode_data(s)
  File "C:\Users\allie\anaconda3\Lib\base64.py", line 39, in _bytes_from_decode_data
    raise ValueError('string argument should contain only ASCII characters')
ValueError: string argument should contain only ASCII characters
2026-06-20 18:25:23 - huginn - DEBUG - Suppressed exception
Traceback (most recent call last):
  File "C:\Users\allie\Coding Projects\huggin_suite\huginn\app\tools\http_fingerprint.py", line 859, in test_lfi_account_detection
    content = base64.b64decode(response.text).decode('utf-8', errors='ignore')
              ~~~~~~~~~~~~~~~~^^^^^^^^^^^^^^^
  File "C:\Users\allie\anaconda3\Lib\base64.py", line 88, in b64decode
    return binascii.a2b_base64(s, strict_mode=validate)
           ~~~~~~~~~~~~~~~~~~~^^^^^^^^^^^^^^^^^^^^^^^^^
binascii.Error: Invalid base64-encoded string: number of data characters (21) cannot be 1 more than a multiple of 4
2026-06-20 18:25:23 - huginn - DEBUG - Suppressed exception
Traceback (most recent call last):
  File "C:\Users\allie\Coding Projects\huggin_suite\huginn\app\tools\http_fingerprint.py", line 859, in test_lfi_account_detection
    content = base64.b64decode(response.text).decode('utf-8', errors='ignore')
              ~~~~~~~~~~~~~~~~^^^^^^^^^^^^^^^
  File "C:\Users\allie\anaconda3\Lib\base64.py", line 88, in b64decode
    return binascii.a2b_base64(s, strict_mode=validate)
           ~~~~~~~~~~~~~~~~~~~^^^^^^^^^^^^^^^^^^^^^^^^^
binascii.Error: Invalid base64-encoded string: number of data characters (21) cannot be 1 more than a multiple of 4
2026-06-20 18:25:23 - huginn - DEBUG - Suppressed exception
Traceback (most recent call last):
  File "C:\Users\allie\Coding Projects\huggin_suite\huginn\app\tools\http_fingerprint.py", line 859, in test_lfi_account_detection
    content = base64.b64decode(response.text).decode('utf-8', errors='ignore')
              ~~~~~~~~~~~~~~~~^^^^^^^^^^^^^^^
  File "C:\Users\allie\anaconda3\Lib\base64.py", line 88, in b64decode
    return binascii.a2b_base64(s, strict_mode=validate)
           ~~~~~~~~~~~~~~~~~~~^^^^^^^^^^^^^^^^^^^^^^^^^
binascii.Error: Invalid base64-encoded string: number of data characters (21) cannot be 1 more than a multiple of 4
2026-06-20 18:30:19 - huginn - DEBUG - Suppressed exception
Traceback (most recent call last):
  File "C:\Users\allie\Coding Projects\huggin_suite\huginn\app\core\dns_resolver.py", line 14, in resolve_hostname
    ipaddress.ip_address(hostname)
    ~~~~~~~~~~~~~~~~~~~~^^^^^^^^^^
  File "C:\Users\allie\anaconda3\Lib\ipaddress.py", line 54, in ip_address
    raise ValueError(f'{address!r} does not appear to be an IPv4 or IPv6 address')
ValueError: 'facts.htb' does not appear to be an IPv4 or IPv6 address
2026-06-20 18:30:22 - huginn - DEBUG - Suppressed exception
Traceback (most recent call last):
  File "C:\Users\allie\anaconda3\Lib\base64.py", line 37, in _bytes_from_decode_data
    return s.encode('ascii')
           ~~~~~~~~^^^^^^^^^
UnicodeEncodeError: 'ascii' codec can't encode characters in position 10269-10273: ordinal not in range(128)

During handling of the above exception, another exception occurred:

Traceback (most recent call last):
  File "C:\Users\allie\Coding Projects\huggin_suite\huginn\app\tools\http_fingerprint.py", line 859, in test_lfi_account_detection
    content = base64.b64decode(response.text).decode('utf-8', errors='ignore')
              ~~~~~~~~~~~~~~~~^^^^^^^^^^^^^^^
  File "C:\Users\allie\anaconda3\Lib\base64.py", line 83, in b64decode
    s = _bytes_from_decode_data(s)
  File "C:\Users\allie\anaconda3\Lib\base64.py", line 39, in _bytes_from_decode_data
    raise ValueError('string argument should contain only ASCII characters')
ValueError: string argument should contain only ASCII characters
2026-06-20 18:30:22 - huginn - DEBUG - Suppressed exception
Traceback (most recent call last):
  File "C:\Users\allie\anaconda3\Lib\base64.py", line 37, in _bytes_from_decode_data
    return s.encode('ascii')
           ~~~~~~~~^^^^^^^^^
UnicodeEncodeError: 'ascii' codec can't encode characters in position 10269-10273: ordinal not in range(128)

During handling of the above exception, another exception occurred:

Traceback (most recent call last):
  File "C:\Users\allie\Coding Projects\huggin_suite\huginn\app\tools\http_fingerprint.py", line 859, in test_lfi_account_detection
    content = base64.b64decode(response.text).decode('utf-8', errors='ignore')
              ~~~~~~~~~~~~~~~~^^^^^^^^^^^^^^^
  File "C:\Users\allie\anaconda3\Lib\base64.py", line 83, in b64decode
    s = _bytes_from_decode_data(s)
  File "C:\Users\allie\anaconda3\Lib\base64.py", line 39, in _bytes_from_decode_data
    raise ValueError('string argument should contain only ASCII characters')
ValueError: string argument should contain only ASCII characters
2026-06-20 18:30:22 - huginn - DEBUG - Suppressed exception
Traceback (most recent call last):
  File "C:\Users\allie\Coding Projects\huggin_suite\huginn\app\tools\http_fingerprint.py", line 859, in test_lfi_account_detection
    content = base64.b64decode(response.text).decode('utf-8', errors='ignore')
              ~~~~~~~~~~~~~~~~^^^^^^^^^^^^^^^
  File "C:\Users\allie\anaconda3\Lib\base64.py", line 88, in b64decode
    return binascii.a2b_base64(s, strict_mode=validate)
           ~~~~~~~~~~~~~~~~~~~^^^^^^^^^^^^^^^^^^^^^^^^^
binascii.Error: Invalid base64-encoded string: number of data characters (21) cannot be 1 more than a multiple of 4
2026-06-20 18:30:23 - huginn - DEBUG - Suppressed exception
Traceback (most recent call last):
  File "C:\Users\allie\Coding Projects\huggin_suite\huginn\app\tools\http_fingerprint.py", line 859, in test_lfi_account_detection
    content = base64.b64decode(response.text).decode('utf-8', errors='ignore')
              ~~~~~~~~~~~~~~~~^^^^^^^^^^^^^^^
  File "C:\Users\allie\anaconda3\Lib\base64.py", line 88, in b64decode
    return binascii.a2b_base64(s, strict_mode=validate)
           ~~~~~~~~~~~~~~~~~~~^^^^^^^^^^^^^^^^^^^^^^^^^
binascii.Error: Invalid base64-encoded string: number of data characters (21) cannot be 1 more than a multiple of 4
2026-06-20 18:30:23 - huginn - DEBUG - Suppressed exception
Traceback (most recent call last):
  File "C:\Users\allie\Coding Projects\huggin_suite\huginn\app\tools\http_fingerprint.py", line 859, in test_lfi_account_detection
    content = base64.b64decode(response.text).decode('utf-8', errors='ignore')
              ~~~~~~~~~~~~~~~~^^^^^^^^^^^^^^^
  File "C:\Users\allie\anaconda3\Lib\base64.py", line 88, in b64decode
    return binascii.a2b_base64(s, strict_mode=validate)
           ~~~~~~~~~~~~~~~~~~~^^^^^^^^^^^^^^^^^^^^^^^^^
binascii.Error: Invalid base64-encoded string: number of data characters (21) cannot be 1 more than a multiple of 4
2026-06-20 18:31:16 - huginn - INFO - DNS scan started - Target: fatcs.htb, Wordlist: subdomains-top1000.txt, Types: ['A', 'AAAA', 'CNAME', 'MX', 'TXT', 'NS', 'SRV']
2026-06-20 18:32:02 - huginn - INFO - DNS scan started - Target: fatcs.htb, Wordlist: subdomains-top1000.txt, Types: ['A', 'AAAA', 'CNAME', 'MX', 'TXT', 'NS', 'SRV']
2026-06-20 18:32:04 - huginn - INFO - DNS scan completed - Target: fatcs.htb, Results: 0
2026-06-20 18:32:46 - huginn - DEBUG - Suppressed exception
Traceback (most recent call last):
  File "C:\Users\allie\Coding Projects\huggin_suite\huginn\app\core\dns_resolver.py", line 14, in resolve_hostname
    ipaddress.ip_address(hostname)
    ~~~~~~~~~~~~~~~~~~~~^^^^^^^^^^
  File "C:\Users\allie\anaconda3\Lib\ipaddress.py", line 54, in ip_address
    raise ValueError(f'{address!r} does not appear to be an IPv4 or IPv6 address')
ValueError: 'facts.htb' does not appear to be an IPv4 or IPv6 address
2026-06-20 18:33:00 - huginn - DEBUG - Suppressed exception
Traceback (most recent call last):
  File "C:\Users\allie\Coding Projects\huggin_suite\huginn\app\core\dns_resolver.py", line 14, in resolve_hostname
    ipaddress.ip_address(hostname)
    ~~~~~~~~~~~~~~~~~~~~^^^^^^^^^^
  File "C:\Users\allie\anaconda3\Lib\ipaddress.py", line 54, in ip_address
    raise ValueError(f'{address!r} does not appear to be an IPv4 or IPv6 address')
ValueError: 'facts.htb' does not appear to be an IPv4 or IPv6 address
2026-06-20 18:33:07 - huginn - DEBUG - Suppressed exception
Traceback (most recent call last):
  File "C:\Users\allie\Coding Projects\huggin_suite\huginn\app\core\dns_resolver.py", line 14, in resolve_hostname
    ipaddress.ip_address(hostname)
    ~~~~~~~~~~~~~~~~~~~~^^^^^^^^^^
  File "C:\Users\allie\anaconda3\Lib\ipaddress.py", line 54, in ip_address
    raise ValueError(f'{address!r} does not appear to be an IPv4 or IPv6 address')
ValueError: 'facts.htb' does not appear to be an IPv4 or IPv6 address
2026-06-20 18:33:12 - huginn - DEBUG - Suppressed exception
Traceback (most recent call last):
  File "C:\Users\allie\AppData\Roaming\Python\Python313\site-packages\urllib3\connection.py", line 198, in _new_conn
    sock = connection.create_connection(
        (self._dns_host, self.port),
    ...<2 lines>...
        socket_options=self.socket_options,
    )
  File "C:\Users\allie\AppData\Roaming\Python\Python313\site-packages\urllib3\util\connection.py", line 85, in create_connection
    raise err
  File "C:\Users\allie\AppData\Roaming\Python\Python313\site-packages\urllib3\util\connection.py", line 73, in create_connection
    sock.connect(sa)
    ~~~~~~~~~~~~^^^^
TimeoutError: timed out

The above exception was the direct cause of the following exception:

Traceback (most recent call last):
  File "C:\Users\allie\AppData\Roaming\Python\Python313\site-packages\urllib3\connectionpool.py", line 787, in urlopen
    response = self._make_request(
        conn,
    ...<10 lines>...
        **response_kw,
    )
  File "C:\Users\allie\AppData\Roaming\Python\Python313\site-packages\urllib3\connectionpool.py", line 493, in _make_request
    conn.request(
    ~~~~~~~~~~~~^
        method,
        ^^^^^^^
    ...<6 lines>...
        enforce_content_length=enforce_content_length,
        ^^^^^^^^^^^^^^^^^^^^^^^^^^^^^^^^^^^^^^^^^^^^^^
    )
    ^
  File "C:\Users\allie\AppData\Roaming\Python\Python313\site-packages\urllib3\connection.py", line 494, in request
    self.endheaders()
    ~~~~~~~~~~~~~~~^^
  File "C:\Users\allie\anaconda3\Lib\http\client.py", line 1333, in endheaders
    self._send_output(message_body, encode_chunked=encode_chunked)
    ~~~~~~~~~~~~~~~~~^^^^^^^^^^^^^^^^^^^^^^^^^^^^^^^^^^^^^^^^^^^^^
  File "C:\Users\allie\anaconda3\Lib\http\client.py", line 1093, in _send_output
    self.send(msg)
    ~~~~~~~~~^^^^^
  File "C:\Users\allie\anaconda3\Lib\http\client.py", line 1037, in send
    self.connect()
    ~~~~~~~~~~~~^^
  File "C:\Users\allie\AppData\Roaming\Python\Python313\site-packages\urllib3\connection.py", line 325, in connect
    self.sock = self._new_conn()
                ~~~~~~~~~~~~~~^^
  File "C:\Users\allie\AppData\Roaming\Python\Python313\site-packages\urllib3\connection.py", line 207, in _new_conn
    raise ConnectTimeoutError(
    ...<2 lines>...
    ) from e
urllib3.exceptions.ConnectTimeoutError: (<urllib3.connection.HTTPConnection object at 0x000001EC3826E8D0>, 'Connection to facts.htb timed out. (connect timeout=5)')

The above exception was the direct cause of the following exception:

Traceback (most recent call last):
  File "C:\Users\allie\AppData\Roaming\Python\Python313\site-packages\requests\adapters.py", line 667, in send
    resp = conn.urlopen(
        method=request.method,
    ...<9 lines>...
        chunked=chunked,
    )
  File "C:\Users\allie\AppData\Roaming\Python\Python313\site-packages\urllib3\connectionpool.py", line 841, in urlopen
    retries = retries.increment(
        method, url, error=new_e, _pool=self, _stacktrace=sys.exc_info()[2]
    )
  File "C:\Users\allie\AppData\Roaming\Python\Python313\site-packages\urllib3\util\retry.py", line 519, in increment
    raise MaxRetryError(_pool, url, reason) from reason  # type: ignore[arg-type]
    ^^^^^^^^^^^^^^^^^^^^^^^^^^^^^^^^^^^^^^^^^^^^^^^^^^^
urllib3.exceptions.MaxRetryError: HTTPConnectionPool(host='facts.htb', port=80): Max retries exceeded with url: /uwabvrbcjspbgyz.txt (Caused by ConnectTimeoutError(<urllib3.connection.HTTPConnection object at 0x000001EC3826E8D0>, 'Connection to facts.htb timed out. (connect timeout=5)'))

During handling of the above exception, another exception occurred:

Traceback (most recent call last):
  File "C:\Users\allie\Coding Projects\huggin_suite\huginn\app\tools\http_scanner.py", line 1051, in _check_source_files
    test_response = session.get(test_url, timeout=5)
  File "C:\Users\allie\AppData\Roaming\Python\Python313\site-packages\requests\sessions.py", line 602, in get
    return self.request("GET", url, **kwargs)
           ~~~~~~~~~~~~^^^^^^^^^^^^^^^^^^^^^^
  File "C:\Users\allie\AppData\Roaming\Python\Python313\site-packages\requests\sessions.py", line 589, in request
    resp = self.send(prep, **send_kwargs)
  File "C:\Users\allie\AppData\Roaming\Python\Python313\site-packages\requests\sessions.py", line 703, in send
    r = adapter.send(request, **kwargs)
  File "C:\Users\allie\AppData\Roaming\Python\Python313\site-packages\requests\adapters.py", line 688, in send
    raise ConnectTimeout(e, request=request)
requests.exceptions.ConnectTimeout: HTTPConnectionPool(host='facts.htb', port=80): Max retries exceeded with url: /uwabvrbcjspbgyz.txt (Caused by ConnectTimeoutError(<urllib3.connection.HTTPConnection object at 0x000001EC3826E8D0>, 'Connection to facts.htb timed out. (connect timeout=5)'))
2026-06-20 18:37:43 - huginn - DEBUG - Suppressed exception
Traceback (most recent call last):
  File "C:\Users\allie\Coding Projects\huggin_suite\huginn\app\core\dns_resolver.py", line 14, in resolve_hostname
    ipaddress.ip_address(hostname)
    ~~~~~~~~~~~~~~~~~~~~^^^^^^^^^^
  File "C:\Users\allie\anaconda3\Lib\ipaddress.py", line 54, in ip_address
    raise ValueError(f'{address!r} does not appear to be an IPv4 or IPv6 address')
ValueError: 'facts.htb' does not appear to be an IPv4 or IPv6 address
2026-06-20 18:37:43 - huginn - DEBUG - Suppressed exception
Traceback (most recent call last):
  File "C:\Users\allie\Coding Projects\huggin_suite\huginn\app\core\dns_resolver.py", line 14, in resolve_hostname
    ipaddress.ip_address(hostname)
    ~~~~~~~~~~~~~~~~~~~~^^^^^^^^^^
  File "C:\Users\allie\anaconda3\Lib\ipaddress.py", line 54, in ip_address
    raise ValueError(f'{address!r} does not appear to be an IPv4 or IPv6 address')
ValueError: 'facts.htb' does not appear to be an IPv4 or IPv6 address
2026-06-20 18:38:30 - huginn - DEBUG - Suppressed exception
Traceback (most recent call last):
  File "C:\Users\allie\Coding Projects\huggin_suite\huginn\app\core\dns_resolver.py", line 14, in resolve_hostname
    ipaddress.ip_address(hostname)
    ~~~~~~~~~~~~~~~~~~~~^^^^^^^^^^
  File "C:\Users\allie\anaconda3\Lib\ipaddress.py", line 54, in ip_address
    raise ValueError(f'{address!r} does not appear to be an IPv4 or IPv6 address')
ValueError: 'facts.htb' does not appear to be an IPv4 or IPv6 address
2026-06-20 18:40:33 - huginn - DEBUG - Suppressed exception
Traceback (most recent call last):
  File "C:\Users\allie\Coding Projects\huggin_suite\huginn\app\core\dns_resolver.py", line 14, in resolve_hostname
    ipaddress.ip_address(hostname)
    ~~~~~~~~~~~~~~~~~~~~^^^^^^^^^^
  File "C:\Users\allie\anaconda3\Lib\ipaddress.py", line 54, in ip_address
    raise ValueError(f'{address!r} does not appear to be an IPv4 or IPv6 address')
ValueError: 'facts.htb' does not appear to be an IPv4 or IPv6 address
2026-06-20 18:49:14 - huginn - DEBUG - Suppressed exception
Traceback (most recent call last):
  File "C:\Users\allie\Coding Projects\huggin_suite\huginn\app\core\dns_resolver.py", line 14, in resolve_hostname
    ipaddress.ip_address(hostname)
    ~~~~~~~~~~~~~~~~~~~~^^^^^^^^^^
  File "C:\Users\allie\anaconda3\Lib\ipaddress.py", line 54, in ip_address
    raise ValueError(f'{address!r} does not appear to be an IPv4 or IPv6 address')
ValueError: 'facts.htb' does not appear to be an IPv4 or IPv6 address
2026-06-20 18:50:38 - huginn - DEBUG - Suppressed exception
Traceback (most recent call last):
  File "C:\Users\allie\Coding Projects\huggin_suite\huginn\app\core\dns_resolver.py", line 14, in resolve_hostname
    ipaddress.ip_address(hostname)
    ~~~~~~~~~~~~~~~~~~~~^^^^^^^^^^
  File "C:\Users\allie\anaconda3\Lib\ipaddress.py", line 54, in ip_address
    raise ValueError(f'{address!r} does not appear to be an IPv4 or IPv6 address')
ValueError: 'facts.htb' does not appear to be an IPv4 or IPv6 address
2026-06-20 19:20:58 - huginn - DEBUG - OpenVPN: 2026-06-20 19:20:58 VERIFY OK: depth=2, C=GR, O=Hack The Box, OU=Systems, CN=HTB VPN: Root Certificate Authority
2026-06-20 19:20:58 - huginn - DEBUG - OpenVPN: 2026-06-20 19:20:58 VERIFY OK: depth=1, C=GR, O=Hack The Box, OU=Systems, CN=HTB VPN: au-free-1 Issuing CA
2026-06-20 19:20:58 - huginn - DEBUG - OpenVPN: 2026-06-20 19:20:58 VERIFY KU OK
2026-06-20 19:20:58 - huginn - DEBUG - OpenVPN: 2026-06-20 19:20:58 Validating certificate extended key usage
2026-06-20 19:20:58 - huginn - DEBUG - OpenVPN: 2026-06-20 19:20:58 ++ Certificate has EKU (str) TLS Web Client Authentication, expects TLS Web Server Authentication
2026-06-20 19:20:58 - huginn - DEBUG - OpenVPN: 2026-06-20 19:20:58 ++ Certificate has EKU (oid) 1.3.6.1.5.5.7.3.2, expects TLS Web Server Authentication
2026-06-20 19:20:58 - huginn - DEBUG - OpenVPN: 2026-06-20 19:20:58 ++ Certificate has EKU (str) TLS Web Server Authentication, expects TLS Web Server Authentication
2026-06-20 19:20:58 - huginn - DEBUG - OpenVPN: 2026-06-20 19:20:58 VERIFY EKU OK
2026-06-20 19:20:58 - huginn - DEBUG - OpenVPN: 2026-06-20 19:20:58 VERIFY OK: depth=0, C=GR, O=Hack The Box, OU=Systems, CN=au-free-1
2026-06-20 19:20:59 - huginn - DEBUG - OpenVPN: 2026-06-20 19:20:59 Control Channel: TLSv1.3, cipher TLSv1.3 TLS_AES_256_GCM_SHA384, peer certificate: 256 bits ED25519, signature: ED25519, peer temporary key: 253 bits X25519
2026-06-20 20:17:14 - huginn - DEBUG - OpenVPN: 2026-06-20 20:17:14 VERIFY OK: depth=2, C=GR, O=Hack The Box, OU=Systems, CN=HTB VPN: Root Certificate Authority
2026-06-20 20:17:14 - huginn - DEBUG - OpenVPN: 2026-06-20 20:17:14 VERIFY OK: depth=1, C=GR, O=Hack The Box, OU=Systems, CN=HTB VPN: au-free-1 Issuing CA
2026-06-20 20:17:14 - huginn - DEBUG - OpenVPN: 2026-06-20 20:17:14 VERIFY KU OK
2026-06-20 20:17:14 - huginn - DEBUG - OpenVPN: 2026-06-20 20:17:14 Validating certificate extended key usage
2026-06-20 20:17:14 - huginn - DEBUG - OpenVPN: 2026-06-20 20:17:14 ++ Certificate has EKU (str) TLS Web Client Authentication, expects TLS Web Server Authentication
2026-06-20 20:17:14 - huginn - DEBUG - OpenVPN: 2026-06-20 20:17:14 ++ Certificate has EKU (oid) 1.3.6.1.5.5.7.3.2, expects TLS Web Server Authentication
2026-06-20 20:17:14 - huginn - DEBUG - OpenVPN: 2026-06-20 20:17:14 ++ Certificate has EKU (str) TLS Web Server Authentication, expects TLS Web Server Authentication
2026-06-20 20:17:14 - huginn - DEBUG - OpenVPN: 2026-06-20 20:17:14 VERIFY EKU OK
2026-06-20 20:17:14 - huginn - DEBUG - OpenVPN: 2026-06-20 20:17:14 VERIFY OK: depth=0, C=GR, O=Hack The Box, OU=Systems, CN=au-free-1
2026-06-20 20:17:16 - huginn - DEBUG - OpenVPN: 2026-06-20 20:17:15 Control Channel: TLSv1.3, cipher TLSv1.3 TLS_AES_256_GCM_SHA384, peer certificate: 256 bits ED25519, signature: ED25519, peer temporary key: 253 bits X25519
2026-06-20 21:13:31 - huginn - DEBUG - OpenVPN: 2026-06-20 21:13:31 VERIFY OK: depth=2, C=GR, O=Hack The Box, OU=Systems, CN=HTB VPN: Root Certificate Authority
2026-06-20 21:13:31 - huginn - DEBUG - OpenVPN: 2026-06-20 21:13:31 VERIFY OK: depth=1, C=GR, O=Hack The Box, OU=Systems, CN=HTB VPN: au-free-1 Issuing CA
2026-06-20 21:13:31 - huginn - DEBUG - OpenVPN: 2026-06-20 21:13:31 VERIFY KU OK
2026-06-20 21:13:31 - huginn - DEBUG - OpenVPN: 2026-06-20 21:13:31 Validating certificate extended key usage
2026-06-20 21:13:31 - huginn - DEBUG - OpenVPN: 2026-06-20 21:13:31 ++ Certificate has EKU (str) TLS Web Client Authentication, expects TLS Web Server Authentication
2026-06-20 21:13:31 - huginn - DEBUG - OpenVPN: 2026-06-20 21:13:31 ++ Certificate has EKU (oid) 1.3.6.1.5.5.7.3.2, expects TLS Web Server Authentication
2026-06-20 21:13:31 - huginn - DEBUG - OpenVPN: 2026-06-20 21:13:31 ++ Certificate has EKU (str) TLS Web Server Authentication, expects TLS Web Server Authentication
2026-06-20 21:13:31 - huginn - DEBUG - OpenVPN: 2026-06-20 21:13:31 VERIFY EKU OK
2026-06-20 21:13:31 - huginn - DEBUG - OpenVPN: 2026-06-20 21:13:31 VERIFY OK: depth=0, C=GR, O=Hack The Box, OU=Systems, CN=au-free-1
2026-06-20 21:13:33 - huginn - DEBUG - OpenVPN: 2026-06-20 21:13:32 Control Channel: TLSv1.3, cipher TLSv1.3 TLS_AES_256_GCM_SHA384, peer certificate: 256 bits ED25519, signature: ED25519, peer temporary key: 253 bits X25519
2026-06-20 22:09:48 - huginn - DEBUG - OpenVPN: 2026-06-20 22:09:47 VERIFY OK: depth=2, C=GR, O=Hack The Box, OU=Systems, CN=HTB VPN: Root Certificate Authority
2026-06-20 22:09:48 - huginn - DEBUG - OpenVPN: 2026-06-20 22:09:47 VERIFY OK: depth=1, C=GR, O=Hack The Box, OU=Systems, CN=HTB VPN: au-free-1 Issuing CA
2026-06-20 22:09:48 - huginn - DEBUG - OpenVPN: 2026-06-20 22:09:47 VERIFY KU OK
2026-06-20 22:09:48 - huginn - DEBUG - OpenVPN: 2026-06-20 22:09:47 Validating certificate extended key usage
2026-06-20 22:09:48 - huginn - DEBUG - OpenVPN: 2026-06-20 22:09:47 ++ Certificate has EKU (str) TLS Web Client Authentication, expects TLS Web Server Authentication
2026-06-20 22:09:48 - huginn - DEBUG - OpenVPN: 2026-06-20 22:09:47 ++ Certificate has EKU (oid) 1.3.6.1.5.5.7.3.2, expects TLS Web Server Authentication
2026-06-20 22:09:48 - huginn - DEBUG - OpenVPN: 2026-06-20 22:09:47 ++ Certificate has EKU (str) TLS Web Server Authentication, expects TLS Web Server Authentication
2026-06-20 22:09:48 - huginn - DEBUG - OpenVPN: 2026-06-20 22:09:47 VERIFY EKU OK
2026-06-20 22:09:48 - huginn - DEBUG - OpenVPN: 2026-06-20 22:09:47 VERIFY OK: depth=0, C=GR, O=Hack The Box, OU=Systems, CN=au-free-1
2026-06-20 22:09:49 - huginn - DEBUG - OpenVPN: 2026-06-20 22:09:49 Control Channel: TLSv1.3, cipher TLSv1.3 TLS_AES_256_GCM_SHA384, peer certificate: 256 bits ED25519, signature: ED25519, peer temporary key: 253 bits X25519
2026-06-20 23:06:05 - huginn - DEBUG - OpenVPN: 2026-06-20 23:06:05 VERIFY OK: depth=2, C=GR, O=Hack The Box, OU=Systems, CN=HTB VPN: Root Certificate Authority
2026-06-20 23:06:05 - huginn - DEBUG - OpenVPN: 2026-06-20 23:06:05 VERIFY OK: depth=1, C=GR, O=Hack The Box, OU=Systems, CN=HTB VPN: au-free-1 Issuing CA
2026-06-20 23:06:05 - huginn - DEBUG - OpenVPN: 2026-06-20 23:06:05 VERIFY KU OK
2026-06-20 23:06:05 - huginn - DEBUG - OpenVPN: 2026-06-20 23:06:05 Validating certificate extended key usage
2026-06-20 23:06:05 - huginn - DEBUG - OpenVPN: 2026-06-20 23:06:05 ++ Certificate has EKU (str) TLS Web Client Authentication, expects TLS Web Server Authentication
2026-06-20 23:06:05 - huginn - DEBUG - OpenVPN: 2026-06-20 23:06:05 ++ Certificate has EKU (oid) 1.3.6.1.5.5.7.3.2, expects TLS Web Server Authentication
2026-06-20 23:06:05 - huginn - DEBUG - OpenVPN: 2026-06-20 23:06:05 ++ Certificate has EKU (str) TLS Web Server Authentication, expects TLS Web Server Authentication
2026-06-20 23:06:05 - huginn - DEBUG - OpenVPN: 2026-06-20 23:06:05 VERIFY EKU OK
2026-06-20 23:06:05 - huginn - DEBUG - OpenVPN: 2026-06-20 23:06:05 VERIFY OK: depth=0, C=GR, O=Hack The Box, OU=Systems, CN=au-free-1
2026-06-20 23:06:07 - huginn - DEBUG - OpenVPN: 2026-06-20 23:06:07 Control Channel: TLSv1.3, cipher TLSv1.3 TLS_AES_256_GCM_SHA384, peer certificate: 256 bits ED25519, signature: ED25519, peer temporary key: 253 bits X25519
2026-06-21 00:02:22 - huginn - DEBUG - OpenVPN: 2026-06-21 00:02:22 VERIFY OK: depth=2, C=GR, O=Hack The Box, OU=Systems, CN=HTB VPN: Root Certificate Authority
2026-06-21 00:02:22 - huginn - DEBUG - OpenVPN: 2026-06-21 00:02:22 VERIFY OK: depth=1, C=GR, O=Hack The Box, OU=Systems, CN=HTB VPN: au-free-1 Issuing CA
2026-06-21 00:02:22 - huginn - DEBUG - OpenVPN: 2026-06-21 00:02:22 VERIFY KU OK
2026-06-21 00:02:22 - huginn - DEBUG - OpenVPN: 2026-06-21 00:02:22 Validating certificate extended key usage
2026-06-21 00:02:22 - huginn - DEBUG - OpenVPN: 2026-06-21 00:02:22 ++ Certificate has EKU (str) TLS Web Client Authentication, expects TLS Web Server Authentication
2026-06-21 00:02:22 - huginn - DEBUG - OpenVPN: 2026-06-21 00:02:22 ++ Certificate has EKU (oid) 1.3.6.1.5.5.7.3.2, expects TLS Web Server Authentication
2026-06-21 00:02:22 - huginn - DEBUG - OpenVPN: 2026-06-21 00:02:22 ++ Certificate has EKU (str) TLS Web Server Authentication, expects TLS Web Server Authentication
2026-06-21 00:02:22 - huginn - DEBUG - OpenVPN: 2026-06-21 00:02:22 VERIFY EKU OK
2026-06-21 00:02:22 - huginn - DEBUG - OpenVPN: 2026-06-21 00:02:22 VERIFY OK: depth=0, C=GR, O=Hack The Box, OU=Systems, CN=au-free-1
2026-06-21 00:02:23 - huginn - DEBUG - OpenVPN: 2026-06-21 00:02:23 Control Channel: TLSv1.3, cipher TLSv1.3 TLS_AES_256_GCM_SHA384, peer certificate: 256 bits ED25519, signature: ED25519, peer temporary key: 253 bits X25519
2026-06-21 00:58:39 - huginn - DEBUG - OpenVPN: 2026-06-21 00:58:39 VERIFY OK: depth=2, C=GR, O=Hack The Box, OU=Systems, CN=HTB VPN: Root Certificate Authority
2026-06-21 00:58:39 - huginn - DEBUG - OpenVPN: 2026-06-21 00:58:39 VERIFY OK: depth=1, C=GR, O=Hack The Box, OU=Systems, CN=HTB VPN: au-free-1 Issuing CA
2026-06-21 00:58:39 - huginn - DEBUG - OpenVPN: 2026-06-21 00:58:39 VERIFY KU OK
2026-06-21 00:58:39 - huginn - DEBUG - OpenVPN: 2026-06-21 00:58:39 Validating certificate extended key usage
2026-06-21 00:58:39 - huginn - DEBUG - OpenVPN: 2026-06-21 00:58:39 ++ Certificate has EKU (str) TLS Web Client Authentication, expects TLS Web Server Authentication
2026-06-21 00:58:39 - huginn - DEBUG - OpenVPN: 2026-06-21 00:58:39 ++ Certificate has EKU (oid) 1.3.6.1.5.5.7.3.2, expects TLS Web Server Authentication
2026-06-21 00:58:39 - huginn - DEBUG - OpenVPN: 2026-06-21 00:58:39 ++ Certificate has EKU (str) TLS Web Server Authentication, expects TLS Web Server Authentication
2026-06-21 00:58:39 - huginn - DEBUG - OpenVPN: 2026-06-21 00:58:39 VERIFY EKU OK
2026-06-21 00:58:39 - huginn - DEBUG - OpenVPN: 2026-06-21 00:58:39 VERIFY OK: depth=0, C=GR, O=Hack The Box, OU=Systems, CN=au-free-1
2026-06-21 00:58:40 - huginn - DEBUG - OpenVPN: 2026-06-21 00:58:40 Control Channel: TLSv1.3, cipher TLSv1.3 TLS_AES_256_GCM_SHA384, peer certificate: 256 bits ED25519, signature: ED25519, peer temporary key: 253 bits X25519
2026-06-21 01:54:56 - huginn - DEBUG - OpenVPN: 2026-06-21 01:54:55 VERIFY OK: depth=2, C=GR, O=Hack The Box, OU=Systems, CN=HTB VPN: Root Certificate Authority
2026-06-21 01:54:56 - huginn - DEBUG - OpenVPN: 2026-06-21 01:54:55 VERIFY OK: depth=1, C=GR, O=Hack The Box, OU=Systems, CN=HTB VPN: au-free-1 Issuing CA
2026-06-21 01:54:56 - huginn - DEBUG - OpenVPN: 2026-06-21 01:54:55 VERIFY KU OK
2026-06-21 01:54:56 - huginn - DEBUG - OpenVPN: 2026-06-21 01:54:55 Validating certificate extended key usage
2026-06-21 01:54:56 - huginn - DEBUG - OpenVPN: 2026-06-21 01:54:55 ++ Certificate has EKU (str) TLS Web Client Authentication, expects TLS Web Server Authentication
2026-06-21 01:54:56 - huginn - DEBUG - OpenVPN: 2026-06-21 01:54:55 ++ Certificate has EKU (oid) 1.3.6.1.5.5.7.3.2, expects TLS Web Server Authentication
2026-06-21 01:54:56 - huginn - DEBUG - OpenVPN: 2026-06-21 01:54:55 ++ Certificate has EKU (str) TLS Web Server Authentication, expects TLS Web Server Authentication
2026-06-21 01:54:56 - huginn - DEBUG - OpenVPN: 2026-06-21 01:54:55 VERIFY EKU OK
2026-06-21 01:54:56 - huginn - DEBUG - OpenVPN: 2026-06-21 01:54:55 VERIFY OK: depth=0, C=GR, O=Hack The Box, OU=Systems, CN=au-free-1
2026-06-21 01:54:57 - huginn - DEBUG - OpenVPN: 2026-06-21 01:54:57 Control Channel: TLSv1.3, cipher TLSv1.3 TLS_AES_256_GCM_SHA384, peer certificate: 256 bits ED25519, signature: ED25519, peer temporary key: 253 bits X25519
2026-06-21 02:51:13 - huginn - DEBUG - OpenVPN: 2026-06-21 02:51:12 VERIFY OK: depth=2, C=GR, O=Hack The Box, OU=Systems, CN=HTB VPN: Root Certificate Authority
2026-06-21 02:51:13 - huginn - DEBUG - OpenVPN: 2026-06-21 02:51:12 VERIFY OK: depth=1, C=GR, O=Hack The Box, OU=Systems, CN=HTB VPN: au-free-1 Issuing CA
2026-06-21 02:51:13 - huginn - DEBUG - OpenVPN: 2026-06-21 02:51:12 VERIFY KU OK
2026-06-21 02:51:13 - huginn - DEBUG - OpenVPN: 2026-06-21 02:51:12 Validating certificate extended key usage
2026-06-21 02:51:13 - huginn - DEBUG - OpenVPN: 2026-06-21 02:51:12 ++ Certificate has EKU (str) TLS Web Client Authentication, expects TLS Web Server Authentication
2026-06-21 02:51:13 - huginn - DEBUG - OpenVPN: 2026-06-21 02:51:12 ++ Certificate has EKU (oid) 1.3.6.1.5.5.7.3.2, expects TLS Web Server Authentication
2026-06-21 02:51:13 - huginn - DEBUG - OpenVPN: 2026-06-21 02:51:12 ++ Certificate has EKU (str) TLS Web Server Authentication, expects TLS Web Server Authentication
2026-06-21 02:51:13 - huginn - DEBUG - OpenVPN: 2026-06-21 02:51:12 VERIFY EKU OK
2026-06-21 02:51:13 - huginn - DEBUG - OpenVPN: 2026-06-21 02:51:12 VERIFY OK: depth=0, C=GR, O=Hack The Box, OU=Systems, CN=au-free-1
2026-06-21 02:51:15 - huginn - DEBUG - OpenVPN: 2026-06-21 02:51:14 Control Channel: TLSv1.3, cipher TLSv1.3 TLS_AES_256_GCM_SHA384, peer certificate: 256 bits ED25519, signature: ED25519, peer temporary key: 253 bits X25519
2026-06-21 03:47:30 - huginn - DEBUG - OpenVPN: 2026-06-21 03:47:28 VERIFY OK: depth=2, C=GR, O=Hack The Box, OU=Systems, CN=HTB VPN: Root Certificate Authority
2026-06-21 03:47:30 - huginn - DEBUG - OpenVPN: 2026-06-21 03:47:28 VERIFY OK: depth=1, C=GR, O=Hack The Box, OU=Systems, CN=HTB VPN: au-free-1 Issuing CA
2026-06-21 03:47:30 - huginn - DEBUG - OpenVPN: 2026-06-21 03:47:28 VERIFY KU OK
2026-06-21 03:47:30 - huginn - DEBUG - OpenVPN: 2026-06-21 03:47:28 Validating certificate extended key usage
2026-06-21 03:47:30 - huginn - DEBUG - OpenVPN: 2026-06-21 03:47:28 ++ Certificate has EKU (str) TLS Web Client Authentication, expects TLS Web Server Authentication
2026-06-21 03:47:30 - huginn - DEBUG - OpenVPN: 2026-06-21 03:47:28 ++ Certificate has EKU (oid) 1.3.6.1.5.5.7.3.2, expects TLS Web Server Authentication
2026-06-21 03:47:30 - huginn - DEBUG - OpenVPN: 2026-06-21 03:47:28 ++ Certificate has EKU (str) TLS Web Server Authentication, expects TLS Web Server Authentication
2026-06-21 03:47:30 - huginn - DEBUG - OpenVPN: 2026-06-21 03:47:28 VERIFY EKU OK
2026-06-21 03:47:30 - huginn - DEBUG - OpenVPN: 2026-06-21 03:47:28 VERIFY OK: depth=0, C=GR, O=Hack The Box, OU=Systems, CN=au-free-1
2026-06-21 03:47:31 - huginn - DEBUG - OpenVPN: 2026-06-21 03:47:30 Control Channel: TLSv1.3, cipher TLSv1.3 TLS_AES_256_GCM_SHA384, peer certificate: 256 bits ED25519, signature: ED25519, peer temporary key: 253 bits X25519
2026-06-21 04:43:47 - huginn - DEBUG - OpenVPN: 2026-06-21 04:43:45 VERIFY OK: depth=2, C=GR, O=Hack The Box, OU=Systems, CN=HTB VPN: Root Certificate Authority
2026-06-21 04:43:47 - huginn - DEBUG - OpenVPN: 2026-06-21 04:43:45 VERIFY OK: depth=1, C=GR, O=Hack The Box, OU=Systems, CN=HTB VPN: au-free-1 Issuing CA
2026-06-21 04:43:47 - huginn - DEBUG - OpenVPN: 2026-06-21 04:43:45 VERIFY KU OK
2026-06-21 04:43:47 - huginn - DEBUG - OpenVPN: 2026-06-21 04:43:45 Validating certificate extended key usage
2026-06-21 04:43:47 - huginn - DEBUG - OpenVPN: 2026-06-21 04:43:45 ++ Certificate has EKU (str) TLS Web Client Authentication, expects TLS Web Server Authentication
2026-06-21 04:43:47 - huginn - DEBUG - OpenVPN: 2026-06-21 04:43:45 ++ Certificate has EKU (oid) 1.3.6.1.5.5.7.3.2, expects TLS Web Server Authentication
2026-06-21 04:43:47 - huginn - DEBUG - OpenVPN: 2026-06-21 04:43:45 ++ Certificate has EKU (str) TLS Web Server Authentication, expects TLS Web Server Authentication
2026-06-21 04:43:47 - huginn - DEBUG - OpenVPN: 2026-06-21 04:43:45 VERIFY EKU OK
2026-06-21 04:43:47 - huginn - DEBUG - OpenVPN: 2026-06-21 04:43:45 VERIFY OK: depth=0, C=GR, O=Hack The Box, OU=Systems, CN=au-free-1
2026-06-21 04:43:48 - huginn - DEBUG - OpenVPN: 2026-06-21 04:43:47 Control Channel: TLSv1.3, cipher TLSv1.3 TLS_AES_256_GCM_SHA384, peer certificate: 256 bits ED25519, signature: ED25519, peer temporary key: 253 bits X25519
2026-06-21 05:40:03 - huginn - DEBUG - OpenVPN: 2026-06-21 05:40:01 VERIFY OK: depth=2, C=GR, O=Hack The Box, OU=Systems, CN=HTB VPN: Root Certificate Authority
2026-06-21 05:40:03 - huginn - DEBUG - OpenVPN: 2026-06-21 05:40:01 VERIFY OK: depth=1, C=GR, O=Hack The Box, OU=Systems, CN=HTB VPN: au-free-1 Issuing CA
2026-06-21 05:40:03 - huginn - DEBUG - OpenVPN: 2026-06-21 05:40:01 VERIFY KU OK
2026-06-21 05:40:03 - huginn - DEBUG - OpenVPN: 2026-06-21 05:40:01 Validating certificate extended key usage
2026-06-21 05:40:03 - huginn - DEBUG - OpenVPN: 2026-06-21 05:40:01 ++ Certificate has EKU (str) TLS Web Client Authentication, expects TLS Web Server Authentication
2026-06-21 05:40:03 - huginn - DEBUG - OpenVPN: 2026-06-21 05:40:01 ++ Certificate has EKU (oid) 1.3.6.1.5.5.7.3.2, expects TLS Web Server Authentication
2026-06-21 05:40:03 - huginn - DEBUG - OpenVPN: 2026-06-21 05:40:01 ++ Certificate has EKU (str) TLS Web Server Authentication, expects TLS Web Server Authentication
2026-06-21 05:40:03 - huginn - DEBUG - OpenVPN: 2026-06-21 05:40:01 VERIFY EKU OK
2026-06-21 05:40:03 - huginn - DEBUG - OpenVPN: 2026-06-21 05:40:01 VERIFY OK: depth=0, C=GR, O=Hack The Box, OU=Systems, CN=au-free-1
2026-06-21 05:40:04 - huginn - DEBUG - OpenVPN: 2026-06-21 05:40:03 Control Channel: TLSv1.3, cipher TLSv1.3 TLS_AES_256_GCM_SHA384, peer certificate: 256 bits ED25519, signature: ED25519, peer temporary key: 253 bits X25519
2026-06-21 06:36:20 - huginn - DEBUG - OpenVPN: 2026-06-21 06:36:19 VERIFY OK: depth=2, C=GR, O=Hack The Box, OU=Systems, CN=HTB VPN: Root Certificate Authority
2026-06-21 06:36:20 - huginn - DEBUG - OpenVPN: 2026-06-21 06:36:19 VERIFY OK: depth=1, C=GR, O=Hack The Box, OU=Systems, CN=HTB VPN: au-free-1 Issuing CA
2026-06-21 06:36:20 - huginn - DEBUG - OpenVPN: 2026-06-21 06:36:19 VERIFY KU OK
2026-06-21 06:36:20 - huginn - DEBUG - OpenVPN: 2026-06-21 06:36:19 Validating certificate extended key usage
2026-06-21 06:36:20 - huginn - DEBUG - OpenVPN: 2026-06-21 06:36:19 ++ Certificate has EKU (str) TLS Web Client Authentication, expects TLS Web Server Authentication
2026-06-21 06:36:20 - huginn - DEBUG - OpenVPN: 2026-06-21 06:36:19 ++ Certificate has EKU (oid) 1.3.6.1.5.5.7.3.2, expects TLS Web Server Authentication
2026-06-21 06:36:20 - huginn - DEBUG - OpenVPN: 2026-06-21 06:36:19 ++ Certificate has EKU (str) TLS Web Server Authentication, expects TLS Web Server Authentication
2026-06-21 06:36:20 - huginn - DEBUG - OpenVPN: 2026-06-21 06:36:19 VERIFY EKU OK
2026-06-21 06:36:20 - huginn - DEBUG - OpenVPN: 2026-06-21 06:36:19 VERIFY OK: depth=0, C=GR, O=Hack The Box, OU=Systems, CN=au-free-1
2026-06-21 06:36:22 - huginn - DEBUG - OpenVPN: 2026-06-21 06:36:20 Control Channel: TLSv1.3, cipher TLSv1.3 TLS_AES_256_GCM_SHA384, peer certificate: 256 bits ED25519, signature: ED25519, peer temporary key: 253 bits X25519
2026-06-21 07:32:36 - huginn - DEBUG - OpenVPN: 2026-06-21 07:32:35 VERIFY OK: depth=2, C=GR, O=Hack The Box, OU=Systems, CN=HTB VPN: Root Certificate Authority
2026-06-21 07:32:36 - huginn - DEBUG - OpenVPN: 2026-06-21 07:32:35 VERIFY OK: depth=1, C=GR, O=Hack The Box, OU=Systems, CN=HTB VPN: au-free-1 Issuing CA
2026-06-21 07:32:36 - huginn - DEBUG - OpenVPN: 2026-06-21 07:32:35 VERIFY KU OK
2026-06-21 07:32:36 - huginn - DEBUG - OpenVPN: 2026-06-21 07:32:35 Validating certificate extended key usage
2026-06-21 07:32:36 - huginn - DEBUG - OpenVPN: 2026-06-21 07:32:35 ++ Certificate has EKU (str) TLS Web Client Authentication, expects TLS Web Server Authentication
2026-06-21 07:32:36 - huginn - DEBUG - OpenVPN: 2026-06-21 07:32:35 ++ Certificate has EKU (oid) 1.3.6.1.5.5.7.3.2, expects TLS Web Server Authentication
2026-06-21 07:32:36 - huginn - DEBUG - OpenVPN: 2026-06-21 07:32:35 ++ Certificate has EKU (str) TLS Web Server Authentication, expects TLS Web Server Authentication
2026-06-21 07:32:36 - huginn - DEBUG - OpenVPN: 2026-06-21 07:32:35 VERIFY EKU OK
2026-06-21 07:32:36 - huginn - DEBUG - OpenVPN: 2026-06-21 07:32:35 VERIFY OK: depth=0, C=GR, O=Hack The Box, OU=Systems, CN=au-free-1
2026-06-21 07:32:38 - huginn - DEBUG - OpenVPN: 2026-06-21 07:32:36 Control Channel: TLSv1.3, cipher TLSv1.3 TLS_AES_256_GCM_SHA384, peer certificate: 256 bits ED25519, signature: ED25519, peer temporary key: 253 bits X25519
2026-06-21 08:28:53 - huginn - DEBUG - OpenVPN: 2026-06-21 08:28:51 VERIFY OK: depth=2, C=GR, O=Hack The Box, OU=Systems, CN=HTB VPN: Root Certificate Authority
2026-06-21 08:28:53 - huginn - DEBUG - OpenVPN: 2026-06-21 08:28:51 VERIFY OK: depth=1, C=GR, O=Hack The Box, OU=Systems, CN=HTB VPN: au-free-1 Issuing CA
2026-06-21 08:28:53 - huginn - DEBUG - OpenVPN: 2026-06-21 08:28:51 VERIFY KU OK
2026-06-21 08:28:53 - huginn - DEBUG - OpenVPN: 2026-06-21 08:28:51 Validating certificate extended key usage
2026-06-21 08:28:53 - huginn - DEBUG - OpenVPN: 2026-06-21 08:28:51 ++ Certificate has EKU (str) TLS Web Client Authentication, expects TLS Web Server Authentication
2026-06-21 08:28:53 - huginn - DEBUG - OpenVPN: 2026-06-21 08:28:51 ++ Certificate has EKU (oid) 1.3.6.1.5.5.7.3.2, expects TLS Web Server Authentication
2026-06-21 08:28:53 - huginn - DEBUG - OpenVPN: 2026-06-21 08:28:51 ++ Certificate has EKU (str) TLS Web Server Authentication, expects TLS Web Server Authentication
2026-06-21 08:28:53 - huginn - DEBUG - OpenVPN: 2026-06-21 08:28:51 VERIFY EKU OK
2026-06-21 08:28:53 - huginn - DEBUG - OpenVPN: 2026-06-21 08:28:51 VERIFY OK: depth=0, C=GR, O=Hack The Box, OU=Systems, CN=au-free-1
2026-06-21 08:28:54 - huginn - DEBUG - OpenVPN: 2026-06-21 08:28:53 Control Channel: TLSv1.3, cipher TLSv1.3 TLS_AES_256_GCM_SHA384, peer certificate: 256 bits ED25519, signature: ED25519, peer temporary key: 253 bits X25519
2026-06-21 09:06:54 - huginn - DEBUG - OpenVPN: 2026-06-21 09:06:53 [au-free-1] Inactivity timeout (--ping-restart), restarting
2026-06-21 09:06:54 - huginn - DEBUG - OpenVPN: 2026-06-21 09:06:53 SIGUSR1[soft,ping-restart] received, process restarting
2026-06-21 09:06:54 - huginn - DEBUG - OpenVPN: 2026-06-21 09:06:53 Restart pause, 1 second(s)
2026-06-21 09:06:55 - huginn - DEBUG - OpenVPN: 2026-06-21 09:06:54 TCP/UDP: Preserving recently used remote address: [AF_INET]206.148.40.161:1337
2026-06-21 09:06:55 - huginn - DEBUG - OpenVPN: 2026-06-21 09:06:54 Socket Buffers: R=[65536->65536] S=[65536->65536]
2026-06-21 09:06:55 - huginn - DEBUG - OpenVPN: 2026-06-21 09:06:54 UDPv4 link local: (not bound)
2026-06-21 09:06:55 - huginn - DEBUG - OpenVPN: 2026-06-21 09:06:54 UDPv4 link remote: [AF_INET]206.148.40.161:1337
2026-06-21 09:06:55 - huginn - DEBUG - OpenVPN: 2026-06-21 09:06:54 TLS: Initial packet from [AF_INET]206.148.40.161:1337, sid=ddfa7a12 fce1e7e9
2026-06-21 09:06:56 - huginn - DEBUG - OpenVPN: 2026-06-21 09:06:54 VERIFY OK: depth=2, C=GR, O=Hack The Box, OU=Systems, CN=HTB VPN: Root Certificate Authority
2026-06-21 09:06:56 - huginn - DEBUG - OpenVPN: 2026-06-21 09:06:54 VERIFY OK: depth=1, C=GR, O=Hack The Box, OU=Systems, CN=HTB VPN: au-free-1 Issuing CA
2026-06-21 09:06:56 - huginn - DEBUG - OpenVPN: 2026-06-21 09:06:54 VERIFY KU OK
2026-06-21 09:06:56 - huginn - DEBUG - OpenVPN: 2026-06-21 09:06:54 Validating certificate extended key usage
2026-06-21 09:06:56 - huginn - DEBUG - OpenVPN: 2026-06-21 09:06:54 ++ Certificate has EKU (str) TLS Web Client Authentication, expects TLS Web Server Authentication
2026-06-21 09:06:56 - huginn - DEBUG - OpenVPN: 2026-06-21 09:06:54 ++ Certificate has EKU (oid) 1.3.6.1.5.5.7.3.2, expects TLS Web Server Authentication
2026-06-21 09:06:56 - huginn - DEBUG - OpenVPN: 2026-06-21 09:06:54 ++ Certificate has EKU (str) TLS Web Server Authentication, expects TLS Web Server Authentication
2026-06-21 09:06:56 - huginn - DEBUG - OpenVPN: 2026-06-21 09:06:54 VERIFY EKU OK
2026-06-21 09:06:56 - huginn - DEBUG - OpenVPN: 2026-06-21 09:06:54 VERIFY OK: depth=0, C=GR, O=Hack The Box, OU=Systems, CN=au-free-1
2026-06-21 09:06:56 - huginn - DEBUG - OpenVPN: 2026-06-21 09:06:55 Control Channel: TLSv1.3, cipher TLSv1.3 TLS_AES_256_GCM_SHA384, peer certificate: 256 bits ED25519, signature: ED25519, peer temporary key: 253 bits X25519
2026-06-21 09:06:56 - huginn - DEBUG - OpenVPN: 2026-06-21 09:06:55 [au-free-1] Peer Connection Initiated with [AF_INET]206.148.40.161:1337
2026-06-21 09:06:56 - huginn - DEBUG - OpenVPN: 2026-06-21 09:06:55 TLS: move_session: dest=TM_ACTIVE src=TM_INITIAL reinit_src=1
2026-06-21 09:06:56 - huginn - DEBUG - OpenVPN: 2026-06-21 09:06:55 TLS: tls_multi_process: initial untrusted session promoted to trusted
2026-06-21 09:06:57 - huginn - DEBUG - OpenVPN: 2026-06-21 09:06:56 SENT CONTROL [au-free-1]: 'PUSH_REQUEST' (status=1)
2026-06-21 09:06:59 - huginn - DEBUG - OpenVPN: 2026-06-21 09:06:58 PUSH: Received control message: 'PUSH_REPLY,route 10.10.8.0 255.255.252.0,route 10.129.0.0 255.255.0.0,route-ipv6 dead:beef::/64,explicit-exit-notify,tun-ipv6,route-gateway 10.10.14.1,topology subnet,ping 10,ping-restart 120,ifconfig-ipv6 dead:beef:2::1010/64 dead:beef:2::1,ifconfig 10.10.14.18 255.255.254.0,peer-id 2,cipher AES-256-CBC,protocol-flags cc-exit tls-ekm dyn-tls-crypt,tun-mtu 1500'
2026-06-21 09:06:59 - huginn - DEBUG - OpenVPN: 2026-06-21 09:06:58 OPTIONS IMPORT: --ifconfig/up options modified
2026-06-21 09:06:59 - huginn - DEBUG - OpenVPN: 2026-06-21 09:06:58 OPTIONS IMPORT: route options modified
2026-06-21 09:06:59 - huginn - DEBUG - OpenVPN: 2026-06-21 09:06:58 OPTIONS IMPORT: route-related options modified
2026-06-21 09:06:59 - huginn - DEBUG - OpenVPN: 2026-06-21 09:06:58 OPTIONS IMPORT: tun-mtu set to 1500
2026-06-21 09:06:59 - huginn - DEBUG - OpenVPN: 2026-06-21 09:06:58 Preserving previous TUN/TAP instance: OpenVPN TAP-Windows6
2026-06-21 09:06:59 - huginn - DEBUG - OpenVPN: 2026-06-21 09:06:58 Initialization Sequence Completed
2026-06-21 09:06:59 - huginn - DEBUG - OpenVPN: 2026-06-21 09:06:58 Data Channel: cipher 'AES-256-CBC', auth 'SHA256', peer-id: 2, compression: 'lzo'
2026-06-21 09:06:59 - huginn - DEBUG - OpenVPN: 2026-06-21 09:06:58 Timers: ping 10, ping-restart 120
2026-06-21 09:06:59 - huginn - DEBUG - OpenVPN: 2026-06-21 09:06:58 Protocol options: explicit-exit-notify 1, protocol-flags cc-exit tls-ekm dyn-tls-crypt
2026-06-21 10:04:30 - huginn - DEBUG - OpenVPN: 2026-06-21 10:04:28 VERIFY OK: depth=2, C=GR, O=Hack The Box, OU=Systems, CN=HTB VPN: Root Certificate Authority
2026-06-21 10:04:30 - huginn - DEBUG - OpenVPN: 2026-06-21 10:04:28 VERIFY OK: depth=1, C=GR, O=Hack The Box, OU=Systems, CN=HTB VPN: au-free-1 Issuing CA
2026-06-21 10:04:30 - huginn - DEBUG - OpenVPN: 2026-06-21 10:04:28 VERIFY KU OK
2026-06-21 10:04:30 - huginn - DEBUG - OpenVPN: 2026-06-21 10:04:28 Validating certificate extended key usage
2026-06-21 10:04:30 - huginn - DEBUG - OpenVPN: 2026-06-21 10:04:28 ++ Certificate has EKU (str) TLS Web Client Authentication, expects TLS Web Server Authentication
2026-06-21 10:04:30 - huginn - DEBUG - OpenVPN: 2026-06-21 10:04:28 ++ Certificate has EKU (oid) 1.3.6.1.5.5.7.3.2, expects TLS Web Server Authentication
2026-06-21 10:04:30 - huginn - DEBUG - OpenVPN: 2026-06-21 10:04:28 ++ Certificate has EKU (str) TLS Web Server Authentication, expects TLS Web Server Authentication
2026-06-21 10:04:30 - huginn - DEBUG - OpenVPN: 2026-06-21 10:04:28 VERIFY EKU OK
2026-06-21 10:04:30 - huginn - DEBUG - OpenVPN: 2026-06-21 10:04:28 VERIFY OK: depth=0, C=GR, O=Hack The Box, OU=Systems, CN=au-free-1
2026-06-21 10:04:31 - huginn - DEBUG - OpenVPN: 2026-06-21 10:04:30 Control Channel: TLSv1.3, cipher TLSv1.3 TLS_AES_256_GCM_SHA384, peer certificate: 256 bits ED25519, signature: ED25519, peer temporary key: 253 bits X25519
2026-06-21 11:02:04 - huginn - DEBUG - OpenVPN: 2026-06-21 11:02:03 VERIFY OK: depth=2, C=GR, O=Hack The Box, OU=Systems, CN=HTB VPN: Root Certificate Authority
2026-06-21 11:02:04 - huginn - DEBUG - OpenVPN: 2026-06-21 11:02:03 VERIFY OK: depth=1, C=GR, O=Hack The Box, OU=Systems, CN=HTB VPN: au-free-1 Issuing CA
2026-06-21 11:02:04 - huginn - DEBUG - OpenVPN: 2026-06-21 11:02:03 VERIFY KU OK
2026-06-21 11:02:04 - huginn - DEBUG - OpenVPN: 2026-06-21 11:02:03 Validating certificate extended key usage
2026-06-21 11:02:04 - huginn - DEBUG - OpenVPN: 2026-06-21 11:02:03 ++ Certificate has EKU (str) TLS Web Client Authentication, expects TLS Web Server Authentication
2026-06-21 11:02:04 - huginn - DEBUG - OpenVPN: 2026-06-21 11:02:03 ++ Certificate has EKU (oid) 1.3.6.1.5.5.7.3.2, expects TLS Web Server Authentication
2026-06-21 11:02:04 - huginn - DEBUG - OpenVPN: 2026-06-21 11:02:03 ++ Certificate has EKU (str) TLS Web Server Authentication, expects TLS Web Server Authentication
2026-06-21 11:02:04 - huginn - DEBUG - OpenVPN: 2026-06-21 11:02:03 VERIFY EKU OK
2026-06-21 11:02:04 - huginn - DEBUG - OpenVPN: 2026-06-21 11:02:03 VERIFY OK: depth=0, C=GR, O=Hack The Box, OU=Systems, CN=au-free-1
2026-06-21 11:02:06 - huginn - DEBUG - OpenVPN: 2026-06-21 11:02:04 Control Channel: TLSv1.3, cipher TLSv1.3 TLS_AES_256_GCM_SHA384, peer certificate: 256 bits ED25519, signature: ED25519, peer temporary key: 253 bits X25519
2026-06-21 11:59:40 - huginn - DEBUG - OpenVPN: 2026-06-21 11:59:38 VERIFY OK: depth=2, C=GR, O=Hack The Box, OU=Systems, CN=HTB VPN: Root Certificate Authority
2026-06-21 11:59:40 - huginn - DEBUG - OpenVPN: 2026-06-21 11:59:38 VERIFY OK: depth=1, C=GR, O=Hack The Box, OU=Systems, CN=HTB VPN: au-free-1 Issuing CA
2026-06-21 11:59:40 - huginn - DEBUG - OpenVPN: 2026-06-21 11:59:38 VERIFY KU OK
2026-06-21 11:59:40 - huginn - DEBUG - OpenVPN: 2026-06-21 11:59:38 Validating certificate extended key usage
2026-06-21 11:59:40 - huginn - DEBUG - OpenVPN: 2026-06-21 11:59:38 ++ Certificate has EKU (str) TLS Web Client Authentication, expects TLS Web Server Authentication
2026-06-21 11:59:40 - huginn - DEBUG - OpenVPN: 2026-06-21 11:59:38 ++ Certificate has EKU (oid) 1.3.6.1.5.5.7.3.2, expects TLS Web Server Authentication
2026-06-21 11:59:40 - huginn - DEBUG - OpenVPN: 2026-06-21 11:59:38 ++ Certificate has EKU (str) TLS Web Server Authentication, expects TLS Web Server Authentication
2026-06-21 11:59:40 - huginn - DEBUG - OpenVPN: 2026-06-21 11:59:38 VERIFY EKU OK
2026-06-21 11:59:40 - huginn - DEBUG - OpenVPN: 2026-06-21 11:59:38 VERIFY OK: depth=0, C=GR, O=Hack The Box, OU=Systems, CN=au-free-1
2026-06-21 11:59:42 - huginn - DEBUG - OpenVPN: 2026-06-21 11:59:39 Control Channel: TLSv1.3, cipher TLSv1.3 TLS_AES_256_GCM_SHA384, peer certificate: 256 bits ED25519, signature: ED25519, peer temporary key: 253 bits X25519
2026-06-21 12:57:15 - huginn - DEBUG - OpenVPN: 2026-06-21 12:57:12 VERIFY OK: depth=2, C=GR, O=Hack The Box, OU=Systems, CN=HTB VPN: Root Certificate Authority
2026-06-21 12:57:15 - huginn - DEBUG - OpenVPN: 2026-06-21 12:57:12 VERIFY OK: depth=1, C=GR, O=Hack The Box, OU=Systems, CN=HTB VPN: au-free-1 Issuing CA
2026-06-21 12:57:15 - huginn - DEBUG - OpenVPN: 2026-06-21 12:57:12 VERIFY KU OK
2026-06-21 12:57:15 - huginn - DEBUG - OpenVPN: 2026-06-21 12:57:12 Validating certificate extended key usage
2026-06-21 12:57:15 - huginn - DEBUG - OpenVPN: 2026-06-21 12:57:12 ++ Certificate has EKU (str) TLS Web Client Authentication, expects TLS Web Server Authentication
2026-06-21 12:57:15 - huginn - DEBUG - OpenVPN: 2026-06-21 12:57:12 ++ Certificate has EKU (oid) 1.3.6.1.5.5.7.3.2, expects TLS Web Server Authentication
2026-06-21 12:57:15 - huginn - DEBUG - OpenVPN: 2026-06-21 12:57:12 ++ Certificate has EKU (str) TLS Web Server Authentication, expects TLS Web Server Authentication
2026-06-21 12:57:15 - huginn - DEBUG - OpenVPN: 2026-06-21 12:57:12 VERIFY EKU OK
2026-06-21 12:57:15 - huginn - DEBUG - OpenVPN: 2026-06-21 12:57:12 VERIFY OK: depth=0, C=GR, O=Hack The Box, OU=Systems, CN=au-free-1
2026-06-21 12:57:16 - huginn - DEBUG - OpenVPN: 2026-06-21 12:57:14 Control Channel: TLSv1.3, cipher TLSv1.3 TLS_AES_256_GCM_SHA384, peer certificate: 256 bits ED25519, signature: ED25519, peer temporary key: 253 bits X25519
2026-06-21 13:54:49 - huginn - DEBUG - OpenVPN: 2026-06-21 13:54:46 VERIFY OK: depth=2, C=GR, O=Hack The Box, OU=Systems, CN=HTB VPN: Root Certificate Authority
2026-06-21 13:54:49 - huginn - DEBUG - OpenVPN: 2026-06-21 13:54:46 VERIFY OK: depth=1, C=GR, O=Hack The Box, OU=Systems, CN=HTB VPN: au-free-1 Issuing CA
2026-06-21 13:54:49 - huginn - DEBUG - OpenVPN: 2026-06-21 13:54:46 VERIFY KU OK
2026-06-21 13:54:49 - huginn - DEBUG - OpenVPN: 2026-06-21 13:54:46 Validating certificate extended key usage
2026-06-21 13:54:49 - huginn - DEBUG - OpenVPN: 2026-06-21 13:54:46 ++ Certificate has EKU (str) TLS Web Client Authentication, expects TLS Web Server Authentication
2026-06-21 13:54:49 - huginn - DEBUG - OpenVPN: 2026-06-21 13:54:46 ++ Certificate has EKU (oid) 1.3.6.1.5.5.7.3.2, expects TLS Web Server Authentication
2026-06-21 13:54:49 - huginn - DEBUG - OpenVPN: 2026-06-21 13:54:46 ++ Certificate has EKU (str) TLS Web Server Authentication, expects TLS Web Server Authentication
2026-06-21 13:54:49 - huginn - DEBUG - OpenVPN: 2026-06-21 13:54:46 VERIFY EKU OK
2026-06-21 13:54:49 - huginn - DEBUG - OpenVPN: 2026-06-21 13:54:46 VERIFY OK: depth=0, C=GR, O=Hack The Box, OU=Systems, CN=au-free-1
2026-06-21 13:54:51 - huginn - DEBUG - OpenVPN: 2026-06-21 13:54:48 Control Channel: TLSv1.3, cipher TLSv1.3 TLS_AES_256_GCM_SHA384, peer certificate: 256 bits ED25519, signature: ED25519, peer temporary key: 253 bits X25519
2026-06-21 14:52:24 - huginn - DEBUG - OpenVPN: 2026-06-21 14:52:22 VERIFY OK: depth=2, C=GR, O=Hack The Box, OU=Systems, CN=HTB VPN: Root Certificate Authority
2026-06-21 14:52:24 - huginn - DEBUG - OpenVPN: 2026-06-21 14:52:22 VERIFY OK: depth=1, C=GR, O=Hack The Box, OU=Systems, CN=HTB VPN: au-free-1 Issuing CA
2026-06-21 14:52:24 - huginn - DEBUG - OpenVPN: 2026-06-21 14:52:22 VERIFY KU OK
2026-06-21 14:52:24 - huginn - DEBUG - OpenVPN: 2026-06-21 14:52:22 Validating certificate extended key usage
2026-06-21 14:52:24 - huginn - DEBUG - OpenVPN: 2026-06-21 14:52:22 ++ Certificate has EKU (str) TLS Web Client Authentication, expects TLS Web Server Authentication
2026-06-21 14:52:24 - huginn - DEBUG - OpenVPN: 2026-06-21 14:52:22 ++ Certificate has EKU (oid) 1.3.6.1.5.5.7.3.2, expects TLS Web Server Authentication
2026-06-21 14:52:24 - huginn - DEBUG - OpenVPN: 2026-06-21 14:52:22 ++ Certificate has EKU (str) TLS Web Server Authentication, expects TLS Web Server Authentication
2026-06-21 14:52:24 - huginn - DEBUG - OpenVPN: 2026-06-21 14:52:22 VERIFY EKU OK
2026-06-21 14:52:24 - huginn - DEBUG - OpenVPN: 2026-06-21 14:52:22 VERIFY OK: depth=0, C=GR, O=Hack The Box, OU=Systems, CN=au-free-1
2026-06-21 14:52:26 - huginn - DEBUG - OpenVPN: 2026-06-21 14:52:23 Control Channel: TLSv1.3, cipher TLSv1.3 TLS_AES_256_GCM_SHA384, peer certificate: 256 bits ED25519, signature: ED25519, peer temporary key: 253 bits X25519
2026-06-21 15:49:59 - huginn - DEBUG - OpenVPN: 2026-06-21 15:49:57 VERIFY OK: depth=2, C=GR, O=Hack The Box, OU=Systems, CN=HTB VPN: Root Certificate Authority
2026-06-21 15:49:59 - huginn - DEBUG - OpenVPN: 2026-06-21 15:49:57 VERIFY OK: depth=1, C=GR, O=Hack The Box, OU=Systems, CN=HTB VPN: au-free-1 Issuing CA
2026-06-21 15:49:59 - huginn - DEBUG - OpenVPN: 2026-06-21 15:49:57 VERIFY KU OK
2026-06-21 15:49:59 - huginn - DEBUG - OpenVPN: 2026-06-21 15:49:57 Validating certificate extended key usage
2026-06-21 15:49:59 - huginn - DEBUG - OpenVPN: 2026-06-21 15:49:57 ++ Certificate has EKU (str) TLS Web Client Authentication, expects TLS Web Server Authentication
2026-06-21 15:49:59 - huginn - DEBUG - OpenVPN: 2026-06-21 15:49:57 ++ Certificate has EKU (oid) 1.3.6.1.5.5.7.3.2, expects TLS Web Server Authentication
2026-06-21 15:49:59 - huginn - DEBUG - OpenVPN: 2026-06-21 15:49:57 ++ Certificate has EKU (str) TLS Web Server Authentication, expects TLS Web Server Authentication
2026-06-21 15:49:59 - huginn - DEBUG - OpenVPN: 2026-06-21 15:49:57 VERIFY EKU OK
2026-06-21 15:49:59 - huginn - DEBUG - OpenVPN: 2026-06-21 15:49:57 VERIFY OK: depth=0, C=GR, O=Hack The Box, OU=Systems, CN=au-free-1
2026-06-21 15:50:01 - huginn - DEBUG - OpenVPN: 2026-06-21 15:49:58 Control Channel: TLSv1.3, cipher TLSv1.3 TLS_AES_256_GCM_SHA384, peer certificate: 256 bits ED25519, signature: ED25519, peer temporary key: 253 bits X25519
2026-06-21 16:47:34 - huginn - DEBUG - OpenVPN: 2026-06-21 16:47:31 VERIFY OK: depth=2, C=GR, O=Hack The Box, OU=Systems, CN=HTB VPN: Root Certificate Authority
2026-06-21 16:47:34 - huginn - DEBUG - OpenVPN: 2026-06-21 16:47:31 VERIFY OK: depth=1, C=GR, O=Hack The Box, OU=Systems, CN=HTB VPN: au-free-1 Issuing CA
2026-06-21 16:47:34 - huginn - DEBUG - OpenVPN: 2026-06-21 16:47:31 VERIFY KU OK
2026-06-21 16:47:34 - huginn - DEBUG - OpenVPN: 2026-06-21 16:47:31 Validating certificate extended key usage
2026-06-21 16:47:34 - huginn - DEBUG - OpenVPN: 2026-06-21 16:47:31 ++ Certificate has EKU (str) TLS Web Client Authentication, expects TLS Web Server Authentication
2026-06-21 16:47:34 - huginn - DEBUG - OpenVPN: 2026-06-21 16:47:31 ++ Certificate has EKU (oid) 1.3.6.1.5.5.7.3.2, expects TLS Web Server Authentication
2026-06-21 16:47:34 - huginn - DEBUG - OpenVPN: 2026-06-21 16:47:31 ++ Certificate has EKU (str) TLS Web Server Authentication, expects TLS Web Server Authentication
2026-06-21 16:47:34 - huginn - DEBUG - OpenVPN: 2026-06-21 16:47:31 VERIFY EKU OK
2026-06-21 16:47:34 - huginn - DEBUG - OpenVPN: 2026-06-21 16:47:31 VERIFY OK: depth=0, C=GR, O=Hack The Box, OU=Systems, CN=au-free-1
2026-06-21 16:47:36 - huginn - DEBUG - OpenVPN: 2026-06-21 16:47:33 Control Channel: TLSv1.3, cipher TLSv1.3 TLS_AES_256_GCM_SHA384, peer certificate: 256 bits ED25519, signature: ED25519, peer temporary key: 253 bits X25519
2026-06-21 17:32:15 - huginn - INFO - Local DNS server stopped
2026-06-21 17:32:15 - huginn - INFO - local_dns_server stopped
2026-06-21 17:32:15 - huginn - INFO - VPN connection terminated
2026-06-21 17:32:15 - huginn - INFO - vpn_manager disconnected
2026-06-21 17:32:15 - huginn - DEBUG - Memory monitoring stopped
2026-06-21 17:32:15 - huginn - DEBUG - Connection pool closed all sessions
