2026-05-23 18:00:34 - huginn - INFO - License saved successfully
2026-05-23 18:00:34 - huginn - INFO - License loaded and validated successfully
2026-05-23 18:00:34 - huginn - INFO - Application starting...
2026-05-23 18:00:34 - huginn - INFO - Font loaded successfully
2026-05-23 18:00:34 - huginn - INFO - Stylesheet loaded successfully
2026-05-23 18:00:34 - huginn - INFO - Creating main window...
2026-05-23 18:00:34 - huginn - INFO - QThreadPool max threads set to 32 (CPUs: 32)
2026-05-23 18:00:34 - huginn - INFO - Custom font 'Neuropol X' loaded from C:\Users\allie\Coding Projects\huggin_suite\huginn\resources\fonts\neuropol.otf
2026-05-23 18:00:34 - huginn - DEBUG - Suppressed exception
Traceback (most recent call last):
  File "C:\Users\allie\Coding Projects\huggin_suite\huginn\app\pages\page_registry.py", line 45, in register_all_pages
    from app.pages.db_attacks_page import DBAttacksPage
ImportError: cannot import name 'DBAttacksPage' from 'app.pages.db_attacks_page' (C:\Users\allie\Coding Projects\huggin_suite\huginn\app\pages\db_attacks_page.py)
2026-05-23 18:04:50 - huginn - DEBUG - Suppressed exception
Traceback (most recent call last):
  File "C:\Users\allie\Coding Projects\huggin_suite\huginn\app\core\asset_manager.py", line 101, in init_database
    conn.execute("ALTER TABLE assets ADD COLUMN fqdn TEXT DEFAULT ''")
    ~~~~~~~~~~~~^^^^^^^^^^^^^^^^^^^^^^^^^^^^^^^^^^^^^^^^^^^^^^^^^^^^^^
sqlite3.OperationalError: duplicate column name: fqdn
2026-05-23 18:04:50 - huginn - DEBUG - Suppressed exception
Traceback (most recent call last):
  File "C:\Users\allie\Coding Projects\huggin_suite\huginn\app\core\asset_manager.py", line 108, in init_database
    conn.execute("ALTER TABLE assets ADD COLUMN mac_address TEXT DEFAULT ''")
    ~~~~~~~~~~~~^^^^^^^^^^^^^^^^^^^^^^^^^^^^^^^^^^^^^^^^^^^^^^^^^^^^^^^^^^^^^
sqlite3.OperationalError: duplicate column name: mac_address
2026-05-23 18:04:50 - huginn - DEBUG - Suppressed exception
Traceback (most recent call last):
  File "C:\Users\allie\Coding Projects\huggin_suite\huginn\app\core\asset_manager.py", line 115, in init_database
    conn.execute("ALTER TABLE assets ADD COLUMN vendor TEXT DEFAULT ''")
    ~~~~~~~~~~~~^^^^^^^^^^^^^^^^^^^^^^^^^^^^^^^^^^^^^^^^^^^^^^^^^^^^^^^^
sqlite3.OperationalError: duplicate column name: vendor
2026-05-23 18:04:50 - huginn - DEBUG - Suppressed exception
Traceback (most recent call last):
  File "C:\Users\allie\Coding Projects\huggin_suite\huginn\app\core\asset_manager.py", line 122, in init_database
    conn.execute("ALTER TABLE assets ADD COLUMN notes TEXT DEFAULT ''")
    ~~~~~~~~~~~~^^^^^^^^^^^^^^^^^^^^^^^^^^^^^^^^^^^^^^^^^^^^^^^^^^^^^^^
sqlite3.OperationalError: duplicate column name: notes
2026-05-23 18:04:53 - huginn - DEBUG - Credentials loaded for profile 'Facts'
2026-05-23 18:04:53 - huginn - DEBUG - Credentials loaded for profile 'Facts'
2026-05-23 18:04:56 - huginn - DEBUG - Credentials loaded for profile 'HTB-Code'
2026-05-23 18:04:56 - huginn - DEBUG - Credentials loaded for profile 'HTB-Code'
2026-05-23 18:04:56 - huginn - INFO - Deleted credentials file for profile 'Facts'
2026-05-23 18:04:57 - huginn - DEBUG - Credentials loaded for profile 'HTB-Code'
2026-05-23 18:04:57 - huginn - DEBUG - Credentials loaded for profile 'HTB-Code'
2026-05-23 18:04:58 - huginn - DEBUG - Credentials loaded for profile 'HTB-Editor'
2026-05-23 18:04:58 - huginn - DEBUG - Credentials loaded for profile 'HTB-Editor'
2026-05-23 18:04:58 - huginn - INFO - Deleted credentials file for profile 'HTB-Code'
2026-05-23 18:05:00 - huginn - DEBUG - Credentials loaded for profile 'HTB-Editor'
2026-05-23 18:05:00 - huginn - DEBUG - Credentials loaded for profile 'HTB-Editor'
2026-05-23 18:05:01 - huginn - DEBUG - Credentials loaded for profile 'LAB'
2026-05-23 18:05:01 - huginn - DEBUG - Suppressed exception
Traceback (most recent call last):
  File "C:\Users\allie\Coding Projects\huggin_suite\huginn\app\core\scope_manager.py", line 62, in _parse_scope_text
    ipaddress.IPv4Address(item)
    ~~~~~~~~~~~~~~~~~~~~~^^^^^^
  File "C:\Users\allie\anaconda3\Lib\ipaddress.py", line 1319, in __init__
    self._ip = self._ip_int_from_string(addr_str)
               ~~~~~~~~~~~~~~~~~~~~~~~~^^^^^^^^^^
  File "C:\Users\allie\anaconda3\Lib\ipaddress.py", line 1206, in _ip_int_from_string
    raise AddressValueError("Expected 4 octets in %r" % ip_str)
ipaddress.AddressValueError: Expected 4 octets in '*.lab.local'
2026-05-23 18:05:01 - huginn - DEBUG - Credentials loaded for profile 'LAB'
2026-05-23 18:05:01 - huginn - DEBUG - Suppressed exception
Traceback (most recent call last):
  File "C:\Users\allie\Coding Projects\huggin_suite\huginn\app\core\scope_manager.py", line 62, in _parse_scope_text
    ipaddress.IPv4Address(item)
    ~~~~~~~~~~~~~~~~~~~~~^^^^^^
  File "C:\Users\allie\anaconda3\Lib\ipaddress.py", line 1319, in __init__
    self._ip = self._ip_int_from_string(addr_str)
               ~~~~~~~~~~~~~~~~~~~~~~~~^^^^^^^^^^
  File "C:\Users\allie\anaconda3\Lib\ipaddress.py", line 1206, in _ip_int_from_string
    raise AddressValueError("Expected 4 octets in %r" % ip_str)
ipaddress.AddressValueError: Expected 4 octets in '*.lab.local'
2026-05-23 18:05:01 - huginn - INFO - Deleted credentials file for profile 'HTB-Editor'
2026-05-23 18:05:02 - huginn - DEBUG - Credentials loaded for profile 'LAB'
2026-05-23 18:05:02 - huginn - DEBUG - Credentials loaded for profile 'LAB'
2026-05-23 18:05:02 - huginn - DEBUG - Suppressed exception
Traceback (most recent call last):
  File "C:\Users\allie\Coding Projects\huggin_suite\huginn\app\core\scope_manager.py", line 62, in _parse_scope_text
    ipaddress.IPv4Address(item)
    ~~~~~~~~~~~~~~~~~~~~~^^^^^^
  File "C:\Users\allie\anaconda3\Lib\ipaddress.py", line 1319, in __init__
    self._ip = self._ip_int_from_string(addr_str)
               ~~~~~~~~~~~~~~~~~~~~~~~~^^^^^^^^^^
  File "C:\Users\allie\anaconda3\Lib\ipaddress.py", line 1206, in _ip_int_from_string
    raise AddressValueError("Expected 4 octets in %r" % ip_str)
ipaddress.AddressValueError: Expected 4 octets in '*.lab.local'
2026-05-23 18:05:03 - huginn - DEBUG - Credentials loaded for profile 'Silentium'
2026-05-23 18:05:03 - huginn - DEBUG - Suppressed exception
Traceback (most recent call last):
  File "C:\Users\allie\Coding Projects\huggin_suite\huginn\app\core\scope_manager.py", line 62, in _parse_scope_text
    ipaddress.IPv4Address(item)
    ~~~~~~~~~~~~~~~~~~~~~^^^^^^
  File "C:\Users\allie\anaconda3\Lib\ipaddress.py", line 1319, in __init__
    self._ip = self._ip_int_from_string(addr_str)
               ~~~~~~~~~~~~~~~~~~~~~~~~^^^^^^^^^^
  File "C:\Users\allie\anaconda3\Lib\ipaddress.py", line 1206, in _ip_int_from_string
    raise AddressValueError("Expected 4 octets in %r" % ip_str)
ipaddress.AddressValueError: Expected 4 octets in 'silentium.htb'
2026-05-23 18:05:03 - huginn - DEBUG - Credentials loaded for profile 'Silentium'
2026-05-23 18:05:03 - huginn - DEBUG - Suppressed exception
Traceback (most recent call last):
  File "C:\Users\allie\Coding Projects\huggin_suite\huginn\app\core\scope_manager.py", line 62, in _parse_scope_text
    ipaddress.IPv4Address(item)
    ~~~~~~~~~~~~~~~~~~~~~^^^^^^
  File "C:\Users\allie\anaconda3\Lib\ipaddress.py", line 1319, in __init__
    self._ip = self._ip_int_from_string(addr_str)
               ~~~~~~~~~~~~~~~~~~~~~~~~^^^^^^^^^^
  File "C:\Users\allie\anaconda3\Lib\ipaddress.py", line 1206, in _ip_int_from_string
    raise AddressValueError("Expected 4 octets in %r" % ip_str)
ipaddress.AddressValueError: Expected 4 octets in 'silentium.htb'
2026-05-23 18:05:03 - huginn - INFO - Deleted credentials file for profile 'LAB'
2026-05-23 18:05:04 - huginn - DEBUG - Credentials loaded for profile 'Silentium'
2026-05-23 18:05:04 - huginn - DEBUG - Credentials loaded for profile 'Silentium'
2026-05-23 18:05:04 - huginn - DEBUG - Suppressed exception
Traceback (most recent call last):
  File "C:\Users\allie\Coding Projects\huggin_suite\huginn\app\core\scope_manager.py", line 62, in _parse_scope_text
    ipaddress.IPv4Address(item)
    ~~~~~~~~~~~~~~~~~~~~~^^^^^^
  File "C:\Users\allie\anaconda3\Lib\ipaddress.py", line 1319, in __init__
    self._ip = self._ip_int_from_string(addr_str)
               ~~~~~~~~~~~~~~~~~~~~~~~~^^^^^^^^^^
  File "C:\Users\allie\anaconda3\Lib\ipaddress.py", line 1206, in _ip_int_from_string
    raise AddressValueError("Expected 4 octets in %r" % ip_str)
ipaddress.AddressValueError: Expected 4 octets in 'silentium.htb'
2026-05-23 18:05:05 - huginn - INFO - Deleted credentials file for profile 'Silentium'
2026-05-23 18:06:16 - huginn - DEBUG - Memory monitoring stopped
2026-05-23 18:06:16 - huginn - DEBUG - Connection pool closed all sessions
2026-05-23 18:06:16 - huginn - INFO - Update manager stopped during cleanup
2026-05-23 18:06:36 - huginn - INFO - License saved successfully
2026-05-23 18:06:36 - huginn - INFO - License loaded and validated successfully
2026-05-23 18:06:37 - huginn - INFO - Application starting...
2026-05-23 18:06:37 - huginn - INFO - Font loaded successfully
2026-05-23 18:06:37 - huginn - INFO - Stylesheet loaded successfully
2026-05-23 18:06:37 - huginn - INFO - Creating main window...
2026-05-23 18:06:37 - huginn - INFO - QThreadPool max threads set to 32 (CPUs: 32)
2026-05-23 18:06:37 - huginn - INFO - Custom font 'Neuropol X' loaded from C:\Users\allie\Coding Projects\huggin_suite\huginn\resources\fonts\neuropol.otf
2026-05-23 18:06:37 - huginn - DEBUG - Suppressed exception
Traceback (most recent call last):
  File "C:\Users\allie\Coding Projects\huggin_suite\huginn\app\pages\page_registry.py", line 45, in register_all_pages
    from app.pages.db_attacks_page import DBAttacksPage
ImportError: cannot import name 'DBAttacksPage' from 'app.pages.db_attacks_page' (C:\Users\allie\Coding Projects\huggin_suite\huginn\app\pages\db_attacks_page.py)
2026-05-23 18:06:44 - huginn - DEBUG - Suppressed exception
Traceback (most recent call last):
  File "C:\Users\allie\Coding Projects\huggin_suite\huginn\app\core\asset_manager.py", line 101, in init_database
    conn.execute("ALTER TABLE assets ADD COLUMN fqdn TEXT DEFAULT ''")
    ~~~~~~~~~~~~^^^^^^^^^^^^^^^^^^^^^^^^^^^^^^^^^^^^^^^^^^^^^^^^^^^^^^
sqlite3.OperationalError: duplicate column name: fqdn
2026-05-23 18:06:44 - huginn - DEBUG - Suppressed exception
Traceback (most recent call last):
  File "C:\Users\allie\Coding Projects\huggin_suite\huginn\app\core\asset_manager.py", line 108, in init_database
    conn.execute("ALTER TABLE assets ADD COLUMN mac_address TEXT DEFAULT ''")
    ~~~~~~~~~~~~^^^^^^^^^^^^^^^^^^^^^^^^^^^^^^^^^^^^^^^^^^^^^^^^^^^^^^^^^^^^^
sqlite3.OperationalError: duplicate column name: mac_address
2026-05-23 18:06:44 - huginn - DEBUG - Suppressed exception
Traceback (most recent call last):
  File "C:\Users\allie\Coding Projects\huggin_suite\huginn\app\core\asset_manager.py", line 115, in init_database
    conn.execute("ALTER TABLE assets ADD COLUMN vendor TEXT DEFAULT ''")
    ~~~~~~~~~~~~^^^^^^^^^^^^^^^^^^^^^^^^^^^^^^^^^^^^^^^^^^^^^^^^^^^^^^^^
sqlite3.OperationalError: duplicate column name: vendor
2026-05-23 18:06:44 - huginn - DEBUG - Suppressed exception
Traceback (most recent call last):
  File "C:\Users\allie\Coding Projects\huggin_suite\huginn\app\core\asset_manager.py", line 122, in init_database
    conn.execute("ALTER TABLE assets ADD COLUMN notes TEXT DEFAULT ''")
    ~~~~~~~~~~~~^^^^^^^^^^^^^^^^^^^^^^^^^^^^^^^^^^^^^^^^^^^^^^^^^^^^^^^
sqlite3.OperationalError: duplicate column name: notes
2026-05-23 18:06:51 - huginn - DEBUG - Memory monitoring stopped
2026-05-23 18:06:51 - huginn - DEBUG - Connection pool closed all sessions
2026-05-23 18:06:51 - huginn - INFO - Update manager stopped during cleanup
2026-05-23 21:09:37 - huginn - INFO - License saved successfully
2026-05-23 21:09:37 - huginn - INFO - License loaded and validated successfully
2026-05-23 21:09:37 - huginn - INFO - Application starting...
2026-05-23 21:09:37 - huginn - INFO - Font loaded successfully
2026-05-23 21:09:37 - huginn - INFO - Stylesheet loaded successfully
2026-05-23 21:09:37 - huginn - INFO - Creating main window...
2026-05-23 21:09:37 - huginn - INFO - QThreadPool max threads set to 32 (CPUs: 32)
2026-05-23 21:09:37 - huginn - INFO - Custom font 'Neuropol X' loaded from C:\Users\allie\Coding Projects\huggin_suite\huginn\resources\fonts\neuropol.otf
2026-05-23 21:09:37 - huginn - DEBUG - Suppressed exception
Traceback (most recent call last):
  File "C:\Users\allie\Coding Projects\huggin_suite\huginn\app\pages\page_registry.py", line 45, in register_all_pages
    from app.pages.db_attacks_page import DBAttacksPage
ImportError: cannot import name 'DBAttacksPage' from 'app.pages.db_attacks_page' (C:\Users\allie\Coding Projects\huggin_suite\huginn\app\pages\db_attacks_page.py)
2026-05-23 21:09:57 - huginn - DEBUG - Suppressed exception
Traceback (most recent call last):
  File "C:\Users\allie\Coding Projects\huggin_suite\huginn\app\core\scope_manager.py", line 62, in _parse_scope_text
    ipaddress.IPv4Address(item)
    ~~~~~~~~~~~~~~~~~~~~~^^^^^^
  File "C:\Users\allie\anaconda3\Lib\ipaddress.py", line 1319, in __init__
    self._ip = self._ip_int_from_string(addr_str)
               ~~~~~~~~~~~~~~~~~~~~~~~~^^^^^^^^^^
  File "C:\Users\allie\anaconda3\Lib\ipaddress.py", line 1206, in _ip_int_from_string
    raise AddressValueError("Expected 4 octets in %r" % ip_str)
ipaddress.AddressValueError: Expected 4 octets in '*'
2026-05-23 21:09:58 - huginn - DEBUG - Suppressed exception
Traceback (most recent call last):
  File "C:\Users\allie\Coding Projects\huggin_suite\huginn\app\core\scope_manager.py", line 62, in _parse_scope_text
    ipaddress.IPv4Address(item)
    ~~~~~~~~~~~~~~~~~~~~~^^^^^^
  File "C:\Users\allie\anaconda3\Lib\ipaddress.py", line 1319, in __init__
    self._ip = self._ip_int_from_string(addr_str)
               ~~~~~~~~~~~~~~~~~~~~~~~~^^^^^^^^^^
  File "C:\Users\allie\anaconda3\Lib\ipaddress.py", line 1206, in _ip_int_from_string
    raise AddressValueError("Expected 4 octets in %r" % ip_str)
ipaddress.AddressValueError: Expected 4 octets in '*.'
2026-05-23 21:09:58 - huginn - DEBUG - Suppressed exception
Traceback (most recent call last):
  File "C:\Users\allie\Coding Projects\huggin_suite\huginn\app\core\scope_manager.py", line 62, in _parse_scope_text
    ipaddress.IPv4Address(item)
    ~~~~~~~~~~~~~~~~~~~~~^^^^^^
  File "C:\Users\allie\anaconda3\Lib\ipaddress.py", line 1319, in __init__
    self._ip = self._ip_int_from_string(addr_str)
               ~~~~~~~~~~~~~~~~~~~~~~~~^^^^^^^^^^
  File "C:\Users\allie\anaconda3\Lib\ipaddress.py", line 1206, in _ip_int_from_string
    raise AddressValueError("Expected 4 octets in %r" % ip_str)
ipaddress.AddressValueError: Expected 4 octets in '*.l'
2026-05-23 21:09:58 - huginn - DEBUG - Suppressed exception
Traceback (most recent call last):
  File "C:\Users\allie\Coding Projects\huggin_suite\huginn\app\core\scope_manager.py", line 62, in _parse_scope_text
    ipaddress.IPv4Address(item)
    ~~~~~~~~~~~~~~~~~~~~~^^^^^^
  File "C:\Users\allie\anaconda3\Lib\ipaddress.py", line 1319, in __init__
    self._ip = self._ip_int_from_string(addr_str)
               ~~~~~~~~~~~~~~~~~~~~~~~~^^^^^^^^^^
  File "C:\Users\allie\anaconda3\Lib\ipaddress.py", line 1206, in _ip_int_from_string
    raise AddressValueError("Expected 4 octets in %r" % ip_str)
ipaddress.AddressValueError: Expected 4 octets in '*.la'
2026-05-23 21:09:58 - huginn - DEBUG - Suppressed exception
Traceback (most recent call last):
  File "C:\Users\allie\Coding Projects\huggin_suite\huginn\app\core\scope_manager.py", line 62, in _parse_scope_text
    ipaddress.IPv4Address(item)
    ~~~~~~~~~~~~~~~~~~~~~^^^^^^
  File "C:\Users\allie\anaconda3\Lib\ipaddress.py", line 1319, in __init__
    self._ip = self._ip_int_from_string(addr_str)
               ~~~~~~~~~~~~~~~~~~~~~~~~^^^^^^^^^^
  File "C:\Users\allie\anaconda3\Lib\ipaddress.py", line 1206, in _ip_int_from_string
    raise AddressValueError("Expected 4 octets in %r" % ip_str)
ipaddress.AddressValueError: Expected 4 octets in '*.lab'
2026-05-23 21:09:58 - huginn - DEBUG - Suppressed exception
Traceback (most recent call last):
  File "C:\Users\allie\Coding Projects\huggin_suite\huginn\app\core\scope_manager.py", line 62, in _parse_scope_text
    ipaddress.IPv4Address(item)
    ~~~~~~~~~~~~~~~~~~~~~^^^^^^
  File "C:\Users\allie\anaconda3\Lib\ipaddress.py", line 1319, in __init__
    self._ip = self._ip_int_from_string(addr_str)
               ~~~~~~~~~~~~~~~~~~~~~~~~^^^^^^^^^^
  File "C:\Users\allie\anaconda3\Lib\ipaddress.py", line 1206, in _ip_int_from_string
    raise AddressValueError("Expected 4 octets in %r" % ip_str)
ipaddress.AddressValueError: Expected 4 octets in '*.lab.'
2026-05-23 21:09:59 - huginn - DEBUG - Suppressed exception
Traceback (most recent call last):
  File "C:\Users\allie\Coding Projects\huggin_suite\huginn\app\core\scope_manager.py", line 62, in _parse_scope_text
    ipaddress.IPv4Address(item)
    ~~~~~~~~~~~~~~~~~~~~~^^^^^^
  File "C:\Users\allie\anaconda3\Lib\ipaddress.py", line 1319, in __init__
    self._ip = self._ip_int_from_string(addr_str)
               ~~~~~~~~~~~~~~~~~~~~~~~~^^^^^^^^^^
  File "C:\Users\allie\anaconda3\Lib\ipaddress.py", line 1206, in _ip_int_from_string
    raise AddressValueError("Expected 4 octets in %r" % ip_str)
ipaddress.AddressValueError: Expected 4 octets in '*.lab.l'
2026-05-23 21:09:59 - huginn - DEBUG - Suppressed exception
Traceback (most recent call last):
  File "C:\Users\allie\Coding Projects\huggin_suite\huginn\app\core\scope_manager.py", line 62, in _parse_scope_text
    ipaddress.IPv4Address(item)
    ~~~~~~~~~~~~~~~~~~~~~^^^^^^
  File "C:\Users\allie\anaconda3\Lib\ipaddress.py", line 1319, in __init__
    self._ip = self._ip_int_from_string(addr_str)
               ~~~~~~~~~~~~~~~~~~~~~~~~^^^^^^^^^^
  File "C:\Users\allie\anaconda3\Lib\ipaddress.py", line 1206, in _ip_int_from_string
    raise AddressValueError("Expected 4 octets in %r" % ip_str)
ipaddress.AddressValueError: Expected 4 octets in '*.lab.lo'
2026-05-23 21:09:59 - huginn - DEBUG - Suppressed exception
Traceback (most recent call last):
  File "C:\Users\allie\Coding Projects\huggin_suite\huginn\app\core\scope_manager.py", line 62, in _parse_scope_text
    ipaddress.IPv4Address(item)
    ~~~~~~~~~~~~~~~~~~~~~^^^^^^
  File "C:\Users\allie\anaconda3\Lib\ipaddress.py", line 1319, in __init__
    self._ip = self._ip_int_from_string(addr_str)
               ~~~~~~~~~~~~~~~~~~~~~~~~^^^^^^^^^^
  File "C:\Users\allie\anaconda3\Lib\ipaddress.py", line 1206, in _ip_int_from_string
    raise AddressValueError("Expected 4 octets in %r" % ip_str)
ipaddress.AddressValueError: Expected 4 octets in '*.lab.loc'
2026-05-23 21:09:59 - huginn - DEBUG - Suppressed exception
Traceback (most recent call last):
  File "C:\Users\allie\Coding Projects\huggin_suite\huginn\app\core\scope_manager.py", line 62, in _parse_scope_text
    ipaddress.IPv4Address(item)
    ~~~~~~~~~~~~~~~~~~~~~^^^^^^
  File "C:\Users\allie\anaconda3\Lib\ipaddress.py", line 1319, in __init__
    self._ip = self._ip_int_from_string(addr_str)
               ~~~~~~~~~~~~~~~~~~~~~~~~^^^^^^^^^^
  File "C:\Users\allie\anaconda3\Lib\ipaddress.py", line 1206, in _ip_int_from_string
    raise AddressValueError("Expected 4 octets in %r" % ip_str)
ipaddress.AddressValueError: Expected 4 octets in '*.lab.loca'
2026-05-23 21:09:59 - huginn - DEBUG - Suppressed exception
Traceback (most recent call last):
  File "C:\Users\allie\Coding Projects\huggin_suite\huginn\app\core\scope_manager.py", line 62, in _parse_scope_text
    ipaddress.IPv4Address(item)
    ~~~~~~~~~~~~~~~~~~~~~^^^^^^
  File "C:\Users\allie\anaconda3\Lib\ipaddress.py", line 1319, in __init__
    self._ip = self._ip_int_from_string(addr_str)
               ~~~~~~~~~~~~~~~~~~~~~~~~^^^^^^^^^^
  File "C:\Users\allie\anaconda3\Lib\ipaddress.py", line 1206, in _ip_int_from_string
    raise AddressValueError("Expected 4 octets in %r" % ip_str)
ipaddress.AddressValueError: Expected 4 octets in '*.lab.local'
2026-05-23 21:10:04 - huginn - DEBUG - Suppressed exception
Traceback (most recent call last):
  File "C:\Users\allie\Coding Projects\huggin_suite\huginn\app\core\scope_manager.py", line 62, in _parse_scope_text
    ipaddress.IPv4Address(item)
    ~~~~~~~~~~~~~~~~~~~~~^^^^^^
  File "C:\Users\allie\anaconda3\Lib\ipaddress.py", line 1319, in __init__
    self._ip = self._ip_int_from_string(addr_str)
               ~~~~~~~~~~~~~~~~~~~~~~~~^^^^^^^^^^
  File "C:\Users\allie\anaconda3\Lib\ipaddress.py", line 1206, in _ip_int_from_string
    raise AddressValueError("Expected 4 octets in %r" % ip_str)
ipaddress.AddressValueError: Expected 4 octets in '*.lab.local'
2026-05-23 21:10:05 - huginn - DEBUG - Suppressed exception
Traceback (most recent call last):
  File "C:\Users\allie\Coding Projects\huggin_suite\huginn\app\core\scope_manager.py", line 62, in _parse_scope_text
    ipaddress.IPv4Address(item)
    ~~~~~~~~~~~~~~~~~~~~~^^^^^^
  File "C:\Users\allie\anaconda3\Lib\ipaddress.py", line 1319, in __init__
    self._ip = self._ip_int_from_string(addr_str)
               ~~~~~~~~~~~~~~~~~~~~~~~~^^^^^^^^^^
  File "C:\Users\allie\anaconda3\Lib\ipaddress.py", line 1206, in _ip_int_from_string
    raise AddressValueError("Expected 4 octets in %r" % ip_str)
ipaddress.AddressValueError: Expected 4 octets in '*.lab.local'
2026-05-23 21:10:11 - huginn - DEBUG - Wireless security tab unavailable
Traceback (most recent call last):
  File "C:\Users\allie\Coding Projects\huggin_suite\huginn\app\pages\recon_enumeration_page.py", line 99, in setup_ui
    wireless_tab = WirelessSecurityWidget(self)
  File "C:\Users\allie\Coding Projects\huggin_suite\huginn\app\widgets\wireless_security_widget.py", line 52, in __init__
    self.connect_signals()
    ~~~~~~~~~~~~~~~~~~~~^^
  File "C:\Users\allie\Coding Projects\huggin_suite\huginn\app\widgets\wireless_security_widget.py", line 303, in connect_signals
    self.generate_report_btn.clicked.connect(self.generate_report)
    ^^^^^^^^^^^^^^^^^^^^^^^^
AttributeError: 'WirelessSecurityWidget' object has no attribute 'generate_report_btn'. Did you mean: 'generate_report'?
2026-05-23 21:14:15 - huginn - DEBUG - Memory monitoring stopped
2026-05-23 21:14:15 - huginn - DEBUG - Connection pool closed all sessions
2026-05-23 21:14:15 - huginn - INFO - Update manager stopped during cleanup
2026-05-23 21:14:31 - huginn - DEBUG - Suppressed exception
Traceback (most recent call last):
  File "c:\Users\allie\Coding Projects\huggin_suite\huginn\app\core\asset_manager.py", line 101, in init_database
    conn.execute("ALTER TABLE assets ADD COLUMN fqdn TEXT DEFAULT ''")
    ~~~~~~~~~~~~^^^^^^^^^^^^^^^^^^^^^^^^^^^^^^^^^^^^^^^^^^^^^^^^^^^^^^
sqlite3.OperationalError: duplicate column name: fqdn
2026-05-23 21:14:31 - huginn - DEBUG - Suppressed exception
Traceback (most recent call last):
  File "c:\Users\allie\Coding Projects\huggin_suite\huginn\app\core\asset_manager.py", line 108, in init_database
    conn.execute("ALTER TABLE assets ADD COLUMN mac_address TEXT DEFAULT ''")
    ~~~~~~~~~~~~^^^^^^^^^^^^^^^^^^^^^^^^^^^^^^^^^^^^^^^^^^^^^^^^^^^^^^^^^^^^^
sqlite3.OperationalError: duplicate column name: mac_address
2026-05-23 21:14:31 - huginn - DEBUG - Suppressed exception
Traceback (most recent call last):
  File "c:\Users\allie\Coding Projects\huggin_suite\huginn\app\core\asset_manager.py", line 115, in init_database
    conn.execute("ALTER TABLE assets ADD COLUMN vendor TEXT DEFAULT ''")
    ~~~~~~~~~~~~^^^^^^^^^^^^^^^^^^^^^^^^^^^^^^^^^^^^^^^^^^^^^^^^^^^^^^^^
sqlite3.OperationalError: duplicate column name: vendor
2026-05-23 21:14:31 - huginn - DEBUG - Suppressed exception
Traceback (most recent call last):
  File "c:\Users\allie\Coding Projects\huggin_suite\huginn\app\core\asset_manager.py", line 122, in init_database
    conn.execute("ALTER TABLE assets ADD COLUMN notes TEXT DEFAULT ''")
    ~~~~~~~~~~~~^^^^^^^^^^^^^^^^^^^^^^^^^^^^^^^^^^^^^^^^^^^^^^^^^^^^^^^
sqlite3.OperationalError: duplicate column name: notes
2026-05-23 21:14:31 - huginn - INFO - Using default configuration
2026-05-23 21:14:34 - huginn - INFO - License saved successfully
2026-05-23 21:14:34 - huginn - INFO - License loaded and validated successfully
2026-05-23 21:14:45 - huginn - DEBUG - Suppressed exception
Traceback (most recent call last):
  File "c:\Users\allie\Coding Projects\huggin_suite\huginn\app\core\asset_manager.py", line 101, in init_database
    conn.execute("ALTER TABLE assets ADD COLUMN fqdn TEXT DEFAULT ''")
    ~~~~~~~~~~~~^^^^^^^^^^^^^^^^^^^^^^^^^^^^^^^^^^^^^^^^^^^^^^^^^^^^^^
sqlite3.OperationalError: duplicate column name: fqdn
2026-05-23 21:14:45 - huginn - DEBUG - Suppressed exception
Traceback (most recent call last):
  File "c:\Users\allie\Coding Projects\huggin_suite\huginn\app\core\asset_manager.py", line 108, in init_database
    conn.execute("ALTER TABLE assets ADD COLUMN mac_address TEXT DEFAULT ''")
    ~~~~~~~~~~~~^^^^^^^^^^^^^^^^^^^^^^^^^^^^^^^^^^^^^^^^^^^^^^^^^^^^^^^^^^^^^
sqlite3.OperationalError: duplicate column name: mac_address
2026-05-23 21:14:45 - huginn - DEBUG - Suppressed exception
Traceback (most recent call last):
  File "c:\Users\allie\Coding Projects\huggin_suite\huginn\app\core\asset_manager.py", line 115, in init_database
    conn.execute("ALTER TABLE assets ADD COLUMN vendor TEXT DEFAULT ''")
    ~~~~~~~~~~~~^^^^^^^^^^^^^^^^^^^^^^^^^^^^^^^^^^^^^^^^^^^^^^^^^^^^^^^^
sqlite3.OperationalError: duplicate column name: vendor
2026-05-23 21:14:45 - huginn - DEBUG - Suppressed exception
Traceback (most recent call last):
  File "c:\Users\allie\Coding Projects\huggin_suite\huginn\app\core\asset_manager.py", line 122, in init_database
    conn.execute("ALTER TABLE assets ADD COLUMN notes TEXT DEFAULT ''")
    ~~~~~~~~~~~~^^^^^^^^^^^^^^^^^^^^^^^^^^^^^^^^^^^^^^^^^^^^^^^^^^^^^^^
sqlite3.OperationalError: duplicate column name: notes
2026-05-23 21:14:46 - huginn - INFO - Using default configuration
2026-05-23 21:14:48 - huginn - INFO - License saved successfully
2026-05-23 21:14:48 - huginn - INFO - License loaded and validated successfully
2026-05-23 21:15:26 - huginn - INFO - License saved successfully
2026-05-23 21:15:26 - huginn - INFO - License loaded and validated successfully
2026-05-23 21:15:26 - huginn - INFO - Application starting...
2026-05-23 21:15:26 - huginn - INFO - Font loaded successfully
2026-05-23 21:15:26 - huginn - INFO - Stylesheet loaded successfully
2026-05-23 21:15:26 - huginn - INFO - Creating main window...
2026-05-23 21:15:26 - huginn - INFO - QThreadPool max threads set to 32 (CPUs: 32)
2026-05-23 21:15:26 - huginn - INFO - Custom font 'Neuropol X' loaded from C:\Users\allie\Coding Projects\huggin_suite\huginn\resources\fonts\neuropol.otf
2026-05-23 21:15:26 - huginn - DEBUG - Suppressed exception
Traceback (most recent call last):
  File "C:\Users\allie\Coding Projects\huggin_suite\huginn\app\pages\page_registry.py", line 45, in register_all_pages
    from app.pages.db_attacks_page import DBAttacksPage
ImportError: cannot import name 'DBAttacksPage' from 'app.pages.db_attacks_page' (C:\Users\allie\Coding Projects\huggin_suite\huginn\app\pages\db_attacks_page.py)
2026-05-23 21:15:29 - huginn - DEBUG - Suppressed exception
Traceback (most recent call last):
  File "C:\Users\allie\Coding Projects\huggin_suite\huginn\app\core\scope_manager.py", line 62, in _parse_scope_text
    ipaddress.IPv4Address(item)
    ~~~~~~~~~~~~~~~~~~~~~^^^^^^
  File "C:\Users\allie\anaconda3\Lib\ipaddress.py", line 1319, in __init__
    self._ip = self._ip_int_from_string(addr_str)
               ~~~~~~~~~~~~~~~~~~~~~~~~^^^^^^^^^^
  File "C:\Users\allie\anaconda3\Lib\ipaddress.py", line 1206, in _ip_int_from_string
    raise AddressValueError("Expected 4 octets in %r" % ip_str)
ipaddress.AddressValueError: Expected 4 octets in '*.lab.local'
2026-05-23 21:15:29 - huginn - DEBUG - Suppressed exception
Traceback (most recent call last):
  File "C:\Users\allie\Coding Projects\huggin_suite\huginn\app\core\scope_manager.py", line 62, in _parse_scope_text
    ipaddress.IPv4Address(item)
    ~~~~~~~~~~~~~~~~~~~~~^^^^^^
  File "C:\Users\allie\anaconda3\Lib\ipaddress.py", line 1319, in __init__
    self._ip = self._ip_int_from_string(addr_str)
               ~~~~~~~~~~~~~~~~~~~~~~~~^^^^^^^^^^
  File "C:\Users\allie\anaconda3\Lib\ipaddress.py", line 1206, in _ip_int_from_string
    raise AddressValueError("Expected 4 octets in %r" % ip_str)
ipaddress.AddressValueError: Expected 4 octets in '*.lab.local'
2026-05-23 21:15:30 - huginn - DEBUG - Wireless security tab unavailable
Traceback (most recent call last):
  File "C:\Users\allie\Coding Projects\huggin_suite\huginn\app\pages\recon_enumeration_page.py", line 99, in setup_ui
    wireless_tab = WirelessSecurityWidget(self)
  File "C:\Users\allie\Coding Projects\huggin_suite\huginn\app\widgets\wireless_security_widget.py", line 52, in __init__
    self.connect_signals()
    ~~~~~~~~~~~~~~~~~~~~^^
  File "C:\Users\allie\Coding Projects\huggin_suite\huginn\app\widgets\wireless_security_widget.py", line 303, in connect_signals
    self.generate_report_btn.clicked.connect(self.generate_report)
    ^^^^^^^^^^^^^^^^^^^^^^^^
AttributeError: 'WirelessSecurityWidget' object has no attribute 'generate_report_btn'. Did you mean: 'generate_report'?
2026-05-23 21:16:19 - huginn - DEBUG - Memory monitoring stopped
2026-05-23 21:16:19 - huginn - DEBUG - Connection pool closed all sessions
2026-05-23 21:16:20 - huginn - INFO - Update manager stopped during cleanup
2026-05-23 21:16:40 - huginn - DEBUG - Suppressed exception
Traceback (most recent call last):
  File "c:\Users\allie\Coding Projects\huggin_suite\huginn\app\core\asset_manager.py", line 101, in init_database
    conn.execute("ALTER TABLE assets ADD COLUMN fqdn TEXT DEFAULT ''")
    ~~~~~~~~~~~~^^^^^^^^^^^^^^^^^^^^^^^^^^^^^^^^^^^^^^^^^^^^^^^^^^^^^^
sqlite3.OperationalError: duplicate column name: fqdn
2026-05-23 21:16:40 - huginn - DEBUG - Suppressed exception
Traceback (most recent call last):
  File "c:\Users\allie\Coding Projects\huggin_suite\huginn\app\core\asset_manager.py", line 108, in init_database
    conn.execute("ALTER TABLE assets ADD COLUMN mac_address TEXT DEFAULT ''")
    ~~~~~~~~~~~~^^^^^^^^^^^^^^^^^^^^^^^^^^^^^^^^^^^^^^^^^^^^^^^^^^^^^^^^^^^^^
sqlite3.OperationalError: duplicate column name: mac_address
2026-05-23 21:16:40 - huginn - DEBUG - Suppressed exception
Traceback (most recent call last):
  File "c:\Users\allie\Coding Projects\huggin_suite\huginn\app\core\asset_manager.py", line 115, in init_database
    conn.execute("ALTER TABLE assets ADD COLUMN vendor TEXT DEFAULT ''")
    ~~~~~~~~~~~~^^^^^^^^^^^^^^^^^^^^^^^^^^^^^^^^^^^^^^^^^^^^^^^^^^^^^^^^
sqlite3.OperationalError: duplicate column name: vendor
2026-05-23 21:16:40 - huginn - DEBUG - Suppressed exception
Traceback (most recent call last):
  File "c:\Users\allie\Coding Projects\huggin_suite\huginn\app\core\asset_manager.py", line 122, in init_database
    conn.execute("ALTER TABLE assets ADD COLUMN notes TEXT DEFAULT ''")
    ~~~~~~~~~~~~^^^^^^^^^^^^^^^^^^^^^^^^^^^^^^^^^^^^^^^^^^^^^^^^^^^^^^^
sqlite3.OperationalError: duplicate column name: notes
2026-05-23 21:16:41 - huginn - INFO - Using default configuration
2026-05-23 21:16:43 - huginn - INFO - License saved successfully
2026-05-23 21:16:43 - huginn - INFO - License loaded and validated successfully
2026-05-23 21:17:13 - huginn - INFO - License saved successfully
2026-05-23 21:17:13 - huginn - INFO - License loaded and validated successfully
2026-05-23 21:17:13 - huginn - INFO - Application starting...
2026-05-23 21:17:13 - huginn - INFO - Font loaded successfully
2026-05-23 21:17:13 - huginn - INFO - Stylesheet loaded successfully
2026-05-23 21:17:13 - huginn - INFO - Creating main window...
2026-05-23 21:17:13 - huginn - INFO - QThreadPool max threads set to 32 (CPUs: 32)
2026-05-23 21:17:13 - huginn - INFO - Custom font 'Neuropol X' loaded from C:\Users\allie\Coding Projects\huggin_suite\huginn\resources\fonts\neuropol.otf
2026-05-23 21:17:13 - huginn - DEBUG - Suppressed exception
Traceback (most recent call last):
  File "C:\Users\allie\Coding Projects\huggin_suite\huginn\app\pages\page_registry.py", line 45, in register_all_pages
    from app.pages.db_attacks_page import DBAttacksPage
ImportError: cannot import name 'DBAttacksPage' from 'app.pages.db_attacks_page' (C:\Users\allie\Coding Projects\huggin_suite\huginn\app\pages\db_attacks_page.py)
2026-05-23 21:17:15 - huginn - DEBUG - Suppressed exception
Traceback (most recent call last):
  File "C:\Users\allie\Coding Projects\huggin_suite\huginn\app\core\scope_manager.py", line 62, in _parse_scope_text
    ipaddress.IPv4Address(item)
    ~~~~~~~~~~~~~~~~~~~~~^^^^^^
  File "C:\Users\allie\anaconda3\Lib\ipaddress.py", line 1319, in __init__
    self._ip = self._ip_int_from_string(addr_str)
               ~~~~~~~~~~~~~~~~~~~~~~~~^^^^^^^^^^
  File "C:\Users\allie\anaconda3\Lib\ipaddress.py", line 1206, in _ip_int_from_string
    raise AddressValueError("Expected 4 octets in %r" % ip_str)
ipaddress.AddressValueError: Expected 4 octets in '*.lab.local'
2026-05-23 21:17:15 - huginn - DEBUG - Suppressed exception
Traceback (most recent call last):
  File "C:\Users\allie\Coding Projects\huggin_suite\huginn\app\core\scope_manager.py", line 62, in _parse_scope_text
    ipaddress.IPv4Address(item)
    ~~~~~~~~~~~~~~~~~~~~~^^^^^^
  File "C:\Users\allie\anaconda3\Lib\ipaddress.py", line 1319, in __init__
    self._ip = self._ip_int_from_string(addr_str)
               ~~~~~~~~~~~~~~~~~~~~~~~~^^^^^^^^^^
  File "C:\Users\allie\anaconda3\Lib\ipaddress.py", line 1206, in _ip_int_from_string
    raise AddressValueError("Expected 4 octets in %r" % ip_str)
ipaddress.AddressValueError: Expected 4 octets in '*.lab.local'
2026-05-23 21:17:17 - huginn - DEBUG - Wireless security tab unavailable
Traceback (most recent call last):
  File "C:\Users\allie\Coding Projects\huggin_suite\huginn\app\pages\recon_enumeration_page.py", line 99, in setup_ui
    wireless_tab = WirelessSecurityWidget(self)
  File "C:\Users\allie\Coding Projects\huggin_suite\huginn\app\widgets\wireless_security_widget.py", line 52, in __init__
    self.connect_signals()
    ~~~~~~~~~~~~~~~~~~~~^^
  File "C:\Users\allie\Coding Projects\huggin_suite\huginn\app\widgets\wireless_security_widget.py", line 303, in connect_signals
    self.generate_report_btn.clicked.connect(self.generate_report)
    ^^^^^^^^^^^^^^^^^^^^^^^^
AttributeError: 'WirelessSecurityWidget' object has no attribute 'generate_report_btn'. Did you mean: 'generate_report'?
2026-05-23 21:20:55 - huginn - DEBUG - Memory monitoring stopped
2026-05-23 21:20:55 - huginn - DEBUG - Connection pool closed all sessions
2026-05-23 21:20:55 - huginn - INFO - Update manager stopped during cleanup
2026-05-23 21:22:11 - huginn - DEBUG - Suppressed exception
Traceback (most recent call last):
  File "c:\Users\allie\Coding Projects\huggin_suite\huginn\app\core\asset_manager.py", line 101, in init_database
    conn.execute("ALTER TABLE assets ADD COLUMN fqdn TEXT DEFAULT ''")
    ~~~~~~~~~~~~^^^^^^^^^^^^^^^^^^^^^^^^^^^^^^^^^^^^^^^^^^^^^^^^^^^^^^
sqlite3.OperationalError: duplicate column name: fqdn
2026-05-23 21:22:11 - huginn - DEBUG - Suppressed exception
Traceback (most recent call last):
  File "c:\Users\allie\Coding Projects\huggin_suite\huginn\app\core\asset_manager.py", line 108, in init_database
    conn.execute("ALTER TABLE assets ADD COLUMN mac_address TEXT DEFAULT ''")
    ~~~~~~~~~~~~^^^^^^^^^^^^^^^^^^^^^^^^^^^^^^^^^^^^^^^^^^^^^^^^^^^^^^^^^^^^^
sqlite3.OperationalError: duplicate column name: mac_address
2026-05-23 21:22:11 - huginn - DEBUG - Suppressed exception
Traceback (most recent call last):
  File "c:\Users\allie\Coding Projects\huggin_suite\huginn\app\core\asset_manager.py", line 115, in init_database
    conn.execute("ALTER TABLE assets ADD COLUMN vendor TEXT DEFAULT ''")
    ~~~~~~~~~~~~^^^^^^^^^^^^^^^^^^^^^^^^^^^^^^^^^^^^^^^^^^^^^^^^^^^^^^^^
sqlite3.OperationalError: duplicate column name: vendor
2026-05-23 21:22:11 - huginn - DEBUG - Suppressed exception
Traceback (most recent call last):
  File "c:\Users\allie\Coding Projects\huggin_suite\huginn\app\core\asset_manager.py", line 122, in init_database
    conn.execute("ALTER TABLE assets ADD COLUMN notes TEXT DEFAULT ''")
    ~~~~~~~~~~~~^^^^^^^^^^^^^^^^^^^^^^^^^^^^^^^^^^^^^^^^^^^^^^^^^^^^^^^
sqlite3.OperationalError: duplicate column name: notes
2026-05-23 21:22:12 - huginn - INFO - Using default configuration
2026-05-23 21:22:14 - huginn - INFO - License saved successfully
2026-05-23 21:22:14 - huginn - INFO - License loaded and validated successfully
2026-05-23 21:22:22 - huginn - DEBUG - Suppressed exception
Traceback (most recent call last):
  File "c:\Users\allie\Coding Projects\huggin_suite\huginn\app\core\asset_manager.py", line 101, in init_database
    conn.execute("ALTER TABLE assets ADD COLUMN fqdn TEXT DEFAULT ''")
    ~~~~~~~~~~~~^^^^^^^^^^^^^^^^^^^^^^^^^^^^^^^^^^^^^^^^^^^^^^^^^^^^^^
sqlite3.OperationalError: duplicate column name: fqdn
2026-05-23 21:22:22 - huginn - DEBUG - Suppressed exception
Traceback (most recent call last):
  File "c:\Users\allie\Coding Projects\huggin_suite\huginn\app\core\asset_manager.py", line 108, in init_database
    conn.execute("ALTER TABLE assets ADD COLUMN mac_address TEXT DEFAULT ''")
    ~~~~~~~~~~~~^^^^^^^^^^^^^^^^^^^^^^^^^^^^^^^^^^^^^^^^^^^^^^^^^^^^^^^^^^^^^
sqlite3.OperationalError: duplicate column name: mac_address
2026-05-23 21:22:22 - huginn - DEBUG - Suppressed exception
Traceback (most recent call last):
  File "c:\Users\allie\Coding Projects\huggin_suite\huginn\app\core\asset_manager.py", line 115, in init_database
    conn.execute("ALTER TABLE assets ADD COLUMN vendor TEXT DEFAULT ''")
    ~~~~~~~~~~~~^^^^^^^^^^^^^^^^^^^^^^^^^^^^^^^^^^^^^^^^^^^^^^^^^^^^^^^^
sqlite3.OperationalError: duplicate column name: vendor
2026-05-23 21:22:22 - huginn - DEBUG - Suppressed exception
Traceback (most recent call last):
  File "c:\Users\allie\Coding Projects\huggin_suite\huginn\app\core\asset_manager.py", line 122, in init_database
    conn.execute("ALTER TABLE assets ADD COLUMN notes TEXT DEFAULT ''")
    ~~~~~~~~~~~~^^^^^^^^^^^^^^^^^^^^^^^^^^^^^^^^^^^^^^^^^^^^^^^^^^^^^^^
sqlite3.OperationalError: duplicate column name: notes
2026-05-23 21:22:23 - huginn - INFO - Using default configuration
2026-05-23 21:22:25 - huginn - INFO - License saved successfully
2026-05-23 21:22:25 - huginn - INFO - License loaded and validated successfully
2026-05-23 21:22:39 - huginn - DEBUG - Suppressed exception
Traceback (most recent call last):
  File "c:\Users\allie\Coding Projects\huggin_suite\huginn\app\core\asset_manager.py", line 101, in init_database
    conn.execute("ALTER TABLE assets ADD COLUMN fqdn TEXT DEFAULT ''")
    ~~~~~~~~~~~~^^^^^^^^^^^^^^^^^^^^^^^^^^^^^^^^^^^^^^^^^^^^^^^^^^^^^^
sqlite3.OperationalError: duplicate column name: fqdn
2026-05-23 21:22:39 - huginn - DEBUG - Suppressed exception
Traceback (most recent call last):
  File "c:\Users\allie\Coding Projects\huggin_suite\huginn\app\core\asset_manager.py", line 108, in init_database
    conn.execute("ALTER TABLE assets ADD COLUMN mac_address TEXT DEFAULT ''")
    ~~~~~~~~~~~~^^^^^^^^^^^^^^^^^^^^^^^^^^^^^^^^^^^^^^^^^^^^^^^^^^^^^^^^^^^^^
sqlite3.OperationalError: duplicate column name: mac_address
2026-05-23 21:22:39 - huginn - DEBUG - Suppressed exception
Traceback (most recent call last):
  File "c:\Users\allie\Coding Projects\huggin_suite\huginn\app\core\asset_manager.py", line 115, in init_database
    conn.execute("ALTER TABLE assets ADD COLUMN vendor TEXT DEFAULT ''")
    ~~~~~~~~~~~~^^^^^^^^^^^^^^^^^^^^^^^^^^^^^^^^^^^^^^^^^^^^^^^^^^^^^^^^
sqlite3.OperationalError: duplicate column name: vendor
2026-05-23 21:22:39 - huginn - DEBUG - Suppressed exception
Traceback (most recent call last):
  File "c:\Users\allie\Coding Projects\huggin_suite\huginn\app\core\asset_manager.py", line 122, in init_database
    conn.execute("ALTER TABLE assets ADD COLUMN notes TEXT DEFAULT ''")
    ~~~~~~~~~~~~^^^^^^^^^^^^^^^^^^^^^^^^^^^^^^^^^^^^^^^^^^^^^^^^^^^^^^^
sqlite3.OperationalError: duplicate column name: notes
2026-05-23 21:22:39 - huginn - INFO - Using default configuration
2026-05-23 21:22:41 - huginn - INFO - License saved successfully
2026-05-23 21:22:41 - huginn - INFO - License loaded and validated successfully
2026-05-23 21:22:52 - huginn - DEBUG - Suppressed exception
Traceback (most recent call last):
  File "c:\Users\allie\Coding Projects\huggin_suite\huginn\app\core\asset_manager.py", line 101, in init_database
    conn.execute("ALTER TABLE assets ADD COLUMN fqdn TEXT DEFAULT ''")
    ~~~~~~~~~~~~^^^^^^^^^^^^^^^^^^^^^^^^^^^^^^^^^^^^^^^^^^^^^^^^^^^^^^
sqlite3.OperationalError: duplicate column name: fqdn
2026-05-23 21:22:52 - huginn - DEBUG - Suppressed exception
Traceback (most recent call last):
  File "c:\Users\allie\Coding Projects\huggin_suite\huginn\app\core\asset_manager.py", line 108, in init_database
    conn.execute("ALTER TABLE assets ADD COLUMN mac_address TEXT DEFAULT ''")
    ~~~~~~~~~~~~^^^^^^^^^^^^^^^^^^^^^^^^^^^^^^^^^^^^^^^^^^^^^^^^^^^^^^^^^^^^^
sqlite3.OperationalError: duplicate column name: mac_address
2026-05-23 21:22:52 - huginn - DEBUG - Suppressed exception
Traceback (most recent call last):
  File "c:\Users\allie\Coding Projects\huggin_suite\huginn\app\core\asset_manager.py", line 115, in init_database
    conn.execute("ALTER TABLE assets ADD COLUMN vendor TEXT DEFAULT ''")
    ~~~~~~~~~~~~^^^^^^^^^^^^^^^^^^^^^^^^^^^^^^^^^^^^^^^^^^^^^^^^^^^^^^^^
sqlite3.OperationalError: duplicate column name: vendor
2026-05-23 21:22:52 - huginn - DEBUG - Suppressed exception
Traceback (most recent call last):
  File "c:\Users\allie\Coding Projects\huggin_suite\huginn\app\core\asset_manager.py", line 122, in init_database
    conn.execute("ALTER TABLE assets ADD COLUMN notes TEXT DEFAULT ''")
    ~~~~~~~~~~~~^^^^^^^^^^^^^^^^^^^^^^^^^^^^^^^^^^^^^^^^^^^^^^^^^^^^^^^
sqlite3.OperationalError: duplicate column name: notes
2026-05-23 21:22:53 - huginn - INFO - Using default configuration
2026-05-23 21:22:55 - huginn - INFO - License saved successfully
2026-05-23 21:22:55 - huginn - INFO - License loaded and validated successfully
2026-05-23 21:23:09 - huginn - DEBUG - Suppressed exception
Traceback (most recent call last):
  File "c:\Users\allie\Coding Projects\huggin_suite\huginn\app\core\asset_manager.py", line 101, in init_database
    conn.execute("ALTER TABLE assets ADD COLUMN fqdn TEXT DEFAULT ''")
    ~~~~~~~~~~~~^^^^^^^^^^^^^^^^^^^^^^^^^^^^^^^^^^^^^^^^^^^^^^^^^^^^^^
sqlite3.OperationalError: duplicate column name: fqdn
2026-05-23 21:23:09 - huginn - DEBUG - Suppressed exception
Traceback (most recent call last):
  File "c:\Users\allie\Coding Projects\huggin_suite\huginn\app\core\asset_manager.py", line 108, in init_database
    conn.execute("ALTER TABLE assets ADD COLUMN mac_address TEXT DEFAULT ''")
    ~~~~~~~~~~~~^^^^^^^^^^^^^^^^^^^^^^^^^^^^^^^^^^^^^^^^^^^^^^^^^^^^^^^^^^^^^
sqlite3.OperationalError: duplicate column name: mac_address
2026-05-23 21:23:09 - huginn - DEBUG - Suppressed exception
Traceback (most recent call last):
  File "c:\Users\allie\Coding Projects\huggin_suite\huginn\app\core\asset_manager.py", line 115, in init_database
    conn.execute("ALTER TABLE assets ADD COLUMN vendor TEXT DEFAULT ''")
    ~~~~~~~~~~~~^^^^^^^^^^^^^^^^^^^^^^^^^^^^^^^^^^^^^^^^^^^^^^^^^^^^^^^^
sqlite3.OperationalError: duplicate column name: vendor
2026-05-23 21:23:09 - huginn - DEBUG - Suppressed exception
Traceback (most recent call last):
  File "c:\Users\allie\Coding Projects\huggin_suite\huginn\app\core\asset_manager.py", line 122, in init_database
    conn.execute("ALTER TABLE assets ADD COLUMN notes TEXT DEFAULT ''")
    ~~~~~~~~~~~~^^^^^^^^^^^^^^^^^^^^^^^^^^^^^^^^^^^^^^^^^^^^^^^^^^^^^^^
sqlite3.OperationalError: duplicate column name: notes
2026-05-23 21:23:09 - huginn - INFO - Using default configuration
2026-05-23 21:23:11 - huginn - INFO - License saved successfully
2026-05-23 21:23:11 - huginn - INFO - License loaded and validated successfully
2026-05-23 21:23:23 - huginn - DEBUG - Suppressed exception
Traceback (most recent call last):
  File "c:\Users\allie\Coding Projects\huggin_suite\huginn\app\core\asset_manager.py", line 101, in init_database
    conn.execute("ALTER TABLE assets ADD COLUMN fqdn TEXT DEFAULT ''")
    ~~~~~~~~~~~~^^^^^^^^^^^^^^^^^^^^^^^^^^^^^^^^^^^^^^^^^^^^^^^^^^^^^^
sqlite3.OperationalError: duplicate column name: fqdn
2026-05-23 21:23:23 - huginn - DEBUG - Suppressed exception
Traceback (most recent call last):
  File "c:\Users\allie\Coding Projects\huggin_suite\huginn\app\core\asset_manager.py", line 108, in init_database
    conn.execute("ALTER TABLE assets ADD COLUMN mac_address TEXT DEFAULT ''")
    ~~~~~~~~~~~~^^^^^^^^^^^^^^^^^^^^^^^^^^^^^^^^^^^^^^^^^^^^^^^^^^^^^^^^^^^^^
sqlite3.OperationalError: duplicate column name: mac_address
2026-05-23 21:23:23 - huginn - DEBUG - Suppressed exception
Traceback (most recent call last):
  File "c:\Users\allie\Coding Projects\huggin_suite\huginn\app\core\asset_manager.py", line 115, in init_database
    conn.execute("ALTER TABLE assets ADD COLUMN vendor TEXT DEFAULT ''")
    ~~~~~~~~~~~~^^^^^^^^^^^^^^^^^^^^^^^^^^^^^^^^^^^^^^^^^^^^^^^^^^^^^^^^
sqlite3.OperationalError: duplicate column name: vendor
2026-05-23 21:23:23 - huginn - DEBUG - Suppressed exception
Traceback (most recent call last):
  File "c:\Users\allie\Coding Projects\huggin_suite\huginn\app\core\asset_manager.py", line 122, in init_database
    conn.execute("ALTER TABLE assets ADD COLUMN notes TEXT DEFAULT ''")
    ~~~~~~~~~~~~^^^^^^^^^^^^^^^^^^^^^^^^^^^^^^^^^^^^^^^^^^^^^^^^^^^^^^^
sqlite3.OperationalError: duplicate column name: notes
2026-05-23 21:23:23 - huginn - INFO - Using default configuration
2026-05-23 21:23:25 - huginn - INFO - License saved successfully
2026-05-23 21:23:25 - huginn - INFO - License loaded and validated successfully
2026-05-23 21:23:35 - huginn - DEBUG - Suppressed exception
Traceback (most recent call last):
  File "c:\Users\allie\Coding Projects\huggin_suite\huginn\app\core\asset_manager.py", line 101, in init_database
    conn.execute("ALTER TABLE assets ADD COLUMN fqdn TEXT DEFAULT ''")
    ~~~~~~~~~~~~^^^^^^^^^^^^^^^^^^^^^^^^^^^^^^^^^^^^^^^^^^^^^^^^^^^^^^
sqlite3.OperationalError: duplicate column name: fqdn
2026-05-23 21:23:35 - huginn - DEBUG - Suppressed exception
Traceback (most recent call last):
  File "c:\Users\allie\Coding Projects\huggin_suite\huginn\app\core\asset_manager.py", line 108, in init_database
    conn.execute("ALTER TABLE assets ADD COLUMN mac_address TEXT DEFAULT ''")
    ~~~~~~~~~~~~^^^^^^^^^^^^^^^^^^^^^^^^^^^^^^^^^^^^^^^^^^^^^^^^^^^^^^^^^^^^^
sqlite3.OperationalError: duplicate column name: mac_address
2026-05-23 21:23:35 - huginn - DEBUG - Suppressed exception
Traceback (most recent call last):
  File "c:\Users\allie\Coding Projects\huggin_suite\huginn\app\core\asset_manager.py", line 115, in init_database
    conn.execute("ALTER TABLE assets ADD COLUMN vendor TEXT DEFAULT ''")
    ~~~~~~~~~~~~^^^^^^^^^^^^^^^^^^^^^^^^^^^^^^^^^^^^^^^^^^^^^^^^^^^^^^^^
sqlite3.OperationalError: duplicate column name: vendor
2026-05-23 21:23:35 - huginn - DEBUG - Suppressed exception
Traceback (most recent call last):
  File "c:\Users\allie\Coding Projects\huggin_suite\huginn\app\core\asset_manager.py", line 122, in init_database
    conn.execute("ALTER TABLE assets ADD COLUMN notes TEXT DEFAULT ''")
    ~~~~~~~~~~~~^^^^^^^^^^^^^^^^^^^^^^^^^^^^^^^^^^^^^^^^^^^^^^^^^^^^^^^
sqlite3.OperationalError: duplicate column name: notes
2026-05-23 21:23:35 - huginn - INFO - Using default configuration
2026-05-23 21:23:37 - huginn - INFO - License saved successfully
2026-05-23 21:23:37 - huginn - INFO - License loaded and validated successfully
2026-05-23 21:23:48 - huginn - DEBUG - Suppressed exception
Traceback (most recent call last):
  File "c:\Users\allie\Coding Projects\huggin_suite\huginn\app\core\asset_manager.py", line 101, in init_database
    conn.execute("ALTER TABLE assets ADD COLUMN fqdn TEXT DEFAULT ''")
    ~~~~~~~~~~~~^^^^^^^^^^^^^^^^^^^^^^^^^^^^^^^^^^^^^^^^^^^^^^^^^^^^^^
sqlite3.OperationalError: duplicate column name: fqdn
2026-05-23 21:23:48 - huginn - DEBUG - Suppressed exception
Traceback (most recent call last):
  File "c:\Users\allie\Coding Projects\huggin_suite\huginn\app\core\asset_manager.py", line 108, in init_database
    conn.execute("ALTER TABLE assets ADD COLUMN mac_address TEXT DEFAULT ''")
    ~~~~~~~~~~~~^^^^^^^^^^^^^^^^^^^^^^^^^^^^^^^^^^^^^^^^^^^^^^^^^^^^^^^^^^^^^
sqlite3.OperationalError: duplicate column name: mac_address
2026-05-23 21:23:48 - huginn - DEBUG - Suppressed exception
Traceback (most recent call last):
  File "c:\Users\allie\Coding Projects\huggin_suite\huginn\app\core\asset_manager.py", line 115, in init_database
    conn.execute("ALTER TABLE assets ADD COLUMN vendor TEXT DEFAULT ''")
    ~~~~~~~~~~~~^^^^^^^^^^^^^^^^^^^^^^^^^^^^^^^^^^^^^^^^^^^^^^^^^^^^^^^^
sqlite3.OperationalError: duplicate column name: vendor
2026-05-23 21:23:48 - huginn - DEBUG - Suppressed exception
Traceback (most recent call last):
  File "c:\Users\allie\Coding Projects\huggin_suite\huginn\app\core\asset_manager.py", line 122, in init_database
    conn.execute("ALTER TABLE assets ADD COLUMN notes TEXT DEFAULT ''")
    ~~~~~~~~~~~~^^^^^^^^^^^^^^^^^^^^^^^^^^^^^^^^^^^^^^^^^^^^^^^^^^^^^^^
sqlite3.OperationalError: duplicate column name: notes
2026-05-23 21:23:49 - huginn - INFO - Using default configuration
2026-05-23 21:23:51 - huginn - INFO - License saved successfully
2026-05-23 21:23:51 - huginn - INFO - License loaded and validated successfully
2026-05-23 21:24:16 - huginn - DEBUG - Suppressed exception
Traceback (most recent call last):
  File "c:\Users\allie\Coding Projects\huggin_suite\huginn\app\core\asset_manager.py", line 101, in init_database
    conn.execute("ALTER TABLE assets ADD COLUMN fqdn TEXT DEFAULT ''")
    ~~~~~~~~~~~~^^^^^^^^^^^^^^^^^^^^^^^^^^^^^^^^^^^^^^^^^^^^^^^^^^^^^^
sqlite3.OperationalError: duplicate column name: fqdn
2026-05-23 21:24:16 - huginn - DEBUG - Suppressed exception
Traceback (most recent call last):
  File "c:\Users\allie\Coding Projects\huggin_suite\huginn\app\core\asset_manager.py", line 108, in init_database
    conn.execute("ALTER TABLE assets ADD COLUMN mac_address TEXT DEFAULT ''")
    ~~~~~~~~~~~~^^^^^^^^^^^^^^^^^^^^^^^^^^^^^^^^^^^^^^^^^^^^^^^^^^^^^^^^^^^^^
sqlite3.OperationalError: duplicate column name: mac_address
2026-05-23 21:24:16 - huginn - DEBUG - Suppressed exception
Traceback (most recent call last):
  File "c:\Users\allie\Coding Projects\huggin_suite\huginn\app\core\asset_manager.py", line 115, in init_database
    conn.execute("ALTER TABLE assets ADD COLUMN vendor TEXT DEFAULT ''")
    ~~~~~~~~~~~~^^^^^^^^^^^^^^^^^^^^^^^^^^^^^^^^^^^^^^^^^^^^^^^^^^^^^^^^
sqlite3.OperationalError: duplicate column name: vendor
2026-05-23 21:24:16 - huginn - DEBUG - Suppressed exception
Traceback (most recent call last):
  File "c:\Users\allie\Coding Projects\huggin_suite\huginn\app\core\asset_manager.py", line 122, in init_database
    conn.execute("ALTER TABLE assets ADD COLUMN notes TEXT DEFAULT ''")
    ~~~~~~~~~~~~^^^^^^^^^^^^^^^^^^^^^^^^^^^^^^^^^^^^^^^^^^^^^^^^^^^^^^^
sqlite3.OperationalError: duplicate column name: notes
2026-05-23 21:24:16 - huginn - INFO - Using default configuration
2026-05-23 21:24:18 - huginn - INFO - License saved successfully
2026-05-23 21:24:18 - huginn - INFO - License loaded and validated successfully
2026-05-23 21:25:00 - huginn - DEBUG - Suppressed exception
Traceback (most recent call last):
  File "c:\Users\allie\Coding Projects\huggin_suite\huginn\app\core\asset_manager.py", line 101, in init_database
    conn.execute("ALTER TABLE assets ADD COLUMN fqdn TEXT DEFAULT ''")
    ~~~~~~~~~~~~^^^^^^^^^^^^^^^^^^^^^^^^^^^^^^^^^^^^^^^^^^^^^^^^^^^^^^
sqlite3.OperationalError: duplicate column name: fqdn
2026-05-23 21:25:00 - huginn - DEBUG - Suppressed exception
Traceback (most recent call last):
  File "c:\Users\allie\Coding Projects\huggin_suite\huginn\app\core\asset_manager.py", line 108, in init_database
    conn.execute("ALTER TABLE assets ADD COLUMN mac_address TEXT DEFAULT ''")
    ~~~~~~~~~~~~^^^^^^^^^^^^^^^^^^^^^^^^^^^^^^^^^^^^^^^^^^^^^^^^^^^^^^^^^^^^^
sqlite3.OperationalError: duplicate column name: mac_address
2026-05-23 21:25:00 - huginn - DEBUG - Suppressed exception
Traceback (most recent call last):
  File "c:\Users\allie\Coding Projects\huggin_suite\huginn\app\core\asset_manager.py", line 115, in init_database
    conn.execute("ALTER TABLE assets ADD COLUMN vendor TEXT DEFAULT ''")
    ~~~~~~~~~~~~^^^^^^^^^^^^^^^^^^^^^^^^^^^^^^^^^^^^^^^^^^^^^^^^^^^^^^^^
sqlite3.OperationalError: duplicate column name: vendor
2026-05-23 21:25:00 - huginn - DEBUG - Suppressed exception
Traceback (most recent call last):
  File "c:\Users\allie\Coding Projects\huggin_suite\huginn\app\core\asset_manager.py", line 122, in init_database
    conn.execute("ALTER TABLE assets ADD COLUMN notes TEXT DEFAULT ''")
    ~~~~~~~~~~~~^^^^^^^^^^^^^^^^^^^^^^^^^^^^^^^^^^^^^^^^^^^^^^^^^^^^^^^
sqlite3.OperationalError: duplicate column name: notes
2026-05-23 21:25:00 - huginn - INFO - Using default configuration
2026-05-23 21:25:02 - huginn - INFO - License saved successfully
2026-05-23 21:25:02 - huginn - INFO - License loaded and validated successfully
2026-05-23 21:25:13 - huginn - DEBUG - Suppressed exception
Traceback (most recent call last):
  File "c:\Users\allie\Coding Projects\huggin_suite\huginn\app\core\asset_manager.py", line 101, in init_database
    conn.execute("ALTER TABLE assets ADD COLUMN fqdn TEXT DEFAULT ''")
    ~~~~~~~~~~~~^^^^^^^^^^^^^^^^^^^^^^^^^^^^^^^^^^^^^^^^^^^^^^^^^^^^^^
sqlite3.OperationalError: duplicate column name: fqdn
2026-05-23 21:25:13 - huginn - DEBUG - Suppressed exception
Traceback (most recent call last):
  File "c:\Users\allie\Coding Projects\huggin_suite\huginn\app\core\asset_manager.py", line 108, in init_database
    conn.execute("ALTER TABLE assets ADD COLUMN mac_address TEXT DEFAULT ''")
    ~~~~~~~~~~~~^^^^^^^^^^^^^^^^^^^^^^^^^^^^^^^^^^^^^^^^^^^^^^^^^^^^^^^^^^^^^
sqlite3.OperationalError: duplicate column name: mac_address
2026-05-23 21:25:13 - huginn - DEBUG - Suppressed exception
Traceback (most recent call last):
  File "c:\Users\allie\Coding Projects\huggin_suite\huginn\app\core\asset_manager.py", line 115, in init_database
    conn.execute("ALTER TABLE assets ADD COLUMN vendor TEXT DEFAULT ''")
    ~~~~~~~~~~~~^^^^^^^^^^^^^^^^^^^^^^^^^^^^^^^^^^^^^^^^^^^^^^^^^^^^^^^^
sqlite3.OperationalError: duplicate column name: vendor
2026-05-23 21:25:13 - huginn - DEBUG - Suppressed exception
Traceback (most recent call last):
  File "c:\Users\allie\Coding Projects\huggin_suite\huginn\app\core\asset_manager.py", line 122, in init_database
    conn.execute("ALTER TABLE assets ADD COLUMN notes TEXT DEFAULT ''")
    ~~~~~~~~~~~~^^^^^^^^^^^^^^^^^^^^^^^^^^^^^^^^^^^^^^^^^^^^^^^^^^^^^^^
sqlite3.OperationalError: duplicate column name: notes
2026-05-23 21:25:13 - huginn - INFO - Using default configuration
2026-05-23 21:25:15 - huginn - INFO - License saved successfully
2026-05-23 21:25:15 - huginn - INFO - License loaded and validated successfully
2026-05-23 21:25:24 - huginn - DEBUG - Suppressed exception
Traceback (most recent call last):
  File "c:\Users\allie\Coding Projects\huggin_suite\huginn\app\core\asset_manager.py", line 101, in init_database
    conn.execute("ALTER TABLE assets ADD COLUMN fqdn TEXT DEFAULT ''")
    ~~~~~~~~~~~~^^^^^^^^^^^^^^^^^^^^^^^^^^^^^^^^^^^^^^^^^^^^^^^^^^^^^^
sqlite3.OperationalError: duplicate column name: fqdn
2026-05-23 21:25:24 - huginn - DEBUG - Suppressed exception
Traceback (most recent call last):
  File "c:\Users\allie\Coding Projects\huggin_suite\huginn\app\core\asset_manager.py", line 108, in init_database
    conn.execute("ALTER TABLE assets ADD COLUMN mac_address TEXT DEFAULT ''")
    ~~~~~~~~~~~~^^^^^^^^^^^^^^^^^^^^^^^^^^^^^^^^^^^^^^^^^^^^^^^^^^^^^^^^^^^^^
sqlite3.OperationalError: duplicate column name: mac_address
2026-05-23 21:25:24 - huginn - DEBUG - Suppressed exception
Traceback (most recent call last):
  File "c:\Users\allie\Coding Projects\huggin_suite\huginn\app\core\asset_manager.py", line 115, in init_database
    conn.execute("ALTER TABLE assets ADD COLUMN vendor TEXT DEFAULT ''")
    ~~~~~~~~~~~~^^^^^^^^^^^^^^^^^^^^^^^^^^^^^^^^^^^^^^^^^^^^^^^^^^^^^^^^
sqlite3.OperationalError: duplicate column name: vendor
2026-05-23 21:25:24 - huginn - DEBUG - Suppressed exception
Traceback (most recent call last):
  File "c:\Users\allie\Coding Projects\huggin_suite\huginn\app\core\asset_manager.py", line 122, in init_database
    conn.execute("ALTER TABLE assets ADD COLUMN notes TEXT DEFAULT ''")
    ~~~~~~~~~~~~^^^^^^^^^^^^^^^^^^^^^^^^^^^^^^^^^^^^^^^^^^^^^^^^^^^^^^^
sqlite3.OperationalError: duplicate column name: notes
2026-05-23 21:25:24 - huginn - INFO - Using default configuration
2026-05-23 21:25:26 - huginn - INFO - License saved successfully
2026-05-23 21:25:26 - huginn - INFO - License loaded and validated successfully
2026-05-23 21:25:37 - huginn - DEBUG - Suppressed exception
Traceback (most recent call last):
  File "c:\Users\allie\Coding Projects\huggin_suite\huginn\app\core\asset_manager.py", line 101, in init_database
    conn.execute("ALTER TABLE assets ADD COLUMN fqdn TEXT DEFAULT ''")
    ~~~~~~~~~~~~^^^^^^^^^^^^^^^^^^^^^^^^^^^^^^^^^^^^^^^^^^^^^^^^^^^^^^
sqlite3.OperationalError: duplicate column name: fqdn
2026-05-23 21:25:37 - huginn - DEBUG - Suppressed exception
Traceback (most recent call last):
  File "c:\Users\allie\Coding Projects\huggin_suite\huginn\app\core\asset_manager.py", line 108, in init_database
    conn.execute("ALTER TABLE assets ADD COLUMN mac_address TEXT DEFAULT ''")
    ~~~~~~~~~~~~^^^^^^^^^^^^^^^^^^^^^^^^^^^^^^^^^^^^^^^^^^^^^^^^^^^^^^^^^^^^^
sqlite3.OperationalError: duplicate column name: mac_address
2026-05-23 21:25:37 - huginn - DEBUG - Suppressed exception
Traceback (most recent call last):
  File "c:\Users\allie\Coding Projects\huggin_suite\huginn\app\core\asset_manager.py", line 115, in init_database
    conn.execute("ALTER TABLE assets ADD COLUMN vendor TEXT DEFAULT ''")
    ~~~~~~~~~~~~^^^^^^^^^^^^^^^^^^^^^^^^^^^^^^^^^^^^^^^^^^^^^^^^^^^^^^^^
sqlite3.OperationalError: duplicate column name: vendor
2026-05-23 21:25:37 - huginn - DEBUG - Suppressed exception
Traceback (most recent call last):
  File "c:\Users\allie\Coding Projects\huggin_suite\huginn\app\core\asset_manager.py", line 122, in init_database
    conn.execute("ALTER TABLE assets ADD COLUMN notes TEXT DEFAULT ''")
    ~~~~~~~~~~~~^^^^^^^^^^^^^^^^^^^^^^^^^^^^^^^^^^^^^^^^^^^^^^^^^^^^^^^
sqlite3.OperationalError: duplicate column name: notes
2026-05-23 21:25:37 - huginn - INFO - Using default configuration
2026-05-23 21:25:40 - huginn - INFO - License saved successfully
2026-05-23 21:25:40 - huginn - INFO - License loaded and validated successfully
2026-05-23 21:37:38 - huginn - INFO - License saved successfully
2026-05-23 21:37:38 - huginn - INFO - License loaded and validated successfully
2026-05-23 21:37:38 - huginn - INFO - Application starting...
2026-05-23 21:37:38 - huginn - INFO - Font loaded successfully
2026-05-23 21:37:38 - huginn - INFO - Stylesheet loaded successfully
2026-05-23 21:37:38 - huginn - INFO - Creating main window...
2026-05-23 21:37:38 - huginn - INFO - QThreadPool max threads set to 32 (CPUs: 32)
2026-05-23 21:37:38 - huginn - INFO - Custom font 'Neuropol X' loaded from C:\Users\allie\Coding Projects\huggin_suite\huginn\resources\fonts\neuropol.otf
2026-05-23 21:37:38 - huginn - DEBUG - Suppressed exception
Traceback (most recent call last):
  File "C:\Users\allie\Coding Projects\huggin_suite\huginn\app\pages\page_registry.py", line 45, in register_all_pages
    from app.pages.db_attacks_page import DBAttacksPage
ImportError: cannot import name 'DBAttacksPage' from 'app.pages.db_attacks_page' (C:\Users\allie\Coding Projects\huggin_suite\huginn\app\pages\db_attacks_page.py)
2026-05-23 21:37:41 - huginn - DEBUG - Suppressed exception
Traceback (most recent call last):
  File "C:\Users\allie\Coding Projects\huggin_suite\huginn\app\core\scope_manager.py", line 62, in _parse_scope_text
    ipaddress.IPv4Address(item)
    ~~~~~~~~~~~~~~~~~~~~~^^^^^^
  File "C:\Users\allie\anaconda3\Lib\ipaddress.py", line 1319, in __init__
    self._ip = self._ip_int_from_string(addr_str)
               ~~~~~~~~~~~~~~~~~~~~~~~~^^^^^^^^^^
  File "C:\Users\allie\anaconda3\Lib\ipaddress.py", line 1206, in _ip_int_from_string
    raise AddressValueError("Expected 4 octets in %r" % ip_str)
ipaddress.AddressValueError: Expected 4 octets in '*.lab.local'
2026-05-23 21:37:41 - huginn - DEBUG - Suppressed exception
Traceback (most recent call last):
  File "C:\Users\allie\Coding Projects\huggin_suite\huginn\app\core\scope_manager.py", line 62, in _parse_scope_text
    ipaddress.IPv4Address(item)
    ~~~~~~~~~~~~~~~~~~~~~^^^^^^
  File "C:\Users\allie\anaconda3\Lib\ipaddress.py", line 1319, in __init__
    self._ip = self._ip_int_from_string(addr_str)
               ~~~~~~~~~~~~~~~~~~~~~~~~^^^^^^^^^^
  File "C:\Users\allie\anaconda3\Lib\ipaddress.py", line 1206, in _ip_int_from_string
    raise AddressValueError("Expected 4 octets in %r" % ip_str)
ipaddress.AddressValueError: Expected 4 octets in '*.lab.local'
2026-05-23 21:37:43 - huginn - DEBUG - Wireless security tab unavailable
Traceback (most recent call last):
  File "C:\Users\allie\Coding Projects\huggin_suite\huginn\app\pages\recon_enumeration_page.py", line 99, in setup_ui
    wireless_tab = WirelessSecurityWidget(self)
  File "C:\Users\allie\Coding Projects\huggin_suite\huginn\app\widgets\wireless_security_widget.py", line 52, in __init__
    self.connect_signals()
    ~~~~~~~~~~~~~~~~~~~~^^
  File "C:\Users\allie\Coding Projects\huggin_suite\huginn\app\widgets\wireless_security_widget.py", line 303, in connect_signals
    self.generate_report_btn.clicked.connect(self.generate_report)
    ^^^^^^^^^^^^^^^^^^^^^^^^
AttributeError: 'WirelessSecurityWidget' object has no attribute 'generate_report_btn'. Did you mean: 'generate_report'?
2026-05-23 21:45:36 - huginn - DEBUG - Suppressed exception
Traceback (most recent call last):
  File "c:\Users\allie\Coding Projects\huggin_suite\huginn\app\core\asset_manager.py", line 101, in init_database
    conn.execute("ALTER TABLE assets ADD COLUMN fqdn TEXT DEFAULT ''")
    ~~~~~~~~~~~~^^^^^^^^^^^^^^^^^^^^^^^^^^^^^^^^^^^^^^^^^^^^^^^^^^^^^^
sqlite3.OperationalError: duplicate column name: fqdn
2026-05-23 21:45:36 - huginn - DEBUG - Suppressed exception
Traceback (most recent call last):
  File "c:\Users\allie\Coding Projects\huggin_suite\huginn\app\core\asset_manager.py", line 108, in init_database
    conn.execute("ALTER TABLE assets ADD COLUMN mac_address TEXT DEFAULT ''")
    ~~~~~~~~~~~~^^^^^^^^^^^^^^^^^^^^^^^^^^^^^^^^^^^^^^^^^^^^^^^^^^^^^^^^^^^^^
sqlite3.OperationalError: duplicate column name: mac_address
2026-05-23 21:45:36 - huginn - DEBUG - Suppressed exception
Traceback (most recent call last):
  File "c:\Users\allie\Coding Projects\huggin_suite\huginn\app\core\asset_manager.py", line 115, in init_database
    conn.execute("ALTER TABLE assets ADD COLUMN vendor TEXT DEFAULT ''")
    ~~~~~~~~~~~~^^^^^^^^^^^^^^^^^^^^^^^^^^^^^^^^^^^^^^^^^^^^^^^^^^^^^^^^
sqlite3.OperationalError: duplicate column name: vendor
2026-05-23 21:45:36 - huginn - DEBUG - Suppressed exception
Traceback (most recent call last):
  File "c:\Users\allie\Coding Projects\huggin_suite\huginn\app\core\asset_manager.py", line 122, in init_database
    conn.execute("ALTER TABLE assets ADD COLUMN notes TEXT DEFAULT ''")
    ~~~~~~~~~~~~^^^^^^^^^^^^^^^^^^^^^^^^^^^^^^^^^^^^^^^^^^^^^^^^^^^^^^^
sqlite3.OperationalError: duplicate column name: notes
2026-05-23 21:45:36 - huginn - INFO - Using default configuration
2026-05-23 21:45:39 - huginn - INFO - License saved successfully
2026-05-23 21:45:39 - huginn - INFO - License loaded and validated successfully
2026-05-23 21:45:56 - huginn - DEBUG - Suppressed exception
Traceback (most recent call last):
  File "c:\Users\allie\Coding Projects\huggin_suite\huginn\app\core\asset_manager.py", line 101, in init_database
    conn.execute("ALTER TABLE assets ADD COLUMN fqdn TEXT DEFAULT ''")
    ~~~~~~~~~~~~^^^^^^^^^^^^^^^^^^^^^^^^^^^^^^^^^^^^^^^^^^^^^^^^^^^^^^
sqlite3.OperationalError: duplicate column name: fqdn
2026-05-23 21:45:56 - huginn - DEBUG - Suppressed exception
Traceback (most recent call last):
  File "c:\Users\allie\Coding Projects\huggin_suite\huginn\app\core\asset_manager.py", line 108, in init_database
    conn.execute("ALTER TABLE assets ADD COLUMN mac_address TEXT DEFAULT ''")
    ~~~~~~~~~~~~^^^^^^^^^^^^^^^^^^^^^^^^^^^^^^^^^^^^^^^^^^^^^^^^^^^^^^^^^^^^^
sqlite3.OperationalError: duplicate column name: mac_address
2026-05-23 21:45:56 - huginn - DEBUG - Suppressed exception
Traceback (most recent call last):
  File "c:\Users\allie\Coding Projects\huggin_suite\huginn\app\core\asset_manager.py", line 115, in init_database
    conn.execute("ALTER TABLE assets ADD COLUMN vendor TEXT DEFAULT ''")
    ~~~~~~~~~~~~^^^^^^^^^^^^^^^^^^^^^^^^^^^^^^^^^^^^^^^^^^^^^^^^^^^^^^^^
sqlite3.OperationalError: duplicate column name: vendor
2026-05-23 21:45:56 - huginn - DEBUG - Suppressed exception
Traceback (most recent call last):
  File "c:\Users\allie\Coding Projects\huggin_suite\huginn\app\core\asset_manager.py", line 122, in init_database
    conn.execute("ALTER TABLE assets ADD COLUMN notes TEXT DEFAULT ''")
    ~~~~~~~~~~~~^^^^^^^^^^^^^^^^^^^^^^^^^^^^^^^^^^^^^^^^^^^^^^^^^^^^^^^
sqlite3.OperationalError: duplicate column name: notes
2026-05-23 21:45:56 - huginn - INFO - Using default configuration
2026-05-23 21:45:58 - huginn - INFO - License saved successfully
2026-05-23 21:45:58 - huginn - INFO - License loaded and validated successfully
2026-05-23 21:46:06 - huginn - DEBUG - Suppressed exception
Traceback (most recent call last):
  File "C:\Users\allie\Coding Projects\huggin_suite\huginn\app\core\asset_manager.py", line 101, in init_database
    conn.execute("ALTER TABLE assets ADD COLUMN fqdn TEXT DEFAULT ''")
    ~~~~~~~~~~~~^^^^^^^^^^^^^^^^^^^^^^^^^^^^^^^^^^^^^^^^^^^^^^^^^^^^^^
sqlite3.OperationalError: duplicate column name: fqdn
2026-05-23 21:46:06 - huginn - DEBUG - Suppressed exception
Traceback (most recent call last):
  File "C:\Users\allie\Coding Projects\huggin_suite\huginn\app\core\asset_manager.py", line 108, in init_database
    conn.execute("ALTER TABLE assets ADD COLUMN mac_address TEXT DEFAULT ''")
    ~~~~~~~~~~~~^^^^^^^^^^^^^^^^^^^^^^^^^^^^^^^^^^^^^^^^^^^^^^^^^^^^^^^^^^^^^
sqlite3.OperationalError: duplicate column name: mac_address
2026-05-23 21:46:06 - huginn - DEBUG - Suppressed exception
Traceback (most recent call last):
  File "C:\Users\allie\Coding Projects\huggin_suite\huginn\app\core\asset_manager.py", line 115, in init_database
    conn.execute("ALTER TABLE assets ADD COLUMN vendor TEXT DEFAULT ''")
    ~~~~~~~~~~~~^^^^^^^^^^^^^^^^^^^^^^^^^^^^^^^^^^^^^^^^^^^^^^^^^^^^^^^^
sqlite3.OperationalError: duplicate column name: vendor
2026-05-23 21:46:06 - huginn - DEBUG - Suppressed exception
Traceback (most recent call last):
  File "C:\Users\allie\Coding Projects\huggin_suite\huginn\app\core\asset_manager.py", line 122, in init_database
    conn.execute("ALTER TABLE assets ADD COLUMN notes TEXT DEFAULT ''")
    ~~~~~~~~~~~~^^^^^^^^^^^^^^^^^^^^^^^^^^^^^^^^^^^^^^^^^^^^^^^^^^^^^^^
sqlite3.OperationalError: duplicate column name: notes
2026-05-23 21:46:20 - huginn - DEBUG - Suppressed exception
Traceback (most recent call last):
  File "C:\Users\allie\Coding Projects\huggin_suite\huginn\app\tools\port_scanner.py", line 442, in scan_tcp_port
    banner = sock.recv(1024).decode("utf-8", errors="ignore").strip()
             ~~~~~~~~~^^^^^^
TimeoutError: timed out
2026-05-23 21:48:27 - huginn - DEBUG - Memory monitoring stopped
2026-05-23 21:48:27 - huginn - DEBUG - Connection pool closed all sessions
2026-05-23 21:48:27 - huginn - INFO - Update manager stopped during cleanup
2026-05-23 21:49:02 - huginn - INFO - License saved successfully
2026-05-23 21:49:02 - huginn - INFO - License loaded and validated successfully
2026-05-23 21:49:02 - huginn - INFO - Application starting...
2026-05-23 21:49:02 - huginn - INFO - Font loaded successfully
2026-05-23 21:49:02 - huginn - INFO - Stylesheet loaded successfully
2026-05-23 21:49:02 - huginn - INFO - Creating main window...
2026-05-23 21:49:02 - huginn - INFO - QThreadPool max threads set to 32 (CPUs: 32)
2026-05-23 21:49:02 - huginn - INFO - Custom font 'Neuropol X' loaded from C:\Users\allie\Coding Projects\huggin_suite\huginn\resources\fonts\neuropol.otf
2026-05-23 21:49:02 - huginn - DEBUG - Suppressed exception
Traceback (most recent call last):
  File "C:\Users\allie\Coding Projects\huggin_suite\huginn\app\pages\page_registry.py", line 45, in register_all_pages
    from app.pages.db_attacks_page import DBAttacksPage
ImportError: cannot import name 'DBAttacksPage' from 'app.pages.db_attacks_page' (C:\Users\allie\Coding Projects\huggin_suite\huginn\app\pages\db_attacks_page.py)
2026-05-23 21:49:05 - huginn - DEBUG - Suppressed exception
Traceback (most recent call last):
  File "C:\Users\allie\Coding Projects\huggin_suite\huginn\app\core\scope_manager.py", line 62, in _parse_scope_text
    ipaddress.IPv4Address(item)
    ~~~~~~~~~~~~~~~~~~~~~^^^^^^
  File "C:\Users\allie\anaconda3\Lib\ipaddress.py", line 1319, in __init__
    self._ip = self._ip_int_from_string(addr_str)
               ~~~~~~~~~~~~~~~~~~~~~~~~^^^^^^^^^^
  File "C:\Users\allie\anaconda3\Lib\ipaddress.py", line 1206, in _ip_int_from_string
    raise AddressValueError("Expected 4 octets in %r" % ip_str)
ipaddress.AddressValueError: Expected 4 octets in '*.lab.local'
2026-05-23 21:49:05 - huginn - DEBUG - Suppressed exception
Traceback (most recent call last):
  File "C:\Users\allie\Coding Projects\huggin_suite\huginn\app\core\scope_manager.py", line 62, in _parse_scope_text
    ipaddress.IPv4Address(item)
    ~~~~~~~~~~~~~~~~~~~~~^^^^^^
  File "C:\Users\allie\anaconda3\Lib\ipaddress.py", line 1319, in __init__
    self._ip = self._ip_int_from_string(addr_str)
               ~~~~~~~~~~~~~~~~~~~~~~~~^^^^^^^^^^
  File "C:\Users\allie\anaconda3\Lib\ipaddress.py", line 1206, in _ip_int_from_string
    raise AddressValueError("Expected 4 octets in %r" % ip_str)
ipaddress.AddressValueError: Expected 4 octets in '*.lab.local'
2026-05-23 21:49:06 - huginn - DEBUG - Wireless security tab unavailable
Traceback (most recent call last):
  File "C:\Users\allie\Coding Projects\huggin_suite\huginn\app\pages\recon_enumeration_page.py", line 99, in setup_ui
    wireless_tab = WirelessSecurityWidget(self)
  File "C:\Users\allie\Coding Projects\huggin_suite\huginn\app\widgets\wireless_security_widget.py", line 52, in __init__
    self.connect_signals()
    ~~~~~~~~~~~~~~~~~~~~^^
  File "C:\Users\allie\Coding Projects\huggin_suite\huginn\app\widgets\wireless_security_widget.py", line 303, in connect_signals
    self.generate_report_btn.clicked.connect(self.generate_report)
    ^^^^^^^^^^^^^^^^^^^^^^^^
AttributeError: 'WirelessSecurityWidget' object has no attribute 'generate_report_btn'. Did you mean: 'generate_report'?
2026-05-23 21:50:02 - huginn - DEBUG - Memory monitoring stopped
2026-05-23 21:50:02 - huginn - DEBUG - Connection pool closed all sessions
2026-05-23 21:50:02 - huginn - INFO - Update manager stopped during cleanup
2026-05-23 21:50:14 - huginn - DEBUG - Suppressed exception
Traceback (most recent call last):
  File "c:\Users\allie\Coding Projects\huggin_suite\huginn\app\core\asset_manager.py", line 101, in init_database
    conn.execute("ALTER TABLE assets ADD COLUMN fqdn TEXT DEFAULT ''")
    ~~~~~~~~~~~~^^^^^^^^^^^^^^^^^^^^^^^^^^^^^^^^^^^^^^^^^^^^^^^^^^^^^^
sqlite3.OperationalError: duplicate column name: fqdn
2026-05-23 21:50:14 - huginn - DEBUG - Suppressed exception
Traceback (most recent call last):
  File "c:\Users\allie\Coding Projects\huggin_suite\huginn\app\core\asset_manager.py", line 108, in init_database
    conn.execute("ALTER TABLE assets ADD COLUMN mac_address TEXT DEFAULT ''")
    ~~~~~~~~~~~~^^^^^^^^^^^^^^^^^^^^^^^^^^^^^^^^^^^^^^^^^^^^^^^^^^^^^^^^^^^^^
sqlite3.OperationalError: duplicate column name: mac_address
2026-05-23 21:50:14 - huginn - DEBUG - Suppressed exception
Traceback (most recent call last):
  File "c:\Users\allie\Coding Projects\huggin_suite\huginn\app\core\asset_manager.py", line 115, in init_database
    conn.execute("ALTER TABLE assets ADD COLUMN vendor TEXT DEFAULT ''")
    ~~~~~~~~~~~~^^^^^^^^^^^^^^^^^^^^^^^^^^^^^^^^^^^^^^^^^^^^^^^^^^^^^^^^
sqlite3.OperationalError: duplicate column name: vendor
2026-05-23 21:50:14 - huginn - DEBUG - Suppressed exception
Traceback (most recent call last):
  File "c:\Users\allie\Coding Projects\huggin_suite\huginn\app\core\asset_manager.py", line 122, in init_database
    conn.execute("ALTER TABLE assets ADD COLUMN notes TEXT DEFAULT ''")
    ~~~~~~~~~~~~^^^^^^^^^^^^^^^^^^^^^^^^^^^^^^^^^^^^^^^^^^^^^^^^^^^^^^^
sqlite3.OperationalError: duplicate column name: notes
2026-05-23 21:50:14 - huginn - INFO - Using default configuration
2026-05-23 21:50:17 - huginn - INFO - License saved successfully
2026-05-23 21:50:17 - huginn - INFO - License loaded and validated successfully
2026-05-23 21:50:45 - huginn - INFO - License saved successfully
2026-05-23 21:50:45 - huginn - INFO - License loaded and validated successfully
2026-05-23 21:50:45 - huginn - INFO - Application starting...
2026-05-23 21:50:45 - huginn - INFO - Font loaded successfully
2026-05-23 21:50:45 - huginn - INFO - Stylesheet loaded successfully
2026-05-23 21:50:45 - huginn - INFO - Creating main window...
2026-05-23 21:50:45 - huginn - INFO - QThreadPool max threads set to 32 (CPUs: 32)
2026-05-23 21:50:45 - huginn - INFO - Custom font 'Neuropol X' loaded from C:\Users\allie\Coding Projects\huggin_suite\huginn\resources\fonts\neuropol.otf
2026-05-23 21:50:45 - huginn - DEBUG - Suppressed exception
Traceback (most recent call last):
  File "C:\Users\allie\Coding Projects\huggin_suite\huginn\app\pages\page_registry.py", line 45, in register_all_pages
    from app.pages.db_attacks_page import DBAttacksPage
ImportError: cannot import name 'DBAttacksPage' from 'app.pages.db_attacks_page' (C:\Users\allie\Coding Projects\huggin_suite\huginn\app\pages\db_attacks_page.py)
2026-05-23 21:50:49 - huginn - DEBUG - Suppressed exception
Traceback (most recent call last):
  File "C:\Users\allie\Coding Projects\huggin_suite\huginn\app\core\scope_manager.py", line 62, in _parse_scope_text
    ipaddress.IPv4Address(item)
    ~~~~~~~~~~~~~~~~~~~~~^^^^^^
  File "C:\Users\allie\anaconda3\Lib\ipaddress.py", line 1319, in __init__
    self._ip = self._ip_int_from_string(addr_str)
               ~~~~~~~~~~~~~~~~~~~~~~~~^^^^^^^^^^
  File "C:\Users\allie\anaconda3\Lib\ipaddress.py", line 1206, in _ip_int_from_string
    raise AddressValueError("Expected 4 octets in %r" % ip_str)
ipaddress.AddressValueError: Expected 4 octets in '*.lab.local'
2026-05-23 21:50:49 - huginn - DEBUG - Suppressed exception
Traceback (most recent call last):
  File "C:\Users\allie\Coding Projects\huggin_suite\huginn\app\core\scope_manager.py", line 62, in _parse_scope_text
    ipaddress.IPv4Address(item)
    ~~~~~~~~~~~~~~~~~~~~~^^^^^^
  File "C:\Users\allie\anaconda3\Lib\ipaddress.py", line 1319, in __init__
    self._ip = self._ip_int_from_string(addr_str)
               ~~~~~~~~~~~~~~~~~~~~~~~~^^^^^^^^^^
  File "C:\Users\allie\anaconda3\Lib\ipaddress.py", line 1206, in _ip_int_from_string
    raise AddressValueError("Expected 4 octets in %r" % ip_str)
ipaddress.AddressValueError: Expected 4 octets in '*.lab.local'
2026-05-23 21:50:50 - huginn - DEBUG - Wireless security tab unavailable
Traceback (most recent call last):
  File "C:\Users\allie\Coding Projects\huggin_suite\huginn\app\pages\recon_enumeration_page.py", line 99, in setup_ui
    wireless_tab = WirelessSecurityWidget(self)
  File "C:\Users\allie\Coding Projects\huggin_suite\huginn\app\widgets\wireless_security_widget.py", line 52, in __init__
    self.connect_signals()
    ~~~~~~~~~~~~~~~~~~~~^^
  File "C:\Users\allie\Coding Projects\huggin_suite\huginn\app\widgets\wireless_security_widget.py", line 303, in connect_signals
    self.generate_report_btn.clicked.connect(self.generate_report)
    ^^^^^^^^^^^^^^^^^^^^^^^^
AttributeError: 'WirelessSecurityWidget' object has no attribute 'generate_report_btn'. Did you mean: 'generate_report'?
2026-05-23 22:01:18 - huginn - DEBUG - Suppressed exception
Traceback (most recent call last):
  File "c:\Users\allie\Coding Projects\huggin_suite\huginn\app\core\asset_manager.py", line 101, in init_database
    conn.execute("ALTER TABLE assets ADD COLUMN fqdn TEXT DEFAULT ''")
    ~~~~~~~~~~~~^^^^^^^^^^^^^^^^^^^^^^^^^^^^^^^^^^^^^^^^^^^^^^^^^^^^^^
sqlite3.OperationalError: duplicate column name: fqdn
2026-05-23 22:01:18 - huginn - DEBUG - Suppressed exception
Traceback (most recent call last):
  File "c:\Users\allie\Coding Projects\huggin_suite\huginn\app\core\asset_manager.py", line 108, in init_database
    conn.execute("ALTER TABLE assets ADD COLUMN mac_address TEXT DEFAULT ''")
    ~~~~~~~~~~~~^^^^^^^^^^^^^^^^^^^^^^^^^^^^^^^^^^^^^^^^^^^^^^^^^^^^^^^^^^^^^
sqlite3.OperationalError: duplicate column name: mac_address
2026-05-23 22:01:18 - huginn - DEBUG - Suppressed exception
Traceback (most recent call last):
  File "c:\Users\allie\Coding Projects\huggin_suite\huginn\app\core\asset_manager.py", line 115, in init_database
    conn.execute("ALTER TABLE assets ADD COLUMN vendor TEXT DEFAULT ''")
    ~~~~~~~~~~~~^^^^^^^^^^^^^^^^^^^^^^^^^^^^^^^^^^^^^^^^^^^^^^^^^^^^^^^^
sqlite3.OperationalError: duplicate column name: vendor
2026-05-23 22:01:18 - huginn - DEBUG - Suppressed exception
Traceback (most recent call last):
  File "c:\Users\allie\Coding Projects\huggin_suite\huginn\app\core\asset_manager.py", line 122, in init_database
    conn.execute("ALTER TABLE assets ADD COLUMN notes TEXT DEFAULT ''")
    ~~~~~~~~~~~~^^^^^^^^^^^^^^^^^^^^^^^^^^^^^^^^^^^^^^^^^^^^^^^^^^^^^^^
sqlite3.OperationalError: duplicate column name: notes
2026-05-23 22:01:18 - huginn - INFO - Using default configuration
2026-05-23 22:01:20 - huginn - INFO - License saved successfully
2026-05-23 22:01:20 - huginn - INFO - License loaded and validated successfully
2026-05-23 22:01:40 - huginn - DEBUG - Suppressed exception
Traceback (most recent call last):
  File "c:\Users\allie\Coding Projects\huggin_suite\huginn\app\core\asset_manager.py", line 101, in init_database
    conn.execute("ALTER TABLE assets ADD COLUMN fqdn TEXT DEFAULT ''")
    ~~~~~~~~~~~~^^^^^^^^^^^^^^^^^^^^^^^^^^^^^^^^^^^^^^^^^^^^^^^^^^^^^^
sqlite3.OperationalError: duplicate column name: fqdn
2026-05-23 22:01:40 - huginn - DEBUG - Suppressed exception
Traceback (most recent call last):
  File "c:\Users\allie\Coding Projects\huggin_suite\huginn\app\core\asset_manager.py", line 108, in init_database
    conn.execute("ALTER TABLE assets ADD COLUMN mac_address TEXT DEFAULT ''")
    ~~~~~~~~~~~~^^^^^^^^^^^^^^^^^^^^^^^^^^^^^^^^^^^^^^^^^^^^^^^^^^^^^^^^^^^^^
sqlite3.OperationalError: duplicate column name: mac_address
2026-05-23 22:01:40 - huginn - DEBUG - Suppressed exception
Traceback (most recent call last):
  File "c:\Users\allie\Coding Projects\huggin_suite\huginn\app\core\asset_manager.py", line 115, in init_database
    conn.execute("ALTER TABLE assets ADD COLUMN vendor TEXT DEFAULT ''")
    ~~~~~~~~~~~~^^^^^^^^^^^^^^^^^^^^^^^^^^^^^^^^^^^^^^^^^^^^^^^^^^^^^^^^
sqlite3.OperationalError: duplicate column name: vendor
2026-05-23 22:01:40 - huginn - DEBUG - Suppressed exception
Traceback (most recent call last):
  File "c:\Users\allie\Coding Projects\huggin_suite\huginn\app\core\asset_manager.py", line 122, in init_database
    conn.execute("ALTER TABLE assets ADD COLUMN notes TEXT DEFAULT ''")
    ~~~~~~~~~~~~^^^^^^^^^^^^^^^^^^^^^^^^^^^^^^^^^^^^^^^^^^^^^^^^^^^^^^^
sqlite3.OperationalError: duplicate column name: notes
2026-05-23 22:01:40 - huginn - INFO - Using default configuration
2026-05-23 22:01:43 - huginn - INFO - License saved successfully
2026-05-23 22:01:43 - huginn - INFO - License loaded and validated successfully
2026-05-23 22:01:51 - huginn - DEBUG - Memory monitoring stopped
2026-05-23 22:01:51 - huginn - DEBUG - Connection pool closed all sessions
2026-05-23 22:01:51 - huginn - INFO - Update manager stopped during cleanup
2026-05-23 22:01:54 - huginn - INFO - License saved successfully
2026-05-23 22:01:54 - huginn - INFO - License loaded and validated successfully
2026-05-23 22:01:54 - huginn - INFO - Application starting...
2026-05-23 22:01:54 - huginn - INFO - Font loaded successfully
2026-05-23 22:01:54 - huginn - INFO - Stylesheet loaded successfully
2026-05-23 22:01:54 - huginn - INFO - Creating main window...
2026-05-23 22:01:54 - huginn - INFO - QThreadPool max threads set to 32 (CPUs: 32)
2026-05-23 22:01:54 - huginn - INFO - Custom font 'Neuropol X' loaded from C:\Users\allie\Coding Projects\huggin_suite\huginn\resources\fonts\neuropol.otf
2026-05-23 22:01:54 - huginn - DEBUG - Suppressed exception
Traceback (most recent call last):
  File "C:\Users\allie\Coding Projects\huggin_suite\huginn\app\pages\page_registry.py", line 45, in register_all_pages
    from app.pages.db_attacks_page import DBAttacksPage
ImportError: cannot import name 'DBAttacksPage' from 'app.pages.db_attacks_page' (C:\Users\allie\Coding Projects\huggin_suite\huginn\app\pages\db_attacks_page.py)
2026-05-23 22:01:57 - huginn - DEBUG - Suppressed exception
Traceback (most recent call last):
  File "C:\Users\allie\Coding Projects\huggin_suite\huginn\app\core\scope_manager.py", line 62, in _parse_scope_text
    ipaddress.IPv4Address(item)
    ~~~~~~~~~~~~~~~~~~~~~^^^^^^
  File "C:\Users\allie\anaconda3\Lib\ipaddress.py", line 1319, in __init__
    self._ip = self._ip_int_from_string(addr_str)
               ~~~~~~~~~~~~~~~~~~~~~~~~^^^^^^^^^^
  File "C:\Users\allie\anaconda3\Lib\ipaddress.py", line 1206, in _ip_int_from_string
    raise AddressValueError("Expected 4 octets in %r" % ip_str)
ipaddress.AddressValueError: Expected 4 octets in '*.lab.local'
2026-05-23 22:01:57 - huginn - DEBUG - Suppressed exception
Traceback (most recent call last):
  File "C:\Users\allie\Coding Projects\huggin_suite\huginn\app\core\scope_manager.py", line 62, in _parse_scope_text
    ipaddress.IPv4Address(item)
    ~~~~~~~~~~~~~~~~~~~~~^^^^^^
  File "C:\Users\allie\anaconda3\Lib\ipaddress.py", line 1319, in __init__
    self._ip = self._ip_int_from_string(addr_str)
               ~~~~~~~~~~~~~~~~~~~~~~~~^^^^^^^^^^
  File "C:\Users\allie\anaconda3\Lib\ipaddress.py", line 1206, in _ip_int_from_string
    raise AddressValueError("Expected 4 octets in %r" % ip_str)
ipaddress.AddressValueError: Expected 4 octets in '*.lab.local'
2026-05-23 22:01:58 - huginn - DEBUG - Wireless security tab unavailable
Traceback (most recent call last):
  File "C:\Users\allie\Coding Projects\huggin_suite\huginn\app\pages\recon_enumeration_page.py", line 99, in setup_ui
    wireless_tab = WirelessSecurityWidget(self)
  File "C:\Users\allie\Coding Projects\huggin_suite\huginn\app\widgets\wireless_security_widget.py", line 52, in __init__
    self.connect_signals()
    ~~~~~~~~~~~~~~~~~~~~^^
  File "C:\Users\allie\Coding Projects\huggin_suite\huginn\app\widgets\wireless_security_widget.py", line 303, in connect_signals
    self.generate_report_btn.clicked.connect(self.generate_report)
    ^^^^^^^^^^^^^^^^^^^^^^^^
AttributeError: 'WirelessSecurityWidget' object has no attribute 'generate_report_btn'. Did you mean: 'generate_report'?
2026-05-23 22:02:32 - huginn - DEBUG - Memory monitoring stopped
2026-05-23 22:02:32 - huginn - DEBUG - Connection pool closed all sessions
2026-05-23 22:02:32 - huginn - INFO - Update manager stopped during cleanup
2026-05-23 22:02:48 - huginn - DEBUG - Suppressed exception
Traceback (most recent call last):
  File "c:\Users\allie\Coding Projects\huggin_suite\huginn\app\core\asset_manager.py", line 101, in init_database
    conn.execute("ALTER TABLE assets ADD COLUMN fqdn TEXT DEFAULT ''")
    ~~~~~~~~~~~~^^^^^^^^^^^^^^^^^^^^^^^^^^^^^^^^^^^^^^^^^^^^^^^^^^^^^^
sqlite3.OperationalError: duplicate column name: fqdn
2026-05-23 22:02:48 - huginn - DEBUG - Suppressed exception
Traceback (most recent call last):
  File "c:\Users\allie\Coding Projects\huggin_suite\huginn\app\core\asset_manager.py", line 108, in init_database
    conn.execute("ALTER TABLE assets ADD COLUMN mac_address TEXT DEFAULT ''")
    ~~~~~~~~~~~~^^^^^^^^^^^^^^^^^^^^^^^^^^^^^^^^^^^^^^^^^^^^^^^^^^^^^^^^^^^^^
sqlite3.OperationalError: duplicate column name: mac_address
2026-05-23 22:02:48 - huginn - DEBUG - Suppressed exception
Traceback (most recent call last):
  File "c:\Users\allie\Coding Projects\huggin_suite\huginn\app\core\asset_manager.py", line 115, in init_database
    conn.execute("ALTER TABLE assets ADD COLUMN vendor TEXT DEFAULT ''")
    ~~~~~~~~~~~~^^^^^^^^^^^^^^^^^^^^^^^^^^^^^^^^^^^^^^^^^^^^^^^^^^^^^^^^
sqlite3.OperationalError: duplicate column name: vendor
2026-05-23 22:02:48 - huginn - DEBUG - Suppressed exception
Traceback (most recent call last):
  File "c:\Users\allie\Coding Projects\huggin_suite\huginn\app\core\asset_manager.py", line 122, in init_database
    conn.execute("ALTER TABLE assets ADD COLUMN notes TEXT DEFAULT ''")
    ~~~~~~~~~~~~^^^^^^^^^^^^^^^^^^^^^^^^^^^^^^^^^^^^^^^^^^^^^^^^^^^^^^^
sqlite3.OperationalError: duplicate column name: notes
2026-05-23 22:02:49 - huginn - INFO - Using default configuration
2026-05-23 22:02:51 - huginn - INFO - License saved successfully
2026-05-23 22:02:51 - huginn - INFO - License loaded and validated successfully
2026-05-23 22:03:13 - huginn - INFO - License saved successfully
2026-05-23 22:03:13 - huginn - INFO - License loaded and validated successfully
2026-05-23 22:03:14 - huginn - INFO - Application starting...
2026-05-23 22:03:14 - huginn - INFO - Font loaded successfully
2026-05-23 22:03:14 - huginn - INFO - Stylesheet loaded successfully
2026-05-23 22:03:14 - huginn - INFO - Creating main window...
2026-05-23 22:03:14 - huginn - INFO - QThreadPool max threads set to 32 (CPUs: 32)
2026-05-23 22:03:14 - huginn - INFO - Custom font 'Neuropol X' loaded from C:\Users\allie\Coding Projects\huggin_suite\huginn\resources\fonts\neuropol.otf
2026-05-23 22:03:14 - huginn - DEBUG - Suppressed exception
Traceback (most recent call last):
  File "C:\Users\allie\Coding Projects\huggin_suite\huginn\app\pages\page_registry.py", line 45, in register_all_pages
    from app.pages.db_attacks_page import DBAttacksPage
ImportError: cannot import name 'DBAttacksPage' from 'app.pages.db_attacks_page' (C:\Users\allie\Coding Projects\huggin_suite\huginn\app\pages\db_attacks_page.py)
2026-05-23 22:03:16 - huginn - DEBUG - Suppressed exception
Traceback (most recent call last):
  File "C:\Users\allie\Coding Projects\huggin_suite\huginn\app\core\scope_manager.py", line 62, in _parse_scope_text
    ipaddress.IPv4Address(item)
    ~~~~~~~~~~~~~~~~~~~~~^^^^^^
  File "C:\Users\allie\anaconda3\Lib\ipaddress.py", line 1319, in __init__
    self._ip = self._ip_int_from_string(addr_str)
               ~~~~~~~~~~~~~~~~~~~~~~~~^^^^^^^^^^
  File "C:\Users\allie\anaconda3\Lib\ipaddress.py", line 1206, in _ip_int_from_string
    raise AddressValueError("Expected 4 octets in %r" % ip_str)
ipaddress.AddressValueError: Expected 4 octets in '*.lab.local'
2026-05-23 22:03:16 - huginn - DEBUG - Suppressed exception
Traceback (most recent call last):
  File "C:\Users\allie\Coding Projects\huggin_suite\huginn\app\core\scope_manager.py", line 62, in _parse_scope_text
    ipaddress.IPv4Address(item)
    ~~~~~~~~~~~~~~~~~~~~~^^^^^^
  File "C:\Users\allie\anaconda3\Lib\ipaddress.py", line 1319, in __init__
    self._ip = self._ip_int_from_string(addr_str)
               ~~~~~~~~~~~~~~~~~~~~~~~~^^^^^^^^^^
  File "C:\Users\allie\anaconda3\Lib\ipaddress.py", line 1206, in _ip_int_from_string
    raise AddressValueError("Expected 4 octets in %r" % ip_str)
ipaddress.AddressValueError: Expected 4 octets in '*.lab.local'
2026-05-23 22:03:18 - huginn - DEBUG - Wireless security tab unavailable
Traceback (most recent call last):
  File "C:\Users\allie\Coding Projects\huggin_suite\huginn\app\pages\recon_enumeration_page.py", line 99, in setup_ui
    wireless_tab = WirelessSecurityWidget(self)
  File "C:\Users\allie\Coding Projects\huggin_suite\huginn\app\widgets\wireless_security_widget.py", line 52, in __init__
    self.connect_signals()
    ~~~~~~~~~~~~~~~~~~~~^^
  File "C:\Users\allie\Coding Projects\huggin_suite\huginn\app\widgets\wireless_security_widget.py", line 303, in connect_signals
    self.generate_report_btn.clicked.connect(self.generate_report)
    ^^^^^^^^^^^^^^^^^^^^^^^^
AttributeError: 'WirelessSecurityWidget' object has no attribute 'generate_report_btn'. Did you mean: 'generate_report'?
2026-05-23 22:05:17 - huginn - DEBUG - Memory monitoring stopped
2026-05-23 22:05:17 - huginn - DEBUG - Connection pool closed all sessions
2026-05-23 22:05:18 - huginn - INFO - Update manager stopped during cleanup
2026-05-23 22:05:55 - huginn - DEBUG - Suppressed exception
Traceback (most recent call last):
  File "c:\Users\allie\Coding Projects\huggin_suite\huginn\app\core\asset_manager.py", line 101, in init_database
    conn.execute("ALTER TABLE assets ADD COLUMN fqdn TEXT DEFAULT ''")
    ~~~~~~~~~~~~^^^^^^^^^^^^^^^^^^^^^^^^^^^^^^^^^^^^^^^^^^^^^^^^^^^^^^
sqlite3.OperationalError: duplicate column name: fqdn
2026-05-23 22:05:55 - huginn - DEBUG - Suppressed exception
Traceback (most recent call last):
  File "c:\Users\allie\Coding Projects\huggin_suite\huginn\app\core\asset_manager.py", line 108, in init_database
    conn.execute("ALTER TABLE assets ADD COLUMN mac_address TEXT DEFAULT ''")
    ~~~~~~~~~~~~^^^^^^^^^^^^^^^^^^^^^^^^^^^^^^^^^^^^^^^^^^^^^^^^^^^^^^^^^^^^^
sqlite3.OperationalError: duplicate column name: mac_address
2026-05-23 22:05:55 - huginn - DEBUG - Suppressed exception
Traceback (most recent call last):
  File "c:\Users\allie\Coding Projects\huggin_suite\huginn\app\core\asset_manager.py", line 115, in init_database
    conn.execute("ALTER TABLE assets ADD COLUMN vendor TEXT DEFAULT ''")
    ~~~~~~~~~~~~^^^^^^^^^^^^^^^^^^^^^^^^^^^^^^^^^^^^^^^^^^^^^^^^^^^^^^^^
sqlite3.OperationalError: duplicate column name: vendor
2026-05-23 22:05:55 - huginn - DEBUG - Suppressed exception
Traceback (most recent call last):
  File "c:\Users\allie\Coding Projects\huggin_suite\huginn\app\core\asset_manager.py", line 122, in init_database
    conn.execute("ALTER TABLE assets ADD COLUMN notes TEXT DEFAULT ''")
    ~~~~~~~~~~~~^^^^^^^^^^^^^^^^^^^^^^^^^^^^^^^^^^^^^^^^^^^^^^^^^^^^^^^
sqlite3.OperationalError: duplicate column name: notes
2026-05-23 22:05:56 - huginn - INFO - Using default configuration
2026-05-23 22:05:58 - huginn - INFO - License saved successfully
2026-05-23 22:05:58 - huginn - INFO - License loaded and validated successfully
2026-05-23 22:06:14 - huginn - INFO - License saved successfully
2026-05-23 22:06:14 - huginn - INFO - License loaded and validated successfully
2026-05-23 22:06:14 - huginn - INFO - Application starting...
2026-05-23 22:06:14 - huginn - INFO - Font loaded successfully
2026-05-23 22:06:14 - huginn - INFO - Stylesheet loaded successfully
2026-05-23 22:06:14 - huginn - INFO - Creating main window...
2026-05-23 22:06:14 - huginn - INFO - QThreadPool max threads set to 32 (CPUs: 32)
2026-05-23 22:06:14 - huginn - INFO - Custom font 'Neuropol X' loaded from C:\Users\allie\Coding Projects\huggin_suite\huginn\resources\fonts\neuropol.otf
2026-05-23 22:06:14 - huginn - DEBUG - Suppressed exception
Traceback (most recent call last):
  File "C:\Users\allie\Coding Projects\huggin_suite\huginn\app\pages\page_registry.py", line 45, in register_all_pages
    from app.pages.db_attacks_page import DBAttacksPage
ImportError: cannot import name 'DBAttacksPage' from 'app.pages.db_attacks_page' (C:\Users\allie\Coding Projects\huggin_suite\huginn\app\pages\db_attacks_page.py)
2026-05-23 22:06:17 - huginn - DEBUG - Suppressed exception
Traceback (most recent call last):
  File "C:\Users\allie\Coding Projects\huggin_suite\huginn\app\core\scope_manager.py", line 62, in _parse_scope_text
    ipaddress.IPv4Address(item)
    ~~~~~~~~~~~~~~~~~~~~~^^^^^^
  File "C:\Users\allie\anaconda3\Lib\ipaddress.py", line 1319, in __init__
    self._ip = self._ip_int_from_string(addr_str)
               ~~~~~~~~~~~~~~~~~~~~~~~~^^^^^^^^^^
  File "C:\Users\allie\anaconda3\Lib\ipaddress.py", line 1206, in _ip_int_from_string
    raise AddressValueError("Expected 4 octets in %r" % ip_str)
ipaddress.AddressValueError: Expected 4 octets in '*.lab.local'
2026-05-23 22:06:17 - huginn - DEBUG - Suppressed exception
Traceback (most recent call last):
  File "C:\Users\allie\Coding Projects\huggin_suite\huginn\app\core\scope_manager.py", line 62, in _parse_scope_text
    ipaddress.IPv4Address(item)
    ~~~~~~~~~~~~~~~~~~~~~^^^^^^
  File "C:\Users\allie\anaconda3\Lib\ipaddress.py", line 1319, in __init__
    self._ip = self._ip_int_from_string(addr_str)
               ~~~~~~~~~~~~~~~~~~~~~~~~^^^^^^^^^^
  File "C:\Users\allie\anaconda3\Lib\ipaddress.py", line 1206, in _ip_int_from_string
    raise AddressValueError("Expected 4 octets in %r" % ip_str)
ipaddress.AddressValueError: Expected 4 octets in '*.lab.local'
2026-05-23 22:06:18 - huginn - DEBUG - Wireless security tab unavailable
Traceback (most recent call last):
  File "C:\Users\allie\Coding Projects\huggin_suite\huginn\app\pages\recon_enumeration_page.py", line 99, in setup_ui
    wireless_tab = WirelessSecurityWidget(self)
  File "C:\Users\allie\Coding Projects\huggin_suite\huginn\app\widgets\wireless_security_widget.py", line 52, in __init__
    self.connect_signals()
    ~~~~~~~~~~~~~~~~~~~~^^
  File "C:\Users\allie\Coding Projects\huggin_suite\huginn\app\widgets\wireless_security_widget.py", line 303, in connect_signals
    self.generate_report_btn.clicked.connect(self.generate_report)
    ^^^^^^^^^^^^^^^^^^^^^^^^
AttributeError: 'WirelessSecurityWidget' object has no attribute 'generate_report_btn'. Did you mean: 'generate_report'?
2026-05-23 22:12:38 - huginn - DEBUG - Memory monitoring stopped
2026-05-23 22:12:38 - huginn - DEBUG - Connection pool closed all sessions
2026-05-23 22:12:38 - huginn - INFO - Update manager stopped during cleanup
2026-05-23 22:12:42 - huginn - DEBUG - Suppressed exception
Traceback (most recent call last):
  File "c:\Users\allie\Coding Projects\huggin_suite\huginn\app\core\asset_manager.py", line 101, in init_database
    conn.execute("ALTER TABLE assets ADD COLUMN fqdn TEXT DEFAULT ''")
    ~~~~~~~~~~~~^^^^^^^^^^^^^^^^^^^^^^^^^^^^^^^^^^^^^^^^^^^^^^^^^^^^^^
sqlite3.OperationalError: duplicate column name: fqdn
2026-05-23 22:12:42 - huginn - DEBUG - Suppressed exception
Traceback (most recent call last):
  File "c:\Users\allie\Coding Projects\huggin_suite\huginn\app\core\asset_manager.py", line 108, in init_database
    conn.execute("ALTER TABLE assets ADD COLUMN mac_address TEXT DEFAULT ''")
    ~~~~~~~~~~~~^^^^^^^^^^^^^^^^^^^^^^^^^^^^^^^^^^^^^^^^^^^^^^^^^^^^^^^^^^^^^
sqlite3.OperationalError: duplicate column name: mac_address
2026-05-23 22:12:42 - huginn - DEBUG - Suppressed exception
Traceback (most recent call last):
  File "c:\Users\allie\Coding Projects\huggin_suite\huginn\app\core\asset_manager.py", line 115, in init_database
    conn.execute("ALTER TABLE assets ADD COLUMN vendor TEXT DEFAULT ''")
    ~~~~~~~~~~~~^^^^^^^^^^^^^^^^^^^^^^^^^^^^^^^^^^^^^^^^^^^^^^^^^^^^^^^^
sqlite3.OperationalError: duplicate column name: vendor
2026-05-23 22:12:42 - huginn - DEBUG - Suppressed exception
Traceback (most recent call last):
  File "c:\Users\allie\Coding Projects\huggin_suite\huginn\app\core\asset_manager.py", line 122, in init_database
    conn.execute("ALTER TABLE assets ADD COLUMN notes TEXT DEFAULT ''")
    ~~~~~~~~~~~~^^^^^^^^^^^^^^^^^^^^^^^^^^^^^^^^^^^^^^^^^^^^^^^^^^^^^^^
sqlite3.OperationalError: duplicate column name: notes
2026-05-23 22:12:42 - huginn - INFO - Using default configuration
2026-05-23 22:12:45 - huginn - INFO - License saved successfully
2026-05-23 22:12:45 - huginn - INFO - License loaded and validated successfully
2026-05-23 22:12:50 - huginn - DEBUG - Suppressed exception
Traceback (most recent call last):
  File "c:\Users\allie\Coding Projects\huggin_suite\huginn\app\core\asset_manager.py", line 101, in init_database
    conn.execute("ALTER TABLE assets ADD COLUMN fqdn TEXT DEFAULT ''")
    ~~~~~~~~~~~~^^^^^^^^^^^^^^^^^^^^^^^^^^^^^^^^^^^^^^^^^^^^^^^^^^^^^^
sqlite3.OperationalError: duplicate column name: fqdn
2026-05-23 22:12:50 - huginn - DEBUG - Suppressed exception
Traceback (most recent call last):
  File "c:\Users\allie\Coding Projects\huggin_suite\huginn\app\core\asset_manager.py", line 108, in init_database
    conn.execute("ALTER TABLE assets ADD COLUMN mac_address TEXT DEFAULT ''")
    ~~~~~~~~~~~~^^^^^^^^^^^^^^^^^^^^^^^^^^^^^^^^^^^^^^^^^^^^^^^^^^^^^^^^^^^^^
sqlite3.OperationalError: duplicate column name: mac_address
2026-05-23 22:12:50 - huginn - DEBUG - Suppressed exception
Traceback (most recent call last):
  File "c:\Users\allie\Coding Projects\huggin_suite\huginn\app\core\asset_manager.py", line 115, in init_database
    conn.execute("ALTER TABLE assets ADD COLUMN vendor TEXT DEFAULT ''")
    ~~~~~~~~~~~~^^^^^^^^^^^^^^^^^^^^^^^^^^^^^^^^^^^^^^^^^^^^^^^^^^^^^^^^
sqlite3.OperationalError: duplicate column name: vendor
2026-05-23 22:12:50 - huginn - DEBUG - Suppressed exception
Traceback (most recent call last):
  File "c:\Users\allie\Coding Projects\huggin_suite\huginn\app\core\asset_manager.py", line 122, in init_database
    conn.execute("ALTER TABLE assets ADD COLUMN notes TEXT DEFAULT ''")
    ~~~~~~~~~~~~^^^^^^^^^^^^^^^^^^^^^^^^^^^^^^^^^^^^^^^^^^^^^^^^^^^^^^^
sqlite3.OperationalError: duplicate column name: notes
2026-05-23 22:12:50 - huginn - INFO - Using default configuration
2026-05-23 22:12:53 - huginn - INFO - License saved successfully
2026-05-23 22:12:53 - huginn - INFO - License loaded and validated successfully
2026-05-23 22:13:00 - huginn - INFO - License saved successfully
2026-05-23 22:13:00 - huginn - INFO - License loaded and validated successfully
2026-05-23 22:13:00 - huginn - INFO - Application starting...
2026-05-23 22:13:00 - huginn - INFO - Font loaded successfully
2026-05-23 22:13:00 - huginn - INFO - Stylesheet loaded successfully
2026-05-23 22:13:00 - huginn - INFO - Creating main window...
2026-05-23 22:13:00 - huginn - INFO - QThreadPool max threads set to 32 (CPUs: 32)
2026-05-23 22:13:00 - huginn - INFO - Custom font 'Neuropol X' loaded from C:\Users\allie\Coding Projects\huggin_suite\huginn\resources\fonts\neuropol.otf
2026-05-23 22:13:00 - huginn - DEBUG - Suppressed exception
Traceback (most recent call last):
  File "C:\Users\allie\Coding Projects\huggin_suite\huginn\app\pages\page_registry.py", line 45, in register_all_pages
    from app.pages.db_attacks_page import DBAttacksPage
ImportError: cannot import name 'DBAttacksPage' from 'app.pages.db_attacks_page' (C:\Users\allie\Coding Projects\huggin_suite\huginn\app\pages\db_attacks_page.py)
2026-05-23 22:13:03 - huginn - DEBUG - Suppressed exception
Traceback (most recent call last):
  File "C:\Users\allie\Coding Projects\huggin_suite\huginn\app\core\scope_manager.py", line 62, in _parse_scope_text
    ipaddress.IPv4Address(item)
    ~~~~~~~~~~~~~~~~~~~~~^^^^^^
  File "C:\Users\allie\anaconda3\Lib\ipaddress.py", line 1319, in __init__
    self._ip = self._ip_int_from_string(addr_str)
               ~~~~~~~~~~~~~~~~~~~~~~~~^^^^^^^^^^
  File "C:\Users\allie\anaconda3\Lib\ipaddress.py", line 1206, in _ip_int_from_string
    raise AddressValueError("Expected 4 octets in %r" % ip_str)
ipaddress.AddressValueError: Expected 4 octets in '*.lab.local'
2026-05-23 22:13:03 - huginn - DEBUG - Suppressed exception
Traceback (most recent call last):
  File "C:\Users\allie\Coding Projects\huggin_suite\huginn\app\core\scope_manager.py", line 62, in _parse_scope_text
    ipaddress.IPv4Address(item)
    ~~~~~~~~~~~~~~~~~~~~~^^^^^^
  File "C:\Users\allie\anaconda3\Lib\ipaddress.py", line 1319, in __init__
    self._ip = self._ip_int_from_string(addr_str)
               ~~~~~~~~~~~~~~~~~~~~~~~~^^^^^^^^^^
  File "C:\Users\allie\anaconda3\Lib\ipaddress.py", line 1206, in _ip_int_from_string
    raise AddressValueError("Expected 4 octets in %r" % ip_str)
ipaddress.AddressValueError: Expected 4 octets in '*.lab.local'
2026-05-23 22:13:04 - huginn - DEBUG - Wireless security tab unavailable
Traceback (most recent call last):
  File "C:\Users\allie\Coding Projects\huggin_suite\huginn\app\pages\recon_enumeration_page.py", line 99, in setup_ui
    wireless_tab = WirelessSecurityWidget(self)
  File "C:\Users\allie\Coding Projects\huggin_suite\huginn\app\widgets\wireless_security_widget.py", line 52, in __init__
    self.connect_signals()
    ~~~~~~~~~~~~~~~~~~~~^^
  File "C:\Users\allie\Coding Projects\huggin_suite\huginn\app\widgets\wireless_security_widget.py", line 303, in connect_signals
    self.generate_report_btn.clicked.connect(self.generate_report)
    ^^^^^^^^^^^^^^^^^^^^^^^^
AttributeError: 'WirelessSecurityWidget' object has no attribute 'generate_report_btn'. Did you mean: 'generate_report'?
2026-05-23 22:15:03 - huginn - DEBUG - Memory monitoring stopped
2026-05-23 22:15:03 - huginn - DEBUG - Connection pool closed all sessions
2026-05-23 22:15:03 - huginn - INFO - Update manager stopped during cleanup
2026-05-23 22:15:56 - huginn - DEBUG - Suppressed exception
Traceback (most recent call last):
  File "c:\Users\allie\Coding Projects\huggin_suite\huginn\app\core\asset_manager.py", line 101, in init_database
    conn.execute("ALTER TABLE assets ADD COLUMN fqdn TEXT DEFAULT ''")
    ~~~~~~~~~~~~^^^^^^^^^^^^^^^^^^^^^^^^^^^^^^^^^^^^^^^^^^^^^^^^^^^^^^
sqlite3.OperationalError: duplicate column name: fqdn
2026-05-23 22:15:56 - huginn - DEBUG - Suppressed exception
Traceback (most recent call last):
  File "c:\Users\allie\Coding Projects\huggin_suite\huginn\app\core\asset_manager.py", line 108, in init_database
    conn.execute("ALTER TABLE assets ADD COLUMN mac_address TEXT DEFAULT ''")
    ~~~~~~~~~~~~^^^^^^^^^^^^^^^^^^^^^^^^^^^^^^^^^^^^^^^^^^^^^^^^^^^^^^^^^^^^^
sqlite3.OperationalError: duplicate column name: mac_address
2026-05-23 22:15:56 - huginn - DEBUG - Suppressed exception
Traceback (most recent call last):
  File "c:\Users\allie\Coding Projects\huggin_suite\huginn\app\core\asset_manager.py", line 115, in init_database
    conn.execute("ALTER TABLE assets ADD COLUMN vendor TEXT DEFAULT ''")
    ~~~~~~~~~~~~^^^^^^^^^^^^^^^^^^^^^^^^^^^^^^^^^^^^^^^^^^^^^^^^^^^^^^^^
sqlite3.OperationalError: duplicate column name: vendor
2026-05-23 22:15:56 - huginn - DEBUG - Suppressed exception
Traceback (most recent call last):
  File "c:\Users\allie\Coding Projects\huggin_suite\huginn\app\core\asset_manager.py", line 122, in init_database
    conn.execute("ALTER TABLE assets ADD COLUMN notes TEXT DEFAULT ''")
    ~~~~~~~~~~~~^^^^^^^^^^^^^^^^^^^^^^^^^^^^^^^^^^^^^^^^^^^^^^^^^^^^^^^
sqlite3.OperationalError: duplicate column name: notes
2026-05-23 22:15:57 - huginn - INFO - Using default configuration
2026-05-23 22:15:59 - huginn - INFO - License saved successfully
2026-05-23 22:15:59 - huginn - INFO - License loaded and validated successfully
2026-05-23 22:16:55 - huginn - DEBUG - Suppressed exception
Traceback (most recent call last):
  File "c:\Users\allie\Coding Projects\huggin_suite\huginn\app\core\asset_manager.py", line 101, in init_database
    conn.execute("ALTER TABLE assets ADD COLUMN fqdn TEXT DEFAULT ''")
    ~~~~~~~~~~~~^^^^^^^^^^^^^^^^^^^^^^^^^^^^^^^^^^^^^^^^^^^^^^^^^^^^^^
sqlite3.OperationalError: duplicate column name: fqdn
2026-05-23 22:16:55 - huginn - DEBUG - Suppressed exception
Traceback (most recent call last):
  File "c:\Users\allie\Coding Projects\huggin_suite\huginn\app\core\asset_manager.py", line 108, in init_database
    conn.execute("ALTER TABLE assets ADD COLUMN mac_address TEXT DEFAULT ''")
    ~~~~~~~~~~~~^^^^^^^^^^^^^^^^^^^^^^^^^^^^^^^^^^^^^^^^^^^^^^^^^^^^^^^^^^^^^
sqlite3.OperationalError: duplicate column name: mac_address
2026-05-23 22:16:55 - huginn - DEBUG - Suppressed exception
Traceback (most recent call last):
  File "c:\Users\allie\Coding Projects\huggin_suite\huginn\app\core\asset_manager.py", line 115, in init_database
    conn.execute("ALTER TABLE assets ADD COLUMN vendor TEXT DEFAULT ''")
    ~~~~~~~~~~~~^^^^^^^^^^^^^^^^^^^^^^^^^^^^^^^^^^^^^^^^^^^^^^^^^^^^^^^^
sqlite3.OperationalError: duplicate column name: vendor
2026-05-23 22:16:55 - huginn - DEBUG - Suppressed exception
Traceback (most recent call last):
  File "c:\Users\allie\Coding Projects\huggin_suite\huginn\app\core\asset_manager.py", line 122, in init_database
    conn.execute("ALTER TABLE assets ADD COLUMN notes TEXT DEFAULT ''")
    ~~~~~~~~~~~~^^^^^^^^^^^^^^^^^^^^^^^^^^^^^^^^^^^^^^^^^^^^^^^^^^^^^^^
sqlite3.OperationalError: duplicate column name: notes
2026-05-23 22:16:55 - huginn - INFO - Using default configuration
2026-05-23 22:16:57 - huginn - INFO - License saved successfully
2026-05-23 22:16:57 - huginn - INFO - License loaded and validated successfully
2026-05-23 22:17:23 - huginn - DEBUG - Suppressed exception
Traceback (most recent call last):
  File "c:\Users\allie\Coding Projects\huggin_suite\huginn\app\core\asset_manager.py", line 101, in init_database
    conn.execute("ALTER TABLE assets ADD COLUMN fqdn TEXT DEFAULT ''")
    ~~~~~~~~~~~~^^^^^^^^^^^^^^^^^^^^^^^^^^^^^^^^^^^^^^^^^^^^^^^^^^^^^^
sqlite3.OperationalError: duplicate column name: fqdn
2026-05-23 22:17:23 - huginn - DEBUG - Suppressed exception
Traceback (most recent call last):
  File "c:\Users\allie\Coding Projects\huggin_suite\huginn\app\core\asset_manager.py", line 108, in init_database
    conn.execute("ALTER TABLE assets ADD COLUMN mac_address TEXT DEFAULT ''")
    ~~~~~~~~~~~~^^^^^^^^^^^^^^^^^^^^^^^^^^^^^^^^^^^^^^^^^^^^^^^^^^^^^^^^^^^^^
sqlite3.OperationalError: duplicate column name: mac_address
2026-05-23 22:17:23 - huginn - DEBUG - Suppressed exception
Traceback (most recent call last):
  File "c:\Users\allie\Coding Projects\huggin_suite\huginn\app\core\asset_manager.py", line 115, in init_database
    conn.execute("ALTER TABLE assets ADD COLUMN vendor TEXT DEFAULT ''")
    ~~~~~~~~~~~~^^^^^^^^^^^^^^^^^^^^^^^^^^^^^^^^^^^^^^^^^^^^^^^^^^^^^^^^
sqlite3.OperationalError: duplicate column name: vendor
2026-05-23 22:17:23 - huginn - DEBUG - Suppressed exception
Traceback (most recent call last):
  File "c:\Users\allie\Coding Projects\huggin_suite\huginn\app\core\asset_manager.py", line 122, in init_database
    conn.execute("ALTER TABLE assets ADD COLUMN notes TEXT DEFAULT ''")
    ~~~~~~~~~~~~^^^^^^^^^^^^^^^^^^^^^^^^^^^^^^^^^^^^^^^^^^^^^^^^^^^^^^^
sqlite3.OperationalError: duplicate column name: notes
2026-05-23 22:17:23 - huginn - INFO - Using default configuration
2026-05-23 22:17:25 - huginn - INFO - License saved successfully
2026-05-23 22:17:25 - huginn - INFO - License loaded and validated successfully
