2026-05-20 09:36:37 - huginn - INFO - License saved successfully
2026-05-20 09:36:37 - huginn - INFO - License loaded and validated successfully
2026-05-20 09:36:37 - huginn - INFO - Application starting...
2026-05-20 09:36:37 - huginn - INFO - Font loaded successfully
2026-05-20 09:36:37 - huginn - INFO - Stylesheet loaded successfully
2026-05-20 09:36:37 - huginn - INFO - Creating main window...
2026-05-20 09:36:37 - huginn - INFO - QThreadPool max threads set to 32 (CPUs: 32)
2026-05-20 09:36:37 - huginn - INFO - Custom font 'Neuropol X' loaded from C:\Users\allie\Coding Projects\huggin_suite\huginn\resources\fonts\neuropol.otf
2026-05-20 09:36:37 - huginn - DEBUG - Suppressed exception
Traceback (most recent call last):
  File "C:\Users\allie\Coding Projects\huggin_suite\huginn\app\pages\page_registry.py", line 45, in register_all_pages
    from app.pages.db_attacks_page import DBAttacksPage
ImportError: cannot import name 'DBAttacksPage' from 'app.pages.db_attacks_page' (C:\Users\allie\Coding Projects\huggin_suite\huginn\app\pages\db_attacks_page.py)
2026-05-20 09:37:53 - huginn - DEBUG - Wireless security tab unavailable
Traceback (most recent call last):
  File "C:\Users\allie\Coding Projects\huggin_suite\huginn\app\pages\recon_enumeration_page.py", line 99, in setup_ui
    wireless_tab = WirelessSecurityWidget(self)
  File "C:\Users\allie\Coding Projects\huggin_suite\huginn\app\widgets\wireless_security_widget.py", line 52, in __init__
    self.connect_signals()
    ~~~~~~~~~~~~~~~~~~~~^^
  File "C:\Users\allie\Coding Projects\huggin_suite\huginn\app\widgets\wireless_security_widget.py", line 303, in connect_signals
    self.generate_report_btn.clicked.connect(self.generate_report)
    ^^^^^^^^^^^^^^^^^^^^^^^^
AttributeError: 'WirelessSecurityWidget' object has no attribute 'generate_report_btn'. Did you mean: 'generate_report'?
2026-05-20 09:41:58 - huginn - DEBUG - Memory monitoring stopped
2026-05-20 09:41:58 - huginn - DEBUG - Connection pool closed all sessions
2026-05-20 09:41:58 - huginn - INFO - Update manager stopped during cleanup
2026-05-20 19:26:48 - huginn - INFO - License saved successfully
2026-05-20 19:26:48 - huginn - INFO - License loaded and validated successfully
2026-05-20 19:26:48 - huginn - INFO - Application starting...
2026-05-20 19:26:48 - huginn - INFO - Font loaded successfully
2026-05-20 19:26:48 - huginn - INFO - Stylesheet loaded successfully
2026-05-20 19:26:48 - huginn - INFO - Creating main window...
2026-05-20 19:26:48 - huginn - INFO - QThreadPool max threads set to 32 (CPUs: 32)
2026-05-20 19:26:48 - huginn - INFO - Custom font 'Neuropol X' loaded from C:\Users\allie\Coding Projects\huggin_suite\huginn\resources\fonts\neuropol.otf
2026-05-20 19:26:48 - huginn - DEBUG - Suppressed exception
Traceback (most recent call last):
  File "C:\Users\allie\Coding Projects\huggin_suite\huginn\app\pages\page_registry.py", line 45, in register_all_pages
    from app.pages.db_attacks_page import DBAttacksPage
ImportError: cannot import name 'DBAttacksPage' from 'app.pages.db_attacks_page' (C:\Users\allie\Coding Projects\huggin_suite\huginn\app\pages\db_attacks_page.py)
2026-05-20 19:32:13 - huginn - INFO - Removed DNS record: silentium.htb A 10.129.229.218
2026-05-20 19:32:15 - huginn - INFO - Removed DNS record: staging.silentium.htb A 10.129.229.218
2026-05-20 19:32:27 - huginn - INFO - Added DNS record: silentium.htb A 10.129.230.11
2026-05-20 19:32:36 - huginn - INFO - Added DNS record: staging.silentium A 10.129.230.11
2026-05-20 19:33:06 - huginn - DEBUG - Suppressed exception
Traceback (most recent call last):
  File "c:\Users\allie\Coding Projects\huggin_suite\huginn\app\core\asset_manager.py", line 101, in init_database
    conn.execute("ALTER TABLE assets ADD COLUMN fqdn TEXT DEFAULT ''")
    ~~~~~~~~~~~~^^^^^^^^^^^^^^^^^^^^^^^^^^^^^^^^^^^^^^^^^^^^^^^^^^^^^^
sqlite3.OperationalError: duplicate column name: fqdn
2026-05-20 19:33:06 - huginn - DEBUG - Suppressed exception
Traceback (most recent call last):
  File "c:\Users\allie\Coding Projects\huggin_suite\huginn\app\core\asset_manager.py", line 108, in init_database
    conn.execute("ALTER TABLE assets ADD COLUMN mac_address TEXT DEFAULT ''")
    ~~~~~~~~~~~~^^^^^^^^^^^^^^^^^^^^^^^^^^^^^^^^^^^^^^^^^^^^^^^^^^^^^^^^^^^^^
sqlite3.OperationalError: duplicate column name: mac_address
2026-05-20 19:33:06 - huginn - DEBUG - Suppressed exception
Traceback (most recent call last):
  File "c:\Users\allie\Coding Projects\huggin_suite\huginn\app\core\asset_manager.py", line 115, in init_database
    conn.execute("ALTER TABLE assets ADD COLUMN vendor TEXT DEFAULT ''")
    ~~~~~~~~~~~~^^^^^^^^^^^^^^^^^^^^^^^^^^^^^^^^^^^^^^^^^^^^^^^^^^^^^^^^
sqlite3.OperationalError: duplicate column name: vendor
2026-05-20 19:33:06 - huginn - DEBUG - Suppressed exception
Traceback (most recent call last):
  File "c:\Users\allie\Coding Projects\huggin_suite\huginn\app\core\asset_manager.py", line 122, in init_database
    conn.execute("ALTER TABLE assets ADD COLUMN notes TEXT DEFAULT ''")
    ~~~~~~~~~~~~^^^^^^^^^^^^^^^^^^^^^^^^^^^^^^^^^^^^^^^^^^^^^^^^^^^^^^^
sqlite3.OperationalError: duplicate column name: notes
2026-05-20 19:33:06 - huginn - INFO - Using default configuration
2026-05-20 19:33:13 - huginn - DEBUG - Credentials loaded for profile 'Silentium'
2026-05-20 19:33:13 - huginn - DEBUG - Credentials loaded for profile 'Silentium'
2026-05-20 19:33:28 - huginn - DEBUG - Suppressed exception
Traceback (most recent call last):
  File "C:\Users\allie\Coding Projects\huggin_suite\huginn\app\core\scope_manager.py", line 62, in _parse_scope_text
    ipaddress.IPv4Address(item)
    ~~~~~~~~~~~~~~~~~~~~~^^^^^^
  File "C:\Users\allie\anaconda3\Lib\ipaddress.py", line 1319, in __init__
    self._ip = self._ip_int_from_string(addr_str)
               ~~~~~~~~~~~~~~~~~~~~~~~~^^^^^^^^^^
  File "C:\Users\allie\anaconda3\Lib\ipaddress.py", line 1206, in _ip_int_from_string
    raise AddressValueError("Expected 4 octets in %r" % ip_str)
ipaddress.AddressValueError: Expected 4 octets in 's'
2026-05-20 19:33:28 - huginn - DEBUG - Suppressed exception
Traceback (most recent call last):
  File "C:\Users\allie\Coding Projects\huggin_suite\huginn\app\core\scope_manager.py", line 62, in _parse_scope_text
    ipaddress.IPv4Address(item)
    ~~~~~~~~~~~~~~~~~~~~~^^^^^^
  File "C:\Users\allie\anaconda3\Lib\ipaddress.py", line 1319, in __init__
    self._ip = self._ip_int_from_string(addr_str)
               ~~~~~~~~~~~~~~~~~~~~~~~~^^^^^^^^^^
  File "C:\Users\allie\anaconda3\Lib\ipaddress.py", line 1206, in _ip_int_from_string
    raise AddressValueError("Expected 4 octets in %r" % ip_str)
ipaddress.AddressValueError: Expected 4 octets in 'si'
2026-05-20 19:33:28 - huginn - DEBUG - Suppressed exception
Traceback (most recent call last):
  File "C:\Users\allie\Coding Projects\huggin_suite\huginn\app\core\scope_manager.py", line 62, in _parse_scope_text
    ipaddress.IPv4Address(item)
    ~~~~~~~~~~~~~~~~~~~~~^^^^^^
  File "C:\Users\allie\anaconda3\Lib\ipaddress.py", line 1319, in __init__
    self._ip = self._ip_int_from_string(addr_str)
               ~~~~~~~~~~~~~~~~~~~~~~~~^^^^^^^^^^
  File "C:\Users\allie\anaconda3\Lib\ipaddress.py", line 1206, in _ip_int_from_string
    raise AddressValueError("Expected 4 octets in %r" % ip_str)
ipaddress.AddressValueError: Expected 4 octets in 'sil'
2026-05-20 19:33:28 - huginn - DEBUG - Suppressed exception
Traceback (most recent call last):
  File "C:\Users\allie\Coding Projects\huggin_suite\huginn\app\core\scope_manager.py", line 62, in _parse_scope_text
    ipaddress.IPv4Address(item)
    ~~~~~~~~~~~~~~~~~~~~~^^^^^^
  File "C:\Users\allie\anaconda3\Lib\ipaddress.py", line 1319, in __init__
    self._ip = self._ip_int_from_string(addr_str)
               ~~~~~~~~~~~~~~~~~~~~~~~~^^^^^^^^^^
  File "C:\Users\allie\anaconda3\Lib\ipaddress.py", line 1206, in _ip_int_from_string
    raise AddressValueError("Expected 4 octets in %r" % ip_str)
ipaddress.AddressValueError: Expected 4 octets in 'sile'
2026-05-20 19:33:28 - huginn - DEBUG - Suppressed exception
Traceback (most recent call last):
  File "C:\Users\allie\Coding Projects\huggin_suite\huginn\app\core\scope_manager.py", line 62, in _parse_scope_text
    ipaddress.IPv4Address(item)
    ~~~~~~~~~~~~~~~~~~~~~^^^^^^
  File "C:\Users\allie\anaconda3\Lib\ipaddress.py", line 1319, in __init__
    self._ip = self._ip_int_from_string(addr_str)
               ~~~~~~~~~~~~~~~~~~~~~~~~^^^^^^^^^^
  File "C:\Users\allie\anaconda3\Lib\ipaddress.py", line 1206, in _ip_int_from_string
    raise AddressValueError("Expected 4 octets in %r" % ip_str)
ipaddress.AddressValueError: Expected 4 octets in 'silen'
2026-05-20 19:33:28 - huginn - DEBUG - Suppressed exception
Traceback (most recent call last):
  File "C:\Users\allie\Coding Projects\huggin_suite\huginn\app\core\scope_manager.py", line 62, in _parse_scope_text
    ipaddress.IPv4Address(item)
    ~~~~~~~~~~~~~~~~~~~~~^^^^^^
  File "C:\Users\allie\anaconda3\Lib\ipaddress.py", line 1319, in __init__
    self._ip = self._ip_int_from_string(addr_str)
               ~~~~~~~~~~~~~~~~~~~~~~~~^^^^^^^^^^
  File "C:\Users\allie\anaconda3\Lib\ipaddress.py", line 1206, in _ip_int_from_string
    raise AddressValueError("Expected 4 octets in %r" % ip_str)
ipaddress.AddressValueError: Expected 4 octets in 'silent'
2026-05-20 19:33:28 - huginn - DEBUG - Suppressed exception
Traceback (most recent call last):
  File "C:\Users\allie\Coding Projects\huggin_suite\huginn\app\core\scope_manager.py", line 62, in _parse_scope_text
    ipaddress.IPv4Address(item)
    ~~~~~~~~~~~~~~~~~~~~~^^^^^^
  File "C:\Users\allie\anaconda3\Lib\ipaddress.py", line 1319, in __init__
    self._ip = self._ip_int_from_string(addr_str)
               ~~~~~~~~~~~~~~~~~~~~~~~~^^^^^^^^^^
  File "C:\Users\allie\anaconda3\Lib\ipaddress.py", line 1206, in _ip_int_from_string
    raise AddressValueError("Expected 4 octets in %r" % ip_str)
ipaddress.AddressValueError: Expected 4 octets in 'silenti'
2026-05-20 19:33:29 - huginn - DEBUG - Suppressed exception
Traceback (most recent call last):
  File "C:\Users\allie\Coding Projects\huggin_suite\huginn\app\core\scope_manager.py", line 62, in _parse_scope_text
    ipaddress.IPv4Address(item)
    ~~~~~~~~~~~~~~~~~~~~~^^^^^^
  File "C:\Users\allie\anaconda3\Lib\ipaddress.py", line 1319, in __init__
    self._ip = self._ip_int_from_string(addr_str)
               ~~~~~~~~~~~~~~~~~~~~~~~~^^^^^^^^^^
  File "C:\Users\allie\anaconda3\Lib\ipaddress.py", line 1206, in _ip_int_from_string
    raise AddressValueError("Expected 4 octets in %r" % ip_str)
ipaddress.AddressValueError: Expected 4 octets in 'silentiu'
2026-05-20 19:33:29 - huginn - DEBUG - Suppressed exception
Traceback (most recent call last):
  File "C:\Users\allie\Coding Projects\huggin_suite\huginn\app\core\scope_manager.py", line 62, in _parse_scope_text
    ipaddress.IPv4Address(item)
    ~~~~~~~~~~~~~~~~~~~~~^^^^^^
  File "C:\Users\allie\anaconda3\Lib\ipaddress.py", line 1319, in __init__
    self._ip = self._ip_int_from_string(addr_str)
               ~~~~~~~~~~~~~~~~~~~~~~~~^^^^^^^^^^
  File "C:\Users\allie\anaconda3\Lib\ipaddress.py", line 1206, in _ip_int_from_string
    raise AddressValueError("Expected 4 octets in %r" % ip_str)
ipaddress.AddressValueError: Expected 4 octets in 'silentium'
2026-05-20 19:33:29 - huginn - DEBUG - Suppressed exception
Traceback (most recent call last):
  File "C:\Users\allie\Coding Projects\huggin_suite\huginn\app\core\scope_manager.py", line 62, in _parse_scope_text
    ipaddress.IPv4Address(item)
    ~~~~~~~~~~~~~~~~~~~~~^^^^^^
  File "C:\Users\allie\anaconda3\Lib\ipaddress.py", line 1319, in __init__
    self._ip = self._ip_int_from_string(addr_str)
               ~~~~~~~~~~~~~~~~~~~~~~~~^^^^^^^^^^
  File "C:\Users\allie\anaconda3\Lib\ipaddress.py", line 1206, in _ip_int_from_string
    raise AddressValueError("Expected 4 octets in %r" % ip_str)
ipaddress.AddressValueError: Expected 4 octets in 'silentium.'
2026-05-20 19:33:30 - huginn - DEBUG - Suppressed exception
Traceback (most recent call last):
  File "C:\Users\allie\Coding Projects\huggin_suite\huginn\app\core\scope_manager.py", line 62, in _parse_scope_text
    ipaddress.IPv4Address(item)
    ~~~~~~~~~~~~~~~~~~~~~^^^^^^
  File "C:\Users\allie\anaconda3\Lib\ipaddress.py", line 1319, in __init__
    self._ip = self._ip_int_from_string(addr_str)
               ~~~~~~~~~~~~~~~~~~~~~~~~^^^^^^^^^^
  File "C:\Users\allie\anaconda3\Lib\ipaddress.py", line 1206, in _ip_int_from_string
    raise AddressValueError("Expected 4 octets in %r" % ip_str)
ipaddress.AddressValueError: Expected 4 octets in 'silentium.h'
2026-05-20 19:33:30 - huginn - DEBUG - Suppressed exception
Traceback (most recent call last):
  File "C:\Users\allie\Coding Projects\huggin_suite\huginn\app\core\scope_manager.py", line 62, in _parse_scope_text
    ipaddress.IPv4Address(item)
    ~~~~~~~~~~~~~~~~~~~~~^^^^^^
  File "C:\Users\allie\anaconda3\Lib\ipaddress.py", line 1319, in __init__
    self._ip = self._ip_int_from_string(addr_str)
               ~~~~~~~~~~~~~~~~~~~~~~~~^^^^^^^^^^
  File "C:\Users\allie\anaconda3\Lib\ipaddress.py", line 1206, in _ip_int_from_string
    raise AddressValueError("Expected 4 octets in %r" % ip_str)
ipaddress.AddressValueError: Expected 4 octets in 'silentium.ht'
2026-05-20 19:33:30 - huginn - DEBUG - Suppressed exception
Traceback (most recent call last):
  File "C:\Users\allie\Coding Projects\huggin_suite\huginn\app\core\scope_manager.py", line 62, in _parse_scope_text
    ipaddress.IPv4Address(item)
    ~~~~~~~~~~~~~~~~~~~~~^^^^^^
  File "C:\Users\allie\anaconda3\Lib\ipaddress.py", line 1319, in __init__
    self._ip = self._ip_int_from_string(addr_str)
               ~~~~~~~~~~~~~~~~~~~~~~~~^^^^^^^^^^
  File "C:\Users\allie\anaconda3\Lib\ipaddress.py", line 1206, in _ip_int_from_string
    raise AddressValueError("Expected 4 octets in %r" % ip_str)
ipaddress.AddressValueError: Expected 4 octets in 'silentium.htb'
2026-05-20 19:33:34 - huginn - DEBUG - Wireless security tab unavailable
Traceback (most recent call last):
  File "C:\Users\allie\Coding Projects\huggin_suite\huginn\app\pages\recon_enumeration_page.py", line 99, in setup_ui
    wireless_tab = WirelessSecurityWidget(self)
  File "C:\Users\allie\Coding Projects\huggin_suite\huginn\app\widgets\wireless_security_widget.py", line 52, in __init__
    self.connect_signals()
    ~~~~~~~~~~~~~~~~~~~~^^
  File "C:\Users\allie\Coding Projects\huggin_suite\huginn\app\widgets\wireless_security_widget.py", line 303, in connect_signals
    self.generate_report_btn.clicked.connect(self.generate_report)
    ^^^^^^^^^^^^^^^^^^^^^^^^
AttributeError: 'WirelessSecurityWidget' object has no attribute 'generate_report_btn'. Did you mean: 'generate_report'?
2026-05-20 19:36:02 - huginn - INFO - License saved successfully
2026-05-20 19:36:02 - huginn - INFO - License loaded and validated successfully
2026-05-20 19:36:05 - huginn - INFO - VPN connection terminated
2026-05-20 19:36:05 - huginn - INFO - OpenVPN connection started with config: C:/Users/allie/Downloads/machines_au-1.ovpn
2026-05-20 19:36:06 - huginn - DEBUG - OpenVPN: 2026-05-20 19:36:05 Note: --data-ciphers-fallback with cipher 'AES-128-CBC' disables data channel offload.
2026-05-20 19:36:06 - huginn - DEBUG - OpenVPN: 2026-05-20 19:36:05 OpenVPN 2.6.14 [git:none/0169b4ad2bb35d2c] Windows [SSL (OpenSSL)] [LZO] [LZ4] [PKCS11] [AEAD] [DCO] built on Jun 19 2025
2026-05-20 19:36:06 - huginn - DEBUG - OpenVPN: 2026-05-20 19:36:05 Windows version 10.0 (Windows 10 or greater), amd64 executable
2026-05-20 19:36:06 - huginn - DEBUG - OpenVPN: 2026-05-20 19:36:05 library versions: OpenSSL 3.5.0 8 Apr 2025, LZO 2.10
2026-05-20 19:36:06 - huginn - DEBUG - OpenVPN: 2026-05-20 19:36:05 DCO version: N/A
2026-05-20 19:36:06 - huginn - DEBUG - OpenVPN: 2026-05-20 19:36:05 TCP/UDP: Preserving recently used remote address: [AF_INET]206.148.40.161:1337
2026-05-20 19:36:06 - huginn - DEBUG - OpenVPN: 2026-05-20 19:36:05 Socket Buffers: R=[65536->65536] S=[65536->65536]
2026-05-20 19:36:06 - huginn - DEBUG - OpenVPN: 2026-05-20 19:36:05 UDPv4 link local: (not bound)
2026-05-20 19:36:06 - huginn - DEBUG - OpenVPN: 2026-05-20 19:36:05 UDPv4 link remote: [AF_INET]206.148.40.161:1337
2026-05-20 19:36:06 - huginn - DEBUG - OpenVPN: 2026-05-20 19:36:05 TLS: Initial packet from [AF_INET]206.148.40.161:1337, sid=37871bdd bc8673cc
2026-05-20 19:36:06 - huginn - DEBUG - OpenVPN: 2026-05-20 19:36:05 VERIFY OK: depth=2, C=GR, O=Hack The Box, OU=Systems, CN=HTB VPN: Root Certificate Authority
2026-05-20 19:36:06 - huginn - DEBUG - OpenVPN: 2026-05-20 19:36:05 VERIFY OK: depth=1, C=GR, O=Hack The Box, OU=Systems, CN=HTB VPN: au-free-1 Issuing CA
2026-05-20 19:36:06 - huginn - DEBUG - OpenVPN: 2026-05-20 19:36:05 VERIFY KU OK
2026-05-20 19:36:06 - huginn - DEBUG - OpenVPN: 2026-05-20 19:36:05 Validating certificate extended key usage
2026-05-20 19:36:06 - huginn - DEBUG - OpenVPN: 2026-05-20 19:36:05 ++ Certificate has EKU (str) TLS Web Client Authentication, expects TLS Web Server Authentication
2026-05-20 19:36:06 - huginn - DEBUG - OpenVPN: 2026-05-20 19:36:05 ++ Certificate has EKU (oid) 1.3.6.1.5.5.7.3.2, expects TLS Web Server Authentication
2026-05-20 19:36:06 - huginn - DEBUG - OpenVPN: 2026-05-20 19:36:05 ++ Certificate has EKU (str) TLS Web Server Authentication, expects TLS Web Server Authentication
2026-05-20 19:36:06 - huginn - DEBUG - OpenVPN: 2026-05-20 19:36:05 VERIFY EKU OK
2026-05-20 19:36:06 - huginn - DEBUG - OpenVPN: 2026-05-20 19:36:05 VERIFY OK: depth=0, C=GR, O=Hack The Box, OU=Systems, CN=au-free-1
2026-05-20 19:36:06 - huginn - DEBUG - OpenVPN: 2026-05-20 19:36:06 Control Channel: TLSv1.3, cipher TLSv1.3 TLS_AES_256_GCM_SHA384, peer certificate: 256 bits ED25519, signature: ED25519, peer temporary key: 253 bits X25519
2026-05-20 19:36:06 - huginn - DEBUG - OpenVPN: 2026-05-20 19:36:06 [au-free-1] Peer Connection Initiated with [AF_INET]206.148.40.161:1337
2026-05-20 19:36:06 - huginn - DEBUG - OpenVPN: 2026-05-20 19:36:06 TLS: move_session: dest=TM_ACTIVE src=TM_INITIAL reinit_src=1
2026-05-20 19:36:06 - huginn - DEBUG - OpenVPN: 2026-05-20 19:36:06 TLS: tls_multi_process: initial untrusted session promoted to trusted
2026-05-20 19:36:07 - huginn - DEBUG - OpenVPN: 2026-05-20 19:36:07 SENT CONTROL [au-free-1]: 'PUSH_REQUEST' (status=1)
2026-05-20 19:36:07 - huginn - DEBUG - OpenVPN: 2026-05-20 19:36:07 PUSH: Received control message: 'PUSH_REPLY,route 10.10.8.0 255.255.252.0,route 10.129.0.0 255.255.0.0,route-ipv6 dead:beef::/64,explicit-exit-notify,tun-ipv6,route-gateway 10.10.14.1,topology subnet,ping 10,ping-restart 120,ifconfig-ipv6 dead:beef:2::1016/64 dead:beef:2::1,ifconfig 10.10.14.24 255.255.254.0,peer-id 0,cipher AES-256-CBC,protocol-flags cc-exit tls-ekm dyn-tls-crypt,tun-mtu 1500'
2026-05-20 19:36:07 - huginn - DEBUG - OpenVPN: 2026-05-20 19:36:07 OPTIONS IMPORT: --ifconfig/up options modified
2026-05-20 19:36:07 - huginn - DEBUG - OpenVPN: 2026-05-20 19:36:07 OPTIONS IMPORT: route options modified
2026-05-20 19:36:07 - huginn - DEBUG - OpenVPN: 2026-05-20 19:36:07 OPTIONS IMPORT: route-related options modified
2026-05-20 19:36:07 - huginn - DEBUG - OpenVPN: 2026-05-20 19:36:07 OPTIONS IMPORT: tun-mtu set to 1500
2026-05-20 19:36:07 - huginn - DEBUG - OpenVPN: 2026-05-20 19:36:07 interactive service msg_channel=0
2026-05-20 19:36:07 - huginn - DEBUG - OpenVPN: 2026-05-20 19:36:07 ROUTE_GATEWAY 192.168.1.1/255.255.255.0 I=23 HWADDR=88:d8:2e:79:0c:48
2026-05-20 19:36:07 - huginn - DEBUG - OpenVPN: 2026-05-20 19:36:07 GDG6: remote_host_ipv6=n/a
2026-05-20 19:36:07 - huginn - DEBUG - OpenVPN: 2026-05-20 19:36:07 NOTE: GetBestInterfaceEx returned error: Element not found.   (code=1168)
2026-05-20 19:36:07 - huginn - DEBUG - OpenVPN: 2026-05-20 19:36:07 ROUTE6: default_gateway=UNDEF
2026-05-20 19:36:07 - huginn - DEBUG - OpenVPN: 2026-05-20 19:36:07 open_tun
2026-05-20 19:36:07 - huginn - DEBUG - OpenVPN: 2026-05-20 19:36:07 tap-windows6 device [OpenVPN TAP-Windows6] opened
2026-05-20 19:36:07 - huginn - DEBUG - OpenVPN: 2026-05-20 19:36:07 TAP-Windows Driver Version 9.27
2026-05-20 19:36:07 - huginn - DEBUG - OpenVPN: 2026-05-20 19:36:07 Set TAP-Windows TUN subnet mode network/local/netmask = 10.10.14.0/10.10.14.24/255.255.254.0 [SUCCEEDED]
2026-05-20 19:36:07 - huginn - DEBUG - OpenVPN: 2026-05-20 19:36:07 Notified TAP-Windows driver to set a DHCP IP/netmask of 10.10.14.24/255.255.254.0 on interface {9624926F-3F6E-402F-BBEF-68BB8BB5B777} [DHCP-serv: 10.10.14.0, lease-time: 31536000]
2026-05-20 19:36:07 - huginn - DEBUG - OpenVPN: 2026-05-20 19:36:07 Successful ARP Flush on interface [18] {9624926F-3F6E-402F-BBEF-68BB8BB5B777}
2026-05-20 19:36:07 - huginn - DEBUG - OpenVPN: 2026-05-20 19:36:07 IPv4 MTU set to 1500 on interface 18 using SetIpInterfaceEntry()
2026-05-20 19:36:07 - huginn - DEBUG - OpenVPN: 2026-05-20 19:36:07 NETSH: C:\WINDOWS\system32\netsh.exe interface ipv6 set address 18 dead:beef:2::1016/128 store=active
2026-05-20 19:36:07 - huginn - DEBUG - OpenVPN: 2026-05-20 19:36:07 add_route_ipv6(dead:beef:2::/64 -> dead:beef:2::1016 metric 0) IF 18
2026-05-20 19:36:07 - huginn - DEBUG - OpenVPN: 2026-05-20 19:36:07 IPv6 route addition using ipapi failed because route exists
2026-05-20 19:36:07 - huginn - DEBUG - OpenVPN: 2026-05-20 19:36:07 NETSH: C:\WINDOWS\system32\netsh.exe interface ipv6 delete dns 18 all
2026-05-20 19:36:07 - huginn - DEBUG - OpenVPN: 2026-05-20 19:36:07 IPv6 MTU set to 1500 on interface 18 using SetIpInterfaceEntry()
2026-05-20 19:36:07 - huginn - DEBUG - OpenVPN: 2026-05-20 19:36:07 Data Channel: cipher 'AES-256-CBC', auth 'SHA256', peer-id: 0, compression: 'lzo'
2026-05-20 19:36:07 - huginn - DEBUG - OpenVPN: 2026-05-20 19:36:07 Timers: ping 10, ping-restart 120
2026-05-20 19:36:07 - huginn - DEBUG - OpenVPN: 2026-05-20 19:36:07 Protocol options: explicit-exit-notify 1, protocol-flags cc-exit tls-ekm dyn-tls-crypt
2026-05-20 19:36:12 - huginn - DEBUG - OpenVPN: 2026-05-20 19:36:12 TEST ROUTES: 2/2 succeeded len=2 ret=1 a=0 u/d=up
2026-05-20 19:36:12 - huginn - DEBUG - OpenVPN: 2026-05-20 19:36:12 C:\WINDOWS\system32\route.exe ADD 10.10.8.0 MASK 255.255.252.0 10.10.14.1
2026-05-20 19:36:12 - huginn - DEBUG - OpenVPN: 2026-05-20 19:36:12 Route addition via ipapi [adaptive] failed because route exists
2026-05-20 19:36:12 - huginn - DEBUG - OpenVPN: 2026-05-20 19:36:12 C:\WINDOWS\system32\route.exe ADD 10.129.0.0 MASK 255.255.0.0 10.10.14.1
2026-05-20 19:36:12 - huginn - DEBUG - OpenVPN: 2026-05-20 19:36:12 Route addition via ipapi [adaptive] failed because route exists
2026-05-20 19:36:12 - huginn - DEBUG - OpenVPN: 2026-05-20 19:36:12 add_route_ipv6(dead:beef::/64 -> dead:beef:2::1 metric -1) IF 18
2026-05-20 19:36:12 - huginn - DEBUG - OpenVPN: 2026-05-20 19:36:12 IPv6 route addition using ipapi failed because route exists
2026-05-20 19:36:12 - huginn - DEBUG - OpenVPN: 2026-05-20 19:36:12 Initialization Sequence Completed
2026-05-20 19:37:51 - huginn - DEBUG - Suppressed exception
Traceback (most recent call last):
  File "C:\Users\allie\Coding Projects\huggin_suite\huginn\app\core\dns_resolver.py", line 14, in resolve_hostname
    ipaddress.ip_address(hostname)
    ~~~~~~~~~~~~~~~~~~~~^^^^^^^^^^
  File "C:\Users\allie\anaconda3\Lib\ipaddress.py", line 54, in ip_address
    raise ValueError(f'{address!r} does not appear to be an IPv4 or IPv6 address')
ValueError: 'staging.silentium.htb' does not appear to be an IPv4 or IPv6 address
2026-05-20 19:39:06 - huginn - DEBUG - Suppressed exception
Traceback (most recent call last):
  File "C:\Users\allie\Coding Projects\huggin_suite\huginn\app\core\dns_resolver.py", line 14, in resolve_hostname
    ipaddress.ip_address(hostname)
    ~~~~~~~~~~~~~~~~~~~~^^^^^^^^^^
  File "C:\Users\allie\anaconda3\Lib\ipaddress.py", line 54, in ip_address
    raise ValueError(f'{address!r} does not appear to be an IPv4 or IPv6 address')
ValueError: 'staging.silentium.htb' does not appear to be an IPv4 or IPv6 address
2026-05-20 19:40:16 - huginn - DEBUG - Suppressed exception
Traceback (most recent call last):
  File "C:\Users\allie\Coding Projects\huggin_suite\huginn\app\core\asset_manager.py", line 101, in init_database
    conn.execute("ALTER TABLE assets ADD COLUMN fqdn TEXT DEFAULT ''")
    ~~~~~~~~~~~~^^^^^^^^^^^^^^^^^^^^^^^^^^^^^^^^^^^^^^^^^^^^^^^^^^^^^^
sqlite3.OperationalError: duplicate column name: fqdn
2026-05-20 19:40:16 - huginn - DEBUG - Suppressed exception
Traceback (most recent call last):
  File "C:\Users\allie\Coding Projects\huggin_suite\huginn\app\core\asset_manager.py", line 108, in init_database
    conn.execute("ALTER TABLE assets ADD COLUMN mac_address TEXT DEFAULT ''")
    ~~~~~~~~~~~~^^^^^^^^^^^^^^^^^^^^^^^^^^^^^^^^^^^^^^^^^^^^^^^^^^^^^^^^^^^^^
sqlite3.OperationalError: duplicate column name: mac_address
2026-05-20 19:40:16 - huginn - DEBUG - Suppressed exception
Traceback (most recent call last):
  File "C:\Users\allie\Coding Projects\huggin_suite\huginn\app\core\asset_manager.py", line 115, in init_database
    conn.execute("ALTER TABLE assets ADD COLUMN vendor TEXT DEFAULT ''")
    ~~~~~~~~~~~~^^^^^^^^^^^^^^^^^^^^^^^^^^^^^^^^^^^^^^^^^^^^^^^^^^^^^^^^
sqlite3.OperationalError: duplicate column name: vendor
2026-05-20 19:40:16 - huginn - DEBUG - Suppressed exception
Traceback (most recent call last):
  File "C:\Users\allie\Coding Projects\huggin_suite\huginn\app\core\asset_manager.py", line 122, in init_database
    conn.execute("ALTER TABLE assets ADD COLUMN notes TEXT DEFAULT ''")
    ~~~~~~~~~~~~^^^^^^^^^^^^^^^^^^^^^^^^^^^^^^^^^^^^^^^^^^^^^^^^^^^^^^^
sqlite3.OperationalError: duplicate column name: notes
2026-05-20 19:44:35 - huginn - INFO - VPN connection terminated
2026-05-20 19:44:35 - huginn - INFO - vpn_manager disconnected
2026-05-20 19:44:35 - huginn - DEBUG - Memory monitoring stopped
2026-05-20 19:44:35 - huginn - DEBUG - Connection pool closed all sessions
2026-05-20 19:44:36 - huginn - INFO - Update manager stopped during cleanup
2026-05-20 19:44:54 - huginn - DEBUG - Suppressed exception
Traceback (most recent call last):
  File "c:\Users\allie\Coding Projects\huggin_suite\huginn\app\core\asset_manager.py", line 101, in init_database
    conn.execute("ALTER TABLE assets ADD COLUMN fqdn TEXT DEFAULT ''")
    ~~~~~~~~~~~~^^^^^^^^^^^^^^^^^^^^^^^^^^^^^^^^^^^^^^^^^^^^^^^^^^^^^^
sqlite3.OperationalError: duplicate column name: fqdn
2026-05-20 19:44:54 - huginn - DEBUG - Suppressed exception
Traceback (most recent call last):
  File "c:\Users\allie\Coding Projects\huggin_suite\huginn\app\core\asset_manager.py", line 108, in init_database
    conn.execute("ALTER TABLE assets ADD COLUMN mac_address TEXT DEFAULT ''")
    ~~~~~~~~~~~~^^^^^^^^^^^^^^^^^^^^^^^^^^^^^^^^^^^^^^^^^^^^^^^^^^^^^^^^^^^^^
sqlite3.OperationalError: duplicate column name: mac_address
2026-05-20 19:44:54 - huginn - DEBUG - Suppressed exception
Traceback (most recent call last):
  File "c:\Users\allie\Coding Projects\huggin_suite\huginn\app\core\asset_manager.py", line 115, in init_database
    conn.execute("ALTER TABLE assets ADD COLUMN vendor TEXT DEFAULT ''")
    ~~~~~~~~~~~~^^^^^^^^^^^^^^^^^^^^^^^^^^^^^^^^^^^^^^^^^^^^^^^^^^^^^^^^
sqlite3.OperationalError: duplicate column name: vendor
2026-05-20 19:44:54 - huginn - DEBUG - Suppressed exception
Traceback (most recent call last):
  File "c:\Users\allie\Coding Projects\huggin_suite\huginn\app\core\asset_manager.py", line 122, in init_database
    conn.execute("ALTER TABLE assets ADD COLUMN notes TEXT DEFAULT ''")
    ~~~~~~~~~~~~^^^^^^^^^^^^^^^^^^^^^^^^^^^^^^^^^^^^^^^^^^^^^^^^^^^^^^^
sqlite3.OperationalError: duplicate column name: notes
2026-05-20 19:44:54 - huginn - INFO - Using default configuration
2026-05-20 19:44:56 - huginn - INFO - License saved successfully
2026-05-20 19:44:56 - huginn - INFO - License loaded and validated successfully
2026-05-20 19:55:30 - huginn - DEBUG - Suppressed exception
Traceback (most recent call last):
  File "c:\Users\allie\Coding Projects\huggin_suite\huginn\app\core\asset_manager.py", line 101, in init_database
    conn.execute("ALTER TABLE assets ADD COLUMN fqdn TEXT DEFAULT ''")
    ~~~~~~~~~~~~^^^^^^^^^^^^^^^^^^^^^^^^^^^^^^^^^^^^^^^^^^^^^^^^^^^^^^
sqlite3.OperationalError: duplicate column name: fqdn
2026-05-20 19:55:30 - huginn - DEBUG - Suppressed exception
Traceback (most recent call last):
  File "c:\Users\allie\Coding Projects\huggin_suite\huginn\app\core\asset_manager.py", line 108, in init_database
    conn.execute("ALTER TABLE assets ADD COLUMN mac_address TEXT DEFAULT ''")
    ~~~~~~~~~~~~^^^^^^^^^^^^^^^^^^^^^^^^^^^^^^^^^^^^^^^^^^^^^^^^^^^^^^^^^^^^^
sqlite3.OperationalError: duplicate column name: mac_address
2026-05-20 19:55:30 - huginn - DEBUG - Suppressed exception
Traceback (most recent call last):
  File "c:\Users\allie\Coding Projects\huggin_suite\huginn\app\core\asset_manager.py", line 115, in init_database
    conn.execute("ALTER TABLE assets ADD COLUMN vendor TEXT DEFAULT ''")
    ~~~~~~~~~~~~^^^^^^^^^^^^^^^^^^^^^^^^^^^^^^^^^^^^^^^^^^^^^^^^^^^^^^^^
sqlite3.OperationalError: duplicate column name: vendor
2026-05-20 19:55:30 - huginn - DEBUG - Suppressed exception
Traceback (most recent call last):
  File "c:\Users\allie\Coding Projects\huggin_suite\huginn\app\core\asset_manager.py", line 122, in init_database
    conn.execute("ALTER TABLE assets ADD COLUMN notes TEXT DEFAULT ''")
    ~~~~~~~~~~~~^^^^^^^^^^^^^^^^^^^^^^^^^^^^^^^^^^^^^^^^^^^^^^^^^^^^^^^
sqlite3.OperationalError: duplicate column name: notes
2026-05-20 19:55:31 - huginn - INFO - Using default configuration
2026-05-20 19:55:33 - huginn - INFO - License saved successfully
2026-05-20 19:55:33 - huginn - INFO - License loaded and validated successfully
2026-05-20 19:55:41 - huginn - DEBUG - Suppressed exception
Traceback (most recent call last):
  File "c:\Users\allie\Coding Projects\huggin_suite\huginn\app\core\asset_manager.py", line 101, in init_database
    conn.execute("ALTER TABLE assets ADD COLUMN fqdn TEXT DEFAULT ''")
    ~~~~~~~~~~~~^^^^^^^^^^^^^^^^^^^^^^^^^^^^^^^^^^^^^^^^^^^^^^^^^^^^^^
sqlite3.OperationalError: duplicate column name: fqdn
2026-05-20 19:55:41 - huginn - DEBUG - Suppressed exception
Traceback (most recent call last):
  File "c:\Users\allie\Coding Projects\huggin_suite\huginn\app\core\asset_manager.py", line 108, in init_database
    conn.execute("ALTER TABLE assets ADD COLUMN mac_address TEXT DEFAULT ''")
    ~~~~~~~~~~~~^^^^^^^^^^^^^^^^^^^^^^^^^^^^^^^^^^^^^^^^^^^^^^^^^^^^^^^^^^^^^
sqlite3.OperationalError: duplicate column name: mac_address
2026-05-20 19:55:41 - huginn - DEBUG - Suppressed exception
Traceback (most recent call last):
  File "c:\Users\allie\Coding Projects\huggin_suite\huginn\app\core\asset_manager.py", line 115, in init_database
    conn.execute("ALTER TABLE assets ADD COLUMN vendor TEXT DEFAULT ''")
    ~~~~~~~~~~~~^^^^^^^^^^^^^^^^^^^^^^^^^^^^^^^^^^^^^^^^^^^^^^^^^^^^^^^^
sqlite3.OperationalError: duplicate column name: vendor
2026-05-20 19:55:41 - huginn - DEBUG - Suppressed exception
Traceback (most recent call last):
  File "c:\Users\allie\Coding Projects\huggin_suite\huginn\app\core\asset_manager.py", line 122, in init_database
    conn.execute("ALTER TABLE assets ADD COLUMN notes TEXT DEFAULT ''")
    ~~~~~~~~~~~~^^^^^^^^^^^^^^^^^^^^^^^^^^^^^^^^^^^^^^^^^^^^^^^^^^^^^^^
sqlite3.OperationalError: duplicate column name: notes
2026-05-20 19:55:41 - huginn - INFO - Using default configuration
2026-05-20 19:55:43 - huginn - INFO - License saved successfully
2026-05-20 19:55:43 - huginn - INFO - License loaded and validated successfully
2026-05-20 19:55:53 - huginn - DEBUG - Suppressed exception
Traceback (most recent call last):
  File "c:\Users\allie\Coding Projects\huggin_suite\huginn\app\core\asset_manager.py", line 101, in init_database
    conn.execute("ALTER TABLE assets ADD COLUMN fqdn TEXT DEFAULT ''")
    ~~~~~~~~~~~~^^^^^^^^^^^^^^^^^^^^^^^^^^^^^^^^^^^^^^^^^^^^^^^^^^^^^^
sqlite3.OperationalError: duplicate column name: fqdn
2026-05-20 19:55:53 - huginn - DEBUG - Suppressed exception
Traceback (most recent call last):
  File "c:\Users\allie\Coding Projects\huggin_suite\huginn\app\core\asset_manager.py", line 108, in init_database
    conn.execute("ALTER TABLE assets ADD COLUMN mac_address TEXT DEFAULT ''")
    ~~~~~~~~~~~~^^^^^^^^^^^^^^^^^^^^^^^^^^^^^^^^^^^^^^^^^^^^^^^^^^^^^^^^^^^^^
sqlite3.OperationalError: duplicate column name: mac_address
2026-05-20 19:55:53 - huginn - DEBUG - Suppressed exception
Traceback (most recent call last):
  File "c:\Users\allie\Coding Projects\huggin_suite\huginn\app\core\asset_manager.py", line 115, in init_database
    conn.execute("ALTER TABLE assets ADD COLUMN vendor TEXT DEFAULT ''")
    ~~~~~~~~~~~~^^^^^^^^^^^^^^^^^^^^^^^^^^^^^^^^^^^^^^^^^^^^^^^^^^^^^^^^
sqlite3.OperationalError: duplicate column name: vendor
2026-05-20 19:55:53 - huginn - DEBUG - Suppressed exception
Traceback (most recent call last):
  File "c:\Users\allie\Coding Projects\huggin_suite\huginn\app\core\asset_manager.py", line 122, in init_database
    conn.execute("ALTER TABLE assets ADD COLUMN notes TEXT DEFAULT ''")
    ~~~~~~~~~~~~^^^^^^^^^^^^^^^^^^^^^^^^^^^^^^^^^^^^^^^^^^^^^^^^^^^^^^^
sqlite3.OperationalError: duplicate column name: notes
2026-05-20 19:55:53 - huginn - INFO - Using default configuration
2026-05-20 19:55:55 - huginn - INFO - License saved successfully
2026-05-20 19:55:55 - huginn - INFO - License loaded and validated successfully
2026-05-20 19:56:04 - huginn - DEBUG - Suppressed exception
Traceback (most recent call last):
  File "c:\Users\allie\Coding Projects\huggin_suite\huginn\app\core\asset_manager.py", line 101, in init_database
    conn.execute("ALTER TABLE assets ADD COLUMN fqdn TEXT DEFAULT ''")
    ~~~~~~~~~~~~^^^^^^^^^^^^^^^^^^^^^^^^^^^^^^^^^^^^^^^^^^^^^^^^^^^^^^
sqlite3.OperationalError: duplicate column name: fqdn
2026-05-20 19:56:04 - huginn - DEBUG - Suppressed exception
Traceback (most recent call last):
  File "c:\Users\allie\Coding Projects\huggin_suite\huginn\app\core\asset_manager.py", line 108, in init_database
    conn.execute("ALTER TABLE assets ADD COLUMN mac_address TEXT DEFAULT ''")
    ~~~~~~~~~~~~^^^^^^^^^^^^^^^^^^^^^^^^^^^^^^^^^^^^^^^^^^^^^^^^^^^^^^^^^^^^^
sqlite3.OperationalError: duplicate column name: mac_address
2026-05-20 19:56:04 - huginn - DEBUG - Suppressed exception
Traceback (most recent call last):
  File "c:\Users\allie\Coding Projects\huggin_suite\huginn\app\core\asset_manager.py", line 115, in init_database
    conn.execute("ALTER TABLE assets ADD COLUMN vendor TEXT DEFAULT ''")
    ~~~~~~~~~~~~^^^^^^^^^^^^^^^^^^^^^^^^^^^^^^^^^^^^^^^^^^^^^^^^^^^^^^^^
sqlite3.OperationalError: duplicate column name: vendor
2026-05-20 19:56:04 - huginn - DEBUG - Suppressed exception
Traceback (most recent call last):
  File "c:\Users\allie\Coding Projects\huggin_suite\huginn\app\core\asset_manager.py", line 122, in init_database
    conn.execute("ALTER TABLE assets ADD COLUMN notes TEXT DEFAULT ''")
    ~~~~~~~~~~~~^^^^^^^^^^^^^^^^^^^^^^^^^^^^^^^^^^^^^^^^^^^^^^^^^^^^^^^
sqlite3.OperationalError: duplicate column name: notes
2026-05-20 19:56:04 - huginn - INFO - Using default configuration
2026-05-20 19:56:06 - huginn - INFO - License saved successfully
2026-05-20 19:56:06 - huginn - INFO - License loaded and validated successfully
2026-05-20 19:56:17 - huginn - DEBUG - Suppressed exception
Traceback (most recent call last):
  File "c:\Users\allie\Coding Projects\huggin_suite\huginn\app\core\asset_manager.py", line 101, in init_database
    conn.execute("ALTER TABLE assets ADD COLUMN fqdn TEXT DEFAULT ''")
    ~~~~~~~~~~~~^^^^^^^^^^^^^^^^^^^^^^^^^^^^^^^^^^^^^^^^^^^^^^^^^^^^^^
sqlite3.OperationalError: duplicate column name: fqdn
2026-05-20 19:56:17 - huginn - DEBUG - Suppressed exception
Traceback (most recent call last):
  File "c:\Users\allie\Coding Projects\huggin_suite\huginn\app\core\asset_manager.py", line 108, in init_database
    conn.execute("ALTER TABLE assets ADD COLUMN mac_address TEXT DEFAULT ''")
    ~~~~~~~~~~~~^^^^^^^^^^^^^^^^^^^^^^^^^^^^^^^^^^^^^^^^^^^^^^^^^^^^^^^^^^^^^
sqlite3.OperationalError: duplicate column name: mac_address
2026-05-20 19:56:17 - huginn - DEBUG - Suppressed exception
Traceback (most recent call last):
  File "c:\Users\allie\Coding Projects\huggin_suite\huginn\app\core\asset_manager.py", line 115, in init_database
    conn.execute("ALTER TABLE assets ADD COLUMN vendor TEXT DEFAULT ''")
    ~~~~~~~~~~~~^^^^^^^^^^^^^^^^^^^^^^^^^^^^^^^^^^^^^^^^^^^^^^^^^^^^^^^^
sqlite3.OperationalError: duplicate column name: vendor
2026-05-20 19:56:17 - huginn - DEBUG - Suppressed exception
Traceback (most recent call last):
  File "c:\Users\allie\Coding Projects\huggin_suite\huginn\app\core\asset_manager.py", line 122, in init_database
    conn.execute("ALTER TABLE assets ADD COLUMN notes TEXT DEFAULT ''")
    ~~~~~~~~~~~~^^^^^^^^^^^^^^^^^^^^^^^^^^^^^^^^^^^^^^^^^^^^^^^^^^^^^^^
sqlite3.OperationalError: duplicate column name: notes
2026-05-20 19:56:17 - huginn - INFO - Using default configuration
2026-05-20 19:56:20 - huginn - INFO - License saved successfully
2026-05-20 19:56:20 - huginn - INFO - License loaded and validated successfully
2026-05-20 19:58:39 - huginn - INFO - License saved successfully
2026-05-20 19:58:39 - huginn - INFO - License loaded and validated successfully
2026-05-20 19:58:39 - huginn - INFO - Application starting...
2026-05-20 19:58:39 - huginn - INFO - Font loaded successfully
2026-05-20 19:58:39 - huginn - INFO - Stylesheet loaded successfully
2026-05-20 19:58:39 - huginn - INFO - Creating main window...
2026-05-20 19:58:39 - huginn - INFO - QThreadPool max threads set to 32 (CPUs: 32)
2026-05-20 19:58:39 - huginn - INFO - Custom font 'Neuropol X' loaded from C:\Users\allie\Coding Projects\huggin_suite\huginn\resources\fonts\neuropol.otf
2026-05-20 19:58:39 - huginn - DEBUG - Suppressed exception
Traceback (most recent call last):
  File "C:\Users\allie\Coding Projects\huggin_suite\huginn\app\pages\page_registry.py", line 45, in register_all_pages
    from app.pages.db_attacks_page import DBAttacksPage
ImportError: cannot import name 'DBAttacksPage' from 'app.pages.db_attacks_page' (C:\Users\allie\Coding Projects\huggin_suite\huginn\app\pages\db_attacks_page.py)
2026-05-20 19:58:43 - huginn - DEBUG - Credentials loaded for profile 'Silentium'
2026-05-20 19:58:43 - huginn - DEBUG - Suppressed exception
Traceback (most recent call last):
  File "C:\Users\allie\Coding Projects\huggin_suite\huginn\app\core\scope_manager.py", line 62, in _parse_scope_text
    ipaddress.IPv4Address(item)
    ~~~~~~~~~~~~~~~~~~~~~^^^^^^
  File "C:\Users\allie\anaconda3\Lib\ipaddress.py", line 1319, in __init__
    self._ip = self._ip_int_from_string(addr_str)
               ~~~~~~~~~~~~~~~~~~~~~~~~^^^^^^^^^^
  File "C:\Users\allie\anaconda3\Lib\ipaddress.py", line 1206, in _ip_int_from_string
    raise AddressValueError("Expected 4 octets in %r" % ip_str)
ipaddress.AddressValueError: Expected 4 octets in 'silentium.htb'
2026-05-20 19:58:43 - huginn - DEBUG - Credentials loaded for profile 'Silentium'
2026-05-20 19:58:43 - huginn - DEBUG - Suppressed exception
Traceback (most recent call last):
  File "C:\Users\allie\Coding Projects\huggin_suite\huginn\app\core\scope_manager.py", line 62, in _parse_scope_text
    ipaddress.IPv4Address(item)
    ~~~~~~~~~~~~~~~~~~~~~^^^^^^
  File "C:\Users\allie\anaconda3\Lib\ipaddress.py", line 1319, in __init__
    self._ip = self._ip_int_from_string(addr_str)
               ~~~~~~~~~~~~~~~~~~~~~~~~^^^^^^^^^^
  File "C:\Users\allie\anaconda3\Lib\ipaddress.py", line 1206, in _ip_int_from_string
    raise AddressValueError("Expected 4 octets in %r" % ip_str)
ipaddress.AddressValueError: Expected 4 octets in 'silentium.htb'
2026-05-20 19:59:08 - huginn - INFO - VPN connection terminated
2026-05-20 19:59:08 - huginn - INFO - OpenVPN connection started with config: C:/Users/allie/Downloads/machines_au-1.ovpn
2026-05-20 19:59:09 - huginn - DEBUG - OpenVPN: 2026-05-20 19:59:08 Note: --data-ciphers-fallback with cipher 'AES-128-CBC' disables data channel offload.
2026-05-20 19:59:09 - huginn - DEBUG - OpenVPN: 2026-05-20 19:59:08 OpenVPN 2.6.14 [git:none/0169b4ad2bb35d2c] Windows [SSL (OpenSSL)] [LZO] [LZ4] [PKCS11] [AEAD] [DCO] built on Jun 19 2025
2026-05-20 19:59:09 - huginn - DEBUG - OpenVPN: 2026-05-20 19:59:08 Windows version 10.0 (Windows 10 or greater), amd64 executable
2026-05-20 19:59:09 - huginn - DEBUG - OpenVPN: 2026-05-20 19:59:08 library versions: OpenSSL 3.5.0 8 Apr 2025, LZO 2.10
2026-05-20 19:59:09 - huginn - DEBUG - OpenVPN: 2026-05-20 19:59:08 DCO version: N/A
2026-05-20 19:59:09 - huginn - DEBUG - OpenVPN: 2026-05-20 19:59:08 TCP/UDP: Preserving recently used remote address: [AF_INET]206.148.40.161:1337
2026-05-20 19:59:09 - huginn - DEBUG - OpenVPN: 2026-05-20 19:59:08 Socket Buffers: R=[65536->65536] S=[65536->65536]
2026-05-20 19:59:09 - huginn - DEBUG - OpenVPN: 2026-05-20 19:59:08 UDPv4 link local: (not bound)
2026-05-20 19:59:09 - huginn - DEBUG - OpenVPN: 2026-05-20 19:59:08 UDPv4 link remote: [AF_INET]206.148.40.161:1337
2026-05-20 19:59:09 - huginn - DEBUG - OpenVPN: 2026-05-20 19:59:08 TLS: Initial packet from [AF_INET]206.148.40.161:1337, sid=b6ae4052 75137279
2026-05-20 19:59:09 - huginn - DEBUG - OpenVPN: 2026-05-20 19:59:09 VERIFY OK: depth=2, C=GR, O=Hack The Box, OU=Systems, CN=HTB VPN: Root Certificate Authority
2026-05-20 19:59:09 - huginn - DEBUG - OpenVPN: 2026-05-20 19:59:09 VERIFY OK: depth=1, C=GR, O=Hack The Box, OU=Systems, CN=HTB VPN: au-free-1 Issuing CA
2026-05-20 19:59:09 - huginn - DEBUG - OpenVPN: 2026-05-20 19:59:09 VERIFY KU OK
2026-05-20 19:59:09 - huginn - DEBUG - OpenVPN: 2026-05-20 19:59:09 Validating certificate extended key usage
2026-05-20 19:59:09 - huginn - DEBUG - OpenVPN: 2026-05-20 19:59:09 ++ Certificate has EKU (str) TLS Web Client Authentication, expects TLS Web Server Authentication
2026-05-20 19:59:09 - huginn - DEBUG - OpenVPN: 2026-05-20 19:59:09 ++ Certificate has EKU (oid) 1.3.6.1.5.5.7.3.2, expects TLS Web Server Authentication
2026-05-20 19:59:09 - huginn - DEBUG - OpenVPN: 2026-05-20 19:59:09 ++ Certificate has EKU (str) TLS Web Server Authentication, expects TLS Web Server Authentication
2026-05-20 19:59:09 - huginn - DEBUG - OpenVPN: 2026-05-20 19:59:09 VERIFY EKU OK
2026-05-20 19:59:09 - huginn - DEBUG - OpenVPN: 2026-05-20 19:59:09 VERIFY OK: depth=0, C=GR, O=Hack The Box, OU=Systems, CN=au-free-1
2026-05-20 19:59:09 - huginn - DEBUG - OpenVPN: 2026-05-20 19:59:09 Control Channel: TLSv1.3, cipher TLSv1.3 TLS_AES_256_GCM_SHA384, peer certificate: 256 bits ED25519, signature: ED25519, peer temporary key: 253 bits X25519
2026-05-20 19:59:09 - huginn - DEBUG - OpenVPN: 2026-05-20 19:59:09 [au-free-1] Peer Connection Initiated with [AF_INET]206.148.40.161:1337
2026-05-20 19:59:09 - huginn - DEBUG - OpenVPN: 2026-05-20 19:59:09 TLS: move_session: dest=TM_ACTIVE src=TM_INITIAL reinit_src=1
2026-05-20 19:59:09 - huginn - DEBUG - OpenVPN: 2026-05-20 19:59:09 TLS: tls_multi_process: initial untrusted session promoted to trusted
2026-05-20 19:59:10 - huginn - DEBUG - OpenVPN: 2026-05-20 19:59:10 SENT CONTROL [au-free-1]: 'PUSH_REQUEST' (status=1)
2026-05-20 19:59:10 - huginn - DEBUG - OpenVPN: 2026-05-20 19:59:10 PUSH: Received control message: 'PUSH_REPLY,route 10.10.8.0 255.255.252.0,route 10.129.0.0 255.255.0.0,route-ipv6 dead:beef::/64,explicit-exit-notify,tun-ipv6,route-gateway 10.10.14.1,topology subnet,ping 10,ping-restart 120,ifconfig-ipv6 dead:beef:2::1016/64 dead:beef:2::1,ifconfig 10.10.14.24 255.255.254.0,peer-id 0,cipher AES-256-CBC,protocol-flags cc-exit tls-ekm dyn-tls-crypt,tun-mtu 1500'
2026-05-20 19:59:10 - huginn - DEBUG - OpenVPN: 2026-05-20 19:59:10 OPTIONS IMPORT: --ifconfig/up options modified
2026-05-20 19:59:10 - huginn - DEBUG - OpenVPN: 2026-05-20 19:59:10 OPTIONS IMPORT: route options modified
2026-05-20 19:59:10 - huginn - DEBUG - OpenVPN: 2026-05-20 19:59:10 OPTIONS IMPORT: route-related options modified
2026-05-20 19:59:10 - huginn - DEBUG - OpenVPN: 2026-05-20 19:59:10 OPTIONS IMPORT: tun-mtu set to 1500
2026-05-20 19:59:10 - huginn - DEBUG - OpenVPN: 2026-05-20 19:59:10 interactive service msg_channel=0
2026-05-20 19:59:10 - huginn - DEBUG - OpenVPN: 2026-05-20 19:59:10 ROUTE_GATEWAY 192.168.1.1/255.255.255.0 I=23 HWADDR=88:d8:2e:79:0c:48
2026-05-20 19:59:10 - huginn - DEBUG - OpenVPN: 2026-05-20 19:59:10 GDG6: remote_host_ipv6=n/a
2026-05-20 19:59:10 - huginn - DEBUG - OpenVPN: 2026-05-20 19:59:10 NOTE: GetBestInterfaceEx returned error: Element not found.   (code=1168)
2026-05-20 19:59:10 - huginn - DEBUG - OpenVPN: 2026-05-20 19:59:10 ROUTE6: default_gateway=UNDEF
2026-05-20 19:59:10 - huginn - DEBUG - OpenVPN: 2026-05-20 19:59:10 open_tun
2026-05-20 19:59:10 - huginn - DEBUG - OpenVPN: 2026-05-20 19:59:10 tap-windows6 device [OpenVPN TAP-Windows6] opened
2026-05-20 19:59:10 - huginn - DEBUG - OpenVPN: 2026-05-20 19:59:10 TAP-Windows Driver Version 9.27
2026-05-20 19:59:10 - huginn - DEBUG - OpenVPN: 2026-05-20 19:59:10 Set TAP-Windows TUN subnet mode network/local/netmask = 10.10.14.0/10.10.14.24/255.255.254.0 [SUCCEEDED]
2026-05-20 19:59:10 - huginn - DEBUG - OpenVPN: 2026-05-20 19:59:10 Notified TAP-Windows driver to set a DHCP IP/netmask of 10.10.14.24/255.255.254.0 on interface {9624926F-3F6E-402F-BBEF-68BB8BB5B777} [DHCP-serv: 10.10.14.0, lease-time: 31536000]
2026-05-20 19:59:10 - huginn - DEBUG - OpenVPN: 2026-05-20 19:59:10 Successful ARP Flush on interface [18] {9624926F-3F6E-402F-BBEF-68BB8BB5B777}
2026-05-20 19:59:10 - huginn - DEBUG - OpenVPN: 2026-05-20 19:59:10 IPv4 MTU set to 1500 on interface 18 using SetIpInterfaceEntry()
2026-05-20 19:59:10 - huginn - DEBUG - OpenVPN: 2026-05-20 19:59:10 NETSH: C:\WINDOWS\system32\netsh.exe interface ipv6 set address 18 dead:beef:2::1016/128 store=active
2026-05-20 19:59:10 - huginn - DEBUG - OpenVPN: 2026-05-20 19:59:10 add_route_ipv6(dead:beef:2::/64 -> dead:beef:2::1016 metric 0) IF 18
2026-05-20 19:59:10 - huginn - DEBUG - OpenVPN: 2026-05-20 19:59:10 IPv6 route addition using ipapi failed because route exists
2026-05-20 19:59:10 - huginn - DEBUG - OpenVPN: 2026-05-20 19:59:10 NETSH: C:\WINDOWS\system32\netsh.exe interface ipv6 delete dns 18 all
2026-05-20 19:59:10 - huginn - DEBUG - OpenVPN: 2026-05-20 19:59:10 IPv6 MTU set to 1500 on interface 18 using SetIpInterfaceEntry()
2026-05-20 19:59:10 - huginn - DEBUG - OpenVPN: 2026-05-20 19:59:10 Data Channel: cipher 'AES-256-CBC', auth 'SHA256', peer-id: 0, compression: 'lzo'
2026-05-20 19:59:10 - huginn - DEBUG - OpenVPN: 2026-05-20 19:59:10 Timers: ping 10, ping-restart 120
2026-05-20 19:59:10 - huginn - DEBUG - OpenVPN: 2026-05-20 19:59:10 Protocol options: explicit-exit-notify 1, protocol-flags cc-exit tls-ekm dyn-tls-crypt
2026-05-20 19:59:16 - huginn - DEBUG - OpenVPN: 2026-05-20 19:59:16 TEST ROUTES: 2/2 succeeded len=2 ret=1 a=0 u/d=up
2026-05-20 19:59:16 - huginn - DEBUG - OpenVPN: 2026-05-20 19:59:16 C:\WINDOWS\system32\route.exe ADD 10.10.8.0 MASK 255.255.252.0 10.10.14.1
2026-05-20 19:59:16 - huginn - DEBUG - OpenVPN: 2026-05-20 19:59:16 Route addition via ipapi [adaptive] failed because route exists
2026-05-20 19:59:16 - huginn - DEBUG - OpenVPN: 2026-05-20 19:59:16 C:\WINDOWS\system32\route.exe ADD 10.129.0.0 MASK 255.255.0.0 10.10.14.1
2026-05-20 19:59:16 - huginn - DEBUG - OpenVPN: 2026-05-20 19:59:16 Route addition via ipapi [adaptive] failed because route exists
2026-05-20 19:59:16 - huginn - DEBUG - OpenVPN: 2026-05-20 19:59:16 add_route_ipv6(dead:beef::/64 -> dead:beef:2::1 metric -1) IF 18
2026-05-20 19:59:16 - huginn - DEBUG - OpenVPN: 2026-05-20 19:59:16 IPv6 route addition using ipapi failed because route exists
2026-05-20 19:59:16 - huginn - DEBUG - OpenVPN: 2026-05-20 19:59:16 Initialization Sequence Completed
2026-05-20 20:00:37 - huginn - INFO - VPN connection terminated
2026-05-20 20:00:37 - huginn - INFO - vpn_manager disconnected
2026-05-20 20:00:37 - huginn - DEBUG - Memory monitoring stopped
2026-05-20 20:00:37 - huginn - DEBUG - Connection pool closed all sessions
2026-05-20 20:00:37 - huginn - INFO - Update manager stopped during cleanup
2026-05-20 20:01:12 - huginn - DEBUG - Suppressed exception
Traceback (most recent call last):
  File "c:\Users\allie\Coding Projects\huggin_suite\huginn\app\core\asset_manager.py", line 101, in init_database
    conn.execute("ALTER TABLE assets ADD COLUMN fqdn TEXT DEFAULT ''")
    ~~~~~~~~~~~~^^^^^^^^^^^^^^^^^^^^^^^^^^^^^^^^^^^^^^^^^^^^^^^^^^^^^^
sqlite3.OperationalError: duplicate column name: fqdn
2026-05-20 20:01:12 - huginn - DEBUG - Suppressed exception
Traceback (most recent call last):
  File "c:\Users\allie\Coding Projects\huggin_suite\huginn\app\core\asset_manager.py", line 108, in init_database
    conn.execute("ALTER TABLE assets ADD COLUMN mac_address TEXT DEFAULT ''")
    ~~~~~~~~~~~~^^^^^^^^^^^^^^^^^^^^^^^^^^^^^^^^^^^^^^^^^^^^^^^^^^^^^^^^^^^^^
sqlite3.OperationalError: duplicate column name: mac_address
2026-05-20 20:01:12 - huginn - DEBUG - Suppressed exception
Traceback (most recent call last):
  File "c:\Users\allie\Coding Projects\huggin_suite\huginn\app\core\asset_manager.py", line 115, in init_database
    conn.execute("ALTER TABLE assets ADD COLUMN vendor TEXT DEFAULT ''")
    ~~~~~~~~~~~~^^^^^^^^^^^^^^^^^^^^^^^^^^^^^^^^^^^^^^^^^^^^^^^^^^^^^^^^
sqlite3.OperationalError: duplicate column name: vendor
2026-05-20 20:01:12 - huginn - DEBUG - Suppressed exception
Traceback (most recent call last):
  File "c:\Users\allie\Coding Projects\huggin_suite\huginn\app\core\asset_manager.py", line 122, in init_database
    conn.execute("ALTER TABLE assets ADD COLUMN notes TEXT DEFAULT ''")
    ~~~~~~~~~~~~^^^^^^^^^^^^^^^^^^^^^^^^^^^^^^^^^^^^^^^^^^^^^^^^^^^^^^^
sqlite3.OperationalError: duplicate column name: notes
2026-05-20 20:01:12 - huginn - INFO - Using default configuration
2026-05-20 20:01:15 - huginn - INFO - License saved successfully
2026-05-20 20:01:15 - huginn - INFO - License loaded and validated successfully
2026-05-20 20:01:32 - huginn - DEBUG - Suppressed exception
Traceback (most recent call last):
  File "c:\Users\allie\Coding Projects\huggin_suite\huginn\app\core\asset_manager.py", line 101, in init_database
    conn.execute("ALTER TABLE assets ADD COLUMN fqdn TEXT DEFAULT ''")
    ~~~~~~~~~~~~^^^^^^^^^^^^^^^^^^^^^^^^^^^^^^^^^^^^^^^^^^^^^^^^^^^^^^
sqlite3.OperationalError: duplicate column name: fqdn
2026-05-20 20:01:32 - huginn - DEBUG - Suppressed exception
Traceback (most recent call last):
  File "c:\Users\allie\Coding Projects\huggin_suite\huginn\app\core\asset_manager.py", line 108, in init_database
    conn.execute("ALTER TABLE assets ADD COLUMN mac_address TEXT DEFAULT ''")
    ~~~~~~~~~~~~^^^^^^^^^^^^^^^^^^^^^^^^^^^^^^^^^^^^^^^^^^^^^^^^^^^^^^^^^^^^^
sqlite3.OperationalError: duplicate column name: mac_address
2026-05-20 20:01:32 - huginn - DEBUG - Suppressed exception
Traceback (most recent call last):
  File "c:\Users\allie\Coding Projects\huggin_suite\huginn\app\core\asset_manager.py", line 115, in init_database
    conn.execute("ALTER TABLE assets ADD COLUMN vendor TEXT DEFAULT ''")
    ~~~~~~~~~~~~^^^^^^^^^^^^^^^^^^^^^^^^^^^^^^^^^^^^^^^^^^^^^^^^^^^^^^^^
sqlite3.OperationalError: duplicate column name: vendor
2026-05-20 20:01:32 - huginn - DEBUG - Suppressed exception
Traceback (most recent call last):
  File "c:\Users\allie\Coding Projects\huggin_suite\huginn\app\core\asset_manager.py", line 122, in init_database
    conn.execute("ALTER TABLE assets ADD COLUMN notes TEXT DEFAULT ''")
    ~~~~~~~~~~~~^^^^^^^^^^^^^^^^^^^^^^^^^^^^^^^^^^^^^^^^^^^^^^^^^^^^^^^
sqlite3.OperationalError: duplicate column name: notes
2026-05-20 20:01:32 - huginn - INFO - Using default configuration
2026-05-20 20:01:34 - huginn - INFO - License saved successfully
2026-05-20 20:01:34 - huginn - INFO - License loaded and validated successfully
2026-05-20 20:01:37 - huginn - DEBUG - Suppressed exception
Traceback (most recent call last):
  File "c:\Users\allie\Coding Projects\huggin_suite\huginn\app\core\asset_manager.py", line 101, in init_database
    conn.execute("ALTER TABLE assets ADD COLUMN fqdn TEXT DEFAULT ''")
    ~~~~~~~~~~~~^^^^^^^^^^^^^^^^^^^^^^^^^^^^^^^^^^^^^^^^^^^^^^^^^^^^^^
sqlite3.OperationalError: duplicate column name: fqdn
2026-05-20 20:01:37 - huginn - DEBUG - Suppressed exception
Traceback (most recent call last):
  File "c:\Users\allie\Coding Projects\huggin_suite\huginn\app\core\asset_manager.py", line 108, in init_database
    conn.execute("ALTER TABLE assets ADD COLUMN mac_address TEXT DEFAULT ''")
    ~~~~~~~~~~~~^^^^^^^^^^^^^^^^^^^^^^^^^^^^^^^^^^^^^^^^^^^^^^^^^^^^^^^^^^^^^
sqlite3.OperationalError: duplicate column name: mac_address
2026-05-20 20:01:37 - huginn - DEBUG - Suppressed exception
Traceback (most recent call last):
  File "c:\Users\allie\Coding Projects\huggin_suite\huginn\app\core\asset_manager.py", line 115, in init_database
    conn.execute("ALTER TABLE assets ADD COLUMN vendor TEXT DEFAULT ''")
    ~~~~~~~~~~~~^^^^^^^^^^^^^^^^^^^^^^^^^^^^^^^^^^^^^^^^^^^^^^^^^^^^^^^^
sqlite3.OperationalError: duplicate column name: vendor
2026-05-20 20:01:37 - huginn - DEBUG - Suppressed exception
Traceback (most recent call last):
  File "c:\Users\allie\Coding Projects\huggin_suite\huginn\app\core\asset_manager.py", line 122, in init_database
    conn.execute("ALTER TABLE assets ADD COLUMN notes TEXT DEFAULT ''")
    ~~~~~~~~~~~~^^^^^^^^^^^^^^^^^^^^^^^^^^^^^^^^^^^^^^^^^^^^^^^^^^^^^^^
sqlite3.OperationalError: duplicate column name: notes
2026-05-20 20:01:37 - huginn - INFO - Using default configuration
2026-05-20 20:01:40 - huginn - INFO - License saved successfully
2026-05-20 20:01:40 - huginn - INFO - License loaded and validated successfully
2026-05-20 20:01:43 - huginn - DEBUG - Suppressed exception
Traceback (most recent call last):
  File "c:\Users\allie\Coding Projects\huggin_suite\huginn\app\core\asset_manager.py", line 101, in init_database
    conn.execute("ALTER TABLE assets ADD COLUMN fqdn TEXT DEFAULT ''")
    ~~~~~~~~~~~~^^^^^^^^^^^^^^^^^^^^^^^^^^^^^^^^^^^^^^^^^^^^^^^^^^^^^^
sqlite3.OperationalError: duplicate column name: fqdn
2026-05-20 20:01:43 - huginn - DEBUG - Suppressed exception
Traceback (most recent call last):
  File "c:\Users\allie\Coding Projects\huggin_suite\huginn\app\core\asset_manager.py", line 108, in init_database
    conn.execute("ALTER TABLE assets ADD COLUMN mac_address TEXT DEFAULT ''")
    ~~~~~~~~~~~~^^^^^^^^^^^^^^^^^^^^^^^^^^^^^^^^^^^^^^^^^^^^^^^^^^^^^^^^^^^^^
sqlite3.OperationalError: duplicate column name: mac_address
2026-05-20 20:01:43 - huginn - DEBUG - Suppressed exception
Traceback (most recent call last):
  File "c:\Users\allie\Coding Projects\huggin_suite\huginn\app\core\asset_manager.py", line 115, in init_database
    conn.execute("ALTER TABLE assets ADD COLUMN vendor TEXT DEFAULT ''")
    ~~~~~~~~~~~~^^^^^^^^^^^^^^^^^^^^^^^^^^^^^^^^^^^^^^^^^^^^^^^^^^^^^^^^
sqlite3.OperationalError: duplicate column name: vendor
2026-05-20 20:01:43 - huginn - DEBUG - Suppressed exception
Traceback (most recent call last):
  File "c:\Users\allie\Coding Projects\huggin_suite\huginn\app\core\asset_manager.py", line 122, in init_database
    conn.execute("ALTER TABLE assets ADD COLUMN notes TEXT DEFAULT ''")
    ~~~~~~~~~~~~^^^^^^^^^^^^^^^^^^^^^^^^^^^^^^^^^^^^^^^^^^^^^^^^^^^^^^^
sqlite3.OperationalError: duplicate column name: notes
2026-05-20 20:01:43 - huginn - INFO - Using default configuration
2026-05-20 20:01:46 - huginn - INFO - License saved successfully
2026-05-20 20:01:46 - huginn - INFO - License loaded and validated successfully
2026-05-20 20:01:49 - huginn - DEBUG - Suppressed exception
Traceback (most recent call last):
  File "c:\Users\allie\Coding Projects\huggin_suite\huginn\app\core\asset_manager.py", line 101, in init_database
    conn.execute("ALTER TABLE assets ADD COLUMN fqdn TEXT DEFAULT ''")
    ~~~~~~~~~~~~^^^^^^^^^^^^^^^^^^^^^^^^^^^^^^^^^^^^^^^^^^^^^^^^^^^^^^
sqlite3.OperationalError: duplicate column name: fqdn
2026-05-20 20:01:49 - huginn - DEBUG - Suppressed exception
Traceback (most recent call last):
  File "c:\Users\allie\Coding Projects\huggin_suite\huginn\app\core\asset_manager.py", line 108, in init_database
    conn.execute("ALTER TABLE assets ADD COLUMN mac_address TEXT DEFAULT ''")
    ~~~~~~~~~~~~^^^^^^^^^^^^^^^^^^^^^^^^^^^^^^^^^^^^^^^^^^^^^^^^^^^^^^^^^^^^^
sqlite3.OperationalError: duplicate column name: mac_address
2026-05-20 20:01:49 - huginn - DEBUG - Suppressed exception
Traceback (most recent call last):
  File "c:\Users\allie\Coding Projects\huggin_suite\huginn\app\core\asset_manager.py", line 115, in init_database
    conn.execute("ALTER TABLE assets ADD COLUMN vendor TEXT DEFAULT ''")
    ~~~~~~~~~~~~^^^^^^^^^^^^^^^^^^^^^^^^^^^^^^^^^^^^^^^^^^^^^^^^^^^^^^^^
sqlite3.OperationalError: duplicate column name: vendor
2026-05-20 20:01:49 - huginn - DEBUG - Suppressed exception
Traceback (most recent call last):
  File "c:\Users\allie\Coding Projects\huggin_suite\huginn\app\core\asset_manager.py", line 122, in init_database
    conn.execute("ALTER TABLE assets ADD COLUMN notes TEXT DEFAULT ''")
    ~~~~~~~~~~~~^^^^^^^^^^^^^^^^^^^^^^^^^^^^^^^^^^^^^^^^^^^^^^^^^^^^^^^
sqlite3.OperationalError: duplicate column name: notes
2026-05-20 20:01:49 - huginn - INFO - Using default configuration
2026-05-20 20:01:51 - huginn - INFO - License saved successfully
2026-05-20 20:01:51 - huginn - INFO - License loaded and validated successfully
2026-05-20 20:02:02 - huginn - DEBUG - Suppressed exception
Traceback (most recent call last):
  File "c:\Users\allie\Coding Projects\huggin_suite\huginn\app\core\asset_manager.py", line 101, in init_database
    conn.execute("ALTER TABLE assets ADD COLUMN fqdn TEXT DEFAULT ''")
    ~~~~~~~~~~~~^^^^^^^^^^^^^^^^^^^^^^^^^^^^^^^^^^^^^^^^^^^^^^^^^^^^^^
sqlite3.OperationalError: duplicate column name: fqdn
2026-05-20 20:02:02 - huginn - DEBUG - Suppressed exception
Traceback (most recent call last):
  File "c:\Users\allie\Coding Projects\huggin_suite\huginn\app\core\asset_manager.py", line 108, in init_database
    conn.execute("ALTER TABLE assets ADD COLUMN mac_address TEXT DEFAULT ''")
    ~~~~~~~~~~~~^^^^^^^^^^^^^^^^^^^^^^^^^^^^^^^^^^^^^^^^^^^^^^^^^^^^^^^^^^^^^
sqlite3.OperationalError: duplicate column name: mac_address
2026-05-20 20:02:02 - huginn - DEBUG - Suppressed exception
Traceback (most recent call last):
  File "c:\Users\allie\Coding Projects\huggin_suite\huginn\app\core\asset_manager.py", line 115, in init_database
    conn.execute("ALTER TABLE assets ADD COLUMN vendor TEXT DEFAULT ''")
    ~~~~~~~~~~~~^^^^^^^^^^^^^^^^^^^^^^^^^^^^^^^^^^^^^^^^^^^^^^^^^^^^^^^^
sqlite3.OperationalError: duplicate column name: vendor
2026-05-20 20:02:02 - huginn - DEBUG - Suppressed exception
Traceback (most recent call last):
  File "c:\Users\allie\Coding Projects\huggin_suite\huginn\app\core\asset_manager.py", line 122, in init_database
    conn.execute("ALTER TABLE assets ADD COLUMN notes TEXT DEFAULT ''")
    ~~~~~~~~~~~~^^^^^^^^^^^^^^^^^^^^^^^^^^^^^^^^^^^^^^^^^^^^^^^^^^^^^^^
sqlite3.OperationalError: duplicate column name: notes
2026-05-20 20:02:02 - huginn - INFO - Using default configuration
2026-05-20 20:02:05 - huginn - INFO - License saved successfully
2026-05-20 20:02:05 - huginn - INFO - License loaded and validated successfully
2026-05-20 20:02:09 - huginn - DEBUG - Suppressed exception
Traceback (most recent call last):
  File "c:\Users\allie\Coding Projects\huggin_suite\huginn\app\core\asset_manager.py", line 101, in init_database
    conn.execute("ALTER TABLE assets ADD COLUMN fqdn TEXT DEFAULT ''")
    ~~~~~~~~~~~~^^^^^^^^^^^^^^^^^^^^^^^^^^^^^^^^^^^^^^^^^^^^^^^^^^^^^^
sqlite3.OperationalError: duplicate column name: fqdn
2026-05-20 20:02:09 - huginn - DEBUG - Suppressed exception
Traceback (most recent call last):
  File "c:\Users\allie\Coding Projects\huggin_suite\huginn\app\core\asset_manager.py", line 108, in init_database
    conn.execute("ALTER TABLE assets ADD COLUMN mac_address TEXT DEFAULT ''")
    ~~~~~~~~~~~~^^^^^^^^^^^^^^^^^^^^^^^^^^^^^^^^^^^^^^^^^^^^^^^^^^^^^^^^^^^^^
sqlite3.OperationalError: duplicate column name: mac_address
2026-05-20 20:02:09 - huginn - DEBUG - Suppressed exception
Traceback (most recent call last):
  File "c:\Users\allie\Coding Projects\huggin_suite\huginn\app\core\asset_manager.py", line 115, in init_database
    conn.execute("ALTER TABLE assets ADD COLUMN vendor TEXT DEFAULT ''")
    ~~~~~~~~~~~~^^^^^^^^^^^^^^^^^^^^^^^^^^^^^^^^^^^^^^^^^^^^^^^^^^^^^^^^
sqlite3.OperationalError: duplicate column name: vendor
2026-05-20 20:02:09 - huginn - DEBUG - Suppressed exception
Traceback (most recent call last):
  File "c:\Users\allie\Coding Projects\huggin_suite\huginn\app\core\asset_manager.py", line 122, in init_database
    conn.execute("ALTER TABLE assets ADD COLUMN notes TEXT DEFAULT ''")
    ~~~~~~~~~~~~^^^^^^^^^^^^^^^^^^^^^^^^^^^^^^^^^^^^^^^^^^^^^^^^^^^^^^^
sqlite3.OperationalError: duplicate column name: notes
2026-05-20 20:02:09 - huginn - INFO - Using default configuration
2026-05-20 20:02:11 - huginn - INFO - License saved successfully
2026-05-20 20:02:11 - huginn - INFO - License loaded and validated successfully
2026-05-20 20:02:40 - huginn - INFO - License saved successfully
2026-05-20 20:02:40 - huginn - INFO - License loaded and validated successfully
2026-05-20 20:02:40 - huginn - INFO - Application starting...
2026-05-20 20:02:40 - huginn - INFO - Font loaded successfully
2026-05-20 20:02:40 - huginn - INFO - Stylesheet loaded successfully
2026-05-20 20:02:40 - huginn - INFO - Creating main window...
2026-05-20 20:02:40 - huginn - INFO - QThreadPool max threads set to 32 (CPUs: 32)
2026-05-20 20:02:40 - huginn - INFO - Custom font 'Neuropol X' loaded from C:\Users\allie\Coding Projects\huggin_suite\huginn\resources\fonts\neuropol.otf
2026-05-20 20:02:40 - huginn - DEBUG - Suppressed exception
Traceback (most recent call last):
  File "C:\Users\allie\Coding Projects\huggin_suite\huginn\app\pages\page_registry.py", line 45, in register_all_pages
    from app.pages.db_attacks_page import DBAttacksPage
ImportError: cannot import name 'DBAttacksPage' from 'app.pages.db_attacks_page' (C:\Users\allie\Coding Projects\huggin_suite\huginn\app\pages\db_attacks_page.py)
2026-05-20 20:02:45 - huginn - DEBUG - Credentials loaded for profile 'Silentium'
2026-05-20 20:02:45 - huginn - DEBUG - Suppressed exception
Traceback (most recent call last):
  File "C:\Users\allie\Coding Projects\huggin_suite\huginn\app\core\scope_manager.py", line 62, in _parse_scope_text
    ipaddress.IPv4Address(item)
    ~~~~~~~~~~~~~~~~~~~~~^^^^^^
  File "C:\Users\allie\anaconda3\Lib\ipaddress.py", line 1319, in __init__
    self._ip = self._ip_int_from_string(addr_str)
               ~~~~~~~~~~~~~~~~~~~~~~~~^^^^^^^^^^
  File "C:\Users\allie\anaconda3\Lib\ipaddress.py", line 1206, in _ip_int_from_string
    raise AddressValueError("Expected 4 octets in %r" % ip_str)
ipaddress.AddressValueError: Expected 4 octets in 'silentium.htb'
2026-05-20 20:02:45 - huginn - DEBUG - Credentials loaded for profile 'Silentium'
2026-05-20 20:02:45 - huginn - DEBUG - Suppressed exception
Traceback (most recent call last):
  File "C:\Users\allie\Coding Projects\huggin_suite\huginn\app\core\scope_manager.py", line 62, in _parse_scope_text
    ipaddress.IPv4Address(item)
    ~~~~~~~~~~~~~~~~~~~~~^^^^^^
  File "C:\Users\allie\anaconda3\Lib\ipaddress.py", line 1319, in __init__
    self._ip = self._ip_int_from_string(addr_str)
               ~~~~~~~~~~~~~~~~~~~~~~~~^^^^^^^^^^
  File "C:\Users\allie\anaconda3\Lib\ipaddress.py", line 1206, in _ip_int_from_string
    raise AddressValueError("Expected 4 octets in %r" % ip_str)
ipaddress.AddressValueError: Expected 4 octets in 'silentium.htb'
2026-05-20 20:02:51 - huginn - INFO - VPN connection terminated
2026-05-20 20:02:51 - huginn - INFO - OpenVPN connection started with config: C:/Users/allie/Downloads/machines_au-1.ovpn
2026-05-20 20:02:52 - huginn - DEBUG - OpenVPN: 2026-05-20 20:02:51 Note: --data-ciphers-fallback with cipher 'AES-128-CBC' disables data channel offload.
2026-05-20 20:02:52 - huginn - DEBUG - OpenVPN: 2026-05-20 20:02:51 OpenVPN 2.6.14 [git:none/0169b4ad2bb35d2c] Windows [SSL (OpenSSL)] [LZO] [LZ4] [PKCS11] [AEAD] [DCO] built on Jun 19 2025
2026-05-20 20:02:52 - huginn - DEBUG - OpenVPN: 2026-05-20 20:02:51 Windows version 10.0 (Windows 10 or greater), amd64 executable
2026-05-20 20:02:52 - huginn - DEBUG - OpenVPN: 2026-05-20 20:02:51 library versions: OpenSSL 3.5.0 8 Apr 2025, LZO 2.10
2026-05-20 20:02:52 - huginn - DEBUG - OpenVPN: 2026-05-20 20:02:51 DCO version: N/A
2026-05-20 20:02:52 - huginn - DEBUG - OpenVPN: 2026-05-20 20:02:51 TCP/UDP: Preserving recently used remote address: [AF_INET]206.148.40.161:1337
2026-05-20 20:02:52 - huginn - DEBUG - OpenVPN: 2026-05-20 20:02:51 Socket Buffers: R=[65536->65536] S=[65536->65536]
2026-05-20 20:02:52 - huginn - DEBUG - OpenVPN: 2026-05-20 20:02:51 UDPv4 link local: (not bound)
2026-05-20 20:02:52 - huginn - DEBUG - OpenVPN: 2026-05-20 20:02:51 UDPv4 link remote: [AF_INET]206.148.40.161:1337
2026-05-20 20:02:52 - huginn - DEBUG - OpenVPN: 2026-05-20 20:02:51 TLS: Initial packet from [AF_INET]206.148.40.161:1337, sid=6e76fd63 17ea8cde
2026-05-20 20:02:52 - huginn - DEBUG - OpenVPN: 2026-05-20 20:02:51 VERIFY OK: depth=2, C=GR, O=Hack The Box, OU=Systems, CN=HTB VPN: Root Certificate Authority
2026-05-20 20:02:52 - huginn - DEBUG - OpenVPN: 2026-05-20 20:02:51 VERIFY OK: depth=1, C=GR, O=Hack The Box, OU=Systems, CN=HTB VPN: au-free-1 Issuing CA
2026-05-20 20:02:52 - huginn - DEBUG - OpenVPN: 2026-05-20 20:02:51 VERIFY KU OK
2026-05-20 20:02:52 - huginn - DEBUG - OpenVPN: 2026-05-20 20:02:51 Validating certificate extended key usage
2026-05-20 20:02:52 - huginn - DEBUG - OpenVPN: 2026-05-20 20:02:51 ++ Certificate has EKU (str) TLS Web Client Authentication, expects TLS Web Server Authentication
2026-05-20 20:02:52 - huginn - DEBUG - OpenVPN: 2026-05-20 20:02:51 ++ Certificate has EKU (oid) 1.3.6.1.5.5.7.3.2, expects TLS Web Server Authentication
2026-05-20 20:02:52 - huginn - DEBUG - OpenVPN: 2026-05-20 20:02:51 ++ Certificate has EKU (str) TLS Web Server Authentication, expects TLS Web Server Authentication
2026-05-20 20:02:52 - huginn - DEBUG - OpenVPN: 2026-05-20 20:02:51 VERIFY EKU OK
2026-05-20 20:02:52 - huginn - DEBUG - OpenVPN: 2026-05-20 20:02:51 VERIFY OK: depth=0, C=GR, O=Hack The Box, OU=Systems, CN=au-free-1
2026-05-20 20:02:53 - huginn - DEBUG - OpenVPN: 2026-05-20 20:02:51 Control Channel: TLSv1.3, cipher TLSv1.3 TLS_AES_256_GCM_SHA384, peer certificate: 256 bits ED25519, signature: ED25519, peer temporary key: 253 bits X25519
2026-05-20 20:02:53 - huginn - DEBUG - OpenVPN: 2026-05-20 20:02:51 [au-free-1] Peer Connection Initiated with [AF_INET]206.148.40.161:1337
2026-05-20 20:02:53 - huginn - DEBUG - OpenVPN: 2026-05-20 20:02:51 TLS: move_session: dest=TM_ACTIVE src=TM_INITIAL reinit_src=1
2026-05-20 20:02:53 - huginn - DEBUG - OpenVPN: 2026-05-20 20:02:51 TLS: tls_multi_process: initial untrusted session promoted to trusted
2026-05-20 20:02:54 - huginn - DEBUG - OpenVPN: 2026-05-20 20:02:52 SENT CONTROL [au-free-1]: 'PUSH_REQUEST' (status=1)
2026-05-20 20:02:54 - huginn - DEBUG - OpenVPN: 2026-05-20 20:02:52 PUSH: Received control message: 'PUSH_REPLY,route 10.10.8.0 255.255.252.0,route 10.129.0.0 255.255.0.0,route-ipv6 dead:beef::/64,explicit-exit-notify,tun-ipv6,route-gateway 10.10.14.1,topology subnet,ping 10,ping-restart 120,ifconfig-ipv6 dead:beef:2::1016/64 dead:beef:2::1,ifconfig 10.10.14.24 255.255.254.0,peer-id 7,cipher AES-256-CBC,protocol-flags cc-exit tls-ekm dyn-tls-crypt,tun-mtu 1500'
2026-05-20 20:02:54 - huginn - INFO - VPN IP address assigned: 10.10.14.24
2026-05-20 20:02:54 - huginn - DEBUG - OpenVPN: 2026-05-20 20:02:52 OPTIONS IMPORT: --ifconfig/up options modified
2026-05-20 20:02:54 - huginn - DEBUG - OpenVPN: 2026-05-20 20:02:52 OPTIONS IMPORT: route options modified
2026-05-20 20:02:54 - huginn - DEBUG - OpenVPN: 2026-05-20 20:02:52 OPTIONS IMPORT: route-related options modified
2026-05-20 20:02:54 - huginn - DEBUG - OpenVPN: 2026-05-20 20:02:52 OPTIONS IMPORT: tun-mtu set to 1500
2026-05-20 20:02:54 - huginn - DEBUG - OpenVPN: 2026-05-20 20:02:52 interactive service msg_channel=0
2026-05-20 20:02:54 - huginn - DEBUG - OpenVPN: 2026-05-20 20:02:52 ROUTE_GATEWAY 192.168.1.1/255.255.255.0 I=23 HWADDR=88:d8:2e:79:0c:48
2026-05-20 20:02:54 - huginn - DEBUG - OpenVPN: 2026-05-20 20:02:52 GDG6: remote_host_ipv6=n/a
2026-05-20 20:02:54 - huginn - DEBUG - OpenVPN: 2026-05-20 20:02:52 NOTE: GetBestInterfaceEx returned error: Element not found.   (code=1168)
2026-05-20 20:02:54 - huginn - DEBUG - OpenVPN: 2026-05-20 20:02:52 ROUTE6: default_gateway=UNDEF
2026-05-20 20:02:54 - huginn - DEBUG - OpenVPN: 2026-05-20 20:02:52 open_tun
2026-05-20 20:02:54 - huginn - DEBUG - OpenVPN: 2026-05-20 20:02:52 tap-windows6 device [OpenVPN TAP-Windows6] opened
2026-05-20 20:02:54 - huginn - DEBUG - OpenVPN: 2026-05-20 20:02:52 TAP-Windows Driver Version 9.27
2026-05-20 20:02:54 - huginn - DEBUG - OpenVPN: 2026-05-20 20:02:52 Set TAP-Windows TUN subnet mode network/local/netmask = 10.10.14.0/10.10.14.24/255.255.254.0 [SUCCEEDED]
2026-05-20 20:02:54 - huginn - DEBUG - OpenVPN: 2026-05-20 20:02:52 Notified TAP-Windows driver to set a DHCP IP/netmask of 10.10.14.24/255.255.254.0 on interface {9624926F-3F6E-402F-BBEF-68BB8BB5B777} [DHCP-serv: 10.10.14.0, lease-time: 31536000]
2026-05-20 20:02:54 - huginn - DEBUG - OpenVPN: 2026-05-20 20:02:52 Successful ARP Flush on interface [18] {9624926F-3F6E-402F-BBEF-68BB8BB5B777}
2026-05-20 20:02:54 - huginn - DEBUG - OpenVPN: 2026-05-20 20:02:52 IPv4 MTU set to 1500 on interface 18 using SetIpInterfaceEntry()
2026-05-20 20:02:54 - huginn - DEBUG - OpenVPN: 2026-05-20 20:02:52 NETSH: C:\WINDOWS\system32\netsh.exe interface ipv6 set address 18 dead:beef:2::1016/128 store=active
2026-05-20 20:02:54 - huginn - DEBUG - OpenVPN: 2026-05-20 20:02:52 add_route_ipv6(dead:beef:2::/64 -> dead:beef:2::1016 metric 0) IF 18
2026-05-20 20:02:54 - huginn - DEBUG - OpenVPN: 2026-05-20 20:02:52 IPv6 route addition using ipapi failed because route exists
2026-05-20 20:02:54 - huginn - DEBUG - OpenVPN: 2026-05-20 20:02:52 NETSH: C:\WINDOWS\system32\netsh.exe interface ipv6 delete dns 18 all
2026-05-20 20:02:54 - huginn - DEBUG - OpenVPN: 2026-05-20 20:02:53 IPv6 MTU set to 1500 on interface 18 using SetIpInterfaceEntry()
2026-05-20 20:02:54 - huginn - DEBUG - OpenVPN: 2026-05-20 20:02:53 Data Channel: cipher 'AES-256-CBC', auth 'SHA256', peer-id: 7, compression: 'lzo'
2026-05-20 20:02:54 - huginn - DEBUG - OpenVPN: 2026-05-20 20:02:53 Timers: ping 10, ping-restart 120
2026-05-20 20:02:54 - huginn - DEBUG - OpenVPN: 2026-05-20 20:02:53 Protocol options: explicit-exit-notify 1, protocol-flags cc-exit tls-ekm dyn-tls-crypt
2026-05-20 20:02:59 - huginn - DEBUG - OpenVPN: 2026-05-20 20:02:58 TEST ROUTES: 2/2 succeeded len=2 ret=1 a=0 u/d=up
2026-05-20 20:02:59 - huginn - DEBUG - OpenVPN: 2026-05-20 20:02:58 C:\WINDOWS\system32\route.exe ADD 10.10.8.0 MASK 255.255.252.0 10.10.14.1
2026-05-20 20:02:59 - huginn - DEBUG - OpenVPN: 2026-05-20 20:02:58 Route addition via ipapi [adaptive] failed because route exists
2026-05-20 20:02:59 - huginn - DEBUG - OpenVPN: 2026-05-20 20:02:58 C:\WINDOWS\system32\route.exe ADD 10.129.0.0 MASK 255.255.0.0 10.10.14.1
2026-05-20 20:02:59 - huginn - DEBUG - OpenVPN: 2026-05-20 20:02:58 Route addition via ipapi [adaptive] failed because route exists
2026-05-20 20:02:59 - huginn - DEBUG - OpenVPN: 2026-05-20 20:02:58 add_route_ipv6(dead:beef::/64 -> dead:beef:2::1 metric -1) IF 18
2026-05-20 20:02:59 - huginn - DEBUG - OpenVPN: 2026-05-20 20:02:58 IPv6 route addition using ipapi failed because route exists
2026-05-20 20:02:59 - huginn - DEBUG - OpenVPN: 2026-05-20 20:02:58 Initialization Sequence Completed
2026-05-20 20:03:08 - huginn - INFO - Local DNS server started on port 53530
2026-05-20 20:03:10 - huginn - INFO - DNS server changed to: LocalDNS
2026-05-20 20:04:03 - huginn - DEBUG - Suppressed exception
Traceback (most recent call last):
  File "C:\Users\allie\Coding Projects\huggin_suite\huginn\app\core\asset_manager.py", line 101, in init_database
    conn.execute("ALTER TABLE assets ADD COLUMN fqdn TEXT DEFAULT ''")
    ~~~~~~~~~~~~^^^^^^^^^^^^^^^^^^^^^^^^^^^^^^^^^^^^^^^^^^^^^^^^^^^^^^
sqlite3.OperationalError: duplicate column name: fqdn
2026-05-20 20:04:03 - huginn - DEBUG - Suppressed exception
Traceback (most recent call last):
  File "C:\Users\allie\Coding Projects\huggin_suite\huginn\app\core\asset_manager.py", line 108, in init_database
    conn.execute("ALTER TABLE assets ADD COLUMN mac_address TEXT DEFAULT ''")
    ~~~~~~~~~~~~^^^^^^^^^^^^^^^^^^^^^^^^^^^^^^^^^^^^^^^^^^^^^^^^^^^^^^^^^^^^^
sqlite3.OperationalError: duplicate column name: mac_address
2026-05-20 20:04:03 - huginn - DEBUG - Suppressed exception
Traceback (most recent call last):
  File "C:\Users\allie\Coding Projects\huggin_suite\huginn\app\core\asset_manager.py", line 115, in init_database
    conn.execute("ALTER TABLE assets ADD COLUMN vendor TEXT DEFAULT ''")
    ~~~~~~~~~~~~^^^^^^^^^^^^^^^^^^^^^^^^^^^^^^^^^^^^^^^^^^^^^^^^^^^^^^^^
sqlite3.OperationalError: duplicate column name: vendor
2026-05-20 20:04:03 - huginn - DEBUG - Suppressed exception
Traceback (most recent call last):
  File "C:\Users\allie\Coding Projects\huggin_suite\huginn\app\core\asset_manager.py", line 122, in init_database
    conn.execute("ALTER TABLE assets ADD COLUMN notes TEXT DEFAULT ''")
    ~~~~~~~~~~~~^^^^^^^^^^^^^^^^^^^^^^^^^^^^^^^^^^^^^^^^^^^^^^^^^^^^^^^
sqlite3.OperationalError: duplicate column name: notes
2026-05-20 20:04:04 - huginn - DEBUG - Wireless security tab unavailable
Traceback (most recent call last):
  File "C:\Users\allie\Coding Projects\huggin_suite\huginn\app\pages\recon_enumeration_page.py", line 99, in setup_ui
    wireless_tab = WirelessSecurityWidget(self)
  File "C:\Users\allie\Coding Projects\huggin_suite\huginn\app\widgets\wireless_security_widget.py", line 52, in __init__
    self.connect_signals()
    ~~~~~~~~~~~~~~~~~~~~^^
  File "C:\Users\allie\Coding Projects\huggin_suite\huginn\app\widgets\wireless_security_widget.py", line 303, in connect_signals
    self.generate_report_btn.clicked.connect(self.generate_report)
    ^^^^^^^^^^^^^^^^^^^^^^^^
AttributeError: 'WirelessSecurityWidget' object has no attribute 'generate_report_btn'. Did you mean: 'generate_report'?
2026-05-20 20:04:34 - huginn - INFO - Using default configuration
2026-05-20 20:04:34 - huginn - DEBUG - Suppressed exception
Traceback (most recent call last):
  File "C:\Users\allie\Coding Projects\huggin_suite\huginn\app\core\dns_resolver.py", line 14, in resolve_hostname
    ipaddress.ip_address(hostname)
    ~~~~~~~~~~~~~~~~~~~~^^^^^^^^^^
  File "C:\Users\allie\anaconda3\Lib\ipaddress.py", line 54, in ip_address
    raise ValueError(f'{address!r} does not appear to be an IPv4 or IPv6 address')
ValueError: 'staging.silentium.htb' does not appear to be an IPv4 or IPv6 address
2026-05-20 20:05:29 - huginn - DEBUG - Suppressed exception
Traceback (most recent call last):
  File "C:\Users\allie\Coding Projects\huggin_suite\huginn\app\core\dns_resolver.py", line 14, in resolve_hostname
    ipaddress.ip_address(hostname)
    ~~~~~~~~~~~~~~~~~~~~^^^^^^^^^^
  File "C:\Users\allie\anaconda3\Lib\ipaddress.py", line 54, in ip_address
    raise ValueError(f'{address!r} does not appear to be an IPv4 or IPv6 address')
ValueError: 'staging.silentium.htb' does not appear to be an IPv4 or IPv6 address
2026-05-20 20:09:01 - huginn - DEBUG - Suppressed exception
Traceback (most recent call last):
  File "c:\Users\allie\Coding Projects\huggin_suite\huginn\app\core\asset_manager.py", line 101, in init_database
    conn.execute("ALTER TABLE assets ADD COLUMN fqdn TEXT DEFAULT ''")
    ~~~~~~~~~~~~^^^^^^^^^^^^^^^^^^^^^^^^^^^^^^^^^^^^^^^^^^^^^^^^^^^^^^
sqlite3.OperationalError: duplicate column name: fqdn
2026-05-20 20:09:01 - huginn - DEBUG - Suppressed exception
Traceback (most recent call last):
  File "c:\Users\allie\Coding Projects\huggin_suite\huginn\app\core\asset_manager.py", line 108, in init_database
    conn.execute("ALTER TABLE assets ADD COLUMN mac_address TEXT DEFAULT ''")
    ~~~~~~~~~~~~^^^^^^^^^^^^^^^^^^^^^^^^^^^^^^^^^^^^^^^^^^^^^^^^^^^^^^^^^^^^^
sqlite3.OperationalError: duplicate column name: mac_address
2026-05-20 20:09:01 - huginn - DEBUG - Suppressed exception
Traceback (most recent call last):
  File "c:\Users\allie\Coding Projects\huggin_suite\huginn\app\core\asset_manager.py", line 115, in init_database
    conn.execute("ALTER TABLE assets ADD COLUMN vendor TEXT DEFAULT ''")
    ~~~~~~~~~~~~^^^^^^^^^^^^^^^^^^^^^^^^^^^^^^^^^^^^^^^^^^^^^^^^^^^^^^^^
sqlite3.OperationalError: duplicate column name: vendor
2026-05-20 20:09:01 - huginn - DEBUG - Suppressed exception
Traceback (most recent call last):
  File "c:\Users\allie\Coding Projects\huggin_suite\huginn\app\core\asset_manager.py", line 122, in init_database
    conn.execute("ALTER TABLE assets ADD COLUMN notes TEXT DEFAULT ''")
    ~~~~~~~~~~~~^^^^^^^^^^^^^^^^^^^^^^^^^^^^^^^^^^^^^^^^^^^^^^^^^^^^^^^
sqlite3.OperationalError: duplicate column name: notes
2026-05-20 20:09:01 - huginn - INFO - Using default configuration
2026-05-20 20:09:03 - huginn - INFO - License saved successfully
2026-05-20 20:09:03 - huginn - INFO - License loaded and validated successfully
2026-05-20 20:09:23 - huginn - DEBUG - Suppressed exception
Traceback (most recent call last):
  File "c:\Users\allie\Coding Projects\huggin_suite\huginn\app\core\asset_manager.py", line 101, in init_database
    conn.execute("ALTER TABLE assets ADD COLUMN fqdn TEXT DEFAULT ''")
    ~~~~~~~~~~~~^^^^^^^^^^^^^^^^^^^^^^^^^^^^^^^^^^^^^^^^^^^^^^^^^^^^^^
sqlite3.OperationalError: duplicate column name: fqdn
2026-05-20 20:09:23 - huginn - DEBUG - Suppressed exception
Traceback (most recent call last):
  File "c:\Users\allie\Coding Projects\huggin_suite\huginn\app\core\asset_manager.py", line 108, in init_database
    conn.execute("ALTER TABLE assets ADD COLUMN mac_address TEXT DEFAULT ''")
    ~~~~~~~~~~~~^^^^^^^^^^^^^^^^^^^^^^^^^^^^^^^^^^^^^^^^^^^^^^^^^^^^^^^^^^^^^
sqlite3.OperationalError: duplicate column name: mac_address
2026-05-20 20:09:23 - huginn - DEBUG - Suppressed exception
Traceback (most recent call last):
  File "c:\Users\allie\Coding Projects\huggin_suite\huginn\app\core\asset_manager.py", line 115, in init_database
    conn.execute("ALTER TABLE assets ADD COLUMN vendor TEXT DEFAULT ''")
    ~~~~~~~~~~~~^^^^^^^^^^^^^^^^^^^^^^^^^^^^^^^^^^^^^^^^^^^^^^^^^^^^^^^^
sqlite3.OperationalError: duplicate column name: vendor
2026-05-20 20:09:23 - huginn - DEBUG - Suppressed exception
Traceback (most recent call last):
  File "c:\Users\allie\Coding Projects\huggin_suite\huginn\app\core\asset_manager.py", line 122, in init_database
    conn.execute("ALTER TABLE assets ADD COLUMN notes TEXT DEFAULT ''")
    ~~~~~~~~~~~~^^^^^^^^^^^^^^^^^^^^^^^^^^^^^^^^^^^^^^^^^^^^^^^^^^^^^^^
sqlite3.OperationalError: duplicate column name: notes
2026-05-20 20:09:24 - huginn - INFO - Using default configuration
2026-05-20 20:09:26 - huginn - INFO - License saved successfully
2026-05-20 20:09:26 - huginn - INFO - License loaded and validated successfully
2026-05-20 20:09:42 - huginn - DEBUG - Suppressed exception
Traceback (most recent call last):
  File "c:\Users\allie\Coding Projects\huggin_suite\huginn\app\core\asset_manager.py", line 101, in init_database
    conn.execute("ALTER TABLE assets ADD COLUMN fqdn TEXT DEFAULT ''")
    ~~~~~~~~~~~~^^^^^^^^^^^^^^^^^^^^^^^^^^^^^^^^^^^^^^^^^^^^^^^^^^^^^^
sqlite3.OperationalError: duplicate column name: fqdn
2026-05-20 20:09:42 - huginn - DEBUG - Suppressed exception
Traceback (most recent call last):
  File "c:\Users\allie\Coding Projects\huggin_suite\huginn\app\core\asset_manager.py", line 108, in init_database
    conn.execute("ALTER TABLE assets ADD COLUMN mac_address TEXT DEFAULT ''")
    ~~~~~~~~~~~~^^^^^^^^^^^^^^^^^^^^^^^^^^^^^^^^^^^^^^^^^^^^^^^^^^^^^^^^^^^^^
sqlite3.OperationalError: duplicate column name: mac_address
2026-05-20 20:09:42 - huginn - DEBUG - Suppressed exception
Traceback (most recent call last):
  File "c:\Users\allie\Coding Projects\huggin_suite\huginn\app\core\asset_manager.py", line 115, in init_database
    conn.execute("ALTER TABLE assets ADD COLUMN vendor TEXT DEFAULT ''")
    ~~~~~~~~~~~~^^^^^^^^^^^^^^^^^^^^^^^^^^^^^^^^^^^^^^^^^^^^^^^^^^^^^^^^
sqlite3.OperationalError: duplicate column name: vendor
2026-05-20 20:09:42 - huginn - DEBUG - Suppressed exception
Traceback (most recent call last):
  File "c:\Users\allie\Coding Projects\huggin_suite\huginn\app\core\asset_manager.py", line 122, in init_database
    conn.execute("ALTER TABLE assets ADD COLUMN notes TEXT DEFAULT ''")
    ~~~~~~~~~~~~^^^^^^^^^^^^^^^^^^^^^^^^^^^^^^^^^^^^^^^^^^^^^^^^^^^^^^^
sqlite3.OperationalError: duplicate column name: notes
2026-05-20 20:09:42 - huginn - INFO - Using default configuration
2026-05-20 20:09:45 - huginn - INFO - License saved successfully
2026-05-20 20:09:45 - huginn - INFO - License loaded and validated successfully
2026-05-20 20:09:59 - huginn - DEBUG - Suppressed exception
Traceback (most recent call last):
  File "c:\Users\allie\Coding Projects\huggin_suite\huginn\app\core\asset_manager.py", line 101, in init_database
    conn.execute("ALTER TABLE assets ADD COLUMN fqdn TEXT DEFAULT ''")
    ~~~~~~~~~~~~^^^^^^^^^^^^^^^^^^^^^^^^^^^^^^^^^^^^^^^^^^^^^^^^^^^^^^
sqlite3.OperationalError: duplicate column name: fqdn
2026-05-20 20:09:59 - huginn - DEBUG - Suppressed exception
Traceback (most recent call last):
  File "c:\Users\allie\Coding Projects\huggin_suite\huginn\app\core\asset_manager.py", line 108, in init_database
    conn.execute("ALTER TABLE assets ADD COLUMN mac_address TEXT DEFAULT ''")
    ~~~~~~~~~~~~^^^^^^^^^^^^^^^^^^^^^^^^^^^^^^^^^^^^^^^^^^^^^^^^^^^^^^^^^^^^^
sqlite3.OperationalError: duplicate column name: mac_address
2026-05-20 20:09:59 - huginn - DEBUG - Suppressed exception
Traceback (most recent call last):
  File "c:\Users\allie\Coding Projects\huggin_suite\huginn\app\core\asset_manager.py", line 115, in init_database
    conn.execute("ALTER TABLE assets ADD COLUMN vendor TEXT DEFAULT ''")
    ~~~~~~~~~~~~^^^^^^^^^^^^^^^^^^^^^^^^^^^^^^^^^^^^^^^^^^^^^^^^^^^^^^^^
sqlite3.OperationalError: duplicate column name: vendor
2026-05-20 20:09:59 - huginn - DEBUG - Suppressed exception
Traceback (most recent call last):
  File "c:\Users\allie\Coding Projects\huggin_suite\huginn\app\core\asset_manager.py", line 122, in init_database
    conn.execute("ALTER TABLE assets ADD COLUMN notes TEXT DEFAULT ''")
    ~~~~~~~~~~~~^^^^^^^^^^^^^^^^^^^^^^^^^^^^^^^^^^^^^^^^^^^^^^^^^^^^^^^
sqlite3.OperationalError: duplicate column name: notes
2026-05-20 20:09:59 - huginn - INFO - Using default configuration
2026-05-20 20:10:01 - huginn - INFO - License saved successfully
2026-05-20 20:10:01 - huginn - INFO - License loaded and validated successfully
2026-05-20 20:10:23 - huginn - INFO - Local DNS server stopped
2026-05-20 20:10:23 - huginn - INFO - local_dns_server stopped
2026-05-20 20:10:23 - huginn - INFO - VPN connection terminated
2026-05-20 20:10:23 - huginn - INFO - vpn_manager disconnected
2026-05-20 20:10:23 - huginn - DEBUG - Memory monitoring stopped
2026-05-20 20:10:23 - huginn - DEBUG - Connection pool closed all sessions
2026-05-20 20:10:23 - huginn - INFO - Update manager stopped during cleanup
2026-05-20 20:10:32 - huginn - INFO - License saved successfully
2026-05-20 20:10:32 - huginn - INFO - License loaded and validated successfully
2026-05-20 20:10:32 - huginn - INFO - Application starting...
2026-05-20 20:10:32 - huginn - INFO - Font loaded successfully
2026-05-20 20:10:32 - huginn - INFO - Stylesheet loaded successfully
2026-05-20 20:10:32 - huginn - INFO - Creating main window...
2026-05-20 20:10:32 - huginn - INFO - QThreadPool max threads set to 32 (CPUs: 32)
2026-05-20 20:10:32 - huginn - INFO - Custom font 'Neuropol X' loaded from C:\Users\allie\Coding Projects\huggin_suite\huginn\resources\fonts\neuropol.otf
2026-05-20 20:10:32 - huginn - DEBUG - Suppressed exception
Traceback (most recent call last):
  File "C:\Users\allie\Coding Projects\huggin_suite\huginn\app\pages\page_registry.py", line 45, in register_all_pages
    from app.pages.db_attacks_page import DBAttacksPage
ImportError: cannot import name 'DBAttacksPage' from 'app.pages.db_attacks_page' (C:\Users\allie\Coding Projects\huggin_suite\huginn\app\pages\db_attacks_page.py)
2026-05-20 20:10:36 - huginn - DEBUG - Credentials loaded for profile 'Silentium'
2026-05-20 20:10:36 - huginn - DEBUG - Suppressed exception
Traceback (most recent call last):
  File "C:\Users\allie\Coding Projects\huggin_suite\huginn\app\core\scope_manager.py", line 62, in _parse_scope_text
    ipaddress.IPv4Address(item)
    ~~~~~~~~~~~~~~~~~~~~~^^^^^^
  File "C:\Users\allie\anaconda3\Lib\ipaddress.py", line 1319, in __init__
    self._ip = self._ip_int_from_string(addr_str)
               ~~~~~~~~~~~~~~~~~~~~~~~~^^^^^^^^^^
  File "C:\Users\allie\anaconda3\Lib\ipaddress.py", line 1206, in _ip_int_from_string
    raise AddressValueError("Expected 4 octets in %r" % ip_str)
ipaddress.AddressValueError: Expected 4 octets in 'silentium.htb'
2026-05-20 20:10:36 - huginn - DEBUG - Credentials loaded for profile 'Silentium'
2026-05-20 20:10:36 - huginn - DEBUG - Suppressed exception
Traceback (most recent call last):
  File "C:\Users\allie\Coding Projects\huggin_suite\huginn\app\core\scope_manager.py", line 62, in _parse_scope_text
    ipaddress.IPv4Address(item)
    ~~~~~~~~~~~~~~~~~~~~~^^^^^^
  File "C:\Users\allie\anaconda3\Lib\ipaddress.py", line 1319, in __init__
    self._ip = self._ip_int_from_string(addr_str)
               ~~~~~~~~~~~~~~~~~~~~~~~~^^^^^^^^^^
  File "C:\Users\allie\anaconda3\Lib\ipaddress.py", line 1206, in _ip_int_from_string
    raise AddressValueError("Expected 4 octets in %r" % ip_str)
ipaddress.AddressValueError: Expected 4 octets in 'silentium.htb'
2026-05-20 20:10:42 - huginn - INFO - VPN connection terminated
2026-05-20 20:10:42 - huginn - INFO - OpenVPN connection started with config: C:/Users/allie/Downloads/machines_au-1.ovpn
2026-05-20 20:10:43 - huginn - DEBUG - OpenVPN: 2026-05-20 20:10:42 Note: --data-ciphers-fallback with cipher 'AES-128-CBC' disables data channel offload.
2026-05-20 20:10:43 - huginn - DEBUG - OpenVPN: 2026-05-20 20:10:42 OpenVPN 2.6.14 [git:none/0169b4ad2bb35d2c] Windows [SSL (OpenSSL)] [LZO] [LZ4] [PKCS11] [AEAD] [DCO] built on Jun 19 2025
2026-05-20 20:10:43 - huginn - DEBUG - OpenVPN: 2026-05-20 20:10:42 Windows version 10.0 (Windows 10 or greater), amd64 executable
2026-05-20 20:10:43 - huginn - DEBUG - OpenVPN: 2026-05-20 20:10:42 library versions: OpenSSL 3.5.0 8 Apr 2025, LZO 2.10
2026-05-20 20:10:43 - huginn - DEBUG - OpenVPN: 2026-05-20 20:10:42 DCO version: N/A
2026-05-20 20:10:43 - huginn - DEBUG - OpenVPN: 2026-05-20 20:10:42 TCP/UDP: Preserving recently used remote address: [AF_INET]206.148.40.161:1337
2026-05-20 20:10:43 - huginn - DEBUG - OpenVPN: 2026-05-20 20:10:42 Socket Buffers: R=[65536->65536] S=[65536->65536]
2026-05-20 20:10:43 - huginn - DEBUG - OpenVPN: 2026-05-20 20:10:42 UDPv4 link local: (not bound)
2026-05-20 20:10:43 - huginn - DEBUG - OpenVPN: 2026-05-20 20:10:42 UDPv4 link remote: [AF_INET]206.148.40.161:1337
2026-05-20 20:10:43 - huginn - DEBUG - OpenVPN: 2026-05-20 20:10:42 TLS: Initial packet from [AF_INET]206.148.40.161:1337, sid=e23aed17 7fe0b7df
2026-05-20 20:10:43 - huginn - DEBUG - OpenVPN: 2026-05-20 20:10:42 VERIFY OK: depth=2, C=GR, O=Hack The Box, OU=Systems, CN=HTB VPN: Root Certificate Authority
2026-05-20 20:10:43 - huginn - DEBUG - OpenVPN: 2026-05-20 20:10:42 VERIFY OK: depth=1, C=GR, O=Hack The Box, OU=Systems, CN=HTB VPN: au-free-1 Issuing CA
2026-05-20 20:10:43 - huginn - DEBUG - OpenVPN: 2026-05-20 20:10:42 VERIFY KU OK
2026-05-20 20:10:43 - huginn - DEBUG - OpenVPN: 2026-05-20 20:10:42 Validating certificate extended key usage
2026-05-20 20:10:43 - huginn - DEBUG - OpenVPN: 2026-05-20 20:10:42 ++ Certificate has EKU (str) TLS Web Client Authentication, expects TLS Web Server Authentication
2026-05-20 20:10:43 - huginn - DEBUG - OpenVPN: 2026-05-20 20:10:42 ++ Certificate has EKU (oid) 1.3.6.1.5.5.7.3.2, expects TLS Web Server Authentication
2026-05-20 20:10:43 - huginn - DEBUG - OpenVPN: 2026-05-20 20:10:42 ++ Certificate has EKU (str) TLS Web Server Authentication, expects TLS Web Server Authentication
2026-05-20 20:10:43 - huginn - DEBUG - OpenVPN: 2026-05-20 20:10:42 VERIFY EKU OK
2026-05-20 20:10:43 - huginn - DEBUG - OpenVPN: 2026-05-20 20:10:42 VERIFY OK: depth=0, C=GR, O=Hack The Box, OU=Systems, CN=au-free-1
2026-05-20 20:10:43 - huginn - DEBUG - OpenVPN: 2026-05-20 20:10:42 Control Channel: TLSv1.3, cipher TLSv1.3 TLS_AES_256_GCM_SHA384, peer certificate: 256 bits ED25519, signature: ED25519, peer temporary key: 253 bits X25519
2026-05-20 20:10:43 - huginn - DEBUG - OpenVPN: 2026-05-20 20:10:42 [au-free-1] Peer Connection Initiated with [AF_INET]206.148.40.161:1337
2026-05-20 20:10:43 - huginn - DEBUG - OpenVPN: 2026-05-20 20:10:42 TLS: move_session: dest=TM_ACTIVE src=TM_INITIAL reinit_src=1
2026-05-20 20:10:43 - huginn - DEBUG - OpenVPN: 2026-05-20 20:10:42 TLS: tls_multi_process: initial untrusted session promoted to trusted
2026-05-20 20:10:44 - huginn - DEBUG - OpenVPN: 2026-05-20 20:10:43 SENT CONTROL [au-free-1]: 'PUSH_REQUEST' (status=1)
2026-05-20 20:10:44 - huginn - DEBUG - OpenVPN: 2026-05-20 20:10:43 PUSH: Received control message: 'PUSH_REPLY,route 10.10.8.0 255.255.252.0,route 10.129.0.0 255.255.0.0,route-ipv6 dead:beef::/64,explicit-exit-notify,tun-ipv6,route-gateway 10.10.14.1,topology subnet,ping 10,ping-restart 120,ifconfig-ipv6 dead:beef:2::1016/64 dead:beef:2::1,ifconfig 10.10.14.24 255.255.254.0,peer-id 0,cipher AES-256-CBC,protocol-flags cc-exit tls-ekm dyn-tls-crypt,tun-mtu 1500'
2026-05-20 20:10:44 - huginn - INFO - VPN IP address assigned: 10.10.14.24
2026-05-20 20:10:44 - huginn - DEBUG - OpenVPN: 2026-05-20 20:10:43 OPTIONS IMPORT: --ifconfig/up options modified
2026-05-20 20:10:44 - huginn - DEBUG - OpenVPN: 2026-05-20 20:10:43 OPTIONS IMPORT: route options modified
2026-05-20 20:10:44 - huginn - DEBUG - OpenVPN: 2026-05-20 20:10:43 OPTIONS IMPORT: route-related options modified
2026-05-20 20:10:44 - huginn - DEBUG - OpenVPN: 2026-05-20 20:10:43 OPTIONS IMPORT: tun-mtu set to 1500
2026-05-20 20:10:44 - huginn - DEBUG - OpenVPN: 2026-05-20 20:10:43 interactive service msg_channel=0
2026-05-20 20:10:44 - huginn - DEBUG - OpenVPN: 2026-05-20 20:10:43 ROUTE_GATEWAY 192.168.1.1/255.255.255.0 I=23 HWADDR=88:d8:2e:79:0c:48
2026-05-20 20:10:44 - huginn - DEBUG - OpenVPN: 2026-05-20 20:10:43 GDG6: remote_host_ipv6=n/a
2026-05-20 20:10:44 - huginn - DEBUG - OpenVPN: 2026-05-20 20:10:43 NOTE: GetBestInterfaceEx returned error: Element not found.   (code=1168)
2026-05-20 20:10:44 - huginn - DEBUG - OpenVPN: 2026-05-20 20:10:43 ROUTE6: default_gateway=UNDEF
2026-05-20 20:10:44 - huginn - DEBUG - OpenVPN: 2026-05-20 20:10:43 open_tun
2026-05-20 20:10:44 - huginn - DEBUG - OpenVPN: 2026-05-20 20:10:43 tap-windows6 device [OpenVPN TAP-Windows6] opened
2026-05-20 20:10:44 - huginn - DEBUG - OpenVPN: 2026-05-20 20:10:43 TAP-Windows Driver Version 9.27
2026-05-20 20:10:44 - huginn - DEBUG - OpenVPN: 2026-05-20 20:10:43 Set TAP-Windows TUN subnet mode network/local/netmask = 10.10.14.0/10.10.14.24/255.255.254.0 [SUCCEEDED]
2026-05-20 20:10:44 - huginn - DEBUG - OpenVPN: 2026-05-20 20:10:43 Notified TAP-Windows driver to set a DHCP IP/netmask of 10.10.14.24/255.255.254.0 on interface {9624926F-3F6E-402F-BBEF-68BB8BB5B777} [DHCP-serv: 10.10.14.0, lease-time: 31536000]
2026-05-20 20:10:44 - huginn - DEBUG - OpenVPN: 2026-05-20 20:10:43 Successful ARP Flush on interface [18] {9624926F-3F6E-402F-BBEF-68BB8BB5B777}
2026-05-20 20:10:44 - huginn - DEBUG - OpenVPN: 2026-05-20 20:10:44 IPv4 MTU set to 1500 on interface 18 using SetIpInterfaceEntry()
2026-05-20 20:10:44 - huginn - DEBUG - OpenVPN: 2026-05-20 20:10:44 NETSH: C:\WINDOWS\system32\netsh.exe interface ipv6 set address 18 dead:beef:2::1016/128 store=active
2026-05-20 20:10:44 - huginn - DEBUG - OpenVPN: 2026-05-20 20:10:44 add_route_ipv6(dead:beef:2::/64 -> dead:beef:2::1016 metric 0) IF 18
2026-05-20 20:10:44 - huginn - DEBUG - OpenVPN: 2026-05-20 20:10:44 IPv6 route addition using ipapi failed because route exists
2026-05-20 20:10:44 - huginn - DEBUG - OpenVPN: 2026-05-20 20:10:44 NETSH: C:\WINDOWS\system32\netsh.exe interface ipv6 delete dns 18 all
2026-05-20 20:10:44 - huginn - DEBUG - OpenVPN: 2026-05-20 20:10:44 IPv6 MTU set to 1500 on interface 18 using SetIpInterfaceEntry()
2026-05-20 20:10:44 - huginn - DEBUG - OpenVPN: 2026-05-20 20:10:44 Data Channel: cipher 'AES-256-CBC', auth 'SHA256', peer-id: 0, compression: 'lzo'
2026-05-20 20:10:44 - huginn - DEBUG - OpenVPN: 2026-05-20 20:10:44 Timers: ping 10, ping-restart 120
2026-05-20 20:10:44 - huginn - DEBUG - OpenVPN: 2026-05-20 20:10:44 Protocol options: explicit-exit-notify 1, protocol-flags cc-exit tls-ekm dyn-tls-crypt
2026-05-20 20:10:50 - huginn - DEBUG - OpenVPN: 2026-05-20 20:10:49 TEST ROUTES: 2/2 succeeded len=2 ret=1 a=0 u/d=up
2026-05-20 20:10:50 - huginn - DEBUG - OpenVPN: 2026-05-20 20:10:49 C:\WINDOWS\system32\route.exe ADD 10.10.8.0 MASK 255.255.252.0 10.10.14.1
2026-05-20 20:10:50 - huginn - DEBUG - OpenVPN: 2026-05-20 20:10:49 Route addition via ipapi [adaptive] failed because route exists
2026-05-20 20:10:50 - huginn - DEBUG - OpenVPN: 2026-05-20 20:10:49 C:\WINDOWS\system32\route.exe ADD 10.129.0.0 MASK 255.255.0.0 10.10.14.1
2026-05-20 20:10:50 - huginn - DEBUG - OpenVPN: 2026-05-20 20:10:49 Route addition via ipapi [adaptive] failed because route exists
2026-05-20 20:10:50 - huginn - DEBUG - OpenVPN: 2026-05-20 20:10:49 add_route_ipv6(dead:beef::/64 -> dead:beef:2::1 metric -1) IF 18
2026-05-20 20:10:50 - huginn - DEBUG - OpenVPN: 2026-05-20 20:10:49 IPv6 route addition using ipapi failed because route exists
2026-05-20 20:10:50 - huginn - DEBUG - OpenVPN: 2026-05-20 20:10:49 Initialization Sequence Completed
2026-05-20 20:10:56 - huginn - INFO - DNS server changed to: LocalDNS
2026-05-20 20:10:56 - huginn - INFO - Local DNS server started on port 53530
2026-05-20 20:11:01 - huginn - DEBUG - Wireless security tab unavailable
Traceback (most recent call last):
  File "C:\Users\allie\Coding Projects\huggin_suite\huginn\app\pages\recon_enumeration_page.py", line 99, in setup_ui
    wireless_tab = WirelessSecurityWidget(self)
  File "C:\Users\allie\Coding Projects\huggin_suite\huginn\app\widgets\wireless_security_widget.py", line 52, in __init__
    self.connect_signals()
    ~~~~~~~~~~~~~~~~~~~~^^
  File "C:\Users\allie\Coding Projects\huggin_suite\huginn\app\widgets\wireless_security_widget.py", line 303, in connect_signals
    self.generate_report_btn.clicked.connect(self.generate_report)
    ^^^^^^^^^^^^^^^^^^^^^^^^
AttributeError: 'WirelessSecurityWidget' object has no attribute 'generate_report_btn'. Did you mean: 'generate_report'?
2026-05-20 20:11:45 - huginn - INFO - Using default configuration
2026-05-20 20:11:45 - huginn - DEBUG - Suppressed exception
Traceback (most recent call last):
  File "C:\Users\allie\Coding Projects\huggin_suite\huginn\app\core\asset_manager.py", line 101, in init_database
    conn.execute("ALTER TABLE assets ADD COLUMN fqdn TEXT DEFAULT ''")
    ~~~~~~~~~~~~^^^^^^^^^^^^^^^^^^^^^^^^^^^^^^^^^^^^^^^^^^^^^^^^^^^^^^
sqlite3.OperationalError: duplicate column name: fqdn
2026-05-20 20:11:45 - huginn - DEBUG - Suppressed exception
Traceback (most recent call last):
  File "C:\Users\allie\Coding Projects\huggin_suite\huginn\app\core\asset_manager.py", line 108, in init_database
    conn.execute("ALTER TABLE assets ADD COLUMN mac_address TEXT DEFAULT ''")
    ~~~~~~~~~~~~^^^^^^^^^^^^^^^^^^^^^^^^^^^^^^^^^^^^^^^^^^^^^^^^^^^^^^^^^^^^^
sqlite3.OperationalError: duplicate column name: mac_address
2026-05-20 20:11:45 - huginn - DEBUG - Suppressed exception
Traceback (most recent call last):
  File "C:\Users\allie\Coding Projects\huggin_suite\huginn\app\core\asset_manager.py", line 115, in init_database
    conn.execute("ALTER TABLE assets ADD COLUMN vendor TEXT DEFAULT ''")
    ~~~~~~~~~~~~^^^^^^^^^^^^^^^^^^^^^^^^^^^^^^^^^^^^^^^^^^^^^^^^^^^^^^^^
sqlite3.OperationalError: duplicate column name: vendor
2026-05-20 20:11:45 - huginn - DEBUG - Suppressed exception
Traceback (most recent call last):
  File "C:\Users\allie\Coding Projects\huggin_suite\huginn\app\core\asset_manager.py", line 122, in init_database
    conn.execute("ALTER TABLE assets ADD COLUMN notes TEXT DEFAULT ''")
    ~~~~~~~~~~~~^^^^^^^^^^^^^^^^^^^^^^^^^^^^^^^^^^^^^^^^^^^^^^^^^^^^^^^
sqlite3.OperationalError: duplicate column name: notes
2026-05-20 20:11:45 - huginn - DEBUG - Suppressed exception
Traceback (most recent call last):
  File "C:\Users\allie\Coding Projects\huggin_suite\huginn\app\core\dns_resolver.py", line 14, in resolve_hostname
    ipaddress.ip_address(hostname)
    ~~~~~~~~~~~~~~~~~~~~^^^^^^^^^^
  File "C:\Users\allie\anaconda3\Lib\ipaddress.py", line 54, in ip_address
    raise ValueError(f'{address!r} does not appear to be an IPv4 or IPv6 address')
ValueError: 'staging.silentium.com' does not appear to be an IPv4 or IPv6 address
2026-05-20 20:11:53 - huginn - DEBUG - Suppressed exception
Traceback (most recent call last):
  File "C:\Users\allie\Coding Projects\huggin_suite\huginn\app\core\dns_resolver.py", line 14, in resolve_hostname
    ipaddress.ip_address(hostname)
    ~~~~~~~~~~~~~~~~~~~~^^^^^^^^^^
  File "C:\Users\allie\anaconda3\Lib\ipaddress.py", line 54, in ip_address
    raise ValueError(f'{address!r} does not appear to be an IPv4 or IPv6 address')
ValueError: 'staging.silentium.htb' does not appear to be an IPv4 or IPv6 address
2026-05-20 20:12:14 - huginn - DEBUG - Suppressed exception
Traceback (most recent call last):
  File "C:\Users\allie\Coding Projects\huggin_suite\huginn\app\core\dns_resolver.py", line 14, in resolve_hostname
    ipaddress.ip_address(hostname)
    ~~~~~~~~~~~~~~~~~~~~^^^^^^^^^^
  File "C:\Users\allie\anaconda3\Lib\ipaddress.py", line 54, in ip_address
    raise ValueError(f'{address!r} does not appear to be an IPv4 or IPv6 address')
ValueError: 'staging.silentium.htb' does not appear to be an IPv4 or IPv6 address
2026-05-20 20:14:01 - huginn - DEBUG - Suppressed exception
Traceback (most recent call last):
  File "c:\Users\allie\Coding Projects\huggin_suite\huginn\app\core\asset_manager.py", line 101, in init_database
    conn.execute("ALTER TABLE assets ADD COLUMN fqdn TEXT DEFAULT ''")
    ~~~~~~~~~~~~^^^^^^^^^^^^^^^^^^^^^^^^^^^^^^^^^^^^^^^^^^^^^^^^^^^^^^
sqlite3.OperationalError: duplicate column name: fqdn
2026-05-20 20:14:01 - huginn - DEBUG - Suppressed exception
Traceback (most recent call last):
  File "c:\Users\allie\Coding Projects\huggin_suite\huginn\app\core\asset_manager.py", line 108, in init_database
    conn.execute("ALTER TABLE assets ADD COLUMN mac_address TEXT DEFAULT ''")
    ~~~~~~~~~~~~^^^^^^^^^^^^^^^^^^^^^^^^^^^^^^^^^^^^^^^^^^^^^^^^^^^^^^^^^^^^^
sqlite3.OperationalError: duplicate column name: mac_address
2026-05-20 20:14:01 - huginn - DEBUG - Suppressed exception
Traceback (most recent call last):
  File "c:\Users\allie\Coding Projects\huggin_suite\huginn\app\core\asset_manager.py", line 115, in init_database
    conn.execute("ALTER TABLE assets ADD COLUMN vendor TEXT DEFAULT ''")
    ~~~~~~~~~~~~^^^^^^^^^^^^^^^^^^^^^^^^^^^^^^^^^^^^^^^^^^^^^^^^^^^^^^^^
sqlite3.OperationalError: duplicate column name: vendor
2026-05-20 20:14:01 - huginn - DEBUG - Suppressed exception
Traceback (most recent call last):
  File "c:\Users\allie\Coding Projects\huggin_suite\huginn\app\core\asset_manager.py", line 122, in init_database
    conn.execute("ALTER TABLE assets ADD COLUMN notes TEXT DEFAULT ''")
    ~~~~~~~~~~~~^^^^^^^^^^^^^^^^^^^^^^^^^^^^^^^^^^^^^^^^^^^^^^^^^^^^^^^
sqlite3.OperationalError: duplicate column name: notes
2026-05-20 20:14:01 - huginn - INFO - Using default configuration
2026-05-20 20:14:04 - huginn - INFO - License saved successfully
2026-05-20 20:14:04 - huginn - INFO - License loaded and validated successfully
2026-05-20 20:14:21 - huginn - DEBUG - Suppressed exception
Traceback (most recent call last):
  File "c:\Users\allie\Coding Projects\huggin_suite\huginn\app\core\asset_manager.py", line 101, in init_database
    conn.execute("ALTER TABLE assets ADD COLUMN fqdn TEXT DEFAULT ''")
    ~~~~~~~~~~~~^^^^^^^^^^^^^^^^^^^^^^^^^^^^^^^^^^^^^^^^^^^^^^^^^^^^^^
sqlite3.OperationalError: duplicate column name: fqdn
2026-05-20 20:14:21 - huginn - DEBUG - Suppressed exception
Traceback (most recent call last):
  File "c:\Users\allie\Coding Projects\huggin_suite\huginn\app\core\asset_manager.py", line 108, in init_database
    conn.execute("ALTER TABLE assets ADD COLUMN mac_address TEXT DEFAULT ''")
    ~~~~~~~~~~~~^^^^^^^^^^^^^^^^^^^^^^^^^^^^^^^^^^^^^^^^^^^^^^^^^^^^^^^^^^^^^
sqlite3.OperationalError: duplicate column name: mac_address
2026-05-20 20:14:21 - huginn - DEBUG - Suppressed exception
Traceback (most recent call last):
  File "c:\Users\allie\Coding Projects\huggin_suite\huginn\app\core\asset_manager.py", line 115, in init_database
    conn.execute("ALTER TABLE assets ADD COLUMN vendor TEXT DEFAULT ''")
    ~~~~~~~~~~~~^^^^^^^^^^^^^^^^^^^^^^^^^^^^^^^^^^^^^^^^^^^^^^^^^^^^^^^^
sqlite3.OperationalError: duplicate column name: vendor
2026-05-20 20:14:21 - huginn - DEBUG - Suppressed exception
Traceback (most recent call last):
  File "c:\Users\allie\Coding Projects\huggin_suite\huginn\app\core\asset_manager.py", line 122, in init_database
    conn.execute("ALTER TABLE assets ADD COLUMN notes TEXT DEFAULT ''")
    ~~~~~~~~~~~~^^^^^^^^^^^^^^^^^^^^^^^^^^^^^^^^^^^^^^^^^^^^^^^^^^^^^^^
sqlite3.OperationalError: duplicate column name: notes
2026-05-20 20:14:21 - huginn - INFO - Using default configuration
2026-05-20 20:14:24 - huginn - INFO - License saved successfully
2026-05-20 20:14:24 - huginn - INFO - License loaded and validated successfully
2026-05-20 20:14:51 - huginn - INFO - Local DNS server stopped
2026-05-20 20:14:51 - huginn - INFO - local_dns_server stopped
2026-05-20 20:14:51 - huginn - INFO - VPN connection terminated
2026-05-20 20:14:51 - huginn - INFO - vpn_manager disconnected
2026-05-20 20:14:51 - huginn - DEBUG - Memory monitoring stopped
2026-05-20 20:14:51 - huginn - DEBUG - Connection pool closed all sessions
2026-05-20 20:14:51 - huginn - INFO - Update manager stopped during cleanup
2026-05-20 20:14:54 - huginn - INFO - License saved successfully
2026-05-20 20:14:54 - huginn - INFO - License loaded and validated successfully
2026-05-20 20:14:54 - huginn - INFO - Application starting...
2026-05-20 20:14:54 - huginn - INFO - Font loaded successfully
2026-05-20 20:14:54 - huginn - INFO - Stylesheet loaded successfully
2026-05-20 20:14:54 - huginn - INFO - Creating main window...
2026-05-20 20:14:54 - huginn - INFO - QThreadPool max threads set to 32 (CPUs: 32)
2026-05-20 20:14:54 - huginn - INFO - Custom font 'Neuropol X' loaded from C:\Users\allie\Coding Projects\huggin_suite\huginn\resources\fonts\neuropol.otf
2026-05-20 20:14:54 - huginn - DEBUG - Suppressed exception
Traceback (most recent call last):
  File "C:\Users\allie\Coding Projects\huggin_suite\huginn\app\pages\page_registry.py", line 45, in register_all_pages
    from app.pages.db_attacks_page import DBAttacksPage
ImportError: cannot import name 'DBAttacksPage' from 'app.pages.db_attacks_page' (C:\Users\allie\Coding Projects\huggin_suite\huginn\app\pages\db_attacks_page.py)
2026-05-20 20:14:58 - huginn - DEBUG - Credentials loaded for profile 'Silentium'
2026-05-20 20:14:58 - huginn - DEBUG - Suppressed exception
Traceback (most recent call last):
  File "C:\Users\allie\Coding Projects\huggin_suite\huginn\app\core\scope_manager.py", line 62, in _parse_scope_text
    ipaddress.IPv4Address(item)
    ~~~~~~~~~~~~~~~~~~~~~^^^^^^
  File "C:\Users\allie\anaconda3\Lib\ipaddress.py", line 1319, in __init__
    self._ip = self._ip_int_from_string(addr_str)
               ~~~~~~~~~~~~~~~~~~~~~~~~^^^^^^^^^^
  File "C:\Users\allie\anaconda3\Lib\ipaddress.py", line 1206, in _ip_int_from_string
    raise AddressValueError("Expected 4 octets in %r" % ip_str)
ipaddress.AddressValueError: Expected 4 octets in 'silentium.htb'
2026-05-20 20:14:58 - huginn - DEBUG - Credentials loaded for profile 'Silentium'
2026-05-20 20:14:58 - huginn - DEBUG - Suppressed exception
Traceback (most recent call last):
  File "C:\Users\allie\Coding Projects\huggin_suite\huginn\app\core\scope_manager.py", line 62, in _parse_scope_text
    ipaddress.IPv4Address(item)
    ~~~~~~~~~~~~~~~~~~~~~^^^^^^
  File "C:\Users\allie\anaconda3\Lib\ipaddress.py", line 1319, in __init__
    self._ip = self._ip_int_from_string(addr_str)
               ~~~~~~~~~~~~~~~~~~~~~~~~^^^^^^^^^^
  File "C:\Users\allie\anaconda3\Lib\ipaddress.py", line 1206, in _ip_int_from_string
    raise AddressValueError("Expected 4 octets in %r" % ip_str)
ipaddress.AddressValueError: Expected 4 octets in 'silentium.htb'
2026-05-20 20:15:06 - huginn - INFO - VPN connection terminated
2026-05-20 20:15:06 - huginn - INFO - OpenVPN connection started with config: C:/Users/allie/Downloads/machines_au-1.ovpn
2026-05-20 20:15:06 - huginn - DEBUG - OpenVPN: 2026-05-20 20:15:06 Note: --data-ciphers-fallback with cipher 'AES-128-CBC' disables data channel offload.
2026-05-20 20:15:06 - huginn - DEBUG - OpenVPN: 2026-05-20 20:15:06 OpenVPN 2.6.14 [git:none/0169b4ad2bb35d2c] Windows [SSL (OpenSSL)] [LZO] [LZ4] [PKCS11] [AEAD] [DCO] built on Jun 19 2025
2026-05-20 20:15:06 - huginn - DEBUG - OpenVPN: 2026-05-20 20:15:06 Windows version 10.0 (Windows 10 or greater), amd64 executable
2026-05-20 20:15:06 - huginn - DEBUG - OpenVPN: 2026-05-20 20:15:06 library versions: OpenSSL 3.5.0 8 Apr 2025, LZO 2.10
2026-05-20 20:15:06 - huginn - DEBUG - OpenVPN: 2026-05-20 20:15:06 DCO version: N/A
2026-05-20 20:15:06 - huginn - DEBUG - OpenVPN: 2026-05-20 20:15:06 TCP/UDP: Preserving recently used remote address: [AF_INET]206.148.40.161:1337
2026-05-20 20:15:06 - huginn - DEBUG - OpenVPN: 2026-05-20 20:15:06 Socket Buffers: R=[65536->65536] S=[65536->65536]
2026-05-20 20:15:06 - huginn - DEBUG - OpenVPN: 2026-05-20 20:15:06 UDPv4 link local: (not bound)
2026-05-20 20:15:06 - huginn - DEBUG - OpenVPN: 2026-05-20 20:15:06 UDPv4 link remote: [AF_INET]206.148.40.161:1337
2026-05-20 20:15:06 - huginn - DEBUG - OpenVPN: 2026-05-20 20:15:06 TLS: Initial packet from [AF_INET]206.148.40.161:1337, sid=13bd73a0 7a2cae66
2026-05-20 20:15:06 - huginn - DEBUG - OpenVPN: 2026-05-20 20:15:06 VERIFY OK: depth=2, C=GR, O=Hack The Box, OU=Systems, CN=HTB VPN: Root Certificate Authority
2026-05-20 20:15:06 - huginn - DEBUG - OpenVPN: 2026-05-20 20:15:06 VERIFY OK: depth=1, C=GR, O=Hack The Box, OU=Systems, CN=HTB VPN: au-free-1 Issuing CA
2026-05-20 20:15:06 - huginn - DEBUG - OpenVPN: 2026-05-20 20:15:06 VERIFY KU OK
2026-05-20 20:15:06 - huginn - DEBUG - OpenVPN: 2026-05-20 20:15:06 Validating certificate extended key usage
2026-05-20 20:15:06 - huginn - DEBUG - OpenVPN: 2026-05-20 20:15:06 ++ Certificate has EKU (str) TLS Web Client Authentication, expects TLS Web Server Authentication
2026-05-20 20:15:06 - huginn - DEBUG - OpenVPN: 2026-05-20 20:15:06 ++ Certificate has EKU (oid) 1.3.6.1.5.5.7.3.2, expects TLS Web Server Authentication
2026-05-20 20:15:06 - huginn - DEBUG - OpenVPN: 2026-05-20 20:15:06 ++ Certificate has EKU (str) TLS Web Server Authentication, expects TLS Web Server Authentication
2026-05-20 20:15:06 - huginn - DEBUG - OpenVPN: 2026-05-20 20:15:06 VERIFY EKU OK
2026-05-20 20:15:06 - huginn - DEBUG - OpenVPN: 2026-05-20 20:15:06 VERIFY OK: depth=0, C=GR, O=Hack The Box, OU=Systems, CN=au-free-1
2026-05-20 20:15:07 - huginn - DEBUG - OpenVPN: 2026-05-20 20:15:06 Control Channel: TLSv1.3, cipher TLSv1.3 TLS_AES_256_GCM_SHA384, peer certificate: 256 bits ED25519, signature: ED25519, peer temporary key: 253 bits X25519
2026-05-20 20:15:07 - huginn - DEBUG - OpenVPN: 2026-05-20 20:15:06 [au-free-1] Peer Connection Initiated with [AF_INET]206.148.40.161:1337
2026-05-20 20:15:07 - huginn - DEBUG - OpenVPN: 2026-05-20 20:15:06 TLS: move_session: dest=TM_ACTIVE src=TM_INITIAL reinit_src=1
2026-05-20 20:15:07 - huginn - DEBUG - OpenVPN: 2026-05-20 20:15:06 TLS: tls_multi_process: initial untrusted session promoted to trusted
2026-05-20 20:15:08 - huginn - DEBUG - OpenVPN: 2026-05-20 20:15:08 SENT CONTROL [au-free-1]: 'PUSH_REQUEST' (status=1)
2026-05-20 20:15:08 - huginn - DEBUG - OpenVPN: 2026-05-20 20:15:08 PUSH: Received control message: 'PUSH_REPLY,route 10.10.8.0 255.255.252.0,route 10.129.0.0 255.255.0.0,route-ipv6 dead:beef::/64,explicit-exit-notify,tun-ipv6,route-gateway 10.10.14.1,topology subnet,ping 10,ping-restart 120,ifconfig-ipv6 dead:beef:2::1016/64 dead:beef:2::1,ifconfig 10.10.14.24 255.255.254.0,peer-id 9,cipher AES-256-CBC,protocol-flags cc-exit tls-ekm dyn-tls-crypt,tun-mtu 1500'
2026-05-20 20:15:08 - huginn - INFO - VPN IP address assigned: 10.10.14.24
2026-05-20 20:15:08 - huginn - DEBUG - OpenVPN: 2026-05-20 20:15:08 OPTIONS IMPORT: --ifconfig/up options modified
2026-05-20 20:15:08 - huginn - DEBUG - OpenVPN: 2026-05-20 20:15:08 OPTIONS IMPORT: route options modified
2026-05-20 20:15:08 - huginn - DEBUG - OpenVPN: 2026-05-20 20:15:08 OPTIONS IMPORT: route-related options modified
2026-05-20 20:15:08 - huginn - DEBUG - OpenVPN: 2026-05-20 20:15:08 OPTIONS IMPORT: tun-mtu set to 1500
2026-05-20 20:15:08 - huginn - DEBUG - OpenVPN: 2026-05-20 20:15:08 interactive service msg_channel=0
2026-05-20 20:15:08 - huginn - DEBUG - OpenVPN: 2026-05-20 20:15:08 ROUTE_GATEWAY 192.168.1.1/255.255.255.0 I=23 HWADDR=88:d8:2e:79:0c:48
2026-05-20 20:15:08 - huginn - DEBUG - OpenVPN: 2026-05-20 20:15:08 GDG6: remote_host_ipv6=n/a
2026-05-20 20:15:08 - huginn - DEBUG - OpenVPN: 2026-05-20 20:15:08 NOTE: GetBestInterfaceEx returned error: Element not found.   (code=1168)
2026-05-20 20:15:08 - huginn - DEBUG - OpenVPN: 2026-05-20 20:15:08 ROUTE6: default_gateway=UNDEF
2026-05-20 20:15:08 - huginn - DEBUG - OpenVPN: 2026-05-20 20:15:08 open_tun
2026-05-20 20:15:08 - huginn - DEBUG - OpenVPN: 2026-05-20 20:15:08 tap-windows6 device [OpenVPN TAP-Windows6] opened
2026-05-20 20:15:08 - huginn - DEBUG - OpenVPN: 2026-05-20 20:15:08 TAP-Windows Driver Version 9.27
2026-05-20 20:15:08 - huginn - DEBUG - OpenVPN: 2026-05-20 20:15:08 Set TAP-Windows TUN subnet mode network/local/netmask = 10.10.14.0/10.10.14.24/255.255.254.0 [SUCCEEDED]
2026-05-20 20:15:08 - huginn - DEBUG - OpenVPN: 2026-05-20 20:15:08 Notified TAP-Windows driver to set a DHCP IP/netmask of 10.10.14.24/255.255.254.0 on interface {9624926F-3F6E-402F-BBEF-68BB8BB5B777} [DHCP-serv: 10.10.14.0, lease-time: 31536000]
2026-05-20 20:15:08 - huginn - DEBUG - OpenVPN: 2026-05-20 20:15:08 Successful ARP Flush on interface [18] {9624926F-3F6E-402F-BBEF-68BB8BB5B777}
2026-05-20 20:15:08 - huginn - DEBUG - OpenVPN: 2026-05-20 20:15:08 IPv4 MTU set to 1500 on interface 18 using SetIpInterfaceEntry()
2026-05-20 20:15:08 - huginn - DEBUG - OpenVPN: 2026-05-20 20:15:08 NETSH: C:\WINDOWS\system32\netsh.exe interface ipv6 set address 18 dead:beef:2::1016/128 store=active
2026-05-20 20:15:08 - huginn - DEBUG - OpenVPN: 2026-05-20 20:15:08 add_route_ipv6(dead:beef:2::/64 -> dead:beef:2::1016 metric 0) IF 18
2026-05-20 20:15:08 - huginn - DEBUG - OpenVPN: 2026-05-20 20:15:08 IPv6 route addition using ipapi failed because route exists
2026-05-20 20:15:08 - huginn - DEBUG - OpenVPN: 2026-05-20 20:15:08 NETSH: C:\WINDOWS\system32\netsh.exe interface ipv6 delete dns 18 all
2026-05-20 20:15:08 - huginn - DEBUG - OpenVPN: 2026-05-20 20:15:08 IPv6 MTU set to 1500 on interface 18 using SetIpInterfaceEntry()
2026-05-20 20:15:08 - huginn - DEBUG - OpenVPN: 2026-05-20 20:15:08 Data Channel: cipher 'AES-256-CBC', auth 'SHA256', peer-id: 9, compression: 'lzo'
2026-05-20 20:15:08 - huginn - DEBUG - OpenVPN: 2026-05-20 20:15:08 Timers: ping 10, ping-restart 120
2026-05-20 20:15:08 - huginn - DEBUG - OpenVPN: 2026-05-20 20:15:08 Protocol options: explicit-exit-notify 1, protocol-flags cc-exit tls-ekm dyn-tls-crypt
2026-05-20 20:15:14 - huginn - DEBUG - OpenVPN: 2026-05-20 20:15:14 TEST ROUTES: 2/2 succeeded len=2 ret=1 a=0 u/d=up
2026-05-20 20:15:14 - huginn - DEBUG - OpenVPN: 2026-05-20 20:15:14 C:\WINDOWS\system32\route.exe ADD 10.10.8.0 MASK 255.255.252.0 10.10.14.1
2026-05-20 20:15:14 - huginn - DEBUG - OpenVPN: 2026-05-20 20:15:14 Route addition via ipapi [adaptive] failed because route exists
2026-05-20 20:15:14 - huginn - DEBUG - OpenVPN: 2026-05-20 20:15:14 C:\WINDOWS\system32\route.exe ADD 10.129.0.0 MASK 255.255.0.0 10.10.14.1
2026-05-20 20:15:14 - huginn - DEBUG - OpenVPN: 2026-05-20 20:15:14 Route addition via ipapi [adaptive] failed because route exists
2026-05-20 20:15:14 - huginn - DEBUG - OpenVPN: 2026-05-20 20:15:14 add_route_ipv6(dead:beef::/64 -> dead:beef:2::1 metric -1) IF 18
2026-05-20 20:15:14 - huginn - DEBUG - OpenVPN: 2026-05-20 20:15:14 IPv6 route addition using ipapi failed because route exists
2026-05-20 20:15:14 - huginn - DEBUG - OpenVPN: 2026-05-20 20:15:14 Initialization Sequence Completed
2026-05-20 20:15:18 - huginn - INFO - DNS server changed to: LocalDNS
2026-05-20 20:15:19 - huginn - INFO - Local DNS server started on port 53530
2026-05-20 20:15:31 - huginn - INFO - Removed DNS record: staging.silentium A 10.129.230.11
2026-05-20 20:15:39 - huginn - INFO - Added DNS record: staging.silentium.htb A 10.129.230.11
2026-05-20 20:15:44 - huginn - DEBUG - Wireless security tab unavailable
Traceback (most recent call last):
  File "C:\Users\allie\Coding Projects\huggin_suite\huginn\app\pages\recon_enumeration_page.py", line 99, in setup_ui
    wireless_tab = WirelessSecurityWidget(self)
  File "C:\Users\allie\Coding Projects\huggin_suite\huginn\app\widgets\wireless_security_widget.py", line 52, in __init__
    self.connect_signals()
    ~~~~~~~~~~~~~~~~~~~~^^
  File "C:\Users\allie\Coding Projects\huggin_suite\huginn\app\widgets\wireless_security_widget.py", line 303, in connect_signals
    self.generate_report_btn.clicked.connect(self.generate_report)
    ^^^^^^^^^^^^^^^^^^^^^^^^
AttributeError: 'WirelessSecurityWidget' object has no attribute 'generate_report_btn'. Did you mean: 'generate_report'?
2026-05-20 20:16:07 - huginn - INFO - Using default configuration
2026-05-20 20:16:07 - huginn - DEBUG - Suppressed exception
Traceback (most recent call last):
  File "C:\Users\allie\Coding Projects\huggin_suite\huginn\app\core\asset_manager.py", line 101, in init_database
    conn.execute("ALTER TABLE assets ADD COLUMN fqdn TEXT DEFAULT ''")
    ~~~~~~~~~~~~^^^^^^^^^^^^^^^^^^^^^^^^^^^^^^^^^^^^^^^^^^^^^^^^^^^^^^
sqlite3.OperationalError: duplicate column name: fqdn
2026-05-20 20:16:07 - huginn - DEBUG - Suppressed exception
Traceback (most recent call last):
  File "C:\Users\allie\Coding Projects\huggin_suite\huginn\app\core\asset_manager.py", line 108, in init_database
    conn.execute("ALTER TABLE assets ADD COLUMN mac_address TEXT DEFAULT ''")
    ~~~~~~~~~~~~^^^^^^^^^^^^^^^^^^^^^^^^^^^^^^^^^^^^^^^^^^^^^^^^^^^^^^^^^^^^^
sqlite3.OperationalError: duplicate column name: mac_address
2026-05-20 20:16:07 - huginn - DEBUG - Suppressed exception
Traceback (most recent call last):
  File "C:\Users\allie\Coding Projects\huggin_suite\huginn\app\core\asset_manager.py", line 115, in init_database
    conn.execute("ALTER TABLE assets ADD COLUMN vendor TEXT DEFAULT ''")
    ~~~~~~~~~~~~^^^^^^^^^^^^^^^^^^^^^^^^^^^^^^^^^^^^^^^^^^^^^^^^^^^^^^^^
sqlite3.OperationalError: duplicate column name: vendor
2026-05-20 20:16:07 - huginn - DEBUG - Suppressed exception
Traceback (most recent call last):
  File "C:\Users\allie\Coding Projects\huggin_suite\huginn\app\core\asset_manager.py", line 122, in init_database
    conn.execute("ALTER TABLE assets ADD COLUMN notes TEXT DEFAULT ''")
    ~~~~~~~~~~~~^^^^^^^^^^^^^^^^^^^^^^^^^^^^^^^^^^^^^^^^^^^^^^^^^^^^^^^
sqlite3.OperationalError: duplicate column name: notes
2026-05-20 20:16:07 - huginn - DEBUG - Suppressed exception
Traceback (most recent call last):
  File "C:\Users\allie\Coding Projects\huggin_suite\huginn\app\core\dns_resolver.py", line 14, in resolve_hostname
    ipaddress.ip_address(hostname)
    ~~~~~~~~~~~~~~~~~~~~^^^^^^^^^^
  File "C:\Users\allie\anaconda3\Lib\ipaddress.py", line 54, in ip_address
    raise ValueError(f'{address!r} does not appear to be an IPv4 or IPv6 address')
ValueError: 'staging.silentium.htb' does not appear to be an IPv4 or IPv6 address
2026-05-20 20:18:58 - huginn - DEBUG - Suppressed exception
Traceback (most recent call last):
  File "c:\Users\allie\Coding Projects\huggin_suite\huginn\app\core\asset_manager.py", line 101, in init_database
    conn.execute("ALTER TABLE assets ADD COLUMN fqdn TEXT DEFAULT ''")
    ~~~~~~~~~~~~^^^^^^^^^^^^^^^^^^^^^^^^^^^^^^^^^^^^^^^^^^^^^^^^^^^^^^
sqlite3.OperationalError: duplicate column name: fqdn
2026-05-20 20:18:58 - huginn - DEBUG - Suppressed exception
Traceback (most recent call last):
  File "c:\Users\allie\Coding Projects\huggin_suite\huginn\app\core\asset_manager.py", line 108, in init_database
    conn.execute("ALTER TABLE assets ADD COLUMN mac_address TEXT DEFAULT ''")
    ~~~~~~~~~~~~^^^^^^^^^^^^^^^^^^^^^^^^^^^^^^^^^^^^^^^^^^^^^^^^^^^^^^^^^^^^^
sqlite3.OperationalError: duplicate column name: mac_address
2026-05-20 20:18:58 - huginn - DEBUG - Suppressed exception
Traceback (most recent call last):
  File "c:\Users\allie\Coding Projects\huggin_suite\huginn\app\core\asset_manager.py", line 115, in init_database
    conn.execute("ALTER TABLE assets ADD COLUMN vendor TEXT DEFAULT ''")
    ~~~~~~~~~~~~^^^^^^^^^^^^^^^^^^^^^^^^^^^^^^^^^^^^^^^^^^^^^^^^^^^^^^^^
sqlite3.OperationalError: duplicate column name: vendor
2026-05-20 20:18:58 - huginn - DEBUG - Suppressed exception
Traceback (most recent call last):
  File "c:\Users\allie\Coding Projects\huggin_suite\huginn\app\core\asset_manager.py", line 122, in init_database
    conn.execute("ALTER TABLE assets ADD COLUMN notes TEXT DEFAULT ''")
    ~~~~~~~~~~~~^^^^^^^^^^^^^^^^^^^^^^^^^^^^^^^^^^^^^^^^^^^^^^^^^^^^^^^
sqlite3.OperationalError: duplicate column name: notes
2026-05-20 20:18:58 - huginn - INFO - Using default configuration
2026-05-20 20:19:00 - huginn - INFO - License saved successfully
2026-05-20 20:19:00 - huginn - INFO - License loaded and validated successfully
2026-05-20 20:19:18 - huginn - DEBUG - Suppressed exception
Traceback (most recent call last):
  File "c:\Users\allie\Coding Projects\huggin_suite\huginn\app\core\asset_manager.py", line 101, in init_database
    conn.execute("ALTER TABLE assets ADD COLUMN fqdn TEXT DEFAULT ''")
    ~~~~~~~~~~~~^^^^^^^^^^^^^^^^^^^^^^^^^^^^^^^^^^^^^^^^^^^^^^^^^^^^^^
sqlite3.OperationalError: duplicate column name: fqdn
2026-05-20 20:19:18 - huginn - DEBUG - Suppressed exception
Traceback (most recent call last):
  File "c:\Users\allie\Coding Projects\huggin_suite\huginn\app\core\asset_manager.py", line 108, in init_database
    conn.execute("ALTER TABLE assets ADD COLUMN mac_address TEXT DEFAULT ''")
    ~~~~~~~~~~~~^^^^^^^^^^^^^^^^^^^^^^^^^^^^^^^^^^^^^^^^^^^^^^^^^^^^^^^^^^^^^
sqlite3.OperationalError: duplicate column name: mac_address
2026-05-20 20:19:18 - huginn - DEBUG - Suppressed exception
Traceback (most recent call last):
  File "c:\Users\allie\Coding Projects\huggin_suite\huginn\app\core\asset_manager.py", line 115, in init_database
    conn.execute("ALTER TABLE assets ADD COLUMN vendor TEXT DEFAULT ''")
    ~~~~~~~~~~~~^^^^^^^^^^^^^^^^^^^^^^^^^^^^^^^^^^^^^^^^^^^^^^^^^^^^^^^^
sqlite3.OperationalError: duplicate column name: vendor
2026-05-20 20:19:18 - huginn - DEBUG - Suppressed exception
Traceback (most recent call last):
  File "c:\Users\allie\Coding Projects\huggin_suite\huginn\app\core\asset_manager.py", line 122, in init_database
    conn.execute("ALTER TABLE assets ADD COLUMN notes TEXT DEFAULT ''")
    ~~~~~~~~~~~~^^^^^^^^^^^^^^^^^^^^^^^^^^^^^^^^^^^^^^^^^^^^^^^^^^^^^^^
sqlite3.OperationalError: duplicate column name: notes
2026-05-20 20:19:19 - huginn - INFO - Using default configuration
2026-05-20 20:19:21 - huginn - INFO - License saved successfully
2026-05-20 20:19:21 - huginn - INFO - License loaded and validated successfully
2026-05-20 20:19:49 - huginn - DEBUG - Suppressed exception
Traceback (most recent call last):
  File "c:\Users\allie\Coding Projects\huggin_suite\huginn\app\core\asset_manager.py", line 101, in init_database
    conn.execute("ALTER TABLE assets ADD COLUMN fqdn TEXT DEFAULT ''")
    ~~~~~~~~~~~~^^^^^^^^^^^^^^^^^^^^^^^^^^^^^^^^^^^^^^^^^^^^^^^^^^^^^^
sqlite3.OperationalError: duplicate column name: fqdn
2026-05-20 20:19:49 - huginn - DEBUG - Suppressed exception
Traceback (most recent call last):
  File "c:\Users\allie\Coding Projects\huggin_suite\huginn\app\core\asset_manager.py", line 108, in init_database
    conn.execute("ALTER TABLE assets ADD COLUMN mac_address TEXT DEFAULT ''")
    ~~~~~~~~~~~~^^^^^^^^^^^^^^^^^^^^^^^^^^^^^^^^^^^^^^^^^^^^^^^^^^^^^^^^^^^^^
sqlite3.OperationalError: duplicate column name: mac_address
2026-05-20 20:19:49 - huginn - DEBUG - Suppressed exception
Traceback (most recent call last):
  File "c:\Users\allie\Coding Projects\huggin_suite\huginn\app\core\asset_manager.py", line 115, in init_database
    conn.execute("ALTER TABLE assets ADD COLUMN vendor TEXT DEFAULT ''")
    ~~~~~~~~~~~~^^^^^^^^^^^^^^^^^^^^^^^^^^^^^^^^^^^^^^^^^^^^^^^^^^^^^^^^
sqlite3.OperationalError: duplicate column name: vendor
2026-05-20 20:19:49 - huginn - DEBUG - Suppressed exception
Traceback (most recent call last):
  File "c:\Users\allie\Coding Projects\huggin_suite\huginn\app\core\asset_manager.py", line 122, in init_database
    conn.execute("ALTER TABLE assets ADD COLUMN notes TEXT DEFAULT ''")
    ~~~~~~~~~~~~^^^^^^^^^^^^^^^^^^^^^^^^^^^^^^^^^^^^^^^^^^^^^^^^^^^^^^^
sqlite3.OperationalError: duplicate column name: notes
2026-05-20 20:19:49 - huginn - INFO - Using default configuration
2026-05-20 20:19:51 - huginn - INFO - License saved successfully
2026-05-20 20:19:51 - huginn - INFO - License loaded and validated successfully
2026-05-20 20:20:12 - huginn - DEBUG - Suppressed exception
Traceback (most recent call last):
  File "c:\Users\allie\Coding Projects\huggin_suite\huginn\app\core\asset_manager.py", line 101, in init_database
    conn.execute("ALTER TABLE assets ADD COLUMN fqdn TEXT DEFAULT ''")
    ~~~~~~~~~~~~^^^^^^^^^^^^^^^^^^^^^^^^^^^^^^^^^^^^^^^^^^^^^^^^^^^^^^
sqlite3.OperationalError: duplicate column name: fqdn
2026-05-20 20:20:12 - huginn - DEBUG - Suppressed exception
Traceback (most recent call last):
  File "c:\Users\allie\Coding Projects\huggin_suite\huginn\app\core\asset_manager.py", line 108, in init_database
    conn.execute("ALTER TABLE assets ADD COLUMN mac_address TEXT DEFAULT ''")
    ~~~~~~~~~~~~^^^^^^^^^^^^^^^^^^^^^^^^^^^^^^^^^^^^^^^^^^^^^^^^^^^^^^^^^^^^^
sqlite3.OperationalError: duplicate column name: mac_address
2026-05-20 20:20:12 - huginn - DEBUG - Suppressed exception
Traceback (most recent call last):
  File "c:\Users\allie\Coding Projects\huggin_suite\huginn\app\core\asset_manager.py", line 115, in init_database
    conn.execute("ALTER TABLE assets ADD COLUMN vendor TEXT DEFAULT ''")
    ~~~~~~~~~~~~^^^^^^^^^^^^^^^^^^^^^^^^^^^^^^^^^^^^^^^^^^^^^^^^^^^^^^^^
sqlite3.OperationalError: duplicate column name: vendor
2026-05-20 20:20:12 - huginn - DEBUG - Suppressed exception
Traceback (most recent call last):
  File "c:\Users\allie\Coding Projects\huggin_suite\huginn\app\core\asset_manager.py", line 122, in init_database
    conn.execute("ALTER TABLE assets ADD COLUMN notes TEXT DEFAULT ''")
    ~~~~~~~~~~~~^^^^^^^^^^^^^^^^^^^^^^^^^^^^^^^^^^^^^^^^^^^^^^^^^^^^^^^
sqlite3.OperationalError: duplicate column name: notes
2026-05-20 20:20:12 - huginn - INFO - Using default configuration
2026-05-20 20:20:15 - huginn - INFO - License saved successfully
2026-05-20 20:20:15 - huginn - INFO - License loaded and validated successfully
2026-05-20 20:21:25 - huginn - DEBUG - Suppressed exception
Traceback (most recent call last):
  File "c:\Users\allie\Coding Projects\huggin_suite\huginn\app\core\asset_manager.py", line 101, in init_database
    conn.execute("ALTER TABLE assets ADD COLUMN fqdn TEXT DEFAULT ''")
    ~~~~~~~~~~~~^^^^^^^^^^^^^^^^^^^^^^^^^^^^^^^^^^^^^^^^^^^^^^^^^^^^^^
sqlite3.OperationalError: duplicate column name: fqdn
2026-05-20 20:21:25 - huginn - DEBUG - Suppressed exception
Traceback (most recent call last):
  File "c:\Users\allie\Coding Projects\huggin_suite\huginn\app\core\asset_manager.py", line 108, in init_database
    conn.execute("ALTER TABLE assets ADD COLUMN mac_address TEXT DEFAULT ''")
    ~~~~~~~~~~~~^^^^^^^^^^^^^^^^^^^^^^^^^^^^^^^^^^^^^^^^^^^^^^^^^^^^^^^^^^^^^
sqlite3.OperationalError: duplicate column name: mac_address
2026-05-20 20:21:25 - huginn - DEBUG - Suppressed exception
Traceback (most recent call last):
  File "c:\Users\allie\Coding Projects\huggin_suite\huginn\app\core\asset_manager.py", line 115, in init_database
    conn.execute("ALTER TABLE assets ADD COLUMN vendor TEXT DEFAULT ''")
    ~~~~~~~~~~~~^^^^^^^^^^^^^^^^^^^^^^^^^^^^^^^^^^^^^^^^^^^^^^^^^^^^^^^^
sqlite3.OperationalError: duplicate column name: vendor
2026-05-20 20:21:25 - huginn - DEBUG - Suppressed exception
Traceback (most recent call last):
  File "c:\Users\allie\Coding Projects\huggin_suite\huginn\app\core\asset_manager.py", line 122, in init_database
    conn.execute("ALTER TABLE assets ADD COLUMN notes TEXT DEFAULT ''")
    ~~~~~~~~~~~~^^^^^^^^^^^^^^^^^^^^^^^^^^^^^^^^^^^^^^^^^^^^^^^^^^^^^^^
sqlite3.OperationalError: duplicate column name: notes
2026-05-20 20:21:26 - huginn - INFO - Using default configuration
2026-05-20 20:21:28 - huginn - INFO - License saved successfully
2026-05-20 20:21:28 - huginn - INFO - License loaded and validated successfully
2026-05-20 20:21:47 - huginn - DEBUG - Suppressed exception
Traceback (most recent call last):
  File "c:\Users\allie\Coding Projects\huggin_suite\huginn\app\core\asset_manager.py", line 101, in init_database
    conn.execute("ALTER TABLE assets ADD COLUMN fqdn TEXT DEFAULT ''")
    ~~~~~~~~~~~~^^^^^^^^^^^^^^^^^^^^^^^^^^^^^^^^^^^^^^^^^^^^^^^^^^^^^^
sqlite3.OperationalError: duplicate column name: fqdn
2026-05-20 20:21:47 - huginn - DEBUG - Suppressed exception
Traceback (most recent call last):
  File "c:\Users\allie\Coding Projects\huggin_suite\huginn\app\core\asset_manager.py", line 108, in init_database
    conn.execute("ALTER TABLE assets ADD COLUMN mac_address TEXT DEFAULT ''")
    ~~~~~~~~~~~~^^^^^^^^^^^^^^^^^^^^^^^^^^^^^^^^^^^^^^^^^^^^^^^^^^^^^^^^^^^^^
sqlite3.OperationalError: duplicate column name: mac_address
2026-05-20 20:21:47 - huginn - DEBUG - Suppressed exception
Traceback (most recent call last):
  File "c:\Users\allie\Coding Projects\huggin_suite\huginn\app\core\asset_manager.py", line 115, in init_database
    conn.execute("ALTER TABLE assets ADD COLUMN vendor TEXT DEFAULT ''")
    ~~~~~~~~~~~~^^^^^^^^^^^^^^^^^^^^^^^^^^^^^^^^^^^^^^^^^^^^^^^^^^^^^^^^
sqlite3.OperationalError: duplicate column name: vendor
2026-05-20 20:21:47 - huginn - DEBUG - Suppressed exception
Traceback (most recent call last):
  File "c:\Users\allie\Coding Projects\huggin_suite\huginn\app\core\asset_manager.py", line 122, in init_database
    conn.execute("ALTER TABLE assets ADD COLUMN notes TEXT DEFAULT ''")
    ~~~~~~~~~~~~^^^^^^^^^^^^^^^^^^^^^^^^^^^^^^^^^^^^^^^^^^^^^^^^^^^^^^^
sqlite3.OperationalError: duplicate column name: notes
2026-05-20 20:21:47 - huginn - INFO - Using default configuration
2026-05-20 20:21:49 - huginn - INFO - License saved successfully
2026-05-20 20:21:49 - huginn - INFO - License loaded and validated successfully
2026-05-20 20:22:23 - huginn - DEBUG - Suppressed exception
Traceback (most recent call last):
  File "c:\Users\allie\Coding Projects\huggin_suite\huginn\app\core\asset_manager.py", line 101, in init_database
    conn.execute("ALTER TABLE assets ADD COLUMN fqdn TEXT DEFAULT ''")
    ~~~~~~~~~~~~^^^^^^^^^^^^^^^^^^^^^^^^^^^^^^^^^^^^^^^^^^^^^^^^^^^^^^
sqlite3.OperationalError: duplicate column name: fqdn
2026-05-20 20:22:23 - huginn - DEBUG - Suppressed exception
Traceback (most recent call last):
  File "c:\Users\allie\Coding Projects\huggin_suite\huginn\app\core\asset_manager.py", line 108, in init_database
    conn.execute("ALTER TABLE assets ADD COLUMN mac_address TEXT DEFAULT ''")
    ~~~~~~~~~~~~^^^^^^^^^^^^^^^^^^^^^^^^^^^^^^^^^^^^^^^^^^^^^^^^^^^^^^^^^^^^^
sqlite3.OperationalError: duplicate column name: mac_address
2026-05-20 20:22:23 - huginn - DEBUG - Suppressed exception
Traceback (most recent call last):
  File "c:\Users\allie\Coding Projects\huggin_suite\huginn\app\core\asset_manager.py", line 115, in init_database
    conn.execute("ALTER TABLE assets ADD COLUMN vendor TEXT DEFAULT ''")
    ~~~~~~~~~~~~^^^^^^^^^^^^^^^^^^^^^^^^^^^^^^^^^^^^^^^^^^^^^^^^^^^^^^^^
sqlite3.OperationalError: duplicate column name: vendor
2026-05-20 20:22:23 - huginn - DEBUG - Suppressed exception
Traceback (most recent call last):
  File "c:\Users\allie\Coding Projects\huggin_suite\huginn\app\core\asset_manager.py", line 122, in init_database
    conn.execute("ALTER TABLE assets ADD COLUMN notes TEXT DEFAULT ''")
    ~~~~~~~~~~~~^^^^^^^^^^^^^^^^^^^^^^^^^^^^^^^^^^^^^^^^^^^^^^^^^^^^^^^
sqlite3.OperationalError: duplicate column name: notes
2026-05-20 20:22:24 - huginn - INFO - Using default configuration
2026-05-20 20:22:26 - huginn - INFO - License saved successfully
2026-05-20 20:22:26 - huginn - INFO - License loaded and validated successfully
2026-05-20 20:22:45 - huginn - DEBUG - Suppressed exception
Traceback (most recent call last):
  File "c:\Users\allie\Coding Projects\huggin_suite\huginn\app\core\asset_manager.py", line 101, in init_database
    conn.execute("ALTER TABLE assets ADD COLUMN fqdn TEXT DEFAULT ''")
    ~~~~~~~~~~~~^^^^^^^^^^^^^^^^^^^^^^^^^^^^^^^^^^^^^^^^^^^^^^^^^^^^^^
sqlite3.OperationalError: duplicate column name: fqdn
2026-05-20 20:22:45 - huginn - DEBUG - Suppressed exception
Traceback (most recent call last):
  File "c:\Users\allie\Coding Projects\huggin_suite\huginn\app\core\asset_manager.py", line 108, in init_database
    conn.execute("ALTER TABLE assets ADD COLUMN mac_address TEXT DEFAULT ''")
    ~~~~~~~~~~~~^^^^^^^^^^^^^^^^^^^^^^^^^^^^^^^^^^^^^^^^^^^^^^^^^^^^^^^^^^^^^
sqlite3.OperationalError: duplicate column name: mac_address
2026-05-20 20:22:45 - huginn - DEBUG - Suppressed exception
Traceback (most recent call last):
  File "c:\Users\allie\Coding Projects\huggin_suite\huginn\app\core\asset_manager.py", line 115, in init_database
    conn.execute("ALTER TABLE assets ADD COLUMN vendor TEXT DEFAULT ''")
    ~~~~~~~~~~~~^^^^^^^^^^^^^^^^^^^^^^^^^^^^^^^^^^^^^^^^^^^^^^^^^^^^^^^^
sqlite3.OperationalError: duplicate column name: vendor
2026-05-20 20:22:45 - huginn - DEBUG - Suppressed exception
Traceback (most recent call last):
  File "c:\Users\allie\Coding Projects\huggin_suite\huginn\app\core\asset_manager.py", line 122, in init_database
    conn.execute("ALTER TABLE assets ADD COLUMN notes TEXT DEFAULT ''")
    ~~~~~~~~~~~~^^^^^^^^^^^^^^^^^^^^^^^^^^^^^^^^^^^^^^^^^^^^^^^^^^^^^^^
sqlite3.OperationalError: duplicate column name: notes
2026-05-20 20:22:45 - huginn - INFO - Using default configuration
2026-05-20 20:22:47 - huginn - INFO - License saved successfully
2026-05-20 20:22:47 - huginn - INFO - License loaded and validated successfully
2026-05-20 20:23:12 - huginn - DEBUG - Suppressed exception
Traceback (most recent call last):
  File "c:\Users\allie\Coding Projects\huggin_suite\huginn\app\core\asset_manager.py", line 101, in init_database
    conn.execute("ALTER TABLE assets ADD COLUMN fqdn TEXT DEFAULT ''")
    ~~~~~~~~~~~~^^^^^^^^^^^^^^^^^^^^^^^^^^^^^^^^^^^^^^^^^^^^^^^^^^^^^^
sqlite3.OperationalError: duplicate column name: fqdn
2026-05-20 20:23:12 - huginn - DEBUG - Suppressed exception
Traceback (most recent call last):
  File "c:\Users\allie\Coding Projects\huggin_suite\huginn\app\core\asset_manager.py", line 108, in init_database
    conn.execute("ALTER TABLE assets ADD COLUMN mac_address TEXT DEFAULT ''")
    ~~~~~~~~~~~~^^^^^^^^^^^^^^^^^^^^^^^^^^^^^^^^^^^^^^^^^^^^^^^^^^^^^^^^^^^^^
sqlite3.OperationalError: duplicate column name: mac_address
2026-05-20 20:23:12 - huginn - DEBUG - Suppressed exception
Traceback (most recent call last):
  File "c:\Users\allie\Coding Projects\huggin_suite\huginn\app\core\asset_manager.py", line 115, in init_database
    conn.execute("ALTER TABLE assets ADD COLUMN vendor TEXT DEFAULT ''")
    ~~~~~~~~~~~~^^^^^^^^^^^^^^^^^^^^^^^^^^^^^^^^^^^^^^^^^^^^^^^^^^^^^^^^
sqlite3.OperationalError: duplicate column name: vendor
2026-05-20 20:23:12 - huginn - DEBUG - Suppressed exception
Traceback (most recent call last):
  File "c:\Users\allie\Coding Projects\huggin_suite\huginn\app\core\asset_manager.py", line 122, in init_database
    conn.execute("ALTER TABLE assets ADD COLUMN notes TEXT DEFAULT ''")
    ~~~~~~~~~~~~^^^^^^^^^^^^^^^^^^^^^^^^^^^^^^^^^^^^^^^^^^^^^^^^^^^^^^^
sqlite3.OperationalError: duplicate column name: notes
2026-05-20 20:23:12 - huginn - INFO - Using default configuration
2026-05-20 20:23:15 - huginn - INFO - License saved successfully
2026-05-20 20:23:15 - huginn - INFO - License loaded and validated successfully
2026-05-20 20:26:06 - huginn - INFO - Local DNS server stopped
2026-05-20 20:26:06 - huginn - INFO - local_dns_server stopped
2026-05-20 20:26:06 - huginn - INFO - VPN connection terminated
2026-05-20 20:26:06 - huginn - INFO - vpn_manager disconnected
2026-05-20 20:26:06 - huginn - DEBUG - Memory monitoring stopped
2026-05-20 20:26:06 - huginn - DEBUG - Connection pool closed all sessions
2026-05-20 20:26:07 - huginn - INFO - Update manager stopped during cleanup
2026-05-20 20:26:10 - huginn - INFO - License saved successfully
2026-05-20 20:26:10 - huginn - INFO - License loaded and validated successfully
2026-05-20 20:26:10 - huginn - INFO - Application starting...
2026-05-20 20:26:10 - huginn - INFO - Font loaded successfully
2026-05-20 20:26:10 - huginn - INFO - Stylesheet loaded successfully
2026-05-20 20:26:10 - huginn - INFO - Creating main window...
2026-05-20 20:26:10 - huginn - INFO - QThreadPool max threads set to 32 (CPUs: 32)
2026-05-20 20:26:10 - huginn - INFO - Custom font 'Neuropol X' loaded from C:\Users\allie\Coding Projects\huggin_suite\huginn\resources\fonts\neuropol.otf
2026-05-20 20:26:10 - huginn - DEBUG - Suppressed exception
Traceback (most recent call last):
  File "C:\Users\allie\Coding Projects\huggin_suite\huginn\app\pages\page_registry.py", line 45, in register_all_pages
    from app.pages.db_attacks_page import DBAttacksPage
ImportError: cannot import name 'DBAttacksPage' from 'app.pages.db_attacks_page' (C:\Users\allie\Coding Projects\huggin_suite\huginn\app\pages\db_attacks_page.py)
2026-05-20 20:26:14 - huginn - DEBUG - Credentials loaded for profile 'Silentium'
2026-05-20 20:26:14 - huginn - DEBUG - Suppressed exception
Traceback (most recent call last):
  File "C:\Users\allie\Coding Projects\huggin_suite\huginn\app\core\scope_manager.py", line 62, in _parse_scope_text
    ipaddress.IPv4Address(item)
    ~~~~~~~~~~~~~~~~~~~~~^^^^^^
  File "C:\Users\allie\anaconda3\Lib\ipaddress.py", line 1319, in __init__
    self._ip = self._ip_int_from_string(addr_str)
               ~~~~~~~~~~~~~~~~~~~~~~~~^^^^^^^^^^
  File "C:\Users\allie\anaconda3\Lib\ipaddress.py", line 1206, in _ip_int_from_string
    raise AddressValueError("Expected 4 octets in %r" % ip_str)
ipaddress.AddressValueError: Expected 4 octets in 'silentium.htb'
2026-05-20 20:26:14 - huginn - DEBUG - Credentials loaded for profile 'Silentium'
2026-05-20 20:26:14 - huginn - DEBUG - Suppressed exception
Traceback (most recent call last):
  File "C:\Users\allie\Coding Projects\huggin_suite\huginn\app\core\scope_manager.py", line 62, in _parse_scope_text
    ipaddress.IPv4Address(item)
    ~~~~~~~~~~~~~~~~~~~~~^^^^^^
  File "C:\Users\allie\anaconda3\Lib\ipaddress.py", line 1319, in __init__
    self._ip = self._ip_int_from_string(addr_str)
               ~~~~~~~~~~~~~~~~~~~~~~~~^^^^^^^^^^
  File "C:\Users\allie\anaconda3\Lib\ipaddress.py", line 1206, in _ip_int_from_string
    raise AddressValueError("Expected 4 octets in %r" % ip_str)
ipaddress.AddressValueError: Expected 4 octets in 'silentium.htb'
2026-05-20 20:26:22 - huginn - INFO - VPN connection terminated
2026-05-20 20:26:22 - huginn - INFO - OpenVPN connection started with config: C:/Users/allie/Downloads/machines_au-1.ovpn
2026-05-20 20:26:22 - huginn - DEBUG - OpenVPN: 2026-05-20 20:26:22 Note: --data-ciphers-fallback with cipher 'AES-128-CBC' disables data channel offload.
2026-05-20 20:26:22 - huginn - DEBUG - OpenVPN: 2026-05-20 20:26:22 OpenVPN 2.6.14 [git:none/0169b4ad2bb35d2c] Windows [SSL (OpenSSL)] [LZO] [LZ4] [PKCS11] [AEAD] [DCO] built on Jun 19 2025
2026-05-20 20:26:22 - huginn - DEBUG - OpenVPN: 2026-05-20 20:26:22 Windows version 10.0 (Windows 10 or greater), amd64 executable
2026-05-20 20:26:22 - huginn - DEBUG - OpenVPN: 2026-05-20 20:26:22 library versions: OpenSSL 3.5.0 8 Apr 2025, LZO 2.10
2026-05-20 20:26:22 - huginn - DEBUG - OpenVPN: 2026-05-20 20:26:22 DCO version: N/A
2026-05-20 20:26:22 - huginn - DEBUG - OpenVPN: 2026-05-20 20:26:22 TCP/UDP: Preserving recently used remote address: [AF_INET]206.148.40.161:1337
2026-05-20 20:26:22 - huginn - DEBUG - OpenVPN: 2026-05-20 20:26:22 Socket Buffers: R=[65536->65536] S=[65536->65536]
2026-05-20 20:26:22 - huginn - DEBUG - OpenVPN: 2026-05-20 20:26:22 UDPv4 link local: (not bound)
2026-05-20 20:26:22 - huginn - DEBUG - OpenVPN: 2026-05-20 20:26:22 UDPv4 link remote: [AF_INET]206.148.40.161:1337
2026-05-20 20:26:22 - huginn - DEBUG - OpenVPN: 2026-05-20 20:26:22 TLS: Initial packet from [AF_INET]206.148.40.161:1337, sid=39f5383c 88f4a9da
2026-05-20 20:26:22 - huginn - DEBUG - OpenVPN: 2026-05-20 20:26:22 VERIFY OK: depth=2, C=GR, O=Hack The Box, OU=Systems, CN=HTB VPN: Root Certificate Authority
2026-05-20 20:26:22 - huginn - DEBUG - OpenVPN: 2026-05-20 20:26:22 VERIFY OK: depth=1, C=GR, O=Hack The Box, OU=Systems, CN=HTB VPN: au-free-1 Issuing CA
2026-05-20 20:26:22 - huginn - DEBUG - OpenVPN: 2026-05-20 20:26:22 VERIFY KU OK
2026-05-20 20:26:22 - huginn - DEBUG - OpenVPN: 2026-05-20 20:26:22 Validating certificate extended key usage
2026-05-20 20:26:22 - huginn - DEBUG - OpenVPN: 2026-05-20 20:26:22 ++ Certificate has EKU (str) TLS Web Client Authentication, expects TLS Web Server Authentication
2026-05-20 20:26:22 - huginn - DEBUG - OpenVPN: 2026-05-20 20:26:22 ++ Certificate has EKU (oid) 1.3.6.1.5.5.7.3.2, expects TLS Web Server Authentication
2026-05-20 20:26:22 - huginn - DEBUG - OpenVPN: 2026-05-20 20:26:22 ++ Certificate has EKU (str) TLS Web Server Authentication, expects TLS Web Server Authentication
2026-05-20 20:26:22 - huginn - DEBUG - OpenVPN: 2026-05-20 20:26:22 VERIFY EKU OK
2026-05-20 20:26:22 - huginn - DEBUG - OpenVPN: 2026-05-20 20:26:22 VERIFY OK: depth=0, C=GR, O=Hack The Box, OU=Systems, CN=au-free-1
2026-05-20 20:26:23 - huginn - DEBUG - OpenVPN: 2026-05-20 20:26:23 Control Channel: TLSv1.3, cipher TLSv1.3 TLS_AES_256_GCM_SHA384, peer certificate: 256 bits ED25519, signature: ED25519, peer temporary key: 253 bits X25519
2026-05-20 20:26:23 - huginn - DEBUG - OpenVPN: 2026-05-20 20:26:23 [au-free-1] Peer Connection Initiated with [AF_INET]206.148.40.161:1337
2026-05-20 20:26:23 - huginn - DEBUG - OpenVPN: 2026-05-20 20:26:23 TLS: move_session: dest=TM_ACTIVE src=TM_INITIAL reinit_src=1
2026-05-20 20:26:23 - huginn - DEBUG - OpenVPN: 2026-05-20 20:26:23 TLS: tls_multi_process: initial untrusted session promoted to trusted
2026-05-20 20:26:24 - huginn - DEBUG - OpenVPN: 2026-05-20 20:26:24 SENT CONTROL [au-free-1]: 'PUSH_REQUEST' (status=1)
2026-05-20 20:26:24 - huginn - DEBUG - OpenVPN: 2026-05-20 20:26:24 PUSH: Received control message: 'PUSH_REPLY,route 10.10.8.0 255.255.252.0,route 10.129.0.0 255.255.0.0,route-ipv6 dead:beef::/64,explicit-exit-notify,tun-ipv6,route-gateway 10.10.14.1,topology subnet,ping 10,ping-restart 120,ifconfig-ipv6 dead:beef:2::1016/64 dead:beef:2::1,ifconfig 10.10.14.24 255.255.254.0,peer-id 7,cipher AES-256-CBC,protocol-flags cc-exit tls-ekm dyn-tls-crypt,tun-mtu 1500'
2026-05-20 20:26:24 - huginn - INFO - VPN IP address assigned: 10.10.14.24
2026-05-20 20:26:24 - huginn - DEBUG - OpenVPN: 2026-05-20 20:26:24 OPTIONS IMPORT: --ifconfig/up options modified
2026-05-20 20:26:24 - huginn - DEBUG - OpenVPN: 2026-05-20 20:26:24 OPTIONS IMPORT: route options modified
2026-05-20 20:26:24 - huginn - DEBUG - OpenVPN: 2026-05-20 20:26:24 OPTIONS IMPORT: route-related options modified
2026-05-20 20:26:24 - huginn - DEBUG - OpenVPN: 2026-05-20 20:26:24 OPTIONS IMPORT: tun-mtu set to 1500
2026-05-20 20:26:24 - huginn - DEBUG - OpenVPN: 2026-05-20 20:26:24 interactive service msg_channel=0
2026-05-20 20:26:24 - huginn - DEBUG - OpenVPN: 2026-05-20 20:26:24 ROUTE_GATEWAY 192.168.1.1/255.255.255.0 I=23 HWADDR=88:d8:2e:79:0c:48
2026-05-20 20:26:24 - huginn - DEBUG - OpenVPN: 2026-05-20 20:26:24 GDG6: remote_host_ipv6=n/a
2026-05-20 20:26:24 - huginn - DEBUG - OpenVPN: 2026-05-20 20:26:24 NOTE: GetBestInterfaceEx returned error: Element not found.   (code=1168)
2026-05-20 20:26:24 - huginn - DEBUG - OpenVPN: 2026-05-20 20:26:24 ROUTE6: default_gateway=UNDEF
2026-05-20 20:26:24 - huginn - DEBUG - OpenVPN: 2026-05-20 20:26:24 open_tun
2026-05-20 20:26:24 - huginn - DEBUG - OpenVPN: 2026-05-20 20:26:24 tap-windows6 device [OpenVPN TAP-Windows6] opened
2026-05-20 20:26:24 - huginn - DEBUG - OpenVPN: 2026-05-20 20:26:24 TAP-Windows Driver Version 9.27
2026-05-20 20:26:24 - huginn - DEBUG - OpenVPN: 2026-05-20 20:26:24 Set TAP-Windows TUN subnet mode network/local/netmask = 10.10.14.0/10.10.14.24/255.255.254.0 [SUCCEEDED]
2026-05-20 20:26:24 - huginn - DEBUG - OpenVPN: 2026-05-20 20:26:24 Notified TAP-Windows driver to set a DHCP IP/netmask of 10.10.14.24/255.255.254.0 on interface {9624926F-3F6E-402F-BBEF-68BB8BB5B777} [DHCP-serv: 10.10.14.0, lease-time: 31536000]
2026-05-20 20:26:24 - huginn - DEBUG - OpenVPN: 2026-05-20 20:26:24 Successful ARP Flush on interface [18] {9624926F-3F6E-402F-BBEF-68BB8BB5B777}
2026-05-20 20:26:24 - huginn - DEBUG - OpenVPN: 2026-05-20 20:26:24 IPv4 MTU set to 1500 on interface 18 using SetIpInterfaceEntry()
2026-05-20 20:26:24 - huginn - DEBUG - OpenVPN: 2026-05-20 20:26:24 NETSH: C:\WINDOWS\system32\netsh.exe interface ipv6 set address 18 dead:beef:2::1016/128 store=active
2026-05-20 20:26:24 - huginn - DEBUG - OpenVPN: 2026-05-20 20:26:24 add_route_ipv6(dead:beef:2::/64 -> dead:beef:2::1016 metric 0) IF 18
2026-05-20 20:26:24 - huginn - DEBUG - OpenVPN: 2026-05-20 20:26:24 IPv6 route addition using ipapi failed because route exists
2026-05-20 20:26:24 - huginn - DEBUG - OpenVPN: 2026-05-20 20:26:24 NETSH: C:\WINDOWS\system32\netsh.exe interface ipv6 delete dns 18 all
2026-05-20 20:26:24 - huginn - DEBUG - OpenVPN: 2026-05-20 20:26:24 IPv6 MTU set to 1500 on interface 18 using SetIpInterfaceEntry()
2026-05-20 20:26:24 - huginn - DEBUG - OpenVPN: 2026-05-20 20:26:24 Data Channel: cipher 'AES-256-CBC', auth 'SHA256', peer-id: 7, compression: 'lzo'
2026-05-20 20:26:24 - huginn - DEBUG - OpenVPN: 2026-05-20 20:26:24 Timers: ping 10, ping-restart 120
2026-05-20 20:26:24 - huginn - DEBUG - OpenVPN: 2026-05-20 20:26:24 Protocol options: explicit-exit-notify 1, protocol-flags cc-exit tls-ekm dyn-tls-crypt
2026-05-20 20:26:30 - huginn - DEBUG - OpenVPN: 2026-05-20 20:26:30 TEST ROUTES: 2/2 succeeded len=2 ret=1 a=0 u/d=up
2026-05-20 20:26:30 - huginn - DEBUG - OpenVPN: 2026-05-20 20:26:30 C:\WINDOWS\system32\route.exe ADD 10.10.8.0 MASK 255.255.252.0 10.10.14.1
2026-05-20 20:26:30 - huginn - DEBUG - OpenVPN: 2026-05-20 20:26:30 Route addition via ipapi [adaptive] failed because route exists
2026-05-20 20:26:30 - huginn - DEBUG - OpenVPN: 2026-05-20 20:26:30 C:\WINDOWS\system32\route.exe ADD 10.129.0.0 MASK 255.255.0.0 10.10.14.1
2026-05-20 20:26:30 - huginn - DEBUG - OpenVPN: 2026-05-20 20:26:30 Route addition via ipapi [adaptive] failed because route exists
2026-05-20 20:26:30 - huginn - DEBUG - OpenVPN: 2026-05-20 20:26:30 add_route_ipv6(dead:beef::/64 -> dead:beef:2::1 metric -1) IF 18
2026-05-20 20:26:30 - huginn - DEBUG - OpenVPN: 2026-05-20 20:26:30 IPv6 route addition using ipapi failed because route exists
2026-05-20 20:26:30 - huginn - DEBUG - OpenVPN: 2026-05-20 20:26:30 Initialization Sequence Completed
2026-05-20 20:26:46 - huginn - INFO - DNS server changed to: LocalDNS
2026-05-20 20:26:47 - huginn - INFO - Local DNS server started on port 53530
2026-05-20 20:26:50 - huginn - DEBUG - Wireless security tab unavailable
Traceback (most recent call last):
  File "C:\Users\allie\Coding Projects\huggin_suite\huginn\app\pages\recon_enumeration_page.py", line 99, in setup_ui
    wireless_tab = WirelessSecurityWidget(self)
  File "C:\Users\allie\Coding Projects\huggin_suite\huginn\app\widgets\wireless_security_widget.py", line 52, in __init__
    self.connect_signals()
    ~~~~~~~~~~~~~~~~~~~~^^
  File "C:\Users\allie\Coding Projects\huggin_suite\huginn\app\widgets\wireless_security_widget.py", line 303, in connect_signals
    self.generate_report_btn.clicked.connect(self.generate_report)
    ^^^^^^^^^^^^^^^^^^^^^^^^
AttributeError: 'WirelessSecurityWidget' object has no attribute 'generate_report_btn'. Did you mean: 'generate_report'?
2026-05-20 20:27:17 - huginn - INFO - Using default configuration
2026-05-20 20:27:17 - huginn - DEBUG - Suppressed exception
Traceback (most recent call last):
  File "C:\Users\allie\Coding Projects\huggin_suite\huginn\app\core\asset_manager.py", line 101, in init_database
    conn.execute("ALTER TABLE assets ADD COLUMN fqdn TEXT DEFAULT ''")
    ~~~~~~~~~~~~^^^^^^^^^^^^^^^^^^^^^^^^^^^^^^^^^^^^^^^^^^^^^^^^^^^^^^
sqlite3.OperationalError: duplicate column name: fqdn
2026-05-20 20:27:17 - huginn - DEBUG - Suppressed exception
Traceback (most recent call last):
  File "C:\Users\allie\Coding Projects\huggin_suite\huginn\app\core\asset_manager.py", line 108, in init_database
    conn.execute("ALTER TABLE assets ADD COLUMN mac_address TEXT DEFAULT ''")
    ~~~~~~~~~~~~^^^^^^^^^^^^^^^^^^^^^^^^^^^^^^^^^^^^^^^^^^^^^^^^^^^^^^^^^^^^^
sqlite3.OperationalError: duplicate column name: mac_address
2026-05-20 20:27:17 - huginn - DEBUG - Suppressed exception
Traceback (most recent call last):
  File "C:\Users\allie\Coding Projects\huggin_suite\huginn\app\core\asset_manager.py", line 115, in init_database
    conn.execute("ALTER TABLE assets ADD COLUMN vendor TEXT DEFAULT ''")
    ~~~~~~~~~~~~^^^^^^^^^^^^^^^^^^^^^^^^^^^^^^^^^^^^^^^^^^^^^^^^^^^^^^^^
sqlite3.OperationalError: duplicate column name: vendor
2026-05-20 20:27:17 - huginn - DEBUG - Suppressed exception
Traceback (most recent call last):
  File "C:\Users\allie\Coding Projects\huggin_suite\huginn\app\core\asset_manager.py", line 122, in init_database
    conn.execute("ALTER TABLE assets ADD COLUMN notes TEXT DEFAULT ''")
    ~~~~~~~~~~~~^^^^^^^^^^^^^^^^^^^^^^^^^^^^^^^^^^^^^^^^^^^^^^^^^^^^^^^
sqlite3.OperationalError: duplicate column name: notes
2026-05-20 20:27:17 - huginn - DEBUG - Suppressed exception
Traceback (most recent call last):
  File "C:\Users\allie\Coding Projects\huggin_suite\huginn\app\core\dns_resolver.py", line 14, in resolve_hostname
    ipaddress.ip_address(hostname)
    ~~~~~~~~~~~~~~~~~~~~^^^^^^^^^^
  File "C:\Users\allie\anaconda3\Lib\ipaddress.py", line 54, in ip_address
    raise ValueError(f'{address!r} does not appear to be an IPv4 or IPv6 address')
ValueError: 'staging.silentium.htb' does not appear to be an IPv4 or IPv6 address
2026-05-20 20:47:23 - huginn - DEBUG - Suppressed exception
Traceback (most recent call last):
  File "c:\Users\allie\Coding Projects\huggin_suite\huginn\app\core\asset_manager.py", line 101, in init_database
    conn.execute("ALTER TABLE assets ADD COLUMN fqdn TEXT DEFAULT ''")
    ~~~~~~~~~~~~^^^^^^^^^^^^^^^^^^^^^^^^^^^^^^^^^^^^^^^^^^^^^^^^^^^^^^
sqlite3.OperationalError: duplicate column name: fqdn
2026-05-20 20:47:23 - huginn - DEBUG - Suppressed exception
Traceback (most recent call last):
  File "c:\Users\allie\Coding Projects\huggin_suite\huginn\app\core\asset_manager.py", line 108, in init_database
    conn.execute("ALTER TABLE assets ADD COLUMN mac_address TEXT DEFAULT ''")
    ~~~~~~~~~~~~^^^^^^^^^^^^^^^^^^^^^^^^^^^^^^^^^^^^^^^^^^^^^^^^^^^^^^^^^^^^^
sqlite3.OperationalError: duplicate column name: mac_address
2026-05-20 20:47:23 - huginn - DEBUG - Suppressed exception
Traceback (most recent call last):
  File "c:\Users\allie\Coding Projects\huggin_suite\huginn\app\core\asset_manager.py", line 115, in init_database
    conn.execute("ALTER TABLE assets ADD COLUMN vendor TEXT DEFAULT ''")
    ~~~~~~~~~~~~^^^^^^^^^^^^^^^^^^^^^^^^^^^^^^^^^^^^^^^^^^^^^^^^^^^^^^^^
sqlite3.OperationalError: duplicate column name: vendor
2026-05-20 20:47:23 - huginn - DEBUG - Suppressed exception
Traceback (most recent call last):
  File "c:\Users\allie\Coding Projects\huggin_suite\huginn\app\core\asset_manager.py", line 122, in init_database
    conn.execute("ALTER TABLE assets ADD COLUMN notes TEXT DEFAULT ''")
    ~~~~~~~~~~~~^^^^^^^^^^^^^^^^^^^^^^^^^^^^^^^^^^^^^^^^^^^^^^^^^^^^^^^
sqlite3.OperationalError: duplicate column name: notes
2026-05-20 20:47:23 - huginn - INFO - Using default configuration
2026-05-20 20:47:27 - huginn - INFO - License saved successfully
2026-05-20 20:47:27 - huginn - INFO - License loaded and validated successfully
2026-05-20 20:47:43 - huginn - DEBUG - Suppressed exception
Traceback (most recent call last):
  File "c:\Users\allie\Coding Projects\huggin_suite\huginn\app\core\asset_manager.py", line 101, in init_database
    conn.execute("ALTER TABLE assets ADD COLUMN fqdn TEXT DEFAULT ''")
    ~~~~~~~~~~~~^^^^^^^^^^^^^^^^^^^^^^^^^^^^^^^^^^^^^^^^^^^^^^^^^^^^^^
sqlite3.OperationalError: duplicate column name: fqdn
2026-05-20 20:47:43 - huginn - DEBUG - Suppressed exception
Traceback (most recent call last):
  File "c:\Users\allie\Coding Projects\huggin_suite\huginn\app\core\asset_manager.py", line 108, in init_database
    conn.execute("ALTER TABLE assets ADD COLUMN mac_address TEXT DEFAULT ''")
    ~~~~~~~~~~~~^^^^^^^^^^^^^^^^^^^^^^^^^^^^^^^^^^^^^^^^^^^^^^^^^^^^^^^^^^^^^
sqlite3.OperationalError: duplicate column name: mac_address
2026-05-20 20:47:43 - huginn - DEBUG - Suppressed exception
Traceback (most recent call last):
  File "c:\Users\allie\Coding Projects\huggin_suite\huginn\app\core\asset_manager.py", line 115, in init_database
    conn.execute("ALTER TABLE assets ADD COLUMN vendor TEXT DEFAULT ''")
    ~~~~~~~~~~~~^^^^^^^^^^^^^^^^^^^^^^^^^^^^^^^^^^^^^^^^^^^^^^^^^^^^^^^^
sqlite3.OperationalError: duplicate column name: vendor
2026-05-20 20:47:43 - huginn - DEBUG - Suppressed exception
Traceback (most recent call last):
  File "c:\Users\allie\Coding Projects\huggin_suite\huginn\app\core\asset_manager.py", line 122, in init_database
    conn.execute("ALTER TABLE assets ADD COLUMN notes TEXT DEFAULT ''")
    ~~~~~~~~~~~~^^^^^^^^^^^^^^^^^^^^^^^^^^^^^^^^^^^^^^^^^^^^^^^^^^^^^^^
sqlite3.OperationalError: duplicate column name: notes
2026-05-20 20:47:43 - huginn - INFO - Using default configuration
2026-05-20 20:47:48 - huginn - INFO - License saved successfully
2026-05-20 20:47:48 - huginn - INFO - License loaded and validated successfully
2026-05-20 20:48:07 - huginn - DEBUG - Suppressed exception
Traceback (most recent call last):
  File "c:\Users\allie\Coding Projects\huggin_suite\huginn\app\core\asset_manager.py", line 101, in init_database
    conn.execute("ALTER TABLE assets ADD COLUMN fqdn TEXT DEFAULT ''")
    ~~~~~~~~~~~~^^^^^^^^^^^^^^^^^^^^^^^^^^^^^^^^^^^^^^^^^^^^^^^^^^^^^^
sqlite3.OperationalError: duplicate column name: fqdn
2026-05-20 20:48:07 - huginn - DEBUG - Suppressed exception
Traceback (most recent call last):
  File "c:\Users\allie\Coding Projects\huggin_suite\huginn\app\core\asset_manager.py", line 108, in init_database
    conn.execute("ALTER TABLE assets ADD COLUMN mac_address TEXT DEFAULT ''")
    ~~~~~~~~~~~~^^^^^^^^^^^^^^^^^^^^^^^^^^^^^^^^^^^^^^^^^^^^^^^^^^^^^^^^^^^^^
sqlite3.OperationalError: duplicate column name: mac_address
2026-05-20 20:48:07 - huginn - DEBUG - Suppressed exception
Traceback (most recent call last):
  File "c:\Users\allie\Coding Projects\huggin_suite\huginn\app\core\asset_manager.py", line 115, in init_database
    conn.execute("ALTER TABLE assets ADD COLUMN vendor TEXT DEFAULT ''")
    ~~~~~~~~~~~~^^^^^^^^^^^^^^^^^^^^^^^^^^^^^^^^^^^^^^^^^^^^^^^^^^^^^^^^
sqlite3.OperationalError: duplicate column name: vendor
2026-05-20 20:48:07 - huginn - DEBUG - Suppressed exception
Traceback (most recent call last):
  File "c:\Users\allie\Coding Projects\huggin_suite\huginn\app\core\asset_manager.py", line 122, in init_database
    conn.execute("ALTER TABLE assets ADD COLUMN notes TEXT DEFAULT ''")
    ~~~~~~~~~~~~^^^^^^^^^^^^^^^^^^^^^^^^^^^^^^^^^^^^^^^^^^^^^^^^^^^^^^^
sqlite3.OperationalError: duplicate column name: notes
2026-05-20 20:48:07 - huginn - INFO - Using default configuration
2026-05-20 20:48:11 - huginn - INFO - License saved successfully
2026-05-20 20:48:11 - huginn - INFO - License loaded and validated successfully
2026-05-20 20:48:15 - huginn - DEBUG - Suppressed exception
Traceback (most recent call last):
  File "c:\Users\allie\Coding Projects\huggin_suite\huginn\app\core\asset_manager.py", line 101, in init_database
    conn.execute("ALTER TABLE assets ADD COLUMN fqdn TEXT DEFAULT ''")
    ~~~~~~~~~~~~^^^^^^^^^^^^^^^^^^^^^^^^^^^^^^^^^^^^^^^^^^^^^^^^^^^^^^
sqlite3.OperationalError: duplicate column name: fqdn
2026-05-20 20:48:15 - huginn - DEBUG - Suppressed exception
Traceback (most recent call last):
  File "c:\Users\allie\Coding Projects\huggin_suite\huginn\app\core\asset_manager.py", line 108, in init_database
    conn.execute("ALTER TABLE assets ADD COLUMN mac_address TEXT DEFAULT ''")
    ~~~~~~~~~~~~^^^^^^^^^^^^^^^^^^^^^^^^^^^^^^^^^^^^^^^^^^^^^^^^^^^^^^^^^^^^^
sqlite3.OperationalError: duplicate column name: mac_address
2026-05-20 20:48:15 - huginn - DEBUG - Suppressed exception
Traceback (most recent call last):
  File "c:\Users\allie\Coding Projects\huggin_suite\huginn\app\core\asset_manager.py", line 115, in init_database
    conn.execute("ALTER TABLE assets ADD COLUMN vendor TEXT DEFAULT ''")
    ~~~~~~~~~~~~^^^^^^^^^^^^^^^^^^^^^^^^^^^^^^^^^^^^^^^^^^^^^^^^^^^^^^^^
sqlite3.OperationalError: duplicate column name: vendor
2026-05-20 20:48:15 - huginn - DEBUG - Suppressed exception
Traceback (most recent call last):
  File "c:\Users\allie\Coding Projects\huggin_suite\huginn\app\core\asset_manager.py", line 122, in init_database
    conn.execute("ALTER TABLE assets ADD COLUMN notes TEXT DEFAULT ''")
    ~~~~~~~~~~~~^^^^^^^^^^^^^^^^^^^^^^^^^^^^^^^^^^^^^^^^^^^^^^^^^^^^^^^
sqlite3.OperationalError: duplicate column name: notes
2026-05-20 20:48:15 - huginn - INFO - Using default configuration
2026-05-20 20:48:20 - huginn - INFO - License saved successfully
2026-05-20 20:48:20 - huginn - INFO - License loaded and validated successfully
2026-05-20 20:48:24 - huginn - DEBUG - Suppressed exception
Traceback (most recent call last):
  File "c:\Users\allie\Coding Projects\huggin_suite\huginn\app\core\asset_manager.py", line 101, in init_database
    conn.execute("ALTER TABLE assets ADD COLUMN fqdn TEXT DEFAULT ''")
    ~~~~~~~~~~~~^^^^^^^^^^^^^^^^^^^^^^^^^^^^^^^^^^^^^^^^^^^^^^^^^^^^^^
sqlite3.OperationalError: duplicate column name: fqdn
2026-05-20 20:48:24 - huginn - DEBUG - Suppressed exception
Traceback (most recent call last):
  File "c:\Users\allie\Coding Projects\huggin_suite\huginn\app\core\asset_manager.py", line 108, in init_database
    conn.execute("ALTER TABLE assets ADD COLUMN mac_address TEXT DEFAULT ''")
    ~~~~~~~~~~~~^^^^^^^^^^^^^^^^^^^^^^^^^^^^^^^^^^^^^^^^^^^^^^^^^^^^^^^^^^^^^
sqlite3.OperationalError: duplicate column name: mac_address
2026-05-20 20:48:24 - huginn - DEBUG - Suppressed exception
Traceback (most recent call last):
  File "c:\Users\allie\Coding Projects\huggin_suite\huginn\app\core\asset_manager.py", line 115, in init_database
    conn.execute("ALTER TABLE assets ADD COLUMN vendor TEXT DEFAULT ''")
    ~~~~~~~~~~~~^^^^^^^^^^^^^^^^^^^^^^^^^^^^^^^^^^^^^^^^^^^^^^^^^^^^^^^^
sqlite3.OperationalError: duplicate column name: vendor
2026-05-20 20:48:24 - huginn - DEBUG - Suppressed exception
Traceback (most recent call last):
  File "c:\Users\allie\Coding Projects\huggin_suite\huginn\app\core\asset_manager.py", line 122, in init_database
    conn.execute("ALTER TABLE assets ADD COLUMN notes TEXT DEFAULT ''")
    ~~~~~~~~~~~~^^^^^^^^^^^^^^^^^^^^^^^^^^^^^^^^^^^^^^^^^^^^^^^^^^^^^^^
sqlite3.OperationalError: duplicate column name: notes
2026-05-20 20:48:24 - huginn - INFO - Using default configuration
2026-05-20 20:48:28 - huginn - INFO - License saved successfully
2026-05-20 20:48:28 - huginn - INFO - License loaded and validated successfully
2026-05-20 20:48:35 - huginn - DEBUG - Suppressed exception
Traceback (most recent call last):
  File "c:\Users\allie\Coding Projects\huggin_suite\huginn\app\core\asset_manager.py", line 101, in init_database
    conn.execute("ALTER TABLE assets ADD COLUMN fqdn TEXT DEFAULT ''")
    ~~~~~~~~~~~~^^^^^^^^^^^^^^^^^^^^^^^^^^^^^^^^^^^^^^^^^^^^^^^^^^^^^^
sqlite3.OperationalError: duplicate column name: fqdn
2026-05-20 20:48:35 - huginn - DEBUG - Suppressed exception
Traceback (most recent call last):
  File "c:\Users\allie\Coding Projects\huggin_suite\huginn\app\core\asset_manager.py", line 108, in init_database
    conn.execute("ALTER TABLE assets ADD COLUMN mac_address TEXT DEFAULT ''")
    ~~~~~~~~~~~~^^^^^^^^^^^^^^^^^^^^^^^^^^^^^^^^^^^^^^^^^^^^^^^^^^^^^^^^^^^^^
sqlite3.OperationalError: duplicate column name: mac_address
2026-05-20 20:48:35 - huginn - DEBUG - Suppressed exception
Traceback (most recent call last):
  File "c:\Users\allie\Coding Projects\huggin_suite\huginn\app\core\asset_manager.py", line 115, in init_database
    conn.execute("ALTER TABLE assets ADD COLUMN vendor TEXT DEFAULT ''")
    ~~~~~~~~~~~~^^^^^^^^^^^^^^^^^^^^^^^^^^^^^^^^^^^^^^^^^^^^^^^^^^^^^^^^
sqlite3.OperationalError: duplicate column name: vendor
2026-05-20 20:48:35 - huginn - DEBUG - Suppressed exception
Traceback (most recent call last):
  File "c:\Users\allie\Coding Projects\huggin_suite\huginn\app\core\asset_manager.py", line 122, in init_database
    conn.execute("ALTER TABLE assets ADD COLUMN notes TEXT DEFAULT ''")
    ~~~~~~~~~~~~^^^^^^^^^^^^^^^^^^^^^^^^^^^^^^^^^^^^^^^^^^^^^^^^^^^^^^^
sqlite3.OperationalError: duplicate column name: notes
2026-05-20 20:48:35 - huginn - INFO - Using default configuration
2026-05-20 20:48:40 - huginn - INFO - License saved successfully
2026-05-20 20:48:40 - huginn - INFO - License loaded and validated successfully
2026-05-20 20:55:31 - huginn - DEBUG - Suppressed exception
Traceback (most recent call last):
  File "c:\Users\allie\Coding Projects\huggin_suite\huginn\app\core\asset_manager.py", line 101, in init_database
    conn.execute("ALTER TABLE assets ADD COLUMN fqdn TEXT DEFAULT ''")
    ~~~~~~~~~~~~^^^^^^^^^^^^^^^^^^^^^^^^^^^^^^^^^^^^^^^^^^^^^^^^^^^^^^
sqlite3.OperationalError: duplicate column name: fqdn
2026-05-20 20:55:31 - huginn - DEBUG - Suppressed exception
Traceback (most recent call last):
  File "c:\Users\allie\Coding Projects\huggin_suite\huginn\app\core\asset_manager.py", line 108, in init_database
    conn.execute("ALTER TABLE assets ADD COLUMN mac_address TEXT DEFAULT ''")
    ~~~~~~~~~~~~^^^^^^^^^^^^^^^^^^^^^^^^^^^^^^^^^^^^^^^^^^^^^^^^^^^^^^^^^^^^^
sqlite3.OperationalError: duplicate column name: mac_address
2026-05-20 20:55:31 - huginn - DEBUG - Suppressed exception
Traceback (most recent call last):
  File "c:\Users\allie\Coding Projects\huggin_suite\huginn\app\core\asset_manager.py", line 115, in init_database
    conn.execute("ALTER TABLE assets ADD COLUMN vendor TEXT DEFAULT ''")
    ~~~~~~~~~~~~^^^^^^^^^^^^^^^^^^^^^^^^^^^^^^^^^^^^^^^^^^^^^^^^^^^^^^^^
sqlite3.OperationalError: duplicate column name: vendor
2026-05-20 20:55:31 - huginn - DEBUG - Suppressed exception
Traceback (most recent call last):
  File "c:\Users\allie\Coding Projects\huggin_suite\huginn\app\core\asset_manager.py", line 122, in init_database
    conn.execute("ALTER TABLE assets ADD COLUMN notes TEXT DEFAULT ''")
    ~~~~~~~~~~~~^^^^^^^^^^^^^^^^^^^^^^^^^^^^^^^^^^^^^^^^^^^^^^^^^^^^^^^
sqlite3.OperationalError: duplicate column name: notes
2026-05-20 20:55:31 - huginn - INFO - Using default configuration
2026-05-20 20:55:35 - huginn - INFO - License saved successfully
2026-05-20 20:55:35 - huginn - INFO - License loaded and validated successfully
2026-05-20 20:57:28 - huginn - INFO - Local DNS server stopped
2026-05-20 20:57:28 - huginn - INFO - local_dns_server stopped
2026-05-20 20:57:29 - huginn - INFO - VPN connection terminated
2026-05-20 20:57:29 - huginn - INFO - vpn_manager disconnected
2026-05-20 20:57:29 - huginn - DEBUG - Memory monitoring stopped
2026-05-20 20:57:29 - huginn - DEBUG - Connection pool closed all sessions
2026-05-20 20:57:29 - huginn - INFO - Update manager stopped during cleanup
2026-05-20 20:57:32 - huginn - INFO - License saved successfully
2026-05-20 20:57:32 - huginn - INFO - License loaded and validated successfully
2026-05-20 20:57:32 - huginn - INFO - Application starting...
2026-05-20 20:57:32 - huginn - INFO - Font loaded successfully
2026-05-20 20:57:32 - huginn - INFO - Stylesheet loaded successfully
2026-05-20 20:57:32 - huginn - INFO - Creating main window...
2026-05-20 20:57:32 - huginn - INFO - QThreadPool max threads set to 32 (CPUs: 32)
2026-05-20 20:57:32 - huginn - INFO - Custom font 'Neuropol X' loaded from C:\Users\allie\Coding Projects\huggin_suite\huginn\resources\fonts\neuropol.otf
2026-05-20 20:57:32 - huginn - DEBUG - Suppressed exception
Traceback (most recent call last):
  File "C:\Users\allie\Coding Projects\huggin_suite\huginn\app\pages\page_registry.py", line 45, in register_all_pages
    from app.pages.db_attacks_page import DBAttacksPage
ImportError: cannot import name 'DBAttacksPage' from 'app.pages.db_attacks_page' (C:\Users\allie\Coding Projects\huggin_suite\huginn\app\pages\db_attacks_page.py)
2026-05-20 20:57:55 - huginn - INFO - License saved successfully
2026-05-20 20:57:55 - huginn - INFO - License loaded and validated successfully
2026-05-20 20:57:56 - huginn - INFO - Application starting...
2026-05-20 20:57:56 - huginn - INFO - Font loaded successfully
2026-05-20 20:57:56 - huginn - INFO - Stylesheet loaded successfully
2026-05-20 20:57:56 - huginn - INFO - Creating main window...
2026-05-20 20:57:56 - huginn - INFO - QThreadPool max threads set to 32 (CPUs: 32)
2026-05-20 20:57:56 - huginn - INFO - Custom font 'Neuropol X' loaded from C:\Users\allie\Coding Projects\huggin_suite\huginn\resources\fonts\neuropol.otf
2026-05-20 20:57:56 - huginn - DEBUG - Suppressed exception
Traceback (most recent call last):
  File "C:\Users\allie\Coding Projects\huggin_suite\huginn\app\pages\page_registry.py", line 45, in register_all_pages
    from app.pages.db_attacks_page import DBAttacksPage
ImportError: cannot import name 'DBAttacksPage' from 'app.pages.db_attacks_page' (C:\Users\allie\Coding Projects\huggin_suite\huginn\app\pages\db_attacks_page.py)
2026-05-20 20:58:30 - huginn - DEBUG - Memory monitoring stopped
2026-05-20 20:58:30 - huginn - DEBUG - Connection pool closed all sessions
2026-05-20 20:58:30 - huginn - INFO - Update manager stopped during cleanup
2026-05-20 20:58:33 - huginn - INFO - License saved successfully
2026-05-20 20:58:33 - huginn - INFO - License loaded and validated successfully
2026-05-20 20:58:33 - huginn - INFO - Application starting...
2026-05-20 20:58:33 - huginn - INFO - Font loaded successfully
2026-05-20 20:58:33 - huginn - INFO - Stylesheet loaded successfully
2026-05-20 20:58:33 - huginn - INFO - Creating main window...
2026-05-20 20:58:33 - huginn - INFO - QThreadPool max threads set to 32 (CPUs: 32)
2026-05-20 20:58:33 - huginn - INFO - Custom font 'Neuropol X' loaded from C:\Users\allie\Coding Projects\huggin_suite\huginn\resources\fonts\neuropol.otf
2026-05-20 20:58:33 - huginn - DEBUG - Suppressed exception
Traceback (most recent call last):
  File "C:\Users\allie\Coding Projects\huggin_suite\huginn\app\pages\page_registry.py", line 45, in register_all_pages
    from app.pages.db_attacks_page import DBAttacksPage
ImportError: cannot import name 'DBAttacksPage' from 'app.pages.db_attacks_page' (C:\Users\allie\Coding Projects\huggin_suite\huginn\app\pages\db_attacks_page.py)
2026-05-20 20:59:13 - huginn - DEBUG - Memory monitoring stopped
2026-05-20 20:59:13 - huginn - DEBUG - Connection pool closed all sessions
2026-05-20 20:59:13 - huginn - INFO - Update manager stopped during cleanup
2026-05-20 20:59:14 - huginn - INFO - License saved successfully
2026-05-20 20:59:14 - huginn - INFO - License loaded and validated successfully
2026-05-20 20:59:14 - huginn - INFO - Application starting...
2026-05-20 20:59:14 - huginn - INFO - Font loaded successfully
2026-05-20 20:59:14 - huginn - INFO - Stylesheet loaded successfully
2026-05-20 20:59:14 - huginn - INFO - Creating main window...
2026-05-20 20:59:14 - huginn - INFO - QThreadPool max threads set to 32 (CPUs: 32)
2026-05-20 20:59:14 - huginn - INFO - Custom font 'Neuropol X' loaded from C:\Users\allie\Coding Projects\huggin_suite\huginn\resources\fonts\neuropol.otf
2026-05-20 20:59:14 - huginn - DEBUG - Suppressed exception
Traceback (most recent call last):
  File "C:\Users\allie\Coding Projects\huggin_suite\huginn\app\pages\page_registry.py", line 45, in register_all_pages
    from app.pages.db_attacks_page import DBAttacksPage
ImportError: cannot import name 'DBAttacksPage' from 'app.pages.db_attacks_page' (C:\Users\allie\Coding Projects\huggin_suite\huginn\app\pages\db_attacks_page.py)
2026-05-20 20:59:26 - huginn - DEBUG - Memory monitoring stopped
2026-05-20 20:59:26 - huginn - DEBUG - Connection pool closed all sessions
2026-05-20 20:59:26 - huginn - INFO - Update manager stopped during cleanup
2026-05-20 21:01:24 - huginn - INFO - License saved successfully
2026-05-20 21:01:24 - huginn - INFO - License loaded and validated successfully
2026-05-20 21:01:24 - huginn - INFO - Application starting...
2026-05-20 21:01:24 - huginn - INFO - Font loaded successfully
2026-05-20 21:01:24 - huginn - INFO - Stylesheet loaded successfully
2026-05-20 21:01:24 - huginn - INFO - Creating main window...
2026-05-20 21:01:24 - huginn - INFO - QThreadPool max threads set to 32 (CPUs: 32)
2026-05-20 21:01:24 - huginn - INFO - Custom font 'Neuropol X' loaded from C:\Users\allie\Coding Projects\huggin_suite\huginn\resources\fonts\neuropol.otf
2026-05-20 21:01:24 - huginn - DEBUG - Suppressed exception
Traceback (most recent call last):
  File "C:\Users\allie\Coding Projects\huggin_suite\huginn\app\pages\page_registry.py", line 45, in register_all_pages
    from app.pages.db_attacks_page import DBAttacksPage
ImportError: cannot import name 'DBAttacksPage' from 'app.pages.db_attacks_page' (C:\Users\allie\Coding Projects\huggin_suite\huginn\app\pages\db_attacks_page.py)
2026-05-20 21:01:32 - huginn - DEBUG - Memory monitoring stopped
2026-05-20 21:01:32 - huginn - DEBUG - Connection pool closed all sessions
2026-05-20 21:01:32 - huginn - INFO - Update manager stopped during cleanup
2026-05-20 21:01:34 - huginn - INFO - License saved successfully
2026-05-20 21:01:34 - huginn - INFO - License loaded and validated successfully
2026-05-20 21:01:34 - huginn - INFO - Application starting...
2026-05-20 21:01:34 - huginn - INFO - Font loaded successfully
2026-05-20 21:01:34 - huginn - INFO - Stylesheet loaded successfully
2026-05-20 21:01:34 - huginn - INFO - Creating main window...
2026-05-20 21:01:34 - huginn - INFO - QThreadPool max threads set to 32 (CPUs: 32)
2026-05-20 21:01:34 - huginn - INFO - Custom font 'Neuropol X' loaded from C:\Users\allie\Coding Projects\huggin_suite\huginn\resources\fonts\neuropol.otf
2026-05-20 21:01:34 - huginn - DEBUG - Suppressed exception
Traceback (most recent call last):
  File "C:\Users\allie\Coding Projects\huggin_suite\huginn\app\pages\page_registry.py", line 45, in register_all_pages
    from app.pages.db_attacks_page import DBAttacksPage
ImportError: cannot import name 'DBAttacksPage' from 'app.pages.db_attacks_page' (C:\Users\allie\Coding Projects\huggin_suite\huginn\app\pages\db_attacks_page.py)
2026-05-20 21:01:41 - huginn - DEBUG - Memory monitoring stopped
2026-05-20 21:01:41 - huginn - DEBUG - Connection pool closed all sessions
2026-05-20 21:01:41 - huginn - INFO - Update manager stopped during cleanup
2026-05-20 21:02:11 - huginn - INFO - License saved successfully
2026-05-20 21:02:11 - huginn - INFO - License loaded and validated successfully
2026-05-20 21:02:11 - huginn - INFO - Application starting...
2026-05-20 21:02:11 - huginn - INFO - Font loaded successfully
2026-05-20 21:02:11 - huginn - INFO - Stylesheet loaded successfully
2026-05-20 21:02:11 - huginn - INFO - Creating main window...
2026-05-20 21:02:11 - huginn - INFO - QThreadPool max threads set to 32 (CPUs: 32)
2026-05-20 21:02:11 - huginn - INFO - Custom font 'Neuropol X' loaded from C:\Users\allie\Coding Projects\huggin_suite\huginn\resources\fonts\neuropol.otf
2026-05-20 21:02:11 - huginn - DEBUG - Suppressed exception
Traceback (most recent call last):
  File "C:\Users\allie\Coding Projects\huggin_suite\huginn\app\pages\page_registry.py", line 45, in register_all_pages
    from app.pages.db_attacks_page import DBAttacksPage
ImportError: cannot import name 'DBAttacksPage' from 'app.pages.db_attacks_page' (C:\Users\allie\Coding Projects\huggin_suite\huginn\app\pages\db_attacks_page.py)
2026-05-20 21:02:29 - huginn - DEBUG - Memory monitoring stopped
2026-05-20 21:02:29 - huginn - DEBUG - Connection pool closed all sessions
2026-05-20 21:02:29 - huginn - INFO - Update manager stopped during cleanup
2026-05-20 21:02:47 - huginn - INFO - License saved successfully
2026-05-20 21:02:47 - huginn - INFO - License loaded and validated successfully
2026-05-20 21:02:47 - huginn - INFO - Application starting...
2026-05-20 21:02:47 - huginn - INFO - Font loaded successfully
2026-05-20 21:02:47 - huginn - INFO - Stylesheet loaded successfully
2026-05-20 21:02:47 - huginn - INFO - Creating main window...
2026-05-20 21:02:47 - huginn - INFO - QThreadPool max threads set to 32 (CPUs: 32)
2026-05-20 21:02:47 - huginn - INFO - Custom font 'Neuropol X' loaded from C:\Users\allie\Coding Projects\huggin_suite\huginn\resources\fonts\neuropol.otf
2026-05-20 21:02:47 - huginn - DEBUG - Suppressed exception
Traceback (most recent call last):
  File "C:\Users\allie\Coding Projects\huggin_suite\huginn\app\pages\page_registry.py", line 45, in register_all_pages
    from app.pages.db_attacks_page import DBAttacksPage
ImportError: cannot import name 'DBAttacksPage' from 'app.pages.db_attacks_page' (C:\Users\allie\Coding Projects\huggin_suite\huginn\app\pages\db_attacks_page.py)
2026-05-20 21:02:51 - huginn - DEBUG - Credentials loaded for profile 'Silentium'
2026-05-20 21:02:51 - huginn - DEBUG - Suppressed exception
Traceback (most recent call last):
  File "C:\Users\allie\Coding Projects\huggin_suite\huginn\app\core\scope_manager.py", line 62, in _parse_scope_text
    ipaddress.IPv4Address(item)
    ~~~~~~~~~~~~~~~~~~~~~^^^^^^
  File "C:\Users\allie\anaconda3\Lib\ipaddress.py", line 1319, in __init__
    self._ip = self._ip_int_from_string(addr_str)
               ~~~~~~~~~~~~~~~~~~~~~~~~^^^^^^^^^^
  File "C:\Users\allie\anaconda3\Lib\ipaddress.py", line 1206, in _ip_int_from_string
    raise AddressValueError("Expected 4 octets in %r" % ip_str)
ipaddress.AddressValueError: Expected 4 octets in 'silentium.htb'
2026-05-20 21:02:51 - huginn - DEBUG - Credentials loaded for profile 'Silentium'
2026-05-20 21:02:51 - huginn - DEBUG - Suppressed exception
Traceback (most recent call last):
  File "C:\Users\allie\Coding Projects\huggin_suite\huginn\app\core\scope_manager.py", line 62, in _parse_scope_text
    ipaddress.IPv4Address(item)
    ~~~~~~~~~~~~~~~~~~~~~^^^^^^
  File "C:\Users\allie\anaconda3\Lib\ipaddress.py", line 1319, in __init__
    self._ip = self._ip_int_from_string(addr_str)
               ~~~~~~~~~~~~~~~~~~~~~~~~^^^^^^^^^^
  File "C:\Users\allie\anaconda3\Lib\ipaddress.py", line 1206, in _ip_int_from_string
    raise AddressValueError("Expected 4 octets in %r" % ip_str)
ipaddress.AddressValueError: Expected 4 octets in 'silentium.htb'
2026-05-20 21:02:59 - huginn - INFO - VPN connection terminated
2026-05-20 21:02:59 - huginn - INFO - OpenVPN connection started with config: C:/Users/allie/Downloads/machines_au-1.ovpn
2026-05-20 21:02:59 - huginn - DEBUG - OpenVPN: 2026-05-20 21:02:59 Note: --data-ciphers-fallback with cipher 'AES-128-CBC' disables data channel offload.
2026-05-20 21:02:59 - huginn - DEBUG - OpenVPN: 2026-05-20 21:02:59 OpenVPN 2.6.14 [git:none/0169b4ad2bb35d2c] Windows [SSL (OpenSSL)] [LZO] [LZ4] [PKCS11] [AEAD] [DCO] built on Jun 19 2025
2026-05-20 21:02:59 - huginn - DEBUG - OpenVPN: 2026-05-20 21:02:59 Windows version 10.0 (Windows 10 or greater), amd64 executable
2026-05-20 21:02:59 - huginn - DEBUG - OpenVPN: 2026-05-20 21:02:59 library versions: OpenSSL 3.5.0 8 Apr 2025, LZO 2.10
2026-05-20 21:02:59 - huginn - DEBUG - OpenVPN: 2026-05-20 21:02:59 DCO version: N/A
2026-05-20 21:02:59 - huginn - DEBUG - OpenVPN: 2026-05-20 21:02:59 TCP/UDP: Preserving recently used remote address: [AF_INET]206.148.40.161:1337
2026-05-20 21:02:59 - huginn - DEBUG - OpenVPN: 2026-05-20 21:02:59 Socket Buffers: R=[65536->65536] S=[65536->65536]
2026-05-20 21:02:59 - huginn - DEBUG - OpenVPN: 2026-05-20 21:02:59 UDPv4 link local: (not bound)
2026-05-20 21:02:59 - huginn - DEBUG - OpenVPN: 2026-05-20 21:02:59 UDPv4 link remote: [AF_INET]206.148.40.161:1337
2026-05-20 21:02:59 - huginn - DEBUG - OpenVPN: 2026-05-20 21:02:59 TLS: Initial packet from [AF_INET]206.148.40.161:1337, sid=f574a2ff b3a6740c
2026-05-20 21:02:59 - huginn - DEBUG - OpenVPN: 2026-05-20 21:02:59 VERIFY OK: depth=2, C=GR, O=Hack The Box, OU=Systems, CN=HTB VPN: Root Certificate Authority
2026-05-20 21:02:59 - huginn - DEBUG - OpenVPN: 2026-05-20 21:02:59 VERIFY OK: depth=1, C=GR, O=Hack The Box, OU=Systems, CN=HTB VPN: au-free-1 Issuing CA
2026-05-20 21:02:59 - huginn - DEBUG - OpenVPN: 2026-05-20 21:02:59 VERIFY KU OK
2026-05-20 21:02:59 - huginn - DEBUG - OpenVPN: 2026-05-20 21:02:59 Validating certificate extended key usage
2026-05-20 21:02:59 - huginn - DEBUG - OpenVPN: 2026-05-20 21:02:59 ++ Certificate has EKU (str) TLS Web Client Authentication, expects TLS Web Server Authentication
2026-05-20 21:02:59 - huginn - DEBUG - OpenVPN: 2026-05-20 21:02:59 ++ Certificate has EKU (oid) 1.3.6.1.5.5.7.3.2, expects TLS Web Server Authentication
2026-05-20 21:02:59 - huginn - DEBUG - OpenVPN: 2026-05-20 21:02:59 ++ Certificate has EKU (str) TLS Web Server Authentication, expects TLS Web Server Authentication
2026-05-20 21:02:59 - huginn - DEBUG - OpenVPN: 2026-05-20 21:02:59 VERIFY EKU OK
2026-05-20 21:02:59 - huginn - DEBUG - OpenVPN: 2026-05-20 21:02:59 VERIFY OK: depth=0, C=GR, O=Hack The Box, OU=Systems, CN=au-free-1
2026-05-20 21:03:00 - huginn - DEBUG - OpenVPN: 2026-05-20 21:03:00 Control Channel: TLSv1.3, cipher TLSv1.3 TLS_AES_256_GCM_SHA384, peer certificate: 256 bits ED25519, signature: ED25519, peer temporary key: 253 bits X25519
2026-05-20 21:03:00 - huginn - DEBUG - OpenVPN: 2026-05-20 21:03:00 [au-free-1] Peer Connection Initiated with [AF_INET]206.148.40.161:1337
2026-05-20 21:03:00 - huginn - DEBUG - OpenVPN: 2026-05-20 21:03:00 TLS: move_session: dest=TM_ACTIVE src=TM_INITIAL reinit_src=1
2026-05-20 21:03:00 - huginn - DEBUG - OpenVPN: 2026-05-20 21:03:00 TLS: tls_multi_process: initial untrusted session promoted to trusted
2026-05-20 21:03:00 - huginn - DEBUG - OpenVPN: 2026-05-20 21:03:00 PUSH: Received control message: 'PUSH_REPLY,route 10.10.8.0 255.255.252.0,route 10.129.0.0 255.255.0.0,route-ipv6 dead:beef::/64,explicit-exit-notify,tun-ipv6,route-gateway 10.10.14.1,topology subnet,ping 10,ping-restart 120,ifconfig-ipv6 dead:beef:2::1016/64 dead:beef:2::1,ifconfig 10.10.14.24 255.255.254.0,peer-id 7,cipher AES-256-CBC,protocol-flags cc-exit tls-ekm dyn-tls-crypt,tun-mtu 1500'
2026-05-20 21:03:00 - huginn - INFO - VPN IP address assigned: 10.10.14.24
2026-05-20 21:03:00 - huginn - DEBUG - OpenVPN: 2026-05-20 21:03:00 OPTIONS IMPORT: --ifconfig/up options modified
2026-05-20 21:03:00 - huginn - DEBUG - OpenVPN: 2026-05-20 21:03:00 OPTIONS IMPORT: route options modified
2026-05-20 21:03:00 - huginn - DEBUG - OpenVPN: 2026-05-20 21:03:00 OPTIONS IMPORT: route-related options modified
2026-05-20 21:03:00 - huginn - DEBUG - OpenVPN: 2026-05-20 21:03:00 OPTIONS IMPORT: tun-mtu set to 1500
2026-05-20 21:03:00 - huginn - DEBUG - OpenVPN: 2026-05-20 21:03:00 interactive service msg_channel=0
2026-05-20 21:03:00 - huginn - DEBUG - OpenVPN: 2026-05-20 21:03:00 ROUTE_GATEWAY 192.168.1.1/255.255.255.0 I=23 HWADDR=88:d8:2e:79:0c:48
2026-05-20 21:03:00 - huginn - DEBUG - OpenVPN: 2026-05-20 21:03:00 GDG6: remote_host_ipv6=n/a
2026-05-20 21:03:00 - huginn - DEBUG - OpenVPN: 2026-05-20 21:03:00 NOTE: GetBestInterfaceEx returned error: Element not found.   (code=1168)
2026-05-20 21:03:00 - huginn - DEBUG - OpenVPN: 2026-05-20 21:03:00 ROUTE6: default_gateway=UNDEF
2026-05-20 21:03:00 - huginn - DEBUG - OpenVPN: 2026-05-20 21:03:00 open_tun
2026-05-20 21:03:00 - huginn - DEBUG - OpenVPN: 2026-05-20 21:03:00 tap-windows6 device [OpenVPN TAP-Windows6] opened
2026-05-20 21:03:00 - huginn - DEBUG - OpenVPN: 2026-05-20 21:03:00 TAP-Windows Driver Version 9.27
2026-05-20 21:03:00 - huginn - DEBUG - OpenVPN: 2026-05-20 21:03:00 Set TAP-Windows TUN subnet mode network/local/netmask = 10.10.14.0/10.10.14.24/255.255.254.0 [SUCCEEDED]
2026-05-20 21:03:00 - huginn - DEBUG - OpenVPN: 2026-05-20 21:03:00 Notified TAP-Windows driver to set a DHCP IP/netmask of 10.10.14.24/255.255.254.0 on interface {9624926F-3F6E-402F-BBEF-68BB8BB5B777} [DHCP-serv: 10.10.14.0, lease-time: 31536000]
2026-05-20 21:03:00 - huginn - DEBUG - OpenVPN: 2026-05-20 21:03:00 Successful ARP Flush on interface [18] {9624926F-3F6E-402F-BBEF-68BB8BB5B777}
2026-05-20 21:03:00 - huginn - DEBUG - OpenVPN: 2026-05-20 21:03:00 IPv4 MTU set to 1500 on interface 18 using SetIpInterfaceEntry()
2026-05-20 21:03:00 - huginn - DEBUG - OpenVPN: 2026-05-20 21:03:00 NETSH: C:\WINDOWS\system32\netsh.exe interface ipv6 set address 18 dead:beef:2::1016/128 store=active
2026-05-20 21:03:00 - huginn - DEBUG - OpenVPN: 2026-05-20 21:03:00 add_route_ipv6(dead:beef:2::/64 -> dead:beef:2::1016 metric 0) IF 18
2026-05-20 21:03:00 - huginn - DEBUG - OpenVPN: 2026-05-20 21:03:00 IPv6 route addition using ipapi failed because route exists
2026-05-20 21:03:00 - huginn - DEBUG - OpenVPN: 2026-05-20 21:03:00 NETSH: C:\WINDOWS\system32\netsh.exe interface ipv6 delete dns 18 all
2026-05-20 21:03:00 - huginn - DEBUG - OpenVPN: 2026-05-20 21:03:01 IPv6 MTU set to 1500 on interface 18 using SetIpInterfaceEntry()
2026-05-20 21:03:00 - huginn - DEBUG - OpenVPN: 2026-05-20 21:03:01 Data Channel: cipher 'AES-256-CBC', auth 'SHA256', peer-id: 7, compression: 'lzo'
2026-05-20 21:03:00 - huginn - DEBUG - OpenVPN: 2026-05-20 21:03:01 Timers: ping 10, ping-restart 120
2026-05-20 21:03:00 - huginn - DEBUG - OpenVPN: 2026-05-20 21:03:01 Protocol options: explicit-exit-notify 1, protocol-flags cc-exit tls-ekm dyn-tls-crypt
2026-05-20 21:03:06 - huginn - DEBUG - OpenVPN: 2026-05-20 21:03:06 TEST ROUTES: 2/2 succeeded len=2 ret=1 a=0 u/d=up
2026-05-20 21:03:06 - huginn - DEBUG - OpenVPN: 2026-05-20 21:03:06 C:\WINDOWS\system32\route.exe ADD 10.10.8.0 MASK 255.255.252.0 10.10.14.1
2026-05-20 21:03:06 - huginn - DEBUG - OpenVPN: 2026-05-20 21:03:06 Route addition via ipapi [adaptive] failed because route exists
2026-05-20 21:03:06 - huginn - DEBUG - OpenVPN: 2026-05-20 21:03:06 C:\WINDOWS\system32\route.exe ADD 10.129.0.0 MASK 255.255.0.0 10.10.14.1
2026-05-20 21:03:06 - huginn - DEBUG - OpenVPN: 2026-05-20 21:03:06 Route addition via ipapi [adaptive] failed because route exists
2026-05-20 21:03:06 - huginn - DEBUG - OpenVPN: 2026-05-20 21:03:06 add_route_ipv6(dead:beef::/64 -> dead:beef:2::1 metric -1) IF 18
2026-05-20 21:03:06 - huginn - DEBUG - OpenVPN: 2026-05-20 21:03:06 IPv6 route addition using ipapi failed because route exists
2026-05-20 21:03:06 - huginn - DEBUG - OpenVPN: 2026-05-20 21:03:06 Initialization Sequence Completed
2026-05-20 21:03:14 - huginn - INFO - DNS server changed to: LocalDNS
2026-05-20 21:03:15 - huginn - INFO - Local DNS server started on port 53530
2026-05-20 21:03:20 - huginn - DEBUG - Wireless security tab unavailable
Traceback (most recent call last):
  File "C:\Users\allie\Coding Projects\huggin_suite\huginn\app\pages\recon_enumeration_page.py", line 99, in setup_ui
    wireless_tab = WirelessSecurityWidget(self)
  File "C:\Users\allie\Coding Projects\huggin_suite\huginn\app\widgets\wireless_security_widget.py", line 52, in __init__
    self.connect_signals()
    ~~~~~~~~~~~~~~~~~~~~^^
  File "C:\Users\allie\Coding Projects\huggin_suite\huginn\app\widgets\wireless_security_widget.py", line 303, in connect_signals
    self.generate_report_btn.clicked.connect(self.generate_report)
    ^^^^^^^^^^^^^^^^^^^^^^^^
AttributeError: 'WirelessSecurityWidget' object has no attribute 'generate_report_btn'. Did you mean: 'generate_report'?
2026-05-20 21:04:24 - huginn - INFO - Using default configuration
2026-05-20 21:04:24 - huginn - DEBUG - Suppressed exception
Traceback (most recent call last):
  File "C:\Users\allie\Coding Projects\huggin_suite\huginn\app\core\asset_manager.py", line 101, in init_database
    conn.execute("ALTER TABLE assets ADD COLUMN fqdn TEXT DEFAULT ''")
    ~~~~~~~~~~~~^^^^^^^^^^^^^^^^^^^^^^^^^^^^^^^^^^^^^^^^^^^^^^^^^^^^^^
sqlite3.OperationalError: duplicate column name: fqdn
2026-05-20 21:04:24 - huginn - DEBUG - Suppressed exception
Traceback (most recent call last):
  File "C:\Users\allie\Coding Projects\huggin_suite\huginn\app\core\asset_manager.py", line 108, in init_database
    conn.execute("ALTER TABLE assets ADD COLUMN mac_address TEXT DEFAULT ''")
    ~~~~~~~~~~~~^^^^^^^^^^^^^^^^^^^^^^^^^^^^^^^^^^^^^^^^^^^^^^^^^^^^^^^^^^^^^
sqlite3.OperationalError: duplicate column name: mac_address
2026-05-20 21:04:24 - huginn - DEBUG - Suppressed exception
Traceback (most recent call last):
  File "C:\Users\allie\Coding Projects\huggin_suite\huginn\app\core\asset_manager.py", line 115, in init_database
    conn.execute("ALTER TABLE assets ADD COLUMN vendor TEXT DEFAULT ''")
    ~~~~~~~~~~~~^^^^^^^^^^^^^^^^^^^^^^^^^^^^^^^^^^^^^^^^^^^^^^^^^^^^^^^^
sqlite3.OperationalError: duplicate column name: vendor
2026-05-20 21:04:24 - huginn - DEBUG - Suppressed exception
Traceback (most recent call last):
  File "C:\Users\allie\Coding Projects\huggin_suite\huginn\app\core\asset_manager.py", line 122, in init_database
    conn.execute("ALTER TABLE assets ADD COLUMN notes TEXT DEFAULT ''")
    ~~~~~~~~~~~~^^^^^^^^^^^^^^^^^^^^^^^^^^^^^^^^^^^^^^^^^^^^^^^^^^^^^^^
sqlite3.OperationalError: duplicate column name: notes
2026-05-20 21:04:24 - huginn - DEBUG - Suppressed exception
Traceback (most recent call last):
  File "C:\Users\allie\Coding Projects\huggin_suite\huginn\app\core\dns_resolver.py", line 14, in resolve_hostname
    ipaddress.ip_address(hostname)
    ~~~~~~~~~~~~~~~~~~~~^^^^^^^^^^
  File "C:\Users\allie\anaconda3\Lib\ipaddress.py", line 54, in ip_address
    raise ValueError(f'{address!r} does not appear to be an IPv4 or IPv6 address')
ValueError: 'staging.silentium.htb' does not appear to be an IPv4 or IPv6 address
2026-05-20 21:06:49 - huginn - INFO - Local DNS server stopped
2026-05-20 21:06:49 - huginn - INFO - local_dns_server stopped
2026-05-20 21:06:49 - huginn - INFO - VPN connection terminated
2026-05-20 21:06:49 - huginn - INFO - vpn_manager disconnected
2026-05-20 21:06:49 - huginn - DEBUG - Memory monitoring stopped
2026-05-20 21:06:49 - huginn - DEBUG - Connection pool closed all sessions
2026-05-20 21:06:49 - huginn - INFO - Update manager stopped during cleanup
2026-05-20 21:07:04 - huginn - DEBUG - Suppressed exception
Traceback (most recent call last):
  File "c:\Users\allie\Coding Projects\huggin_suite\huginn\app\core\asset_manager.py", line 101, in init_database
    conn.execute("ALTER TABLE assets ADD COLUMN fqdn TEXT DEFAULT ''")
    ~~~~~~~~~~~~^^^^^^^^^^^^^^^^^^^^^^^^^^^^^^^^^^^^^^^^^^^^^^^^^^^^^^
sqlite3.OperationalError: duplicate column name: fqdn
2026-05-20 21:07:04 - huginn - DEBUG - Suppressed exception
Traceback (most recent call last):
  File "c:\Users\allie\Coding Projects\huggin_suite\huginn\app\core\asset_manager.py", line 108, in init_database
    conn.execute("ALTER TABLE assets ADD COLUMN mac_address TEXT DEFAULT ''")
    ~~~~~~~~~~~~^^^^^^^^^^^^^^^^^^^^^^^^^^^^^^^^^^^^^^^^^^^^^^^^^^^^^^^^^^^^^
sqlite3.OperationalError: duplicate column name: mac_address
2026-05-20 21:07:04 - huginn - DEBUG - Suppressed exception
Traceback (most recent call last):
  File "c:\Users\allie\Coding Projects\huggin_suite\huginn\app\core\asset_manager.py", line 115, in init_database
    conn.execute("ALTER TABLE assets ADD COLUMN vendor TEXT DEFAULT ''")
    ~~~~~~~~~~~~^^^^^^^^^^^^^^^^^^^^^^^^^^^^^^^^^^^^^^^^^^^^^^^^^^^^^^^^
sqlite3.OperationalError: duplicate column name: vendor
2026-05-20 21:07:04 - huginn - DEBUG - Suppressed exception
Traceback (most recent call last):
  File "c:\Users\allie\Coding Projects\huggin_suite\huginn\app\core\asset_manager.py", line 122, in init_database
    conn.execute("ALTER TABLE assets ADD COLUMN notes TEXT DEFAULT ''")
    ~~~~~~~~~~~~^^^^^^^^^^^^^^^^^^^^^^^^^^^^^^^^^^^^^^^^^^^^^^^^^^^^^^^
sqlite3.OperationalError: duplicate column name: notes
2026-05-20 21:07:04 - huginn - INFO - Using default configuration
2026-05-20 21:07:06 - huginn - INFO - License saved successfully
2026-05-20 21:07:06 - huginn - INFO - License loaded and validated successfully
2026-05-20 21:07:27 - huginn - DEBUG - Suppressed exception
Traceback (most recent call last):
  File "c:\Users\allie\Coding Projects\huggin_suite\huginn\app\core\asset_manager.py", line 101, in init_database
    conn.execute("ALTER TABLE assets ADD COLUMN fqdn TEXT DEFAULT ''")
    ~~~~~~~~~~~~^^^^^^^^^^^^^^^^^^^^^^^^^^^^^^^^^^^^^^^^^^^^^^^^^^^^^^
sqlite3.OperationalError: duplicate column name: fqdn
2026-05-20 21:07:27 - huginn - DEBUG - Suppressed exception
Traceback (most recent call last):
  File "c:\Users\allie\Coding Projects\huggin_suite\huginn\app\core\asset_manager.py", line 108, in init_database
    conn.execute("ALTER TABLE assets ADD COLUMN mac_address TEXT DEFAULT ''")
    ~~~~~~~~~~~~^^^^^^^^^^^^^^^^^^^^^^^^^^^^^^^^^^^^^^^^^^^^^^^^^^^^^^^^^^^^^
sqlite3.OperationalError: duplicate column name: mac_address
2026-05-20 21:07:27 - huginn - DEBUG - Suppressed exception
Traceback (most recent call last):
  File "c:\Users\allie\Coding Projects\huggin_suite\huginn\app\core\asset_manager.py", line 115, in init_database
    conn.execute("ALTER TABLE assets ADD COLUMN vendor TEXT DEFAULT ''")
    ~~~~~~~~~~~~^^^^^^^^^^^^^^^^^^^^^^^^^^^^^^^^^^^^^^^^^^^^^^^^^^^^^^^^
sqlite3.OperationalError: duplicate column name: vendor
2026-05-20 21:07:27 - huginn - DEBUG - Suppressed exception
Traceback (most recent call last):
  File "c:\Users\allie\Coding Projects\huggin_suite\huginn\app\core\asset_manager.py", line 122, in init_database
    conn.execute("ALTER TABLE assets ADD COLUMN notes TEXT DEFAULT ''")
    ~~~~~~~~~~~~^^^^^^^^^^^^^^^^^^^^^^^^^^^^^^^^^^^^^^^^^^^^^^^^^^^^^^^
sqlite3.OperationalError: duplicate column name: notes
2026-05-20 21:07:27 - huginn - INFO - Using default configuration
2026-05-20 21:07:29 - huginn - INFO - License saved successfully
2026-05-20 21:07:29 - huginn - INFO - License loaded and validated successfully
2026-05-20 21:08:09 - huginn - INFO - License saved successfully
2026-05-20 21:08:09 - huginn - INFO - License loaded and validated successfully
2026-05-20 21:08:09 - huginn - INFO - Application starting...
2026-05-20 21:08:09 - huginn - INFO - Font loaded successfully
2026-05-20 21:08:09 - huginn - INFO - Stylesheet loaded successfully
2026-05-20 21:08:09 - huginn - INFO - Creating main window...
2026-05-20 21:08:09 - huginn - INFO - QThreadPool max threads set to 32 (CPUs: 32)
2026-05-20 21:08:09 - huginn - INFO - Custom font 'Neuropol X' loaded from C:\Users\allie\Coding Projects\huggin_suite\huginn\resources\fonts\neuropol.otf
2026-05-20 21:08:09 - huginn - DEBUG - Suppressed exception
Traceback (most recent call last):
  File "C:\Users\allie\Coding Projects\huggin_suite\huginn\app\pages\page_registry.py", line 45, in register_all_pages
    from app.pages.db_attacks_page import DBAttacksPage
ImportError: cannot import name 'DBAttacksPage' from 'app.pages.db_attacks_page' (C:\Users\allie\Coding Projects\huggin_suite\huginn\app\pages\db_attacks_page.py)
2026-05-20 21:08:14 - huginn - DEBUG - Credentials loaded for profile 'Silentium'
2026-05-20 21:08:14 - huginn - DEBUG - Suppressed exception
Traceback (most recent call last):
  File "C:\Users\allie\Coding Projects\huggin_suite\huginn\app\core\scope_manager.py", line 62, in _parse_scope_text
    ipaddress.IPv4Address(item)
    ~~~~~~~~~~~~~~~~~~~~~^^^^^^
  File "C:\Users\allie\anaconda3\Lib\ipaddress.py", line 1319, in __init__
    self._ip = self._ip_int_from_string(addr_str)
               ~~~~~~~~~~~~~~~~~~~~~~~~^^^^^^^^^^
  File "C:\Users\allie\anaconda3\Lib\ipaddress.py", line 1206, in _ip_int_from_string
    raise AddressValueError("Expected 4 octets in %r" % ip_str)
ipaddress.AddressValueError: Expected 4 octets in 'silentium.htb'
2026-05-20 21:08:14 - huginn - DEBUG - Credentials loaded for profile 'Silentium'
2026-05-20 21:08:14 - huginn - DEBUG - Suppressed exception
Traceback (most recent call last):
  File "C:\Users\allie\Coding Projects\huggin_suite\huginn\app\core\scope_manager.py", line 62, in _parse_scope_text
    ipaddress.IPv4Address(item)
    ~~~~~~~~~~~~~~~~~~~~~^^^^^^
  File "C:\Users\allie\anaconda3\Lib\ipaddress.py", line 1319, in __init__
    self._ip = self._ip_int_from_string(addr_str)
               ~~~~~~~~~~~~~~~~~~~~~~~~^^^^^^^^^^
  File "C:\Users\allie\anaconda3\Lib\ipaddress.py", line 1206, in _ip_int_from_string
    raise AddressValueError("Expected 4 octets in %r" % ip_str)
ipaddress.AddressValueError: Expected 4 octets in 'silentium.htb'
2026-05-20 21:08:22 - huginn - INFO - VPN connection terminated
2026-05-20 21:08:22 - huginn - INFO - OpenVPN connection started with config: C:/Users/allie/Downloads/machines_au-1.ovpn
2026-05-20 21:08:22 - huginn - DEBUG - OpenVPN: 2026-05-20 21:08:22 Note: --data-ciphers-fallback with cipher 'AES-128-CBC' disables data channel offload.
2026-05-20 21:08:22 - huginn - DEBUG - OpenVPN: 2026-05-20 21:08:22 OpenVPN 2.6.14 [git:none/0169b4ad2bb35d2c] Windows [SSL (OpenSSL)] [LZO] [LZ4] [PKCS11] [AEAD] [DCO] built on Jun 19 2025
2026-05-20 21:08:22 - huginn - DEBUG - OpenVPN: 2026-05-20 21:08:22 Windows version 10.0 (Windows 10 or greater), amd64 executable
2026-05-20 21:08:22 - huginn - DEBUG - OpenVPN: 2026-05-20 21:08:22 library versions: OpenSSL 3.5.0 8 Apr 2025, LZO 2.10
2026-05-20 21:08:22 - huginn - DEBUG - OpenVPN: 2026-05-20 21:08:22 DCO version: N/A
2026-05-20 21:08:22 - huginn - DEBUG - OpenVPN: 2026-05-20 21:08:22 TCP/UDP: Preserving recently used remote address: [AF_INET]206.148.40.161:1337
2026-05-20 21:08:22 - huginn - DEBUG - OpenVPN: 2026-05-20 21:08:22 Socket Buffers: R=[65536->65536] S=[65536->65536]
2026-05-20 21:08:22 - huginn - DEBUG - OpenVPN: 2026-05-20 21:08:22 UDPv4 link local: (not bound)
2026-05-20 21:08:22 - huginn - DEBUG - OpenVPN: 2026-05-20 21:08:22 UDPv4 link remote: [AF_INET]206.148.40.161:1337
2026-05-20 21:08:22 - huginn - DEBUG - OpenVPN: 2026-05-20 21:08:22 TLS: Initial packet from [AF_INET]206.148.40.161:1337, sid=1d999277 1190a3ed
2026-05-20 21:08:22 - huginn - DEBUG - OpenVPN: 2026-05-20 21:08:22 VERIFY OK: depth=2, C=GR, O=Hack The Box, OU=Systems, CN=HTB VPN: Root Certificate Authority
2026-05-20 21:08:22 - huginn - DEBUG - OpenVPN: 2026-05-20 21:08:22 VERIFY OK: depth=1, C=GR, O=Hack The Box, OU=Systems, CN=HTB VPN: au-free-1 Issuing CA
2026-05-20 21:08:22 - huginn - DEBUG - OpenVPN: 2026-05-20 21:08:22 VERIFY KU OK
2026-05-20 21:08:22 - huginn - DEBUG - OpenVPN: 2026-05-20 21:08:22 Validating certificate extended key usage
2026-05-20 21:08:22 - huginn - DEBUG - OpenVPN: 2026-05-20 21:08:22 ++ Certificate has EKU (str) TLS Web Client Authentication, expects TLS Web Server Authentication
2026-05-20 21:08:22 - huginn - DEBUG - OpenVPN: 2026-05-20 21:08:22 ++ Certificate has EKU (oid) 1.3.6.1.5.5.7.3.2, expects TLS Web Server Authentication
2026-05-20 21:08:22 - huginn - DEBUG - OpenVPN: 2026-05-20 21:08:22 ++ Certificate has EKU (str) TLS Web Server Authentication, expects TLS Web Server Authentication
2026-05-20 21:08:22 - huginn - DEBUG - OpenVPN: 2026-05-20 21:08:22 VERIFY EKU OK
2026-05-20 21:08:22 - huginn - DEBUG - OpenVPN: 2026-05-20 21:08:22 VERIFY OK: depth=0, C=GR, O=Hack The Box, OU=Systems, CN=au-free-1
2026-05-20 21:08:23 - huginn - DEBUG - OpenVPN: 2026-05-20 21:08:22 Control Channel: TLSv1.3, cipher TLSv1.3 TLS_AES_256_GCM_SHA384, peer certificate: 256 bits ED25519, signature: ED25519, peer temporary key: 253 bits X25519
2026-05-20 21:08:23 - huginn - DEBUG - OpenVPN: 2026-05-20 21:08:22 [au-free-1] Peer Connection Initiated with [AF_INET]206.148.40.161:1337
2026-05-20 21:08:23 - huginn - DEBUG - OpenVPN: 2026-05-20 21:08:22 TLS: move_session: dest=TM_ACTIVE src=TM_INITIAL reinit_src=1
2026-05-20 21:08:23 - huginn - DEBUG - OpenVPN: 2026-05-20 21:08:22 TLS: tls_multi_process: initial untrusted session promoted to trusted
2026-05-20 21:08:24 - huginn - DEBUG - OpenVPN: 2026-05-20 21:08:24 SENT CONTROL [au-free-1]: 'PUSH_REQUEST' (status=1)
2026-05-20 21:08:24 - huginn - DEBUG - OpenVPN: 2026-05-20 21:08:24 PUSH: Received control message: 'PUSH_REPLY,route 10.10.8.0 255.255.252.0,route 10.129.0.0 255.255.0.0,route-ipv6 dead:beef::/64,explicit-exit-notify,tun-ipv6,route-gateway 10.10.14.1,topology subnet,ping 10,ping-restart 120,ifconfig-ipv6 dead:beef:2::1016/64 dead:beef:2::1,ifconfig 10.10.14.24 255.255.254.0,peer-id 13,cipher AES-256-CBC,protocol-flags cc-exit tls-ekm dyn-tls-crypt,tun-mtu 1500'
2026-05-20 21:08:24 - huginn - INFO - VPN IP address assigned: 10.10.14.24
2026-05-20 21:08:24 - huginn - DEBUG - OpenVPN: 2026-05-20 21:08:24 OPTIONS IMPORT: --ifconfig/up options modified
2026-05-20 21:08:24 - huginn - DEBUG - OpenVPN: 2026-05-20 21:08:24 OPTIONS IMPORT: route options modified
2026-05-20 21:08:24 - huginn - DEBUG - OpenVPN: 2026-05-20 21:08:24 OPTIONS IMPORT: route-related options modified
2026-05-20 21:08:24 - huginn - DEBUG - OpenVPN: 2026-05-20 21:08:24 OPTIONS IMPORT: tun-mtu set to 1500
2026-05-20 21:08:24 - huginn - DEBUG - OpenVPN: 2026-05-20 21:08:24 interactive service msg_channel=0
2026-05-20 21:08:24 - huginn - DEBUG - OpenVPN: 2026-05-20 21:08:24 ROUTE_GATEWAY 192.168.1.1/255.255.255.0 I=23 HWADDR=88:d8:2e:79:0c:48
2026-05-20 21:08:24 - huginn - DEBUG - OpenVPN: 2026-05-20 21:08:24 GDG6: remote_host_ipv6=n/a
2026-05-20 21:08:24 - huginn - DEBUG - OpenVPN: 2026-05-20 21:08:24 NOTE: GetBestInterfaceEx returned error: Element not found.   (code=1168)
2026-05-20 21:08:24 - huginn - DEBUG - OpenVPN: 2026-05-20 21:08:24 ROUTE6: default_gateway=UNDEF
2026-05-20 21:08:24 - huginn - DEBUG - OpenVPN: 2026-05-20 21:08:24 open_tun
2026-05-20 21:08:24 - huginn - DEBUG - OpenVPN: 2026-05-20 21:08:24 tap-windows6 device [OpenVPN TAP-Windows6] opened
2026-05-20 21:08:24 - huginn - DEBUG - OpenVPN: 2026-05-20 21:08:24 TAP-Windows Driver Version 9.27
2026-05-20 21:08:24 - huginn - DEBUG - OpenVPN: 2026-05-20 21:08:24 Set TAP-Windows TUN subnet mode network/local/netmask = 10.10.14.0/10.10.14.24/255.255.254.0 [SUCCEEDED]
2026-05-20 21:08:24 - huginn - DEBUG - OpenVPN: 2026-05-20 21:08:24 Notified TAP-Windows driver to set a DHCP IP/netmask of 10.10.14.24/255.255.254.0 on interface {9624926F-3F6E-402F-BBEF-68BB8BB5B777} [DHCP-serv: 10.10.14.0, lease-time: 31536000]
2026-05-20 21:08:24 - huginn - DEBUG - OpenVPN: 2026-05-20 21:08:24 Successful ARP Flush on interface [18] {9624926F-3F6E-402F-BBEF-68BB8BB5B777}
2026-05-20 21:08:24 - huginn - DEBUG - OpenVPN: 2026-05-20 21:08:24 IPv4 MTU set to 1500 on interface 18 using SetIpInterfaceEntry()
2026-05-20 21:08:24 - huginn - DEBUG - OpenVPN: 2026-05-20 21:08:24 NETSH: C:\WINDOWS\system32\netsh.exe interface ipv6 set address 18 dead:beef:2::1016/128 store=active
2026-05-20 21:08:24 - huginn - DEBUG - OpenVPN: 2026-05-20 21:08:24 add_route_ipv6(dead:beef:2::/64 -> dead:beef:2::1016 metric 0) IF 18
2026-05-20 21:08:24 - huginn - DEBUG - OpenVPN: 2026-05-20 21:08:24 IPv6 route addition using ipapi failed because route exists
2026-05-20 21:08:24 - huginn - DEBUG - OpenVPN: 2026-05-20 21:08:24 NETSH: C:\WINDOWS\system32\netsh.exe interface ipv6 delete dns 18 all
2026-05-20 21:08:24 - huginn - DEBUG - OpenVPN: 2026-05-20 21:08:24 IPv6 MTU set to 1500 on interface 18 using SetIpInterfaceEntry()
2026-05-20 21:08:24 - huginn - DEBUG - OpenVPN: 2026-05-20 21:08:24 Data Channel: cipher 'AES-256-CBC', auth 'SHA256', peer-id: 13, compression: 'lzo'
2026-05-20 21:08:24 - huginn - DEBUG - OpenVPN: 2026-05-20 21:08:24 Timers: ping 10, ping-restart 120
2026-05-20 21:08:24 - huginn - DEBUG - OpenVPN: 2026-05-20 21:08:24 Protocol options: explicit-exit-notify 1, protocol-flags cc-exit tls-ekm dyn-tls-crypt
2026-05-20 21:08:29 - huginn - DEBUG - OpenVPN: 2026-05-20 21:08:29 TEST ROUTES: 2/2 succeeded len=2 ret=1 a=0 u/d=up
2026-05-20 21:08:29 - huginn - DEBUG - OpenVPN: 2026-05-20 21:08:29 C:\WINDOWS\system32\route.exe ADD 10.10.8.0 MASK 255.255.252.0 10.10.14.1
2026-05-20 21:08:29 - huginn - DEBUG - OpenVPN: 2026-05-20 21:08:29 Route addition via ipapi [adaptive] failed because route exists
2026-05-20 21:08:29 - huginn - DEBUG - OpenVPN: 2026-05-20 21:08:29 C:\WINDOWS\system32\route.exe ADD 10.129.0.0 MASK 255.255.0.0 10.10.14.1
2026-05-20 21:08:29 - huginn - DEBUG - OpenVPN: 2026-05-20 21:08:29 Route addition via ipapi [adaptive] failed because route exists
2026-05-20 21:08:29 - huginn - DEBUG - OpenVPN: 2026-05-20 21:08:29 add_route_ipv6(dead:beef::/64 -> dead:beef:2::1 metric -1) IF 18
2026-05-20 21:08:29 - huginn - DEBUG - OpenVPN: 2026-05-20 21:08:29 IPv6 route addition using ipapi failed because route exists
2026-05-20 21:08:29 - huginn - DEBUG - OpenVPN: 2026-05-20 21:08:29 Initialization Sequence Completed
2026-05-20 21:08:40 - huginn - INFO - DNS server changed to: LocalDNS
2026-05-20 21:08:40 - huginn - INFO - Local DNS server started on port 53530
2026-05-20 21:09:57 - huginn - DEBUG - Wireless security tab unavailable
Traceback (most recent call last):
  File "C:\Users\allie\Coding Projects\huggin_suite\huginn\app\pages\recon_enumeration_page.py", line 99, in setup_ui
    wireless_tab = WirelessSecurityWidget(self)
  File "C:\Users\allie\Coding Projects\huggin_suite\huginn\app\widgets\wireless_security_widget.py", line 52, in __init__
    self.connect_signals()
    ~~~~~~~~~~~~~~~~~~~~^^
  File "C:\Users\allie\Coding Projects\huggin_suite\huginn\app\widgets\wireless_security_widget.py", line 303, in connect_signals
    self.generate_report_btn.clicked.connect(self.generate_report)
    ^^^^^^^^^^^^^^^^^^^^^^^^
AttributeError: 'WirelessSecurityWidget' object has no attribute 'generate_report_btn'. Did you mean: 'generate_report'?
2026-05-20 21:10:12 - huginn - INFO - Using default configuration
2026-05-20 21:10:12 - huginn - DEBUG - Suppressed exception
Traceback (most recent call last):
  File "C:\Users\allie\Coding Projects\huggin_suite\huginn\app\core\asset_manager.py", line 101, in init_database
    conn.execute("ALTER TABLE assets ADD COLUMN fqdn TEXT DEFAULT ''")
    ~~~~~~~~~~~~^^^^^^^^^^^^^^^^^^^^^^^^^^^^^^^^^^^^^^^^^^^^^^^^^^^^^^
sqlite3.OperationalError: duplicate column name: fqdn
2026-05-20 21:10:12 - huginn - DEBUG - Suppressed exception
Traceback (most recent call last):
  File "C:\Users\allie\Coding Projects\huggin_suite\huginn\app\core\asset_manager.py", line 108, in init_database
    conn.execute("ALTER TABLE assets ADD COLUMN mac_address TEXT DEFAULT ''")
    ~~~~~~~~~~~~^^^^^^^^^^^^^^^^^^^^^^^^^^^^^^^^^^^^^^^^^^^^^^^^^^^^^^^^^^^^^
sqlite3.OperationalError: duplicate column name: mac_address
2026-05-20 21:10:12 - huginn - DEBUG - Suppressed exception
Traceback (most recent call last):
  File "C:\Users\allie\Coding Projects\huggin_suite\huginn\app\core\asset_manager.py", line 115, in init_database
    conn.execute("ALTER TABLE assets ADD COLUMN vendor TEXT DEFAULT ''")
    ~~~~~~~~~~~~^^^^^^^^^^^^^^^^^^^^^^^^^^^^^^^^^^^^^^^^^^^^^^^^^^^^^^^^
sqlite3.OperationalError: duplicate column name: vendor
2026-05-20 21:10:12 - huginn - DEBUG - Suppressed exception
Traceback (most recent call last):
  File "C:\Users\allie\Coding Projects\huggin_suite\huginn\app\core\asset_manager.py", line 122, in init_database
    conn.execute("ALTER TABLE assets ADD COLUMN notes TEXT DEFAULT ''")
    ~~~~~~~~~~~~^^^^^^^^^^^^^^^^^^^^^^^^^^^^^^^^^^^^^^^^^^^^^^^^^^^^^^^
sqlite3.OperationalError: duplicate column name: notes
2026-05-20 21:10:12 - huginn - DEBUG - Suppressed exception
Traceback (most recent call last):
  File "C:\Users\allie\Coding Projects\huggin_suite\huginn\app\core\dns_resolver.py", line 14, in resolve_hostname
    ipaddress.ip_address(hostname)
    ~~~~~~~~~~~~~~~~~~~~^^^^^^^^^^
  File "C:\Users\allie\anaconda3\Lib\ipaddress.py", line 54, in ip_address
    raise ValueError(f'{address!r} does not appear to be an IPv4 or IPv6 address')
ValueError: 'staging.silentium.htb' does not appear to be an IPv4 or IPv6 address
2026-05-20 21:10:15 - huginn - DEBUG - Suppressed exception
Traceback (most recent call last):
  File "C:\Users\allie\Coding Projects\huggin_suite\huginn\app\tools\http_fingerprint.py", line 688, in test_ssti_account_detection
    callback_url = self.listener_manager.get_listener_url(bind_ip=True)
                   ^^^^^^^^^^^^^^^^^^^^^^^^^^^^^^^^^^^^^^
AttributeError: 'ListenerManager' object has no attribute 'get_listener_url'. Did you mean: 'get_listener_info'?
2026-05-20 21:10:49 - huginn - DEBUG - Suppressed exception
Traceback (most recent call last):
  File "C:\Users\allie\Coding Projects\huggin_suite\huginn\app\core\dns_resolver.py", line 14, in resolve_hostname
    ipaddress.ip_address(hostname)
    ~~~~~~~~~~~~~~~~~~~~^^^^^^^^^^
  File "C:\Users\allie\anaconda3\Lib\ipaddress.py", line 54, in ip_address
    raise ValueError(f'{address!r} does not appear to be an IPv4 or IPv6 address')
ValueError: 'staging.silentium.htb' does not appear to be an IPv4 or IPv6 address
2026-05-20 21:11:09 - huginn - DEBUG - Suppressed exception
Traceback (most recent call last):
  File "C:\Users\allie\Coding Projects\huggin_suite\huginn\app\core\dns_resolver.py", line 14, in resolve_hostname
    ipaddress.ip_address(hostname)
    ~~~~~~~~~~~~~~~~~~~~^^^^^^^^^^
  File "C:\Users\allie\anaconda3\Lib\ipaddress.py", line 54, in ip_address
    raise ValueError(f'{address!r} does not appear to be an IPv4 or IPv6 address')
ValueError: 'staging.silentium.htb' does not appear to be an IPv4 or IPv6 address
2026-05-20 21:11:36 - huginn - DEBUG - Suppressed exception
Traceback (most recent call last):
  File "C:\Users\allie\Coding Projects\huggin_suite\huginn\app\core\dns_resolver.py", line 14, in resolve_hostname
    ipaddress.ip_address(hostname)
    ~~~~~~~~~~~~~~~~~~~~^^^^^^^^^^
  File "C:\Users\allie\anaconda3\Lib\ipaddress.py", line 54, in ip_address
    raise ValueError(f'{address!r} does not appear to be an IPv4 or IPv6 address')
ValueError: 'staging.silentium.htb' does not appear to be an IPv4 or IPv6 address
2026-05-20 21:11:36 - huginn - DEBUG - Suppressed exception
Traceback (most recent call last):
  File "C:\Users\allie\Coding Projects\huggin_suite\huginn\app\tools\enterprise_fingerprint.py", line 35, in _load_device_db
    return json.load(f)
           ~~~~~~~~~^^^
  File "C:\Users\allie\anaconda3\Lib\json\__init__.py", line 293, in load
    return loads(fp.read(),
        cls=cls, object_hook=object_hook,
        parse_float=parse_float, parse_int=parse_int,
        parse_constant=parse_constant, object_pairs_hook=object_pairs_hook, **kw)
  File "C:\Users\allie\anaconda3\Lib\json\__init__.py", line 346, in loads
    return _default_decoder.decode(s)
           ~~~~~~~~~~~~~~~~~~~~~~~^^^
  File "C:\Users\allie\anaconda3\Lib\json\decoder.py", line 345, in decode
    obj, end = self.raw_decode(s, idx=_w(s, 0).end())
               ~~~~~~~~~~~~~~~^^^^^^^^^^^^^^^^^^^^^^^
  File "C:\Users\allie\anaconda3\Lib\json\decoder.py", line 361, in raw_decode
    obj, end = self.scan_once(s, idx)
               ~~~~~~~~~~~~~~^^^^^^^^
json.decoder.JSONDecodeError: Expecting ',' delimiter: line 98 column 39 (char 3561)
2026-05-20 21:13:01 - huginn - INFO - Local DNS server stopped
2026-05-20 21:13:01 - huginn - INFO - local_dns_server stopped
2026-05-20 21:13:01 - huginn - INFO - VPN connection terminated
2026-05-20 21:13:01 - huginn - INFO - vpn_manager disconnected
2026-05-20 21:13:01 - huginn - DEBUG - Memory monitoring stopped
2026-05-20 21:13:01 - huginn - DEBUG - Connection pool closed all sessions
2026-05-20 21:13:01 - huginn - INFO - Update manager stopped during cleanup
2026-05-20 21:13:17 - huginn - DEBUG - Suppressed exception
Traceback (most recent call last):
  File "c:\Users\allie\Coding Projects\huggin_suite\huginn\app\core\asset_manager.py", line 101, in init_database
    conn.execute("ALTER TABLE assets ADD COLUMN fqdn TEXT DEFAULT ''")
    ~~~~~~~~~~~~^^^^^^^^^^^^^^^^^^^^^^^^^^^^^^^^^^^^^^^^^^^^^^^^^^^^^^
sqlite3.OperationalError: duplicate column name: fqdn
2026-05-20 21:13:17 - huginn - DEBUG - Suppressed exception
Traceback (most recent call last):
  File "c:\Users\allie\Coding Projects\huggin_suite\huginn\app\core\asset_manager.py", line 108, in init_database
    conn.execute("ALTER TABLE assets ADD COLUMN mac_address TEXT DEFAULT ''")
    ~~~~~~~~~~~~^^^^^^^^^^^^^^^^^^^^^^^^^^^^^^^^^^^^^^^^^^^^^^^^^^^^^^^^^^^^^
sqlite3.OperationalError: duplicate column name: mac_address
2026-05-20 21:13:17 - huginn - DEBUG - Suppressed exception
Traceback (most recent call last):
  File "c:\Users\allie\Coding Projects\huggin_suite\huginn\app\core\asset_manager.py", line 115, in init_database
    conn.execute("ALTER TABLE assets ADD COLUMN vendor TEXT DEFAULT ''")
    ~~~~~~~~~~~~^^^^^^^^^^^^^^^^^^^^^^^^^^^^^^^^^^^^^^^^^^^^^^^^^^^^^^^^
sqlite3.OperationalError: duplicate column name: vendor
2026-05-20 21:13:17 - huginn - DEBUG - Suppressed exception
Traceback (most recent call last):
  File "c:\Users\allie\Coding Projects\huggin_suite\huginn\app\core\asset_manager.py", line 122, in init_database
    conn.execute("ALTER TABLE assets ADD COLUMN notes TEXT DEFAULT ''")
    ~~~~~~~~~~~~^^^^^^^^^^^^^^^^^^^^^^^^^^^^^^^^^^^^^^^^^^^^^^^^^^^^^^^
sqlite3.OperationalError: duplicate column name: notes
2026-05-20 21:13:17 - huginn - INFO - Using default configuration
2026-05-20 21:13:19 - huginn - INFO - License saved successfully
2026-05-20 21:13:19 - huginn - INFO - License loaded and validated successfully
2026-05-20 21:13:24 - huginn - DEBUG - Suppressed exception
Traceback (most recent call last):
  File "c:\Users\allie\Coding Projects\huggin_suite\huginn\app\core\asset_manager.py", line 101, in init_database
    conn.execute("ALTER TABLE assets ADD COLUMN fqdn TEXT DEFAULT ''")
    ~~~~~~~~~~~~^^^^^^^^^^^^^^^^^^^^^^^^^^^^^^^^^^^^^^^^^^^^^^^^^^^^^^
sqlite3.OperationalError: duplicate column name: fqdn
2026-05-20 21:13:24 - huginn - DEBUG - Suppressed exception
Traceback (most recent call last):
  File "c:\Users\allie\Coding Projects\huggin_suite\huginn\app\core\asset_manager.py", line 108, in init_database
    conn.execute("ALTER TABLE assets ADD COLUMN mac_address TEXT DEFAULT ''")
    ~~~~~~~~~~~~^^^^^^^^^^^^^^^^^^^^^^^^^^^^^^^^^^^^^^^^^^^^^^^^^^^^^^^^^^^^^
sqlite3.OperationalError: duplicate column name: mac_address
2026-05-20 21:13:24 - huginn - DEBUG - Suppressed exception
Traceback (most recent call last):
  File "c:\Users\allie\Coding Projects\huggin_suite\huginn\app\core\asset_manager.py", line 115, in init_database
    conn.execute("ALTER TABLE assets ADD COLUMN vendor TEXT DEFAULT ''")
    ~~~~~~~~~~~~^^^^^^^^^^^^^^^^^^^^^^^^^^^^^^^^^^^^^^^^^^^^^^^^^^^^^^^^
sqlite3.OperationalError: duplicate column name: vendor
2026-05-20 21:13:24 - huginn - DEBUG - Suppressed exception
Traceback (most recent call last):
  File "c:\Users\allie\Coding Projects\huggin_suite\huginn\app\core\asset_manager.py", line 122, in init_database
    conn.execute("ALTER TABLE assets ADD COLUMN notes TEXT DEFAULT ''")
    ~~~~~~~~~~~~^^^^^^^^^^^^^^^^^^^^^^^^^^^^^^^^^^^^^^^^^^^^^^^^^^^^^^^
sqlite3.OperationalError: duplicate column name: notes
2026-05-20 21:13:24 - huginn - INFO - Using default configuration
2026-05-20 21:13:26 - huginn - INFO - License saved successfully
2026-05-20 21:13:26 - huginn - INFO - License loaded and validated successfully
2026-05-20 21:13:32 - huginn - DEBUG - Suppressed exception
Traceback (most recent call last):
  File "c:\Users\allie\Coding Projects\huggin_suite\huginn\app\core\asset_manager.py", line 101, in init_database
    conn.execute("ALTER TABLE assets ADD COLUMN fqdn TEXT DEFAULT ''")
    ~~~~~~~~~~~~^^^^^^^^^^^^^^^^^^^^^^^^^^^^^^^^^^^^^^^^^^^^^^^^^^^^^^
sqlite3.OperationalError: duplicate column name: fqdn
2026-05-20 21:13:32 - huginn - DEBUG - Suppressed exception
Traceback (most recent call last):
  File "c:\Users\allie\Coding Projects\huggin_suite\huginn\app\core\asset_manager.py", line 108, in init_database
    conn.execute("ALTER TABLE assets ADD COLUMN mac_address TEXT DEFAULT ''")
    ~~~~~~~~~~~~^^^^^^^^^^^^^^^^^^^^^^^^^^^^^^^^^^^^^^^^^^^^^^^^^^^^^^^^^^^^^
sqlite3.OperationalError: duplicate column name: mac_address
2026-05-20 21:13:32 - huginn - DEBUG - Suppressed exception
Traceback (most recent call last):
  File "c:\Users\allie\Coding Projects\huggin_suite\huginn\app\core\asset_manager.py", line 115, in init_database
    conn.execute("ALTER TABLE assets ADD COLUMN vendor TEXT DEFAULT ''")
    ~~~~~~~~~~~~^^^^^^^^^^^^^^^^^^^^^^^^^^^^^^^^^^^^^^^^^^^^^^^^^^^^^^^^
sqlite3.OperationalError: duplicate column name: vendor
2026-05-20 21:13:32 - huginn - DEBUG - Suppressed exception
Traceback (most recent call last):
  File "c:\Users\allie\Coding Projects\huggin_suite\huginn\app\core\asset_manager.py", line 122, in init_database
    conn.execute("ALTER TABLE assets ADD COLUMN notes TEXT DEFAULT ''")
    ~~~~~~~~~~~~^^^^^^^^^^^^^^^^^^^^^^^^^^^^^^^^^^^^^^^^^^^^^^^^^^^^^^^
sqlite3.OperationalError: duplicate column name: notes
2026-05-20 21:13:32 - huginn - INFO - Using default configuration
2026-05-20 21:13:35 - huginn - INFO - License saved successfully
2026-05-20 21:13:35 - huginn - INFO - License loaded and validated successfully
2026-05-20 21:13:51 - huginn - DEBUG - Suppressed exception
Traceback (most recent call last):
  File "c:\Users\allie\Coding Projects\huggin_suite\huginn\app\core\asset_manager.py", line 101, in init_database
    conn.execute("ALTER TABLE assets ADD COLUMN fqdn TEXT DEFAULT ''")
    ~~~~~~~~~~~~^^^^^^^^^^^^^^^^^^^^^^^^^^^^^^^^^^^^^^^^^^^^^^^^^^^^^^
sqlite3.OperationalError: duplicate column name: fqdn
2026-05-20 21:13:51 - huginn - DEBUG - Suppressed exception
Traceback (most recent call last):
  File "c:\Users\allie\Coding Projects\huggin_suite\huginn\app\core\asset_manager.py", line 108, in init_database
    conn.execute("ALTER TABLE assets ADD COLUMN mac_address TEXT DEFAULT ''")
    ~~~~~~~~~~~~^^^^^^^^^^^^^^^^^^^^^^^^^^^^^^^^^^^^^^^^^^^^^^^^^^^^^^^^^^^^^
sqlite3.OperationalError: duplicate column name: mac_address
2026-05-20 21:13:51 - huginn - DEBUG - Suppressed exception
Traceback (most recent call last):
  File "c:\Users\allie\Coding Projects\huggin_suite\huginn\app\core\asset_manager.py", line 115, in init_database
    conn.execute("ALTER TABLE assets ADD COLUMN vendor TEXT DEFAULT ''")
    ~~~~~~~~~~~~^^^^^^^^^^^^^^^^^^^^^^^^^^^^^^^^^^^^^^^^^^^^^^^^^^^^^^^^
sqlite3.OperationalError: duplicate column name: vendor
2026-05-20 21:13:51 - huginn - DEBUG - Suppressed exception
Traceback (most recent call last):
  File "c:\Users\allie\Coding Projects\huggin_suite\huginn\app\core\asset_manager.py", line 122, in init_database
    conn.execute("ALTER TABLE assets ADD COLUMN notes TEXT DEFAULT ''")
    ~~~~~~~~~~~~^^^^^^^^^^^^^^^^^^^^^^^^^^^^^^^^^^^^^^^^^^^^^^^^^^^^^^^
sqlite3.OperationalError: duplicate column name: notes
2026-05-20 21:13:51 - huginn - INFO - Using default configuration
2026-05-20 21:13:53 - huginn - INFO - License saved successfully
2026-05-20 21:13:53 - huginn - INFO - License loaded and validated successfully
2026-05-20 21:14:06 - huginn - DEBUG - Suppressed exception
Traceback (most recent call last):
  File "c:\Users\allie\Coding Projects\huggin_suite\huginn\app\core\asset_manager.py", line 101, in init_database
    conn.execute("ALTER TABLE assets ADD COLUMN fqdn TEXT DEFAULT ''")
    ~~~~~~~~~~~~^^^^^^^^^^^^^^^^^^^^^^^^^^^^^^^^^^^^^^^^^^^^^^^^^^^^^^
sqlite3.OperationalError: duplicate column name: fqdn
2026-05-20 21:14:06 - huginn - DEBUG - Suppressed exception
Traceback (most recent call last):
  File "c:\Users\allie\Coding Projects\huggin_suite\huginn\app\core\asset_manager.py", line 108, in init_database
    conn.execute("ALTER TABLE assets ADD COLUMN mac_address TEXT DEFAULT ''")
    ~~~~~~~~~~~~^^^^^^^^^^^^^^^^^^^^^^^^^^^^^^^^^^^^^^^^^^^^^^^^^^^^^^^^^^^^^
sqlite3.OperationalError: duplicate column name: mac_address
2026-05-20 21:14:06 - huginn - DEBUG - Suppressed exception
Traceback (most recent call last):
  File "c:\Users\allie\Coding Projects\huggin_suite\huginn\app\core\asset_manager.py", line 115, in init_database
    conn.execute("ALTER TABLE assets ADD COLUMN vendor TEXT DEFAULT ''")
    ~~~~~~~~~~~~^^^^^^^^^^^^^^^^^^^^^^^^^^^^^^^^^^^^^^^^^^^^^^^^^^^^^^^^
sqlite3.OperationalError: duplicate column name: vendor
2026-05-20 21:14:06 - huginn - DEBUG - Suppressed exception
Traceback (most recent call last):
  File "c:\Users\allie\Coding Projects\huggin_suite\huginn\app\core\asset_manager.py", line 122, in init_database
    conn.execute("ALTER TABLE assets ADD COLUMN notes TEXT DEFAULT ''")
    ~~~~~~~~~~~~^^^^^^^^^^^^^^^^^^^^^^^^^^^^^^^^^^^^^^^^^^^^^^^^^^^^^^^
sqlite3.OperationalError: duplicate column name: notes
2026-05-20 21:14:06 - huginn - INFO - Using default configuration
2026-05-20 21:14:08 - huginn - INFO - License saved successfully
2026-05-20 21:14:08 - huginn - INFO - License loaded and validated successfully
2026-05-20 21:14:17 - huginn - DEBUG - Suppressed exception
Traceback (most recent call last):
  File "c:\Users\allie\Coding Projects\huggin_suite\huginn\app\core\asset_manager.py", line 101, in init_database
    conn.execute("ALTER TABLE assets ADD COLUMN fqdn TEXT DEFAULT ''")
    ~~~~~~~~~~~~^^^^^^^^^^^^^^^^^^^^^^^^^^^^^^^^^^^^^^^^^^^^^^^^^^^^^^
sqlite3.OperationalError: duplicate column name: fqdn
2026-05-20 21:14:17 - huginn - DEBUG - Suppressed exception
Traceback (most recent call last):
  File "c:\Users\allie\Coding Projects\huggin_suite\huginn\app\core\asset_manager.py", line 108, in init_database
    conn.execute("ALTER TABLE assets ADD COLUMN mac_address TEXT DEFAULT ''")
    ~~~~~~~~~~~~^^^^^^^^^^^^^^^^^^^^^^^^^^^^^^^^^^^^^^^^^^^^^^^^^^^^^^^^^^^^^
sqlite3.OperationalError: duplicate column name: mac_address
2026-05-20 21:14:17 - huginn - DEBUG - Suppressed exception
Traceback (most recent call last):
  File "c:\Users\allie\Coding Projects\huggin_suite\huginn\app\core\asset_manager.py", line 115, in init_database
    conn.execute("ALTER TABLE assets ADD COLUMN vendor TEXT DEFAULT ''")
    ~~~~~~~~~~~~^^^^^^^^^^^^^^^^^^^^^^^^^^^^^^^^^^^^^^^^^^^^^^^^^^^^^^^^
sqlite3.OperationalError: duplicate column name: vendor
2026-05-20 21:14:17 - huginn - DEBUG - Suppressed exception
Traceback (most recent call last):
  File "c:\Users\allie\Coding Projects\huggin_suite\huginn\app\core\asset_manager.py", line 122, in init_database
    conn.execute("ALTER TABLE assets ADD COLUMN notes TEXT DEFAULT ''")
    ~~~~~~~~~~~~^^^^^^^^^^^^^^^^^^^^^^^^^^^^^^^^^^^^^^^^^^^^^^^^^^^^^^^
sqlite3.OperationalError: duplicate column name: notes
2026-05-20 21:14:17 - huginn - INFO - Using default configuration
2026-05-20 21:14:19 - huginn - INFO - License saved successfully
2026-05-20 21:14:19 - huginn - INFO - License loaded and validated successfully
2026-05-20 21:14:30 - huginn - DEBUG - Suppressed exception
Traceback (most recent call last):
  File "c:\Users\allie\Coding Projects\huggin_suite\huginn\app\core\asset_manager.py", line 101, in init_database
    conn.execute("ALTER TABLE assets ADD COLUMN fqdn TEXT DEFAULT ''")
    ~~~~~~~~~~~~^^^^^^^^^^^^^^^^^^^^^^^^^^^^^^^^^^^^^^^^^^^^^^^^^^^^^^
sqlite3.OperationalError: duplicate column name: fqdn
2026-05-20 21:14:30 - huginn - DEBUG - Suppressed exception
Traceback (most recent call last):
  File "c:\Users\allie\Coding Projects\huggin_suite\huginn\app\core\asset_manager.py", line 108, in init_database
    conn.execute("ALTER TABLE assets ADD COLUMN mac_address TEXT DEFAULT ''")
    ~~~~~~~~~~~~^^^^^^^^^^^^^^^^^^^^^^^^^^^^^^^^^^^^^^^^^^^^^^^^^^^^^^^^^^^^^
sqlite3.OperationalError: duplicate column name: mac_address
2026-05-20 21:14:30 - huginn - DEBUG - Suppressed exception
Traceback (most recent call last):
  File "c:\Users\allie\Coding Projects\huggin_suite\huginn\app\core\asset_manager.py", line 115, in init_database
    conn.execute("ALTER TABLE assets ADD COLUMN vendor TEXT DEFAULT ''")
    ~~~~~~~~~~~~^^^^^^^^^^^^^^^^^^^^^^^^^^^^^^^^^^^^^^^^^^^^^^^^^^^^^^^^
sqlite3.OperationalError: duplicate column name: vendor
2026-05-20 21:14:30 - huginn - DEBUG - Suppressed exception
Traceback (most recent call last):
  File "c:\Users\allie\Coding Projects\huggin_suite\huginn\app\core\asset_manager.py", line 122, in init_database
    conn.execute("ALTER TABLE assets ADD COLUMN notes TEXT DEFAULT ''")
    ~~~~~~~~~~~~^^^^^^^^^^^^^^^^^^^^^^^^^^^^^^^^^^^^^^^^^^^^^^^^^^^^^^^
sqlite3.OperationalError: duplicate column name: notes
2026-05-20 21:14:30 - huginn - INFO - Using default configuration
2026-05-20 21:14:32 - huginn - INFO - License saved successfully
2026-05-20 21:14:32 - huginn - INFO - License loaded and validated successfully
2026-05-20 21:14:37 - huginn - DEBUG - Suppressed exception
Traceback (most recent call last):
  File "c:\Users\allie\Coding Projects\huggin_suite\huginn\app\core\asset_manager.py", line 101, in init_database
    conn.execute("ALTER TABLE assets ADD COLUMN fqdn TEXT DEFAULT ''")
    ~~~~~~~~~~~~^^^^^^^^^^^^^^^^^^^^^^^^^^^^^^^^^^^^^^^^^^^^^^^^^^^^^^
sqlite3.OperationalError: duplicate column name: fqdn
2026-05-20 21:14:37 - huginn - DEBUG - Suppressed exception
Traceback (most recent call last):
  File "c:\Users\allie\Coding Projects\huggin_suite\huginn\app\core\asset_manager.py", line 108, in init_database
    conn.execute("ALTER TABLE assets ADD COLUMN mac_address TEXT DEFAULT ''")
    ~~~~~~~~~~~~^^^^^^^^^^^^^^^^^^^^^^^^^^^^^^^^^^^^^^^^^^^^^^^^^^^^^^^^^^^^^
sqlite3.OperationalError: duplicate column name: mac_address
2026-05-20 21:14:37 - huginn - DEBUG - Suppressed exception
Traceback (most recent call last):
  File "c:\Users\allie\Coding Projects\huggin_suite\huginn\app\core\asset_manager.py", line 115, in init_database
    conn.execute("ALTER TABLE assets ADD COLUMN vendor TEXT DEFAULT ''")
    ~~~~~~~~~~~~^^^^^^^^^^^^^^^^^^^^^^^^^^^^^^^^^^^^^^^^^^^^^^^^^^^^^^^^
sqlite3.OperationalError: duplicate column name: vendor
2026-05-20 21:14:37 - huginn - DEBUG - Suppressed exception
Traceback (most recent call last):
  File "c:\Users\allie\Coding Projects\huggin_suite\huginn\app\core\asset_manager.py", line 122, in init_database
    conn.execute("ALTER TABLE assets ADD COLUMN notes TEXT DEFAULT ''")
    ~~~~~~~~~~~~^^^^^^^^^^^^^^^^^^^^^^^^^^^^^^^^^^^^^^^^^^^^^^^^^^^^^^^
sqlite3.OperationalError: duplicate column name: notes
2026-05-20 21:14:37 - huginn - INFO - Using default configuration
2026-05-20 21:14:39 - huginn - INFO - License saved successfully
2026-05-20 21:14:39 - huginn - INFO - License loaded and validated successfully
2026-05-20 21:14:55 - huginn - DEBUG - Suppressed exception
Traceback (most recent call last):
  File "c:\Users\allie\Coding Projects\huggin_suite\huginn\app\core\asset_manager.py", line 101, in init_database
    conn.execute("ALTER TABLE assets ADD COLUMN fqdn TEXT DEFAULT ''")
    ~~~~~~~~~~~~^^^^^^^^^^^^^^^^^^^^^^^^^^^^^^^^^^^^^^^^^^^^^^^^^^^^^^
sqlite3.OperationalError: duplicate column name: fqdn
2026-05-20 21:14:55 - huginn - DEBUG - Suppressed exception
Traceback (most recent call last):
  File "c:\Users\allie\Coding Projects\huggin_suite\huginn\app\core\asset_manager.py", line 108, in init_database
    conn.execute("ALTER TABLE assets ADD COLUMN mac_address TEXT DEFAULT ''")
    ~~~~~~~~~~~~^^^^^^^^^^^^^^^^^^^^^^^^^^^^^^^^^^^^^^^^^^^^^^^^^^^^^^^^^^^^^
sqlite3.OperationalError: duplicate column name: mac_address
2026-05-20 21:14:55 - huginn - DEBUG - Suppressed exception
Traceback (most recent call last):
  File "c:\Users\allie\Coding Projects\huggin_suite\huginn\app\core\asset_manager.py", line 115, in init_database
    conn.execute("ALTER TABLE assets ADD COLUMN vendor TEXT DEFAULT ''")
    ~~~~~~~~~~~~^^^^^^^^^^^^^^^^^^^^^^^^^^^^^^^^^^^^^^^^^^^^^^^^^^^^^^^^
sqlite3.OperationalError: duplicate column name: vendor
2026-05-20 21:14:55 - huginn - DEBUG - Suppressed exception
Traceback (most recent call last):
  File "c:\Users\allie\Coding Projects\huggin_suite\huginn\app\core\asset_manager.py", line 122, in init_database
    conn.execute("ALTER TABLE assets ADD COLUMN notes TEXT DEFAULT ''")
    ~~~~~~~~~~~~^^^^^^^^^^^^^^^^^^^^^^^^^^^^^^^^^^^^^^^^^^^^^^^^^^^^^^^
sqlite3.OperationalError: duplicate column name: notes
2026-05-20 21:14:55 - huginn - INFO - Using default configuration
2026-05-20 21:14:58 - huginn - INFO - License saved successfully
2026-05-20 21:14:58 - huginn - INFO - License loaded and validated successfully
2026-05-20 21:15:19 - huginn - DEBUG - Suppressed exception
Traceback (most recent call last):
  File "c:\Users\allie\Coding Projects\huggin_suite\huginn\app\core\asset_manager.py", line 101, in init_database
    conn.execute("ALTER TABLE assets ADD COLUMN fqdn TEXT DEFAULT ''")
    ~~~~~~~~~~~~^^^^^^^^^^^^^^^^^^^^^^^^^^^^^^^^^^^^^^^^^^^^^^^^^^^^^^
sqlite3.OperationalError: duplicate column name: fqdn
2026-05-20 21:15:19 - huginn - DEBUG - Suppressed exception
Traceback (most recent call last):
  File "c:\Users\allie\Coding Projects\huggin_suite\huginn\app\core\asset_manager.py", line 108, in init_database
    conn.execute("ALTER TABLE assets ADD COLUMN mac_address TEXT DEFAULT ''")
    ~~~~~~~~~~~~^^^^^^^^^^^^^^^^^^^^^^^^^^^^^^^^^^^^^^^^^^^^^^^^^^^^^^^^^^^^^
sqlite3.OperationalError: duplicate column name: mac_address
2026-05-20 21:15:19 - huginn - DEBUG - Suppressed exception
Traceback (most recent call last):
  File "c:\Users\allie\Coding Projects\huggin_suite\huginn\app\core\asset_manager.py", line 115, in init_database
    conn.execute("ALTER TABLE assets ADD COLUMN vendor TEXT DEFAULT ''")
    ~~~~~~~~~~~~^^^^^^^^^^^^^^^^^^^^^^^^^^^^^^^^^^^^^^^^^^^^^^^^^^^^^^^^
sqlite3.OperationalError: duplicate column name: vendor
2026-05-20 21:15:19 - huginn - DEBUG - Suppressed exception
Traceback (most recent call last):
  File "c:\Users\allie\Coding Projects\huggin_suite\huginn\app\core\asset_manager.py", line 122, in init_database
    conn.execute("ALTER TABLE assets ADD COLUMN notes TEXT DEFAULT ''")
    ~~~~~~~~~~~~^^^^^^^^^^^^^^^^^^^^^^^^^^^^^^^^^^^^^^^^^^^^^^^^^^^^^^^
sqlite3.OperationalError: duplicate column name: notes
2026-05-20 21:15:20 - huginn - INFO - Using default configuration
2026-05-20 21:15:22 - huginn - INFO - License saved successfully
2026-05-20 21:15:22 - huginn - INFO - License loaded and validated successfully
2026-05-20 21:44:53 - huginn - INFO - License saved successfully
2026-05-20 21:44:53 - huginn - INFO - License loaded and validated successfully
2026-05-20 21:44:53 - huginn - INFO - Application starting...
2026-05-20 21:44:53 - huginn - INFO - Font loaded successfully
2026-05-20 21:44:53 - huginn - INFO - Stylesheet loaded successfully
2026-05-20 21:44:53 - huginn - INFO - Creating main window...
2026-05-20 21:44:53 - huginn - INFO - QThreadPool max threads set to 32 (CPUs: 32)
2026-05-20 21:44:53 - huginn - INFO - Custom font 'Neuropol X' loaded from C:\Users\allie\Coding Projects\huggin_suite\huginn\resources\fonts\neuropol.otf
2026-05-20 21:44:53 - huginn - DEBUG - Suppressed exception
Traceback (most recent call last):
  File "C:\Users\allie\Coding Projects\huggin_suite\huginn\app\pages\page_registry.py", line 45, in register_all_pages
    from app.pages.db_attacks_page import DBAttacksPage
ImportError: cannot import name 'DBAttacksPage' from 'app.pages.db_attacks_page' (C:\Users\allie\Coding Projects\huggin_suite\huginn\app\pages\db_attacks_page.py)
2026-05-20 21:44:58 - huginn - DEBUG - Credentials loaded for profile 'Silentium'
2026-05-20 21:44:58 - huginn - DEBUG - Suppressed exception
Traceback (most recent call last):
  File "C:\Users\allie\Coding Projects\huggin_suite\huginn\app\core\scope_manager.py", line 62, in _parse_scope_text
    ipaddress.IPv4Address(item)
    ~~~~~~~~~~~~~~~~~~~~~^^^^^^
  File "C:\Users\allie\anaconda3\Lib\ipaddress.py", line 1319, in __init__
    self._ip = self._ip_int_from_string(addr_str)
               ~~~~~~~~~~~~~~~~~~~~~~~~^^^^^^^^^^
  File "C:\Users\allie\anaconda3\Lib\ipaddress.py", line 1206, in _ip_int_from_string
    raise AddressValueError("Expected 4 octets in %r" % ip_str)
ipaddress.AddressValueError: Expected 4 octets in 'silentium.htb'
2026-05-20 21:44:58 - huginn - DEBUG - Credentials loaded for profile 'Silentium'
2026-05-20 21:44:58 - huginn - DEBUG - Suppressed exception
Traceback (most recent call last):
  File "C:\Users\allie\Coding Projects\huggin_suite\huginn\app\core\scope_manager.py", line 62, in _parse_scope_text
    ipaddress.IPv4Address(item)
    ~~~~~~~~~~~~~~~~~~~~~^^^^^^
  File "C:\Users\allie\anaconda3\Lib\ipaddress.py", line 1319, in __init__
    self._ip = self._ip_int_from_string(addr_str)
               ~~~~~~~~~~~~~~~~~~~~~~~~^^^^^^^^^^
  File "C:\Users\allie\anaconda3\Lib\ipaddress.py", line 1206, in _ip_int_from_string
    raise AddressValueError("Expected 4 octets in %r" % ip_str)
ipaddress.AddressValueError: Expected 4 octets in 'silentium.htb'
2026-05-20 21:45:07 - huginn - INFO - VPN connection terminated
2026-05-20 21:45:07 - huginn - INFO - OpenVPN connection started with config: C:/Users/allie/Downloads/machines_au-1.ovpn
2026-05-20 21:45:08 - huginn - DEBUG - OpenVPN: 2026-05-20 21:45:07 Note: --data-ciphers-fallback with cipher 'AES-128-CBC' disables data channel offload.
2026-05-20 21:45:08 - huginn - DEBUG - OpenVPN: 2026-05-20 21:45:07 OpenVPN 2.6.14 [git:none/0169b4ad2bb35d2c] Windows [SSL (OpenSSL)] [LZO] [LZ4] [PKCS11] [AEAD] [DCO] built on Jun 19 2025
2026-05-20 21:45:08 - huginn - DEBUG - OpenVPN: 2026-05-20 21:45:07 Windows version 10.0 (Windows 10 or greater), amd64 executable
2026-05-20 21:45:08 - huginn - DEBUG - OpenVPN: 2026-05-20 21:45:07 library versions: OpenSSL 3.5.0 8 Apr 2025, LZO 2.10
2026-05-20 21:45:08 - huginn - DEBUG - OpenVPN: 2026-05-20 21:45:07 DCO version: N/A
2026-05-20 21:45:08 - huginn - DEBUG - OpenVPN: 2026-05-20 21:45:07 TCP/UDP: Preserving recently used remote address: [AF_INET]206.148.40.161:1337
2026-05-20 21:45:08 - huginn - DEBUG - OpenVPN: 2026-05-20 21:45:07 Socket Buffers: R=[65536->65536] S=[65536->65536]
2026-05-20 21:45:08 - huginn - DEBUG - OpenVPN: 2026-05-20 21:45:07 UDPv4 link local: (not bound)
2026-05-20 21:45:08 - huginn - DEBUG - OpenVPN: 2026-05-20 21:45:07 UDPv4 link remote: [AF_INET]206.148.40.161:1337
2026-05-20 21:45:08 - huginn - DEBUG - OpenVPN: 2026-05-20 21:45:07 TLS: Initial packet from [AF_INET]206.148.40.161:1337, sid=cc3cd2c1 3d8549b1
2026-05-20 21:45:08 - huginn - DEBUG - OpenVPN: 2026-05-20 21:45:07 VERIFY OK: depth=2, C=GR, O=Hack The Box, OU=Systems, CN=HTB VPN: Root Certificate Authority
2026-05-20 21:45:08 - huginn - DEBUG - OpenVPN: 2026-05-20 21:45:07 VERIFY OK: depth=1, C=GR, O=Hack The Box, OU=Systems, CN=HTB VPN: au-free-1 Issuing CA
2026-05-20 21:45:08 - huginn - DEBUG - OpenVPN: 2026-05-20 21:45:07 VERIFY KU OK
2026-05-20 21:45:08 - huginn - DEBUG - OpenVPN: 2026-05-20 21:45:07 Validating certificate extended key usage
2026-05-20 21:45:08 - huginn - DEBUG - OpenVPN: 2026-05-20 21:45:07 ++ Certificate has EKU (str) TLS Web Client Authentication, expects TLS Web Server Authentication
2026-05-20 21:45:08 - huginn - DEBUG - OpenVPN: 2026-05-20 21:45:07 ++ Certificate has EKU (oid) 1.3.6.1.5.5.7.3.2, expects TLS Web Server Authentication
2026-05-20 21:45:08 - huginn - DEBUG - OpenVPN: 2026-05-20 21:45:07 ++ Certificate has EKU (str) TLS Web Server Authentication, expects TLS Web Server Authentication
2026-05-20 21:45:08 - huginn - DEBUG - OpenVPN: 2026-05-20 21:45:07 VERIFY EKU OK
2026-05-20 21:45:08 - huginn - DEBUG - OpenVPN: 2026-05-20 21:45:07 VERIFY OK: depth=0, C=GR, O=Hack The Box, OU=Systems, CN=au-free-1
2026-05-20 21:45:09 - huginn - DEBUG - OpenVPN: 2026-05-20 21:45:07 Control Channel: TLSv1.3, cipher TLSv1.3 TLS_AES_256_GCM_SHA384, peer certificate: 256 bits ED25519, signature: ED25519, peer temporary key: 253 bits X25519
2026-05-20 21:45:09 - huginn - DEBUG - OpenVPN: 2026-05-20 21:45:07 [au-free-1] Peer Connection Initiated with [AF_INET]206.148.40.161:1337
2026-05-20 21:45:09 - huginn - DEBUG - OpenVPN: 2026-05-20 21:45:07 TLS: move_session: dest=TM_ACTIVE src=TM_INITIAL reinit_src=1
2026-05-20 21:45:09 - huginn - DEBUG - OpenVPN: 2026-05-20 21:45:07 TLS: tls_multi_process: initial untrusted session promoted to trusted
2026-05-20 21:45:09 - huginn - DEBUG - OpenVPN: 2026-05-20 21:45:08 SENT CONTROL [au-free-1]: 'PUSH_REQUEST' (status=1)
2026-05-20 21:45:09 - huginn - DEBUG - OpenVPN: 2026-05-20 21:45:08 PUSH: Received control message: 'PUSH_REPLY,route 10.10.8.0 255.255.252.0,route 10.129.0.0 255.255.0.0,route-ipv6 dead:beef::/64,explicit-exit-notify,tun-ipv6,route-gateway 10.10.14.1,topology subnet,ping 10,ping-restart 120,ifconfig-ipv6 dead:beef:2::1016/64 dead:beef:2::1,ifconfig 10.10.14.24 255.255.254.0,peer-id 14,cipher AES-256-CBC,protocol-flags cc-exit tls-ekm dyn-tls-crypt,tun-mtu 1500'
2026-05-20 21:45:09 - huginn - INFO - VPN IP address assigned: 10.10.14.24
2026-05-20 21:45:09 - huginn - DEBUG - OpenVPN: 2026-05-20 21:45:08 OPTIONS IMPORT: --ifconfig/up options modified
2026-05-20 21:45:09 - huginn - DEBUG - OpenVPN: 2026-05-20 21:45:08 OPTIONS IMPORT: route options modified
2026-05-20 21:45:09 - huginn - DEBUG - OpenVPN: 2026-05-20 21:45:08 OPTIONS IMPORT: route-related options modified
2026-05-20 21:45:09 - huginn - DEBUG - OpenVPN: 2026-05-20 21:45:08 OPTIONS IMPORT: tun-mtu set to 1500
2026-05-20 21:45:09 - huginn - DEBUG - OpenVPN: 2026-05-20 21:45:08 interactive service msg_channel=0
2026-05-20 21:45:09 - huginn - DEBUG - OpenVPN: 2026-05-20 21:45:08 ROUTE_GATEWAY 192.168.1.1/255.255.255.0 I=23 HWADDR=88:d8:2e:79:0c:48
2026-05-20 21:45:09 - huginn - DEBUG - OpenVPN: 2026-05-20 21:45:08 GDG6: remote_host_ipv6=n/a
2026-05-20 21:45:09 - huginn - DEBUG - OpenVPN: 2026-05-20 21:45:08 NOTE: GetBestInterfaceEx returned error: Element not found.   (code=1168)
2026-05-20 21:45:09 - huginn - DEBUG - OpenVPN: 2026-05-20 21:45:08 ROUTE6: default_gateway=UNDEF
2026-05-20 21:45:09 - huginn - DEBUG - OpenVPN: 2026-05-20 21:45:08 open_tun
2026-05-20 21:45:09 - huginn - DEBUG - OpenVPN: 2026-05-20 21:45:08 tap-windows6 device [OpenVPN TAP-Windows6] opened
2026-05-20 21:45:09 - huginn - DEBUG - OpenVPN: 2026-05-20 21:45:08 TAP-Windows Driver Version 9.27
2026-05-20 21:45:09 - huginn - DEBUG - OpenVPN: 2026-05-20 21:45:08 Set TAP-Windows TUN subnet mode network/local/netmask = 10.10.14.0/10.10.14.24/255.255.254.0 [SUCCEEDED]
2026-05-20 21:45:09 - huginn - DEBUG - OpenVPN: 2026-05-20 21:45:08 Notified TAP-Windows driver to set a DHCP IP/netmask of 10.10.14.24/255.255.254.0 on interface {9624926F-3F6E-402F-BBEF-68BB8BB5B777} [DHCP-serv: 10.10.14.0, lease-time: 31536000]
2026-05-20 21:45:09 - huginn - DEBUG - OpenVPN: 2026-05-20 21:45:08 Successful ARP Flush on interface [18] {9624926F-3F6E-402F-BBEF-68BB8BB5B777}
2026-05-20 21:45:09 - huginn - DEBUG - OpenVPN: 2026-05-20 21:45:08 IPv4 MTU set to 1500 on interface 18 using SetIpInterfaceEntry()
2026-05-20 21:45:09 - huginn - DEBUG - OpenVPN: 2026-05-20 21:45:08 NETSH: C:\WINDOWS\system32\netsh.exe interface ipv6 set address 18 dead:beef:2::1016/128 store=active
2026-05-20 21:45:09 - huginn - DEBUG - OpenVPN: 2026-05-20 21:45:08 add_route_ipv6(dead:beef:2::/64 -> dead:beef:2::1016 metric 0) IF 18
2026-05-20 21:45:09 - huginn - DEBUG - OpenVPN: 2026-05-20 21:45:08 IPv6 route addition using ipapi failed because route exists
2026-05-20 21:45:09 - huginn - DEBUG - OpenVPN: 2026-05-20 21:45:08 NETSH: C:\WINDOWS\system32\netsh.exe interface ipv6 delete dns 18 all
2026-05-20 21:45:09 - huginn - DEBUG - OpenVPN: 2026-05-20 21:45:08 IPv6 MTU set to 1500 on interface 18 using SetIpInterfaceEntry()
2026-05-20 21:45:09 - huginn - DEBUG - OpenVPN: 2026-05-20 21:45:08 Data Channel: cipher 'AES-256-CBC', auth 'SHA256', peer-id: 14, compression: 'lzo'
2026-05-20 21:45:09 - huginn - DEBUG - OpenVPN: 2026-05-20 21:45:08 Timers: ping 10, ping-restart 120
2026-05-20 21:45:09 - huginn - DEBUG - OpenVPN: 2026-05-20 21:45:08 Protocol options: explicit-exit-notify 1, protocol-flags cc-exit tls-ekm dyn-tls-crypt
2026-05-20 21:45:14 - huginn - DEBUG - OpenVPN: 2026-05-20 21:45:13 TEST ROUTES: 2/2 succeeded len=2 ret=1 a=0 u/d=up
2026-05-20 21:45:14 - huginn - DEBUG - OpenVPN: 2026-05-20 21:45:13 C:\WINDOWS\system32\route.exe ADD 10.10.8.0 MASK 255.255.252.0 10.10.14.1
2026-05-20 21:45:14 - huginn - DEBUG - OpenVPN: 2026-05-20 21:45:13 Route addition via ipapi [adaptive] failed because route exists
2026-05-20 21:45:14 - huginn - DEBUG - OpenVPN: 2026-05-20 21:45:13 C:\WINDOWS\system32\route.exe ADD 10.129.0.0 MASK 255.255.0.0 10.10.14.1
2026-05-20 21:45:14 - huginn - DEBUG - OpenVPN: 2026-05-20 21:45:13 Route addition via ipapi [adaptive] failed because route exists
2026-05-20 21:45:14 - huginn - DEBUG - OpenVPN: 2026-05-20 21:45:13 add_route_ipv6(dead:beef::/64 -> dead:beef:2::1 metric -1) IF 18
2026-05-20 21:45:14 - huginn - DEBUG - OpenVPN: 2026-05-20 21:45:13 IPv6 route addition using ipapi failed because route exists
2026-05-20 21:45:14 - huginn - DEBUG - OpenVPN: 2026-05-20 21:45:13 Initialization Sequence Completed
2026-05-20 21:45:20 - huginn - INFO - DNS server changed to: LocalDNS
2026-05-20 21:45:21 - huginn - INFO - Local DNS server started on port 53530
2026-05-20 21:45:25 - huginn - DEBUG - Wireless security tab unavailable
Traceback (most recent call last):
  File "C:\Users\allie\Coding Projects\huggin_suite\huginn\app\pages\recon_enumeration_page.py", line 99, in setup_ui
    wireless_tab = WirelessSecurityWidget(self)
  File "C:\Users\allie\Coding Projects\huggin_suite\huginn\app\widgets\wireless_security_widget.py", line 52, in __init__
    self.connect_signals()
    ~~~~~~~~~~~~~~~~~~~~^^
  File "C:\Users\allie\Coding Projects\huggin_suite\huginn\app\widgets\wireless_security_widget.py", line 303, in connect_signals
    self.generate_report_btn.clicked.connect(self.generate_report)
    ^^^^^^^^^^^^^^^^^^^^^^^^
AttributeError: 'WirelessSecurityWidget' object has no attribute 'generate_report_btn'. Did you mean: 'generate_report'?
2026-05-20 21:45:31 - huginn - INFO - Using default configuration
2026-05-20 21:45:31 - huginn - DEBUG - Suppressed exception
Traceback (most recent call last):
  File "C:\Users\allie\Coding Projects\huggin_suite\huginn\app\core\asset_manager.py", line 101, in init_database
    conn.execute("ALTER TABLE assets ADD COLUMN fqdn TEXT DEFAULT ''")
    ~~~~~~~~~~~~^^^^^^^^^^^^^^^^^^^^^^^^^^^^^^^^^^^^^^^^^^^^^^^^^^^^^^
sqlite3.OperationalError: duplicate column name: fqdn
2026-05-20 21:45:31 - huginn - DEBUG - Suppressed exception
Traceback (most recent call last):
  File "C:\Users\allie\Coding Projects\huggin_suite\huginn\app\core\asset_manager.py", line 108, in init_database
    conn.execute("ALTER TABLE assets ADD COLUMN mac_address TEXT DEFAULT ''")
    ~~~~~~~~~~~~^^^^^^^^^^^^^^^^^^^^^^^^^^^^^^^^^^^^^^^^^^^^^^^^^^^^^^^^^^^^^
sqlite3.OperationalError: duplicate column name: mac_address
2026-05-20 21:45:31 - huginn - DEBUG - Suppressed exception
Traceback (most recent call last):
  File "C:\Users\allie\Coding Projects\huggin_suite\huginn\app\core\asset_manager.py", line 115, in init_database
    conn.execute("ALTER TABLE assets ADD COLUMN vendor TEXT DEFAULT ''")
    ~~~~~~~~~~~~^^^^^^^^^^^^^^^^^^^^^^^^^^^^^^^^^^^^^^^^^^^^^^^^^^^^^^^^
sqlite3.OperationalError: duplicate column name: vendor
2026-05-20 21:45:31 - huginn - DEBUG - Suppressed exception
Traceback (most recent call last):
  File "C:\Users\allie\Coding Projects\huggin_suite\huginn\app\core\asset_manager.py", line 122, in init_database
    conn.execute("ALTER TABLE assets ADD COLUMN notes TEXT DEFAULT ''")
    ~~~~~~~~~~~~^^^^^^^^^^^^^^^^^^^^^^^^^^^^^^^^^^^^^^^^^^^^^^^^^^^^^^^
sqlite3.OperationalError: duplicate column name: notes
2026-05-20 21:45:31 - huginn - DEBUG - Suppressed exception
Traceback (most recent call last):
  File "C:\Users\allie\Coding Projects\huggin_suite\huginn\app\core\dns_resolver.py", line 14, in resolve_hostname
    ipaddress.ip_address(hostname)
    ~~~~~~~~~~~~~~~~~~~~^^^^^^^^^^
  File "C:\Users\allie\anaconda3\Lib\ipaddress.py", line 54, in ip_address
    raise ValueError(f'{address!r} does not appear to be an IPv4 or IPv6 address')
ValueError: 'staging.silentium.htb' does not appear to be an IPv4 or IPv6 address
2026-05-20 21:45:33 - huginn - DEBUG - Suppressed exception
Traceback (most recent call last):
  File "C:\Users\allie\Coding Projects\huggin_suite\huginn\app\tools\http_fingerprint.py", line 688, in test_ssti_account_detection
    callback_url = self.listener_manager.get_listener_url(bind_ip=True)
                   ^^^^^^^^^^^^^^^^^^^^^^^^^^^^^^^^^^^^^^
AttributeError: 'ListenerManager' object has no attribute 'get_listener_url'. Did you mean: 'get_listener_info'?
2026-05-20 21:45:41 - huginn - DEBUG - Suppressed exception
Traceback (most recent call last):
  File "C:\Users\allie\Coding Projects\huggin_suite\huginn\app\core\dns_resolver.py", line 14, in resolve_hostname
    ipaddress.ip_address(hostname)
    ~~~~~~~~~~~~~~~~~~~~^^^^^^^^^^
  File "C:\Users\allie\anaconda3\Lib\ipaddress.py", line 54, in ip_address
    raise ValueError(f'{address!r} does not appear to be an IPv4 or IPv6 address')
ValueError: 'staging.silentium.htb' does not appear to be an IPv4 or IPv6 address
2026-05-20 21:46:15 - huginn - DEBUG - Suppressed exception
Traceback (most recent call last):
  File "C:\Users\allie\Coding Projects\huggin_suite\huginn\app\core\dns_resolver.py", line 14, in resolve_hostname
    ipaddress.ip_address(hostname)
    ~~~~~~~~~~~~~~~~~~~~^^^^^^^^^^
  File "C:\Users\allie\anaconda3\Lib\ipaddress.py", line 54, in ip_address
    raise ValueError(f'{address!r} does not appear to be an IPv4 or IPv6 address')
ValueError: 'staging.silentium.htb' does not appear to be an IPv4 or IPv6 address
2026-05-20 21:48:11 - huginn - INFO - Local DNS server stopped
2026-05-20 21:48:11 - huginn - INFO - local_dns_server stopped
2026-05-20 21:48:11 - huginn - INFO - VPN connection terminated
2026-05-20 21:48:11 - huginn - INFO - vpn_manager disconnected
2026-05-20 21:48:11 - huginn - DEBUG - Memory monitoring stopped
2026-05-20 21:48:11 - huginn - DEBUG - Connection pool closed all sessions
2026-05-20 21:48:11 - huginn - INFO - Update manager stopped during cleanup
2026-05-20 21:49:13 - huginn - DEBUG - Suppressed exception
Traceback (most recent call last):
  File "c:\Users\allie\Coding Projects\huggin_suite\huginn\app\core\asset_manager.py", line 101, in init_database
    conn.execute("ALTER TABLE assets ADD COLUMN fqdn TEXT DEFAULT ''")
    ~~~~~~~~~~~~^^^^^^^^^^^^^^^^^^^^^^^^^^^^^^^^^^^^^^^^^^^^^^^^^^^^^^
sqlite3.OperationalError: duplicate column name: fqdn
2026-05-20 21:49:13 - huginn - DEBUG - Suppressed exception
Traceback (most recent call last):
  File "c:\Users\allie\Coding Projects\huggin_suite\huginn\app\core\asset_manager.py", line 108, in init_database
    conn.execute("ALTER TABLE assets ADD COLUMN mac_address TEXT DEFAULT ''")
    ~~~~~~~~~~~~^^^^^^^^^^^^^^^^^^^^^^^^^^^^^^^^^^^^^^^^^^^^^^^^^^^^^^^^^^^^^
sqlite3.OperationalError: duplicate column name: mac_address
2026-05-20 21:49:13 - huginn - DEBUG - Suppressed exception
Traceback (most recent call last):
  File "c:\Users\allie\Coding Projects\huggin_suite\huginn\app\core\asset_manager.py", line 115, in init_database
    conn.execute("ALTER TABLE assets ADD COLUMN vendor TEXT DEFAULT ''")
    ~~~~~~~~~~~~^^^^^^^^^^^^^^^^^^^^^^^^^^^^^^^^^^^^^^^^^^^^^^^^^^^^^^^^
sqlite3.OperationalError: duplicate column name: vendor
2026-05-20 21:49:13 - huginn - DEBUG - Suppressed exception
Traceback (most recent call last):
  File "c:\Users\allie\Coding Projects\huggin_suite\huginn\app\core\asset_manager.py", line 122, in init_database
    conn.execute("ALTER TABLE assets ADD COLUMN notes TEXT DEFAULT ''")
    ~~~~~~~~~~~~^^^^^^^^^^^^^^^^^^^^^^^^^^^^^^^^^^^^^^^^^^^^^^^^^^^^^^^
sqlite3.OperationalError: duplicate column name: notes
2026-05-20 21:49:13 - huginn - INFO - Using default configuration
2026-05-20 21:49:15 - huginn - INFO - License saved successfully
2026-05-20 21:49:15 - huginn - INFO - License loaded and validated successfully
2026-05-20 21:50:02 - huginn - INFO - License saved successfully
2026-05-20 21:50:02 - huginn - INFO - License loaded and validated successfully
2026-05-20 21:50:02 - huginn - INFO - Application starting...
2026-05-20 21:50:02 - huginn - INFO - Font loaded successfully
2026-05-20 21:50:02 - huginn - INFO - Stylesheet loaded successfully
2026-05-20 21:50:02 - huginn - INFO - Creating main window...
2026-05-20 21:50:02 - huginn - INFO - QThreadPool max threads set to 32 (CPUs: 32)
2026-05-20 21:50:02 - huginn - INFO - Custom font 'Neuropol X' loaded from C:\Users\allie\Coding Projects\huggin_suite\huginn\resources\fonts\neuropol.otf
2026-05-20 21:50:02 - huginn - DEBUG - Suppressed exception
Traceback (most recent call last):
  File "C:\Users\allie\Coding Projects\huggin_suite\huginn\app\pages\page_registry.py", line 45, in register_all_pages
    from app.pages.db_attacks_page import DBAttacksPage
ImportError: cannot import name 'DBAttacksPage' from 'app.pages.db_attacks_page' (C:\Users\allie\Coding Projects\huggin_suite\huginn\app\pages\db_attacks_page.py)
2026-05-20 21:50:08 - huginn - DEBUG - Credentials loaded for profile 'Silentium'
2026-05-20 21:50:08 - huginn - DEBUG - Suppressed exception
Traceback (most recent call last):
  File "C:\Users\allie\Coding Projects\huggin_suite\huginn\app\core\scope_manager.py", line 62, in _parse_scope_text
    ipaddress.IPv4Address(item)
    ~~~~~~~~~~~~~~~~~~~~~^^^^^^
  File "C:\Users\allie\anaconda3\Lib\ipaddress.py", line 1319, in __init__
    self._ip = self._ip_int_from_string(addr_str)
               ~~~~~~~~~~~~~~~~~~~~~~~~^^^^^^^^^^
  File "C:\Users\allie\anaconda3\Lib\ipaddress.py", line 1206, in _ip_int_from_string
    raise AddressValueError("Expected 4 octets in %r" % ip_str)
ipaddress.AddressValueError: Expected 4 octets in 'silentium.htb'
2026-05-20 21:50:08 - huginn - DEBUG - Credentials loaded for profile 'Silentium'
2026-05-20 21:50:08 - huginn - DEBUG - Suppressed exception
Traceback (most recent call last):
  File "C:\Users\allie\Coding Projects\huggin_suite\huginn\app\core\scope_manager.py", line 62, in _parse_scope_text
    ipaddress.IPv4Address(item)
    ~~~~~~~~~~~~~~~~~~~~~^^^^^^
  File "C:\Users\allie\anaconda3\Lib\ipaddress.py", line 1319, in __init__
    self._ip = self._ip_int_from_string(addr_str)
               ~~~~~~~~~~~~~~~~~~~~~~~~^^^^^^^^^^
  File "C:\Users\allie\anaconda3\Lib\ipaddress.py", line 1206, in _ip_int_from_string
    raise AddressValueError("Expected 4 octets in %r" % ip_str)
ipaddress.AddressValueError: Expected 4 octets in 'silentium.htb'
2026-05-20 21:50:17 - huginn - INFO - VPN connection terminated
2026-05-20 21:50:17 - huginn - INFO - OpenVPN connection started with config: C:/Users/allie/Downloads/machines_au-1.ovpn
2026-05-20 21:50:18 - huginn - DEBUG - OpenVPN: 2026-05-20 21:50:17 Note: --data-ciphers-fallback with cipher 'AES-128-CBC' disables data channel offload.
2026-05-20 21:50:18 - huginn - DEBUG - OpenVPN: 2026-05-20 21:50:17 OpenVPN 2.6.14 [git:none/0169b4ad2bb35d2c] Windows [SSL (OpenSSL)] [LZO] [LZ4] [PKCS11] [AEAD] [DCO] built on Jun 19 2025
2026-05-20 21:50:18 - huginn - DEBUG - OpenVPN: 2026-05-20 21:50:17 Windows version 10.0 (Windows 10 or greater), amd64 executable
2026-05-20 21:50:18 - huginn - DEBUG - OpenVPN: 2026-05-20 21:50:17 library versions: OpenSSL 3.5.0 8 Apr 2025, LZO 2.10
2026-05-20 21:50:18 - huginn - DEBUG - OpenVPN: 2026-05-20 21:50:17 DCO version: N/A
2026-05-20 21:50:18 - huginn - DEBUG - OpenVPN: 2026-05-20 21:50:17 TCP/UDP: Preserving recently used remote address: [AF_INET]206.148.40.161:1337
2026-05-20 21:50:18 - huginn - DEBUG - OpenVPN: 2026-05-20 21:50:17 Socket Buffers: R=[65536->65536] S=[65536->65536]
2026-05-20 21:50:18 - huginn - DEBUG - OpenVPN: 2026-05-20 21:50:17 UDPv4 link local: (not bound)
2026-05-20 21:50:18 - huginn - DEBUG - OpenVPN: 2026-05-20 21:50:17 UDPv4 link remote: [AF_INET]206.148.40.161:1337
2026-05-20 21:50:18 - huginn - DEBUG - OpenVPN: 2026-05-20 21:50:17 TLS: Initial packet from [AF_INET]206.148.40.161:1337, sid=addbcfbd 276f7655
2026-05-20 21:50:18 - huginn - DEBUG - OpenVPN: 2026-05-20 21:50:17 VERIFY OK: depth=2, C=GR, O=Hack The Box, OU=Systems, CN=HTB VPN: Root Certificate Authority
2026-05-20 21:50:18 - huginn - DEBUG - OpenVPN: 2026-05-20 21:50:17 VERIFY OK: depth=1, C=GR, O=Hack The Box, OU=Systems, CN=HTB VPN: au-free-1 Issuing CA
2026-05-20 21:50:18 - huginn - DEBUG - OpenVPN: 2026-05-20 21:50:17 VERIFY KU OK
2026-05-20 21:50:18 - huginn - DEBUG - OpenVPN: 2026-05-20 21:50:17 Validating certificate extended key usage
2026-05-20 21:50:18 - huginn - DEBUG - OpenVPN: 2026-05-20 21:50:17 ++ Certificate has EKU (str) TLS Web Client Authentication, expects TLS Web Server Authentication
2026-05-20 21:50:18 - huginn - DEBUG - OpenVPN: 2026-05-20 21:50:17 ++ Certificate has EKU (oid) 1.3.6.1.5.5.7.3.2, expects TLS Web Server Authentication
2026-05-20 21:50:18 - huginn - DEBUG - OpenVPN: 2026-05-20 21:50:17 ++ Certificate has EKU (str) TLS Web Server Authentication, expects TLS Web Server Authentication
2026-05-20 21:50:18 - huginn - DEBUG - OpenVPN: 2026-05-20 21:50:17 VERIFY EKU OK
2026-05-20 21:50:18 - huginn - DEBUG - OpenVPN: 2026-05-20 21:50:17 VERIFY OK: depth=0, C=GR, O=Hack The Box, OU=Systems, CN=au-free-1
2026-05-20 21:50:18 - huginn - DEBUG - OpenVPN: 2026-05-20 21:50:18 Control Channel: TLSv1.3, cipher TLSv1.3 TLS_AES_256_GCM_SHA384, peer certificate: 256 bits ED25519, signature: ED25519, peer temporary key: 253 bits X25519
2026-05-20 21:50:18 - huginn - DEBUG - OpenVPN: 2026-05-20 21:50:18 [au-free-1] Peer Connection Initiated with [AF_INET]206.148.40.161:1337
2026-05-20 21:50:18 - huginn - DEBUG - OpenVPN: 2026-05-20 21:50:18 TLS: move_session: dest=TM_ACTIVE src=TM_INITIAL reinit_src=1
2026-05-20 21:50:18 - huginn - DEBUG - OpenVPN: 2026-05-20 21:50:18 TLS: tls_multi_process: initial untrusted session promoted to trusted
2026-05-20 21:50:19 - huginn - DEBUG - OpenVPN: 2026-05-20 21:50:19 SENT CONTROL [au-free-1]: 'PUSH_REQUEST' (status=1)
2026-05-20 21:50:19 - huginn - DEBUG - OpenVPN: 2026-05-20 21:50:19 PUSH: Received control message: 'PUSH_REPLY,route 10.10.8.0 255.255.252.0,route 10.129.0.0 255.255.0.0,route-ipv6 dead:beef::/64,explicit-exit-notify,tun-ipv6,route-gateway 10.10.14.1,topology subnet,ping 10,ping-restart 120,ifconfig-ipv6 dead:beef:2::1016/64 dead:beef:2::1,ifconfig 10.10.14.24 255.255.254.0,peer-id 0,cipher AES-256-CBC,protocol-flags cc-exit tls-ekm dyn-tls-crypt,tun-mtu 1500'
2026-05-20 21:50:19 - huginn - INFO - VPN IP address assigned: 10.10.14.24
2026-05-20 21:50:19 - huginn - DEBUG - OpenVPN: 2026-05-20 21:50:19 OPTIONS IMPORT: --ifconfig/up options modified
2026-05-20 21:50:19 - huginn - DEBUG - OpenVPN: 2026-05-20 21:50:19 OPTIONS IMPORT: route options modified
2026-05-20 21:50:19 - huginn - DEBUG - OpenVPN: 2026-05-20 21:50:19 OPTIONS IMPORT: route-related options modified
2026-05-20 21:50:19 - huginn - DEBUG - OpenVPN: 2026-05-20 21:50:19 OPTIONS IMPORT: tun-mtu set to 1500
2026-05-20 21:50:19 - huginn - DEBUG - OpenVPN: 2026-05-20 21:50:19 interactive service msg_channel=0
2026-05-20 21:50:19 - huginn - DEBUG - OpenVPN: 2026-05-20 21:50:19 ROUTE_GATEWAY 192.168.1.1/255.255.255.0 I=23 HWADDR=88:d8:2e:79:0c:48
2026-05-20 21:50:19 - huginn - DEBUG - OpenVPN: 2026-05-20 21:50:19 GDG6: remote_host_ipv6=n/a
2026-05-20 21:50:19 - huginn - DEBUG - OpenVPN: 2026-05-20 21:50:19 NOTE: GetBestInterfaceEx returned error: Element not found.   (code=1168)
2026-05-20 21:50:19 - huginn - DEBUG - OpenVPN: 2026-05-20 21:50:19 ROUTE6: default_gateway=UNDEF
2026-05-20 21:50:19 - huginn - DEBUG - OpenVPN: 2026-05-20 21:50:19 open_tun
2026-05-20 21:50:19 - huginn - DEBUG - OpenVPN: 2026-05-20 21:50:19 tap-windows6 device [OpenVPN TAP-Windows6] opened
2026-05-20 21:50:19 - huginn - DEBUG - OpenVPN: 2026-05-20 21:50:19 TAP-Windows Driver Version 9.27
2026-05-20 21:50:19 - huginn - DEBUG - OpenVPN: 2026-05-20 21:50:19 Set TAP-Windows TUN subnet mode network/local/netmask = 10.10.14.0/10.10.14.24/255.255.254.0 [SUCCEEDED]
2026-05-20 21:50:19 - huginn - DEBUG - OpenVPN: 2026-05-20 21:50:19 Notified TAP-Windows driver to set a DHCP IP/netmask of 10.10.14.24/255.255.254.0 on interface {9624926F-3F6E-402F-BBEF-68BB8BB5B777} [DHCP-serv: 10.10.14.0, lease-time: 31536000]
2026-05-20 21:50:19 - huginn - DEBUG - OpenVPN: 2026-05-20 21:50:19 Successful ARP Flush on interface [18] {9624926F-3F6E-402F-BBEF-68BB8BB5B777}
2026-05-20 21:50:19 - huginn - DEBUG - OpenVPN: 2026-05-20 21:50:19 IPv4 MTU set to 1500 on interface 18 using SetIpInterfaceEntry()
2026-05-20 21:50:19 - huginn - DEBUG - OpenVPN: 2026-05-20 21:50:19 NETSH: C:\WINDOWS\system32\netsh.exe interface ipv6 set address 18 dead:beef:2::1016/128 store=active
2026-05-20 21:50:19 - huginn - DEBUG - OpenVPN: 2026-05-20 21:50:19 add_route_ipv6(dead:beef:2::/64 -> dead:beef:2::1016 metric 0) IF 18
2026-05-20 21:50:19 - huginn - DEBUG - OpenVPN: 2026-05-20 21:50:19 IPv6 route addition using ipapi failed because route exists
2026-05-20 21:50:19 - huginn - DEBUG - OpenVPN: 2026-05-20 21:50:19 NETSH: C:\WINDOWS\system32\netsh.exe interface ipv6 delete dns 18 all
2026-05-20 21:50:20 - huginn - DEBUG - OpenVPN: 2026-05-20 21:50:19 IPv6 MTU set to 1500 on interface 18 using SetIpInterfaceEntry()
2026-05-20 21:50:20 - huginn - DEBUG - OpenVPN: 2026-05-20 21:50:19 Data Channel: cipher 'AES-256-CBC', auth 'SHA256', peer-id: 0, compression: 'lzo'
2026-05-20 21:50:20 - huginn - DEBUG - OpenVPN: 2026-05-20 21:50:19 Timers: ping 10, ping-restart 120
2026-05-20 21:50:20 - huginn - DEBUG - OpenVPN: 2026-05-20 21:50:19 Protocol options: explicit-exit-notify 1, protocol-flags cc-exit tls-ekm dyn-tls-crypt
2026-05-20 21:50:24 - huginn - DEBUG - OpenVPN: 2026-05-20 21:50:24 TEST ROUTES: 2/2 succeeded len=2 ret=1 a=0 u/d=up
2026-05-20 21:50:24 - huginn - DEBUG - OpenVPN: 2026-05-20 21:50:24 C:\WINDOWS\system32\route.exe ADD 10.10.8.0 MASK 255.255.252.0 10.10.14.1
2026-05-20 21:50:24 - huginn - DEBUG - OpenVPN: 2026-05-20 21:50:24 Route addition via ipapi [adaptive] failed because route exists
2026-05-20 21:50:24 - huginn - DEBUG - OpenVPN: 2026-05-20 21:50:24 C:\WINDOWS\system32\route.exe ADD 10.129.0.0 MASK 255.255.0.0 10.10.14.1
2026-05-20 21:50:24 - huginn - DEBUG - OpenVPN: 2026-05-20 21:50:24 Route addition via ipapi [adaptive] failed because route exists
2026-05-20 21:50:24 - huginn - DEBUG - OpenVPN: 2026-05-20 21:50:24 add_route_ipv6(dead:beef::/64 -> dead:beef:2::1 metric -1) IF 18
2026-05-20 21:50:24 - huginn - DEBUG - OpenVPN: 2026-05-20 21:50:24 IPv6 route addition using ipapi failed because route exists
2026-05-20 21:50:24 - huginn - DEBUG - OpenVPN: 2026-05-20 21:50:24 Initialization Sequence Completed
2026-05-20 21:50:35 - huginn - INFO - DNS server changed to: LocalDNS
2026-05-20 21:50:35 - huginn - INFO - Local DNS server started on port 53530
2026-05-20 21:52:15 - huginn - DEBUG - Wireless security tab unavailable
Traceback (most recent call last):
  File "C:\Users\allie\Coding Projects\huggin_suite\huginn\app\pages\recon_enumeration_page.py", line 99, in setup_ui
    wireless_tab = WirelessSecurityWidget(self)
  File "C:\Users\allie\Coding Projects\huggin_suite\huginn\app\widgets\wireless_security_widget.py", line 52, in __init__
    self.connect_signals()
    ~~~~~~~~~~~~~~~~~~~~^^
  File "C:\Users\allie\Coding Projects\huggin_suite\huginn\app\widgets\wireless_security_widget.py", line 303, in connect_signals
    self.generate_report_btn.clicked.connect(self.generate_report)
    ^^^^^^^^^^^^^^^^^^^^^^^^
AttributeError: 'WirelessSecurityWidget' object has no attribute 'generate_report_btn'. Did you mean: 'generate_report'?
2026-05-20 21:52:18 - huginn - DEBUG - Suppressed exception
Traceback (most recent call last):
  File "c:\Users\allie\Coding Projects\huggin_suite\huginn\app\core\asset_manager.py", line 101, in init_database
    conn.execute("ALTER TABLE assets ADD COLUMN fqdn TEXT DEFAULT ''")
    ~~~~~~~~~~~~^^^^^^^^^^^^^^^^^^^^^^^^^^^^^^^^^^^^^^^^^^^^^^^^^^^^^^
sqlite3.OperationalError: duplicate column name: fqdn
2026-05-20 21:52:18 - huginn - DEBUG - Suppressed exception
Traceback (most recent call last):
  File "c:\Users\allie\Coding Projects\huggin_suite\huginn\app\core\asset_manager.py", line 108, in init_database
    conn.execute("ALTER TABLE assets ADD COLUMN mac_address TEXT DEFAULT ''")
    ~~~~~~~~~~~~^^^^^^^^^^^^^^^^^^^^^^^^^^^^^^^^^^^^^^^^^^^^^^^^^^^^^^^^^^^^^
sqlite3.OperationalError: duplicate column name: mac_address
2026-05-20 21:52:18 - huginn - DEBUG - Suppressed exception
Traceback (most recent call last):
  File "c:\Users\allie\Coding Projects\huggin_suite\huginn\app\core\asset_manager.py", line 115, in init_database
    conn.execute("ALTER TABLE assets ADD COLUMN vendor TEXT DEFAULT ''")
    ~~~~~~~~~~~~^^^^^^^^^^^^^^^^^^^^^^^^^^^^^^^^^^^^^^^^^^^^^^^^^^^^^^^^
sqlite3.OperationalError: duplicate column name: vendor
2026-05-20 21:52:18 - huginn - DEBUG - Suppressed exception
Traceback (most recent call last):
  File "c:\Users\allie\Coding Projects\huggin_suite\huginn\app\core\asset_manager.py", line 122, in init_database
    conn.execute("ALTER TABLE assets ADD COLUMN notes TEXT DEFAULT ''")
    ~~~~~~~~~~~~^^^^^^^^^^^^^^^^^^^^^^^^^^^^^^^^^^^^^^^^^^^^^^^^^^^^^^^
sqlite3.OperationalError: duplicate column name: notes
2026-05-20 21:52:18 - huginn - INFO - Using default configuration
2026-05-20 21:52:20 - huginn - INFO - License saved successfully
2026-05-20 21:52:20 - huginn - INFO - License loaded and validated successfully
2026-05-20 21:52:47 - huginn - INFO - Using default configuration
2026-05-20 21:52:47 - huginn - DEBUG - Suppressed exception
Traceback (most recent call last):
  File "C:\Users\allie\Coding Projects\huggin_suite\huginn\app\core\asset_manager.py", line 101, in init_database
    conn.execute("ALTER TABLE assets ADD COLUMN fqdn TEXT DEFAULT ''")
    ~~~~~~~~~~~~^^^^^^^^^^^^^^^^^^^^^^^^^^^^^^^^^^^^^^^^^^^^^^^^^^^^^^
sqlite3.OperationalError: duplicate column name: fqdn
2026-05-20 21:52:47 - huginn - DEBUG - Suppressed exception
Traceback (most recent call last):
  File "C:\Users\allie\Coding Projects\huggin_suite\huginn\app\core\asset_manager.py", line 108, in init_database
    conn.execute("ALTER TABLE assets ADD COLUMN mac_address TEXT DEFAULT ''")
    ~~~~~~~~~~~~^^^^^^^^^^^^^^^^^^^^^^^^^^^^^^^^^^^^^^^^^^^^^^^^^^^^^^^^^^^^^
sqlite3.OperationalError: duplicate column name: mac_address
2026-05-20 21:52:47 - huginn - DEBUG - Suppressed exception
Traceback (most recent call last):
  File "C:\Users\allie\Coding Projects\huggin_suite\huginn\app\core\asset_manager.py", line 115, in init_database
    conn.execute("ALTER TABLE assets ADD COLUMN vendor TEXT DEFAULT ''")
    ~~~~~~~~~~~~^^^^^^^^^^^^^^^^^^^^^^^^^^^^^^^^^^^^^^^^^^^^^^^^^^^^^^^^
sqlite3.OperationalError: duplicate column name: vendor
2026-05-20 21:52:47 - huginn - DEBUG - Suppressed exception
Traceback (most recent call last):
  File "C:\Users\allie\Coding Projects\huggin_suite\huginn\app\core\asset_manager.py", line 122, in init_database
    conn.execute("ALTER TABLE assets ADD COLUMN notes TEXT DEFAULT ''")
    ~~~~~~~~~~~~^^^^^^^^^^^^^^^^^^^^^^^^^^^^^^^^^^^^^^^^^^^^^^^^^^^^^^^
sqlite3.OperationalError: duplicate column name: notes
2026-05-20 21:52:47 - huginn - DEBUG - Suppressed exception
Traceback (most recent call last):
  File "C:\Users\allie\Coding Projects\huggin_suite\huginn\app\core\dns_resolver.py", line 14, in resolve_hostname
    ipaddress.ip_address(hostname)
    ~~~~~~~~~~~~~~~~~~~~^^^^^^^^^^
  File "C:\Users\allie\anaconda3\Lib\ipaddress.py", line 54, in ip_address
    raise ValueError(f'{address!r} does not appear to be an IPv4 or IPv6 address')
ValueError: 'staging.silentium.htb' does not appear to be an IPv4 or IPv6 address
2026-05-20 21:53:11 - huginn - INFO - Local DNS server stopped
2026-05-20 21:53:11 - huginn - INFO - local_dns_server stopped
2026-05-20 21:53:11 - huginn - INFO - VPN connection terminated
2026-05-20 21:53:11 - huginn - INFO - vpn_manager disconnected
2026-05-20 21:53:11 - huginn - DEBUG - Memory monitoring stopped
2026-05-20 21:53:11 - huginn - DEBUG - Connection pool closed all sessions
2026-05-20 21:53:11 - huginn - INFO - Update manager stopped during cleanup
2026-05-20 21:53:17 - huginn - INFO - License saved successfully
2026-05-20 21:53:17 - huginn - INFO - License loaded and validated successfully
2026-05-20 21:53:17 - huginn - INFO - Application starting...
2026-05-20 21:53:17 - huginn - INFO - Font loaded successfully
2026-05-20 21:53:17 - huginn - INFO - Stylesheet loaded successfully
2026-05-20 21:53:17 - huginn - INFO - Creating main window...
2026-05-20 21:53:17 - huginn - INFO - QThreadPool max threads set to 32 (CPUs: 32)
2026-05-20 21:53:17 - huginn - INFO - Custom font 'Neuropol X' loaded from C:\Users\allie\Coding Projects\huggin_suite\huginn\resources\fonts\neuropol.otf
2026-05-20 21:53:17 - huginn - DEBUG - Suppressed exception
Traceback (most recent call last):
  File "C:\Users\allie\Coding Projects\huggin_suite\huginn\app\pages\page_registry.py", line 45, in register_all_pages
    from app.pages.db_attacks_page import DBAttacksPage
ImportError: cannot import name 'DBAttacksPage' from 'app.pages.db_attacks_page' (C:\Users\allie\Coding Projects\huggin_suite\huginn\app\pages\db_attacks_page.py)
2026-05-20 21:53:22 - huginn - DEBUG - Credentials loaded for profile 'Silentium'
2026-05-20 21:53:22 - huginn - DEBUG - Suppressed exception
Traceback (most recent call last):
  File "C:\Users\allie\Coding Projects\huggin_suite\huginn\app\core\scope_manager.py", line 62, in _parse_scope_text
    ipaddress.IPv4Address(item)
    ~~~~~~~~~~~~~~~~~~~~~^^^^^^
  File "C:\Users\allie\anaconda3\Lib\ipaddress.py", line 1319, in __init__
    self._ip = self._ip_int_from_string(addr_str)
               ~~~~~~~~~~~~~~~~~~~~~~~~^^^^^^^^^^
  File "C:\Users\allie\anaconda3\Lib\ipaddress.py", line 1206, in _ip_int_from_string
    raise AddressValueError("Expected 4 octets in %r" % ip_str)
ipaddress.AddressValueError: Expected 4 octets in 'silentium.htb'
2026-05-20 21:53:22 - huginn - DEBUG - Credentials loaded for profile 'Silentium'
2026-05-20 21:53:22 - huginn - DEBUG - Suppressed exception
Traceback (most recent call last):
  File "C:\Users\allie\Coding Projects\huggin_suite\huginn\app\core\scope_manager.py", line 62, in _parse_scope_text
    ipaddress.IPv4Address(item)
    ~~~~~~~~~~~~~~~~~~~~~^^^^^^
  File "C:\Users\allie\anaconda3\Lib\ipaddress.py", line 1319, in __init__
    self._ip = self._ip_int_from_string(addr_str)
               ~~~~~~~~~~~~~~~~~~~~~~~~^^^^^^^^^^
  File "C:\Users\allie\anaconda3\Lib\ipaddress.py", line 1206, in _ip_int_from_string
    raise AddressValueError("Expected 4 octets in %r" % ip_str)
ipaddress.AddressValueError: Expected 4 octets in 'silentium.htb'
2026-05-20 21:55:46 - huginn - DEBUG - Suppressed exception
Traceback (most recent call last):
  File "c:\Users\allie\Coding Projects\huggin_suite\huginn\app\core\asset_manager.py", line 101, in init_database
    conn.execute("ALTER TABLE assets ADD COLUMN fqdn TEXT DEFAULT ''")
    ~~~~~~~~~~~~^^^^^^^^^^^^^^^^^^^^^^^^^^^^^^^^^^^^^^^^^^^^^^^^^^^^^^
sqlite3.OperationalError: duplicate column name: fqdn
2026-05-20 21:55:46 - huginn - DEBUG - Suppressed exception
Traceback (most recent call last):
  File "c:\Users\allie\Coding Projects\huggin_suite\huginn\app\core\asset_manager.py", line 108, in init_database
    conn.execute("ALTER TABLE assets ADD COLUMN mac_address TEXT DEFAULT ''")
    ~~~~~~~~~~~~^^^^^^^^^^^^^^^^^^^^^^^^^^^^^^^^^^^^^^^^^^^^^^^^^^^^^^^^^^^^^
sqlite3.OperationalError: duplicate column name: mac_address
2026-05-20 21:55:46 - huginn - DEBUG - Suppressed exception
Traceback (most recent call last):
  File "c:\Users\allie\Coding Projects\huggin_suite\huginn\app\core\asset_manager.py", line 115, in init_database
    conn.execute("ALTER TABLE assets ADD COLUMN vendor TEXT DEFAULT ''")
    ~~~~~~~~~~~~^^^^^^^^^^^^^^^^^^^^^^^^^^^^^^^^^^^^^^^^^^^^^^^^^^^^^^^^
sqlite3.OperationalError: duplicate column name: vendor
2026-05-20 21:55:46 - huginn - DEBUG - Suppressed exception
Traceback (most recent call last):
  File "c:\Users\allie\Coding Projects\huggin_suite\huginn\app\core\asset_manager.py", line 122, in init_database
    conn.execute("ALTER TABLE assets ADD COLUMN notes TEXT DEFAULT ''")
    ~~~~~~~~~~~~^^^^^^^^^^^^^^^^^^^^^^^^^^^^^^^^^^^^^^^^^^^^^^^^^^^^^^^
sqlite3.OperationalError: duplicate column name: notes
2026-05-20 21:55:46 - huginn - INFO - Using default configuration
2026-05-20 21:55:48 - huginn - DEBUG - Memory monitoring stopped
2026-05-20 21:55:48 - huginn - DEBUG - Connection pool closed all sessions
2026-05-20 21:55:48 - huginn - INFO - Update manager stopped during cleanup
2026-05-20 21:55:48 - huginn - INFO - License saved successfully
2026-05-20 21:55:48 - huginn - INFO - License loaded and validated successfully
2026-05-20 21:55:51 - huginn - INFO - License saved successfully
2026-05-20 21:55:51 - huginn - INFO - License loaded and validated successfully
2026-05-20 21:55:51 - huginn - INFO - Application starting...
2026-05-20 21:55:51 - huginn - INFO - Font loaded successfully
2026-05-20 21:55:51 - huginn - INFO - Stylesheet loaded successfully
2026-05-20 21:55:51 - huginn - INFO - Creating main window...
2026-05-20 21:55:51 - huginn - INFO - QThreadPool max threads set to 32 (CPUs: 32)
2026-05-20 21:55:51 - huginn - INFO - Custom font 'Neuropol X' loaded from C:\Users\allie\Coding Projects\huggin_suite\huginn\resources\fonts\neuropol.otf
2026-05-20 21:55:51 - huginn - DEBUG - Suppressed exception
Traceback (most recent call last):
  File "C:\Users\allie\Coding Projects\huggin_suite\huginn\app\pages\page_registry.py", line 45, in register_all_pages
    from app.pages.db_attacks_page import DBAttacksPage
ImportError: cannot import name 'DBAttacksPage' from 'app.pages.db_attacks_page' (C:\Users\allie\Coding Projects\huggin_suite\huginn\app\pages\db_attacks_page.py)
2026-05-20 21:55:55 - huginn - DEBUG - Credentials loaded for profile 'Silentium'
2026-05-20 21:55:55 - huginn - DEBUG - Suppressed exception
Traceback (most recent call last):
  File "C:\Users\allie\Coding Projects\huggin_suite\huginn\app\core\scope_manager.py", line 62, in _parse_scope_text
    ipaddress.IPv4Address(item)
    ~~~~~~~~~~~~~~~~~~~~~^^^^^^
  File "C:\Users\allie\anaconda3\Lib\ipaddress.py", line 1319, in __init__
    self._ip = self._ip_int_from_string(addr_str)
               ~~~~~~~~~~~~~~~~~~~~~~~~^^^^^^^^^^
  File "C:\Users\allie\anaconda3\Lib\ipaddress.py", line 1206, in _ip_int_from_string
    raise AddressValueError("Expected 4 octets in %r" % ip_str)
ipaddress.AddressValueError: Expected 4 octets in 'silentium.htb'
2026-05-20 21:55:55 - huginn - DEBUG - Credentials loaded for profile 'Silentium'
2026-05-20 21:55:55 - huginn - DEBUG - Suppressed exception
Traceback (most recent call last):
  File "C:\Users\allie\Coding Projects\huggin_suite\huginn\app\core\scope_manager.py", line 62, in _parse_scope_text
    ipaddress.IPv4Address(item)
    ~~~~~~~~~~~~~~~~~~~~~^^^^^^
  File "C:\Users\allie\anaconda3\Lib\ipaddress.py", line 1319, in __init__
    self._ip = self._ip_int_from_string(addr_str)
               ~~~~~~~~~~~~~~~~~~~~~~~~^^^^^^^^^^
  File "C:\Users\allie\anaconda3\Lib\ipaddress.py", line 1206, in _ip_int_from_string
    raise AddressValueError("Expected 4 octets in %r" % ip_str)
ipaddress.AddressValueError: Expected 4 octets in 'silentium.htb'
2026-05-20 21:57:20 - huginn - DEBUG - Memory monitoring stopped
2026-05-20 21:57:20 - huginn - DEBUG - Connection pool closed all sessions
2026-05-20 21:57:20 - huginn - INFO - Update manager stopped during cleanup
2026-05-20 21:57:23 - huginn - DEBUG - Suppressed exception
Traceback (most recent call last):
  File "c:\Users\allie\Coding Projects\huggin_suite\huginn\app\core\asset_manager.py", line 101, in init_database
    conn.execute("ALTER TABLE assets ADD COLUMN fqdn TEXT DEFAULT ''")
    ~~~~~~~~~~~~^^^^^^^^^^^^^^^^^^^^^^^^^^^^^^^^^^^^^^^^^^^^^^^^^^^^^^
sqlite3.OperationalError: duplicate column name: fqdn
2026-05-20 21:57:23 - huginn - DEBUG - Suppressed exception
Traceback (most recent call last):
  File "c:\Users\allie\Coding Projects\huggin_suite\huginn\app\core\asset_manager.py", line 108, in init_database
    conn.execute("ALTER TABLE assets ADD COLUMN mac_address TEXT DEFAULT ''")
    ~~~~~~~~~~~~^^^^^^^^^^^^^^^^^^^^^^^^^^^^^^^^^^^^^^^^^^^^^^^^^^^^^^^^^^^^^
sqlite3.OperationalError: duplicate column name: mac_address
2026-05-20 21:57:23 - huginn - DEBUG - Suppressed exception
Traceback (most recent call last):
  File "c:\Users\allie\Coding Projects\huggin_suite\huginn\app\core\asset_manager.py", line 115, in init_database
    conn.execute("ALTER TABLE assets ADD COLUMN vendor TEXT DEFAULT ''")
    ~~~~~~~~~~~~^^^^^^^^^^^^^^^^^^^^^^^^^^^^^^^^^^^^^^^^^^^^^^^^^^^^^^^^
sqlite3.OperationalError: duplicate column name: vendor
2026-05-20 21:57:23 - huginn - DEBUG - Suppressed exception
Traceback (most recent call last):
  File "c:\Users\allie\Coding Projects\huggin_suite\huginn\app\core\asset_manager.py", line 122, in init_database
    conn.execute("ALTER TABLE assets ADD COLUMN notes TEXT DEFAULT ''")
    ~~~~~~~~~~~~^^^^^^^^^^^^^^^^^^^^^^^^^^^^^^^^^^^^^^^^^^^^^^^^^^^^^^^
sqlite3.OperationalError: duplicate column name: notes
2026-05-20 21:57:23 - huginn - INFO - Using default configuration
2026-05-20 21:57:25 - huginn - INFO - License saved successfully
2026-05-20 21:57:25 - huginn - INFO - License loaded and validated successfully
2026-05-20 21:57:28 - huginn - INFO - License saved successfully
2026-05-20 21:57:28 - huginn - INFO - License loaded and validated successfully
2026-05-20 21:57:28 - huginn - INFO - Application starting...
2026-05-20 21:57:28 - huginn - INFO - Font loaded successfully
2026-05-20 21:57:28 - huginn - INFO - Stylesheet loaded successfully
2026-05-20 21:57:28 - huginn - INFO - Creating main window...
2026-05-20 21:57:28 - huginn - INFO - QThreadPool max threads set to 32 (CPUs: 32)
2026-05-20 21:57:28 - huginn - DEBUG - Suppressed exception
Traceback (most recent call last):
  File "c:\Users\allie\Coding Projects\huggin_suite\huginn\app\core\asset_manager.py", line 101, in init_database
    conn.execute("ALTER TABLE assets ADD COLUMN fqdn TEXT DEFAULT ''")
    ~~~~~~~~~~~~^^^^^^^^^^^^^^^^^^^^^^^^^^^^^^^^^^^^^^^^^^^^^^^^^^^^^^
sqlite3.OperationalError: duplicate column name: fqdn
2026-05-20 21:57:28 - huginn - DEBUG - Suppressed exception
Traceback (most recent call last):
  File "c:\Users\allie\Coding Projects\huggin_suite\huginn\app\core\asset_manager.py", line 108, in init_database
    conn.execute("ALTER TABLE assets ADD COLUMN mac_address TEXT DEFAULT ''")
    ~~~~~~~~~~~~^^^^^^^^^^^^^^^^^^^^^^^^^^^^^^^^^^^^^^^^^^^^^^^^^^^^^^^^^^^^^
sqlite3.OperationalError: duplicate column name: mac_address
2026-05-20 21:57:28 - huginn - DEBUG - Suppressed exception
Traceback (most recent call last):
  File "c:\Users\allie\Coding Projects\huggin_suite\huginn\app\core\asset_manager.py", line 115, in init_database
    conn.execute("ALTER TABLE assets ADD COLUMN vendor TEXT DEFAULT ''")
    ~~~~~~~~~~~~^^^^^^^^^^^^^^^^^^^^^^^^^^^^^^^^^^^^^^^^^^^^^^^^^^^^^^^^
sqlite3.OperationalError: duplicate column name: vendor
2026-05-20 21:57:28 - huginn - DEBUG - Suppressed exception
Traceback (most recent call last):
  File "c:\Users\allie\Coding Projects\huggin_suite\huginn\app\core\asset_manager.py", line 122, in init_database
    conn.execute("ALTER TABLE assets ADD COLUMN notes TEXT DEFAULT ''")
    ~~~~~~~~~~~~^^^^^^^^^^^^^^^^^^^^^^^^^^^^^^^^^^^^^^^^^^^^^^^^^^^^^^^
sqlite3.OperationalError: duplicate column name: notes
2026-05-20 21:57:28 - huginn - INFO - Custom font 'Neuropol X' loaded from C:\Users\allie\Coding Projects\huggin_suite\huginn\resources\fonts\neuropol.otf
2026-05-20 21:57:28 - huginn - DEBUG - Suppressed exception
Traceback (most recent call last):
  File "C:\Users\allie\Coding Projects\huggin_suite\huginn\app\pages\page_registry.py", line 45, in register_all_pages
    from app.pages.db_attacks_page import DBAttacksPage
ImportError: cannot import name 'DBAttacksPage' from 'app.pages.db_attacks_page' (C:\Users\allie\Coding Projects\huggin_suite\huginn\app\pages\db_attacks_page.py)
2026-05-20 21:57:29 - huginn - INFO - Using default configuration
2026-05-20 21:57:31 - huginn - INFO - License saved successfully
2026-05-20 21:57:31 - huginn - INFO - License loaded and validated successfully
2026-05-20 21:57:32 - huginn - DEBUG - Credentials loaded for profile 'Silentium'
2026-05-20 21:57:32 - huginn - DEBUG - Suppressed exception
Traceback (most recent call last):
  File "C:\Users\allie\Coding Projects\huggin_suite\huginn\app\core\scope_manager.py", line 62, in _parse_scope_text
    ipaddress.IPv4Address(item)
    ~~~~~~~~~~~~~~~~~~~~~^^^^^^
  File "C:\Users\allie\anaconda3\Lib\ipaddress.py", line 1319, in __init__
    self._ip = self._ip_int_from_string(addr_str)
               ~~~~~~~~~~~~~~~~~~~~~~~~^^^^^^^^^^
  File "C:\Users\allie\anaconda3\Lib\ipaddress.py", line 1206, in _ip_int_from_string
    raise AddressValueError("Expected 4 octets in %r" % ip_str)
ipaddress.AddressValueError: Expected 4 octets in 'silentium.htb'
2026-05-20 21:57:32 - huginn - DEBUG - Credentials loaded for profile 'Silentium'
2026-05-20 21:57:32 - huginn - DEBUG - Suppressed exception
Traceback (most recent call last):
  File "C:\Users\allie\Coding Projects\huggin_suite\huginn\app\core\scope_manager.py", line 62, in _parse_scope_text
    ipaddress.IPv4Address(item)
    ~~~~~~~~~~~~~~~~~~~~~^^^^^^
  File "C:\Users\allie\anaconda3\Lib\ipaddress.py", line 1319, in __init__
    self._ip = self._ip_int_from_string(addr_str)
               ~~~~~~~~~~~~~~~~~~~~~~~~^^^^^^^^^^
  File "C:\Users\allie\anaconda3\Lib\ipaddress.py", line 1206, in _ip_int_from_string
    raise AddressValueError("Expected 4 octets in %r" % ip_str)
ipaddress.AddressValueError: Expected 4 octets in 'silentium.htb'
2026-05-20 21:58:31 - huginn - DEBUG - Memory monitoring stopped
2026-05-20 21:58:31 - huginn - DEBUG - Connection pool closed all sessions
2026-05-20 21:58:31 - huginn - INFO - Update manager stopped during cleanup
2026-05-20 21:58:57 - huginn - DEBUG - Suppressed exception
Traceback (most recent call last):
  File "c:\Users\allie\Coding Projects\huggin_suite\huginn\app\core\asset_manager.py", line 101, in init_database
    conn.execute("ALTER TABLE assets ADD COLUMN fqdn TEXT DEFAULT ''")
    ~~~~~~~~~~~~^^^^^^^^^^^^^^^^^^^^^^^^^^^^^^^^^^^^^^^^^^^^^^^^^^^^^^
sqlite3.OperationalError: duplicate column name: fqdn
2026-05-20 21:58:57 - huginn - DEBUG - Suppressed exception
Traceback (most recent call last):
  File "c:\Users\allie\Coding Projects\huggin_suite\huginn\app\core\asset_manager.py", line 108, in init_database
    conn.execute("ALTER TABLE assets ADD COLUMN mac_address TEXT DEFAULT ''")
    ~~~~~~~~~~~~^^^^^^^^^^^^^^^^^^^^^^^^^^^^^^^^^^^^^^^^^^^^^^^^^^^^^^^^^^^^^
sqlite3.OperationalError: duplicate column name: mac_address
2026-05-20 21:58:57 - huginn - DEBUG - Suppressed exception
Traceback (most recent call last):
  File "c:\Users\allie\Coding Projects\huggin_suite\huginn\app\core\asset_manager.py", line 115, in init_database
    conn.execute("ALTER TABLE assets ADD COLUMN vendor TEXT DEFAULT ''")
    ~~~~~~~~~~~~^^^^^^^^^^^^^^^^^^^^^^^^^^^^^^^^^^^^^^^^^^^^^^^^^^^^^^^^
sqlite3.OperationalError: duplicate column name: vendor
2026-05-20 21:58:57 - huginn - DEBUG - Suppressed exception
Traceback (most recent call last):
  File "c:\Users\allie\Coding Projects\huggin_suite\huginn\app\core\asset_manager.py", line 122, in init_database
    conn.execute("ALTER TABLE assets ADD COLUMN notes TEXT DEFAULT ''")
    ~~~~~~~~~~~~^^^^^^^^^^^^^^^^^^^^^^^^^^^^^^^^^^^^^^^^^^^^^^^^^^^^^^^
sqlite3.OperationalError: duplicate column name: notes
2026-05-20 21:58:57 - huginn - INFO - Using default configuration
2026-05-20 21:58:59 - huginn - INFO - License saved successfully
2026-05-20 21:58:59 - huginn - INFO - License loaded and validated successfully
2026-05-20 21:59:07 - huginn - DEBUG - Suppressed exception
Traceback (most recent call last):
  File "c:\Users\allie\Coding Projects\huggin_suite\huginn\app\core\asset_manager.py", line 101, in init_database
    conn.execute("ALTER TABLE assets ADD COLUMN fqdn TEXT DEFAULT ''")
    ~~~~~~~~~~~~^^^^^^^^^^^^^^^^^^^^^^^^^^^^^^^^^^^^^^^^^^^^^^^^^^^^^^
sqlite3.OperationalError: duplicate column name: fqdn
2026-05-20 21:59:07 - huginn - DEBUG - Suppressed exception
Traceback (most recent call last):
  File "c:\Users\allie\Coding Projects\huggin_suite\huginn\app\core\asset_manager.py", line 108, in init_database
    conn.execute("ALTER TABLE assets ADD COLUMN mac_address TEXT DEFAULT ''")
    ~~~~~~~~~~~~^^^^^^^^^^^^^^^^^^^^^^^^^^^^^^^^^^^^^^^^^^^^^^^^^^^^^^^^^^^^^
sqlite3.OperationalError: duplicate column name: mac_address
2026-05-20 21:59:07 - huginn - DEBUG - Suppressed exception
Traceback (most recent call last):
  File "c:\Users\allie\Coding Projects\huggin_suite\huginn\app\core\asset_manager.py", line 115, in init_database
    conn.execute("ALTER TABLE assets ADD COLUMN vendor TEXT DEFAULT ''")
    ~~~~~~~~~~~~^^^^^^^^^^^^^^^^^^^^^^^^^^^^^^^^^^^^^^^^^^^^^^^^^^^^^^^^
sqlite3.OperationalError: duplicate column name: vendor
2026-05-20 21:59:07 - huginn - DEBUG - Suppressed exception
Traceback (most recent call last):
  File "c:\Users\allie\Coding Projects\huggin_suite\huginn\app\core\asset_manager.py", line 122, in init_database
    conn.execute("ALTER TABLE assets ADD COLUMN notes TEXT DEFAULT ''")
    ~~~~~~~~~~~~^^^^^^^^^^^^^^^^^^^^^^^^^^^^^^^^^^^^^^^^^^^^^^^^^^^^^^^
sqlite3.OperationalError: duplicate column name: notes
2026-05-20 21:59:07 - huginn - INFO - Using default configuration
2026-05-20 21:59:10 - huginn - INFO - License saved successfully
2026-05-20 21:59:10 - huginn - INFO - License loaded and validated successfully
2026-05-20 21:59:19 - huginn - DEBUG - Suppressed exception
Traceback (most recent call last):
  File "c:\Users\allie\Coding Projects\huggin_suite\huginn\app\core\asset_manager.py", line 101, in init_database
    conn.execute("ALTER TABLE assets ADD COLUMN fqdn TEXT DEFAULT ''")
    ~~~~~~~~~~~~^^^^^^^^^^^^^^^^^^^^^^^^^^^^^^^^^^^^^^^^^^^^^^^^^^^^^^
sqlite3.OperationalError: duplicate column name: fqdn
2026-05-20 21:59:19 - huginn - DEBUG - Suppressed exception
Traceback (most recent call last):
  File "c:\Users\allie\Coding Projects\huggin_suite\huginn\app\core\asset_manager.py", line 108, in init_database
    conn.execute("ALTER TABLE assets ADD COLUMN mac_address TEXT DEFAULT ''")
    ~~~~~~~~~~~~^^^^^^^^^^^^^^^^^^^^^^^^^^^^^^^^^^^^^^^^^^^^^^^^^^^^^^^^^^^^^
sqlite3.OperationalError: duplicate column name: mac_address
2026-05-20 21:59:19 - huginn - DEBUG - Suppressed exception
Traceback (most recent call last):
  File "c:\Users\allie\Coding Projects\huggin_suite\huginn\app\core\asset_manager.py", line 115, in init_database
    conn.execute("ALTER TABLE assets ADD COLUMN vendor TEXT DEFAULT ''")
    ~~~~~~~~~~~~^^^^^^^^^^^^^^^^^^^^^^^^^^^^^^^^^^^^^^^^^^^^^^^^^^^^^^^^
sqlite3.OperationalError: duplicate column name: vendor
2026-05-20 21:59:19 - huginn - DEBUG - Suppressed exception
Traceback (most recent call last):
  File "c:\Users\allie\Coding Projects\huggin_suite\huginn\app\core\asset_manager.py", line 122, in init_database
    conn.execute("ALTER TABLE assets ADD COLUMN notes TEXT DEFAULT ''")
    ~~~~~~~~~~~~^^^^^^^^^^^^^^^^^^^^^^^^^^^^^^^^^^^^^^^^^^^^^^^^^^^^^^^
sqlite3.OperationalError: duplicate column name: notes
2026-05-20 21:59:19 - huginn - INFO - Using default configuration
2026-05-20 21:59:22 - huginn - INFO - License saved successfully
2026-05-20 21:59:22 - huginn - INFO - License loaded and validated successfully
2026-05-20 21:59:36 - huginn - INFO - License saved successfully
2026-05-20 21:59:36 - huginn - INFO - License loaded and validated successfully
2026-05-20 21:59:37 - huginn - INFO - Application starting...
2026-05-20 21:59:37 - huginn - INFO - Font loaded successfully
2026-05-20 21:59:37 - huginn - INFO - Stylesheet loaded successfully
2026-05-20 21:59:37 - huginn - INFO - Creating main window...
2026-05-20 21:59:37 - huginn - INFO - QThreadPool max threads set to 32 (CPUs: 32)
2026-05-20 21:59:37 - huginn - INFO - Custom font 'Neuropol X' loaded from C:\Users\allie\Coding Projects\huggin_suite\huginn\resources\fonts\neuropol.otf
2026-05-20 21:59:37 - huginn - DEBUG - Suppressed exception
Traceback (most recent call last):
  File "C:\Users\allie\Coding Projects\huggin_suite\huginn\app\pages\page_registry.py", line 45, in register_all_pages
    from app.pages.db_attacks_page import DBAttacksPage
ImportError: cannot import name 'DBAttacksPage' from 'app.pages.db_attacks_page' (C:\Users\allie\Coding Projects\huggin_suite\huginn\app\pages\db_attacks_page.py)
2026-05-20 21:59:40 - huginn - DEBUG - Credentials loaded for profile 'Silentium'
2026-05-20 21:59:40 - huginn - DEBUG - Suppressed exception
Traceback (most recent call last):
  File "C:\Users\allie\Coding Projects\huggin_suite\huginn\app\core\scope_manager.py", line 62, in _parse_scope_text
    ipaddress.IPv4Address(item)
    ~~~~~~~~~~~~~~~~~~~~~^^^^^^
  File "C:\Users\allie\anaconda3\Lib\ipaddress.py", line 1319, in __init__
    self._ip = self._ip_int_from_string(addr_str)
               ~~~~~~~~~~~~~~~~~~~~~~~~^^^^^^^^^^
  File "C:\Users\allie\anaconda3\Lib\ipaddress.py", line 1206, in _ip_int_from_string
    raise AddressValueError("Expected 4 octets in %r" % ip_str)
ipaddress.AddressValueError: Expected 4 octets in 'silentium.htb'
2026-05-20 21:59:40 - huginn - DEBUG - Credentials loaded for profile 'Silentium'
2026-05-20 21:59:40 - huginn - DEBUG - Suppressed exception
Traceback (most recent call last):
  File "C:\Users\allie\Coding Projects\huggin_suite\huginn\app\core\scope_manager.py", line 62, in _parse_scope_text
    ipaddress.IPv4Address(item)
    ~~~~~~~~~~~~~~~~~~~~~^^^^^^
  File "C:\Users\allie\anaconda3\Lib\ipaddress.py", line 1319, in __init__
    self._ip = self._ip_int_from_string(addr_str)
               ~~~~~~~~~~~~~~~~~~~~~~~~^^^^^^^^^^
  File "C:\Users\allie\anaconda3\Lib\ipaddress.py", line 1206, in _ip_int_from_string
    raise AddressValueError("Expected 4 octets in %r" % ip_str)
ipaddress.AddressValueError: Expected 4 octets in 'silentium.htb'
2026-05-20 21:59:57 - huginn - DEBUG - Credentials loaded for profile 'Silentium'
2026-05-20 22:00:26 - huginn - DEBUG - Credentials saved (encrypted) for profile 'Silentium'
2026-05-20 22:00:26 - huginn - DEBUG - Credentials loaded for profile 'Silentium'
2026-05-20 22:00:34 - huginn - DEBUG - Credentials loaded for profile 'Silentium'
2026-05-20 22:00:34 - huginn - DEBUG - Credentials loaded for profile 'Silentium'
2026-05-20 22:00:35 - huginn - DEBUG - Credentials loaded for profile 'Silentium'
2026-05-20 22:00:45 - huginn - DEBUG - Wireless security tab unavailable
Traceback (most recent call last):
  File "C:\Users\allie\Coding Projects\huggin_suite\huginn\app\pages\recon_enumeration_page.py", line 99, in setup_ui
    wireless_tab = WirelessSecurityWidget(self)
  File "C:\Users\allie\Coding Projects\huggin_suite\huginn\app\widgets\wireless_security_widget.py", line 52, in __init__
    self.connect_signals()
    ~~~~~~~~~~~~~~~~~~~~^^
  File "C:\Users\allie\Coding Projects\huggin_suite\huginn\app\widgets\wireless_security_widget.py", line 303, in connect_signals
    self.generate_report_btn.clicked.connect(self.generate_report)
    ^^^^^^^^^^^^^^^^^^^^^^^^
AttributeError: 'WirelessSecurityWidget' object has no attribute 'generate_report_btn'. Did you mean: 'generate_report'?
2026-05-20 22:05:15 - huginn - DEBUG - Memory monitoring stopped
2026-05-20 22:05:15 - huginn - DEBUG - Connection pool closed all sessions
2026-05-20 22:05:15 - huginn - INFO - Update manager stopped during cleanup
2026-05-20 22:06:01 - huginn - DEBUG - Suppressed exception
Traceback (most recent call last):
  File "c:\Users\allie\Coding Projects\huggin_suite\huginn\app\core\asset_manager.py", line 101, in init_database
    conn.execute("ALTER TABLE assets ADD COLUMN fqdn TEXT DEFAULT ''")
    ~~~~~~~~~~~~^^^^^^^^^^^^^^^^^^^^^^^^^^^^^^^^^^^^^^^^^^^^^^^^^^^^^^
sqlite3.OperationalError: duplicate column name: fqdn
2026-05-20 22:06:01 - huginn - DEBUG - Suppressed exception
Traceback (most recent call last):
  File "c:\Users\allie\Coding Projects\huggin_suite\huginn\app\core\asset_manager.py", line 108, in init_database
    conn.execute("ALTER TABLE assets ADD COLUMN mac_address TEXT DEFAULT ''")
    ~~~~~~~~~~~~^^^^^^^^^^^^^^^^^^^^^^^^^^^^^^^^^^^^^^^^^^^^^^^^^^^^^^^^^^^^^
sqlite3.OperationalError: duplicate column name: mac_address
2026-05-20 22:06:01 - huginn - DEBUG - Suppressed exception
Traceback (most recent call last):
  File "c:\Users\allie\Coding Projects\huggin_suite\huginn\app\core\asset_manager.py", line 115, in init_database
    conn.execute("ALTER TABLE assets ADD COLUMN vendor TEXT DEFAULT ''")
    ~~~~~~~~~~~~^^^^^^^^^^^^^^^^^^^^^^^^^^^^^^^^^^^^^^^^^^^^^^^^^^^^^^^^
sqlite3.OperationalError: duplicate column name: vendor
2026-05-20 22:06:01 - huginn - DEBUG - Suppressed exception
Traceback (most recent call last):
  File "c:\Users\allie\Coding Projects\huggin_suite\huginn\app\core\asset_manager.py", line 122, in init_database
    conn.execute("ALTER TABLE assets ADD COLUMN notes TEXT DEFAULT ''")
    ~~~~~~~~~~~~^^^^^^^^^^^^^^^^^^^^^^^^^^^^^^^^^^^^^^^^^^^^^^^^^^^^^^^
sqlite3.OperationalError: duplicate column name: notes
2026-05-20 22:06:01 - huginn - INFO - Using default configuration
2026-05-20 22:06:03 - huginn - INFO - License saved successfully
2026-05-20 22:06:03 - huginn - INFO - License loaded and validated successfully
2026-05-20 22:06:15 - huginn - DEBUG - Suppressed exception
Traceback (most recent call last):
  File "c:\Users\allie\Coding Projects\huggin_suite\huginn\app\core\asset_manager.py", line 101, in init_database
    conn.execute("ALTER TABLE assets ADD COLUMN fqdn TEXT DEFAULT ''")
    ~~~~~~~~~~~~^^^^^^^^^^^^^^^^^^^^^^^^^^^^^^^^^^^^^^^^^^^^^^^^^^^^^^
sqlite3.OperationalError: duplicate column name: fqdn
2026-05-20 22:06:15 - huginn - DEBUG - Suppressed exception
Traceback (most recent call last):
  File "c:\Users\allie\Coding Projects\huggin_suite\huginn\app\core\asset_manager.py", line 108, in init_database
    conn.execute("ALTER TABLE assets ADD COLUMN mac_address TEXT DEFAULT ''")
    ~~~~~~~~~~~~^^^^^^^^^^^^^^^^^^^^^^^^^^^^^^^^^^^^^^^^^^^^^^^^^^^^^^^^^^^^^
sqlite3.OperationalError: duplicate column name: mac_address
2026-05-20 22:06:15 - huginn - DEBUG - Suppressed exception
Traceback (most recent call last):
  File "c:\Users\allie\Coding Projects\huggin_suite\huginn\app\core\asset_manager.py", line 115, in init_database
    conn.execute("ALTER TABLE assets ADD COLUMN vendor TEXT DEFAULT ''")
    ~~~~~~~~~~~~^^^^^^^^^^^^^^^^^^^^^^^^^^^^^^^^^^^^^^^^^^^^^^^^^^^^^^^^
sqlite3.OperationalError: duplicate column name: vendor
2026-05-20 22:06:15 - huginn - DEBUG - Suppressed exception
Traceback (most recent call last):
  File "c:\Users\allie\Coding Projects\huggin_suite\huginn\app\core\asset_manager.py", line 122, in init_database
    conn.execute("ALTER TABLE assets ADD COLUMN notes TEXT DEFAULT ''")
    ~~~~~~~~~~~~^^^^^^^^^^^^^^^^^^^^^^^^^^^^^^^^^^^^^^^^^^^^^^^^^^^^^^^
sqlite3.OperationalError: duplicate column name: notes
2026-05-20 22:06:15 - huginn - INFO - Using default configuration
2026-05-20 22:06:18 - huginn - INFO - License saved successfully
2026-05-20 22:06:18 - huginn - INFO - License loaded and validated successfully
2026-05-20 22:06:30 - huginn - DEBUG - Suppressed exception
Traceback (most recent call last):
  File "c:\Users\allie\Coding Projects\huggin_suite\huginn\app\core\asset_manager.py", line 101, in init_database
    conn.execute("ALTER TABLE assets ADD COLUMN fqdn TEXT DEFAULT ''")
    ~~~~~~~~~~~~^^^^^^^^^^^^^^^^^^^^^^^^^^^^^^^^^^^^^^^^^^^^^^^^^^^^^^
sqlite3.OperationalError: duplicate column name: fqdn
2026-05-20 22:06:30 - huginn - DEBUG - Suppressed exception
Traceback (most recent call last):
  File "c:\Users\allie\Coding Projects\huggin_suite\huginn\app\core\asset_manager.py", line 108, in init_database
    conn.execute("ALTER TABLE assets ADD COLUMN mac_address TEXT DEFAULT ''")
    ~~~~~~~~~~~~^^^^^^^^^^^^^^^^^^^^^^^^^^^^^^^^^^^^^^^^^^^^^^^^^^^^^^^^^^^^^
sqlite3.OperationalError: duplicate column name: mac_address
2026-05-20 22:06:30 - huginn - DEBUG - Suppressed exception
Traceback (most recent call last):
  File "c:\Users\allie\Coding Projects\huggin_suite\huginn\app\core\asset_manager.py", line 115, in init_database
    conn.execute("ALTER TABLE assets ADD COLUMN vendor TEXT DEFAULT ''")
    ~~~~~~~~~~~~^^^^^^^^^^^^^^^^^^^^^^^^^^^^^^^^^^^^^^^^^^^^^^^^^^^^^^^^
sqlite3.OperationalError: duplicate column name: vendor
2026-05-20 22:06:30 - huginn - DEBUG - Suppressed exception
Traceback (most recent call last):
  File "c:\Users\allie\Coding Projects\huggin_suite\huginn\app\core\asset_manager.py", line 122, in init_database
    conn.execute("ALTER TABLE assets ADD COLUMN notes TEXT DEFAULT ''")
    ~~~~~~~~~~~~^^^^^^^^^^^^^^^^^^^^^^^^^^^^^^^^^^^^^^^^^^^^^^^^^^^^^^^
sqlite3.OperationalError: duplicate column name: notes
2026-05-20 22:06:30 - huginn - INFO - Using default configuration
2026-05-20 22:06:33 - huginn - INFO - License saved successfully
2026-05-20 22:06:33 - huginn - INFO - License loaded and validated successfully
2026-05-20 22:06:37 - huginn - DEBUG - Suppressed exception
Traceback (most recent call last):
  File "c:\Users\allie\Coding Projects\huggin_suite\huginn\app\core\asset_manager.py", line 101, in init_database
    conn.execute("ALTER TABLE assets ADD COLUMN fqdn TEXT DEFAULT ''")
    ~~~~~~~~~~~~^^^^^^^^^^^^^^^^^^^^^^^^^^^^^^^^^^^^^^^^^^^^^^^^^^^^^^
sqlite3.OperationalError: duplicate column name: fqdn
2026-05-20 22:06:37 - huginn - DEBUG - Suppressed exception
Traceback (most recent call last):
  File "c:\Users\allie\Coding Projects\huggin_suite\huginn\app\core\asset_manager.py", line 108, in init_database
    conn.execute("ALTER TABLE assets ADD COLUMN mac_address TEXT DEFAULT ''")
    ~~~~~~~~~~~~^^^^^^^^^^^^^^^^^^^^^^^^^^^^^^^^^^^^^^^^^^^^^^^^^^^^^^^^^^^^^
sqlite3.OperationalError: duplicate column name: mac_address
2026-05-20 22:06:37 - huginn - DEBUG - Suppressed exception
Traceback (most recent call last):
  File "c:\Users\allie\Coding Projects\huggin_suite\huginn\app\core\asset_manager.py", line 115, in init_database
    conn.execute("ALTER TABLE assets ADD COLUMN vendor TEXT DEFAULT ''")
    ~~~~~~~~~~~~^^^^^^^^^^^^^^^^^^^^^^^^^^^^^^^^^^^^^^^^^^^^^^^^^^^^^^^^
sqlite3.OperationalError: duplicate column name: vendor
2026-05-20 22:06:37 - huginn - DEBUG - Suppressed exception
Traceback (most recent call last):
  File "c:\Users\allie\Coding Projects\huggin_suite\huginn\app\core\asset_manager.py", line 122, in init_database
    conn.execute("ALTER TABLE assets ADD COLUMN notes TEXT DEFAULT ''")
    ~~~~~~~~~~~~^^^^^^^^^^^^^^^^^^^^^^^^^^^^^^^^^^^^^^^^^^^^^^^^^^^^^^^
sqlite3.OperationalError: duplicate column name: notes
2026-05-20 22:06:38 - huginn - INFO - Using default configuration
2026-05-20 22:06:40 - huginn - INFO - License saved successfully
2026-05-20 22:06:40 - huginn - INFO - License loaded and validated successfully
2026-05-20 22:07:06 - huginn - DEBUG - Suppressed exception
Traceback (most recent call last):
  File "c:\Users\allie\Coding Projects\huggin_suite\huginn\app\core\asset_manager.py", line 101, in init_database
    conn.execute("ALTER TABLE assets ADD COLUMN fqdn TEXT DEFAULT ''")
    ~~~~~~~~~~~~^^^^^^^^^^^^^^^^^^^^^^^^^^^^^^^^^^^^^^^^^^^^^^^^^^^^^^
sqlite3.OperationalError: duplicate column name: fqdn
2026-05-20 22:07:06 - huginn - DEBUG - Suppressed exception
Traceback (most recent call last):
  File "c:\Users\allie\Coding Projects\huggin_suite\huginn\app\core\asset_manager.py", line 108, in init_database
    conn.execute("ALTER TABLE assets ADD COLUMN mac_address TEXT DEFAULT ''")
    ~~~~~~~~~~~~^^^^^^^^^^^^^^^^^^^^^^^^^^^^^^^^^^^^^^^^^^^^^^^^^^^^^^^^^^^^^
sqlite3.OperationalError: duplicate column name: mac_address
2026-05-20 22:07:06 - huginn - DEBUG - Suppressed exception
Traceback (most recent call last):
  File "c:\Users\allie\Coding Projects\huggin_suite\huginn\app\core\asset_manager.py", line 115, in init_database
    conn.execute("ALTER TABLE assets ADD COLUMN vendor TEXT DEFAULT ''")
    ~~~~~~~~~~~~^^^^^^^^^^^^^^^^^^^^^^^^^^^^^^^^^^^^^^^^^^^^^^^^^^^^^^^^
sqlite3.OperationalError: duplicate column name: vendor
2026-05-20 22:07:06 - huginn - DEBUG - Suppressed exception
Traceback (most recent call last):
  File "c:\Users\allie\Coding Projects\huggin_suite\huginn\app\core\asset_manager.py", line 122, in init_database
    conn.execute("ALTER TABLE assets ADD COLUMN notes TEXT DEFAULT ''")
    ~~~~~~~~~~~~^^^^^^^^^^^^^^^^^^^^^^^^^^^^^^^^^^^^^^^^^^^^^^^^^^^^^^^
sqlite3.OperationalError: duplicate column name: notes
2026-05-20 22:07:06 - huginn - INFO - Using default configuration
2026-05-20 22:07:08 - huginn - INFO - License saved successfully
2026-05-20 22:07:08 - huginn - INFO - License loaded and validated successfully
2026-05-20 22:07:25 - huginn - INFO - License saved successfully
2026-05-20 22:07:25 - huginn - INFO - License loaded and validated successfully
2026-05-20 22:07:25 - huginn - INFO - Application starting...
2026-05-20 22:07:25 - huginn - INFO - Font loaded successfully
2026-05-20 22:07:25 - huginn - INFO - Stylesheet loaded successfully
2026-05-20 22:07:25 - huginn - INFO - Creating main window...
2026-05-20 22:07:25 - huginn - INFO - QThreadPool max threads set to 32 (CPUs: 32)
2026-05-20 22:07:25 - huginn - INFO - Custom font 'Neuropol X' loaded from C:\Users\allie\Coding Projects\huggin_suite\huginn\resources\fonts\neuropol.otf
2026-05-20 22:07:25 - huginn - DEBUG - Suppressed exception
Traceback (most recent call last):
  File "C:\Users\allie\Coding Projects\huggin_suite\huginn\app\pages\page_registry.py", line 45, in register_all_pages
    from app.pages.db_attacks_page import DBAttacksPage
ImportError: cannot import name 'DBAttacksPage' from 'app.pages.db_attacks_page' (C:\Users\allie\Coding Projects\huggin_suite\huginn\app\pages\db_attacks_page.py)
2026-05-20 22:07:29 - huginn - DEBUG - Credentials loaded for profile 'Silentium'
2026-05-20 22:07:29 - huginn - DEBUG - Suppressed exception
Traceback (most recent call last):
  File "C:\Users\allie\Coding Projects\huggin_suite\huginn\app\core\scope_manager.py", line 62, in _parse_scope_text
    ipaddress.IPv4Address(item)
    ~~~~~~~~~~~~~~~~~~~~~^^^^^^
  File "C:\Users\allie\anaconda3\Lib\ipaddress.py", line 1319, in __init__
    self._ip = self._ip_int_from_string(addr_str)
               ~~~~~~~~~~~~~~~~~~~~~~~~^^^^^^^^^^
  File "C:\Users\allie\anaconda3\Lib\ipaddress.py", line 1206, in _ip_int_from_string
    raise AddressValueError("Expected 4 octets in %r" % ip_str)
ipaddress.AddressValueError: Expected 4 octets in 'silentium.htb'
2026-05-20 22:07:29 - huginn - DEBUG - Credentials loaded for profile 'Silentium'
2026-05-20 22:07:29 - huginn - DEBUG - Suppressed exception
Traceback (most recent call last):
  File "C:\Users\allie\Coding Projects\huggin_suite\huginn\app\core\scope_manager.py", line 62, in _parse_scope_text
    ipaddress.IPv4Address(item)
    ~~~~~~~~~~~~~~~~~~~~~^^^^^^
  File "C:\Users\allie\anaconda3\Lib\ipaddress.py", line 1319, in __init__
    self._ip = self._ip_int_from_string(addr_str)
               ~~~~~~~~~~~~~~~~~~~~~~~~^^^^^^^^^^
  File "C:\Users\allie\anaconda3\Lib\ipaddress.py", line 1206, in _ip_int_from_string
    raise AddressValueError("Expected 4 octets in %r" % ip_str)
ipaddress.AddressValueError: Expected 4 octets in 'silentium.htb'
2026-05-20 22:07:35 - huginn - DEBUG - Wireless security tab unavailable
Traceback (most recent call last):
  File "C:\Users\allie\Coding Projects\huggin_suite\huginn\app\pages\recon_enumeration_page.py", line 99, in setup_ui
    wireless_tab = WirelessSecurityWidget(self)
  File "C:\Users\allie\Coding Projects\huggin_suite\huginn\app\widgets\wireless_security_widget.py", line 52, in __init__
    self.connect_signals()
    ~~~~~~~~~~~~~~~~~~~~^^
  File "C:\Users\allie\Coding Projects\huggin_suite\huginn\app\widgets\wireless_security_widget.py", line 303, in connect_signals
    self.generate_report_btn.clicked.connect(self.generate_report)
    ^^^^^^^^^^^^^^^^^^^^^^^^
AttributeError: 'WirelessSecurityWidget' object has no attribute 'generate_report_btn'. Did you mean: 'generate_report'?
2026-05-20 22:15:18 - huginn - DEBUG - Memory monitoring stopped
2026-05-20 22:15:18 - huginn - DEBUG - Connection pool closed all sessions
2026-05-20 22:15:18 - huginn - INFO - Update manager stopped during cleanup
2026-05-20 22:15:37 - huginn - DEBUG - Suppressed exception
Traceback (most recent call last):
  File "c:\Users\allie\Coding Projects\huggin_suite\huginn\app\core\asset_manager.py", line 101, in init_database
    conn.execute("ALTER TABLE assets ADD COLUMN fqdn TEXT DEFAULT ''")
    ~~~~~~~~~~~~^^^^^^^^^^^^^^^^^^^^^^^^^^^^^^^^^^^^^^^^^^^^^^^^^^^^^^
sqlite3.OperationalError: duplicate column name: fqdn
2026-05-20 22:15:37 - huginn - DEBUG - Suppressed exception
Traceback (most recent call last):
  File "c:\Users\allie\Coding Projects\huggin_suite\huginn\app\core\asset_manager.py", line 108, in init_database
    conn.execute("ALTER TABLE assets ADD COLUMN mac_address TEXT DEFAULT ''")
    ~~~~~~~~~~~~^^^^^^^^^^^^^^^^^^^^^^^^^^^^^^^^^^^^^^^^^^^^^^^^^^^^^^^^^^^^^
sqlite3.OperationalError: duplicate column name: mac_address
2026-05-20 22:15:37 - huginn - DEBUG - Suppressed exception
Traceback (most recent call last):
  File "c:\Users\allie\Coding Projects\huggin_suite\huginn\app\core\asset_manager.py", line 115, in init_database
    conn.execute("ALTER TABLE assets ADD COLUMN vendor TEXT DEFAULT ''")
    ~~~~~~~~~~~~^^^^^^^^^^^^^^^^^^^^^^^^^^^^^^^^^^^^^^^^^^^^^^^^^^^^^^^^
sqlite3.OperationalError: duplicate column name: vendor
2026-05-20 22:15:37 - huginn - DEBUG - Suppressed exception
Traceback (most recent call last):
  File "c:\Users\allie\Coding Projects\huggin_suite\huginn\app\core\asset_manager.py", line 122, in init_database
    conn.execute("ALTER TABLE assets ADD COLUMN notes TEXT DEFAULT ''")
    ~~~~~~~~~~~~^^^^^^^^^^^^^^^^^^^^^^^^^^^^^^^^^^^^^^^^^^^^^^^^^^^^^^^
sqlite3.OperationalError: duplicate column name: notes
2026-05-20 22:15:37 - huginn - INFO - Using default configuration
2026-05-20 22:15:39 - huginn - INFO - License saved successfully
2026-05-20 22:15:39 - huginn - INFO - License loaded and validated successfully
2026-05-20 22:15:47 - huginn - DEBUG - Suppressed exception
Traceback (most recent call last):
  File "c:\Users\allie\Coding Projects\huggin_suite\huginn\app\core\asset_manager.py", line 101, in init_database
    conn.execute("ALTER TABLE assets ADD COLUMN fqdn TEXT DEFAULT ''")
    ~~~~~~~~~~~~^^^^^^^^^^^^^^^^^^^^^^^^^^^^^^^^^^^^^^^^^^^^^^^^^^^^^^
sqlite3.OperationalError: duplicate column name: fqdn
2026-05-20 22:15:47 - huginn - DEBUG - Suppressed exception
Traceback (most recent call last):
  File "c:\Users\allie\Coding Projects\huggin_suite\huginn\app\core\asset_manager.py", line 108, in init_database
    conn.execute("ALTER TABLE assets ADD COLUMN mac_address TEXT DEFAULT ''")
    ~~~~~~~~~~~~^^^^^^^^^^^^^^^^^^^^^^^^^^^^^^^^^^^^^^^^^^^^^^^^^^^^^^^^^^^^^
sqlite3.OperationalError: duplicate column name: mac_address
2026-05-20 22:15:47 - huginn - DEBUG - Suppressed exception
Traceback (most recent call last):
  File "c:\Users\allie\Coding Projects\huggin_suite\huginn\app\core\asset_manager.py", line 115, in init_database
    conn.execute("ALTER TABLE assets ADD COLUMN vendor TEXT DEFAULT ''")
    ~~~~~~~~~~~~^^^^^^^^^^^^^^^^^^^^^^^^^^^^^^^^^^^^^^^^^^^^^^^^^^^^^^^^
sqlite3.OperationalError: duplicate column name: vendor
2026-05-20 22:15:47 - huginn - DEBUG - Suppressed exception
Traceback (most recent call last):
  File "c:\Users\allie\Coding Projects\huggin_suite\huginn\app\core\asset_manager.py", line 122, in init_database
    conn.execute("ALTER TABLE assets ADD COLUMN notes TEXT DEFAULT ''")
    ~~~~~~~~~~~~^^^^^^^^^^^^^^^^^^^^^^^^^^^^^^^^^^^^^^^^^^^^^^^^^^^^^^^
sqlite3.OperationalError: duplicate column name: notes
2026-05-20 22:15:47 - huginn - INFO - Using default configuration
2026-05-20 22:15:50 - huginn - INFO - License saved successfully
2026-05-20 22:15:50 - huginn - INFO - License loaded and validated successfully
2026-05-20 22:15:57 - huginn - DEBUG - Suppressed exception
Traceback (most recent call last):
  File "c:\Users\allie\Coding Projects\huggin_suite\huginn\app\core\asset_manager.py", line 101, in init_database
    conn.execute("ALTER TABLE assets ADD COLUMN fqdn TEXT DEFAULT ''")
    ~~~~~~~~~~~~^^^^^^^^^^^^^^^^^^^^^^^^^^^^^^^^^^^^^^^^^^^^^^^^^^^^^^
sqlite3.OperationalError: duplicate column name: fqdn
2026-05-20 22:15:57 - huginn - DEBUG - Suppressed exception
Traceback (most recent call last):
  File "c:\Users\allie\Coding Projects\huggin_suite\huginn\app\core\asset_manager.py", line 108, in init_database
    conn.execute("ALTER TABLE assets ADD COLUMN mac_address TEXT DEFAULT ''")
    ~~~~~~~~~~~~^^^^^^^^^^^^^^^^^^^^^^^^^^^^^^^^^^^^^^^^^^^^^^^^^^^^^^^^^^^^^
sqlite3.OperationalError: duplicate column name: mac_address
2026-05-20 22:15:57 - huginn - DEBUG - Suppressed exception
Traceback (most recent call last):
  File "c:\Users\allie\Coding Projects\huggin_suite\huginn\app\core\asset_manager.py", line 115, in init_database
    conn.execute("ALTER TABLE assets ADD COLUMN vendor TEXT DEFAULT ''")
    ~~~~~~~~~~~~^^^^^^^^^^^^^^^^^^^^^^^^^^^^^^^^^^^^^^^^^^^^^^^^^^^^^^^^
sqlite3.OperationalError: duplicate column name: vendor
2026-05-20 22:15:57 - huginn - DEBUG - Suppressed exception
Traceback (most recent call last):
  File "c:\Users\allie\Coding Projects\huggin_suite\huginn\app\core\asset_manager.py", line 122, in init_database
    conn.execute("ALTER TABLE assets ADD COLUMN notes TEXT DEFAULT ''")
    ~~~~~~~~~~~~^^^^^^^^^^^^^^^^^^^^^^^^^^^^^^^^^^^^^^^^^^^^^^^^^^^^^^^
sqlite3.OperationalError: duplicate column name: notes
2026-05-20 22:15:57 - huginn - INFO - Using default configuration
2026-05-20 22:15:59 - huginn - INFO - License saved successfully
2026-05-20 22:15:59 - huginn - INFO - License loaded and validated successfully
2026-05-20 22:16:24 - huginn - DEBUG - Suppressed exception
Traceback (most recent call last):
  File "c:\Users\allie\Coding Projects\huggin_suite\huginn\app\core\asset_manager.py", line 101, in init_database
    conn.execute("ALTER TABLE assets ADD COLUMN fqdn TEXT DEFAULT ''")
    ~~~~~~~~~~~~^^^^^^^^^^^^^^^^^^^^^^^^^^^^^^^^^^^^^^^^^^^^^^^^^^^^^^
sqlite3.OperationalError: duplicate column name: fqdn
2026-05-20 22:16:24 - huginn - DEBUG - Suppressed exception
Traceback (most recent call last):
  File "c:\Users\allie\Coding Projects\huggin_suite\huginn\app\core\asset_manager.py", line 108, in init_database
    conn.execute("ALTER TABLE assets ADD COLUMN mac_address TEXT DEFAULT ''")
    ~~~~~~~~~~~~^^^^^^^^^^^^^^^^^^^^^^^^^^^^^^^^^^^^^^^^^^^^^^^^^^^^^^^^^^^^^
sqlite3.OperationalError: duplicate column name: mac_address
2026-05-20 22:16:24 - huginn - DEBUG - Suppressed exception
Traceback (most recent call last):
  File "c:\Users\allie\Coding Projects\huggin_suite\huginn\app\core\asset_manager.py", line 115, in init_database
    conn.execute("ALTER TABLE assets ADD COLUMN vendor TEXT DEFAULT ''")
    ~~~~~~~~~~~~^^^^^^^^^^^^^^^^^^^^^^^^^^^^^^^^^^^^^^^^^^^^^^^^^^^^^^^^
sqlite3.OperationalError: duplicate column name: vendor
2026-05-20 22:16:24 - huginn - DEBUG - Suppressed exception
Traceback (most recent call last):
  File "c:\Users\allie\Coding Projects\huggin_suite\huginn\app\core\asset_manager.py", line 122, in init_database
    conn.execute("ALTER TABLE assets ADD COLUMN notes TEXT DEFAULT ''")
    ~~~~~~~~~~~~^^^^^^^^^^^^^^^^^^^^^^^^^^^^^^^^^^^^^^^^^^^^^^^^^^^^^^^
sqlite3.OperationalError: duplicate column name: notes
2026-05-20 22:16:24 - huginn - INFO - Using default configuration
2026-05-20 22:16:26 - huginn - INFO - License saved successfully
2026-05-20 22:16:26 - huginn - INFO - License loaded and validated successfully
2026-05-20 22:17:20 - huginn - DEBUG - Suppressed exception
Traceback (most recent call last):
  File "c:\Users\allie\Coding Projects\huggin_suite\huginn\app\core\asset_manager.py", line 101, in init_database
    conn.execute("ALTER TABLE assets ADD COLUMN fqdn TEXT DEFAULT ''")
    ~~~~~~~~~~~~^^^^^^^^^^^^^^^^^^^^^^^^^^^^^^^^^^^^^^^^^^^^^^^^^^^^^^
sqlite3.OperationalError: duplicate column name: fqdn
2026-05-20 22:17:20 - huginn - DEBUG - Suppressed exception
Traceback (most recent call last):
  File "c:\Users\allie\Coding Projects\huggin_suite\huginn\app\core\asset_manager.py", line 108, in init_database
    conn.execute("ALTER TABLE assets ADD COLUMN mac_address TEXT DEFAULT ''")
    ~~~~~~~~~~~~^^^^^^^^^^^^^^^^^^^^^^^^^^^^^^^^^^^^^^^^^^^^^^^^^^^^^^^^^^^^^
sqlite3.OperationalError: duplicate column name: mac_address
2026-05-20 22:17:20 - huginn - DEBUG - Suppressed exception
Traceback (most recent call last):
  File "c:\Users\allie\Coding Projects\huggin_suite\huginn\app\core\asset_manager.py", line 115, in init_database
    conn.execute("ALTER TABLE assets ADD COLUMN vendor TEXT DEFAULT ''")
    ~~~~~~~~~~~~^^^^^^^^^^^^^^^^^^^^^^^^^^^^^^^^^^^^^^^^^^^^^^^^^^^^^^^^
sqlite3.OperationalError: duplicate column name: vendor
2026-05-20 22:17:20 - huginn - DEBUG - Suppressed exception
Traceback (most recent call last):
  File "c:\Users\allie\Coding Projects\huggin_suite\huginn\app\core\asset_manager.py", line 122, in init_database
    conn.execute("ALTER TABLE assets ADD COLUMN notes TEXT DEFAULT ''")
    ~~~~~~~~~~~~^^^^^^^^^^^^^^^^^^^^^^^^^^^^^^^^^^^^^^^^^^^^^^^^^^^^^^^
sqlite3.OperationalError: duplicate column name: notes
2026-05-20 22:17:20 - huginn - INFO - Using default configuration
2026-05-20 22:17:22 - huginn - INFO - License saved successfully
2026-05-20 22:17:22 - huginn - INFO - License loaded and validated successfully
2026-05-20 22:17:32 - huginn - DEBUG - Suppressed exception
Traceback (most recent call last):
  File "c:\Users\allie\Coding Projects\huggin_suite\huginn\app\core\asset_manager.py", line 101, in init_database
    conn.execute("ALTER TABLE assets ADD COLUMN fqdn TEXT DEFAULT ''")
    ~~~~~~~~~~~~^^^^^^^^^^^^^^^^^^^^^^^^^^^^^^^^^^^^^^^^^^^^^^^^^^^^^^
sqlite3.OperationalError: duplicate column name: fqdn
2026-05-20 22:17:32 - huginn - DEBUG - Suppressed exception
Traceback (most recent call last):
  File "c:\Users\allie\Coding Projects\huggin_suite\huginn\app\core\asset_manager.py", line 108, in init_database
    conn.execute("ALTER TABLE assets ADD COLUMN mac_address TEXT DEFAULT ''")
    ~~~~~~~~~~~~^^^^^^^^^^^^^^^^^^^^^^^^^^^^^^^^^^^^^^^^^^^^^^^^^^^^^^^^^^^^^
sqlite3.OperationalError: duplicate column name: mac_address
2026-05-20 22:17:32 - huginn - DEBUG - Suppressed exception
Traceback (most recent call last):
  File "c:\Users\allie\Coding Projects\huggin_suite\huginn\app\core\asset_manager.py", line 115, in init_database
    conn.execute("ALTER TABLE assets ADD COLUMN vendor TEXT DEFAULT ''")
    ~~~~~~~~~~~~^^^^^^^^^^^^^^^^^^^^^^^^^^^^^^^^^^^^^^^^^^^^^^^^^^^^^^^^
sqlite3.OperationalError: duplicate column name: vendor
2026-05-20 22:17:32 - huginn - DEBUG - Suppressed exception
Traceback (most recent call last):
  File "c:\Users\allie\Coding Projects\huggin_suite\huginn\app\core\asset_manager.py", line 122, in init_database
    conn.execute("ALTER TABLE assets ADD COLUMN notes TEXT DEFAULT ''")
    ~~~~~~~~~~~~^^^^^^^^^^^^^^^^^^^^^^^^^^^^^^^^^^^^^^^^^^^^^^^^^^^^^^^
sqlite3.OperationalError: duplicate column name: notes
2026-05-20 22:17:32 - huginn - INFO - Using default configuration
2026-05-20 22:17:35 - huginn - INFO - License saved successfully
2026-05-20 22:17:35 - huginn - INFO - License loaded and validated successfully
2026-05-20 22:17:44 - huginn - DEBUG - Suppressed exception
Traceback (most recent call last):
  File "c:\Users\allie\Coding Projects\huggin_suite\huginn\app\core\asset_manager.py", line 101, in init_database
    conn.execute("ALTER TABLE assets ADD COLUMN fqdn TEXT DEFAULT ''")
    ~~~~~~~~~~~~^^^^^^^^^^^^^^^^^^^^^^^^^^^^^^^^^^^^^^^^^^^^^^^^^^^^^^
sqlite3.OperationalError: duplicate column name: fqdn
2026-05-20 22:17:44 - huginn - DEBUG - Suppressed exception
Traceback (most recent call last):
  File "c:\Users\allie\Coding Projects\huggin_suite\huginn\app\core\asset_manager.py", line 108, in init_database
    conn.execute("ALTER TABLE assets ADD COLUMN mac_address TEXT DEFAULT ''")
    ~~~~~~~~~~~~^^^^^^^^^^^^^^^^^^^^^^^^^^^^^^^^^^^^^^^^^^^^^^^^^^^^^^^^^^^^^
sqlite3.OperationalError: duplicate column name: mac_address
2026-05-20 22:17:44 - huginn - DEBUG - Suppressed exception
Traceback (most recent call last):
  File "c:\Users\allie\Coding Projects\huggin_suite\huginn\app\core\asset_manager.py", line 115, in init_database
    conn.execute("ALTER TABLE assets ADD COLUMN vendor TEXT DEFAULT ''")
    ~~~~~~~~~~~~^^^^^^^^^^^^^^^^^^^^^^^^^^^^^^^^^^^^^^^^^^^^^^^^^^^^^^^^
sqlite3.OperationalError: duplicate column name: vendor
2026-05-20 22:17:44 - huginn - DEBUG - Suppressed exception
Traceback (most recent call last):
  File "c:\Users\allie\Coding Projects\huggin_suite\huginn\app\core\asset_manager.py", line 122, in init_database
    conn.execute("ALTER TABLE assets ADD COLUMN notes TEXT DEFAULT ''")
    ~~~~~~~~~~~~^^^^^^^^^^^^^^^^^^^^^^^^^^^^^^^^^^^^^^^^^^^^^^^^^^^^^^^
sqlite3.OperationalError: duplicate column name: notes
2026-05-20 22:17:44 - huginn - INFO - Using default configuration
2026-05-20 22:17:47 - huginn - INFO - License saved successfully
2026-05-20 22:17:47 - huginn - INFO - License loaded and validated successfully
2026-05-20 22:17:59 - huginn - INFO - License saved successfully
2026-05-20 22:17:59 - huginn - INFO - License loaded and validated successfully
2026-05-20 22:18:00 - huginn - INFO - Application starting...
2026-05-20 22:18:00 - huginn - INFO - Font loaded successfully
2026-05-20 22:18:00 - huginn - INFO - Stylesheet loaded successfully
2026-05-20 22:18:00 - huginn - INFO - Creating main window...
2026-05-20 22:18:00 - huginn - INFO - QThreadPool max threads set to 32 (CPUs: 32)
2026-05-20 22:18:00 - huginn - INFO - Custom font 'Neuropol X' loaded from C:\Users\allie\Coding Projects\huggin_suite\huginn\resources\fonts\neuropol.otf
2026-05-20 22:18:00 - huginn - DEBUG - Suppressed exception
Traceback (most recent call last):
  File "C:\Users\allie\Coding Projects\huggin_suite\huginn\app\pages\page_registry.py", line 45, in register_all_pages
    from app.pages.db_attacks_page import DBAttacksPage
ImportError: cannot import name 'DBAttacksPage' from 'app.pages.db_attacks_page' (C:\Users\allie\Coding Projects\huggin_suite\huginn\app\pages\db_attacks_page.py)
2026-05-20 22:18:04 - huginn - DEBUG - Credentials loaded for profile 'Silentium'
2026-05-20 22:18:04 - huginn - DEBUG - Suppressed exception
Traceback (most recent call last):
  File "C:\Users\allie\Coding Projects\huggin_suite\huginn\app\core\scope_manager.py", line 62, in _parse_scope_text
    ipaddress.IPv4Address(item)
    ~~~~~~~~~~~~~~~~~~~~~^^^^^^
  File "C:\Users\allie\anaconda3\Lib\ipaddress.py", line 1319, in __init__
    self._ip = self._ip_int_from_string(addr_str)
               ~~~~~~~~~~~~~~~~~~~~~~~~^^^^^^^^^^
  File "C:\Users\allie\anaconda3\Lib\ipaddress.py", line 1206, in _ip_int_from_string
    raise AddressValueError("Expected 4 octets in %r" % ip_str)
ipaddress.AddressValueError: Expected 4 octets in 'silentium.htb'
2026-05-20 22:18:04 - huginn - DEBUG - Credentials loaded for profile 'Silentium'
2026-05-20 22:18:04 - huginn - DEBUG - Suppressed exception
Traceback (most recent call last):
  File "C:\Users\allie\Coding Projects\huggin_suite\huginn\app\core\scope_manager.py", line 62, in _parse_scope_text
    ipaddress.IPv4Address(item)
    ~~~~~~~~~~~~~~~~~~~~~^^^^^^
  File "C:\Users\allie\anaconda3\Lib\ipaddress.py", line 1319, in __init__
    self._ip = self._ip_int_from_string(addr_str)
               ~~~~~~~~~~~~~~~~~~~~~~~~^^^^^^^^^^
  File "C:\Users\allie\anaconda3\Lib\ipaddress.py", line 1206, in _ip_int_from_string
    raise AddressValueError("Expected 4 octets in %r" % ip_str)
ipaddress.AddressValueError: Expected 4 octets in 'silentium.htb'
2026-05-20 22:18:06 - huginn - DEBUG - Wireless security tab unavailable
Traceback (most recent call last):
  File "C:\Users\allie\Coding Projects\huggin_suite\huginn\app\pages\recon_enumeration_page.py", line 99, in setup_ui
    wireless_tab = WirelessSecurityWidget(self)
  File "C:\Users\allie\Coding Projects\huggin_suite\huginn\app\widgets\wireless_security_widget.py", line 52, in __init__
    self.connect_signals()
    ~~~~~~~~~~~~~~~~~~~~^^
  File "C:\Users\allie\Coding Projects\huggin_suite\huginn\app\widgets\wireless_security_widget.py", line 303, in connect_signals
    self.generate_report_btn.clicked.connect(self.generate_report)
    ^^^^^^^^^^^^^^^^^^^^^^^^
AttributeError: 'WirelessSecurityWidget' object has no attribute 'generate_report_btn'. Did you mean: 'generate_report'?
2026-05-20 22:20:44 - huginn - DEBUG - Memory monitoring stopped
2026-05-20 22:20:44 - huginn - DEBUG - Connection pool closed all sessions
2026-05-20 22:20:44 - huginn - INFO - Update manager stopped during cleanup
2026-05-20 22:21:25 - huginn - DEBUG - Suppressed exception
Traceback (most recent call last):
  File "c:\Users\allie\Coding Projects\huggin_suite\huginn\app\core\asset_manager.py", line 101, in init_database
    conn.execute("ALTER TABLE assets ADD COLUMN fqdn TEXT DEFAULT ''")
    ~~~~~~~~~~~~^^^^^^^^^^^^^^^^^^^^^^^^^^^^^^^^^^^^^^^^^^^^^^^^^^^^^^
sqlite3.OperationalError: duplicate column name: fqdn
2026-05-20 22:21:25 - huginn - DEBUG - Suppressed exception
Traceback (most recent call last):
  File "c:\Users\allie\Coding Projects\huggin_suite\huginn\app\core\asset_manager.py", line 108, in init_database
    conn.execute("ALTER TABLE assets ADD COLUMN mac_address TEXT DEFAULT ''")
    ~~~~~~~~~~~~^^^^^^^^^^^^^^^^^^^^^^^^^^^^^^^^^^^^^^^^^^^^^^^^^^^^^^^^^^^^^
sqlite3.OperationalError: duplicate column name: mac_address
2026-05-20 22:21:25 - huginn - DEBUG - Suppressed exception
Traceback (most recent call last):
  File "c:\Users\allie\Coding Projects\huggin_suite\huginn\app\core\asset_manager.py", line 115, in init_database
    conn.execute("ALTER TABLE assets ADD COLUMN vendor TEXT DEFAULT ''")
    ~~~~~~~~~~~~^^^^^^^^^^^^^^^^^^^^^^^^^^^^^^^^^^^^^^^^^^^^^^^^^^^^^^^^
sqlite3.OperationalError: duplicate column name: vendor
2026-05-20 22:21:25 - huginn - DEBUG - Suppressed exception
Traceback (most recent call last):
  File "c:\Users\allie\Coding Projects\huggin_suite\huginn\app\core\asset_manager.py", line 122, in init_database
    conn.execute("ALTER TABLE assets ADD COLUMN notes TEXT DEFAULT ''")
    ~~~~~~~~~~~~^^^^^^^^^^^^^^^^^^^^^^^^^^^^^^^^^^^^^^^^^^^^^^^^^^^^^^^
sqlite3.OperationalError: duplicate column name: notes
2026-05-20 22:21:25 - huginn - INFO - Using default configuration
2026-05-20 22:21:28 - huginn - INFO - License saved successfully
2026-05-20 22:21:28 - huginn - INFO - License loaded and validated successfully
2026-05-20 22:21:42 - huginn - DEBUG - Suppressed exception
Traceback (most recent call last):
  File "c:\Users\allie\Coding Projects\huggin_suite\huginn\app\core\asset_manager.py", line 101, in init_database
    conn.execute("ALTER TABLE assets ADD COLUMN fqdn TEXT DEFAULT ''")
    ~~~~~~~~~~~~^^^^^^^^^^^^^^^^^^^^^^^^^^^^^^^^^^^^^^^^^^^^^^^^^^^^^^
sqlite3.OperationalError: duplicate column name: fqdn
2026-05-20 22:21:42 - huginn - DEBUG - Suppressed exception
Traceback (most recent call last):
  File "c:\Users\allie\Coding Projects\huggin_suite\huginn\app\core\asset_manager.py", line 108, in init_database
    conn.execute("ALTER TABLE assets ADD COLUMN mac_address TEXT DEFAULT ''")
    ~~~~~~~~~~~~^^^^^^^^^^^^^^^^^^^^^^^^^^^^^^^^^^^^^^^^^^^^^^^^^^^^^^^^^^^^^
sqlite3.OperationalError: duplicate column name: mac_address
2026-05-20 22:21:42 - huginn - DEBUG - Suppressed exception
Traceback (most recent call last):
  File "c:\Users\allie\Coding Projects\huggin_suite\huginn\app\core\asset_manager.py", line 115, in init_database
    conn.execute("ALTER TABLE assets ADD COLUMN vendor TEXT DEFAULT ''")
    ~~~~~~~~~~~~^^^^^^^^^^^^^^^^^^^^^^^^^^^^^^^^^^^^^^^^^^^^^^^^^^^^^^^^
sqlite3.OperationalError: duplicate column name: vendor
2026-05-20 22:21:42 - huginn - DEBUG - Suppressed exception
Traceback (most recent call last):
  File "c:\Users\allie\Coding Projects\huggin_suite\huginn\app\core\asset_manager.py", line 122, in init_database
    conn.execute("ALTER TABLE assets ADD COLUMN notes TEXT DEFAULT ''")
    ~~~~~~~~~~~~^^^^^^^^^^^^^^^^^^^^^^^^^^^^^^^^^^^^^^^^^^^^^^^^^^^^^^^
sqlite3.OperationalError: duplicate column name: notes
2026-05-20 22:21:43 - huginn - INFO - Using default configuration
2026-05-20 22:21:45 - huginn - INFO - License saved successfully
2026-05-20 22:21:45 - huginn - INFO - License loaded and validated successfully
2026-05-20 22:22:07 - huginn - INFO - License saved successfully
2026-05-20 22:22:07 - huginn - INFO - License loaded and validated successfully
2026-05-20 22:22:08 - huginn - INFO - Application starting...
2026-05-20 22:22:08 - huginn - INFO - Font loaded successfully
2026-05-20 22:22:08 - huginn - INFO - Stylesheet loaded successfully
2026-05-20 22:22:08 - huginn - INFO - Creating main window...
2026-05-20 22:22:08 - huginn - INFO - QThreadPool max threads set to 32 (CPUs: 32)
2026-05-20 22:22:08 - huginn - INFO - Custom font 'Neuropol X' loaded from C:\Users\allie\Coding Projects\huggin_suite\huginn\resources\fonts\neuropol.otf
2026-05-20 22:22:08 - huginn - DEBUG - Suppressed exception
Traceback (most recent call last):
  File "C:\Users\allie\Coding Projects\huggin_suite\huginn\app\pages\page_registry.py", line 45, in register_all_pages
    from app.pages.db_attacks_page import DBAttacksPage
ImportError: cannot import name 'DBAttacksPage' from 'app.pages.db_attacks_page' (C:\Users\allie\Coding Projects\huggin_suite\huginn\app\pages\db_attacks_page.py)
2026-05-20 22:22:13 - huginn - DEBUG - Wireless security tab unavailable
Traceback (most recent call last):
  File "C:\Users\allie\Coding Projects\huggin_suite\huginn\app\pages\recon_enumeration_page.py", line 99, in setup_ui
    wireless_tab = WirelessSecurityWidget(self)
  File "C:\Users\allie\Coding Projects\huggin_suite\huginn\app\widgets\wireless_security_widget.py", line 52, in __init__
    self.connect_signals()
    ~~~~~~~~~~~~~~~~~~~~^^
  File "C:\Users\allie\Coding Projects\huggin_suite\huginn\app\widgets\wireless_security_widget.py", line 303, in connect_signals
    self.generate_report_btn.clicked.connect(self.generate_report)
    ^^^^^^^^^^^^^^^^^^^^^^^^
AttributeError: 'WirelessSecurityWidget' object has no attribute 'generate_report_btn'. Did you mean: 'generate_report'?
2026-05-20 22:22:20 - huginn - DEBUG - Memory monitoring stopped
2026-05-20 22:22:20 - huginn - DEBUG - Connection pool closed all sessions
2026-05-20 22:22:20 - huginn - INFO - Update manager stopped during cleanup
2026-05-20 22:22:30 - huginn - INFO - License saved successfully
2026-05-20 22:22:30 - huginn - INFO - License loaded and validated successfully
2026-05-20 22:22:30 - huginn - INFO - Application starting...
2026-05-20 22:22:30 - huginn - INFO - Font loaded successfully
2026-05-20 22:22:30 - huginn - INFO - Stylesheet loaded successfully
2026-05-20 22:22:30 - huginn - INFO - Creating main window...
2026-05-20 22:22:30 - huginn - INFO - QThreadPool max threads set to 32 (CPUs: 32)
2026-05-20 22:22:30 - huginn - INFO - Custom font 'Neuropol X' loaded from C:\Users\allie\Coding Projects\huggin_suite\huginn\resources\fonts\neuropol.otf
2026-05-20 22:22:31 - huginn - DEBUG - Suppressed exception
Traceback (most recent call last):
  File "C:\Users\allie\Coding Projects\huggin_suite\huginn\app\pages\page_registry.py", line 45, in register_all_pages
    from app.pages.db_attacks_page import DBAttacksPage
ImportError: cannot import name 'DBAttacksPage' from 'app.pages.db_attacks_page' (C:\Users\allie\Coding Projects\huggin_suite\huginn\app\pages\db_attacks_page.py)
2026-05-20 22:22:34 - huginn - DEBUG - Wireless security tab unavailable
Traceback (most recent call last):
  File "C:\Users\allie\Coding Projects\huggin_suite\huginn\app\pages\recon_enumeration_page.py", line 99, in setup_ui
    wireless_tab = WirelessSecurityWidget(self)
  File "C:\Users\allie\Coding Projects\huggin_suite\huginn\app\widgets\wireless_security_widget.py", line 52, in __init__
    self.connect_signals()
    ~~~~~~~~~~~~~~~~~~~~^^
  File "C:\Users\allie\Coding Projects\huggin_suite\huginn\app\widgets\wireless_security_widget.py", line 303, in connect_signals
    self.generate_report_btn.clicked.connect(self.generate_report)
    ^^^^^^^^^^^^^^^^^^^^^^^^
AttributeError: 'WirelessSecurityWidget' object has no attribute 'generate_report_btn'. Did you mean: 'generate_report'?
2026-05-20 22:22:41 - huginn - DEBUG - Memory monitoring stopped
2026-05-20 22:22:41 - huginn - DEBUG - Connection pool closed all sessions
2026-05-20 22:22:41 - huginn - INFO - Update manager stopped during cleanup
2026-05-20 22:24:02 - huginn - INFO - License saved successfully
2026-05-20 22:24:02 - huginn - INFO - License loaded and validated successfully
2026-05-20 22:24:02 - huginn - INFO - Application starting...
2026-05-20 22:24:02 - huginn - INFO - Font loaded successfully
2026-05-20 22:24:02 - huginn - INFO - Stylesheet loaded successfully
2026-05-20 22:24:02 - huginn - INFO - Creating main window...
2026-05-20 22:24:02 - huginn - INFO - QThreadPool max threads set to 32 (CPUs: 32)
2026-05-20 22:24:02 - huginn - INFO - Custom font 'Neuropol X' loaded from C:\Users\allie\Coding Projects\huggin_suite\huginn\resources\fonts\neuropol.otf
2026-05-20 22:24:02 - huginn - DEBUG - Suppressed exception
Traceback (most recent call last):
  File "C:\Users\allie\Coding Projects\huggin_suite\huginn\app\pages\page_registry.py", line 45, in register_all_pages
    from app.pages.db_attacks_page import DBAttacksPage
ImportError: cannot import name 'DBAttacksPage' from 'app.pages.db_attacks_page' (C:\Users\allie\Coding Projects\huggin_suite\huginn\app\pages\db_attacks_page.py)
2026-05-20 22:24:06 - huginn - DEBUG - Wireless security tab unavailable
Traceback (most recent call last):
  File "C:\Users\allie\Coding Projects\huggin_suite\huginn\app\pages\recon_enumeration_page.py", line 99, in setup_ui
    wireless_tab = WirelessSecurityWidget(self)
  File "C:\Users\allie\Coding Projects\huggin_suite\huginn\app\widgets\wireless_security_widget.py", line 52, in __init__
    self.connect_signals()
    ~~~~~~~~~~~~~~~~~~~~^^
  File "C:\Users\allie\Coding Projects\huggin_suite\huginn\app\widgets\wireless_security_widget.py", line 303, in connect_signals
    self.generate_report_btn.clicked.connect(self.generate_report)
    ^^^^^^^^^^^^^^^^^^^^^^^^
AttributeError: 'WirelessSecurityWidget' object has no attribute 'generate_report_btn'. Did you mean: 'generate_report'?
2026-05-20 22:24:13 - huginn - DEBUG - Memory monitoring stopped
2026-05-20 22:24:13 - huginn - DEBUG - Connection pool closed all sessions
2026-05-20 22:24:13 - huginn - INFO - Update manager stopped during cleanup
2026-05-20 22:26:20 - huginn - DEBUG - Suppressed exception
Traceback (most recent call last):
  File "c:\Users\allie\Coding Projects\huggin_suite\huginn\app\core\asset_manager.py", line 101, in init_database
    conn.execute("ALTER TABLE assets ADD COLUMN fqdn TEXT DEFAULT ''")
    ~~~~~~~~~~~~^^^^^^^^^^^^^^^^^^^^^^^^^^^^^^^^^^^^^^^^^^^^^^^^^^^^^^
sqlite3.OperationalError: duplicate column name: fqdn
2026-05-20 22:26:20 - huginn - DEBUG - Suppressed exception
Traceback (most recent call last):
  File "c:\Users\allie\Coding Projects\huggin_suite\huginn\app\core\asset_manager.py", line 108, in init_database
    conn.execute("ALTER TABLE assets ADD COLUMN mac_address TEXT DEFAULT ''")
    ~~~~~~~~~~~~^^^^^^^^^^^^^^^^^^^^^^^^^^^^^^^^^^^^^^^^^^^^^^^^^^^^^^^^^^^^^
sqlite3.OperationalError: duplicate column name: mac_address
2026-05-20 22:26:20 - huginn - DEBUG - Suppressed exception
Traceback (most recent call last):
  File "c:\Users\allie\Coding Projects\huggin_suite\huginn\app\core\asset_manager.py", line 115, in init_database
    conn.execute("ALTER TABLE assets ADD COLUMN vendor TEXT DEFAULT ''")
    ~~~~~~~~~~~~^^^^^^^^^^^^^^^^^^^^^^^^^^^^^^^^^^^^^^^^^^^^^^^^^^^^^^^^
sqlite3.OperationalError: duplicate column name: vendor
2026-05-20 22:26:20 - huginn - DEBUG - Suppressed exception
Traceback (most recent call last):
  File "c:\Users\allie\Coding Projects\huggin_suite\huginn\app\core\asset_manager.py", line 122, in init_database
    conn.execute("ALTER TABLE assets ADD COLUMN notes TEXT DEFAULT ''")
    ~~~~~~~~~~~~^^^^^^^^^^^^^^^^^^^^^^^^^^^^^^^^^^^^^^^^^^^^^^^^^^^^^^^
sqlite3.OperationalError: duplicate column name: notes
2026-05-20 22:26:20 - huginn - INFO - Using default configuration
2026-05-20 22:26:23 - huginn - INFO - License saved successfully
2026-05-20 22:26:23 - huginn - INFO - License loaded and validated successfully
2026-05-20 22:27:06 - huginn - DEBUG - Suppressed exception
Traceback (most recent call last):
  File "c:\Users\allie\Coding Projects\huggin_suite\huginn\app\core\asset_manager.py", line 101, in init_database
    conn.execute("ALTER TABLE assets ADD COLUMN fqdn TEXT DEFAULT ''")
    ~~~~~~~~~~~~^^^^^^^^^^^^^^^^^^^^^^^^^^^^^^^^^^^^^^^^^^^^^^^^^^^^^^
sqlite3.OperationalError: duplicate column name: fqdn
2026-05-20 22:27:06 - huginn - DEBUG - Suppressed exception
Traceback (most recent call last):
  File "c:\Users\allie\Coding Projects\huggin_suite\huginn\app\core\asset_manager.py", line 108, in init_database
    conn.execute("ALTER TABLE assets ADD COLUMN mac_address TEXT DEFAULT ''")
    ~~~~~~~~~~~~^^^^^^^^^^^^^^^^^^^^^^^^^^^^^^^^^^^^^^^^^^^^^^^^^^^^^^^^^^^^^
sqlite3.OperationalError: duplicate column name: mac_address
2026-05-20 22:27:06 - huginn - DEBUG - Suppressed exception
Traceback (most recent call last):
  File "c:\Users\allie\Coding Projects\huggin_suite\huginn\app\core\asset_manager.py", line 115, in init_database
    conn.execute("ALTER TABLE assets ADD COLUMN vendor TEXT DEFAULT ''")
    ~~~~~~~~~~~~^^^^^^^^^^^^^^^^^^^^^^^^^^^^^^^^^^^^^^^^^^^^^^^^^^^^^^^^
sqlite3.OperationalError: duplicate column name: vendor
2026-05-20 22:27:06 - huginn - DEBUG - Suppressed exception
Traceback (most recent call last):
  File "c:\Users\allie\Coding Projects\huggin_suite\huginn\app\core\asset_manager.py", line 122, in init_database
    conn.execute("ALTER TABLE assets ADD COLUMN notes TEXT DEFAULT ''")
    ~~~~~~~~~~~~^^^^^^^^^^^^^^^^^^^^^^^^^^^^^^^^^^^^^^^^^^^^^^^^^^^^^^^
sqlite3.OperationalError: duplicate column name: notes
2026-05-20 22:27:06 - huginn - INFO - Using default configuration
2026-05-20 22:27:08 - huginn - INFO - License saved successfully
2026-05-20 22:27:08 - huginn - INFO - License loaded and validated successfully
2026-05-20 22:28:38 - huginn - DEBUG - Suppressed exception
Traceback (most recent call last):
  File "c:\Users\allie\Coding Projects\huggin_suite\huginn\app\core\asset_manager.py", line 101, in init_database
    conn.execute("ALTER TABLE assets ADD COLUMN fqdn TEXT DEFAULT ''")
    ~~~~~~~~~~~~^^^^^^^^^^^^^^^^^^^^^^^^^^^^^^^^^^^^^^^^^^^^^^^^^^^^^^
sqlite3.OperationalError: duplicate column name: fqdn
2026-05-20 22:28:38 - huginn - DEBUG - Suppressed exception
Traceback (most recent call last):
  File "c:\Users\allie\Coding Projects\huggin_suite\huginn\app\core\asset_manager.py", line 108, in init_database
    conn.execute("ALTER TABLE assets ADD COLUMN mac_address TEXT DEFAULT ''")
    ~~~~~~~~~~~~^^^^^^^^^^^^^^^^^^^^^^^^^^^^^^^^^^^^^^^^^^^^^^^^^^^^^^^^^^^^^
sqlite3.OperationalError: duplicate column name: mac_address
2026-05-20 22:28:38 - huginn - DEBUG - Suppressed exception
Traceback (most recent call last):
  File "c:\Users\allie\Coding Projects\huggin_suite\huginn\app\core\asset_manager.py", line 115, in init_database
    conn.execute("ALTER TABLE assets ADD COLUMN vendor TEXT DEFAULT ''")
    ~~~~~~~~~~~~^^^^^^^^^^^^^^^^^^^^^^^^^^^^^^^^^^^^^^^^^^^^^^^^^^^^^^^^
sqlite3.OperationalError: duplicate column name: vendor
2026-05-20 22:28:38 - huginn - DEBUG - Suppressed exception
Traceback (most recent call last):
  File "c:\Users\allie\Coding Projects\huggin_suite\huginn\app\core\asset_manager.py", line 122, in init_database
    conn.execute("ALTER TABLE assets ADD COLUMN notes TEXT DEFAULT ''")
    ~~~~~~~~~~~~^^^^^^^^^^^^^^^^^^^^^^^^^^^^^^^^^^^^^^^^^^^^^^^^^^^^^^^
sqlite3.OperationalError: duplicate column name: notes
2026-05-20 22:28:38 - huginn - INFO - Using default configuration
2026-05-20 22:28:40 - huginn - INFO - License saved successfully
2026-05-20 22:28:40 - huginn - INFO - License loaded and validated successfully
2026-05-20 22:28:47 - huginn - DEBUG - Suppressed exception
Traceback (most recent call last):
  File "c:\Users\allie\Coding Projects\huggin_suite\huginn\app\core\asset_manager.py", line 101, in init_database
    conn.execute("ALTER TABLE assets ADD COLUMN fqdn TEXT DEFAULT ''")
    ~~~~~~~~~~~~^^^^^^^^^^^^^^^^^^^^^^^^^^^^^^^^^^^^^^^^^^^^^^^^^^^^^^
sqlite3.OperationalError: duplicate column name: fqdn
2026-05-20 22:28:47 - huginn - DEBUG - Suppressed exception
Traceback (most recent call last):
  File "c:\Users\allie\Coding Projects\huggin_suite\huginn\app\core\asset_manager.py", line 108, in init_database
    conn.execute("ALTER TABLE assets ADD COLUMN mac_address TEXT DEFAULT ''")
    ~~~~~~~~~~~~^^^^^^^^^^^^^^^^^^^^^^^^^^^^^^^^^^^^^^^^^^^^^^^^^^^^^^^^^^^^^
sqlite3.OperationalError: duplicate column name: mac_address
2026-05-20 22:28:47 - huginn - DEBUG - Suppressed exception
Traceback (most recent call last):
  File "c:\Users\allie\Coding Projects\huggin_suite\huginn\app\core\asset_manager.py", line 115, in init_database
    conn.execute("ALTER TABLE assets ADD COLUMN vendor TEXT DEFAULT ''")
    ~~~~~~~~~~~~^^^^^^^^^^^^^^^^^^^^^^^^^^^^^^^^^^^^^^^^^^^^^^^^^^^^^^^^
sqlite3.OperationalError: duplicate column name: vendor
2026-05-20 22:28:47 - huginn - DEBUG - Suppressed exception
Traceback (most recent call last):
  File "c:\Users\allie\Coding Projects\huggin_suite\huginn\app\core\asset_manager.py", line 122, in init_database
    conn.execute("ALTER TABLE assets ADD COLUMN notes TEXT DEFAULT ''")
    ~~~~~~~~~~~~^^^^^^^^^^^^^^^^^^^^^^^^^^^^^^^^^^^^^^^^^^^^^^^^^^^^^^^
sqlite3.OperationalError: duplicate column name: notes
2026-05-20 22:28:47 - huginn - INFO - Using default configuration
2026-05-20 22:28:49 - huginn - INFO - License saved successfully
2026-05-20 22:28:49 - huginn - INFO - License loaded and validated successfully
2026-05-20 22:29:09 - huginn - DEBUG - Suppressed exception
Traceback (most recent call last):
  File "c:\Users\allie\Coding Projects\huggin_suite\huginn\app\core\asset_manager.py", line 101, in init_database
    conn.execute("ALTER TABLE assets ADD COLUMN fqdn TEXT DEFAULT ''")
    ~~~~~~~~~~~~^^^^^^^^^^^^^^^^^^^^^^^^^^^^^^^^^^^^^^^^^^^^^^^^^^^^^^
sqlite3.OperationalError: duplicate column name: fqdn
2026-05-20 22:29:09 - huginn - DEBUG - Suppressed exception
Traceback (most recent call last):
  File "c:\Users\allie\Coding Projects\huggin_suite\huginn\app\core\asset_manager.py", line 108, in init_database
    conn.execute("ALTER TABLE assets ADD COLUMN mac_address TEXT DEFAULT ''")
    ~~~~~~~~~~~~^^^^^^^^^^^^^^^^^^^^^^^^^^^^^^^^^^^^^^^^^^^^^^^^^^^^^^^^^^^^^
sqlite3.OperationalError: duplicate column name: mac_address
2026-05-20 22:29:09 - huginn - DEBUG - Suppressed exception
Traceback (most recent call last):
  File "c:\Users\allie\Coding Projects\huggin_suite\huginn\app\core\asset_manager.py", line 115, in init_database
    conn.execute("ALTER TABLE assets ADD COLUMN vendor TEXT DEFAULT ''")
    ~~~~~~~~~~~~^^^^^^^^^^^^^^^^^^^^^^^^^^^^^^^^^^^^^^^^^^^^^^^^^^^^^^^^
sqlite3.OperationalError: duplicate column name: vendor
2026-05-20 22:29:09 - huginn - DEBUG - Suppressed exception
Traceback (most recent call last):
  File "c:\Users\allie\Coding Projects\huggin_suite\huginn\app\core\asset_manager.py", line 122, in init_database
    conn.execute("ALTER TABLE assets ADD COLUMN notes TEXT DEFAULT ''")
    ~~~~~~~~~~~~^^^^^^^^^^^^^^^^^^^^^^^^^^^^^^^^^^^^^^^^^^^^^^^^^^^^^^^
sqlite3.OperationalError: duplicate column name: notes
2026-05-20 22:29:09 - huginn - INFO - Using default configuration
2026-05-20 22:29:11 - huginn - INFO - License saved successfully
2026-05-20 22:29:11 - huginn - INFO - License loaded and validated successfully
2026-05-20 22:29:42 - huginn - DEBUG - Suppressed exception
Traceback (most recent call last):
  File "c:\Users\allie\Coding Projects\huggin_suite\huginn\app\core\asset_manager.py", line 101, in init_database
    conn.execute("ALTER TABLE assets ADD COLUMN fqdn TEXT DEFAULT ''")
    ~~~~~~~~~~~~^^^^^^^^^^^^^^^^^^^^^^^^^^^^^^^^^^^^^^^^^^^^^^^^^^^^^^
sqlite3.OperationalError: duplicate column name: fqdn
2026-05-20 22:29:42 - huginn - DEBUG - Suppressed exception
Traceback (most recent call last):
  File "c:\Users\allie\Coding Projects\huggin_suite\huginn\app\core\asset_manager.py", line 108, in init_database
    conn.execute("ALTER TABLE assets ADD COLUMN mac_address TEXT DEFAULT ''")
    ~~~~~~~~~~~~^^^^^^^^^^^^^^^^^^^^^^^^^^^^^^^^^^^^^^^^^^^^^^^^^^^^^^^^^^^^^
sqlite3.OperationalError: duplicate column name: mac_address
2026-05-20 22:29:42 - huginn - DEBUG - Suppressed exception
Traceback (most recent call last):
  File "c:\Users\allie\Coding Projects\huggin_suite\huginn\app\core\asset_manager.py", line 115, in init_database
    conn.execute("ALTER TABLE assets ADD COLUMN vendor TEXT DEFAULT ''")
    ~~~~~~~~~~~~^^^^^^^^^^^^^^^^^^^^^^^^^^^^^^^^^^^^^^^^^^^^^^^^^^^^^^^^
sqlite3.OperationalError: duplicate column name: vendor
2026-05-20 22:29:42 - huginn - DEBUG - Suppressed exception
Traceback (most recent call last):
  File "c:\Users\allie\Coding Projects\huggin_suite\huginn\app\core\asset_manager.py", line 122, in init_database
    conn.execute("ALTER TABLE assets ADD COLUMN notes TEXT DEFAULT ''")
    ~~~~~~~~~~~~^^^^^^^^^^^^^^^^^^^^^^^^^^^^^^^^^^^^^^^^^^^^^^^^^^^^^^^
sqlite3.OperationalError: duplicate column name: notes
2026-05-20 22:29:42 - huginn - INFO - Using default configuration
2026-05-20 22:29:44 - huginn - INFO - License saved successfully
2026-05-20 22:29:44 - huginn - INFO - License loaded and validated successfully
2026-05-20 22:30:03 - huginn - DEBUG - Suppressed exception
Traceback (most recent call last):
  File "c:\Users\allie\Coding Projects\huggin_suite\huginn\app\core\asset_manager.py", line 101, in init_database
    conn.execute("ALTER TABLE assets ADD COLUMN fqdn TEXT DEFAULT ''")
    ~~~~~~~~~~~~^^^^^^^^^^^^^^^^^^^^^^^^^^^^^^^^^^^^^^^^^^^^^^^^^^^^^^
sqlite3.OperationalError: duplicate column name: fqdn
2026-05-20 22:30:03 - huginn - DEBUG - Suppressed exception
Traceback (most recent call last):
  File "c:\Users\allie\Coding Projects\huggin_suite\huginn\app\core\asset_manager.py", line 108, in init_database
    conn.execute("ALTER TABLE assets ADD COLUMN mac_address TEXT DEFAULT ''")
    ~~~~~~~~~~~~^^^^^^^^^^^^^^^^^^^^^^^^^^^^^^^^^^^^^^^^^^^^^^^^^^^^^^^^^^^^^
sqlite3.OperationalError: duplicate column name: mac_address
2026-05-20 22:30:03 - huginn - DEBUG - Suppressed exception
Traceback (most recent call last):
  File "c:\Users\allie\Coding Projects\huggin_suite\huginn\app\core\asset_manager.py", line 115, in init_database
    conn.execute("ALTER TABLE assets ADD COLUMN vendor TEXT DEFAULT ''")
    ~~~~~~~~~~~~^^^^^^^^^^^^^^^^^^^^^^^^^^^^^^^^^^^^^^^^^^^^^^^^^^^^^^^^
sqlite3.OperationalError: duplicate column name: vendor
2026-05-20 22:30:03 - huginn - DEBUG - Suppressed exception
Traceback (most recent call last):
  File "c:\Users\allie\Coding Projects\huggin_suite\huginn\app\core\asset_manager.py", line 122, in init_database
    conn.execute("ALTER TABLE assets ADD COLUMN notes TEXT DEFAULT ''")
    ~~~~~~~~~~~~^^^^^^^^^^^^^^^^^^^^^^^^^^^^^^^^^^^^^^^^^^^^^^^^^^^^^^^
sqlite3.OperationalError: duplicate column name: notes
2026-05-20 22:30:04 - huginn - INFO - Using default configuration
2026-05-20 22:30:06 - huginn - INFO - License saved successfully
2026-05-20 22:30:06 - huginn - INFO - License loaded and validated successfully
2026-05-20 22:30:39 - huginn - INFO - License saved successfully
2026-05-20 22:30:39 - huginn - INFO - License loaded and validated successfully
2026-05-20 22:30:39 - huginn - INFO - Application starting...
2026-05-20 22:30:39 - huginn - INFO - Font loaded successfully
2026-05-20 22:30:39 - huginn - INFO - Stylesheet loaded successfully
2026-05-20 22:30:39 - huginn - INFO - Creating main window...
2026-05-20 22:30:39 - huginn - INFO - QThreadPool max threads set to 32 (CPUs: 32)
2026-05-20 22:30:39 - huginn - INFO - Custom font 'Neuropol X' loaded from C:\Users\allie\Coding Projects\huggin_suite\huginn\resources\fonts\neuropol.otf
2026-05-20 22:30:39 - huginn - DEBUG - Suppressed exception
Traceback (most recent call last):
  File "C:\Users\allie\Coding Projects\huggin_suite\huginn\app\pages\page_registry.py", line 45, in register_all_pages
    from app.pages.db_attacks_page import DBAttacksPage
ImportError: cannot import name 'DBAttacksPage' from 'app.pages.db_attacks_page' (C:\Users\allie\Coding Projects\huggin_suite\huginn\app\pages\db_attacks_page.py)
2026-05-20 22:30:45 - huginn - DEBUG - Credentials loaded for profile 'Silentium'
2026-05-20 22:30:45 - huginn - DEBUG - Suppressed exception
Traceback (most recent call last):
  File "C:\Users\allie\Coding Projects\huggin_suite\huginn\app\core\scope_manager.py", line 62, in _parse_scope_text
    ipaddress.IPv4Address(item)
    ~~~~~~~~~~~~~~~~~~~~~^^^^^^
  File "C:\Users\allie\anaconda3\Lib\ipaddress.py", line 1319, in __init__
    self._ip = self._ip_int_from_string(addr_str)
               ~~~~~~~~~~~~~~~~~~~~~~~~^^^^^^^^^^
  File "C:\Users\allie\anaconda3\Lib\ipaddress.py", line 1206, in _ip_int_from_string
    raise AddressValueError("Expected 4 octets in %r" % ip_str)
ipaddress.AddressValueError: Expected 4 octets in 'silentium.htb'
2026-05-20 22:30:45 - huginn - DEBUG - Credentials loaded for profile 'Silentium'
2026-05-20 22:30:45 - huginn - DEBUG - Suppressed exception
Traceback (most recent call last):
  File "C:\Users\allie\Coding Projects\huggin_suite\huginn\app\core\scope_manager.py", line 62, in _parse_scope_text
    ipaddress.IPv4Address(item)
    ~~~~~~~~~~~~~~~~~~~~~^^^^^^
  File "C:\Users\allie\anaconda3\Lib\ipaddress.py", line 1319, in __init__
    self._ip = self._ip_int_from_string(addr_str)
               ~~~~~~~~~~~~~~~~~~~~~~~~^^^^^^^^^^
  File "C:\Users\allie\anaconda3\Lib\ipaddress.py", line 1206, in _ip_int_from_string
    raise AddressValueError("Expected 4 octets in %r" % ip_str)
ipaddress.AddressValueError: Expected 4 octets in 'silentium.htb'
2026-05-20 22:30:47 - huginn - DEBUG - Wireless security tab unavailable
Traceback (most recent call last):
  File "C:\Users\allie\Coding Projects\huggin_suite\huginn\app\pages\recon_enumeration_page.py", line 99, in setup_ui
    wireless_tab = WirelessSecurityWidget(self)
  File "C:\Users\allie\Coding Projects\huggin_suite\huginn\app\widgets\wireless_security_widget.py", line 52, in __init__
    self.connect_signals()
    ~~~~~~~~~~~~~~~~~~~~^^
  File "C:\Users\allie\Coding Projects\huggin_suite\huginn\app\widgets\wireless_security_widget.py", line 303, in connect_signals
    self.generate_report_btn.clicked.connect(self.generate_report)
    ^^^^^^^^^^^^^^^^^^^^^^^^
AttributeError: 'WirelessSecurityWidget' object has no attribute 'generate_report_btn'. Did you mean: 'generate_report'?
2026-05-20 22:32:58 - huginn - DEBUG - Memory monitoring stopped
2026-05-20 22:32:58 - huginn - DEBUG - Connection pool closed all sessions
2026-05-20 22:32:58 - huginn - INFO - Update manager stopped during cleanup
2026-05-20 22:33:33 - huginn - DEBUG - Suppressed exception
Traceback (most recent call last):
  File "c:\Users\allie\Coding Projects\huggin_suite\huginn\app\core\asset_manager.py", line 101, in init_database
    conn.execute("ALTER TABLE assets ADD COLUMN fqdn TEXT DEFAULT ''")
    ~~~~~~~~~~~~^^^^^^^^^^^^^^^^^^^^^^^^^^^^^^^^^^^^^^^^^^^^^^^^^^^^^^
sqlite3.OperationalError: duplicate column name: fqdn
2026-05-20 22:33:33 - huginn - DEBUG - Suppressed exception
Traceback (most recent call last):
  File "c:\Users\allie\Coding Projects\huggin_suite\huginn\app\core\asset_manager.py", line 108, in init_database
    conn.execute("ALTER TABLE assets ADD COLUMN mac_address TEXT DEFAULT ''")
    ~~~~~~~~~~~~^^^^^^^^^^^^^^^^^^^^^^^^^^^^^^^^^^^^^^^^^^^^^^^^^^^^^^^^^^^^^
sqlite3.OperationalError: duplicate column name: mac_address
2026-05-20 22:33:33 - huginn - DEBUG - Suppressed exception
Traceback (most recent call last):
  File "c:\Users\allie\Coding Projects\huggin_suite\huginn\app\core\asset_manager.py", line 115, in init_database
    conn.execute("ALTER TABLE assets ADD COLUMN vendor TEXT DEFAULT ''")
    ~~~~~~~~~~~~^^^^^^^^^^^^^^^^^^^^^^^^^^^^^^^^^^^^^^^^^^^^^^^^^^^^^^^^
sqlite3.OperationalError: duplicate column name: vendor
2026-05-20 22:33:33 - huginn - DEBUG - Suppressed exception
Traceback (most recent call last):
  File "c:\Users\allie\Coding Projects\huggin_suite\huginn\app\core\asset_manager.py", line 122, in init_database
    conn.execute("ALTER TABLE assets ADD COLUMN notes TEXT DEFAULT ''")
    ~~~~~~~~~~~~^^^^^^^^^^^^^^^^^^^^^^^^^^^^^^^^^^^^^^^^^^^^^^^^^^^^^^^
sqlite3.OperationalError: duplicate column name: notes
2026-05-20 22:33:33 - huginn - INFO - Using default configuration
2026-05-20 22:33:36 - huginn - INFO - License saved successfully
2026-05-20 22:33:36 - huginn - INFO - License loaded and validated successfully
2026-05-20 22:34:04 - huginn - DEBUG - Suppressed exception
Traceback (most recent call last):
  File "c:\Users\allie\Coding Projects\huggin_suite\huginn\app\core\asset_manager.py", line 101, in init_database
    conn.execute("ALTER TABLE assets ADD COLUMN fqdn TEXT DEFAULT ''")
    ~~~~~~~~~~~~^^^^^^^^^^^^^^^^^^^^^^^^^^^^^^^^^^^^^^^^^^^^^^^^^^^^^^
sqlite3.OperationalError: duplicate column name: fqdn
2026-05-20 22:34:04 - huginn - DEBUG - Suppressed exception
Traceback (most recent call last):
  File "c:\Users\allie\Coding Projects\huggin_suite\huginn\app\core\asset_manager.py", line 108, in init_database
    conn.execute("ALTER TABLE assets ADD COLUMN mac_address TEXT DEFAULT ''")
    ~~~~~~~~~~~~^^^^^^^^^^^^^^^^^^^^^^^^^^^^^^^^^^^^^^^^^^^^^^^^^^^^^^^^^^^^^
sqlite3.OperationalError: duplicate column name: mac_address
2026-05-20 22:34:04 - huginn - DEBUG - Suppressed exception
Traceback (most recent call last):
  File "c:\Users\allie\Coding Projects\huggin_suite\huginn\app\core\asset_manager.py", line 115, in init_database
    conn.execute("ALTER TABLE assets ADD COLUMN vendor TEXT DEFAULT ''")
    ~~~~~~~~~~~~^^^^^^^^^^^^^^^^^^^^^^^^^^^^^^^^^^^^^^^^^^^^^^^^^^^^^^^^
sqlite3.OperationalError: duplicate column name: vendor
2026-05-20 22:34:04 - huginn - DEBUG - Suppressed exception
Traceback (most recent call last):
  File "c:\Users\allie\Coding Projects\huggin_suite\huginn\app\core\asset_manager.py", line 122, in init_database
    conn.execute("ALTER TABLE assets ADD COLUMN notes TEXT DEFAULT ''")
    ~~~~~~~~~~~~^^^^^^^^^^^^^^^^^^^^^^^^^^^^^^^^^^^^^^^^^^^^^^^^^^^^^^^
sqlite3.OperationalError: duplicate column name: notes
2026-05-20 22:34:04 - huginn - INFO - Using default configuration
2026-05-20 22:34:06 - huginn - INFO - License saved successfully
2026-05-20 22:34:06 - huginn - INFO - License loaded and validated successfully
2026-05-20 22:34:13 - huginn - DEBUG - Suppressed exception
Traceback (most recent call last):
  File "c:\Users\allie\Coding Projects\huggin_suite\huginn\app\core\asset_manager.py", line 101, in init_database
    conn.execute("ALTER TABLE assets ADD COLUMN fqdn TEXT DEFAULT ''")
    ~~~~~~~~~~~~^^^^^^^^^^^^^^^^^^^^^^^^^^^^^^^^^^^^^^^^^^^^^^^^^^^^^^
sqlite3.OperationalError: duplicate column name: fqdn
2026-05-20 22:34:13 - huginn - DEBUG - Suppressed exception
Traceback (most recent call last):
  File "c:\Users\allie\Coding Projects\huggin_suite\huginn\app\core\asset_manager.py", line 108, in init_database
    conn.execute("ALTER TABLE assets ADD COLUMN mac_address TEXT DEFAULT ''")
    ~~~~~~~~~~~~^^^^^^^^^^^^^^^^^^^^^^^^^^^^^^^^^^^^^^^^^^^^^^^^^^^^^^^^^^^^^
sqlite3.OperationalError: duplicate column name: mac_address
2026-05-20 22:34:13 - huginn - DEBUG - Suppressed exception
Traceback (most recent call last):
  File "c:\Users\allie\Coding Projects\huggin_suite\huginn\app\core\asset_manager.py", line 115, in init_database
    conn.execute("ALTER TABLE assets ADD COLUMN vendor TEXT DEFAULT ''")
    ~~~~~~~~~~~~^^^^^^^^^^^^^^^^^^^^^^^^^^^^^^^^^^^^^^^^^^^^^^^^^^^^^^^^
sqlite3.OperationalError: duplicate column name: vendor
2026-05-20 22:34:13 - huginn - DEBUG - Suppressed exception
Traceback (most recent call last):
  File "c:\Users\allie\Coding Projects\huggin_suite\huginn\app\core\asset_manager.py", line 122, in init_database
    conn.execute("ALTER TABLE assets ADD COLUMN notes TEXT DEFAULT ''")
    ~~~~~~~~~~~~^^^^^^^^^^^^^^^^^^^^^^^^^^^^^^^^^^^^^^^^^^^^^^^^^^^^^^^
sqlite3.OperationalError: duplicate column name: notes
2026-05-20 22:34:13 - huginn - INFO - Using default configuration
2026-05-20 22:34:15 - huginn - INFO - License saved successfully
2026-05-20 22:34:15 - huginn - INFO - License loaded and validated successfully
2026-05-20 22:34:27 - huginn - DEBUG - Suppressed exception
Traceback (most recent call last):
  File "c:\Users\allie\Coding Projects\huggin_suite\huginn\app\core\asset_manager.py", line 101, in init_database
    conn.execute("ALTER TABLE assets ADD COLUMN fqdn TEXT DEFAULT ''")
    ~~~~~~~~~~~~^^^^^^^^^^^^^^^^^^^^^^^^^^^^^^^^^^^^^^^^^^^^^^^^^^^^^^
sqlite3.OperationalError: duplicate column name: fqdn
2026-05-20 22:34:27 - huginn - DEBUG - Suppressed exception
Traceback (most recent call last):
  File "c:\Users\allie\Coding Projects\huggin_suite\huginn\app\core\asset_manager.py", line 108, in init_database
    conn.execute("ALTER TABLE assets ADD COLUMN mac_address TEXT DEFAULT ''")
    ~~~~~~~~~~~~^^^^^^^^^^^^^^^^^^^^^^^^^^^^^^^^^^^^^^^^^^^^^^^^^^^^^^^^^^^^^
sqlite3.OperationalError: duplicate column name: mac_address
2026-05-20 22:34:27 - huginn - DEBUG - Suppressed exception
Traceback (most recent call last):
  File "c:\Users\allie\Coding Projects\huggin_suite\huginn\app\core\asset_manager.py", line 115, in init_database
    conn.execute("ALTER TABLE assets ADD COLUMN vendor TEXT DEFAULT ''")
    ~~~~~~~~~~~~^^^^^^^^^^^^^^^^^^^^^^^^^^^^^^^^^^^^^^^^^^^^^^^^^^^^^^^^
sqlite3.OperationalError: duplicate column name: vendor
2026-05-20 22:34:27 - huginn - DEBUG - Suppressed exception
Traceback (most recent call last):
  File "c:\Users\allie\Coding Projects\huggin_suite\huginn\app\core\asset_manager.py", line 122, in init_database
    conn.execute("ALTER TABLE assets ADD COLUMN notes TEXT DEFAULT ''")
    ~~~~~~~~~~~~^^^^^^^^^^^^^^^^^^^^^^^^^^^^^^^^^^^^^^^^^^^^^^^^^^^^^^^
sqlite3.OperationalError: duplicate column name: notes
2026-05-20 22:34:27 - huginn - INFO - Using default configuration
2026-05-20 22:34:29 - huginn - INFO - License saved successfully
2026-05-20 22:34:29 - huginn - INFO - License loaded and validated successfully
2026-05-20 22:34:41 - huginn - INFO - License saved successfully
2026-05-20 22:34:41 - huginn - INFO - License loaded and validated successfully
2026-05-20 22:34:41 - huginn - INFO - Application starting...
2026-05-20 22:34:41 - huginn - INFO - Font loaded successfully
2026-05-20 22:34:41 - huginn - INFO - Stylesheet loaded successfully
2026-05-20 22:34:41 - huginn - INFO - Creating main window...
2026-05-20 22:34:41 - huginn - INFO - QThreadPool max threads set to 32 (CPUs: 32)
2026-05-20 22:34:41 - huginn - INFO - Custom font 'Neuropol X' loaded from C:\Users\allie\Coding Projects\huggin_suite\huginn\resources\fonts\neuropol.otf
2026-05-20 22:34:41 - huginn - DEBUG - Suppressed exception
Traceback (most recent call last):
  File "C:\Users\allie\Coding Projects\huggin_suite\huginn\app\pages\page_registry.py", line 45, in register_all_pages
    from app.pages.db_attacks_page import DBAttacksPage
ImportError: cannot import name 'DBAttacksPage' from 'app.pages.db_attacks_page' (C:\Users\allie\Coding Projects\huggin_suite\huginn\app\pages\db_attacks_page.py)
2026-05-20 22:34:46 - huginn - DEBUG - Wireless security tab unavailable
Traceback (most recent call last):
  File "C:\Users\allie\Coding Projects\huggin_suite\huginn\app\pages\recon_enumeration_page.py", line 99, in setup_ui
    wireless_tab = WirelessSecurityWidget(self)
  File "C:\Users\allie\Coding Projects\huggin_suite\huginn\app\widgets\wireless_security_widget.py", line 52, in __init__
    self.connect_signals()
    ~~~~~~~~~~~~~~~~~~~~^^
  File "C:\Users\allie\Coding Projects\huggin_suite\huginn\app\widgets\wireless_security_widget.py", line 303, in connect_signals
    self.generate_report_btn.clicked.connect(self.generate_report)
    ^^^^^^^^^^^^^^^^^^^^^^^^
AttributeError: 'WirelessSecurityWidget' object has no attribute 'generate_report_btn'. Did you mean: 'generate_report'?
2026-05-20 22:39:58 - huginn - DEBUG - Memory monitoring stopped
2026-05-20 22:39:58 - huginn - DEBUG - Connection pool closed all sessions
2026-05-20 22:39:58 - huginn - INFO - Update manager stopped during cleanup
2026-05-20 22:42:23 - huginn - INFO - License saved successfully
2026-05-20 22:42:23 - huginn - INFO - License loaded and validated successfully
2026-05-20 22:42:23 - huginn - INFO - Application starting...
2026-05-20 22:42:23 - huginn - INFO - Font loaded successfully
2026-05-20 22:42:23 - huginn - INFO - Stylesheet loaded successfully
2026-05-20 22:42:23 - huginn - INFO - Creating main window...
2026-05-20 22:42:23 - huginn - INFO - QThreadPool max threads set to 32 (CPUs: 32)
2026-05-20 22:42:23 - huginn - INFO - Custom font 'Neuropol X' loaded from C:\Users\allie\Coding Projects\huggin_suite\huginn\resources\fonts\neuropol.otf
2026-05-20 22:42:23 - huginn - DEBUG - Suppressed exception
Traceback (most recent call last):
  File "C:\Users\allie\Coding Projects\huggin_suite\huginn\app\pages\page_registry.py", line 45, in register_all_pages
    from app.pages.db_attacks_page import DBAttacksPage
ImportError: cannot import name 'DBAttacksPage' from 'app.pages.db_attacks_page' (C:\Users\allie\Coding Projects\huggin_suite\huginn\app\pages\db_attacks_page.py)
2026-05-20 22:42:28 - huginn - DEBUG - Wireless security tab unavailable
Traceback (most recent call last):
  File "C:\Users\allie\Coding Projects\huggin_suite\huginn\app\pages\recon_enumeration_page.py", line 99, in setup_ui
    wireless_tab = WirelessSecurityWidget(self)
  File "C:\Users\allie\Coding Projects\huggin_suite\huginn\app\widgets\wireless_security_widget.py", line 52, in __init__
    self.connect_signals()
    ~~~~~~~~~~~~~~~~~~~~^^
  File "C:\Users\allie\Coding Projects\huggin_suite\huginn\app\widgets\wireless_security_widget.py", line 303, in connect_signals
    self.generate_report_btn.clicked.connect(self.generate_report)
    ^^^^^^^^^^^^^^^^^^^^^^^^
AttributeError: 'WirelessSecurityWidget' object has no attribute 'generate_report_btn'. Did you mean: 'generate_report'?
2026-05-20 22:46:41 - huginn - DEBUG - Memory monitoring stopped
2026-05-20 22:46:41 - huginn - DEBUG - Connection pool closed all sessions
2026-05-20 22:46:41 - huginn - INFO - Update manager stopped during cleanup
2026-05-20 22:46:44 - huginn - INFO - License saved successfully
2026-05-20 22:46:44 - huginn - INFO - License loaded and validated successfully
2026-05-20 22:46:45 - huginn - INFO - Application starting...
2026-05-20 22:46:45 - huginn - INFO - Font loaded successfully
2026-05-20 22:46:45 - huginn - INFO - Stylesheet loaded successfully
2026-05-20 22:46:45 - huginn - INFO - Creating main window...
2026-05-20 22:46:45 - huginn - INFO - QThreadPool max threads set to 32 (CPUs: 32)
2026-05-20 22:46:45 - huginn - INFO - Custom font 'Neuropol X' loaded from C:\Users\allie\Coding Projects\huggin_suite\huginn\resources\fonts\neuropol.otf
2026-05-20 22:46:45 - huginn - DEBUG - Suppressed exception
Traceback (most recent call last):
  File "C:\Users\allie\Coding Projects\huggin_suite\huginn\app\pages\page_registry.py", line 45, in register_all_pages
    from app.pages.db_attacks_page import DBAttacksPage
ImportError: cannot import name 'DBAttacksPage' from 'app.pages.db_attacks_page' (C:\Users\allie\Coding Projects\huggin_suite\huginn\app\pages\db_attacks_page.py)
2026-05-20 22:46:49 - huginn - DEBUG - Wireless security tab unavailable
Traceback (most recent call last):
  File "C:\Users\allie\Coding Projects\huggin_suite\huginn\app\pages\recon_enumeration_page.py", line 99, in setup_ui
    wireless_tab = WirelessSecurityWidget(self)
  File "C:\Users\allie\Coding Projects\huggin_suite\huginn\app\widgets\wireless_security_widget.py", line 52, in __init__
    self.connect_signals()
    ~~~~~~~~~~~~~~~~~~~~^^
  File "C:\Users\allie\Coding Projects\huggin_suite\huginn\app\widgets\wireless_security_widget.py", line 303, in connect_signals
    self.generate_report_btn.clicked.connect(self.generate_report)
    ^^^^^^^^^^^^^^^^^^^^^^^^
AttributeError: 'WirelessSecurityWidget' object has no attribute 'generate_report_btn'. Did you mean: 'generate_report'?
2026-05-20 22:47:26 - huginn - DEBUG - Memory monitoring stopped
2026-05-20 22:47:26 - huginn - DEBUG - Connection pool closed all sessions
2026-05-20 22:47:26 - huginn - INFO - Update manager stopped during cleanup
2026-05-20 22:47:28 - huginn - INFO - License saved successfully
2026-05-20 22:47:28 - huginn - INFO - License loaded and validated successfully
2026-05-20 22:47:28 - huginn - INFO - Application starting...
2026-05-20 22:47:28 - huginn - INFO - Font loaded successfully
2026-05-20 22:47:28 - huginn - INFO - Stylesheet loaded successfully
2026-05-20 22:47:28 - huginn - INFO - Creating main window...
2026-05-20 22:47:28 - huginn - INFO - QThreadPool max threads set to 32 (CPUs: 32)
2026-05-20 22:47:28 - huginn - INFO - Custom font 'Neuropol X' loaded from C:\Users\allie\Coding Projects\huggin_suite\huginn\resources\fonts\neuropol.otf
2026-05-20 22:47:28 - huginn - DEBUG - Suppressed exception
Traceback (most recent call last):
  File "C:\Users\allie\Coding Projects\huggin_suite\huginn\app\pages\page_registry.py", line 45, in register_all_pages
    from app.pages.db_attacks_page import DBAttacksPage
ImportError: cannot import name 'DBAttacksPage' from 'app.pages.db_attacks_page' (C:\Users\allie\Coding Projects\huggin_suite\huginn\app\pages\db_attacks_page.py)
2026-05-20 22:47:33 - huginn - DEBUG - Wireless security tab unavailable
Traceback (most recent call last):
  File "C:\Users\allie\Coding Projects\huggin_suite\huginn\app\pages\recon_enumeration_page.py", line 99, in setup_ui
    wireless_tab = WirelessSecurityWidget(self)
  File "C:\Users\allie\Coding Projects\huggin_suite\huginn\app\widgets\wireless_security_widget.py", line 52, in __init__
    self.connect_signals()
    ~~~~~~~~~~~~~~~~~~~~^^
  File "C:\Users\allie\Coding Projects\huggin_suite\huginn\app\widgets\wireless_security_widget.py", line 303, in connect_signals
    self.generate_report_btn.clicked.connect(self.generate_report)
    ^^^^^^^^^^^^^^^^^^^^^^^^
AttributeError: 'WirelessSecurityWidget' object has no attribute 'generate_report_btn'. Did you mean: 'generate_report'?
2026-05-20 22:48:25 - huginn - DEBUG - Memory monitoring stopped
2026-05-20 22:48:25 - huginn - DEBUG - Connection pool closed all sessions
2026-05-20 22:48:25 - huginn - INFO - Update manager stopped during cleanup
2026-05-20 22:48:27 - huginn - INFO - License saved successfully
2026-05-20 22:48:27 - huginn - INFO - License loaded and validated successfully
2026-05-20 22:48:27 - huginn - INFO - Application starting...
2026-05-20 22:48:27 - huginn - INFO - Font loaded successfully
2026-05-20 22:48:27 - huginn - INFO - Stylesheet loaded successfully
2026-05-20 22:48:27 - huginn - INFO - Creating main window...
2026-05-20 22:48:27 - huginn - INFO - QThreadPool max threads set to 32 (CPUs: 32)
2026-05-20 22:48:27 - huginn - INFO - Custom font 'Neuropol X' loaded from C:\Users\allie\Coding Projects\huggin_suite\huginn\resources\fonts\neuropol.otf
2026-05-20 22:48:27 - huginn - DEBUG - Suppressed exception
Traceback (most recent call last):
  File "C:\Users\allie\Coding Projects\huggin_suite\huginn\app\pages\page_registry.py", line 45, in register_all_pages
    from app.pages.db_attacks_page import DBAttacksPage
ImportError: cannot import name 'DBAttacksPage' from 'app.pages.db_attacks_page' (C:\Users\allie\Coding Projects\huggin_suite\huginn\app\pages\db_attacks_page.py)
2026-05-20 22:48:31 - huginn - DEBUG - Wireless security tab unavailable
Traceback (most recent call last):
  File "C:\Users\allie\Coding Projects\huggin_suite\huginn\app\pages\recon_enumeration_page.py", line 99, in setup_ui
    wireless_tab = WirelessSecurityWidget(self)
  File "C:\Users\allie\Coding Projects\huggin_suite\huginn\app\widgets\wireless_security_widget.py", line 52, in __init__
    self.connect_signals()
    ~~~~~~~~~~~~~~~~~~~~^^
  File "C:\Users\allie\Coding Projects\huggin_suite\huginn\app\widgets\wireless_security_widget.py", line 303, in connect_signals
    self.generate_report_btn.clicked.connect(self.generate_report)
    ^^^^^^^^^^^^^^^^^^^^^^^^
AttributeError: 'WirelessSecurityWidget' object has no attribute 'generate_report_btn'. Did you mean: 'generate_report'?
2026-05-20 22:48:58 - huginn - DEBUG - Memory monitoring stopped
2026-05-20 22:48:58 - huginn - DEBUG - Connection pool closed all sessions
2026-05-20 22:48:59 - huginn - INFO - Update manager stopped during cleanup
2026-05-20 22:49:00 - huginn - INFO - License saved successfully
2026-05-20 22:49:00 - huginn - INFO - License loaded and validated successfully
2026-05-20 22:49:01 - huginn - INFO - Application starting...
2026-05-20 22:49:01 - huginn - INFO - Font loaded successfully
2026-05-20 22:49:01 - huginn - INFO - Stylesheet loaded successfully
2026-05-20 22:49:01 - huginn - INFO - Creating main window...
2026-05-20 22:49:01 - huginn - INFO - QThreadPool max threads set to 32 (CPUs: 32)
2026-05-20 22:49:01 - huginn - INFO - Custom font 'Neuropol X' loaded from C:\Users\allie\Coding Projects\huggin_suite\huginn\resources\fonts\neuropol.otf
2026-05-20 22:49:01 - huginn - DEBUG - Suppressed exception
Traceback (most recent call last):
  File "C:\Users\allie\Coding Projects\huggin_suite\huginn\app\pages\page_registry.py", line 45, in register_all_pages
    from app.pages.db_attacks_page import DBAttacksPage
ImportError: cannot import name 'DBAttacksPage' from 'app.pages.db_attacks_page' (C:\Users\allie\Coding Projects\huggin_suite\huginn\app\pages\db_attacks_page.py)
2026-05-20 22:49:04 - huginn - DEBUG - Wireless security tab unavailable
Traceback (most recent call last):
  File "C:\Users\allie\Coding Projects\huggin_suite\huginn\app\pages\recon_enumeration_page.py", line 99, in setup_ui
    wireless_tab = WirelessSecurityWidget(self)
  File "C:\Users\allie\Coding Projects\huggin_suite\huginn\app\widgets\wireless_security_widget.py", line 52, in __init__
    self.connect_signals()
    ~~~~~~~~~~~~~~~~~~~~^^
  File "C:\Users\allie\Coding Projects\huggin_suite\huginn\app\widgets\wireless_security_widget.py", line 303, in connect_signals
    self.generate_report_btn.clicked.connect(self.generate_report)
    ^^^^^^^^^^^^^^^^^^^^^^^^
AttributeError: 'WirelessSecurityWidget' object has no attribute 'generate_report_btn'. Did you mean: 'generate_report'?
2026-05-20 22:49:49 - huginn - DEBUG - Memory monitoring stopped
2026-05-20 22:49:49 - huginn - DEBUG - Connection pool closed all sessions
2026-05-20 22:49:49 - huginn - INFO - Update manager stopped during cleanup
2026-05-20 22:49:52 - huginn - INFO - License saved successfully
2026-05-20 22:49:52 - huginn - INFO - License loaded and validated successfully
2026-05-20 22:49:52 - huginn - INFO - Application starting...
2026-05-20 22:49:52 - huginn - INFO - Font loaded successfully
2026-05-20 22:49:52 - huginn - INFO - Stylesheet loaded successfully
2026-05-20 22:49:52 - huginn - INFO - Creating main window...
2026-05-20 22:49:52 - huginn - INFO - QThreadPool max threads set to 32 (CPUs: 32)
2026-05-20 22:49:52 - huginn - INFO - Custom font 'Neuropol X' loaded from C:\Users\allie\Coding Projects\huggin_suite\huginn\resources\fonts\neuropol.otf
2026-05-20 22:49:52 - huginn - DEBUG - Suppressed exception
Traceback (most recent call last):
  File "C:\Users\allie\Coding Projects\huggin_suite\huginn\app\pages\page_registry.py", line 45, in register_all_pages
    from app.pages.db_attacks_page import DBAttacksPage
ImportError: cannot import name 'DBAttacksPage' from 'app.pages.db_attacks_page' (C:\Users\allie\Coding Projects\huggin_suite\huginn\app\pages\db_attacks_page.py)
2026-05-20 22:49:56 - huginn - DEBUG - Wireless security tab unavailable
Traceback (most recent call last):
  File "C:\Users\allie\Coding Projects\huggin_suite\huginn\app\pages\recon_enumeration_page.py", line 99, in setup_ui
    wireless_tab = WirelessSecurityWidget(self)
  File "C:\Users\allie\Coding Projects\huggin_suite\huginn\app\widgets\wireless_security_widget.py", line 52, in __init__
    self.connect_signals()
    ~~~~~~~~~~~~~~~~~~~~^^
  File "C:\Users\allie\Coding Projects\huggin_suite\huginn\app\widgets\wireless_security_widget.py", line 303, in connect_signals
    self.generate_report_btn.clicked.connect(self.generate_report)
    ^^^^^^^^^^^^^^^^^^^^^^^^
AttributeError: 'WirelessSecurityWidget' object has no attribute 'generate_report_btn'. Did you mean: 'generate_report'?
2026-05-20 22:50:21 - huginn - DEBUG - Memory monitoring stopped
2026-05-20 22:50:21 - huginn - DEBUG - Connection pool closed all sessions
2026-05-20 22:50:21 - huginn - INFO - Update manager stopped during cleanup
2026-05-20 22:50:23 - huginn - INFO - License saved successfully
2026-05-20 22:50:23 - huginn - INFO - License loaded and validated successfully
2026-05-20 22:50:23 - huginn - INFO - Application starting...
2026-05-20 22:50:23 - huginn - INFO - Font loaded successfully
2026-05-20 22:50:23 - huginn - INFO - Stylesheet loaded successfully
2026-05-20 22:50:23 - huginn - INFO - Creating main window...
2026-05-20 22:50:23 - huginn - INFO - QThreadPool max threads set to 32 (CPUs: 32)
2026-05-20 22:50:23 - huginn - INFO - Custom font 'Neuropol X' loaded from C:\Users\allie\Coding Projects\huggin_suite\huginn\resources\fonts\neuropol.otf
2026-05-20 22:50:23 - huginn - DEBUG - Suppressed exception
Traceback (most recent call last):
  File "C:\Users\allie\Coding Projects\huggin_suite\huginn\app\pages\page_registry.py", line 45, in register_all_pages
    from app.pages.db_attacks_page import DBAttacksPage
ImportError: cannot import name 'DBAttacksPage' from 'app.pages.db_attacks_page' (C:\Users\allie\Coding Projects\huggin_suite\huginn\app\pages\db_attacks_page.py)
2026-05-20 22:50:27 - huginn - DEBUG - Wireless security tab unavailable
Traceback (most recent call last):
  File "C:\Users\allie\Coding Projects\huggin_suite\huginn\app\pages\recon_enumeration_page.py", line 99, in setup_ui
    wireless_tab = WirelessSecurityWidget(self)
  File "C:\Users\allie\Coding Projects\huggin_suite\huginn\app\widgets\wireless_security_widget.py", line 52, in __init__
    self.connect_signals()
    ~~~~~~~~~~~~~~~~~~~~^^
  File "C:\Users\allie\Coding Projects\huggin_suite\huginn\app\widgets\wireless_security_widget.py", line 303, in connect_signals
    self.generate_report_btn.clicked.connect(self.generate_report)
    ^^^^^^^^^^^^^^^^^^^^^^^^
AttributeError: 'WirelessSecurityWidget' object has no attribute 'generate_report_btn'. Did you mean: 'generate_report'?
2026-05-20 22:51:01 - huginn - DEBUG - Memory monitoring stopped
2026-05-20 22:51:01 - huginn - DEBUG - Connection pool closed all sessions
2026-05-20 22:51:01 - huginn - INFO - Update manager stopped during cleanup
2026-05-20 22:51:03 - huginn - INFO - License saved successfully
2026-05-20 22:51:03 - huginn - INFO - License loaded and validated successfully
2026-05-20 22:51:03 - huginn - INFO - Application starting...
2026-05-20 22:51:03 - huginn - INFO - Font loaded successfully
2026-05-20 22:51:03 - huginn - INFO - Stylesheet loaded successfully
2026-05-20 22:51:03 - huginn - INFO - Creating main window...
2026-05-20 22:51:03 - huginn - INFO - QThreadPool max threads set to 32 (CPUs: 32)
2026-05-20 22:51:03 - huginn - INFO - Custom font 'Neuropol X' loaded from C:\Users\allie\Coding Projects\huggin_suite\huginn\resources\fonts\neuropol.otf
2026-05-20 22:51:03 - huginn - DEBUG - Suppressed exception
Traceback (most recent call last):
  File "C:\Users\allie\Coding Projects\huggin_suite\huginn\app\pages\page_registry.py", line 45, in register_all_pages
    from app.pages.db_attacks_page import DBAttacksPage
ImportError: cannot import name 'DBAttacksPage' from 'app.pages.db_attacks_page' (C:\Users\allie\Coding Projects\huggin_suite\huginn\app\pages\db_attacks_page.py)
2026-05-20 22:51:07 - huginn - DEBUG - Wireless security tab unavailable
Traceback (most recent call last):
  File "C:\Users\allie\Coding Projects\huggin_suite\huginn\app\pages\recon_enumeration_page.py", line 99, in setup_ui
    wireless_tab = WirelessSecurityWidget(self)
  File "C:\Users\allie\Coding Projects\huggin_suite\huginn\app\widgets\wireless_security_widget.py", line 52, in __init__
    self.connect_signals()
    ~~~~~~~~~~~~~~~~~~~~^^
  File "C:\Users\allie\Coding Projects\huggin_suite\huginn\app\widgets\wireless_security_widget.py", line 303, in connect_signals
    self.generate_report_btn.clicked.connect(self.generate_report)
    ^^^^^^^^^^^^^^^^^^^^^^^^
AttributeError: 'WirelessSecurityWidget' object has no attribute 'generate_report_btn'. Did you mean: 'generate_report'?
2026-05-20 22:51:25 - huginn - DEBUG - Memory monitoring stopped
2026-05-20 22:51:25 - huginn - DEBUG - Connection pool closed all sessions
2026-05-20 22:51:25 - huginn - INFO - Update manager stopped during cleanup
2026-05-20 22:51:28 - huginn - INFO - License saved successfully
2026-05-20 22:51:28 - huginn - INFO - License loaded and validated successfully
2026-05-20 22:51:28 - huginn - INFO - Application starting...
2026-05-20 22:51:28 - huginn - INFO - Font loaded successfully
2026-05-20 22:51:28 - huginn - INFO - Stylesheet loaded successfully
2026-05-20 22:51:28 - huginn - INFO - Creating main window...
2026-05-20 22:51:28 - huginn - INFO - QThreadPool max threads set to 32 (CPUs: 32)
2026-05-20 22:51:28 - huginn - INFO - Custom font 'Neuropol X' loaded from C:\Users\allie\Coding Projects\huggin_suite\huginn\resources\fonts\neuropol.otf
2026-05-20 22:51:28 - huginn - DEBUG - Suppressed exception
Traceback (most recent call last):
  File "C:\Users\allie\Coding Projects\huggin_suite\huginn\app\pages\page_registry.py", line 45, in register_all_pages
    from app.pages.db_attacks_page import DBAttacksPage
ImportError: cannot import name 'DBAttacksPage' from 'app.pages.db_attacks_page' (C:\Users\allie\Coding Projects\huggin_suite\huginn\app\pages\db_attacks_page.py)
2026-05-20 22:51:32 - huginn - DEBUG - Wireless security tab unavailable
Traceback (most recent call last):
  File "C:\Users\allie\Coding Projects\huggin_suite\huginn\app\pages\recon_enumeration_page.py", line 99, in setup_ui
    wireless_tab = WirelessSecurityWidget(self)
  File "C:\Users\allie\Coding Projects\huggin_suite\huginn\app\widgets\wireless_security_widget.py", line 52, in __init__
    self.connect_signals()
    ~~~~~~~~~~~~~~~~~~~~^^
  File "C:\Users\allie\Coding Projects\huggin_suite\huginn\app\widgets\wireless_security_widget.py", line 303, in connect_signals
    self.generate_report_btn.clicked.connect(self.generate_report)
    ^^^^^^^^^^^^^^^^^^^^^^^^
AttributeError: 'WirelessSecurityWidget' object has no attribute 'generate_report_btn'. Did you mean: 'generate_report'?
2026-05-20 22:52:04 - huginn - DEBUG - Memory monitoring stopped
2026-05-20 22:52:04 - huginn - DEBUG - Connection pool closed all sessions
2026-05-20 22:52:04 - huginn - INFO - Update manager stopped during cleanup
2026-05-20 22:52:06 - huginn - INFO - License saved successfully
2026-05-20 22:52:06 - huginn - INFO - License loaded and validated successfully
2026-05-20 22:52:06 - huginn - INFO - Application starting...
2026-05-20 22:52:06 - huginn - INFO - Font loaded successfully
2026-05-20 22:52:06 - huginn - INFO - Stylesheet loaded successfully
2026-05-20 22:52:06 - huginn - INFO - Creating main window...
2026-05-20 22:52:06 - huginn - INFO - QThreadPool max threads set to 32 (CPUs: 32)
2026-05-20 22:52:06 - huginn - INFO - Custom font 'Neuropol X' loaded from C:\Users\allie\Coding Projects\huggin_suite\huginn\resources\fonts\neuropol.otf
2026-05-20 22:52:06 - huginn - DEBUG - Suppressed exception
Traceback (most recent call last):
  File "C:\Users\allie\Coding Projects\huggin_suite\huginn\app\pages\page_registry.py", line 45, in register_all_pages
    from app.pages.db_attacks_page import DBAttacksPage
ImportError: cannot import name 'DBAttacksPage' from 'app.pages.db_attacks_page' (C:\Users\allie\Coding Projects\huggin_suite\huginn\app\pages\db_attacks_page.py)
2026-05-20 22:52:10 - huginn - DEBUG - Wireless security tab unavailable
Traceback (most recent call last):
  File "C:\Users\allie\Coding Projects\huggin_suite\huginn\app\pages\recon_enumeration_page.py", line 99, in setup_ui
    wireless_tab = WirelessSecurityWidget(self)
  File "C:\Users\allie\Coding Projects\huggin_suite\huginn\app\widgets\wireless_security_widget.py", line 52, in __init__
    self.connect_signals()
    ~~~~~~~~~~~~~~~~~~~~^^
  File "C:\Users\allie\Coding Projects\huggin_suite\huginn\app\widgets\wireless_security_widget.py", line 303, in connect_signals
    self.generate_report_btn.clicked.connect(self.generate_report)
    ^^^^^^^^^^^^^^^^^^^^^^^^
AttributeError: 'WirelessSecurityWidget' object has no attribute 'generate_report_btn'. Did you mean: 'generate_report'?
2026-05-20 22:52:42 - huginn - DEBUG - Memory monitoring stopped
2026-05-20 22:52:42 - huginn - DEBUG - Connection pool closed all sessions
2026-05-20 22:52:42 - huginn - INFO - Update manager stopped during cleanup
2026-05-20 22:52:45 - huginn - INFO - License saved successfully
2026-05-20 22:52:45 - huginn - INFO - License loaded and validated successfully
2026-05-20 22:52:45 - huginn - INFO - Application starting...
2026-05-20 22:52:45 - huginn - INFO - Font loaded successfully
2026-05-20 22:52:45 - huginn - INFO - Stylesheet loaded successfully
2026-05-20 22:52:45 - huginn - INFO - Creating main window...
2026-05-20 22:52:45 - huginn - INFO - QThreadPool max threads set to 32 (CPUs: 32)
2026-05-20 22:52:45 - huginn - INFO - Custom font 'Neuropol X' loaded from C:\Users\allie\Coding Projects\huggin_suite\huginn\resources\fonts\neuropol.otf
2026-05-20 22:52:45 - huginn - DEBUG - Suppressed exception
Traceback (most recent call last):
  File "C:\Users\allie\Coding Projects\huggin_suite\huginn\app\pages\page_registry.py", line 45, in register_all_pages
    from app.pages.db_attacks_page import DBAttacksPage
ImportError: cannot import name 'DBAttacksPage' from 'app.pages.db_attacks_page' (C:\Users\allie\Coding Projects\huggin_suite\huginn\app\pages\db_attacks_page.py)
2026-05-20 22:52:49 - huginn - DEBUG - Wireless security tab unavailable
Traceback (most recent call last):
  File "C:\Users\allie\Coding Projects\huggin_suite\huginn\app\pages\recon_enumeration_page.py", line 99, in setup_ui
    wireless_tab = WirelessSecurityWidget(self)
  File "C:\Users\allie\Coding Projects\huggin_suite\huginn\app\widgets\wireless_security_widget.py", line 52, in __init__
    self.connect_signals()
    ~~~~~~~~~~~~~~~~~~~~^^
  File "C:\Users\allie\Coding Projects\huggin_suite\huginn\app\widgets\wireless_security_widget.py", line 303, in connect_signals
    self.generate_report_btn.clicked.connect(self.generate_report)
    ^^^^^^^^^^^^^^^^^^^^^^^^
AttributeError: 'WirelessSecurityWidget' object has no attribute 'generate_report_btn'. Did you mean: 'generate_report'?
2026-05-20 22:53:10 - huginn - DEBUG - Memory monitoring stopped
2026-05-20 22:53:10 - huginn - DEBUG - Connection pool closed all sessions
2026-05-20 22:53:10 - huginn - INFO - Update manager stopped during cleanup
2026-05-20 22:53:13 - huginn - INFO - License saved successfully
2026-05-20 22:53:13 - huginn - INFO - License loaded and validated successfully
2026-05-20 22:53:13 - huginn - INFO - Application starting...
2026-05-20 22:53:13 - huginn - INFO - Font loaded successfully
2026-05-20 22:53:13 - huginn - INFO - Stylesheet loaded successfully
2026-05-20 22:53:13 - huginn - INFO - Creating main window...
2026-05-20 22:53:13 - huginn - INFO - QThreadPool max threads set to 32 (CPUs: 32)
2026-05-20 22:53:13 - huginn - INFO - Custom font 'Neuropol X' loaded from C:\Users\allie\Coding Projects\huggin_suite\huginn\resources\fonts\neuropol.otf
2026-05-20 22:53:13 - huginn - DEBUG - Suppressed exception
Traceback (most recent call last):
  File "C:\Users\allie\Coding Projects\huggin_suite\huginn\app\pages\page_registry.py", line 45, in register_all_pages
    from app.pages.db_attacks_page import DBAttacksPage
ImportError: cannot import name 'DBAttacksPage' from 'app.pages.db_attacks_page' (C:\Users\allie\Coding Projects\huggin_suite\huginn\app\pages\db_attacks_page.py)
2026-05-20 22:53:18 - huginn - DEBUG - Wireless security tab unavailable
Traceback (most recent call last):
  File "C:\Users\allie\Coding Projects\huggin_suite\huginn\app\pages\recon_enumeration_page.py", line 99, in setup_ui
    wireless_tab = WirelessSecurityWidget(self)
  File "C:\Users\allie\Coding Projects\huggin_suite\huginn\app\widgets\wireless_security_widget.py", line 52, in __init__
    self.connect_signals()
    ~~~~~~~~~~~~~~~~~~~~^^
  File "C:\Users\allie\Coding Projects\huggin_suite\huginn\app\widgets\wireless_security_widget.py", line 303, in connect_signals
    self.generate_report_btn.clicked.connect(self.generate_report)
    ^^^^^^^^^^^^^^^^^^^^^^^^
AttributeError: 'WirelessSecurityWidget' object has no attribute 'generate_report_btn'. Did you mean: 'generate_report'?
2026-05-20 22:55:06 - huginn - DEBUG - Memory monitoring stopped
2026-05-20 22:55:06 - huginn - DEBUG - Connection pool closed all sessions
2026-05-20 22:55:06 - huginn - INFO - Update manager stopped during cleanup
2026-05-20 22:55:08 - huginn - INFO - License saved successfully
2026-05-20 22:55:08 - huginn - INFO - License loaded and validated successfully
2026-05-20 22:55:08 - huginn - INFO - Application starting...
2026-05-20 22:55:08 - huginn - INFO - Font loaded successfully
2026-05-20 22:55:08 - huginn - INFO - Stylesheet loaded successfully
2026-05-20 22:55:08 - huginn - INFO - Creating main window...
2026-05-20 22:55:08 - huginn - INFO - QThreadPool max threads set to 32 (CPUs: 32)
2026-05-20 22:55:08 - huginn - INFO - Custom font 'Neuropol X' loaded from C:\Users\allie\Coding Projects\huggin_suite\huginn\resources\fonts\neuropol.otf
2026-05-20 22:55:08 - huginn - DEBUG - Suppressed exception
Traceback (most recent call last):
  File "C:\Users\allie\Coding Projects\huggin_suite\huginn\app\pages\page_registry.py", line 45, in register_all_pages
    from app.pages.db_attacks_page import DBAttacksPage
ImportError: cannot import name 'DBAttacksPage' from 'app.pages.db_attacks_page' (C:\Users\allie\Coding Projects\huggin_suite\huginn\app\pages\db_attacks_page.py)
2026-05-20 22:55:12 - huginn - DEBUG - Wireless security tab unavailable
Traceback (most recent call last):
  File "C:\Users\allie\Coding Projects\huggin_suite\huginn\app\pages\recon_enumeration_page.py", line 99, in setup_ui
    wireless_tab = WirelessSecurityWidget(self)
  File "C:\Users\allie\Coding Projects\huggin_suite\huginn\app\widgets\wireless_security_widget.py", line 52, in __init__
    self.connect_signals()
    ~~~~~~~~~~~~~~~~~~~~^^
  File "C:\Users\allie\Coding Projects\huggin_suite\huginn\app\widgets\wireless_security_widget.py", line 303, in connect_signals
    self.generate_report_btn.clicked.connect(self.generate_report)
    ^^^^^^^^^^^^^^^^^^^^^^^^
AttributeError: 'WirelessSecurityWidget' object has no attribute 'generate_report_btn'. Did you mean: 'generate_report'?
2026-05-20 22:55:56 - huginn - DEBUG - Memory monitoring stopped
2026-05-20 22:55:56 - huginn - DEBUG - Connection pool closed all sessions
2026-05-20 22:55:56 - huginn - INFO - Update manager stopped during cleanup
2026-05-20 22:55:58 - huginn - INFO - License saved successfully
2026-05-20 22:55:58 - huginn - INFO - License loaded and validated successfully
2026-05-20 22:55:58 - huginn - INFO - Application starting...
2026-05-20 22:55:58 - huginn - INFO - Font loaded successfully
2026-05-20 22:55:58 - huginn - INFO - Stylesheet loaded successfully
2026-05-20 22:55:58 - huginn - INFO - Creating main window...
2026-05-20 22:55:58 - huginn - INFO - QThreadPool max threads set to 32 (CPUs: 32)
2026-05-20 22:55:58 - huginn - INFO - Custom font 'Neuropol X' loaded from C:\Users\allie\Coding Projects\huggin_suite\huginn\resources\fonts\neuropol.otf
2026-05-20 22:55:58 - huginn - DEBUG - Suppressed exception
Traceback (most recent call last):
  File "C:\Users\allie\Coding Projects\huggin_suite\huginn\app\pages\page_registry.py", line 45, in register_all_pages
    from app.pages.db_attacks_page import DBAttacksPage
ImportError: cannot import name 'DBAttacksPage' from 'app.pages.db_attacks_page' (C:\Users\allie\Coding Projects\huggin_suite\huginn\app\pages\db_attacks_page.py)
2026-05-20 22:56:03 - huginn - DEBUG - Wireless security tab unavailable
Traceback (most recent call last):
  File "C:\Users\allie\Coding Projects\huggin_suite\huginn\app\pages\recon_enumeration_page.py", line 99, in setup_ui
    wireless_tab = WirelessSecurityWidget(self)
  File "C:\Users\allie\Coding Projects\huggin_suite\huginn\app\widgets\wireless_security_widget.py", line 52, in __init__
    self.connect_signals()
    ~~~~~~~~~~~~~~~~~~~~^^
  File "C:\Users\allie\Coding Projects\huggin_suite\huginn\app\widgets\wireless_security_widget.py", line 303, in connect_signals
    self.generate_report_btn.clicked.connect(self.generate_report)
    ^^^^^^^^^^^^^^^^^^^^^^^^
AttributeError: 'WirelessSecurityWidget' object has no attribute 'generate_report_btn'. Did you mean: 'generate_report'?
2026-05-20 22:56:22 - huginn - DEBUG - Memory monitoring stopped
2026-05-20 22:56:22 - huginn - DEBUG - Connection pool closed all sessions
2026-05-20 22:56:22 - huginn - INFO - Update manager stopped during cleanup
2026-05-20 22:56:24 - huginn - INFO - License saved successfully
2026-05-20 22:56:24 - huginn - INFO - License loaded and validated successfully
2026-05-20 22:56:25 - huginn - INFO - Application starting...
2026-05-20 22:56:25 - huginn - INFO - Font loaded successfully
2026-05-20 22:56:25 - huginn - INFO - Stylesheet loaded successfully
2026-05-20 22:56:25 - huginn - INFO - Creating main window...
2026-05-20 22:56:25 - huginn - INFO - QThreadPool max threads set to 32 (CPUs: 32)
2026-05-20 22:56:25 - huginn - INFO - Custom font 'Neuropol X' loaded from C:\Users\allie\Coding Projects\huggin_suite\huginn\resources\fonts\neuropol.otf
2026-05-20 22:56:25 - huginn - DEBUG - Suppressed exception
Traceback (most recent call last):
  File "C:\Users\allie\Coding Projects\huggin_suite\huginn\app\pages\page_registry.py", line 45, in register_all_pages
    from app.pages.db_attacks_page import DBAttacksPage
ImportError: cannot import name 'DBAttacksPage' from 'app.pages.db_attacks_page' (C:\Users\allie\Coding Projects\huggin_suite\huginn\app\pages\db_attacks_page.py)
2026-05-20 22:56:29 - huginn - DEBUG - Wireless security tab unavailable
Traceback (most recent call last):
  File "C:\Users\allie\Coding Projects\huggin_suite\huginn\app\pages\recon_enumeration_page.py", line 99, in setup_ui
    wireless_tab = WirelessSecurityWidget(self)
  File "C:\Users\allie\Coding Projects\huggin_suite\huginn\app\widgets\wireless_security_widget.py", line 52, in __init__
    self.connect_signals()
    ~~~~~~~~~~~~~~~~~~~~^^
  File "C:\Users\allie\Coding Projects\huggin_suite\huginn\app\widgets\wireless_security_widget.py", line 303, in connect_signals
    self.generate_report_btn.clicked.connect(self.generate_report)
    ^^^^^^^^^^^^^^^^^^^^^^^^
AttributeError: 'WirelessSecurityWidget' object has no attribute 'generate_report_btn'. Did you mean: 'generate_report'?
2026-05-20 22:59:07 - huginn - DEBUG - Memory monitoring stopped
2026-05-20 22:59:07 - huginn - DEBUG - Connection pool closed all sessions
2026-05-20 22:59:07 - huginn - INFO - Update manager stopped during cleanup
2026-05-20 22:59:10 - huginn - INFO - License saved successfully
2026-05-20 22:59:10 - huginn - INFO - License loaded and validated successfully
2026-05-20 22:59:10 - huginn - INFO - Application starting...
2026-05-20 22:59:10 - huginn - INFO - Font loaded successfully
2026-05-20 22:59:10 - huginn - INFO - Stylesheet loaded successfully
2026-05-20 22:59:10 - huginn - INFO - Creating main window...
2026-05-20 22:59:10 - huginn - INFO - QThreadPool max threads set to 32 (CPUs: 32)
2026-05-20 22:59:10 - huginn - INFO - Custom font 'Neuropol X' loaded from C:\Users\allie\Coding Projects\huggin_suite\huginn\resources\fonts\neuropol.otf
2026-05-20 22:59:10 - huginn - DEBUG - Suppressed exception
Traceback (most recent call last):
  File "C:\Users\allie\Coding Projects\huggin_suite\huginn\app\pages\page_registry.py", line 45, in register_all_pages
    from app.pages.db_attacks_page import DBAttacksPage
ImportError: cannot import name 'DBAttacksPage' from 'app.pages.db_attacks_page' (C:\Users\allie\Coding Projects\huggin_suite\huginn\app\pages\db_attacks_page.py)
2026-05-20 22:59:14 - huginn - DEBUG - Wireless security tab unavailable
Traceback (most recent call last):
  File "C:\Users\allie\Coding Projects\huggin_suite\huginn\app\pages\recon_enumeration_page.py", line 99, in setup_ui
    wireless_tab = WirelessSecurityWidget(self)
  File "C:\Users\allie\Coding Projects\huggin_suite\huginn\app\widgets\wireless_security_widget.py", line 52, in __init__
    self.connect_signals()
    ~~~~~~~~~~~~~~~~~~~~^^
  File "C:\Users\allie\Coding Projects\huggin_suite\huginn\app\widgets\wireless_security_widget.py", line 303, in connect_signals
    self.generate_report_btn.clicked.connect(self.generate_report)
    ^^^^^^^^^^^^^^^^^^^^^^^^
AttributeError: 'WirelessSecurityWidget' object has no attribute 'generate_report_btn'. Did you mean: 'generate_report'?
2026-05-20 23:01:05 - huginn - DEBUG - Memory monitoring stopped
2026-05-20 23:01:05 - huginn - DEBUG - Connection pool closed all sessions
2026-05-20 23:01:05 - huginn - INFO - Update manager stopped during cleanup
2026-05-20 23:01:07 - huginn - INFO - License saved successfully
2026-05-20 23:01:07 - huginn - INFO - License loaded and validated successfully
2026-05-20 23:01:07 - huginn - INFO - Application starting...
2026-05-20 23:01:07 - huginn - INFO - Font loaded successfully
2026-05-20 23:01:07 - huginn - INFO - Stylesheet loaded successfully
2026-05-20 23:01:07 - huginn - INFO - Creating main window...
2026-05-20 23:01:07 - huginn - INFO - QThreadPool max threads set to 32 (CPUs: 32)
2026-05-20 23:01:07 - huginn - INFO - Custom font 'Neuropol X' loaded from C:\Users\allie\Coding Projects\huggin_suite\huginn\resources\fonts\neuropol.otf
2026-05-20 23:01:07 - huginn - DEBUG - Suppressed exception
Traceback (most recent call last):
  File "C:\Users\allie\Coding Projects\huggin_suite\huginn\app\pages\page_registry.py", line 45, in register_all_pages
    from app.pages.db_attacks_page import DBAttacksPage
ImportError: cannot import name 'DBAttacksPage' from 'app.pages.db_attacks_page' (C:\Users\allie\Coding Projects\huggin_suite\huginn\app\pages\db_attacks_page.py)
2026-05-20 23:01:11 - huginn - DEBUG - Wireless security tab unavailable
Traceback (most recent call last):
  File "C:\Users\allie\Coding Projects\huggin_suite\huginn\app\pages\recon_enumeration_page.py", line 99, in setup_ui
    wireless_tab = WirelessSecurityWidget(self)
  File "C:\Users\allie\Coding Projects\huggin_suite\huginn\app\widgets\wireless_security_widget.py", line 52, in __init__
    self.connect_signals()
    ~~~~~~~~~~~~~~~~~~~~^^
  File "C:\Users\allie\Coding Projects\huggin_suite\huginn\app\widgets\wireless_security_widget.py", line 303, in connect_signals
    self.generate_report_btn.clicked.connect(self.generate_report)
    ^^^^^^^^^^^^^^^^^^^^^^^^
AttributeError: 'WirelessSecurityWidget' object has no attribute 'generate_report_btn'. Did you mean: 'generate_report'?
2026-05-20 23:05:30 - huginn - DEBUG - Memory monitoring stopped
2026-05-20 23:05:30 - huginn - DEBUG - Connection pool closed all sessions
2026-05-20 23:05:30 - huginn - INFO - Update manager stopped during cleanup
2026-05-20 23:06:23 - huginn - DEBUG - Suppressed exception
Traceback (most recent call last):
  File "c:\Users\allie\Coding Projects\huggin_suite\huginn\app\core\asset_manager.py", line 101, in init_database
    conn.execute("ALTER TABLE assets ADD COLUMN fqdn TEXT DEFAULT ''")
    ~~~~~~~~~~~~^^^^^^^^^^^^^^^^^^^^^^^^^^^^^^^^^^^^^^^^^^^^^^^^^^^^^^
sqlite3.OperationalError: duplicate column name: fqdn
2026-05-20 23:06:23 - huginn - DEBUG - Suppressed exception
Traceback (most recent call last):
  File "c:\Users\allie\Coding Projects\huggin_suite\huginn\app\core\asset_manager.py", line 108, in init_database
    conn.execute("ALTER TABLE assets ADD COLUMN mac_address TEXT DEFAULT ''")
    ~~~~~~~~~~~~^^^^^^^^^^^^^^^^^^^^^^^^^^^^^^^^^^^^^^^^^^^^^^^^^^^^^^^^^^^^^
sqlite3.OperationalError: duplicate column name: mac_address
2026-05-20 23:06:23 - huginn - DEBUG - Suppressed exception
Traceback (most recent call last):
  File "c:\Users\allie\Coding Projects\huggin_suite\huginn\app\core\asset_manager.py", line 115, in init_database
    conn.execute("ALTER TABLE assets ADD COLUMN vendor TEXT DEFAULT ''")
    ~~~~~~~~~~~~^^^^^^^^^^^^^^^^^^^^^^^^^^^^^^^^^^^^^^^^^^^^^^^^^^^^^^^^
sqlite3.OperationalError: duplicate column name: vendor
2026-05-20 23:06:23 - huginn - DEBUG - Suppressed exception
Traceback (most recent call last):
  File "c:\Users\allie\Coding Projects\huggin_suite\huginn\app\core\asset_manager.py", line 122, in init_database
    conn.execute("ALTER TABLE assets ADD COLUMN notes TEXT DEFAULT ''")
    ~~~~~~~~~~~~^^^^^^^^^^^^^^^^^^^^^^^^^^^^^^^^^^^^^^^^^^^^^^^^^^^^^^^
sqlite3.OperationalError: duplicate column name: notes
2026-05-20 23:06:23 - huginn - INFO - Using default configuration
2026-05-20 23:06:25 - huginn - INFO - License saved successfully
2026-05-20 23:06:25 - huginn - INFO - License loaded and validated successfully
2026-05-20 23:06:45 - huginn - DEBUG - Suppressed exception
Traceback (most recent call last):
  File "c:\Users\allie\Coding Projects\huggin_suite\huginn\app\core\asset_manager.py", line 101, in init_database
    conn.execute("ALTER TABLE assets ADD COLUMN fqdn TEXT DEFAULT ''")
    ~~~~~~~~~~~~^^^^^^^^^^^^^^^^^^^^^^^^^^^^^^^^^^^^^^^^^^^^^^^^^^^^^^
sqlite3.OperationalError: duplicate column name: fqdn
2026-05-20 23:06:45 - huginn - DEBUG - Suppressed exception
Traceback (most recent call last):
  File "c:\Users\allie\Coding Projects\huggin_suite\huginn\app\core\asset_manager.py", line 108, in init_database
    conn.execute("ALTER TABLE assets ADD COLUMN mac_address TEXT DEFAULT ''")
    ~~~~~~~~~~~~^^^^^^^^^^^^^^^^^^^^^^^^^^^^^^^^^^^^^^^^^^^^^^^^^^^^^^^^^^^^^
sqlite3.OperationalError: duplicate column name: mac_address
2026-05-20 23:06:45 - huginn - DEBUG - Suppressed exception
Traceback (most recent call last):
  File "c:\Users\allie\Coding Projects\huggin_suite\huginn\app\core\asset_manager.py", line 115, in init_database
    conn.execute("ALTER TABLE assets ADD COLUMN vendor TEXT DEFAULT ''")
    ~~~~~~~~~~~~^^^^^^^^^^^^^^^^^^^^^^^^^^^^^^^^^^^^^^^^^^^^^^^^^^^^^^^^
sqlite3.OperationalError: duplicate column name: vendor
2026-05-20 23:06:45 - huginn - DEBUG - Suppressed exception
Traceback (most recent call last):
  File "c:\Users\allie\Coding Projects\huggin_suite\huginn\app\core\asset_manager.py", line 122, in init_database
    conn.execute("ALTER TABLE assets ADD COLUMN notes TEXT DEFAULT ''")
    ~~~~~~~~~~~~^^^^^^^^^^^^^^^^^^^^^^^^^^^^^^^^^^^^^^^^^^^^^^^^^^^^^^^
sqlite3.OperationalError: duplicate column name: notes
2026-05-20 23:06:45 - huginn - INFO - Using default configuration
2026-05-20 23:06:47 - huginn - INFO - License saved successfully
2026-05-20 23:06:47 - huginn - INFO - License loaded and validated successfully
2026-05-20 23:07:00 - huginn - DEBUG - Suppressed exception
Traceback (most recent call last):
  File "c:\Users\allie\Coding Projects\huggin_suite\huginn\app\core\asset_manager.py", line 101, in init_database
    conn.execute("ALTER TABLE assets ADD COLUMN fqdn TEXT DEFAULT ''")
    ~~~~~~~~~~~~^^^^^^^^^^^^^^^^^^^^^^^^^^^^^^^^^^^^^^^^^^^^^^^^^^^^^^
sqlite3.OperationalError: duplicate column name: fqdn
2026-05-20 23:07:00 - huginn - DEBUG - Suppressed exception
Traceback (most recent call last):
  File "c:\Users\allie\Coding Projects\huggin_suite\huginn\app\core\asset_manager.py", line 108, in init_database
    conn.execute("ALTER TABLE assets ADD COLUMN mac_address TEXT DEFAULT ''")
    ~~~~~~~~~~~~^^^^^^^^^^^^^^^^^^^^^^^^^^^^^^^^^^^^^^^^^^^^^^^^^^^^^^^^^^^^^
sqlite3.OperationalError: duplicate column name: mac_address
2026-05-20 23:07:00 - huginn - DEBUG - Suppressed exception
Traceback (most recent call last):
  File "c:\Users\allie\Coding Projects\huggin_suite\huginn\app\core\asset_manager.py", line 115, in init_database
    conn.execute("ALTER TABLE assets ADD COLUMN vendor TEXT DEFAULT ''")
    ~~~~~~~~~~~~^^^^^^^^^^^^^^^^^^^^^^^^^^^^^^^^^^^^^^^^^^^^^^^^^^^^^^^^
sqlite3.OperationalError: duplicate column name: vendor
2026-05-20 23:07:00 - huginn - DEBUG - Suppressed exception
Traceback (most recent call last):
  File "c:\Users\allie\Coding Projects\huggin_suite\huginn\app\core\asset_manager.py", line 122, in init_database
    conn.execute("ALTER TABLE assets ADD COLUMN notes TEXT DEFAULT ''")
    ~~~~~~~~~~~~^^^^^^^^^^^^^^^^^^^^^^^^^^^^^^^^^^^^^^^^^^^^^^^^^^^^^^^
sqlite3.OperationalError: duplicate column name: notes
2026-05-20 23:07:00 - huginn - INFO - Using default configuration
2026-05-20 23:07:02 - huginn - INFO - License saved successfully
2026-05-20 23:07:02 - huginn - INFO - License loaded and validated successfully
2026-05-20 23:07:08 - huginn - INFO - License saved successfully
2026-05-20 23:07:08 - huginn - INFO - License loaded and validated successfully
2026-05-20 23:07:08 - huginn - INFO - Application starting...
2026-05-20 23:07:08 - huginn - INFO - Font loaded successfully
2026-05-20 23:07:08 - huginn - INFO - Stylesheet loaded successfully
2026-05-20 23:07:08 - huginn - INFO - Creating main window...
2026-05-20 23:07:08 - huginn - INFO - QThreadPool max threads set to 32 (CPUs: 32)
2026-05-20 23:07:08 - huginn - INFO - Custom font 'Neuropol X' loaded from C:\Users\allie\Coding Projects\huggin_suite\huginn\resources\fonts\neuropol.otf
2026-05-20 23:07:08 - huginn - DEBUG - Suppressed exception
Traceback (most recent call last):
  File "C:\Users\allie\Coding Projects\huggin_suite\huginn\app\pages\page_registry.py", line 45, in register_all_pages
    from app.pages.db_attacks_page import DBAttacksPage
ImportError: cannot import name 'DBAttacksPage' from 'app.pages.db_attacks_page' (C:\Users\allie\Coding Projects\huggin_suite\huginn\app\pages\db_attacks_page.py)
2026-05-20 23:07:14 - huginn - DEBUG - Credentials loaded for profile 'Silentium'
2026-05-20 23:07:14 - huginn - DEBUG - Suppressed exception
Traceback (most recent call last):
  File "C:\Users\allie\Coding Projects\huggin_suite\huginn\app\core\scope_manager.py", line 62, in _parse_scope_text
    ipaddress.IPv4Address(item)
    ~~~~~~~~~~~~~~~~~~~~~^^^^^^
  File "C:\Users\allie\anaconda3\Lib\ipaddress.py", line 1319, in __init__
    self._ip = self._ip_int_from_string(addr_str)
               ~~~~~~~~~~~~~~~~~~~~~~~~^^^^^^^^^^
  File "C:\Users\allie\anaconda3\Lib\ipaddress.py", line 1206, in _ip_int_from_string
    raise AddressValueError("Expected 4 octets in %r" % ip_str)
ipaddress.AddressValueError: Expected 4 octets in 'silentium.htb'
2026-05-20 23:07:14 - huginn - DEBUG - Credentials loaded for profile 'Silentium'
2026-05-20 23:07:14 - huginn - DEBUG - Suppressed exception
Traceback (most recent call last):
  File "C:\Users\allie\Coding Projects\huggin_suite\huginn\app\core\scope_manager.py", line 62, in _parse_scope_text
    ipaddress.IPv4Address(item)
    ~~~~~~~~~~~~~~~~~~~~~^^^^^^
  File "C:\Users\allie\anaconda3\Lib\ipaddress.py", line 1319, in __init__
    self._ip = self._ip_int_from_string(addr_str)
               ~~~~~~~~~~~~~~~~~~~~~~~~^^^^^^^^^^
  File "C:\Users\allie\anaconda3\Lib\ipaddress.py", line 1206, in _ip_int_from_string
    raise AddressValueError("Expected 4 octets in %r" % ip_str)
ipaddress.AddressValueError: Expected 4 octets in 'silentium.htb'
2026-05-20 23:07:15 - huginn - DEBUG - Suppressed exception
Traceback (most recent call last):
  File "c:\Users\allie\Coding Projects\huggin_suite\huginn\app\core\asset_manager.py", line 101, in init_database
    conn.execute("ALTER TABLE assets ADD COLUMN fqdn TEXT DEFAULT ''")
    ~~~~~~~~~~~~^^^^^^^^^^^^^^^^^^^^^^^^^^^^^^^^^^^^^^^^^^^^^^^^^^^^^^
sqlite3.OperationalError: duplicate column name: fqdn
2026-05-20 23:07:15 - huginn - DEBUG - Suppressed exception
Traceback (most recent call last):
  File "c:\Users\allie\Coding Projects\huggin_suite\huginn\app\core\asset_manager.py", line 108, in init_database
    conn.execute("ALTER TABLE assets ADD COLUMN mac_address TEXT DEFAULT ''")
    ~~~~~~~~~~~~^^^^^^^^^^^^^^^^^^^^^^^^^^^^^^^^^^^^^^^^^^^^^^^^^^^^^^^^^^^^^
sqlite3.OperationalError: duplicate column name: mac_address
2026-05-20 23:07:15 - huginn - DEBUG - Suppressed exception
Traceback (most recent call last):
  File "c:\Users\allie\Coding Projects\huggin_suite\huginn\app\core\asset_manager.py", line 115, in init_database
    conn.execute("ALTER TABLE assets ADD COLUMN vendor TEXT DEFAULT ''")
    ~~~~~~~~~~~~^^^^^^^^^^^^^^^^^^^^^^^^^^^^^^^^^^^^^^^^^^^^^^^^^^^^^^^^
sqlite3.OperationalError: duplicate column name: vendor
2026-05-20 23:07:15 - huginn - DEBUG - Suppressed exception
Traceback (most recent call last):
  File "c:\Users\allie\Coding Projects\huggin_suite\huginn\app\core\asset_manager.py", line 122, in init_database
    conn.execute("ALTER TABLE assets ADD COLUMN notes TEXT DEFAULT ''")
    ~~~~~~~~~~~~^^^^^^^^^^^^^^^^^^^^^^^^^^^^^^^^^^^^^^^^^^^^^^^^^^^^^^^
sqlite3.OperationalError: duplicate column name: notes
2026-05-20 23:07:15 - huginn - INFO - Using default configuration
2026-05-20 23:07:17 - huginn - INFO - License saved successfully
2026-05-20 23:07:17 - huginn - INFO - License loaded and validated successfully
2026-05-20 23:07:22 - huginn - INFO - VPN connection terminated
2026-05-20 23:07:22 - huginn - INFO - OpenVPN connection started with config: C:/Users/allie/Downloads/machines_au-1.ovpn
2026-05-20 23:07:22 - huginn - DEBUG - OpenVPN: 2026-05-20 23:07:22 Note: --data-ciphers-fallback with cipher 'AES-128-CBC' disables data channel offload.
2026-05-20 23:07:22 - huginn - DEBUG - OpenVPN: 2026-05-20 23:07:22 OpenVPN 2.6.14 [git:none/0169b4ad2bb35d2c] Windows [SSL (OpenSSL)] [LZO] [LZ4] [PKCS11] [AEAD] [DCO] built on Jun 19 2025
2026-05-20 23:07:22 - huginn - DEBUG - OpenVPN: 2026-05-20 23:07:22 Windows version 10.0 (Windows 10 or greater), amd64 executable
2026-05-20 23:07:22 - huginn - DEBUG - OpenVPN: 2026-05-20 23:07:22 library versions: OpenSSL 3.5.0 8 Apr 2025, LZO 2.10
2026-05-20 23:07:22 - huginn - DEBUG - OpenVPN: 2026-05-20 23:07:22 DCO version: N/A
2026-05-20 23:07:22 - huginn - DEBUG - OpenVPN: 2026-05-20 23:07:22 TCP/UDP: Preserving recently used remote address: [AF_INET]206.148.40.161:1337
2026-05-20 23:07:22 - huginn - DEBUG - OpenVPN: 2026-05-20 23:07:22 Socket Buffers: R=[65536->65536] S=[65536->65536]
2026-05-20 23:07:22 - huginn - DEBUG - OpenVPN: 2026-05-20 23:07:22 UDPv4 link local: (not bound)
2026-05-20 23:07:22 - huginn - DEBUG - OpenVPN: 2026-05-20 23:07:22 UDPv4 link remote: [AF_INET]206.148.40.161:1337
2026-05-20 23:07:22 - huginn - DEBUG - OpenVPN: 2026-05-20 23:07:22 TLS: Initial packet from [AF_INET]206.148.40.161:1337, sid=536002bf 99df1525
2026-05-20 23:07:22 - huginn - DEBUG - OpenVPN: 2026-05-20 23:07:22 VERIFY OK: depth=2, C=GR, O=Hack The Box, OU=Systems, CN=HTB VPN: Root Certificate Authority
2026-05-20 23:07:22 - huginn - DEBUG - OpenVPN: 2026-05-20 23:07:22 VERIFY OK: depth=1, C=GR, O=Hack The Box, OU=Systems, CN=HTB VPN: au-free-1 Issuing CA
2026-05-20 23:07:22 - huginn - DEBUG - OpenVPN: 2026-05-20 23:07:22 VERIFY KU OK
2026-05-20 23:07:22 - huginn - DEBUG - OpenVPN: 2026-05-20 23:07:22 Validating certificate extended key usage
2026-05-20 23:07:22 - huginn - DEBUG - OpenVPN: 2026-05-20 23:07:22 ++ Certificate has EKU (str) TLS Web Client Authentication, expects TLS Web Server Authentication
2026-05-20 23:07:22 - huginn - DEBUG - OpenVPN: 2026-05-20 23:07:22 ++ Certificate has EKU (oid) 1.3.6.1.5.5.7.3.2, expects TLS Web Server Authentication
2026-05-20 23:07:22 - huginn - DEBUG - OpenVPN: 2026-05-20 23:07:22 ++ Certificate has EKU (str) TLS Web Server Authentication, expects TLS Web Server Authentication
2026-05-20 23:07:22 - huginn - DEBUG - OpenVPN: 2026-05-20 23:07:22 VERIFY EKU OK
2026-05-20 23:07:22 - huginn - DEBUG - OpenVPN: 2026-05-20 23:07:22 VERIFY OK: depth=0, C=GR, O=Hack The Box, OU=Systems, CN=au-free-1
2026-05-20 23:07:23 - huginn - DEBUG - OpenVPN: 2026-05-20 23:07:22 Control Channel: TLSv1.3, cipher TLSv1.3 TLS_AES_256_GCM_SHA384, peer certificate: 256 bits ED25519, signature: ED25519, peer temporary key: 253 bits X25519
2026-05-20 23:07:23 - huginn - DEBUG - OpenVPN: 2026-05-20 23:07:22 [au-free-1] Peer Connection Initiated with [AF_INET]206.148.40.161:1337
2026-05-20 23:07:23 - huginn - DEBUG - OpenVPN: 2026-05-20 23:07:22 TLS: move_session: dest=TM_ACTIVE src=TM_INITIAL reinit_src=1
2026-05-20 23:07:23 - huginn - DEBUG - OpenVPN: 2026-05-20 23:07:22 TLS: tls_multi_process: initial untrusted session promoted to trusted
2026-05-20 23:07:23 - huginn - DEBUG - OpenVPN: 2026-05-20 23:07:23 SENT CONTROL [au-free-1]: 'PUSH_REQUEST' (status=1)
2026-05-20 23:07:23 - huginn - DEBUG - OpenVPN: 2026-05-20 23:07:23 PUSH: Received control message: 'PUSH_REPLY,route 10.10.8.0 255.255.252.0,route 10.129.0.0 255.255.0.0,route-ipv6 dead:beef::/64,explicit-exit-notify,tun-ipv6,route-gateway 10.10.14.1,topology subnet,ping 10,ping-restart 120,ifconfig-ipv6 dead:beef:2::1016/64 dead:beef:2::1,ifconfig 10.10.14.24 255.255.254.0,peer-id 1,cipher AES-256-CBC,protocol-flags cc-exit tls-ekm dyn-tls-crypt,tun-mtu 1500'
2026-05-20 23:07:23 - huginn - INFO - VPN IP address assigned: 10.10.14.24
2026-05-20 23:07:23 - huginn - DEBUG - OpenVPN: 2026-05-20 23:07:23 OPTIONS IMPORT: --ifconfig/up options modified
2026-05-20 23:07:23 - huginn - DEBUG - OpenVPN: 2026-05-20 23:07:23 OPTIONS IMPORT: route options modified
2026-05-20 23:07:23 - huginn - DEBUG - OpenVPN: 2026-05-20 23:07:23 OPTIONS IMPORT: route-related options modified
2026-05-20 23:07:23 - huginn - DEBUG - OpenVPN: 2026-05-20 23:07:23 OPTIONS IMPORT: tun-mtu set to 1500
2026-05-20 23:07:23 - huginn - DEBUG - OpenVPN: 2026-05-20 23:07:23 interactive service msg_channel=0
2026-05-20 23:07:23 - huginn - DEBUG - OpenVPN: 2026-05-20 23:07:23 ROUTE_GATEWAY 192.168.1.1/255.255.255.0 I=23 HWADDR=88:d8:2e:79:0c:48
2026-05-20 23:07:23 - huginn - DEBUG - OpenVPN: 2026-05-20 23:07:23 GDG6: remote_host_ipv6=n/a
2026-05-20 23:07:23 - huginn - DEBUG - OpenVPN: 2026-05-20 23:07:23 NOTE: GetBestInterfaceEx returned error: Element not found.   (code=1168)
2026-05-20 23:07:23 - huginn - DEBUG - OpenVPN: 2026-05-20 23:07:23 ROUTE6: default_gateway=UNDEF
2026-05-20 23:07:23 - huginn - DEBUG - OpenVPN: 2026-05-20 23:07:23 open_tun
2026-05-20 23:07:23 - huginn - DEBUG - OpenVPN: 2026-05-20 23:07:23 tap-windows6 device [OpenVPN TAP-Windows6] opened
2026-05-20 23:07:23 - huginn - DEBUG - OpenVPN: 2026-05-20 23:07:23 TAP-Windows Driver Version 9.27
2026-05-20 23:07:23 - huginn - DEBUG - OpenVPN: 2026-05-20 23:07:23 Set TAP-Windows TUN subnet mode network/local/netmask = 10.10.14.0/10.10.14.24/255.255.254.0 [SUCCEEDED]
2026-05-20 23:07:23 - huginn - DEBUG - OpenVPN: 2026-05-20 23:07:23 Notified TAP-Windows driver to set a DHCP IP/netmask of 10.10.14.24/255.255.254.0 on interface {9624926F-3F6E-402F-BBEF-68BB8BB5B777} [DHCP-serv: 10.10.14.0, lease-time: 31536000]
2026-05-20 23:07:23 - huginn - DEBUG - OpenVPN: 2026-05-20 23:07:23 Successful ARP Flush on interface [18] {9624926F-3F6E-402F-BBEF-68BB8BB5B777}
2026-05-20 23:07:23 - huginn - DEBUG - OpenVPN: 2026-05-20 23:07:23 IPv4 MTU set to 1500 on interface 18 using SetIpInterfaceEntry()
2026-05-20 23:07:23 - huginn - DEBUG - OpenVPN: 2026-05-20 23:07:23 NETSH: C:\WINDOWS\system32\netsh.exe interface ipv6 set address 18 dead:beef:2::1016/128 store=active
2026-05-20 23:07:24 - huginn - DEBUG - OpenVPN: 2026-05-20 23:07:23 add_route_ipv6(dead:beef:2::/64 -> dead:beef:2::1016 metric 0) IF 18
2026-05-20 23:07:24 - huginn - DEBUG - OpenVPN: 2026-05-20 23:07:23 IPv6 route addition using ipapi failed because route exists
2026-05-20 23:07:24 - huginn - DEBUG - OpenVPN: 2026-05-20 23:07:23 NETSH: C:\WINDOWS\system32\netsh.exe interface ipv6 delete dns 18 all
2026-05-20 23:07:24 - huginn - DEBUG - OpenVPN: 2026-05-20 23:07:23 IPv6 MTU set to 1500 on interface 18 using SetIpInterfaceEntry()
2026-05-20 23:07:24 - huginn - DEBUG - OpenVPN: 2026-05-20 23:07:23 Data Channel: cipher 'AES-256-CBC', auth 'SHA256', peer-id: 1, compression: 'lzo'
2026-05-20 23:07:24 - huginn - DEBUG - OpenVPN: 2026-05-20 23:07:23 Timers: ping 10, ping-restart 120
2026-05-20 23:07:24 - huginn - DEBUG - OpenVPN: 2026-05-20 23:07:23 Protocol options: explicit-exit-notify 1, protocol-flags cc-exit tls-ekm dyn-tls-crypt
2026-05-20 23:07:28 - huginn - DEBUG - OpenVPN: 2026-05-20 23:07:28 TEST ROUTES: 2/2 succeeded len=2 ret=1 a=0 u/d=up
2026-05-20 23:07:28 - huginn - DEBUG - OpenVPN: 2026-05-20 23:07:28 C:\WINDOWS\system32\route.exe ADD 10.10.8.0 MASK 255.255.252.0 10.10.14.1
2026-05-20 23:07:28 - huginn - DEBUG - OpenVPN: 2026-05-20 23:07:28 Route addition via ipapi [adaptive] failed because route exists
2026-05-20 23:07:28 - huginn - DEBUG - OpenVPN: 2026-05-20 23:07:28 C:\WINDOWS\system32\route.exe ADD 10.129.0.0 MASK 255.255.0.0 10.10.14.1
2026-05-20 23:07:28 - huginn - DEBUG - OpenVPN: 2026-05-20 23:07:28 Route addition via ipapi [adaptive] failed because route exists
2026-05-20 23:07:28 - huginn - DEBUG - OpenVPN: 2026-05-20 23:07:28 add_route_ipv6(dead:beef::/64 -> dead:beef:2::1 metric -1) IF 18
2026-05-20 23:07:28 - huginn - DEBUG - OpenVPN: 2026-05-20 23:07:28 IPv6 route addition using ipapi failed because route exists
2026-05-20 23:07:28 - huginn - DEBUG - OpenVPN: 2026-05-20 23:07:28 Initialization Sequence Completed
2026-05-20 23:07:33 - huginn - INFO - DNS server changed to: LocalDNS
2026-05-20 23:07:34 - huginn - INFO - Local DNS server started on port 53530
2026-05-20 23:10:47 - huginn - DEBUG - Suppressed exception
Traceback (most recent call last):
  File "C:\Users\allie\Coding Projects\huggin_suite\huginn\app\core\dns_resolver.py", line 14, in resolve_hostname
    ipaddress.ip_address(hostname)
    ~~~~~~~~~~~~~~~~~~~~^^^^^^^^^^
  File "C:\Users\allie\anaconda3\Lib\ipaddress.py", line 54, in ip_address
    raise ValueError(f'{address!r} does not appear to be an IPv4 or IPv6 address')
ValueError: 'staging.silentium.htb' does not appear to be an IPv4 or IPv6 address
2026-05-20 23:10:55 - huginn - DEBUG - Suppressed exception
Traceback (most recent call last):
  File "C:\Users\allie\Coding Projects\huggin_suite\huginn\app\widgets\curl_widget.py", line 644, in format_json
    formatted = json.dumps(json.loads(text), indent=2)
                           ~~~~~~~~~~^^^^^^
  File "C:\Users\allie\anaconda3\Lib\json\__init__.py", line 346, in loads
    return _default_decoder.decode(s)
           ~~~~~~~~~~~~~~~~~~~~~~~^^^
  File "C:\Users\allie\anaconda3\Lib\json\decoder.py", line 345, in decode
    obj, end = self.raw_decode(s, idx=_w(s, 0).end())
               ~~~~~~~~~~~~~~~^^^^^^^^^^^^^^^^^^^^^^^
  File "C:\Users\allie\anaconda3\Lib\json\decoder.py", line 363, in raw_decode
    raise JSONDecodeError("Expecting value", s, err.value) from None
json.decoder.JSONDecodeError: Expecting value: line 1 column 1 (char 0)
2026-05-20 23:11:30 - huginn - DEBUG - Suppressed exception
Traceback (most recent call last):
  File "C:\Users\allie\Coding Projects\huggin_suite\huginn\app\core\dns_resolver.py", line 14, in resolve_hostname
    ipaddress.ip_address(hostname)
    ~~~~~~~~~~~~~~~~~~~~^^^^^^^^^^
  File "C:\Users\allie\anaconda3\Lib\ipaddress.py", line 54, in ip_address
    raise ValueError(f'{address!r} does not appear to be an IPv4 or IPv6 address')
ValueError: 'staging.silentium.htb' does not appear to be an IPv4 or IPv6 address
2026-05-20 23:13:17 - huginn - DEBUG - Suppressed exception
Traceback (most recent call last):
  File "C:\Users\allie\Coding Projects\huggin_suite\huginn\app\core\dns_resolver.py", line 14, in resolve_hostname
    ipaddress.ip_address(hostname)
    ~~~~~~~~~~~~~~~~~~~~^^^^^^^^^^
  File "C:\Users\allie\anaconda3\Lib\ipaddress.py", line 54, in ip_address
    raise ValueError(f'{address!r} does not appear to be an IPv4 or IPv6 address')
ValueError: 'staging.silentium.htb' does not appear to be an IPv4 or IPv6 address
2026-05-20 23:13:58 - huginn - DEBUG - Suppressed exception
Traceback (most recent call last):
  File "C:\Users\allie\Coding Projects\huggin_suite\huginn\app\core\dns_resolver.py", line 14, in resolve_hostname
    ipaddress.ip_address(hostname)
    ~~~~~~~~~~~~~~~~~~~~^^^^^^^^^^
  File "C:\Users\allie\anaconda3\Lib\ipaddress.py", line 54, in ip_address
    raise ValueError(f'{address!r} does not appear to be an IPv4 or IPv6 address')
ValueError: 'staging.silentium.htb' does not appear to be an IPv4 or IPv6 address
2026-05-20 23:14:05 - huginn - DEBUG - Suppressed exception
Traceback (most recent call last):
  File "C:\Users\allie\Coding Projects\huggin_suite\huginn\app\core\dns_resolver.py", line 14, in resolve_hostname
    ipaddress.ip_address(hostname)
    ~~~~~~~~~~~~~~~~~~~~^^^^^^^^^^
  File "C:\Users\allie\anaconda3\Lib\ipaddress.py", line 54, in ip_address
    raise ValueError(f'{address!r} does not appear to be an IPv4 or IPv6 address')
ValueError: 'staging.silentium.htb' does not appear to be an IPv4 or IPv6 address
2026-05-20 23:14:06 - huginn - DEBUG - Suppressed exception
Traceback (most recent call last):
  File "C:\Users\allie\Coding Projects\huggin_suite\huginn\app\core\dns_resolver.py", line 14, in resolve_hostname
    ipaddress.ip_address(hostname)
    ~~~~~~~~~~~~~~~~~~~~^^^^^^^^^^
  File "C:\Users\allie\anaconda3\Lib\ipaddress.py", line 54, in ip_address
    raise ValueError(f'{address!r} does not appear to be an IPv4 or IPv6 address')
ValueError: 'staging.silentium.htb' does not appear to be an IPv4 or IPv6 address
2026-05-20 23:14:16 - huginn - DEBUG - Suppressed exception
Traceback (most recent call last):
  File "C:\Users\allie\Coding Projects\huggin_suite\huginn\app\core\dns_resolver.py", line 14, in resolve_hostname
    ipaddress.ip_address(hostname)
    ~~~~~~~~~~~~~~~~~~~~^^^^^^^^^^
  File "C:\Users\allie\anaconda3\Lib\ipaddress.py", line 54, in ip_address
    raise ValueError(f'{address!r} does not appear to be an IPv4 or IPv6 address')
ValueError: 'staging.silentium.htb' does not appear to be an IPv4 or IPv6 address
2026-05-20 23:14:26 - huginn - DEBUG - Suppressed exception
Traceback (most recent call last):
  File "C:\Users\allie\Coding Projects\huggin_suite\huginn\app\core\dns_resolver.py", line 14, in resolve_hostname
    ipaddress.ip_address(hostname)
    ~~~~~~~~~~~~~~~~~~~~^^^^^^^^^^
  File "C:\Users\allie\anaconda3\Lib\ipaddress.py", line 54, in ip_address
    raise ValueError(f'{address!r} does not appear to be an IPv4 or IPv6 address')
ValueError: 'staging.silentium.htb' does not appear to be an IPv4 or IPv6 address
2026-05-20 23:14:34 - huginn - DEBUG - Suppressed exception
Traceback (most recent call last):
  File "C:\Users\allie\Coding Projects\huggin_suite\huginn\app\core\dns_resolver.py", line 14, in resolve_hostname
    ipaddress.ip_address(hostname)
    ~~~~~~~~~~~~~~~~~~~~^^^^^^^^^^
  File "C:\Users\allie\anaconda3\Lib\ipaddress.py", line 54, in ip_address
    raise ValueError(f'{address!r} does not appear to be an IPv4 or IPv6 address')
ValueError: 'staging.silentium.htb' does not appear to be an IPv4 or IPv6 address
2026-05-20 23:18:04 - huginn - INFO - Local DNS server stopped
2026-05-20 23:18:04 - huginn - INFO - local_dns_server stopped
2026-05-20 23:18:04 - huginn - INFO - VPN connection terminated
2026-05-20 23:18:04 - huginn - INFO - vpn_manager disconnected
2026-05-20 23:18:04 - huginn - DEBUG - Memory monitoring stopped
2026-05-20 23:18:04 - huginn - DEBUG - Connection pool closed all sessions
2026-05-20 23:18:04 - huginn - INFO - Update manager stopped during cleanup
2026-05-20 23:19:48 - huginn - DEBUG - Suppressed exception
Traceback (most recent call last):
  File "c:\Users\allie\Coding Projects\huggin_suite\huginn\app\core\asset_manager.py", line 101, in init_database
    conn.execute("ALTER TABLE assets ADD COLUMN fqdn TEXT DEFAULT ''")
    ~~~~~~~~~~~~^^^^^^^^^^^^^^^^^^^^^^^^^^^^^^^^^^^^^^^^^^^^^^^^^^^^^^
sqlite3.OperationalError: duplicate column name: fqdn
2026-05-20 23:19:48 - huginn - DEBUG - Suppressed exception
Traceback (most recent call last):
  File "c:\Users\allie\Coding Projects\huggin_suite\huginn\app\core\asset_manager.py", line 108, in init_database
    conn.execute("ALTER TABLE assets ADD COLUMN mac_address TEXT DEFAULT ''")
    ~~~~~~~~~~~~^^^^^^^^^^^^^^^^^^^^^^^^^^^^^^^^^^^^^^^^^^^^^^^^^^^^^^^^^^^^^
sqlite3.OperationalError: duplicate column name: mac_address
2026-05-20 23:19:48 - huginn - DEBUG - Suppressed exception
Traceback (most recent call last):
  File "c:\Users\allie\Coding Projects\huggin_suite\huginn\app\core\asset_manager.py", line 115, in init_database
    conn.execute("ALTER TABLE assets ADD COLUMN vendor TEXT DEFAULT ''")
    ~~~~~~~~~~~~^^^^^^^^^^^^^^^^^^^^^^^^^^^^^^^^^^^^^^^^^^^^^^^^^^^^^^^^
sqlite3.OperationalError: duplicate column name: vendor
2026-05-20 23:19:48 - huginn - DEBUG - Suppressed exception
Traceback (most recent call last):
  File "c:\Users\allie\Coding Projects\huggin_suite\huginn\app\core\asset_manager.py", line 122, in init_database
    conn.execute("ALTER TABLE assets ADD COLUMN notes TEXT DEFAULT ''")
    ~~~~~~~~~~~~^^^^^^^^^^^^^^^^^^^^^^^^^^^^^^^^^^^^^^^^^^^^^^^^^^^^^^^
sqlite3.OperationalError: duplicate column name: notes
2026-05-20 23:19:48 - huginn - INFO - Using default configuration
2026-05-20 23:19:51 - huginn - INFO - License saved successfully
2026-05-20 23:19:51 - huginn - INFO - License loaded and validated successfully
2026-05-20 23:19:56 - huginn - DEBUG - Suppressed exception
Traceback (most recent call last):
  File "c:\Users\allie\Coding Projects\huggin_suite\huginn\app\core\asset_manager.py", line 101, in init_database
    conn.execute("ALTER TABLE assets ADD COLUMN fqdn TEXT DEFAULT ''")
    ~~~~~~~~~~~~^^^^^^^^^^^^^^^^^^^^^^^^^^^^^^^^^^^^^^^^^^^^^^^^^^^^^^
sqlite3.OperationalError: duplicate column name: fqdn
2026-05-20 23:19:56 - huginn - DEBUG - Suppressed exception
Traceback (most recent call last):
  File "c:\Users\allie\Coding Projects\huggin_suite\huginn\app\core\asset_manager.py", line 108, in init_database
    conn.execute("ALTER TABLE assets ADD COLUMN mac_address TEXT DEFAULT ''")
    ~~~~~~~~~~~~^^^^^^^^^^^^^^^^^^^^^^^^^^^^^^^^^^^^^^^^^^^^^^^^^^^^^^^^^^^^^
sqlite3.OperationalError: duplicate column name: mac_address
2026-05-20 23:19:56 - huginn - DEBUG - Suppressed exception
Traceback (most recent call last):
  File "c:\Users\allie\Coding Projects\huggin_suite\huginn\app\core\asset_manager.py", line 115, in init_database
    conn.execute("ALTER TABLE assets ADD COLUMN vendor TEXT DEFAULT ''")
    ~~~~~~~~~~~~^^^^^^^^^^^^^^^^^^^^^^^^^^^^^^^^^^^^^^^^^^^^^^^^^^^^^^^^
sqlite3.OperationalError: duplicate column name: vendor
2026-05-20 23:19:56 - huginn - DEBUG - Suppressed exception
Traceback (most recent call last):
  File "c:\Users\allie\Coding Projects\huggin_suite\huginn\app\core\asset_manager.py", line 122, in init_database
    conn.execute("ALTER TABLE assets ADD COLUMN notes TEXT DEFAULT ''")
    ~~~~~~~~~~~~^^^^^^^^^^^^^^^^^^^^^^^^^^^^^^^^^^^^^^^^^^^^^^^^^^^^^^^
sqlite3.OperationalError: duplicate column name: notes
2026-05-20 23:19:56 - huginn - INFO - Using default configuration
2026-05-20 23:19:58 - huginn - INFO - License saved successfully
2026-05-20 23:19:58 - huginn - INFO - License loaded and validated successfully
