2026-06-19 07:40:58 - huginn - INFO - Using default configuration
2026-06-19 07:41:01 - huginn - INFO - License saved successfully
2026-06-19 07:41:01 - huginn - INFO - License loaded and validated successfully
2026-06-19 07:41:18 - huginn - INFO - Using default configuration
2026-06-19 07:41:20 - huginn - INFO - License saved successfully
2026-06-19 07:41:20 - huginn - INFO - License loaded and validated successfully
2026-06-19 07:41:35 - huginn - INFO - QThreadPool max threads set to 32 (CPUs: 32)
2026-06-19 07:41:35 - huginn - WARNING - Font loading failed - file not found or invalid: C:\Users\allie\Coding Projects\huggin_suite\huginn\tests\resources\fonts\neuropol.otf
2026-06-19 07:41:36 - huginn - INFO - License saved successfully
2026-06-19 07:41:36 - huginn - INFO - License loaded and validated successfully
2026-06-19 07:41:36 - huginn - INFO - Master index schema initialized.
2026-06-19 07:41:36 - huginn - INFO - EngagementDatabase connected: C:\Users\allie\AppData\Local\Temp\pytest-of-allie\pytest-34\test_create_engagement_returns0\engagements\7f82507f-44e6-4c89-b777-acd419e1fd0b\engagement.db (pool_size=5)
2026-06-19 07:41:36 - huginn - INFO - EngagementDatabase schema created: C:\Users\allie\AppData\Local\Temp\pytest-of-allie\pytest-34\test_create_engagement_returns0\engagements\7f82507f-44e6-4c89-b777-acd419e1fd0b\engagement.db
2026-06-19 07:41:36 - huginn - INFO - EngagementDatabase closed: C:\Users\allie\AppData\Local\Temp\pytest-of-allie\pytest-34\test_create_engagement_returns0\engagements\7f82507f-44e6-4c89-b777-acd419e1fd0b\engagement.db (5 connections)
2026-06-19 07:41:36 - huginn - INFO - Engagement created: 7f82507f-44e6-4c89-b777-acd419e1fd0b (Test Engagement)
2026-06-19 07:41:36 - huginn - INFO - EngagementManager closed.
2026-06-19 07:41:36 - huginn - INFO - Master index schema initialized.
2026-06-19 07:41:36 - huginn - INFO - EngagementDatabase connected: C:\Users\allie\AppData\Local\Temp\pytest-of-allie\pytest-34\test_create_engagement_creates0\engagements\8516da22-512b-4bc5-85a2-414a9e1394c6\engagement.db (pool_size=5)
2026-06-19 07:41:36 - huginn - INFO - EngagementDatabase schema created: C:\Users\allie\AppData\Local\Temp\pytest-of-allie\pytest-34\test_create_engagement_creates0\engagements\8516da22-512b-4bc5-85a2-414a9e1394c6\engagement.db
2026-06-19 07:41:36 - huginn - INFO - EngagementDatabase closed: C:\Users\allie\AppData\Local\Temp\pytest-of-allie\pytest-34\test_create_engagement_creates0\engagements\8516da22-512b-4bc5-85a2-414a9e1394c6\engagement.db (5 connections)
2026-06-19 07:41:36 - huginn - INFO - Engagement created: 8516da22-512b-4bc5-85a2-414a9e1394c6 (DB File Test)
2026-06-19 07:41:36 - huginn - INFO - EngagementManager closed.
2026-06-19 07:41:36 - huginn - INFO - Master index schema initialized.
2026-06-19 07:41:36 - huginn - INFO - EngagementDatabase connected: C:\Users\allie\AppData\Local\Temp\pytest-of-allie\pytest-34\test_create_engagement_initial0\engagements\2bf48faa-1e75-4241-9b69-2207f1b646c4\engagement.db (pool_size=5)
2026-06-19 07:41:36 - huginn - INFO - EngagementDatabase schema created: C:\Users\allie\AppData\Local\Temp\pytest-of-allie\pytest-34\test_create_engagement_initial0\engagements\2bf48faa-1e75-4241-9b69-2207f1b646c4\engagement.db
2026-06-19 07:41:36 - huginn - INFO - EngagementDatabase closed: C:\Users\allie\AppData\Local\Temp\pytest-of-allie\pytest-34\test_create_engagement_initial0\engagements\2bf48faa-1e75-4241-9b69-2207f1b646c4\engagement.db (5 connections)
2026-06-19 07:41:36 - huginn - INFO - Engagement created: 2bf48faa-1e75-4241-9b69-2207f1b646c4 (State Test)
2026-06-19 07:41:36 - huginn - INFO - EngagementManager closed.
2026-06-19 07:41:36 - huginn - INFO - Master index schema initialized.
2026-06-19 07:41:36 - huginn - INFO - EngagementDatabase connected: C:\Users\allie\AppData\Local\Temp\pytest-of-allie\pytest-34\test_create_multiple_engagemen0\engagements\2ffe2885-f94f-401a-b59b-359cedd6d11b\engagement.db (pool_size=5)
2026-06-19 07:41:36 - huginn - INFO - EngagementDatabase schema created: C:\Users\allie\AppData\Local\Temp\pytest-of-allie\pytest-34\test_create_multiple_engagemen0\engagements\2ffe2885-f94f-401a-b59b-359cedd6d11b\engagement.db
2026-06-19 07:41:36 - huginn - INFO - EngagementDatabase closed: C:\Users\allie\AppData\Local\Temp\pytest-of-allie\pytest-34\test_create_multiple_engagemen0\engagements\2ffe2885-f94f-401a-b59b-359cedd6d11b\engagement.db (5 connections)
2026-06-19 07:41:36 - huginn - INFO - Engagement created: 2ffe2885-f94f-401a-b59b-359cedd6d11b (Engagement 0)
2026-06-19 07:41:36 - huginn - INFO - EngagementDatabase connected: C:\Users\allie\AppData\Local\Temp\pytest-of-allie\pytest-34\test_create_multiple_engagemen0\engagements\a35d04e2-166b-4b53-b3df-e01cb4050e28\engagement.db (pool_size=5)
2026-06-19 07:41:36 - huginn - INFO - EngagementDatabase schema created: C:\Users\allie\AppData\Local\Temp\pytest-of-allie\pytest-34\test_create_multiple_engagemen0\engagements\a35d04e2-166b-4b53-b3df-e01cb4050e28\engagement.db
2026-06-19 07:41:36 - huginn - INFO - EngagementDatabase closed: C:\Users\allie\AppData\Local\Temp\pytest-of-allie\pytest-34\test_create_multiple_engagemen0\engagements\a35d04e2-166b-4b53-b3df-e01cb4050e28\engagement.db (5 connections)
2026-06-19 07:41:36 - huginn - INFO - Engagement created: a35d04e2-166b-4b53-b3df-e01cb4050e28 (Engagement 1)
2026-06-19 07:41:36 - huginn - INFO - EngagementDatabase connected: C:\Users\allie\AppData\Local\Temp\pytest-of-allie\pytest-34\test_create_multiple_engagemen0\engagements\fcbeb19a-f03f-4675-99ec-19dcf5210025\engagement.db (pool_size=5)
2026-06-19 07:41:36 - huginn - INFO - EngagementDatabase schema created: C:\Users\allie\AppData\Local\Temp\pytest-of-allie\pytest-34\test_create_multiple_engagemen0\engagements\fcbeb19a-f03f-4675-99ec-19dcf5210025\engagement.db
2026-06-19 07:41:36 - huginn - INFO - EngagementDatabase closed: C:\Users\allie\AppData\Local\Temp\pytest-of-allie\pytest-34\test_create_multiple_engagemen0\engagements\fcbeb19a-f03f-4675-99ec-19dcf5210025\engagement.db (5 connections)
2026-06-19 07:41:36 - huginn - INFO - Engagement created: fcbeb19a-f03f-4675-99ec-19dcf5210025 (Engagement 2)
2026-06-19 07:41:36 - huginn - INFO - EngagementDatabase connected: C:\Users\allie\AppData\Local\Temp\pytest-of-allie\pytest-34\test_create_multiple_engagemen0\engagements\ee3d5496-0c6f-4c75-8268-b4a12db347cf\engagement.db (pool_size=5)
2026-06-19 07:41:36 - huginn - INFO - EngagementDatabase schema created: C:\Users\allie\AppData\Local\Temp\pytest-of-allie\pytest-34\test_create_multiple_engagemen0\engagements\ee3d5496-0c6f-4c75-8268-b4a12db347cf\engagement.db
2026-06-19 07:41:36 - huginn - INFO - EngagementDatabase closed: C:\Users\allie\AppData\Local\Temp\pytest-of-allie\pytest-34\test_create_multiple_engagemen0\engagements\ee3d5496-0c6f-4c75-8268-b4a12db347cf\engagement.db (5 connections)
2026-06-19 07:41:36 - huginn - INFO - Engagement created: ee3d5496-0c6f-4c75-8268-b4a12db347cf (Engagement 3)
2026-06-19 07:41:36 - huginn - INFO - EngagementDatabase connected: C:\Users\allie\AppData\Local\Temp\pytest-of-allie\pytest-34\test_create_multiple_engagemen0\engagements\f20ae254-7a3b-4015-b29b-7381bf622def\engagement.db (pool_size=5)
2026-06-19 07:41:36 - huginn - INFO - EngagementDatabase schema created: C:\Users\allie\AppData\Local\Temp\pytest-of-allie\pytest-34\test_create_multiple_engagemen0\engagements\f20ae254-7a3b-4015-b29b-7381bf622def\engagement.db
2026-06-19 07:41:36 - huginn - INFO - EngagementDatabase closed: C:\Users\allie\AppData\Local\Temp\pytest-of-allie\pytest-34\test_create_multiple_engagemen0\engagements\f20ae254-7a3b-4015-b29b-7381bf622def\engagement.db (5 connections)
2026-06-19 07:41:36 - huginn - INFO - Engagement created: f20ae254-7a3b-4015-b29b-7381bf622def (Engagement 4)
2026-06-19 07:41:36 - huginn - INFO - EngagementDatabase connected: C:\Users\allie\AppData\Local\Temp\pytest-of-allie\pytest-34\test_create_multiple_engagemen0\engagements\3334e336-571f-488e-973d-3816ce24219a\engagement.db (pool_size=5)
2026-06-19 07:41:36 - huginn - INFO - EngagementDatabase schema created: C:\Users\allie\AppData\Local\Temp\pytest-of-allie\pytest-34\test_create_multiple_engagemen0\engagements\3334e336-571f-488e-973d-3816ce24219a\engagement.db
2026-06-19 07:41:36 - huginn - INFO - EngagementDatabase closed: C:\Users\allie\AppData\Local\Temp\pytest-of-allie\pytest-34\test_create_multiple_engagemen0\engagements\3334e336-571f-488e-973d-3816ce24219a\engagement.db (5 connections)
2026-06-19 07:41:36 - huginn - INFO - Engagement created: 3334e336-571f-488e-973d-3816ce24219a (Engagement 5)
2026-06-19 07:41:36 - huginn - INFO - EngagementDatabase connected: C:\Users\allie\AppData\Local\Temp\pytest-of-allie\pytest-34\test_create_multiple_engagemen0\engagements\bfcf92c0-265f-4da7-8b24-c5b19e9a8c90\engagement.db (pool_size=5)
2026-06-19 07:41:36 - huginn - INFO - EngagementDatabase schema created: C:\Users\allie\AppData\Local\Temp\pytest-of-allie\pytest-34\test_create_multiple_engagemen0\engagements\bfcf92c0-265f-4da7-8b24-c5b19e9a8c90\engagement.db
2026-06-19 07:41:36 - huginn - INFO - EngagementDatabase closed: C:\Users\allie\AppData\Local\Temp\pytest-of-allie\pytest-34\test_create_multiple_engagemen0\engagements\bfcf92c0-265f-4da7-8b24-c5b19e9a8c90\engagement.db (5 connections)
2026-06-19 07:41:36 - huginn - INFO - Engagement created: bfcf92c0-265f-4da7-8b24-c5b19e9a8c90 (Engagement 6)
2026-06-19 07:41:36 - huginn - INFO - EngagementDatabase connected: C:\Users\allie\AppData\Local\Temp\pytest-of-allie\pytest-34\test_create_multiple_engagemen0\engagements\55a165ed-2a41-4430-bb29-e0df3e6c3a24\engagement.db (pool_size=5)
2026-06-19 07:41:36 - huginn - INFO - EngagementDatabase schema created: C:\Users\allie\AppData\Local\Temp\pytest-of-allie\pytest-34\test_create_multiple_engagemen0\engagements\55a165ed-2a41-4430-bb29-e0df3e6c3a24\engagement.db
2026-06-19 07:41:36 - huginn - INFO - EngagementDatabase closed: C:\Users\allie\AppData\Local\Temp\pytest-of-allie\pytest-34\test_create_multiple_engagemen0\engagements\55a165ed-2a41-4430-bb29-e0df3e6c3a24\engagement.db (5 connections)
2026-06-19 07:41:36 - huginn - INFO - Engagement created: 55a165ed-2a41-4430-bb29-e0df3e6c3a24 (Engagement 7)
2026-06-19 07:41:36 - huginn - INFO - EngagementDatabase connected: C:\Users\allie\AppData\Local\Temp\pytest-of-allie\pytest-34\test_create_multiple_engagemen0\engagements\323653c6-f4fb-4fd5-b0ae-6491cc1e2b24\engagement.db (pool_size=5)
2026-06-19 07:41:36 - huginn - INFO - EngagementDatabase schema created: C:\Users\allie\AppData\Local\Temp\pytest-of-allie\pytest-34\test_create_multiple_engagemen0\engagements\323653c6-f4fb-4fd5-b0ae-6491cc1e2b24\engagement.db
2026-06-19 07:41:36 - huginn - INFO - EngagementDatabase closed: C:\Users\allie\AppData\Local\Temp\pytest-of-allie\pytest-34\test_create_multiple_engagemen0\engagements\323653c6-f4fb-4fd5-b0ae-6491cc1e2b24\engagement.db (5 connections)
2026-06-19 07:41:36 - huginn - INFO - Engagement created: 323653c6-f4fb-4fd5-b0ae-6491cc1e2b24 (Engagement 8)
2026-06-19 07:41:36 - huginn - INFO - EngagementDatabase connected: C:\Users\allie\AppData\Local\Temp\pytest-of-allie\pytest-34\test_create_multiple_engagemen0\engagements\1bce2973-3475-43ed-9dbf-8c5c09b88aec\engagement.db (pool_size=5)
2026-06-19 07:41:36 - huginn - INFO - EngagementDatabase schema created: C:\Users\allie\AppData\Local\Temp\pytest-of-allie\pytest-34\test_create_multiple_engagemen0\engagements\1bce2973-3475-43ed-9dbf-8c5c09b88aec\engagement.db
2026-06-19 07:41:36 - huginn - INFO - EngagementDatabase closed: C:\Users\allie\AppData\Local\Temp\pytest-of-allie\pytest-34\test_create_multiple_engagemen0\engagements\1bce2973-3475-43ed-9dbf-8c5c09b88aec\engagement.db (5 connections)
2026-06-19 07:41:36 - huginn - INFO - Engagement created: 1bce2973-3475-43ed-9dbf-8c5c09b88aec (Engagement 9)
2026-06-19 07:41:36 - huginn - INFO - EngagementManager closed.
2026-06-19 07:41:36 - huginn - INFO - Master index schema initialized.
2026-06-19 07:41:36 - huginn - INFO - EngagementDatabase connected: C:\Users\allie\AppData\Local\Temp\pytest-of-allie\pytest-34\test_get_engagement_returns_me0\engagements\ec5f20fb-de48-40be-a4cf-d3ffcbf86313\engagement.db (pool_size=5)
2026-06-19 07:41:36 - huginn - INFO - EngagementDatabase schema created: C:\Users\allie\AppData\Local\Temp\pytest-of-allie\pytest-34\test_get_engagement_returns_me0\engagements\ec5f20fb-de48-40be-a4cf-d3ffcbf86313\engagement.db
2026-06-19 07:41:36 - huginn - INFO - EngagementDatabase closed: C:\Users\allie\AppData\Local\Temp\pytest-of-allie\pytest-34\test_get_engagement_returns_me0\engagements\ec5f20fb-de48-40be-a4cf-d3ffcbf86313\engagement.db (5 connections)
2026-06-19 07:41:36 - huginn - INFO - Engagement created: ec5f20fb-de48-40be-a4cf-d3ffcbf86313 (Metadata Test)
2026-06-19 07:41:36 - huginn - INFO - EngagementManager closed.
2026-06-19 07:41:36 - huginn - INFO - Master index schema initialized.
2026-06-19 07:41:36 - huginn - INFO - EngagementManager closed.
2026-06-19 07:41:36 - huginn - INFO - Master index schema initialized.
2026-06-19 07:41:36 - huginn - INFO - EngagementDatabase connected: C:\Users\allie\AppData\Local\Temp\pytest-of-allie\pytest-34\test_list_all_engagements0\engagements\85adffee-28da-48a1-b258-eb175dc0623c\engagement.db (pool_size=5)
2026-06-19 07:41:36 - huginn - INFO - EngagementDatabase schema created: C:\Users\allie\AppData\Local\Temp\pytest-of-allie\pytest-34\test_list_all_engagements0\engagements\85adffee-28da-48a1-b258-eb175dc0623c\engagement.db
2026-06-19 07:41:36 - huginn - INFO - EngagementDatabase closed: C:\Users\allie\AppData\Local\Temp\pytest-of-allie\pytest-34\test_list_all_engagements0\engagements\85adffee-28da-48a1-b258-eb175dc0623c\engagement.db (5 connections)
2026-06-19 07:41:36 - huginn - INFO - Engagement created: 85adffee-28da-48a1-b258-eb175dc0623c (Eng 1)
2026-06-19 07:41:36 - huginn - INFO - EngagementDatabase connected: C:\Users\allie\AppData\Local\Temp\pytest-of-allie\pytest-34\test_list_all_engagements0\engagements\b78d85b4-c5b5-4cdd-ab2c-29c8cfeefa03\engagement.db (pool_size=5)
2026-06-19 07:41:36 - huginn - INFO - EngagementDatabase schema created: C:\Users\allie\AppData\Local\Temp\pytest-of-allie\pytest-34\test_list_all_engagements0\engagements\b78d85b4-c5b5-4cdd-ab2c-29c8cfeefa03\engagement.db
2026-06-19 07:41:36 - huginn - INFO - EngagementDatabase closed: C:\Users\allie\AppData\Local\Temp\pytest-of-allie\pytest-34\test_list_all_engagements0\engagements\b78d85b4-c5b5-4cdd-ab2c-29c8cfeefa03\engagement.db (5 connections)
2026-06-19 07:41:36 - huginn - INFO - Engagement created: b78d85b4-c5b5-4cdd-ab2c-29c8cfeefa03 (Eng 2)
2026-06-19 07:41:36 - huginn - INFO - EngagementManager closed.
2026-06-19 07:41:36 - huginn - INFO - Master index schema initialized.
2026-06-19 07:41:36 - huginn - INFO - EngagementDatabase connected: C:\Users\allie\AppData\Local\Temp\pytest-of-allie\pytest-34\test_list_engagements_status_f0\engagements\dec2ae87-c831-498b-9fe0-d4a020cff972\engagement.db (pool_size=5)
2026-06-19 07:41:36 - huginn - INFO - EngagementDatabase schema created: C:\Users\allie\AppData\Local\Temp\pytest-of-allie\pytest-34\test_list_engagements_status_f0\engagements\dec2ae87-c831-498b-9fe0-d4a020cff972\engagement.db
2026-06-19 07:41:36 - huginn - INFO - EngagementDatabase closed: C:\Users\allie\AppData\Local\Temp\pytest-of-allie\pytest-34\test_list_engagements_status_f0\engagements\dec2ae87-c831-498b-9fe0-d4a020cff972\engagement.db (5 connections)
2026-06-19 07:41:36 - huginn - INFO - Engagement created: dec2ae87-c831-498b-9fe0-d4a020cff972 (Draft Eng)
2026-06-19 07:41:36 - huginn - INFO - EngagementDatabase connected: C:\Users\allie\AppData\Local\Temp\pytest-of-allie\pytest-34\test_list_engagements_status_f0\engagements\6aff608d-e3a2-48b8-a3e9-bedff86311dd\engagement.db (pool_size=5)
2026-06-19 07:41:36 - huginn - INFO - EngagementDatabase schema created: C:\Users\allie\AppData\Local\Temp\pytest-of-allie\pytest-34\test_list_engagements_status_f0\engagements\6aff608d-e3a2-48b8-a3e9-bedff86311dd\engagement.db
2026-06-19 07:41:36 - huginn - INFO - EngagementDatabase closed: C:\Users\allie\AppData\Local\Temp\pytest-of-allie\pytest-34\test_list_engagements_status_f0\engagements\6aff608d-e3a2-48b8-a3e9-bedff86311dd\engagement.db (5 connections)
2026-06-19 07:41:36 - huginn - INFO - Engagement created: 6aff608d-e3a2-48b8-a3e9-bedff86311dd (Active Eng)
2026-06-19 07:41:36 - huginn - INFO - State transition: 6aff608d-e3a2-48b8-a3e9-bedff86311dd draft -> scoping
2026-06-19 07:41:36 - huginn - INFO - State transition: 6aff608d-e3a2-48b8-a3e9-bedff86311dd scoping -> active
2026-06-19 07:41:36 - huginn - INFO - EngagementManager closed.
2026-06-19 07:41:36 - huginn - INFO - Master index schema initialized.
2026-06-19 07:41:36 - huginn - INFO - EngagementDatabase connected: C:\Users\allie\AppData\Local\Temp\pytest-of-allie\pytest-34\test_list_engagements_search0\engagements\b52e9b57-628b-401e-a522-237fdd2d8295\engagement.db (pool_size=5)
2026-06-19 07:41:36 - huginn - INFO - EngagementDatabase schema created: C:\Users\allie\AppData\Local\Temp\pytest-of-allie\pytest-34\test_list_engagements_search0\engagements\b52e9b57-628b-401e-a522-237fdd2d8295\engagement.db
2026-06-19 07:41:36 - huginn - INFO - EngagementDatabase closed: C:\Users\allie\AppData\Local\Temp\pytest-of-allie\pytest-34\test_list_engagements_search0\engagements\b52e9b57-628b-401e-a522-237fdd2d8295\engagement.db (5 connections)
2026-06-19 07:41:36 - huginn - INFO - Engagement created: b52e9b57-628b-401e-a522-237fdd2d8295 (Alpha Project)
2026-06-19 07:41:36 - huginn - INFO - EngagementDatabase connected: C:\Users\allie\AppData\Local\Temp\pytest-of-allie\pytest-34\test_list_engagements_search0\engagements\6101a3d9-4965-4a48-b5fb-562a713fed19\engagement.db (pool_size=5)
2026-06-19 07:41:36 - huginn - INFO - EngagementDatabase schema created: C:\Users\allie\AppData\Local\Temp\pytest-of-allie\pytest-34\test_list_engagements_search0\engagements\6101a3d9-4965-4a48-b5fb-562a713fed19\engagement.db
2026-06-19 07:41:36 - huginn - INFO - EngagementDatabase closed: C:\Users\allie\AppData\Local\Temp\pytest-of-allie\pytest-34\test_list_engagements_search0\engagements\6101a3d9-4965-4a48-b5fb-562a713fed19\engagement.db (5 connections)
2026-06-19 07:41:36 - huginn - INFO - Engagement created: 6101a3d9-4965-4a48-b5fb-562a713fed19 (Beta Project)
2026-06-19 07:41:36 - huginn - INFO - EngagementManager closed.
2026-06-19 07:41:36 - huginn - INFO - Master index schema initialized.
2026-06-19 07:41:36 - huginn - INFO - EngagementDatabase connected: C:\Users\allie\AppData\Local\Temp\pytest-of-allie\pytest-34\test_valid_transitions_from_dr0\engagements\c37663fb-4083-4158-833c-e38470a1190a\engagement.db (pool_size=5)
2026-06-19 07:41:36 - huginn - INFO - EngagementDatabase schema created: C:\Users\allie\AppData\Local\Temp\pytest-of-allie\pytest-34\test_valid_transitions_from_dr0\engagements\c37663fb-4083-4158-833c-e38470a1190a\engagement.db
2026-06-19 07:41:36 - huginn - INFO - EngagementDatabase closed: C:\Users\allie\AppData\Local\Temp\pytest-of-allie\pytest-34\test_valid_transitions_from_dr0\engagements\c37663fb-4083-4158-833c-e38470a1190a\engagement.db (5 connections)
2026-06-19 07:41:36 - huginn - INFO - Engagement created: c37663fb-4083-4158-833c-e38470a1190a (SM Test)
2026-06-19 07:41:36 - huginn - INFO - State transition: c37663fb-4083-4158-833c-e38470a1190a draft -> scoping
2026-06-19 07:41:36 - huginn - INFO - EngagementManager closed.
2026-06-19 07:41:36 - huginn - INFO - Master index schema initialized.
2026-06-19 07:41:36 - huginn - INFO - EngagementDatabase connected: C:\Users\allie\AppData\Local\Temp\pytest-of-allie\pytest-34\test_valid_full_lifecycle0\engagements\300f46d0-1c08-4c19-be2e-f8d3f20dd3ab\engagement.db (pool_size=5)
2026-06-19 07:41:36 - huginn - INFO - EngagementDatabase schema created: C:\Users\allie\AppData\Local\Temp\pytest-of-allie\pytest-34\test_valid_full_lifecycle0\engagements\300f46d0-1c08-4c19-be2e-f8d3f20dd3ab\engagement.db
2026-06-19 07:41:36 - huginn - INFO - EngagementDatabase closed: C:\Users\allie\AppData\Local\Temp\pytest-of-allie\pytest-34\test_valid_full_lifecycle0\engagements\300f46d0-1c08-4c19-be2e-f8d3f20dd3ab\engagement.db (5 connections)
2026-06-19 07:41:36 - huginn - INFO - Engagement created: 300f46d0-1c08-4c19-be2e-f8d3f20dd3ab (Lifecycle)
2026-06-19 07:41:36 - huginn - INFO - State transition: 300f46d0-1c08-4c19-be2e-f8d3f20dd3ab draft -> scoping
2026-06-19 07:41:36 - huginn - INFO - State transition: 300f46d0-1c08-4c19-be2e-f8d3f20dd3ab scoping -> active
2026-06-19 07:41:36 - huginn - INFO - State transition: 300f46d0-1c08-4c19-be2e-f8d3f20dd3ab active -> reporting
2026-06-19 07:41:36 - huginn - INFO - State transition: 300f46d0-1c08-4c19-be2e-f8d3f20dd3ab reporting -> closed
2026-06-19 07:41:36 - huginn - INFO - EngagementManager closed.
2026-06-19 07:41:36 - huginn - INFO - Master index schema initialized.
2026-06-19 07:41:37 - huginn - INFO - EngagementDatabase connected: C:\Users\allie\AppData\Local\Temp\pytest-of-allie\pytest-34\test_invalid_transition_reject0\engagements\bf0fc878-404d-4b50-975d-44d891d0b2b2\engagement.db (pool_size=5)
2026-06-19 07:41:37 - huginn - INFO - EngagementDatabase schema created: C:\Users\allie\AppData\Local\Temp\pytest-of-allie\pytest-34\test_invalid_transition_reject0\engagements\bf0fc878-404d-4b50-975d-44d891d0b2b2\engagement.db
2026-06-19 07:41:37 - huginn - INFO - EngagementDatabase closed: C:\Users\allie\AppData\Local\Temp\pytest-of-allie\pytest-34\test_invalid_transition_reject0\engagements\bf0fc878-404d-4b50-975d-44d891d0b2b2\engagement.db (5 connections)
2026-06-19 07:41:37 - huginn - INFO - Engagement created: bf0fc878-404d-4b50-975d-44d891d0b2b2 (Invalid)
2026-06-19 07:41:37 - huginn - WARNING - Invalid state transition for bf0fc878-404d-4b50-975d-44d891d0b2b2: draft -> active. Allowed: ['scoping']
2026-06-19 07:41:37 - huginn - INFO - EngagementManager closed.
2026-06-19 07:41:37 - huginn - INFO - Master index schema initialized.
2026-06-19 07:41:37 - huginn - INFO - EngagementDatabase connected: C:\Users\allie\AppData\Local\Temp\pytest-of-allie\pytest-34\test_closed_state_has_no_trans0\engagements\b6eb9e4f-670c-437e-85ff-280a79b7f419\engagement.db (pool_size=5)
2026-06-19 07:41:37 - huginn - INFO - EngagementDatabase schema created: C:\Users\allie\AppData\Local\Temp\pytest-of-allie\pytest-34\test_closed_state_has_no_trans0\engagements\b6eb9e4f-670c-437e-85ff-280a79b7f419\engagement.db
2026-06-19 07:41:37 - huginn - INFO - EngagementDatabase closed: C:\Users\allie\AppData\Local\Temp\pytest-of-allie\pytest-34\test_closed_state_has_no_trans0\engagements\b6eb9e4f-670c-437e-85ff-280a79b7f419\engagement.db (5 connections)
2026-06-19 07:41:37 - huginn - INFO - Engagement created: b6eb9e4f-670c-437e-85ff-280a79b7f419 (Closed)
2026-06-19 07:41:37 - huginn - INFO - State transition: b6eb9e4f-670c-437e-85ff-280a79b7f419 draft -> scoping
2026-06-19 07:41:37 - huginn - INFO - State transition: b6eb9e4f-670c-437e-85ff-280a79b7f419 scoping -> active
2026-06-19 07:41:37 - huginn - INFO - State transition: b6eb9e4f-670c-437e-85ff-280a79b7f419 active -> reporting
2026-06-19 07:41:37 - huginn - INFO - State transition: b6eb9e4f-670c-437e-85ff-280a79b7f419 reporting -> closed
2026-06-19 07:41:37 - huginn - WARNING - Invalid state transition for b6eb9e4f-670c-437e-85ff-280a79b7f419: closed -> draft. Allowed: []
2026-06-19 07:41:37 - huginn - WARNING - Invalid state transition for b6eb9e4f-670c-437e-85ff-280a79b7f419: closed -> scoping. Allowed: []
2026-06-19 07:41:37 - huginn - WARNING - Invalid state transition for b6eb9e4f-670c-437e-85ff-280a79b7f419: closed -> active. Allowed: []
2026-06-19 07:41:37 - huginn - WARNING - Invalid state transition for b6eb9e4f-670c-437e-85ff-280a79b7f419: closed -> paused. Allowed: []
2026-06-19 07:41:37 - huginn - WARNING - Invalid state transition for b6eb9e4f-670c-437e-85ff-280a79b7f419: closed -> retest. Allowed: []
2026-06-19 07:41:37 - huginn - WARNING - Invalid state transition for b6eb9e4f-670c-437e-85ff-280a79b7f419: closed -> reporting. Allowed: []
2026-06-19 07:41:37 - huginn - WARNING - Invalid state transition for b6eb9e4f-670c-437e-85ff-280a79b7f419: closed -> closed. Allowed: []
2026-06-19 07:41:37 - huginn - INFO - EngagementManager closed.
2026-06-19 07:41:37 - huginn - INFO - Master index schema initialized.
2026-06-19 07:41:37 - huginn - INFO - EngagementDatabase connected: C:\Users\allie\AppData\Local\Temp\pytest-of-allie\pytest-34\test_active_to_paused_and_back0\engagements\155f9647-74c5-4026-a289-84297cf040e9\engagement.db (pool_size=5)
2026-06-19 07:41:37 - huginn - INFO - EngagementDatabase schema created: C:\Users\allie\AppData\Local\Temp\pytest-of-allie\pytest-34\test_active_to_paused_and_back0\engagements\155f9647-74c5-4026-a289-84297cf040e9\engagement.db
2026-06-19 07:41:37 - huginn - INFO - EngagementDatabase closed: C:\Users\allie\AppData\Local\Temp\pytest-of-allie\pytest-34\test_active_to_paused_and_back0\engagements\155f9647-74c5-4026-a289-84297cf040e9\engagement.db (5 connections)
2026-06-19 07:41:37 - huginn - INFO - Engagement created: 155f9647-74c5-4026-a289-84297cf040e9 (Pause)
2026-06-19 07:41:37 - huginn - INFO - State transition: 155f9647-74c5-4026-a289-84297cf040e9 draft -> scoping
2026-06-19 07:41:37 - huginn - INFO - State transition: 155f9647-74c5-4026-a289-84297cf040e9 scoping -> active
2026-06-19 07:41:37 - huginn - INFO - State transition: 155f9647-74c5-4026-a289-84297cf040e9 active -> paused
2026-06-19 07:41:37 - huginn - INFO - State transition: 155f9647-74c5-4026-a289-84297cf040e9 paused -> active
2026-06-19 07:41:37 - huginn - INFO - EngagementManager closed.
2026-06-19 07:41:37 - huginn - INFO - Master index schema initialized.
2026-06-19 07:41:37 - huginn - INFO - EngagementDatabase connected: C:\Users\allie\AppData\Local\Temp\pytest-of-allie\pytest-34\test_active_to_retest_and_repo0\engagements\f6906ff7-d8ef-45af-a91c-ca6cf017bca6\engagement.db (pool_size=5)
2026-06-19 07:41:37 - huginn - INFO - EngagementDatabase schema created: C:\Users\allie\AppData\Local\Temp\pytest-of-allie\pytest-34\test_active_to_retest_and_repo0\engagements\f6906ff7-d8ef-45af-a91c-ca6cf017bca6\engagement.db
2026-06-19 07:41:37 - huginn - INFO - EngagementDatabase closed: C:\Users\allie\AppData\Local\Temp\pytest-of-allie\pytest-34\test_active_to_retest_and_repo0\engagements\f6906ff7-d8ef-45af-a91c-ca6cf017bca6\engagement.db (5 connections)
2026-06-19 07:41:37 - huginn - INFO - Engagement created: f6906ff7-d8ef-45af-a91c-ca6cf017bca6 (Retest)
2026-06-19 07:41:37 - huginn - INFO - State transition: f6906ff7-d8ef-45af-a91c-ca6cf017bca6 draft -> scoping
2026-06-19 07:41:37 - huginn - INFO - State transition: f6906ff7-d8ef-45af-a91c-ca6cf017bca6 scoping -> active
2026-06-19 07:41:37 - huginn - INFO - State transition: f6906ff7-d8ef-45af-a91c-ca6cf017bca6 active -> retest
2026-06-19 07:41:37 - huginn - INFO - State transition: f6906ff7-d8ef-45af-a91c-ca6cf017bca6 retest -> reporting
2026-06-19 07:41:37 - huginn - INFO - EngagementManager closed.
2026-06-19 07:41:37 - huginn - INFO - Master index schema initialized.
2026-06-19 07:41:37 - huginn - INFO - EngagementDatabase connected: C:\Users\allie\AppData\Local\Temp\pytest-of-allie\pytest-34\test_transition_records_histor0\engagements\76a7f49a-6f45-4577-8607-39271789a624\engagement.db (pool_size=5)
2026-06-19 07:41:37 - huginn - INFO - EngagementDatabase schema created: C:\Users\allie\AppData\Local\Temp\pytest-of-allie\pytest-34\test_transition_records_histor0\engagements\76a7f49a-6f45-4577-8607-39271789a624\engagement.db
2026-06-19 07:41:37 - huginn - INFO - EngagementDatabase closed: C:\Users\allie\AppData\Local\Temp\pytest-of-allie\pytest-34\test_transition_records_histor0\engagements\76a7f49a-6f45-4577-8607-39271789a624\engagement.db (5 connections)
2026-06-19 07:41:37 - huginn - INFO - Engagement created: 76a7f49a-6f45-4577-8607-39271789a624 (History)
2026-06-19 07:41:37 - huginn - INFO - State transition: 76a7f49a-6f45-4577-8607-39271789a624 draft -> scoping
2026-06-19 07:41:37 - huginn - INFO - State transition: 76a7f49a-6f45-4577-8607-39271789a624 scoping -> active
2026-06-19 07:41:37 - huginn - INFO - EngagementManager closed.
2026-06-19 07:41:37 - huginn - INFO - Master index schema initialized.
2026-06-19 07:41:37 - huginn - ERROR - Cannot transition state: engagement fake-id not found.
2026-06-19 07:41:37 - huginn - INFO - EngagementManager closed.
2026-06-19 07:41:37 - huginn - INFO - Master index schema initialized.
2026-06-19 07:41:37 - huginn - INFO - EngagementDatabase connected: C:\Users\allie\AppData\Local\Temp\pytest-of-allie\pytest-34\test_all_valid_transitions_suc0\engagements\86e5bc04-2188-434e-8044-de783b3c924e\engagement.db (pool_size=5)
2026-06-19 07:41:37 - huginn - INFO - EngagementDatabase schema created: C:\Users\allie\AppData\Local\Temp\pytest-of-allie\pytest-34\test_all_valid_transitions_suc0\engagements\86e5bc04-2188-434e-8044-de783b3c924e\engagement.db
2026-06-19 07:41:37 - huginn - INFO - EngagementDatabase closed: C:\Users\allie\AppData\Local\Temp\pytest-of-allie\pytest-34\test_all_valid_transitions_suc0\engagements\86e5bc04-2188-434e-8044-de783b3c924e\engagement.db (5 connections)
2026-06-19 07:41:37 - huginn - INFO - Engagement created: 86e5bc04-2188-434e-8044-de783b3c924e (draft->scoping)
2026-06-19 07:41:37 - huginn - INFO - State transition: 86e5bc04-2188-434e-8044-de783b3c924e draft -> scoping
2026-06-19 07:41:37 - huginn - INFO - EngagementDatabase connected: C:\Users\allie\AppData\Local\Temp\pytest-of-allie\pytest-34\test_all_valid_transitions_suc0\engagements\28a5ced8-bfad-41ca-ba1c-92f86fb565aa\engagement.db (pool_size=5)
2026-06-19 07:41:37 - huginn - INFO - EngagementDatabase schema created: C:\Users\allie\AppData\Local\Temp\pytest-of-allie\pytest-34\test_all_valid_transitions_suc0\engagements\28a5ced8-bfad-41ca-ba1c-92f86fb565aa\engagement.db
2026-06-19 07:41:37 - huginn - INFO - EngagementDatabase closed: C:\Users\allie\AppData\Local\Temp\pytest-of-allie\pytest-34\test_all_valid_transitions_suc0\engagements\28a5ced8-bfad-41ca-ba1c-92f86fb565aa\engagement.db (5 connections)
2026-06-19 07:41:37 - huginn - INFO - Engagement created: 28a5ced8-bfad-41ca-ba1c-92f86fb565aa (scoping->active)
2026-06-19 07:41:37 - huginn - INFO - State transition: 28a5ced8-bfad-41ca-ba1c-92f86fb565aa draft -> scoping
2026-06-19 07:41:37 - huginn - INFO - State transition: 28a5ced8-bfad-41ca-ba1c-92f86fb565aa scoping -> active
2026-06-19 07:41:37 - huginn - INFO - EngagementDatabase connected: C:\Users\allie\AppData\Local\Temp\pytest-of-allie\pytest-34\test_all_valid_transitions_suc0\engagements\a51a84ce-f229-4d75-b220-674f77e209ab\engagement.db (pool_size=5)
2026-06-19 07:41:37 - huginn - INFO - EngagementDatabase schema created: C:\Users\allie\AppData\Local\Temp\pytest-of-allie\pytest-34\test_all_valid_transitions_suc0\engagements\a51a84ce-f229-4d75-b220-674f77e209ab\engagement.db
2026-06-19 07:41:37 - huginn - INFO - EngagementDatabase closed: C:\Users\allie\AppData\Local\Temp\pytest-of-allie\pytest-34\test_all_valid_transitions_suc0\engagements\a51a84ce-f229-4d75-b220-674f77e209ab\engagement.db (5 connections)
2026-06-19 07:41:37 - huginn - INFO - Engagement created: a51a84ce-f229-4d75-b220-674f77e209ab (active->paused)
2026-06-19 07:41:37 - huginn - INFO - State transition: a51a84ce-f229-4d75-b220-674f77e209ab draft -> scoping
2026-06-19 07:41:37 - huginn - INFO - State transition: a51a84ce-f229-4d75-b220-674f77e209ab scoping -> active
2026-06-19 07:41:37 - huginn - INFO - State transition: a51a84ce-f229-4d75-b220-674f77e209ab active -> paused
2026-06-19 07:41:37 - huginn - INFO - EngagementDatabase connected: C:\Users\allie\AppData\Local\Temp\pytest-of-allie\pytest-34\test_all_valid_transitions_suc0\engagements\39fc7f62-01d0-4b9c-a052-2457ba401391\engagement.db (pool_size=5)
2026-06-19 07:41:37 - huginn - INFO - EngagementDatabase schema created: C:\Users\allie\AppData\Local\Temp\pytest-of-allie\pytest-34\test_all_valid_transitions_suc0\engagements\39fc7f62-01d0-4b9c-a052-2457ba401391\engagement.db
2026-06-19 07:41:37 - huginn - INFO - EngagementDatabase closed: C:\Users\allie\AppData\Local\Temp\pytest-of-allie\pytest-34\test_all_valid_transitions_suc0\engagements\39fc7f62-01d0-4b9c-a052-2457ba401391\engagement.db (5 connections)
2026-06-19 07:41:37 - huginn - INFO - Engagement created: 39fc7f62-01d0-4b9c-a052-2457ba401391 (active->retest)
2026-06-19 07:41:37 - huginn - INFO - State transition: 39fc7f62-01d0-4b9c-a052-2457ba401391 draft -> scoping
2026-06-19 07:41:37 - huginn - INFO - State transition: 39fc7f62-01d0-4b9c-a052-2457ba401391 scoping -> active
2026-06-19 07:41:37 - huginn - INFO - State transition: 39fc7f62-01d0-4b9c-a052-2457ba401391 active -> retest
2026-06-19 07:41:37 - huginn - INFO - EngagementDatabase connected: C:\Users\allie\AppData\Local\Temp\pytest-of-allie\pytest-34\test_all_valid_transitions_suc0\engagements\3c084ab4-5b88-4a65-8a24-af3164b91af5\engagement.db (pool_size=5)
2026-06-19 07:41:37 - huginn - INFO - EngagementDatabase schema created: C:\Users\allie\AppData\Local\Temp\pytest-of-allie\pytest-34\test_all_valid_transitions_suc0\engagements\3c084ab4-5b88-4a65-8a24-af3164b91af5\engagement.db
2026-06-19 07:41:37 - huginn - INFO - EngagementDatabase closed: C:\Users\allie\AppData\Local\Temp\pytest-of-allie\pytest-34\test_all_valid_transitions_suc0\engagements\3c084ab4-5b88-4a65-8a24-af3164b91af5\engagement.db (5 connections)
2026-06-19 07:41:37 - huginn - INFO - Engagement created: 3c084ab4-5b88-4a65-8a24-af3164b91af5 (active->reporting)
2026-06-19 07:41:37 - huginn - INFO - State transition: 3c084ab4-5b88-4a65-8a24-af3164b91af5 draft -> scoping
2026-06-19 07:41:37 - huginn - INFO - State transition: 3c084ab4-5b88-4a65-8a24-af3164b91af5 scoping -> active
2026-06-19 07:41:37 - huginn - INFO - State transition: 3c084ab4-5b88-4a65-8a24-af3164b91af5 active -> reporting
2026-06-19 07:41:37 - huginn - INFO - EngagementDatabase connected: C:\Users\allie\AppData\Local\Temp\pytest-of-allie\pytest-34\test_all_valid_transitions_suc0\engagements\2f946d72-956a-45a0-9c0f-bc52b64cc557\engagement.db (pool_size=5)
2026-06-19 07:41:37 - huginn - INFO - EngagementDatabase schema created: C:\Users\allie\AppData\Local\Temp\pytest-of-allie\pytest-34\test_all_valid_transitions_suc0\engagements\2f946d72-956a-45a0-9c0f-bc52b64cc557\engagement.db
2026-06-19 07:41:37 - huginn - INFO - EngagementDatabase closed: C:\Users\allie\AppData\Local\Temp\pytest-of-allie\pytest-34\test_all_valid_transitions_suc0\engagements\2f946d72-956a-45a0-9c0f-bc52b64cc557\engagement.db (5 connections)
2026-06-19 07:41:37 - huginn - INFO - Engagement created: 2f946d72-956a-45a0-9c0f-bc52b64cc557 (paused->active)
2026-06-19 07:41:37 - huginn - INFO - State transition: 2f946d72-956a-45a0-9c0f-bc52b64cc557 draft -> scoping
2026-06-19 07:41:37 - huginn - INFO - State transition: 2f946d72-956a-45a0-9c0f-bc52b64cc557 scoping -> active
2026-06-19 07:41:37 - huginn - INFO - State transition: 2f946d72-956a-45a0-9c0f-bc52b64cc557 active -> paused
2026-06-19 07:41:37 - huginn - INFO - State transition: 2f946d72-956a-45a0-9c0f-bc52b64cc557 paused -> active
2026-06-19 07:41:37 - huginn - INFO - EngagementDatabase connected: C:\Users\allie\AppData\Local\Temp\pytest-of-allie\pytest-34\test_all_valid_transitions_suc0\engagements\d56ee634-9bab-437c-9894-f8bc5a23a60c\engagement.db (pool_size=5)
2026-06-19 07:41:37 - huginn - INFO - EngagementDatabase schema created: C:\Users\allie\AppData\Local\Temp\pytest-of-allie\pytest-34\test_all_valid_transitions_suc0\engagements\d56ee634-9bab-437c-9894-f8bc5a23a60c\engagement.db
2026-06-19 07:41:37 - huginn - INFO - EngagementDatabase closed: C:\Users\allie\AppData\Local\Temp\pytest-of-allie\pytest-34\test_all_valid_transitions_suc0\engagements\d56ee634-9bab-437c-9894-f8bc5a23a60c\engagement.db (5 connections)
2026-06-19 07:41:37 - huginn - INFO - Engagement created: d56ee634-9bab-437c-9894-f8bc5a23a60c (paused->closed)
2026-06-19 07:41:37 - huginn - INFO - State transition: d56ee634-9bab-437c-9894-f8bc5a23a60c draft -> scoping
2026-06-19 07:41:37 - huginn - INFO - State transition: d56ee634-9bab-437c-9894-f8bc5a23a60c scoping -> active
2026-06-19 07:41:37 - huginn - INFO - State transition: d56ee634-9bab-437c-9894-f8bc5a23a60c active -> paused
2026-06-19 07:41:37 - huginn - INFO - State transition: d56ee634-9bab-437c-9894-f8bc5a23a60c paused -> closed
2026-06-19 07:41:37 - huginn - INFO - EngagementDatabase connected: C:\Users\allie\AppData\Local\Temp\pytest-of-allie\pytest-34\test_all_valid_transitions_suc0\engagements\3b6b8b68-74b0-4977-beb1-09ca75e3e7ce\engagement.db (pool_size=5)
2026-06-19 07:41:37 - huginn - INFO - EngagementDatabase schema created: C:\Users\allie\AppData\Local\Temp\pytest-of-allie\pytest-34\test_all_valid_transitions_suc0\engagements\3b6b8b68-74b0-4977-beb1-09ca75e3e7ce\engagement.db
2026-06-19 07:41:37 - huginn - INFO - EngagementDatabase closed: C:\Users\allie\AppData\Local\Temp\pytest-of-allie\pytest-34\test_all_valid_transitions_suc0\engagements\3b6b8b68-74b0-4977-beb1-09ca75e3e7ce\engagement.db (5 connections)
2026-06-19 07:41:37 - huginn - INFO - Engagement created: 3b6b8b68-74b0-4977-beb1-09ca75e3e7ce (retest->reporting)
2026-06-19 07:41:37 - huginn - INFO - State transition: 3b6b8b68-74b0-4977-beb1-09ca75e3e7ce draft -> scoping
2026-06-19 07:41:37 - huginn - INFO - State transition: 3b6b8b68-74b0-4977-beb1-09ca75e3e7ce scoping -> active
2026-06-19 07:41:37 - huginn - INFO - State transition: 3b6b8b68-74b0-4977-beb1-09ca75e3e7ce active -> retest
2026-06-19 07:41:37 - huginn - INFO - State transition: 3b6b8b68-74b0-4977-beb1-09ca75e3e7ce retest -> reporting
2026-06-19 07:41:37 - huginn - INFO - EngagementDatabase connected: C:\Users\allie\AppData\Local\Temp\pytest-of-allie\pytest-34\test_all_valid_transitions_suc0\engagements\2d4c0741-680d-4a41-949e-23411e796702\engagement.db (pool_size=5)
2026-06-19 07:41:37 - huginn - INFO - EngagementDatabase schema created: C:\Users\allie\AppData\Local\Temp\pytest-of-allie\pytest-34\test_all_valid_transitions_suc0\engagements\2d4c0741-680d-4a41-949e-23411e796702\engagement.db
2026-06-19 07:41:37 - huginn - INFO - EngagementDatabase closed: C:\Users\allie\AppData\Local\Temp\pytest-of-allie\pytest-34\test_all_valid_transitions_suc0\engagements\2d4c0741-680d-4a41-949e-23411e796702\engagement.db (5 connections)
2026-06-19 07:41:37 - huginn - INFO - Engagement created: 2d4c0741-680d-4a41-949e-23411e796702 (retest->active)
2026-06-19 07:41:37 - huginn - INFO - State transition: 2d4c0741-680d-4a41-949e-23411e796702 draft -> scoping
2026-06-19 07:41:37 - huginn - INFO - State transition: 2d4c0741-680d-4a41-949e-23411e796702 scoping -> active
2026-06-19 07:41:37 - huginn - INFO - State transition: 2d4c0741-680d-4a41-949e-23411e796702 active -> retest
2026-06-19 07:41:37 - huginn - INFO - State transition: 2d4c0741-680d-4a41-949e-23411e796702 retest -> active
2026-06-19 07:41:37 - huginn - INFO - EngagementDatabase connected: C:\Users\allie\AppData\Local\Temp\pytest-of-allie\pytest-34\test_all_valid_transitions_suc0\engagements\0f4bc24f-9438-495e-b39d-1bff6cac8666\engagement.db (pool_size=5)
2026-06-19 07:41:37 - huginn - INFO - EngagementDatabase schema created: C:\Users\allie\AppData\Local\Temp\pytest-of-allie\pytest-34\test_all_valid_transitions_suc0\engagements\0f4bc24f-9438-495e-b39d-1bff6cac8666\engagement.db
2026-06-19 07:41:37 - huginn - INFO - EngagementDatabase closed: C:\Users\allie\AppData\Local\Temp\pytest-of-allie\pytest-34\test_all_valid_transitions_suc0\engagements\0f4bc24f-9438-495e-b39d-1bff6cac8666\engagement.db (5 connections)
2026-06-19 07:41:37 - huginn - INFO - Engagement created: 0f4bc24f-9438-495e-b39d-1bff6cac8666 (reporting->closed)
2026-06-19 07:41:37 - huginn - INFO - State transition: 0f4bc24f-9438-495e-b39d-1bff6cac8666 draft -> scoping
2026-06-19 07:41:37 - huginn - INFO - State transition: 0f4bc24f-9438-495e-b39d-1bff6cac8666 scoping -> active
2026-06-19 07:41:37 - huginn - INFO - State transition: 0f4bc24f-9438-495e-b39d-1bff6cac8666 active -> reporting
2026-06-19 07:41:37 - huginn - INFO - State transition: 0f4bc24f-9438-495e-b39d-1bff6cac8666 reporting -> closed
2026-06-19 07:41:37 - huginn - INFO - EngagementDatabase connected: C:\Users\allie\AppData\Local\Temp\pytest-of-allie\pytest-34\test_all_valid_transitions_suc0\engagements\151684e9-b0ce-4f1a-847d-3d5f667f8f1c\engagement.db (pool_size=5)
2026-06-19 07:41:37 - huginn - INFO - EngagementDatabase schema created: C:\Users\allie\AppData\Local\Temp\pytest-of-allie\pytest-34\test_all_valid_transitions_suc0\engagements\151684e9-b0ce-4f1a-847d-3d5f667f8f1c\engagement.db
2026-06-19 07:41:37 - huginn - INFO - EngagementDatabase closed: C:\Users\allie\AppData\Local\Temp\pytest-of-allie\pytest-34\test_all_valid_transitions_suc0\engagements\151684e9-b0ce-4f1a-847d-3d5f667f8f1c\engagement.db (5 connections)
2026-06-19 07:41:37 - huginn - INFO - Engagement created: 151684e9-b0ce-4f1a-847d-3d5f667f8f1c (reporting->retest)
2026-06-19 07:41:37 - huginn - INFO - State transition: 151684e9-b0ce-4f1a-847d-3d5f667f8f1c draft -> scoping
2026-06-19 07:41:37 - huginn - INFO - State transition: 151684e9-b0ce-4f1a-847d-3d5f667f8f1c scoping -> active
2026-06-19 07:41:37 - huginn - INFO - State transition: 151684e9-b0ce-4f1a-847d-3d5f667f8f1c active -> reporting
2026-06-19 07:41:37 - huginn - INFO - State transition: 151684e9-b0ce-4f1a-847d-3d5f667f8f1c reporting -> retest
2026-06-19 07:41:37 - huginn - INFO - EngagementManager closed.
2026-06-19 07:41:37 - huginn - INFO - Master index schema initialized.
2026-06-19 07:41:37 - huginn - INFO - EngagementDatabase connected: C:\Users\allie\AppData\Local\Temp\pytest-of-allie\pytest-34\test_open_engagement_success0\engagements\ec70d3b9-1a1a-499d-962c-21ee536d3716\engagement.db (pool_size=5)
2026-06-19 07:41:37 - huginn - INFO - EngagementDatabase schema created: C:\Users\allie\AppData\Local\Temp\pytest-of-allie\pytest-34\test_open_engagement_success0\engagements\ec70d3b9-1a1a-499d-962c-21ee536d3716\engagement.db
2026-06-19 07:41:37 - huginn - INFO - EngagementDatabase closed: C:\Users\allie\AppData\Local\Temp\pytest-of-allie\pytest-34\test_open_engagement_success0\engagements\ec70d3b9-1a1a-499d-962c-21ee536d3716\engagement.db (5 connections)
2026-06-19 07:41:37 - huginn - INFO - Engagement created: ec70d3b9-1a1a-499d-962c-21ee536d3716 (Open Test)
2026-06-19 07:41:37 - huginn - INFO - EngagementDatabase connected: C:\Users\allie\AppData\Local\Temp\pytest-of-allie\pytest-34\test_open_engagement_success0\engagements\ec70d3b9-1a1a-499d-962c-21ee536d3716\engagement.db (pool_size=5)
2026-06-19 07:41:37 - huginn - INFO - Engagement opened: ec70d3b9-1a1a-499d-962c-21ee536d3716
2026-06-19 07:41:37 - huginn - INFO - EngagementDatabase closed: C:\Users\allie\AppData\Local\Temp\pytest-of-allie\pytest-34\test_open_engagement_success0\engagements\ec70d3b9-1a1a-499d-962c-21ee536d3716\engagement.db (5 connections)
2026-06-19 07:41:37 - huginn - INFO - Active engagement closed.
2026-06-19 07:41:37 - huginn - INFO - EngagementManager closed.
2026-06-19 07:41:37 - huginn - INFO - Master index schema initialized.
2026-06-19 07:41:37 - huginn - ERROR - Engagement not found: nonexistent-id
2026-06-19 07:41:37 - huginn - INFO - EngagementManager closed.
2026-06-19 07:41:37 - huginn - INFO - Master index schema initialized.
2026-06-19 07:41:37 - huginn - INFO - EngagementDatabase connected: C:\Users\allie\AppData\Local\Temp\pytest-of-allie\pytest-34\test_open_closes_previous_enga0\engagements\6de5bfcc-b65a-4127-a5e2-517409aa8887\engagement.db (pool_size=5)
2026-06-19 07:41:37 - huginn - INFO - EngagementDatabase schema created: C:\Users\allie\AppData\Local\Temp\pytest-of-allie\pytest-34\test_open_closes_previous_enga0\engagements\6de5bfcc-b65a-4127-a5e2-517409aa8887\engagement.db
2026-06-19 07:41:37 - huginn - INFO - EngagementDatabase closed: C:\Users\allie\AppData\Local\Temp\pytest-of-allie\pytest-34\test_open_closes_previous_enga0\engagements\6de5bfcc-b65a-4127-a5e2-517409aa8887\engagement.db (5 connections)
2026-06-19 07:41:37 - huginn - INFO - Engagement created: 6de5bfcc-b65a-4127-a5e2-517409aa8887 (First)
2026-06-19 07:41:37 - huginn - INFO - EngagementDatabase connected: C:\Users\allie\AppData\Local\Temp\pytest-of-allie\pytest-34\test_open_closes_previous_enga0\engagements\87b279b8-7168-4d3d-9806-30754ecae53a\engagement.db (pool_size=5)
2026-06-19 07:41:37 - huginn - INFO - EngagementDatabase schema created: C:\Users\allie\AppData\Local\Temp\pytest-of-allie\pytest-34\test_open_closes_previous_enga0\engagements\87b279b8-7168-4d3d-9806-30754ecae53a\engagement.db
2026-06-19 07:41:37 - huginn - INFO - EngagementDatabase closed: C:\Users\allie\AppData\Local\Temp\pytest-of-allie\pytest-34\test_open_closes_previous_enga0\engagements\87b279b8-7168-4d3d-9806-30754ecae53a\engagement.db (5 connections)
2026-06-19 07:41:37 - huginn - INFO - Engagement created: 87b279b8-7168-4d3d-9806-30754ecae53a (Second)
2026-06-19 07:41:37 - huginn - INFO - EngagementDatabase connected: C:\Users\allie\AppData\Local\Temp\pytest-of-allie\pytest-34\test_open_closes_previous_enga0\engagements\6de5bfcc-b65a-4127-a5e2-517409aa8887\engagement.db (pool_size=5)
2026-06-19 07:41:37 - huginn - INFO - Engagement opened: 6de5bfcc-b65a-4127-a5e2-517409aa8887
2026-06-19 07:41:37 - huginn - INFO - EngagementDatabase closed: C:\Users\allie\AppData\Local\Temp\pytest-of-allie\pytest-34\test_open_closes_previous_enga0\engagements\6de5bfcc-b65a-4127-a5e2-517409aa8887\engagement.db (5 connections)
2026-06-19 07:41:37 - huginn - INFO - EngagementDatabase connected: C:\Users\allie\AppData\Local\Temp\pytest-of-allie\pytest-34\test_open_closes_previous_enga0\engagements\87b279b8-7168-4d3d-9806-30754ecae53a\engagement.db (pool_size=5)
2026-06-19 07:41:37 - huginn - INFO - Engagement opened: 87b279b8-7168-4d3d-9806-30754ecae53a
2026-06-19 07:41:37 - huginn - INFO - EngagementDatabase closed: C:\Users\allie\AppData\Local\Temp\pytest-of-allie\pytest-34\test_open_closes_previous_enga0\engagements\87b279b8-7168-4d3d-9806-30754ecae53a\engagement.db (5 connections)
2026-06-19 07:41:37 - huginn - INFO - Active engagement closed.
2026-06-19 07:41:37 - huginn - INFO - EngagementManager closed.
2026-06-19 07:41:37 - huginn - INFO - Master index schema initialized.
2026-06-19 07:41:37 - huginn - INFO - EngagementDatabase connected: C:\Users\allie\AppData\Local\Temp\pytest-of-allie\pytest-34\test_add_and_get_document0\engagements\1b839d61-2de5-49b6-b756-6e6707374d55\engagement.db (pool_size=5)
2026-06-19 07:41:37 - huginn - INFO - EngagementDatabase schema created: C:\Users\allie\AppData\Local\Temp\pytest-of-allie\pytest-34\test_add_and_get_document0\engagements\1b839d61-2de5-49b6-b756-6e6707374d55\engagement.db
2026-06-19 07:41:37 - huginn - INFO - EngagementDatabase closed: C:\Users\allie\AppData\Local\Temp\pytest-of-allie\pytest-34\test_add_and_get_document0\engagements\1b839d61-2de5-49b6-b756-6e6707374d55\engagement.db (5 connections)
2026-06-19 07:41:37 - huginn - INFO - Engagement created: 1b839d61-2de5-49b6-b756-6e6707374d55 (Doc Test)
2026-06-19 07:41:37 - huginn - INFO - EngagementDatabase connected: C:\Users\allie\AppData\Local\Temp\pytest-of-allie\pytest-34\test_add_and_get_document0\engagements\1b839d61-2de5-49b6-b756-6e6707374d55\engagement.db (pool_size=5)
2026-06-19 07:41:37 - huginn - INFO - Engagement opened: 1b839d61-2de5-49b6-b756-6e6707374d55
2026-06-19 07:41:37 - huginn - DEBUG - Document added: scope.pdf (type=scope)
2026-06-19 07:41:37 - huginn - INFO - EngagementDatabase closed: C:\Users\allie\AppData\Local\Temp\pytest-of-allie\pytest-34\test_add_and_get_document0\engagements\1b839d61-2de5-49b6-b756-6e6707374d55\engagement.db (5 connections)
2026-06-19 07:41:37 - huginn - INFO - Active engagement closed.
2026-06-19 07:41:37 - huginn - INFO - EngagementManager closed.
2026-06-19 07:41:37 - huginn - INFO - Master index schema initialized.
2026-06-19 07:41:37 - huginn - INFO - EngagementDatabase connected: C:\Users\allie\AppData\Local\Temp\pytest-of-allie\pytest-34\test_get_document_content0\engagements\878518ac-15ee-4f35-95c8-bd7e9431053c\engagement.db (pool_size=5)
2026-06-19 07:41:37 - huginn - INFO - EngagementDatabase schema created: C:\Users\allie\AppData\Local\Temp\pytest-of-allie\pytest-34\test_get_document_content0\engagements\878518ac-15ee-4f35-95c8-bd7e9431053c\engagement.db
2026-06-19 07:41:37 - huginn - INFO - EngagementDatabase closed: C:\Users\allie\AppData\Local\Temp\pytest-of-allie\pytest-34\test_get_document_content0\engagements\878518ac-15ee-4f35-95c8-bd7e9431053c\engagement.db (5 connections)
2026-06-19 07:41:37 - huginn - INFO - Engagement created: 878518ac-15ee-4f35-95c8-bd7e9431053c (Doc Test)
2026-06-19 07:41:37 - huginn - INFO - EngagementDatabase connected: C:\Users\allie\AppData\Local\Temp\pytest-of-allie\pytest-34\test_get_document_content0\engagements\878518ac-15ee-4f35-95c8-bd7e9431053c\engagement.db (pool_size=5)
2026-06-19 07:41:37 - huginn - INFO - Engagement opened: 878518ac-15ee-4f35-95c8-bd7e9431053c
2026-06-19 07:41:37 - huginn - DEBUG - Document added: test.bin (type=other)
2026-06-19 07:41:37 - huginn - INFO - EngagementDatabase closed: C:\Users\allie\AppData\Local\Temp\pytest-of-allie\pytest-34\test_get_document_content0\engagements\878518ac-15ee-4f35-95c8-bd7e9431053c\engagement.db (5 connections)
2026-06-19 07:41:37 - huginn - INFO - Active engagement closed.
2026-06-19 07:41:37 - huginn - INFO - EngagementManager closed.
2026-06-19 07:41:37 - huginn - INFO - Master index schema initialized.
2026-06-19 07:41:37 - huginn - INFO - EngagementDatabase connected: C:\Users\allie\AppData\Local\Temp\pytest-of-allie\pytest-34\test_filter_documents_by_type0\engagements\cd41bec3-86b2-4234-9c53-bf113076f2e4\engagement.db (pool_size=5)
2026-06-19 07:41:37 - huginn - INFO - EngagementDatabase schema created: C:\Users\allie\AppData\Local\Temp\pytest-of-allie\pytest-34\test_filter_documents_by_type0\engagements\cd41bec3-86b2-4234-9c53-bf113076f2e4\engagement.db
2026-06-19 07:41:37 - huginn - INFO - EngagementDatabase closed: C:\Users\allie\AppData\Local\Temp\pytest-of-allie\pytest-34\test_filter_documents_by_type0\engagements\cd41bec3-86b2-4234-9c53-bf113076f2e4\engagement.db (5 connections)
2026-06-19 07:41:37 - huginn - INFO - Engagement created: cd41bec3-86b2-4234-9c53-bf113076f2e4 (Doc Test)
2026-06-19 07:41:37 - huginn - INFO - EngagementDatabase connected: C:\Users\allie\AppData\Local\Temp\pytest-of-allie\pytest-34\test_filter_documents_by_type0\engagements\cd41bec3-86b2-4234-9c53-bf113076f2e4\engagement.db (pool_size=5)
2026-06-19 07:41:37 - huginn - INFO - Engagement opened: cd41bec3-86b2-4234-9c53-bf113076f2e4
2026-06-19 07:41:37 - huginn - DEBUG - Document added: scope.pdf (type=scope)
2026-06-19 07:41:37 - huginn - DEBUG - Document added: nda.pdf (type=nda)
2026-06-19 07:41:37 - huginn - INFO - EngagementDatabase closed: C:\Users\allie\AppData\Local\Temp\pytest-of-allie\pytest-34\test_filter_documents_by_type0\engagements\cd41bec3-86b2-4234-9c53-bf113076f2e4\engagement.db (5 connections)
2026-06-19 07:41:37 - huginn - INFO - Active engagement closed.
2026-06-19 07:41:37 - huginn - INFO - EngagementManager closed.
2026-06-19 07:41:37 - huginn - INFO - Master index schema initialized.
2026-06-19 07:41:37 - huginn - INFO - EngagementDatabase connected: C:\Users\allie\AppData\Local\Temp\pytest-of-allie\pytest-34\test_delete_document0\engagements\d1155495-a434-4021-b70d-05f2bac204fa\engagement.db (pool_size=5)
2026-06-19 07:41:37 - huginn - INFO - EngagementDatabase schema created: C:\Users\allie\AppData\Local\Temp\pytest-of-allie\pytest-34\test_delete_document0\engagements\d1155495-a434-4021-b70d-05f2bac204fa\engagement.db
2026-06-19 07:41:37 - huginn - INFO - EngagementDatabase closed: C:\Users\allie\AppData\Local\Temp\pytest-of-allie\pytest-34\test_delete_document0\engagements\d1155495-a434-4021-b70d-05f2bac204fa\engagement.db (5 connections)
2026-06-19 07:41:37 - huginn - INFO - Engagement created: d1155495-a434-4021-b70d-05f2bac204fa (Doc Test)
2026-06-19 07:41:37 - huginn - INFO - EngagementDatabase connected: C:\Users\allie\AppData\Local\Temp\pytest-of-allie\pytest-34\test_delete_document0\engagements\d1155495-a434-4021-b70d-05f2bac204fa\engagement.db (pool_size=5)
2026-06-19 07:41:37 - huginn - INFO - Engagement opened: d1155495-a434-4021-b70d-05f2bac204fa
2026-06-19 07:41:37 - huginn - DEBUG - Document added: del.pdf (type=other)
2026-06-19 07:41:37 - huginn - INFO - EngagementDatabase closed: C:\Users\allie\AppData\Local\Temp\pytest-of-allie\pytest-34\test_delete_document0\engagements\d1155495-a434-4021-b70d-05f2bac204fa\engagement.db (5 connections)
2026-06-19 07:41:37 - huginn - INFO - Active engagement closed.
2026-06-19 07:41:37 - huginn - INFO - EngagementManager closed.
2026-06-19 07:41:37 - huginn - INFO - Master index schema initialized.
2026-06-19 07:41:37 - huginn - INFO - EngagementDatabase connected: C:\Users\allie\AppData\Local\Temp\pytest-of-allie\pytest-34\test_add_and_list_contacts0\engagements\ee2d7e48-9dad-4d8e-b2b3-db931d42efb0\engagement.db (pool_size=5)
2026-06-19 07:41:37 - huginn - INFO - EngagementDatabase schema created: C:\Users\allie\AppData\Local\Temp\pytest-of-allie\pytest-34\test_add_and_list_contacts0\engagements\ee2d7e48-9dad-4d8e-b2b3-db931d42efb0\engagement.db
2026-06-19 07:41:37 - huginn - INFO - EngagementDatabase closed: C:\Users\allie\AppData\Local\Temp\pytest-of-allie\pytest-34\test_add_and_list_contacts0\engagements\ee2d7e48-9dad-4d8e-b2b3-db931d42efb0\engagement.db (5 connections)
2026-06-19 07:41:37 - huginn - INFO - Engagement created: ee2d7e48-9dad-4d8e-b2b3-db931d42efb0 (Contact Test)
2026-06-19 07:41:37 - huginn - INFO - EngagementDatabase connected: C:\Users\allie\AppData\Local\Temp\pytest-of-allie\pytest-34\test_add_and_list_contacts0\engagements\ee2d7e48-9dad-4d8e-b2b3-db931d42efb0\engagement.db (pool_size=5)
2026-06-19 07:41:37 - huginn - INFO - Engagement opened: ee2d7e48-9dad-4d8e-b2b3-db931d42efb0
2026-06-19 07:41:37 - huginn - DEBUG - Contact added: John Doe (CTO)
2026-06-19 07:41:37 - huginn - INFO - EngagementDatabase closed: C:\Users\allie\AppData\Local\Temp\pytest-of-allie\pytest-34\test_add_and_list_contacts0\engagements\ee2d7e48-9dad-4d8e-b2b3-db931d42efb0\engagement.db (5 connections)
2026-06-19 07:41:37 - huginn - INFO - Active engagement closed.
2026-06-19 07:41:37 - huginn - INFO - EngagementManager closed.
2026-06-19 07:41:37 - huginn - INFO - Master index schema initialized.
2026-06-19 07:41:37 - huginn - INFO - EngagementDatabase connected: C:\Users\allie\AppData\Local\Temp\pytest-of-allie\pytest-34\test_update_contact0\engagements\102801ec-d5c1-473b-bd5c-381821bc4009\engagement.db (pool_size=5)
2026-06-19 07:41:37 - huginn - INFO - EngagementDatabase schema created: C:\Users\allie\AppData\Local\Temp\pytest-of-allie\pytest-34\test_update_contact0\engagements\102801ec-d5c1-473b-bd5c-381821bc4009\engagement.db
2026-06-19 07:41:37 - huginn - INFO - EngagementDatabase closed: C:\Users\allie\AppData\Local\Temp\pytest-of-allie\pytest-34\test_update_contact0\engagements\102801ec-d5c1-473b-bd5c-381821bc4009\engagement.db (5 connections)
2026-06-19 07:41:37 - huginn - INFO - Engagement created: 102801ec-d5c1-473b-bd5c-381821bc4009 (Contact Test)
2026-06-19 07:41:37 - huginn - INFO - EngagementDatabase connected: C:\Users\allie\AppData\Local\Temp\pytest-of-allie\pytest-34\test_update_contact0\engagements\102801ec-d5c1-473b-bd5c-381821bc4009\engagement.db (pool_size=5)
2026-06-19 07:41:37 - huginn - INFO - Engagement opened: 102801ec-d5c1-473b-bd5c-381821bc4009
2026-06-19 07:41:37 - huginn - DEBUG - Contact added: Jane (PM)
2026-06-19 07:41:37 - huginn - INFO - EngagementDatabase closed: C:\Users\allie\AppData\Local\Temp\pytest-of-allie\pytest-34\test_update_contact0\engagements\102801ec-d5c1-473b-bd5c-381821bc4009\engagement.db (5 connections)
2026-06-19 07:41:37 - huginn - INFO - Active engagement closed.
2026-06-19 07:41:37 - huginn - INFO - EngagementManager closed.
2026-06-19 07:41:37 - huginn - INFO - Master index schema initialized.
2026-06-19 07:41:37 - huginn - INFO - EngagementDatabase connected: C:\Users\allie\AppData\Local\Temp\pytest-of-allie\pytest-34\test_delete_contact0\engagements\73af5fbd-04c3-462f-bf7b-573c2618ce83\engagement.db (pool_size=5)
2026-06-19 07:41:37 - huginn - INFO - EngagementDatabase schema created: C:\Users\allie\AppData\Local\Temp\pytest-of-allie\pytest-34\test_delete_contact0\engagements\73af5fbd-04c3-462f-bf7b-573c2618ce83\engagement.db
2026-06-19 07:41:37 - huginn - INFO - EngagementDatabase closed: C:\Users\allie\AppData\Local\Temp\pytest-of-allie\pytest-34\test_delete_contact0\engagements\73af5fbd-04c3-462f-bf7b-573c2618ce83\engagement.db (5 connections)
2026-06-19 07:41:37 - huginn - INFO - Engagement created: 73af5fbd-04c3-462f-bf7b-573c2618ce83 (Contact Test)
2026-06-19 07:41:37 - huginn - INFO - EngagementDatabase connected: C:\Users\allie\AppData\Local\Temp\pytest-of-allie\pytest-34\test_delete_contact0\engagements\73af5fbd-04c3-462f-bf7b-573c2618ce83\engagement.db (pool_size=5)
2026-06-19 07:41:37 - huginn - INFO - Engagement opened: 73af5fbd-04c3-462f-bf7b-573c2618ce83
2026-06-19 07:41:37 - huginn - DEBUG - Contact added: Delete Me (None)
2026-06-19 07:41:37 - huginn - INFO - EngagementDatabase closed: C:\Users\allie\AppData\Local\Temp\pytest-of-allie\pytest-34\test_delete_contact0\engagements\73af5fbd-04c3-462f-bf7b-573c2618ce83\engagement.db (5 connections)
2026-06-19 07:41:37 - huginn - INFO - Active engagement closed.
2026-06-19 07:41:37 - huginn - INFO - EngagementManager closed.
2026-06-19 07:41:37 - huginn - INFO - Master index schema initialized.
2026-06-19 07:41:37 - huginn - INFO - EngagementDatabase connected: C:\Users\allie\AppData\Local\Temp\pytest-of-allie\pytest-34\test_set_and_get_roe0\engagements\8d5643b0-4b0d-4e67-83d6-a348400d19b1\engagement.db (pool_size=5)
2026-06-19 07:41:37 - huginn - INFO - EngagementDatabase schema created: C:\Users\allie\AppData\Local\Temp\pytest-of-allie\pytest-34\test_set_and_get_roe0\engagements\8d5643b0-4b0d-4e67-83d6-a348400d19b1\engagement.db
2026-06-19 07:41:37 - huginn - INFO - EngagementDatabase closed: C:\Users\allie\AppData\Local\Temp\pytest-of-allie\pytest-34\test_set_and_get_roe0\engagements\8d5643b0-4b0d-4e67-83d6-a348400d19b1\engagement.db (5 connections)
2026-06-19 07:41:37 - huginn - INFO - Engagement created: 8d5643b0-4b0d-4e67-83d6-a348400d19b1 (RoE Test)
2026-06-19 07:41:37 - huginn - INFO - EngagementDatabase connected: C:\Users\allie\AppData\Local\Temp\pytest-of-allie\pytest-34\test_set_and_get_roe0\engagements\8d5643b0-4b0d-4e67-83d6-a348400d19b1\engagement.db (pool_size=5)
2026-06-19 07:41:37 - huginn - INFO - Engagement opened: 8d5643b0-4b0d-4e67-83d6-a348400d19b1
2026-06-19 07:41:37 - huginn - INFO - EngagementDatabase closed: C:\Users\allie\AppData\Local\Temp\pytest-of-allie\pytest-34\test_set_and_get_roe0\engagements\8d5643b0-4b0d-4e67-83d6-a348400d19b1\engagement.db (5 connections)
2026-06-19 07:41:37 - huginn - INFO - Active engagement closed.
2026-06-19 07:41:37 - huginn - INFO - EngagementManager closed.
2026-06-19 07:41:37 - huginn - INFO - Master index schema initialized.
2026-06-19 07:41:37 - huginn - INFO - EngagementDatabase connected: C:\Users\allie\AppData\Local\Temp\pytest-of-allie\pytest-34\test_update_roe_overwrites0\engagements\be18830b-0b17-4ea7-8792-6f202355d3fe\engagement.db (pool_size=5)
2026-06-19 07:41:37 - huginn - INFO - EngagementDatabase schema created: C:\Users\allie\AppData\Local\Temp\pytest-of-allie\pytest-34\test_update_roe_overwrites0\engagements\be18830b-0b17-4ea7-8792-6f202355d3fe\engagement.db
2026-06-19 07:41:37 - huginn - INFO - EngagementDatabase closed: C:\Users\allie\AppData\Local\Temp\pytest-of-allie\pytest-34\test_update_roe_overwrites0\engagements\be18830b-0b17-4ea7-8792-6f202355d3fe\engagement.db (5 connections)
2026-06-19 07:41:37 - huginn - INFO - Engagement created: be18830b-0b17-4ea7-8792-6f202355d3fe (RoE Test)
2026-06-19 07:41:37 - huginn - INFO - EngagementDatabase connected: C:\Users\allie\AppData\Local\Temp\pytest-of-allie\pytest-34\test_update_roe_overwrites0\engagements\be18830b-0b17-4ea7-8792-6f202355d3fe\engagement.db (pool_size=5)
2026-06-19 07:41:37 - huginn - INFO - Engagement opened: be18830b-0b17-4ea7-8792-6f202355d3fe
2026-06-19 07:41:37 - huginn - INFO - EngagementDatabase closed: C:\Users\allie\AppData\Local\Temp\pytest-of-allie\pytest-34\test_update_roe_overwrites0\engagements\be18830b-0b17-4ea7-8792-6f202355d3fe\engagement.db (5 connections)
2026-06-19 07:41:37 - huginn - INFO - Active engagement closed.
2026-06-19 07:41:37 - huginn - INFO - EngagementManager closed.
2026-06-19 07:41:37 - huginn - INFO - Master index schema initialized.
2026-06-19 07:41:37 - huginn - INFO - EngagementDatabase connected: C:\Users\allie\AppData\Local\Temp\pytest-of-allie\pytest-34\test_get_roe_returns_none_when0\engagements\6f023cae-b238-4d8a-83f1-cbff4ea51c87\engagement.db (pool_size=5)
2026-06-19 07:41:37 - huginn - INFO - EngagementDatabase schema created: C:\Users\allie\AppData\Local\Temp\pytest-of-allie\pytest-34\test_get_roe_returns_none_when0\engagements\6f023cae-b238-4d8a-83f1-cbff4ea51c87\engagement.db
2026-06-19 07:41:37 - huginn - INFO - EngagementDatabase closed: C:\Users\allie\AppData\Local\Temp\pytest-of-allie\pytest-34\test_get_roe_returns_none_when0\engagements\6f023cae-b238-4d8a-83f1-cbff4ea51c87\engagement.db (5 connections)
2026-06-19 07:41:37 - huginn - INFO - Engagement created: 6f023cae-b238-4d8a-83f1-cbff4ea51c87 (RoE Test)
2026-06-19 07:41:37 - huginn - INFO - EngagementDatabase connected: C:\Users\allie\AppData\Local\Temp\pytest-of-allie\pytest-34\test_get_roe_returns_none_when0\engagements\6f023cae-b238-4d8a-83f1-cbff4ea51c87\engagement.db (pool_size=5)
2026-06-19 07:41:37 - huginn - INFO - Engagement opened: 6f023cae-b238-4d8a-83f1-cbff4ea51c87
2026-06-19 07:41:37 - huginn - INFO - EngagementDatabase closed: C:\Users\allie\AppData\Local\Temp\pytest-of-allie\pytest-34\test_get_roe_returns_none_when0\engagements\6f023cae-b238-4d8a-83f1-cbff4ea51c87\engagement.db (5 connections)
2026-06-19 07:41:37 - huginn - INFO - Active engagement closed.
2026-06-19 07:41:37 - huginn - INFO - EngagementManager closed.
2026-06-19 07:41:38 - huginn - INFO - Master index schema initialized.
2026-06-19 07:41:38 - huginn - INFO - EngagementDatabase connected: C:\Users\allie\AppData\Local\Temp\pytest-of-allie\pytest-34\test_add_and_list_milestones0\engagements\aaccbffe-f1b3-4f68-9e3f-ae738b7146c3\engagement.db (pool_size=5)
2026-06-19 07:41:38 - huginn - INFO - EngagementDatabase schema created: C:\Users\allie\AppData\Local\Temp\pytest-of-allie\pytest-34\test_add_and_list_milestones0\engagements\aaccbffe-f1b3-4f68-9e3f-ae738b7146c3\engagement.db
2026-06-19 07:41:38 - huginn - INFO - EngagementDatabase closed: C:\Users\allie\AppData\Local\Temp\pytest-of-allie\pytest-34\test_add_and_list_milestones0\engagements\aaccbffe-f1b3-4f68-9e3f-ae738b7146c3\engagement.db (5 connections)
2026-06-19 07:41:38 - huginn - INFO - Engagement created: aaccbffe-f1b3-4f68-9e3f-ae738b7146c3 (Milestone Test)
2026-06-19 07:41:38 - huginn - INFO - EngagementDatabase connected: C:\Users\allie\AppData\Local\Temp\pytest-of-allie\pytest-34\test_add_and_list_milestones0\engagements\aaccbffe-f1b3-4f68-9e3f-ae738b7146c3\engagement.db (pool_size=5)
2026-06-19 07:41:38 - huginn - INFO - Engagement opened: aaccbffe-f1b3-4f68-9e3f-ae738b7146c3
2026-06-19 07:41:38 - huginn - DEBUG - Milestone added: Kickoff (planned_start)
2026-06-19 07:41:38 - huginn - INFO - EngagementDatabase closed: C:\Users\allie\AppData\Local\Temp\pytest-of-allie\pytest-34\test_add_and_list_milestones0\engagements\aaccbffe-f1b3-4f68-9e3f-ae738b7146c3\engagement.db (5 connections)
2026-06-19 07:41:38 - huginn - INFO - Active engagement closed.
2026-06-19 07:41:38 - huginn - INFO - EngagementManager closed.
2026-06-19 07:41:38 - huginn - INFO - Master index schema initialized.
2026-06-19 07:41:38 - huginn - INFO - EngagementDatabase connected: C:\Users\allie\AppData\Local\Temp\pytest-of-allie\pytest-34\test_milestones_ordered_by_dat0\engagements\793bb48a-0ad0-4218-bec6-a88fac14bb3a\engagement.db (pool_size=5)
2026-06-19 07:41:38 - huginn - INFO - EngagementDatabase schema created: C:\Users\allie\AppData\Local\Temp\pytest-of-allie\pytest-34\test_milestones_ordered_by_dat0\engagements\793bb48a-0ad0-4218-bec6-a88fac14bb3a\engagement.db
2026-06-19 07:41:38 - huginn - INFO - EngagementDatabase closed: C:\Users\allie\AppData\Local\Temp\pytest-of-allie\pytest-34\test_milestones_ordered_by_dat0\engagements\793bb48a-0ad0-4218-bec6-a88fac14bb3a\engagement.db (5 connections)
2026-06-19 07:41:38 - huginn - INFO - Engagement created: 793bb48a-0ad0-4218-bec6-a88fac14bb3a (Milestone Test)
2026-06-19 07:41:38 - huginn - INFO - EngagementDatabase connected: C:\Users\allie\AppData\Local\Temp\pytest-of-allie\pytest-34\test_milestones_ordered_by_dat0\engagements\793bb48a-0ad0-4218-bec6-a88fac14bb3a\engagement.db (pool_size=5)
2026-06-19 07:41:38 - huginn - INFO - Engagement opened: 793bb48a-0ad0-4218-bec6-a88fac14bb3a
2026-06-19 07:41:38 - huginn - DEBUG - Milestone added: End (planned_end)
2026-06-19 07:41:38 - huginn - DEBUG - Milestone added: Start (planned_start)
2026-06-19 07:41:38 - huginn - DEBUG - Milestone added: Mid (checkpoint)
2026-06-19 07:41:38 - huginn - INFO - EngagementDatabase closed: C:\Users\allie\AppData\Local\Temp\pytest-of-allie\pytest-34\test_milestones_ordered_by_dat0\engagements\793bb48a-0ad0-4218-bec6-a88fac14bb3a\engagement.db (5 connections)
2026-06-19 07:41:38 - huginn - INFO - Active engagement closed.
2026-06-19 07:41:38 - huginn - INFO - EngagementManager closed.
2026-06-19 07:41:38 - huginn - INFO - Master index schema initialized.
2026-06-19 07:41:38 - huginn - INFO - EngagementDatabase connected: C:\Users\allie\AppData\Local\Temp\pytest-of-allie\pytest-34\test_update_milestone0\engagements\69052c75-bb26-4ecc-a9f6-b15c15e7f52d\engagement.db (pool_size=5)
2026-06-19 07:41:38 - huginn - INFO - EngagementDatabase schema created: C:\Users\allie\AppData\Local\Temp\pytest-of-allie\pytest-34\test_update_milestone0\engagements\69052c75-bb26-4ecc-a9f6-b15c15e7f52d\engagement.db
2026-06-19 07:41:38 - huginn - INFO - EngagementDatabase closed: C:\Users\allie\AppData\Local\Temp\pytest-of-allie\pytest-34\test_update_milestone0\engagements\69052c75-bb26-4ecc-a9f6-b15c15e7f52d\engagement.db (5 connections)
2026-06-19 07:41:38 - huginn - INFO - Engagement created: 69052c75-bb26-4ecc-a9f6-b15c15e7f52d (Milestone Test)
2026-06-19 07:41:38 - huginn - INFO - EngagementDatabase connected: C:\Users\allie\AppData\Local\Temp\pytest-of-allie\pytest-34\test_update_milestone0\engagements\69052c75-bb26-4ecc-a9f6-b15c15e7f52d\engagement.db (pool_size=5)
2026-06-19 07:41:38 - huginn - INFO - Engagement opened: 69052c75-bb26-4ecc-a9f6-b15c15e7f52d
2026-06-19 07:41:38 - huginn - DEBUG - Milestone added: Old Name (checkpoint)
2026-06-19 07:41:38 - huginn - INFO - EngagementDatabase closed: C:\Users\allie\AppData\Local\Temp\pytest-of-allie\pytest-34\test_update_milestone0\engagements\69052c75-bb26-4ecc-a9f6-b15c15e7f52d\engagement.db (5 connections)
2026-06-19 07:41:38 - huginn - INFO - Active engagement closed.
2026-06-19 07:41:38 - huginn - INFO - EngagementManager closed.
2026-06-19 07:41:38 - huginn - INFO - Master index schema initialized.
2026-06-19 07:41:38 - huginn - INFO - EngagementDatabase connected: C:\Users\allie\AppData\Local\Temp\pytest-of-allie\pytest-34\test_delete_milestone0\engagements\0ca827c8-3576-4662-9609-077901abf920\engagement.db (pool_size=5)
2026-06-19 07:41:38 - huginn - INFO - EngagementDatabase schema created: C:\Users\allie\AppData\Local\Temp\pytest-of-allie\pytest-34\test_delete_milestone0\engagements\0ca827c8-3576-4662-9609-077901abf920\engagement.db
2026-06-19 07:41:38 - huginn - INFO - EngagementDatabase closed: C:\Users\allie\AppData\Local\Temp\pytest-of-allie\pytest-34\test_delete_milestone0\engagements\0ca827c8-3576-4662-9609-077901abf920\engagement.db (5 connections)
2026-06-19 07:41:38 - huginn - INFO - Engagement created: 0ca827c8-3576-4662-9609-077901abf920 (Milestone Test)
2026-06-19 07:41:38 - huginn - INFO - EngagementDatabase connected: C:\Users\allie\AppData\Local\Temp\pytest-of-allie\pytest-34\test_delete_milestone0\engagements\0ca827c8-3576-4662-9609-077901abf920\engagement.db (pool_size=5)
2026-06-19 07:41:38 - huginn - INFO - Engagement opened: 0ca827c8-3576-4662-9609-077901abf920
2026-06-19 07:41:38 - huginn - DEBUG - Milestone added: Remove (checkpoint)
2026-06-19 07:41:38 - huginn - INFO - EngagementDatabase closed: C:\Users\allie\AppData\Local\Temp\pytest-of-allie\pytest-34\test_delete_milestone0\engagements\0ca827c8-3576-4662-9609-077901abf920\engagement.db (5 connections)
2026-06-19 07:41:38 - huginn - INFO - Active engagement closed.
2026-06-19 07:41:38 - huginn - INFO - EngagementManager closed.
2026-06-19 07:41:38 - huginn - INFO - Master index schema initialized.
2026-06-19 07:41:38 - huginn - INFO - EngagementDatabase connected: C:\Users\allie\AppData\Local\Temp\pytest-of-allie\pytest-34\test_engagement_created_signal0\engagements\2d8975ea-1e26-4e7f-80e7-cb789abaf939\engagement.db (pool_size=5)
2026-06-19 07:41:38 - huginn - INFO - EngagementDatabase schema created: C:\Users\allie\AppData\Local\Temp\pytest-of-allie\pytest-34\test_engagement_created_signal0\engagements\2d8975ea-1e26-4e7f-80e7-cb789abaf939\engagement.db
2026-06-19 07:41:38 - huginn - INFO - EngagementDatabase closed: C:\Users\allie\AppData\Local\Temp\pytest-of-allie\pytest-34\test_engagement_created_signal0\engagements\2d8975ea-1e26-4e7f-80e7-cb789abaf939\engagement.db (5 connections)
2026-06-19 07:41:38 - huginn - INFO - Engagement created: 2d8975ea-1e26-4e7f-80e7-cb789abaf939 (Signal)
2026-06-19 07:41:38 - huginn - INFO - EngagementManager closed.
2026-06-19 07:41:38 - huginn - INFO - Master index schema initialized.
2026-06-19 07:41:38 - huginn - INFO - EngagementDatabase connected: C:\Users\allie\AppData\Local\Temp\pytest-of-allie\pytest-34\test_engagement_opened_signal0\engagements\3507600e-6649-4899-bec1-34a401da8d7d\engagement.db (pool_size=5)
2026-06-19 07:41:38 - huginn - INFO - EngagementDatabase schema created: C:\Users\allie\AppData\Local\Temp\pytest-of-allie\pytest-34\test_engagement_opened_signal0\engagements\3507600e-6649-4899-bec1-34a401da8d7d\engagement.db
2026-06-19 07:41:38 - huginn - INFO - EngagementDatabase closed: C:\Users\allie\AppData\Local\Temp\pytest-of-allie\pytest-34\test_engagement_opened_signal0\engagements\3507600e-6649-4899-bec1-34a401da8d7d\engagement.db (5 connections)
2026-06-19 07:41:38 - huginn - INFO - Engagement created: 3507600e-6649-4899-bec1-34a401da8d7d (Signal Open)
2026-06-19 07:41:38 - huginn - INFO - EngagementDatabase connected: C:\Users\allie\AppData\Local\Temp\pytest-of-allie\pytest-34\test_engagement_opened_signal0\engagements\3507600e-6649-4899-bec1-34a401da8d7d\engagement.db (pool_size=5)
2026-06-19 07:41:38 - huginn - INFO - Engagement opened: 3507600e-6649-4899-bec1-34a401da8d7d
2026-06-19 07:41:38 - huginn - INFO - EngagementDatabase closed: C:\Users\allie\AppData\Local\Temp\pytest-of-allie\pytest-34\test_engagement_opened_signal0\engagements\3507600e-6649-4899-bec1-34a401da8d7d\engagement.db (5 connections)
2026-06-19 07:41:38 - huginn - INFO - Active engagement closed.
2026-06-19 07:41:38 - huginn - INFO - EngagementManager closed.
2026-06-19 07:41:38 - huginn - INFO - Master index schema initialized.
2026-06-19 07:41:38 - huginn - INFO - EngagementDatabase connected: C:\Users\allie\AppData\Local\Temp\pytest-of-allie\pytest-34\test_state_changed_signal0\engagements\4abae391-903f-42be-84f8-1eb72ae51f81\engagement.db (pool_size=5)
2026-06-19 07:41:38 - huginn - INFO - EngagementDatabase schema created: C:\Users\allie\AppData\Local\Temp\pytest-of-allie\pytest-34\test_state_changed_signal0\engagements\4abae391-903f-42be-84f8-1eb72ae51f81\engagement.db
2026-06-19 07:41:38 - huginn - INFO - EngagementDatabase closed: C:\Users\allie\AppData\Local\Temp\pytest-of-allie\pytest-34\test_state_changed_signal0\engagements\4abae391-903f-42be-84f8-1eb72ae51f81\engagement.db (5 connections)
2026-06-19 07:41:38 - huginn - INFO - Engagement created: 4abae391-903f-42be-84f8-1eb72ae51f81 (Signal State)
2026-06-19 07:41:38 - huginn - INFO - State transition: 4abae391-903f-42be-84f8-1eb72ae51f81 draft -> scoping
2026-06-19 07:41:38 - huginn - INFO - EngagementManager closed.
2026-06-19 07:41:38 - huginn - INFO - Master index schema initialized.
2026-06-19 07:41:38 - huginn - INFO - EngagementManager closed.
2026-06-19 07:42:38 - huginn - INFO - License saved successfully
2026-06-19 07:42:38 - huginn - INFO - License loaded and validated successfully
2026-06-19 07:42:38 - huginn - INFO - Application starting...
2026-06-19 07:42:38 - huginn - INFO - Huginn version 1.0.0
2026-06-19 07:42:38 - huginn - INFO - Font loaded successfully
2026-06-19 07:42:38 - huginn - INFO - Stylesheet loaded successfully
2026-06-19 07:42:38 - huginn - INFO - Creating main window...
2026-06-19 07:42:38 - huginn - INFO - QThreadPool max threads set to 32 (CPUs: 32)
2026-06-19 07:42:38 - huginn - INFO - Custom font 'Neuropol X' loaded from C:\Users\allie\Coding Projects\huggin_suite\huginn\resources\fonts\neuropol.otf
2026-06-19 07:42:40 - huginn - INFO - Master index schema initialized.
2026-06-19 07:42:40 - huginn - DEBUG - [FeatureGapIntegration] Tenant→Engagement wiring connected.
2026-06-19 07:42:40 - huginn - INFO - [FeatureGapIntegration] All new modules integrated successfully.
2026-06-19 07:42:40 - huginn - INFO - Feature gap integration completed successfully
2026-06-19 07:42:45 - huginn - DEBUG - Memory monitoring stopped
2026-06-19 07:42:45 - huginn - DEBUG - Connection pool closed all sessions
2026-06-19 07:42:47 - huginn - INFO - License saved successfully
2026-06-19 07:42:47 - huginn - INFO - License loaded and validated successfully
2026-06-19 07:42:47 - huginn - INFO - Application starting...
2026-06-19 07:42:47 - huginn - INFO - Huginn version 1.0.0
2026-06-19 07:42:47 - huginn - INFO - Font loaded successfully
2026-06-19 07:42:47 - huginn - INFO - Stylesheet loaded successfully
2026-06-19 07:42:47 - huginn - INFO - Creating main window...
2026-06-19 07:42:47 - huginn - INFO - QThreadPool max threads set to 32 (CPUs: 32)
2026-06-19 07:42:47 - huginn - INFO - Custom font 'Neuropol X' loaded from C:\Users\allie\Coding Projects\huggin_suite\huginn\resources\fonts\neuropol.otf
2026-06-19 07:42:48 - huginn - INFO - Master index schema initialized.
2026-06-19 07:42:48 - huginn - DEBUG - [FeatureGapIntegration] Tenant→Engagement wiring connected.
2026-06-19 07:42:48 - huginn - INFO - [FeatureGapIntegration] All new modules integrated successfully.
2026-06-19 07:42:48 - huginn - INFO - Feature gap integration completed successfully
2026-06-19 07:47:48 - huginn - DEBUG - Memory monitoring stopped
2026-06-19 07:47:48 - huginn - DEBUG - Connection pool closed all sessions
2026-06-19 07:50:01 - huginn - INFO - Using default configuration
2026-06-19 07:50:04 - huginn - INFO - License saved successfully
2026-06-19 07:50:04 - huginn - INFO - License loaded and validated successfully
2026-06-19 07:53:35 - huginn - INFO - QThreadPool max threads set to 32 (CPUs: 32)
2026-06-19 07:53:35 - huginn - WARNING - Font loading failed - file not found or invalid: C:\Users\allie\Coding Projects\huggin_suite\huginn\tests\resources\fonts\neuropol.otf
2026-06-19 07:53:36 - huginn - INFO - License saved successfully
2026-06-19 07:53:36 - huginn - INFO - License loaded and validated successfully
2026-06-19 07:53:36 - huginn - INFO - Master index schema initialized.
2026-06-19 07:53:36 - huginn - INFO - EngagementDatabase connected: C:\Users\allie\AppData\Local\Temp\pytest-of-allie\pytest-35\test_create_engagement_returns0\engagements\5629db58-0e96-4d02-ad96-dd0614b84531\engagement.db (pool_size=5)
2026-06-19 07:53:36 - huginn - INFO - EngagementDatabase schema created: C:\Users\allie\AppData\Local\Temp\pytest-of-allie\pytest-35\test_create_engagement_returns0\engagements\5629db58-0e96-4d02-ad96-dd0614b84531\engagement.db
2026-06-19 07:53:36 - huginn - INFO - EngagementDatabase closed: C:\Users\allie\AppData\Local\Temp\pytest-of-allie\pytest-35\test_create_engagement_returns0\engagements\5629db58-0e96-4d02-ad96-dd0614b84531\engagement.db (5 connections)
2026-06-19 07:53:36 - huginn - INFO - Engagement created: 5629db58-0e96-4d02-ad96-dd0614b84531 (Test Engagement)
2026-06-19 07:53:36 - huginn - INFO - EngagementManager closed.
2026-06-19 07:53:36 - huginn - INFO - Master index schema initialized.
2026-06-19 07:53:36 - huginn - INFO - EngagementDatabase connected: C:\Users\allie\AppData\Local\Temp\pytest-of-allie\pytest-35\test_create_engagement_creates0\engagements\e115ba52-9074-4252-af4f-82cbc912e4d8\engagement.db (pool_size=5)
2026-06-19 07:53:36 - huginn - INFO - EngagementDatabase schema created: C:\Users\allie\AppData\Local\Temp\pytest-of-allie\pytest-35\test_create_engagement_creates0\engagements\e115ba52-9074-4252-af4f-82cbc912e4d8\engagement.db
2026-06-19 07:53:36 - huginn - INFO - EngagementDatabase closed: C:\Users\allie\AppData\Local\Temp\pytest-of-allie\pytest-35\test_create_engagement_creates0\engagements\e115ba52-9074-4252-af4f-82cbc912e4d8\engagement.db (5 connections)
2026-06-19 07:53:36 - huginn - INFO - Engagement created: e115ba52-9074-4252-af4f-82cbc912e4d8 (DB File Test)
2026-06-19 07:53:36 - huginn - INFO - EngagementManager closed.
2026-06-19 07:53:36 - huginn - INFO - Master index schema initialized.
2026-06-19 07:53:36 - huginn - INFO - EngagementDatabase connected: C:\Users\allie\AppData\Local\Temp\pytest-of-allie\pytest-35\test_create_engagement_initial0\engagements\a1ab2784-acea-4939-b718-fafeef24b0e9\engagement.db (pool_size=5)
2026-06-19 07:53:36 - huginn - INFO - EngagementDatabase schema created: C:\Users\allie\AppData\Local\Temp\pytest-of-allie\pytest-35\test_create_engagement_initial0\engagements\a1ab2784-acea-4939-b718-fafeef24b0e9\engagement.db
2026-06-19 07:53:36 - huginn - INFO - EngagementDatabase closed: C:\Users\allie\AppData\Local\Temp\pytest-of-allie\pytest-35\test_create_engagement_initial0\engagements\a1ab2784-acea-4939-b718-fafeef24b0e9\engagement.db (5 connections)
2026-06-19 07:53:36 - huginn - INFO - Engagement created: a1ab2784-acea-4939-b718-fafeef24b0e9 (State Test)
2026-06-19 07:53:36 - huginn - INFO - EngagementManager closed.
2026-06-19 07:53:36 - huginn - INFO - Master index schema initialized.
2026-06-19 07:53:36 - huginn - INFO - EngagementDatabase connected: C:\Users\allie\AppData\Local\Temp\pytest-of-allie\pytest-35\test_create_multiple_engagemen0\engagements\2433392e-e9bb-402d-bfd0-38b2e208adf4\engagement.db (pool_size=5)
2026-06-19 07:53:36 - huginn - INFO - EngagementDatabase schema created: C:\Users\allie\AppData\Local\Temp\pytest-of-allie\pytest-35\test_create_multiple_engagemen0\engagements\2433392e-e9bb-402d-bfd0-38b2e208adf4\engagement.db
2026-06-19 07:53:36 - huginn - INFO - EngagementDatabase closed: C:\Users\allie\AppData\Local\Temp\pytest-of-allie\pytest-35\test_create_multiple_engagemen0\engagements\2433392e-e9bb-402d-bfd0-38b2e208adf4\engagement.db (5 connections)
2026-06-19 07:53:36 - huginn - INFO - Engagement created: 2433392e-e9bb-402d-bfd0-38b2e208adf4 (Engagement 0)
2026-06-19 07:53:36 - huginn - INFO - EngagementDatabase connected: C:\Users\allie\AppData\Local\Temp\pytest-of-allie\pytest-35\test_create_multiple_engagemen0\engagements\497cacb5-8e52-474b-adb5-5e9ae054e58d\engagement.db (pool_size=5)
2026-06-19 07:53:36 - huginn - INFO - EngagementDatabase schema created: C:\Users\allie\AppData\Local\Temp\pytest-of-allie\pytest-35\test_create_multiple_engagemen0\engagements\497cacb5-8e52-474b-adb5-5e9ae054e58d\engagement.db
2026-06-19 07:53:36 - huginn - INFO - EngagementDatabase closed: C:\Users\allie\AppData\Local\Temp\pytest-of-allie\pytest-35\test_create_multiple_engagemen0\engagements\497cacb5-8e52-474b-adb5-5e9ae054e58d\engagement.db (5 connections)
2026-06-19 07:53:36 - huginn - INFO - Engagement created: 497cacb5-8e52-474b-adb5-5e9ae054e58d (Engagement 1)
2026-06-19 07:53:36 - huginn - INFO - EngagementDatabase connected: C:\Users\allie\AppData\Local\Temp\pytest-of-allie\pytest-35\test_create_multiple_engagemen0\engagements\e54eda58-120b-42c7-b287-1fe35d92537a\engagement.db (pool_size=5)
2026-06-19 07:53:36 - huginn - INFO - EngagementDatabase schema created: C:\Users\allie\AppData\Local\Temp\pytest-of-allie\pytest-35\test_create_multiple_engagemen0\engagements\e54eda58-120b-42c7-b287-1fe35d92537a\engagement.db
2026-06-19 07:53:36 - huginn - INFO - EngagementDatabase closed: C:\Users\allie\AppData\Local\Temp\pytest-of-allie\pytest-35\test_create_multiple_engagemen0\engagements\e54eda58-120b-42c7-b287-1fe35d92537a\engagement.db (5 connections)
2026-06-19 07:53:36 - huginn - INFO - Engagement created: e54eda58-120b-42c7-b287-1fe35d92537a (Engagement 2)
2026-06-19 07:53:36 - huginn - INFO - EngagementDatabase connected: C:\Users\allie\AppData\Local\Temp\pytest-of-allie\pytest-35\test_create_multiple_engagemen0\engagements\51700990-6555-444a-a59c-86a9f7f70bfd\engagement.db (pool_size=5)
2026-06-19 07:53:36 - huginn - INFO - EngagementDatabase schema created: C:\Users\allie\AppData\Local\Temp\pytest-of-allie\pytest-35\test_create_multiple_engagemen0\engagements\51700990-6555-444a-a59c-86a9f7f70bfd\engagement.db
2026-06-19 07:53:36 - huginn - INFO - EngagementDatabase closed: C:\Users\allie\AppData\Local\Temp\pytest-of-allie\pytest-35\test_create_multiple_engagemen0\engagements\51700990-6555-444a-a59c-86a9f7f70bfd\engagement.db (5 connections)
2026-06-19 07:53:36 - huginn - INFO - Engagement created: 51700990-6555-444a-a59c-86a9f7f70bfd (Engagement 3)
2026-06-19 07:53:36 - huginn - INFO - EngagementDatabase connected: C:\Users\allie\AppData\Local\Temp\pytest-of-allie\pytest-35\test_create_multiple_engagemen0\engagements\d0983392-a718-4e8b-a803-f9082a926360\engagement.db (pool_size=5)
2026-06-19 07:53:36 - huginn - INFO - EngagementDatabase schema created: C:\Users\allie\AppData\Local\Temp\pytest-of-allie\pytest-35\test_create_multiple_engagemen0\engagements\d0983392-a718-4e8b-a803-f9082a926360\engagement.db
2026-06-19 07:53:36 - huginn - INFO - EngagementDatabase closed: C:\Users\allie\AppData\Local\Temp\pytest-of-allie\pytest-35\test_create_multiple_engagemen0\engagements\d0983392-a718-4e8b-a803-f9082a926360\engagement.db (5 connections)
2026-06-19 07:53:36 - huginn - INFO - Engagement created: d0983392-a718-4e8b-a803-f9082a926360 (Engagement 4)
2026-06-19 07:53:36 - huginn - INFO - EngagementDatabase connected: C:\Users\allie\AppData\Local\Temp\pytest-of-allie\pytest-35\test_create_multiple_engagemen0\engagements\b539c1ab-1974-4193-86d1-ae1dc4307c09\engagement.db (pool_size=5)
2026-06-19 07:53:36 - huginn - INFO - EngagementDatabase schema created: C:\Users\allie\AppData\Local\Temp\pytest-of-allie\pytest-35\test_create_multiple_engagemen0\engagements\b539c1ab-1974-4193-86d1-ae1dc4307c09\engagement.db
2026-06-19 07:53:36 - huginn - INFO - EngagementDatabase closed: C:\Users\allie\AppData\Local\Temp\pytest-of-allie\pytest-35\test_create_multiple_engagemen0\engagements\b539c1ab-1974-4193-86d1-ae1dc4307c09\engagement.db (5 connections)
2026-06-19 07:53:36 - huginn - INFO - Engagement created: b539c1ab-1974-4193-86d1-ae1dc4307c09 (Engagement 5)
2026-06-19 07:53:36 - huginn - INFO - EngagementDatabase connected: C:\Users\allie\AppData\Local\Temp\pytest-of-allie\pytest-35\test_create_multiple_engagemen0\engagements\b1ccb55a-1977-4581-954c-ecaf9ed46903\engagement.db (pool_size=5)
2026-06-19 07:53:36 - huginn - INFO - EngagementDatabase schema created: C:\Users\allie\AppData\Local\Temp\pytest-of-allie\pytest-35\test_create_multiple_engagemen0\engagements\b1ccb55a-1977-4581-954c-ecaf9ed46903\engagement.db
2026-06-19 07:53:36 - huginn - INFO - EngagementDatabase closed: C:\Users\allie\AppData\Local\Temp\pytest-of-allie\pytest-35\test_create_multiple_engagemen0\engagements\b1ccb55a-1977-4581-954c-ecaf9ed46903\engagement.db (5 connections)
2026-06-19 07:53:36 - huginn - INFO - Engagement created: b1ccb55a-1977-4581-954c-ecaf9ed46903 (Engagement 6)
2026-06-19 07:53:36 - huginn - INFO - EngagementDatabase connected: C:\Users\allie\AppData\Local\Temp\pytest-of-allie\pytest-35\test_create_multiple_engagemen0\engagements\5222635d-57dd-4834-86b6-10277d20b155\engagement.db (pool_size=5)
2026-06-19 07:53:36 - huginn - INFO - EngagementDatabase schema created: C:\Users\allie\AppData\Local\Temp\pytest-of-allie\pytest-35\test_create_multiple_engagemen0\engagements\5222635d-57dd-4834-86b6-10277d20b155\engagement.db
2026-06-19 07:53:36 - huginn - INFO - EngagementDatabase closed: C:\Users\allie\AppData\Local\Temp\pytest-of-allie\pytest-35\test_create_multiple_engagemen0\engagements\5222635d-57dd-4834-86b6-10277d20b155\engagement.db (5 connections)
2026-06-19 07:53:36 - huginn - INFO - Engagement created: 5222635d-57dd-4834-86b6-10277d20b155 (Engagement 7)
2026-06-19 07:53:36 - huginn - INFO - EngagementDatabase connected: C:\Users\allie\AppData\Local\Temp\pytest-of-allie\pytest-35\test_create_multiple_engagemen0\engagements\96a326fb-b5e6-4392-893d-e203dfc723fd\engagement.db (pool_size=5)
2026-06-19 07:53:36 - huginn - INFO - EngagementDatabase schema created: C:\Users\allie\AppData\Local\Temp\pytest-of-allie\pytest-35\test_create_multiple_engagemen0\engagements\96a326fb-b5e6-4392-893d-e203dfc723fd\engagement.db
2026-06-19 07:53:36 - huginn - INFO - EngagementDatabase closed: C:\Users\allie\AppData\Local\Temp\pytest-of-allie\pytest-35\test_create_multiple_engagemen0\engagements\96a326fb-b5e6-4392-893d-e203dfc723fd\engagement.db (5 connections)
2026-06-19 07:53:36 - huginn - INFO - Engagement created: 96a326fb-b5e6-4392-893d-e203dfc723fd (Engagement 8)
2026-06-19 07:53:36 - huginn - INFO - EngagementDatabase connected: C:\Users\allie\AppData\Local\Temp\pytest-of-allie\pytest-35\test_create_multiple_engagemen0\engagements\2ed2610a-dbe3-4714-b80e-316ec85bd356\engagement.db (pool_size=5)
2026-06-19 07:53:36 - huginn - INFO - EngagementDatabase schema created: C:\Users\allie\AppData\Local\Temp\pytest-of-allie\pytest-35\test_create_multiple_engagemen0\engagements\2ed2610a-dbe3-4714-b80e-316ec85bd356\engagement.db
2026-06-19 07:53:36 - huginn - INFO - EngagementDatabase closed: C:\Users\allie\AppData\Local\Temp\pytest-of-allie\pytest-35\test_create_multiple_engagemen0\engagements\2ed2610a-dbe3-4714-b80e-316ec85bd356\engagement.db (5 connections)
2026-06-19 07:53:36 - huginn - INFO - Engagement created: 2ed2610a-dbe3-4714-b80e-316ec85bd356 (Engagement 9)
2026-06-19 07:53:36 - huginn - INFO - EngagementManager closed.
2026-06-19 07:53:36 - huginn - INFO - Master index schema initialized.
2026-06-19 07:53:36 - huginn - INFO - EngagementDatabase connected: C:\Users\allie\AppData\Local\Temp\pytest-of-allie\pytest-35\test_get_engagement_returns_me0\engagements\bc130667-55e8-4a81-a867-caedd75796e9\engagement.db (pool_size=5)
2026-06-19 07:53:36 - huginn - INFO - EngagementDatabase schema created: C:\Users\allie\AppData\Local\Temp\pytest-of-allie\pytest-35\test_get_engagement_returns_me0\engagements\bc130667-55e8-4a81-a867-caedd75796e9\engagement.db
2026-06-19 07:53:36 - huginn - INFO - EngagementDatabase closed: C:\Users\allie\AppData\Local\Temp\pytest-of-allie\pytest-35\test_get_engagement_returns_me0\engagements\bc130667-55e8-4a81-a867-caedd75796e9\engagement.db (5 connections)
2026-06-19 07:53:36 - huginn - INFO - Engagement created: bc130667-55e8-4a81-a867-caedd75796e9 (Metadata Test)
2026-06-19 07:53:36 - huginn - INFO - EngagementManager closed.
2026-06-19 07:53:36 - huginn - INFO - Master index schema initialized.
2026-06-19 07:53:36 - huginn - INFO - EngagementManager closed.
2026-06-19 07:53:36 - huginn - INFO - Master index schema initialized.
2026-06-19 07:53:36 - huginn - INFO - EngagementDatabase connected: C:\Users\allie\AppData\Local\Temp\pytest-of-allie\pytest-35\test_list_all_engagements0\engagements\cffffd68-5858-4a02-b4cb-623ee4d14475\engagement.db (pool_size=5)
2026-06-19 07:53:36 - huginn - INFO - EngagementDatabase schema created: C:\Users\allie\AppData\Local\Temp\pytest-of-allie\pytest-35\test_list_all_engagements0\engagements\cffffd68-5858-4a02-b4cb-623ee4d14475\engagement.db
2026-06-19 07:53:36 - huginn - INFO - EngagementDatabase closed: C:\Users\allie\AppData\Local\Temp\pytest-of-allie\pytest-35\test_list_all_engagements0\engagements\cffffd68-5858-4a02-b4cb-623ee4d14475\engagement.db (5 connections)
2026-06-19 07:53:36 - huginn - INFO - Engagement created: cffffd68-5858-4a02-b4cb-623ee4d14475 (Eng 1)
2026-06-19 07:53:36 - huginn - INFO - EngagementDatabase connected: C:\Users\allie\AppData\Local\Temp\pytest-of-allie\pytest-35\test_list_all_engagements0\engagements\547cd9eb-1874-4d54-b570-cac58731a045\engagement.db (pool_size=5)
2026-06-19 07:53:36 - huginn - INFO - EngagementDatabase schema created: C:\Users\allie\AppData\Local\Temp\pytest-of-allie\pytest-35\test_list_all_engagements0\engagements\547cd9eb-1874-4d54-b570-cac58731a045\engagement.db
2026-06-19 07:53:36 - huginn - INFO - EngagementDatabase closed: C:\Users\allie\AppData\Local\Temp\pytest-of-allie\pytest-35\test_list_all_engagements0\engagements\547cd9eb-1874-4d54-b570-cac58731a045\engagement.db (5 connections)
2026-06-19 07:53:36 - huginn - INFO - Engagement created: 547cd9eb-1874-4d54-b570-cac58731a045 (Eng 2)
2026-06-19 07:53:36 - huginn - INFO - EngagementManager closed.
2026-06-19 07:53:36 - huginn - INFO - Master index schema initialized.
2026-06-19 07:53:36 - huginn - INFO - EngagementDatabase connected: C:\Users\allie\AppData\Local\Temp\pytest-of-allie\pytest-35\test_list_engagements_status_f0\engagements\14692d57-3521-4c80-9e28-c0a58ffe8eb4\engagement.db (pool_size=5)
2026-06-19 07:53:36 - huginn - INFO - EngagementDatabase schema created: C:\Users\allie\AppData\Local\Temp\pytest-of-allie\pytest-35\test_list_engagements_status_f0\engagements\14692d57-3521-4c80-9e28-c0a58ffe8eb4\engagement.db
2026-06-19 07:53:36 - huginn - INFO - EngagementDatabase closed: C:\Users\allie\AppData\Local\Temp\pytest-of-allie\pytest-35\test_list_engagements_status_f0\engagements\14692d57-3521-4c80-9e28-c0a58ffe8eb4\engagement.db (5 connections)
2026-06-19 07:53:36 - huginn - INFO - Engagement created: 14692d57-3521-4c80-9e28-c0a58ffe8eb4 (Draft Eng)
2026-06-19 07:53:36 - huginn - INFO - EngagementDatabase connected: C:\Users\allie\AppData\Local\Temp\pytest-of-allie\pytest-35\test_list_engagements_status_f0\engagements\a0e8552c-44a1-4acb-a062-72ead1a8a0a5\engagement.db (pool_size=5)
2026-06-19 07:53:36 - huginn - INFO - EngagementDatabase schema created: C:\Users\allie\AppData\Local\Temp\pytest-of-allie\pytest-35\test_list_engagements_status_f0\engagements\a0e8552c-44a1-4acb-a062-72ead1a8a0a5\engagement.db
2026-06-19 07:53:36 - huginn - INFO - EngagementDatabase closed: C:\Users\allie\AppData\Local\Temp\pytest-of-allie\pytest-35\test_list_engagements_status_f0\engagements\a0e8552c-44a1-4acb-a062-72ead1a8a0a5\engagement.db (5 connections)
2026-06-19 07:53:36 - huginn - INFO - Engagement created: a0e8552c-44a1-4acb-a062-72ead1a8a0a5 (Active Eng)
2026-06-19 07:53:36 - huginn - INFO - State transition: a0e8552c-44a1-4acb-a062-72ead1a8a0a5 draft -> scoping
2026-06-19 07:53:36 - huginn - INFO - State transition: a0e8552c-44a1-4acb-a062-72ead1a8a0a5 scoping -> active
2026-06-19 07:53:36 - huginn - INFO - EngagementManager closed.
2026-06-19 07:53:36 - huginn - INFO - Master index schema initialized.
2026-06-19 07:53:37 - huginn - INFO - EngagementDatabase connected: C:\Users\allie\AppData\Local\Temp\pytest-of-allie\pytest-35\test_list_engagements_search0\engagements\a85dc7be-b357-4b5f-9fca-4c2131b7f67e\engagement.db (pool_size=5)
2026-06-19 07:53:37 - huginn - INFO - EngagementDatabase schema created: C:\Users\allie\AppData\Local\Temp\pytest-of-allie\pytest-35\test_list_engagements_search0\engagements\a85dc7be-b357-4b5f-9fca-4c2131b7f67e\engagement.db
2026-06-19 07:53:37 - huginn - INFO - EngagementDatabase closed: C:\Users\allie\AppData\Local\Temp\pytest-of-allie\pytest-35\test_list_engagements_search0\engagements\a85dc7be-b357-4b5f-9fca-4c2131b7f67e\engagement.db (5 connections)
2026-06-19 07:53:37 - huginn - INFO - Engagement created: a85dc7be-b357-4b5f-9fca-4c2131b7f67e (Alpha Project)
2026-06-19 07:53:37 - huginn - INFO - EngagementDatabase connected: C:\Users\allie\AppData\Local\Temp\pytest-of-allie\pytest-35\test_list_engagements_search0\engagements\ea460f71-628e-45ec-8962-04c05176615f\engagement.db (pool_size=5)
2026-06-19 07:53:37 - huginn - INFO - EngagementDatabase schema created: C:\Users\allie\AppData\Local\Temp\pytest-of-allie\pytest-35\test_list_engagements_search0\engagements\ea460f71-628e-45ec-8962-04c05176615f\engagement.db
2026-06-19 07:53:37 - huginn - INFO - EngagementDatabase closed: C:\Users\allie\AppData\Local\Temp\pytest-of-allie\pytest-35\test_list_engagements_search0\engagements\ea460f71-628e-45ec-8962-04c05176615f\engagement.db (5 connections)
2026-06-19 07:53:37 - huginn - INFO - Engagement created: ea460f71-628e-45ec-8962-04c05176615f (Beta Project)
2026-06-19 07:53:37 - huginn - INFO - EngagementManager closed.
2026-06-19 07:53:37 - huginn - INFO - Master index schema initialized.
2026-06-19 07:53:37 - huginn - INFO - EngagementDatabase connected: C:\Users\allie\AppData\Local\Temp\pytest-of-allie\pytest-35\test_valid_transitions_from_dr0\engagements\d6f46293-8b2b-4800-8ae1-96e99500b7fa\engagement.db (pool_size=5)
2026-06-19 07:53:37 - huginn - INFO - EngagementDatabase schema created: C:\Users\allie\AppData\Local\Temp\pytest-of-allie\pytest-35\test_valid_transitions_from_dr0\engagements\d6f46293-8b2b-4800-8ae1-96e99500b7fa\engagement.db
2026-06-19 07:53:37 - huginn - INFO - EngagementDatabase closed: C:\Users\allie\AppData\Local\Temp\pytest-of-allie\pytest-35\test_valid_transitions_from_dr0\engagements\d6f46293-8b2b-4800-8ae1-96e99500b7fa\engagement.db (5 connections)
2026-06-19 07:53:37 - huginn - INFO - Engagement created: d6f46293-8b2b-4800-8ae1-96e99500b7fa (SM Test)
2026-06-19 07:53:37 - huginn - INFO - State transition: d6f46293-8b2b-4800-8ae1-96e99500b7fa draft -> scoping
2026-06-19 07:53:37 - huginn - INFO - EngagementManager closed.
2026-06-19 07:53:37 - huginn - INFO - Master index schema initialized.
2026-06-19 07:53:37 - huginn - INFO - EngagementDatabase connected: C:\Users\allie\AppData\Local\Temp\pytest-of-allie\pytest-35\test_valid_full_lifecycle0\engagements\b6753721-5f9c-4f98-9aa4-e8fb5cf90f6d\engagement.db (pool_size=5)
2026-06-19 07:53:37 - huginn - INFO - EngagementDatabase schema created: C:\Users\allie\AppData\Local\Temp\pytest-of-allie\pytest-35\test_valid_full_lifecycle0\engagements\b6753721-5f9c-4f98-9aa4-e8fb5cf90f6d\engagement.db
2026-06-19 07:53:37 - huginn - INFO - EngagementDatabase closed: C:\Users\allie\AppData\Local\Temp\pytest-of-allie\pytest-35\test_valid_full_lifecycle0\engagements\b6753721-5f9c-4f98-9aa4-e8fb5cf90f6d\engagement.db (5 connections)
2026-06-19 07:53:37 - huginn - INFO - Engagement created: b6753721-5f9c-4f98-9aa4-e8fb5cf90f6d (Lifecycle)
2026-06-19 07:53:37 - huginn - INFO - State transition: b6753721-5f9c-4f98-9aa4-e8fb5cf90f6d draft -> scoping
2026-06-19 07:53:37 - huginn - INFO - State transition: b6753721-5f9c-4f98-9aa4-e8fb5cf90f6d scoping -> active
2026-06-19 07:53:37 - huginn - INFO - State transition: b6753721-5f9c-4f98-9aa4-e8fb5cf90f6d active -> reporting
2026-06-19 07:53:37 - huginn - INFO - State transition: b6753721-5f9c-4f98-9aa4-e8fb5cf90f6d reporting -> closed
2026-06-19 07:53:37 - huginn - INFO - EngagementManager closed.
2026-06-19 07:53:37 - huginn - INFO - Master index schema initialized.
2026-06-19 07:53:37 - huginn - INFO - EngagementDatabase connected: C:\Users\allie\AppData\Local\Temp\pytest-of-allie\pytest-35\test_invalid_transition_reject0\engagements\7e1f5561-c21b-4e57-ae55-0e8476c6d0e3\engagement.db (pool_size=5)
2026-06-19 07:53:37 - huginn - INFO - EngagementDatabase schema created: C:\Users\allie\AppData\Local\Temp\pytest-of-allie\pytest-35\test_invalid_transition_reject0\engagements\7e1f5561-c21b-4e57-ae55-0e8476c6d0e3\engagement.db
2026-06-19 07:53:37 - huginn - INFO - EngagementDatabase closed: C:\Users\allie\AppData\Local\Temp\pytest-of-allie\pytest-35\test_invalid_transition_reject0\engagements\7e1f5561-c21b-4e57-ae55-0e8476c6d0e3\engagement.db (5 connections)
2026-06-19 07:53:37 - huginn - INFO - Engagement created: 7e1f5561-c21b-4e57-ae55-0e8476c6d0e3 (Invalid)
2026-06-19 07:53:37 - huginn - WARNING - Invalid state transition for 7e1f5561-c21b-4e57-ae55-0e8476c6d0e3: draft -> active. Allowed: ['scoping']
2026-06-19 07:53:37 - huginn - INFO - EngagementManager closed.
2026-06-19 07:53:37 - huginn - INFO - Master index schema initialized.
2026-06-19 07:53:37 - huginn - INFO - EngagementDatabase connected: C:\Users\allie\AppData\Local\Temp\pytest-of-allie\pytest-35\test_closed_state_has_no_trans0\engagements\b9fe163c-2d6e-4df6-a7cb-4c20a5fb7763\engagement.db (pool_size=5)
2026-06-19 07:53:37 - huginn - INFO - EngagementDatabase schema created: C:\Users\allie\AppData\Local\Temp\pytest-of-allie\pytest-35\test_closed_state_has_no_trans0\engagements\b9fe163c-2d6e-4df6-a7cb-4c20a5fb7763\engagement.db
2026-06-19 07:53:37 - huginn - INFO - EngagementDatabase closed: C:\Users\allie\AppData\Local\Temp\pytest-of-allie\pytest-35\test_closed_state_has_no_trans0\engagements\b9fe163c-2d6e-4df6-a7cb-4c20a5fb7763\engagement.db (5 connections)
2026-06-19 07:53:37 - huginn - INFO - Engagement created: b9fe163c-2d6e-4df6-a7cb-4c20a5fb7763 (Closed)
2026-06-19 07:53:37 - huginn - INFO - State transition: b9fe163c-2d6e-4df6-a7cb-4c20a5fb7763 draft -> scoping
2026-06-19 07:53:37 - huginn - INFO - State transition: b9fe163c-2d6e-4df6-a7cb-4c20a5fb7763 scoping -> active
2026-06-19 07:53:37 - huginn - INFO - State transition: b9fe163c-2d6e-4df6-a7cb-4c20a5fb7763 active -> reporting
2026-06-19 07:53:37 - huginn - INFO - State transition: b9fe163c-2d6e-4df6-a7cb-4c20a5fb7763 reporting -> closed
2026-06-19 07:53:37 - huginn - WARNING - Invalid state transition for b9fe163c-2d6e-4df6-a7cb-4c20a5fb7763: closed -> draft. Allowed: []
2026-06-19 07:53:37 - huginn - WARNING - Invalid state transition for b9fe163c-2d6e-4df6-a7cb-4c20a5fb7763: closed -> scoping. Allowed: []
2026-06-19 07:53:37 - huginn - WARNING - Invalid state transition for b9fe163c-2d6e-4df6-a7cb-4c20a5fb7763: closed -> active. Allowed: []
2026-06-19 07:53:37 - huginn - WARNING - Invalid state transition for b9fe163c-2d6e-4df6-a7cb-4c20a5fb7763: closed -> paused. Allowed: []
2026-06-19 07:53:37 - huginn - WARNING - Invalid state transition for b9fe163c-2d6e-4df6-a7cb-4c20a5fb7763: closed -> retest. Allowed: []
2026-06-19 07:53:37 - huginn - WARNING - Invalid state transition for b9fe163c-2d6e-4df6-a7cb-4c20a5fb7763: closed -> reporting. Allowed: []
2026-06-19 07:53:37 - huginn - WARNING - Invalid state transition for b9fe163c-2d6e-4df6-a7cb-4c20a5fb7763: closed -> closed. Allowed: []
2026-06-19 07:53:37 - huginn - INFO - EngagementManager closed.
2026-06-19 07:53:37 - huginn - INFO - Master index schema initialized.
2026-06-19 07:53:37 - huginn - INFO - EngagementDatabase connected: C:\Users\allie\AppData\Local\Temp\pytest-of-allie\pytest-35\test_active_to_paused_and_back0\engagements\e8e6f007-f37e-47cf-9c1d-397f2d7d47d9\engagement.db (pool_size=5)
2026-06-19 07:53:37 - huginn - INFO - EngagementDatabase schema created: C:\Users\allie\AppData\Local\Temp\pytest-of-allie\pytest-35\test_active_to_paused_and_back0\engagements\e8e6f007-f37e-47cf-9c1d-397f2d7d47d9\engagement.db
2026-06-19 07:53:37 - huginn - INFO - EngagementDatabase closed: C:\Users\allie\AppData\Local\Temp\pytest-of-allie\pytest-35\test_active_to_paused_and_back0\engagements\e8e6f007-f37e-47cf-9c1d-397f2d7d47d9\engagement.db (5 connections)
2026-06-19 07:53:37 - huginn - INFO - Engagement created: e8e6f007-f37e-47cf-9c1d-397f2d7d47d9 (Pause)
2026-06-19 07:53:37 - huginn - INFO - State transition: e8e6f007-f37e-47cf-9c1d-397f2d7d47d9 draft -> scoping
2026-06-19 07:53:37 - huginn - INFO - State transition: e8e6f007-f37e-47cf-9c1d-397f2d7d47d9 scoping -> active
2026-06-19 07:53:37 - huginn - INFO - State transition: e8e6f007-f37e-47cf-9c1d-397f2d7d47d9 active -> paused
2026-06-19 07:53:37 - huginn - INFO - State transition: e8e6f007-f37e-47cf-9c1d-397f2d7d47d9 paused -> active
2026-06-19 07:53:37 - huginn - INFO - EngagementManager closed.
2026-06-19 07:53:37 - huginn - INFO - Master index schema initialized.
2026-06-19 07:53:37 - huginn - INFO - EngagementDatabase connected: C:\Users\allie\AppData\Local\Temp\pytest-of-allie\pytest-35\test_active_to_retest_and_repo0\engagements\1b6417d3-c554-4682-9313-69a34ad20f91\engagement.db (pool_size=5)
2026-06-19 07:53:37 - huginn - INFO - EngagementDatabase schema created: C:\Users\allie\AppData\Local\Temp\pytest-of-allie\pytest-35\test_active_to_retest_and_repo0\engagements\1b6417d3-c554-4682-9313-69a34ad20f91\engagement.db
2026-06-19 07:53:37 - huginn - INFO - EngagementDatabase closed: C:\Users\allie\AppData\Local\Temp\pytest-of-allie\pytest-35\test_active_to_retest_and_repo0\engagements\1b6417d3-c554-4682-9313-69a34ad20f91\engagement.db (5 connections)
2026-06-19 07:53:37 - huginn - INFO - Engagement created: 1b6417d3-c554-4682-9313-69a34ad20f91 (Retest)
2026-06-19 07:53:37 - huginn - INFO - State transition: 1b6417d3-c554-4682-9313-69a34ad20f91 draft -> scoping
2026-06-19 07:53:37 - huginn - INFO - State transition: 1b6417d3-c554-4682-9313-69a34ad20f91 scoping -> active
2026-06-19 07:53:37 - huginn - INFO - State transition: 1b6417d3-c554-4682-9313-69a34ad20f91 active -> retest
2026-06-19 07:53:37 - huginn - INFO - State transition: 1b6417d3-c554-4682-9313-69a34ad20f91 retest -> reporting
2026-06-19 07:53:37 - huginn - INFO - EngagementManager closed.
2026-06-19 07:53:37 - huginn - INFO - Master index schema initialized.
2026-06-19 07:53:37 - huginn - INFO - EngagementDatabase connected: C:\Users\allie\AppData\Local\Temp\pytest-of-allie\pytest-35\test_transition_records_histor0\engagements\930727e7-c651-4fd9-97c6-062d866a95dc\engagement.db (pool_size=5)
2026-06-19 07:53:37 - huginn - INFO - EngagementDatabase schema created: C:\Users\allie\AppData\Local\Temp\pytest-of-allie\pytest-35\test_transition_records_histor0\engagements\930727e7-c651-4fd9-97c6-062d866a95dc\engagement.db
2026-06-19 07:53:37 - huginn - INFO - EngagementDatabase closed: C:\Users\allie\AppData\Local\Temp\pytest-of-allie\pytest-35\test_transition_records_histor0\engagements\930727e7-c651-4fd9-97c6-062d866a95dc\engagement.db (5 connections)
2026-06-19 07:53:37 - huginn - INFO - Engagement created: 930727e7-c651-4fd9-97c6-062d866a95dc (History)
2026-06-19 07:53:37 - huginn - INFO - State transition: 930727e7-c651-4fd9-97c6-062d866a95dc draft -> scoping
2026-06-19 07:53:37 - huginn - INFO - State transition: 930727e7-c651-4fd9-97c6-062d866a95dc scoping -> active
2026-06-19 07:53:37 - huginn - INFO - EngagementManager closed.
2026-06-19 07:53:37 - huginn - INFO - Master index schema initialized.
2026-06-19 07:53:37 - huginn - ERROR - Cannot transition state: engagement fake-id not found.
2026-06-19 07:53:37 - huginn - INFO - EngagementManager closed.
2026-06-19 07:53:37 - huginn - INFO - Master index schema initialized.
2026-06-19 07:53:37 - huginn - INFO - EngagementDatabase connected: C:\Users\allie\AppData\Local\Temp\pytest-of-allie\pytest-35\test_all_valid_transitions_suc0\engagements\f412b2ed-83de-430e-a6ba-d412c970ef14\engagement.db (pool_size=5)
2026-06-19 07:53:37 - huginn - INFO - EngagementDatabase schema created: C:\Users\allie\AppData\Local\Temp\pytest-of-allie\pytest-35\test_all_valid_transitions_suc0\engagements\f412b2ed-83de-430e-a6ba-d412c970ef14\engagement.db
2026-06-19 07:53:37 - huginn - INFO - EngagementDatabase closed: C:\Users\allie\AppData\Local\Temp\pytest-of-allie\pytest-35\test_all_valid_transitions_suc0\engagements\f412b2ed-83de-430e-a6ba-d412c970ef14\engagement.db (5 connections)
2026-06-19 07:53:37 - huginn - INFO - Engagement created: f412b2ed-83de-430e-a6ba-d412c970ef14 (draft->scoping)
2026-06-19 07:53:37 - huginn - INFO - State transition: f412b2ed-83de-430e-a6ba-d412c970ef14 draft -> scoping
2026-06-19 07:53:37 - huginn - INFO - EngagementDatabase connected: C:\Users\allie\AppData\Local\Temp\pytest-of-allie\pytest-35\test_all_valid_transitions_suc0\engagements\d6c9895b-8404-4e2a-bdc1-1ad229b6d14a\engagement.db (pool_size=5)
2026-06-19 07:53:37 - huginn - INFO - EngagementDatabase schema created: C:\Users\allie\AppData\Local\Temp\pytest-of-allie\pytest-35\test_all_valid_transitions_suc0\engagements\d6c9895b-8404-4e2a-bdc1-1ad229b6d14a\engagement.db
2026-06-19 07:53:37 - huginn - INFO - EngagementDatabase closed: C:\Users\allie\AppData\Local\Temp\pytest-of-allie\pytest-35\test_all_valid_transitions_suc0\engagements\d6c9895b-8404-4e2a-bdc1-1ad229b6d14a\engagement.db (5 connections)
2026-06-19 07:53:37 - huginn - INFO - Engagement created: d6c9895b-8404-4e2a-bdc1-1ad229b6d14a (scoping->active)
2026-06-19 07:53:37 - huginn - INFO - State transition: d6c9895b-8404-4e2a-bdc1-1ad229b6d14a draft -> scoping
2026-06-19 07:53:37 - huginn - INFO - State transition: d6c9895b-8404-4e2a-bdc1-1ad229b6d14a scoping -> active
2026-06-19 07:53:37 - huginn - INFO - EngagementDatabase connected: C:\Users\allie\AppData\Local\Temp\pytest-of-allie\pytest-35\test_all_valid_transitions_suc0\engagements\5d6dd25c-876e-4130-b24d-6afa327a76db\engagement.db (pool_size=5)
2026-06-19 07:53:37 - huginn - INFO - EngagementDatabase schema created: C:\Users\allie\AppData\Local\Temp\pytest-of-allie\pytest-35\test_all_valid_transitions_suc0\engagements\5d6dd25c-876e-4130-b24d-6afa327a76db\engagement.db
2026-06-19 07:53:37 - huginn - INFO - EngagementDatabase closed: C:\Users\allie\AppData\Local\Temp\pytest-of-allie\pytest-35\test_all_valid_transitions_suc0\engagements\5d6dd25c-876e-4130-b24d-6afa327a76db\engagement.db (5 connections)
2026-06-19 07:53:37 - huginn - INFO - Engagement created: 5d6dd25c-876e-4130-b24d-6afa327a76db (active->paused)
2026-06-19 07:53:37 - huginn - INFO - State transition: 5d6dd25c-876e-4130-b24d-6afa327a76db draft -> scoping
2026-06-19 07:53:37 - huginn - INFO - State transition: 5d6dd25c-876e-4130-b24d-6afa327a76db scoping -> active
2026-06-19 07:53:37 - huginn - INFO - State transition: 5d6dd25c-876e-4130-b24d-6afa327a76db active -> paused
2026-06-19 07:53:37 - huginn - INFO - EngagementDatabase connected: C:\Users\allie\AppData\Local\Temp\pytest-of-allie\pytest-35\test_all_valid_transitions_suc0\engagements\9859513c-77fa-4796-be90-87c9074e7594\engagement.db (pool_size=5)
2026-06-19 07:53:37 - huginn - INFO - EngagementDatabase schema created: C:\Users\allie\AppData\Local\Temp\pytest-of-allie\pytest-35\test_all_valid_transitions_suc0\engagements\9859513c-77fa-4796-be90-87c9074e7594\engagement.db
2026-06-19 07:53:37 - huginn - INFO - EngagementDatabase closed: C:\Users\allie\AppData\Local\Temp\pytest-of-allie\pytest-35\test_all_valid_transitions_suc0\engagements\9859513c-77fa-4796-be90-87c9074e7594\engagement.db (5 connections)
2026-06-19 07:53:37 - huginn - INFO - Engagement created: 9859513c-77fa-4796-be90-87c9074e7594 (active->retest)
2026-06-19 07:53:37 - huginn - INFO - State transition: 9859513c-77fa-4796-be90-87c9074e7594 draft -> scoping
2026-06-19 07:53:37 - huginn - INFO - State transition: 9859513c-77fa-4796-be90-87c9074e7594 scoping -> active
2026-06-19 07:53:37 - huginn - INFO - State transition: 9859513c-77fa-4796-be90-87c9074e7594 active -> retest
2026-06-19 07:53:37 - huginn - INFO - EngagementDatabase connected: C:\Users\allie\AppData\Local\Temp\pytest-of-allie\pytest-35\test_all_valid_transitions_suc0\engagements\b2e34b3a-1c49-47e4-a0da-6080e1d36135\engagement.db (pool_size=5)
2026-06-19 07:53:37 - huginn - INFO - EngagementDatabase schema created: C:\Users\allie\AppData\Local\Temp\pytest-of-allie\pytest-35\test_all_valid_transitions_suc0\engagements\b2e34b3a-1c49-47e4-a0da-6080e1d36135\engagement.db
2026-06-19 07:53:37 - huginn - INFO - EngagementDatabase closed: C:\Users\allie\AppData\Local\Temp\pytest-of-allie\pytest-35\test_all_valid_transitions_suc0\engagements\b2e34b3a-1c49-47e4-a0da-6080e1d36135\engagement.db (5 connections)
2026-06-19 07:53:37 - huginn - INFO - Engagement created: b2e34b3a-1c49-47e4-a0da-6080e1d36135 (active->reporting)
2026-06-19 07:53:37 - huginn - INFO - State transition: b2e34b3a-1c49-47e4-a0da-6080e1d36135 draft -> scoping
2026-06-19 07:53:37 - huginn - INFO - State transition: b2e34b3a-1c49-47e4-a0da-6080e1d36135 scoping -> active
2026-06-19 07:53:37 - huginn - INFO - State transition: b2e34b3a-1c49-47e4-a0da-6080e1d36135 active -> reporting
2026-06-19 07:53:37 - huginn - INFO - EngagementDatabase connected: C:\Users\allie\AppData\Local\Temp\pytest-of-allie\pytest-35\test_all_valid_transitions_suc0\engagements\8b7305ee-a781-480e-83a4-2b3a33acf40d\engagement.db (pool_size=5)
2026-06-19 07:53:37 - huginn - INFO - EngagementDatabase schema created: C:\Users\allie\AppData\Local\Temp\pytest-of-allie\pytest-35\test_all_valid_transitions_suc0\engagements\8b7305ee-a781-480e-83a4-2b3a33acf40d\engagement.db
2026-06-19 07:53:37 - huginn - INFO - EngagementDatabase closed: C:\Users\allie\AppData\Local\Temp\pytest-of-allie\pytest-35\test_all_valid_transitions_suc0\engagements\8b7305ee-a781-480e-83a4-2b3a33acf40d\engagement.db (5 connections)
2026-06-19 07:53:37 - huginn - INFO - Engagement created: 8b7305ee-a781-480e-83a4-2b3a33acf40d (paused->active)
2026-06-19 07:53:37 - huginn - INFO - State transition: 8b7305ee-a781-480e-83a4-2b3a33acf40d draft -> scoping
2026-06-19 07:53:37 - huginn - INFO - State transition: 8b7305ee-a781-480e-83a4-2b3a33acf40d scoping -> active
2026-06-19 07:53:37 - huginn - INFO - State transition: 8b7305ee-a781-480e-83a4-2b3a33acf40d active -> paused
2026-06-19 07:53:37 - huginn - INFO - State transition: 8b7305ee-a781-480e-83a4-2b3a33acf40d paused -> active
2026-06-19 07:53:37 - huginn - INFO - EngagementDatabase connected: C:\Users\allie\AppData\Local\Temp\pytest-of-allie\pytest-35\test_all_valid_transitions_suc0\engagements\e3bbb159-38f2-4b64-8b65-2f80cc2820a4\engagement.db (pool_size=5)
2026-06-19 07:53:37 - huginn - INFO - EngagementDatabase schema created: C:\Users\allie\AppData\Local\Temp\pytest-of-allie\pytest-35\test_all_valid_transitions_suc0\engagements\e3bbb159-38f2-4b64-8b65-2f80cc2820a4\engagement.db
2026-06-19 07:53:37 - huginn - INFO - EngagementDatabase closed: C:\Users\allie\AppData\Local\Temp\pytest-of-allie\pytest-35\test_all_valid_transitions_suc0\engagements\e3bbb159-38f2-4b64-8b65-2f80cc2820a4\engagement.db (5 connections)
2026-06-19 07:53:37 - huginn - INFO - Engagement created: e3bbb159-38f2-4b64-8b65-2f80cc2820a4 (paused->closed)
2026-06-19 07:53:37 - huginn - INFO - State transition: e3bbb159-38f2-4b64-8b65-2f80cc2820a4 draft -> scoping
2026-06-19 07:53:37 - huginn - INFO - State transition: e3bbb159-38f2-4b64-8b65-2f80cc2820a4 scoping -> active
2026-06-19 07:53:37 - huginn - INFO - State transition: e3bbb159-38f2-4b64-8b65-2f80cc2820a4 active -> paused
2026-06-19 07:53:37 - huginn - INFO - State transition: e3bbb159-38f2-4b64-8b65-2f80cc2820a4 paused -> closed
2026-06-19 07:53:37 - huginn - INFO - EngagementDatabase connected: C:\Users\allie\AppData\Local\Temp\pytest-of-allie\pytest-35\test_all_valid_transitions_suc0\engagements\c42f6e05-2544-4ed9-a633-dd9c7fda251c\engagement.db (pool_size=5)
2026-06-19 07:53:37 - huginn - INFO - EngagementDatabase schema created: C:\Users\allie\AppData\Local\Temp\pytest-of-allie\pytest-35\test_all_valid_transitions_suc0\engagements\c42f6e05-2544-4ed9-a633-dd9c7fda251c\engagement.db
2026-06-19 07:53:37 - huginn - INFO - EngagementDatabase closed: C:\Users\allie\AppData\Local\Temp\pytest-of-allie\pytest-35\test_all_valid_transitions_suc0\engagements\c42f6e05-2544-4ed9-a633-dd9c7fda251c\engagement.db (5 connections)
2026-06-19 07:53:37 - huginn - INFO - Engagement created: c42f6e05-2544-4ed9-a633-dd9c7fda251c (retest->reporting)
2026-06-19 07:53:37 - huginn - INFO - State transition: c42f6e05-2544-4ed9-a633-dd9c7fda251c draft -> scoping
2026-06-19 07:53:37 - huginn - INFO - State transition: c42f6e05-2544-4ed9-a633-dd9c7fda251c scoping -> active
2026-06-19 07:53:37 - huginn - INFO - State transition: c42f6e05-2544-4ed9-a633-dd9c7fda251c active -> retest
2026-06-19 07:53:37 - huginn - INFO - State transition: c42f6e05-2544-4ed9-a633-dd9c7fda251c retest -> reporting
2026-06-19 07:53:37 - huginn - INFO - EngagementDatabase connected: C:\Users\allie\AppData\Local\Temp\pytest-of-allie\pytest-35\test_all_valid_transitions_suc0\engagements\7b28aa0b-980c-417e-9ea2-9b1786caad3c\engagement.db (pool_size=5)
2026-06-19 07:53:37 - huginn - INFO - EngagementDatabase schema created: C:\Users\allie\AppData\Local\Temp\pytest-of-allie\pytest-35\test_all_valid_transitions_suc0\engagements\7b28aa0b-980c-417e-9ea2-9b1786caad3c\engagement.db
2026-06-19 07:53:37 - huginn - INFO - EngagementDatabase closed: C:\Users\allie\AppData\Local\Temp\pytest-of-allie\pytest-35\test_all_valid_transitions_suc0\engagements\7b28aa0b-980c-417e-9ea2-9b1786caad3c\engagement.db (5 connections)
2026-06-19 07:53:37 - huginn - INFO - Engagement created: 7b28aa0b-980c-417e-9ea2-9b1786caad3c (retest->active)
2026-06-19 07:53:37 - huginn - INFO - State transition: 7b28aa0b-980c-417e-9ea2-9b1786caad3c draft -> scoping
2026-06-19 07:53:37 - huginn - INFO - State transition: 7b28aa0b-980c-417e-9ea2-9b1786caad3c scoping -> active
2026-06-19 07:53:37 - huginn - INFO - State transition: 7b28aa0b-980c-417e-9ea2-9b1786caad3c active -> retest
2026-06-19 07:53:37 - huginn - INFO - State transition: 7b28aa0b-980c-417e-9ea2-9b1786caad3c retest -> active
2026-06-19 07:53:37 - huginn - INFO - EngagementDatabase connected: C:\Users\allie\AppData\Local\Temp\pytest-of-allie\pytest-35\test_all_valid_transitions_suc0\engagements\4949737d-bcd0-406e-abfe-015120c1ff7f\engagement.db (pool_size=5)
2026-06-19 07:53:37 - huginn - INFO - EngagementDatabase schema created: C:\Users\allie\AppData\Local\Temp\pytest-of-allie\pytest-35\test_all_valid_transitions_suc0\engagements\4949737d-bcd0-406e-abfe-015120c1ff7f\engagement.db
2026-06-19 07:53:37 - huginn - INFO - EngagementDatabase closed: C:\Users\allie\AppData\Local\Temp\pytest-of-allie\pytest-35\test_all_valid_transitions_suc0\engagements\4949737d-bcd0-406e-abfe-015120c1ff7f\engagement.db (5 connections)
2026-06-19 07:53:37 - huginn - INFO - Engagement created: 4949737d-bcd0-406e-abfe-015120c1ff7f (reporting->closed)
2026-06-19 07:53:37 - huginn - INFO - State transition: 4949737d-bcd0-406e-abfe-015120c1ff7f draft -> scoping
2026-06-19 07:53:37 - huginn - INFO - State transition: 4949737d-bcd0-406e-abfe-015120c1ff7f scoping -> active
2026-06-19 07:53:37 - huginn - INFO - State transition: 4949737d-bcd0-406e-abfe-015120c1ff7f active -> reporting
2026-06-19 07:53:37 - huginn - INFO - State transition: 4949737d-bcd0-406e-abfe-015120c1ff7f reporting -> closed
2026-06-19 07:53:37 - huginn - INFO - EngagementDatabase connected: C:\Users\allie\AppData\Local\Temp\pytest-of-allie\pytest-35\test_all_valid_transitions_suc0\engagements\0f818948-4069-4a28-8941-c1972f255f95\engagement.db (pool_size=5)
2026-06-19 07:53:37 - huginn - INFO - EngagementDatabase schema created: C:\Users\allie\AppData\Local\Temp\pytest-of-allie\pytest-35\test_all_valid_transitions_suc0\engagements\0f818948-4069-4a28-8941-c1972f255f95\engagement.db
2026-06-19 07:53:37 - huginn - INFO - EngagementDatabase closed: C:\Users\allie\AppData\Local\Temp\pytest-of-allie\pytest-35\test_all_valid_transitions_suc0\engagements\0f818948-4069-4a28-8941-c1972f255f95\engagement.db (5 connections)
2026-06-19 07:53:37 - huginn - INFO - Engagement created: 0f818948-4069-4a28-8941-c1972f255f95 (reporting->retest)
2026-06-19 07:53:37 - huginn - INFO - State transition: 0f818948-4069-4a28-8941-c1972f255f95 draft -> scoping
2026-06-19 07:53:37 - huginn - INFO - State transition: 0f818948-4069-4a28-8941-c1972f255f95 scoping -> active
2026-06-19 07:53:37 - huginn - INFO - State transition: 0f818948-4069-4a28-8941-c1972f255f95 active -> reporting
2026-06-19 07:53:37 - huginn - INFO - State transition: 0f818948-4069-4a28-8941-c1972f255f95 reporting -> retest
2026-06-19 07:53:37 - huginn - INFO - EngagementManager closed.
2026-06-19 07:53:37 - huginn - INFO - Master index schema initialized.
2026-06-19 07:53:37 - huginn - INFO - EngagementDatabase connected: C:\Users\allie\AppData\Local\Temp\pytest-of-allie\pytest-35\test_open_engagement_success0\engagements\eca24386-6304-46a1-9400-54a3aa151e02\engagement.db (pool_size=5)
2026-06-19 07:53:37 - huginn - INFO - EngagementDatabase schema created: C:\Users\allie\AppData\Local\Temp\pytest-of-allie\pytest-35\test_open_engagement_success0\engagements\eca24386-6304-46a1-9400-54a3aa151e02\engagement.db
2026-06-19 07:53:37 - huginn - INFO - EngagementDatabase closed: C:\Users\allie\AppData\Local\Temp\pytest-of-allie\pytest-35\test_open_engagement_success0\engagements\eca24386-6304-46a1-9400-54a3aa151e02\engagement.db (5 connections)
2026-06-19 07:53:37 - huginn - INFO - Engagement created: eca24386-6304-46a1-9400-54a3aa151e02 (Open Test)
2026-06-19 07:53:37 - huginn - INFO - EngagementDatabase connected: C:\Users\allie\AppData\Local\Temp\pytest-of-allie\pytest-35\test_open_engagement_success0\engagements\eca24386-6304-46a1-9400-54a3aa151e02\engagement.db (pool_size=5)
2026-06-19 07:53:37 - huginn - INFO - Engagement opened: eca24386-6304-46a1-9400-54a3aa151e02
2026-06-19 07:53:37 - huginn - INFO - EngagementDatabase closed: C:\Users\allie\AppData\Local\Temp\pytest-of-allie\pytest-35\test_open_engagement_success0\engagements\eca24386-6304-46a1-9400-54a3aa151e02\engagement.db (5 connections)
2026-06-19 07:53:37 - huginn - INFO - Active engagement closed.
2026-06-19 07:53:37 - huginn - INFO - EngagementManager closed.
2026-06-19 07:53:37 - huginn - INFO - Master index schema initialized.
2026-06-19 07:53:37 - huginn - ERROR - Engagement not found: nonexistent-id
2026-06-19 07:53:37 - huginn - INFO - EngagementManager closed.
2026-06-19 07:53:37 - huginn - INFO - Master index schema initialized.
2026-06-19 07:53:37 - huginn - INFO - EngagementDatabase connected: C:\Users\allie\AppData\Local\Temp\pytest-of-allie\pytest-35\test_open_closes_previous_enga0\engagements\10dbc36b-74fb-42ac-96ca-e87e1859ca43\engagement.db (pool_size=5)
2026-06-19 07:53:37 - huginn - INFO - EngagementDatabase schema created: C:\Users\allie\AppData\Local\Temp\pytest-of-allie\pytest-35\test_open_closes_previous_enga0\engagements\10dbc36b-74fb-42ac-96ca-e87e1859ca43\engagement.db
2026-06-19 07:53:37 - huginn - INFO - EngagementDatabase closed: C:\Users\allie\AppData\Local\Temp\pytest-of-allie\pytest-35\test_open_closes_previous_enga0\engagements\10dbc36b-74fb-42ac-96ca-e87e1859ca43\engagement.db (5 connections)
2026-06-19 07:53:37 - huginn - INFO - Engagement created: 10dbc36b-74fb-42ac-96ca-e87e1859ca43 (First)
2026-06-19 07:53:37 - huginn - INFO - EngagementDatabase connected: C:\Users\allie\AppData\Local\Temp\pytest-of-allie\pytest-35\test_open_closes_previous_enga0\engagements\350e816d-f9af-45ee-808c-725bd5f23536\engagement.db (pool_size=5)
2026-06-19 07:53:37 - huginn - INFO - EngagementDatabase schema created: C:\Users\allie\AppData\Local\Temp\pytest-of-allie\pytest-35\test_open_closes_previous_enga0\engagements\350e816d-f9af-45ee-808c-725bd5f23536\engagement.db
2026-06-19 07:53:37 - huginn - INFO - EngagementDatabase closed: C:\Users\allie\AppData\Local\Temp\pytest-of-allie\pytest-35\test_open_closes_previous_enga0\engagements\350e816d-f9af-45ee-808c-725bd5f23536\engagement.db (5 connections)
2026-06-19 07:53:37 - huginn - INFO - Engagement created: 350e816d-f9af-45ee-808c-725bd5f23536 (Second)
2026-06-19 07:53:37 - huginn - INFO - EngagementDatabase connected: C:\Users\allie\AppData\Local\Temp\pytest-of-allie\pytest-35\test_open_closes_previous_enga0\engagements\10dbc36b-74fb-42ac-96ca-e87e1859ca43\engagement.db (pool_size=5)
2026-06-19 07:53:37 - huginn - INFO - Engagement opened: 10dbc36b-74fb-42ac-96ca-e87e1859ca43
2026-06-19 07:53:37 - huginn - INFO - EngagementDatabase closed: C:\Users\allie\AppData\Local\Temp\pytest-of-allie\pytest-35\test_open_closes_previous_enga0\engagements\10dbc36b-74fb-42ac-96ca-e87e1859ca43\engagement.db (5 connections)
2026-06-19 07:53:37 - huginn - INFO - EngagementDatabase connected: C:\Users\allie\AppData\Local\Temp\pytest-of-allie\pytest-35\test_open_closes_previous_enga0\engagements\350e816d-f9af-45ee-808c-725bd5f23536\engagement.db (pool_size=5)
2026-06-19 07:53:37 - huginn - INFO - Engagement opened: 350e816d-f9af-45ee-808c-725bd5f23536
2026-06-19 07:53:37 - huginn - INFO - EngagementDatabase closed: C:\Users\allie\AppData\Local\Temp\pytest-of-allie\pytest-35\test_open_closes_previous_enga0\engagements\350e816d-f9af-45ee-808c-725bd5f23536\engagement.db (5 connections)
2026-06-19 07:53:37 - huginn - INFO - Active engagement closed.
2026-06-19 07:53:37 - huginn - INFO - EngagementManager closed.
2026-06-19 07:53:37 - huginn - INFO - Master index schema initialized.
2026-06-19 07:53:37 - huginn - INFO - EngagementDatabase connected: C:\Users\allie\AppData\Local\Temp\pytest-of-allie\pytest-35\test_add_and_get_document0\engagements\a1a49f62-50b4-4bb6-8a8a-4a4e8d99d85e\engagement.db (pool_size=5)
2026-06-19 07:53:37 - huginn - INFO - EngagementDatabase schema created: C:\Users\allie\AppData\Local\Temp\pytest-of-allie\pytest-35\test_add_and_get_document0\engagements\a1a49f62-50b4-4bb6-8a8a-4a4e8d99d85e\engagement.db
2026-06-19 07:53:37 - huginn - INFO - EngagementDatabase closed: C:\Users\allie\AppData\Local\Temp\pytest-of-allie\pytest-35\test_add_and_get_document0\engagements\a1a49f62-50b4-4bb6-8a8a-4a4e8d99d85e\engagement.db (5 connections)
2026-06-19 07:53:37 - huginn - INFO - Engagement created: a1a49f62-50b4-4bb6-8a8a-4a4e8d99d85e (Doc Test)
2026-06-19 07:53:37 - huginn - INFO - EngagementDatabase connected: C:\Users\allie\AppData\Local\Temp\pytest-of-allie\pytest-35\test_add_and_get_document0\engagements\a1a49f62-50b4-4bb6-8a8a-4a4e8d99d85e\engagement.db (pool_size=5)
2026-06-19 07:53:37 - huginn - INFO - Engagement opened: a1a49f62-50b4-4bb6-8a8a-4a4e8d99d85e
2026-06-19 07:53:37 - huginn - DEBUG - Document added: scope.pdf (type=scope)
2026-06-19 07:53:37 - huginn - INFO - EngagementDatabase closed: C:\Users\allie\AppData\Local\Temp\pytest-of-allie\pytest-35\test_add_and_get_document0\engagements\a1a49f62-50b4-4bb6-8a8a-4a4e8d99d85e\engagement.db (5 connections)
2026-06-19 07:53:37 - huginn - INFO - Active engagement closed.
2026-06-19 07:53:37 - huginn - INFO - EngagementManager closed.
2026-06-19 07:53:37 - huginn - INFO - Master index schema initialized.
2026-06-19 07:53:37 - huginn - INFO - EngagementDatabase connected: C:\Users\allie\AppData\Local\Temp\pytest-of-allie\pytest-35\test_get_document_content0\engagements\c7e43b7d-d65d-47f4-a50a-ef1285ad5519\engagement.db (pool_size=5)
2026-06-19 07:53:37 - huginn - INFO - EngagementDatabase schema created: C:\Users\allie\AppData\Local\Temp\pytest-of-allie\pytest-35\test_get_document_content0\engagements\c7e43b7d-d65d-47f4-a50a-ef1285ad5519\engagement.db
2026-06-19 07:53:37 - huginn - INFO - EngagementDatabase closed: C:\Users\allie\AppData\Local\Temp\pytest-of-allie\pytest-35\test_get_document_content0\engagements\c7e43b7d-d65d-47f4-a50a-ef1285ad5519\engagement.db (5 connections)
2026-06-19 07:53:37 - huginn - INFO - Engagement created: c7e43b7d-d65d-47f4-a50a-ef1285ad5519 (Doc Test)
2026-06-19 07:53:37 - huginn - INFO - EngagementDatabase connected: C:\Users\allie\AppData\Local\Temp\pytest-of-allie\pytest-35\test_get_document_content0\engagements\c7e43b7d-d65d-47f4-a50a-ef1285ad5519\engagement.db (pool_size=5)
2026-06-19 07:53:37 - huginn - INFO - Engagement opened: c7e43b7d-d65d-47f4-a50a-ef1285ad5519
2026-06-19 07:53:37 - huginn - DEBUG - Document added: test.bin (type=other)
2026-06-19 07:53:37 - huginn - INFO - EngagementDatabase closed: C:\Users\allie\AppData\Local\Temp\pytest-of-allie\pytest-35\test_get_document_content0\engagements\c7e43b7d-d65d-47f4-a50a-ef1285ad5519\engagement.db (5 connections)
2026-06-19 07:53:37 - huginn - INFO - Active engagement closed.
2026-06-19 07:53:37 - huginn - INFO - EngagementManager closed.
2026-06-19 07:53:37 - huginn - INFO - Master index schema initialized.
2026-06-19 07:53:37 - huginn - INFO - EngagementDatabase connected: C:\Users\allie\AppData\Local\Temp\pytest-of-allie\pytest-35\test_filter_documents_by_type0\engagements\fbb31967-713b-438a-b295-b7a3e96b1a21\engagement.db (pool_size=5)
2026-06-19 07:53:37 - huginn - INFO - EngagementDatabase schema created: C:\Users\allie\AppData\Local\Temp\pytest-of-allie\pytest-35\test_filter_documents_by_type0\engagements\fbb31967-713b-438a-b295-b7a3e96b1a21\engagement.db
2026-06-19 07:53:37 - huginn - INFO - EngagementDatabase closed: C:\Users\allie\AppData\Local\Temp\pytest-of-allie\pytest-35\test_filter_documents_by_type0\engagements\fbb31967-713b-438a-b295-b7a3e96b1a21\engagement.db (5 connections)
2026-06-19 07:53:37 - huginn - INFO - Engagement created: fbb31967-713b-438a-b295-b7a3e96b1a21 (Doc Test)
2026-06-19 07:53:37 - huginn - INFO - EngagementDatabase connected: C:\Users\allie\AppData\Local\Temp\pytest-of-allie\pytest-35\test_filter_documents_by_type0\engagements\fbb31967-713b-438a-b295-b7a3e96b1a21\engagement.db (pool_size=5)
2026-06-19 07:53:37 - huginn - INFO - Engagement opened: fbb31967-713b-438a-b295-b7a3e96b1a21
2026-06-19 07:53:37 - huginn - DEBUG - Document added: scope.pdf (type=scope)
2026-06-19 07:53:37 - huginn - DEBUG - Document added: nda.pdf (type=nda)
2026-06-19 07:53:37 - huginn - INFO - EngagementDatabase closed: C:\Users\allie\AppData\Local\Temp\pytest-of-allie\pytest-35\test_filter_documents_by_type0\engagements\fbb31967-713b-438a-b295-b7a3e96b1a21\engagement.db (5 connections)
2026-06-19 07:53:37 - huginn - INFO - Active engagement closed.
2026-06-19 07:53:37 - huginn - INFO - EngagementManager closed.
2026-06-19 07:53:37 - huginn - INFO - Master index schema initialized.
2026-06-19 07:53:37 - huginn - INFO - EngagementDatabase connected: C:\Users\allie\AppData\Local\Temp\pytest-of-allie\pytest-35\test_delete_document0\engagements\99bf0f00-b2e5-4f85-8f96-91435ad7e611\engagement.db (pool_size=5)
2026-06-19 07:53:37 - huginn - INFO - EngagementDatabase schema created: C:\Users\allie\AppData\Local\Temp\pytest-of-allie\pytest-35\test_delete_document0\engagements\99bf0f00-b2e5-4f85-8f96-91435ad7e611\engagement.db
2026-06-19 07:53:37 - huginn - INFO - EngagementDatabase closed: C:\Users\allie\AppData\Local\Temp\pytest-of-allie\pytest-35\test_delete_document0\engagements\99bf0f00-b2e5-4f85-8f96-91435ad7e611\engagement.db (5 connections)
2026-06-19 07:53:37 - huginn - INFO - Engagement created: 99bf0f00-b2e5-4f85-8f96-91435ad7e611 (Doc Test)
2026-06-19 07:53:37 - huginn - INFO - EngagementDatabase connected: C:\Users\allie\AppData\Local\Temp\pytest-of-allie\pytest-35\test_delete_document0\engagements\99bf0f00-b2e5-4f85-8f96-91435ad7e611\engagement.db (pool_size=5)
2026-06-19 07:53:37 - huginn - INFO - Engagement opened: 99bf0f00-b2e5-4f85-8f96-91435ad7e611
2026-06-19 07:53:37 - huginn - DEBUG - Document added: del.pdf (type=other)
2026-06-19 07:53:37 - huginn - INFO - EngagementDatabase closed: C:\Users\allie\AppData\Local\Temp\pytest-of-allie\pytest-35\test_delete_document0\engagements\99bf0f00-b2e5-4f85-8f96-91435ad7e611\engagement.db (5 connections)
2026-06-19 07:53:37 - huginn - INFO - Active engagement closed.
2026-06-19 07:53:37 - huginn - INFO - EngagementManager closed.
2026-06-19 07:53:37 - huginn - INFO - Master index schema initialized.
2026-06-19 07:53:37 - huginn - INFO - EngagementDatabase connected: C:\Users\allie\AppData\Local\Temp\pytest-of-allie\pytest-35\test_add_and_list_contacts0\engagements\6193e44f-43e8-439b-9c47-5f3ed5ab7d86\engagement.db (pool_size=5)
2026-06-19 07:53:37 - huginn - INFO - EngagementDatabase schema created: C:\Users\allie\AppData\Local\Temp\pytest-of-allie\pytest-35\test_add_and_list_contacts0\engagements\6193e44f-43e8-439b-9c47-5f3ed5ab7d86\engagement.db
2026-06-19 07:53:37 - huginn - INFO - EngagementDatabase closed: C:\Users\allie\AppData\Local\Temp\pytest-of-allie\pytest-35\test_add_and_list_contacts0\engagements\6193e44f-43e8-439b-9c47-5f3ed5ab7d86\engagement.db (5 connections)
2026-06-19 07:53:37 - huginn - INFO - Engagement created: 6193e44f-43e8-439b-9c47-5f3ed5ab7d86 (Contact Test)
2026-06-19 07:53:37 - huginn - INFO - EngagementDatabase connected: C:\Users\allie\AppData\Local\Temp\pytest-of-allie\pytest-35\test_add_and_list_contacts0\engagements\6193e44f-43e8-439b-9c47-5f3ed5ab7d86\engagement.db (pool_size=5)
2026-06-19 07:53:37 - huginn - INFO - Engagement opened: 6193e44f-43e8-439b-9c47-5f3ed5ab7d86
2026-06-19 07:53:37 - huginn - DEBUG - Contact added: John Doe (CTO)
2026-06-19 07:53:37 - huginn - INFO - EngagementDatabase closed: C:\Users\allie\AppData\Local\Temp\pytest-of-allie\pytest-35\test_add_and_list_contacts0\engagements\6193e44f-43e8-439b-9c47-5f3ed5ab7d86\engagement.db (5 connections)
2026-06-19 07:53:37 - huginn - INFO - Active engagement closed.
2026-06-19 07:53:37 - huginn - INFO - EngagementManager closed.
2026-06-19 07:53:37 - huginn - INFO - Master index schema initialized.
2026-06-19 07:53:37 - huginn - INFO - EngagementDatabase connected: C:\Users\allie\AppData\Local\Temp\pytest-of-allie\pytest-35\test_update_contact0\engagements\2336411a-ef0e-41be-98c8-abd01a4ff3a2\engagement.db (pool_size=5)
2026-06-19 07:53:37 - huginn - INFO - EngagementDatabase schema created: C:\Users\allie\AppData\Local\Temp\pytest-of-allie\pytest-35\test_update_contact0\engagements\2336411a-ef0e-41be-98c8-abd01a4ff3a2\engagement.db
2026-06-19 07:53:37 - huginn - INFO - EngagementDatabase closed: C:\Users\allie\AppData\Local\Temp\pytest-of-allie\pytest-35\test_update_contact0\engagements\2336411a-ef0e-41be-98c8-abd01a4ff3a2\engagement.db (5 connections)
2026-06-19 07:53:37 - huginn - INFO - Engagement created: 2336411a-ef0e-41be-98c8-abd01a4ff3a2 (Contact Test)
2026-06-19 07:53:37 - huginn - INFO - EngagementDatabase connected: C:\Users\allie\AppData\Local\Temp\pytest-of-allie\pytest-35\test_update_contact0\engagements\2336411a-ef0e-41be-98c8-abd01a4ff3a2\engagement.db (pool_size=5)
2026-06-19 07:53:37 - huginn - INFO - Engagement opened: 2336411a-ef0e-41be-98c8-abd01a4ff3a2
2026-06-19 07:53:37 - huginn - DEBUG - Contact added: Jane (PM)
2026-06-19 07:53:37 - huginn - INFO - EngagementDatabase closed: C:\Users\allie\AppData\Local\Temp\pytest-of-allie\pytest-35\test_update_contact0\engagements\2336411a-ef0e-41be-98c8-abd01a4ff3a2\engagement.db (5 connections)
2026-06-19 07:53:37 - huginn - INFO - Active engagement closed.
2026-06-19 07:53:37 - huginn - INFO - EngagementManager closed.
2026-06-19 07:53:37 - huginn - INFO - Master index schema initialized.
2026-06-19 07:53:37 - huginn - INFO - EngagementDatabase connected: C:\Users\allie\AppData\Local\Temp\pytest-of-allie\pytest-35\test_delete_contact0\engagements\af0ea9b1-d364-4e1a-a719-00c21766dfb1\engagement.db (pool_size=5)
2026-06-19 07:53:37 - huginn - INFO - EngagementDatabase schema created: C:\Users\allie\AppData\Local\Temp\pytest-of-allie\pytest-35\test_delete_contact0\engagements\af0ea9b1-d364-4e1a-a719-00c21766dfb1\engagement.db
2026-06-19 07:53:37 - huginn - INFO - EngagementDatabase closed: C:\Users\allie\AppData\Local\Temp\pytest-of-allie\pytest-35\test_delete_contact0\engagements\af0ea9b1-d364-4e1a-a719-00c21766dfb1\engagement.db (5 connections)
2026-06-19 07:53:37 - huginn - INFO - Engagement created: af0ea9b1-d364-4e1a-a719-00c21766dfb1 (Contact Test)
2026-06-19 07:53:37 - huginn - INFO - EngagementDatabase connected: C:\Users\allie\AppData\Local\Temp\pytest-of-allie\pytest-35\test_delete_contact0\engagements\af0ea9b1-d364-4e1a-a719-00c21766dfb1\engagement.db (pool_size=5)
2026-06-19 07:53:37 - huginn - INFO - Engagement opened: af0ea9b1-d364-4e1a-a719-00c21766dfb1
2026-06-19 07:53:37 - huginn - DEBUG - Contact added: Delete Me (None)
2026-06-19 07:53:37 - huginn - INFO - EngagementDatabase closed: C:\Users\allie\AppData\Local\Temp\pytest-of-allie\pytest-35\test_delete_contact0\engagements\af0ea9b1-d364-4e1a-a719-00c21766dfb1\engagement.db (5 connections)
2026-06-19 07:53:37 - huginn - INFO - Active engagement closed.
2026-06-19 07:53:37 - huginn - INFO - EngagementManager closed.
2026-06-19 07:53:37 - huginn - INFO - Master index schema initialized.
2026-06-19 07:53:38 - huginn - INFO - EngagementDatabase connected: C:\Users\allie\AppData\Local\Temp\pytest-of-allie\pytest-35\test_set_and_get_roe0\engagements\f2623858-8917-4657-925f-33d547ad170c\engagement.db (pool_size=5)
2026-06-19 07:53:38 - huginn - INFO - EngagementDatabase schema created: C:\Users\allie\AppData\Local\Temp\pytest-of-allie\pytest-35\test_set_and_get_roe0\engagements\f2623858-8917-4657-925f-33d547ad170c\engagement.db
2026-06-19 07:53:38 - huginn - INFO - EngagementDatabase closed: C:\Users\allie\AppData\Local\Temp\pytest-of-allie\pytest-35\test_set_and_get_roe0\engagements\f2623858-8917-4657-925f-33d547ad170c\engagement.db (5 connections)
2026-06-19 07:53:38 - huginn - INFO - Engagement created: f2623858-8917-4657-925f-33d547ad170c (RoE Test)
2026-06-19 07:53:38 - huginn - INFO - EngagementDatabase connected: C:\Users\allie\AppData\Local\Temp\pytest-of-allie\pytest-35\test_set_and_get_roe0\engagements\f2623858-8917-4657-925f-33d547ad170c\engagement.db (pool_size=5)
2026-06-19 07:53:38 - huginn - INFO - Engagement opened: f2623858-8917-4657-925f-33d547ad170c
2026-06-19 07:53:38 - huginn - INFO - EngagementDatabase closed: C:\Users\allie\AppData\Local\Temp\pytest-of-allie\pytest-35\test_set_and_get_roe0\engagements\f2623858-8917-4657-925f-33d547ad170c\engagement.db (5 connections)
2026-06-19 07:53:38 - huginn - INFO - Active engagement closed.
2026-06-19 07:53:38 - huginn - INFO - EngagementManager closed.
2026-06-19 07:53:38 - huginn - INFO - Master index schema initialized.
2026-06-19 07:53:38 - huginn - INFO - EngagementDatabase connected: C:\Users\allie\AppData\Local\Temp\pytest-of-allie\pytest-35\test_update_roe_overwrites0\engagements\c6ae4f0e-a286-45a2-a0e0-c027c01a404d\engagement.db (pool_size=5)
2026-06-19 07:53:38 - huginn - INFO - EngagementDatabase schema created: C:\Users\allie\AppData\Local\Temp\pytest-of-allie\pytest-35\test_update_roe_overwrites0\engagements\c6ae4f0e-a286-45a2-a0e0-c027c01a404d\engagement.db
2026-06-19 07:53:38 - huginn - INFO - EngagementDatabase closed: C:\Users\allie\AppData\Local\Temp\pytest-of-allie\pytest-35\test_update_roe_overwrites0\engagements\c6ae4f0e-a286-45a2-a0e0-c027c01a404d\engagement.db (5 connections)
2026-06-19 07:53:38 - huginn - INFO - Engagement created: c6ae4f0e-a286-45a2-a0e0-c027c01a404d (RoE Test)
2026-06-19 07:53:38 - huginn - INFO - EngagementDatabase connected: C:\Users\allie\AppData\Local\Temp\pytest-of-allie\pytest-35\test_update_roe_overwrites0\engagements\c6ae4f0e-a286-45a2-a0e0-c027c01a404d\engagement.db (pool_size=5)
2026-06-19 07:53:38 - huginn - INFO - Engagement opened: c6ae4f0e-a286-45a2-a0e0-c027c01a404d
2026-06-19 07:53:38 - huginn - INFO - EngagementDatabase closed: C:\Users\allie\AppData\Local\Temp\pytest-of-allie\pytest-35\test_update_roe_overwrites0\engagements\c6ae4f0e-a286-45a2-a0e0-c027c01a404d\engagement.db (5 connections)
2026-06-19 07:53:38 - huginn - INFO - Active engagement closed.
2026-06-19 07:53:38 - huginn - INFO - EngagementManager closed.
2026-06-19 07:53:38 - huginn - INFO - Master index schema initialized.
2026-06-19 07:53:38 - huginn - INFO - EngagementDatabase connected: C:\Users\allie\AppData\Local\Temp\pytest-of-allie\pytest-35\test_get_roe_returns_none_when0\engagements\720e5615-a51e-433d-891c-f8f6501d765f\engagement.db (pool_size=5)
2026-06-19 07:53:38 - huginn - INFO - EngagementDatabase schema created: C:\Users\allie\AppData\Local\Temp\pytest-of-allie\pytest-35\test_get_roe_returns_none_when0\engagements\720e5615-a51e-433d-891c-f8f6501d765f\engagement.db
2026-06-19 07:53:38 - huginn - INFO - EngagementDatabase closed: C:\Users\allie\AppData\Local\Temp\pytest-of-allie\pytest-35\test_get_roe_returns_none_when0\engagements\720e5615-a51e-433d-891c-f8f6501d765f\engagement.db (5 connections)
2026-06-19 07:53:38 - huginn - INFO - Engagement created: 720e5615-a51e-433d-891c-f8f6501d765f (RoE Test)
2026-06-19 07:53:38 - huginn - INFO - EngagementDatabase connected: C:\Users\allie\AppData\Local\Temp\pytest-of-allie\pytest-35\test_get_roe_returns_none_when0\engagements\720e5615-a51e-433d-891c-f8f6501d765f\engagement.db (pool_size=5)
2026-06-19 07:53:38 - huginn - INFO - Engagement opened: 720e5615-a51e-433d-891c-f8f6501d765f
2026-06-19 07:53:38 - huginn - INFO - EngagementDatabase closed: C:\Users\allie\AppData\Local\Temp\pytest-of-allie\pytest-35\test_get_roe_returns_none_when0\engagements\720e5615-a51e-433d-891c-f8f6501d765f\engagement.db (5 connections)
2026-06-19 07:53:38 - huginn - INFO - Active engagement closed.
2026-06-19 07:53:38 - huginn - INFO - EngagementManager closed.
2026-06-19 07:53:38 - huginn - INFO - Master index schema initialized.
2026-06-19 07:53:38 - huginn - INFO - EngagementDatabase connected: C:\Users\allie\AppData\Local\Temp\pytest-of-allie\pytest-35\test_add_and_list_milestones0\engagements\07f252e0-6746-4484-8505-e63bd7d98c38\engagement.db (pool_size=5)
2026-06-19 07:53:38 - huginn - INFO - EngagementDatabase schema created: C:\Users\allie\AppData\Local\Temp\pytest-of-allie\pytest-35\test_add_and_list_milestones0\engagements\07f252e0-6746-4484-8505-e63bd7d98c38\engagement.db
2026-06-19 07:53:38 - huginn - INFO - EngagementDatabase closed: C:\Users\allie\AppData\Local\Temp\pytest-of-allie\pytest-35\test_add_and_list_milestones0\engagements\07f252e0-6746-4484-8505-e63bd7d98c38\engagement.db (5 connections)
2026-06-19 07:53:38 - huginn - INFO - Engagement created: 07f252e0-6746-4484-8505-e63bd7d98c38 (Milestone Test)
2026-06-19 07:53:38 - huginn - INFO - EngagementDatabase connected: C:\Users\allie\AppData\Local\Temp\pytest-of-allie\pytest-35\test_add_and_list_milestones0\engagements\07f252e0-6746-4484-8505-e63bd7d98c38\engagement.db (pool_size=5)
2026-06-19 07:53:38 - huginn - INFO - Engagement opened: 07f252e0-6746-4484-8505-e63bd7d98c38
2026-06-19 07:53:38 - huginn - DEBUG - Milestone added: Kickoff (planned_start)
2026-06-19 07:53:38 - huginn - INFO - EngagementDatabase closed: C:\Users\allie\AppData\Local\Temp\pytest-of-allie\pytest-35\test_add_and_list_milestones0\engagements\07f252e0-6746-4484-8505-e63bd7d98c38\engagement.db (5 connections)
2026-06-19 07:53:38 - huginn - INFO - Active engagement closed.
2026-06-19 07:53:38 - huginn - INFO - EngagementManager closed.
2026-06-19 07:53:38 - huginn - INFO - Master index schema initialized.
2026-06-19 07:53:38 - huginn - INFO - EngagementDatabase connected: C:\Users\allie\AppData\Local\Temp\pytest-of-allie\pytest-35\test_milestones_ordered_by_dat0\engagements\41a5ffcc-3c66-45eb-a00d-1a60cf4d88b3\engagement.db (pool_size=5)
2026-06-19 07:53:38 - huginn - INFO - EngagementDatabase schema created: C:\Users\allie\AppData\Local\Temp\pytest-of-allie\pytest-35\test_milestones_ordered_by_dat0\engagements\41a5ffcc-3c66-45eb-a00d-1a60cf4d88b3\engagement.db
2026-06-19 07:53:38 - huginn - INFO - EngagementDatabase closed: C:\Users\allie\AppData\Local\Temp\pytest-of-allie\pytest-35\test_milestones_ordered_by_dat0\engagements\41a5ffcc-3c66-45eb-a00d-1a60cf4d88b3\engagement.db (5 connections)
2026-06-19 07:53:38 - huginn - INFO - Engagement created: 41a5ffcc-3c66-45eb-a00d-1a60cf4d88b3 (Milestone Test)
2026-06-19 07:53:38 - huginn - INFO - EngagementDatabase connected: C:\Users\allie\AppData\Local\Temp\pytest-of-allie\pytest-35\test_milestones_ordered_by_dat0\engagements\41a5ffcc-3c66-45eb-a00d-1a60cf4d88b3\engagement.db (pool_size=5)
2026-06-19 07:53:38 - huginn - INFO - Engagement opened: 41a5ffcc-3c66-45eb-a00d-1a60cf4d88b3
2026-06-19 07:53:38 - huginn - DEBUG - Milestone added: End (planned_end)
2026-06-19 07:53:38 - huginn - DEBUG - Milestone added: Start (planned_start)
2026-06-19 07:53:38 - huginn - DEBUG - Milestone added: Mid (checkpoint)
2026-06-19 07:53:38 - huginn - INFO - EngagementDatabase closed: C:\Users\allie\AppData\Local\Temp\pytest-of-allie\pytest-35\test_milestones_ordered_by_dat0\engagements\41a5ffcc-3c66-45eb-a00d-1a60cf4d88b3\engagement.db (5 connections)
2026-06-19 07:53:38 - huginn - INFO - Active engagement closed.
2026-06-19 07:53:38 - huginn - INFO - EngagementManager closed.
2026-06-19 07:53:38 - huginn - INFO - Master index schema initialized.
2026-06-19 07:53:38 - huginn - INFO - EngagementDatabase connected: C:\Users\allie\AppData\Local\Temp\pytest-of-allie\pytest-35\test_update_milestone0\engagements\54e966b7-aaa8-4c8d-ba3f-a0852621216d\engagement.db (pool_size=5)
2026-06-19 07:53:38 - huginn - INFO - EngagementDatabase schema created: C:\Users\allie\AppData\Local\Temp\pytest-of-allie\pytest-35\test_update_milestone0\engagements\54e966b7-aaa8-4c8d-ba3f-a0852621216d\engagement.db
2026-06-19 07:53:38 - huginn - INFO - EngagementDatabase closed: C:\Users\allie\AppData\Local\Temp\pytest-of-allie\pytest-35\test_update_milestone0\engagements\54e966b7-aaa8-4c8d-ba3f-a0852621216d\engagement.db (5 connections)
2026-06-19 07:53:38 - huginn - INFO - Engagement created: 54e966b7-aaa8-4c8d-ba3f-a0852621216d (Milestone Test)
2026-06-19 07:53:38 - huginn - INFO - EngagementDatabase connected: C:\Users\allie\AppData\Local\Temp\pytest-of-allie\pytest-35\test_update_milestone0\engagements\54e966b7-aaa8-4c8d-ba3f-a0852621216d\engagement.db (pool_size=5)
2026-06-19 07:53:38 - huginn - INFO - Engagement opened: 54e966b7-aaa8-4c8d-ba3f-a0852621216d
2026-06-19 07:53:38 - huginn - DEBUG - Milestone added: Old Name (checkpoint)
2026-06-19 07:53:38 - huginn - INFO - EngagementDatabase closed: C:\Users\allie\AppData\Local\Temp\pytest-of-allie\pytest-35\test_update_milestone0\engagements\54e966b7-aaa8-4c8d-ba3f-a0852621216d\engagement.db (5 connections)
2026-06-19 07:53:38 - huginn - INFO - Active engagement closed.
2026-06-19 07:53:38 - huginn - INFO - EngagementManager closed.
2026-06-19 07:53:38 - huginn - INFO - Master index schema initialized.
2026-06-19 07:53:38 - huginn - INFO - EngagementDatabase connected: C:\Users\allie\AppData\Local\Temp\pytest-of-allie\pytest-35\test_delete_milestone0\engagements\417d77ed-d285-44bb-96b1-321f1daf4d4d\engagement.db (pool_size=5)
2026-06-19 07:53:38 - huginn - INFO - EngagementDatabase schema created: C:\Users\allie\AppData\Local\Temp\pytest-of-allie\pytest-35\test_delete_milestone0\engagements\417d77ed-d285-44bb-96b1-321f1daf4d4d\engagement.db
2026-06-19 07:53:38 - huginn - INFO - EngagementDatabase closed: C:\Users\allie\AppData\Local\Temp\pytest-of-allie\pytest-35\test_delete_milestone0\engagements\417d77ed-d285-44bb-96b1-321f1daf4d4d\engagement.db (5 connections)
2026-06-19 07:53:38 - huginn - INFO - Engagement created: 417d77ed-d285-44bb-96b1-321f1daf4d4d (Milestone Test)
2026-06-19 07:53:38 - huginn - INFO - EngagementDatabase connected: C:\Users\allie\AppData\Local\Temp\pytest-of-allie\pytest-35\test_delete_milestone0\engagements\417d77ed-d285-44bb-96b1-321f1daf4d4d\engagement.db (pool_size=5)
2026-06-19 07:53:38 - huginn - INFO - Engagement opened: 417d77ed-d285-44bb-96b1-321f1daf4d4d
2026-06-19 07:53:38 - huginn - DEBUG - Milestone added: Remove (checkpoint)
2026-06-19 07:53:38 - huginn - INFO - EngagementDatabase closed: C:\Users\allie\AppData\Local\Temp\pytest-of-allie\pytest-35\test_delete_milestone0\engagements\417d77ed-d285-44bb-96b1-321f1daf4d4d\engagement.db (5 connections)
2026-06-19 07:53:38 - huginn - INFO - Active engagement closed.
2026-06-19 07:53:38 - huginn - INFO - EngagementManager closed.
2026-06-19 07:53:38 - huginn - INFO - Master index schema initialized.
2026-06-19 07:53:38 - huginn - INFO - EngagementDatabase connected: C:\Users\allie\AppData\Local\Temp\pytest-of-allie\pytest-35\test_engagement_created_signal0\engagements\ec5d03b2-2cc1-40d0-8807-354ac27902f6\engagement.db (pool_size=5)
2026-06-19 07:53:38 - huginn - INFO - EngagementDatabase schema created: C:\Users\allie\AppData\Local\Temp\pytest-of-allie\pytest-35\test_engagement_created_signal0\engagements\ec5d03b2-2cc1-40d0-8807-354ac27902f6\engagement.db
2026-06-19 07:53:38 - huginn - INFO - EngagementDatabase closed: C:\Users\allie\AppData\Local\Temp\pytest-of-allie\pytest-35\test_engagement_created_signal0\engagements\ec5d03b2-2cc1-40d0-8807-354ac27902f6\engagement.db (5 connections)
2026-06-19 07:53:38 - huginn - INFO - Engagement created: ec5d03b2-2cc1-40d0-8807-354ac27902f6 (Signal)
2026-06-19 07:53:38 - huginn - INFO - EngagementManager closed.
2026-06-19 07:53:38 - huginn - INFO - Master index schema initialized.
2026-06-19 07:53:38 - huginn - INFO - EngagementDatabase connected: C:\Users\allie\AppData\Local\Temp\pytest-of-allie\pytest-35\test_engagement_opened_signal0\engagements\f127580a-22c1-4b79-b4d4-ef2ec88a1cce\engagement.db (pool_size=5)
2026-06-19 07:53:38 - huginn - INFO - EngagementDatabase schema created: C:\Users\allie\AppData\Local\Temp\pytest-of-allie\pytest-35\test_engagement_opened_signal0\engagements\f127580a-22c1-4b79-b4d4-ef2ec88a1cce\engagement.db
2026-06-19 07:53:38 - huginn - INFO - EngagementDatabase closed: C:\Users\allie\AppData\Local\Temp\pytest-of-allie\pytest-35\test_engagement_opened_signal0\engagements\f127580a-22c1-4b79-b4d4-ef2ec88a1cce\engagement.db (5 connections)
2026-06-19 07:53:38 - huginn - INFO - Engagement created: f127580a-22c1-4b79-b4d4-ef2ec88a1cce (Signal Open)
2026-06-19 07:53:38 - huginn - INFO - EngagementDatabase connected: C:\Users\allie\AppData\Local\Temp\pytest-of-allie\pytest-35\test_engagement_opened_signal0\engagements\f127580a-22c1-4b79-b4d4-ef2ec88a1cce\engagement.db (pool_size=5)
2026-06-19 07:53:38 - huginn - INFO - Engagement opened: f127580a-22c1-4b79-b4d4-ef2ec88a1cce
2026-06-19 07:53:38 - huginn - INFO - EngagementDatabase closed: C:\Users\allie\AppData\Local\Temp\pytest-of-allie\pytest-35\test_engagement_opened_signal0\engagements\f127580a-22c1-4b79-b4d4-ef2ec88a1cce\engagement.db (5 connections)
2026-06-19 07:53:38 - huginn - INFO - Active engagement closed.
2026-06-19 07:53:38 - huginn - INFO - EngagementManager closed.
2026-06-19 07:53:38 - huginn - INFO - Master index schema initialized.
2026-06-19 07:53:38 - huginn - INFO - EngagementDatabase connected: C:\Users\allie\AppData\Local\Temp\pytest-of-allie\pytest-35\test_state_changed_signal0\engagements\41ad1b81-5f2e-4aa0-ba73-4cfc8c028ebf\engagement.db (pool_size=5)
2026-06-19 07:53:38 - huginn - INFO - EngagementDatabase schema created: C:\Users\allie\AppData\Local\Temp\pytest-of-allie\pytest-35\test_state_changed_signal0\engagements\41ad1b81-5f2e-4aa0-ba73-4cfc8c028ebf\engagement.db
2026-06-19 07:53:38 - huginn - INFO - EngagementDatabase closed: C:\Users\allie\AppData\Local\Temp\pytest-of-allie\pytest-35\test_state_changed_signal0\engagements\41ad1b81-5f2e-4aa0-ba73-4cfc8c028ebf\engagement.db (5 connections)
2026-06-19 07:53:38 - huginn - INFO - Engagement created: 41ad1b81-5f2e-4aa0-ba73-4cfc8c028ebf (Signal State)
2026-06-19 07:53:38 - huginn - INFO - State transition: 41ad1b81-5f2e-4aa0-ba73-4cfc8c028ebf draft -> scoping
2026-06-19 07:53:38 - huginn - INFO - EngagementManager closed.
2026-06-19 07:53:38 - huginn - INFO - Master index schema initialized.
2026-06-19 07:53:38 - huginn - INFO - EngagementManager closed.
2026-06-19 18:33:03 - huginn - INFO - License saved successfully
2026-06-19 18:33:03 - huginn - INFO - License loaded and validated successfully
2026-06-19 18:33:03 - huginn - INFO - Application starting...
2026-06-19 18:33:03 - huginn - INFO - Huginn version 1.0.0
2026-06-19 18:33:03 - huginn - INFO - Font loaded successfully
2026-06-19 18:33:03 - huginn - INFO - Stylesheet loaded successfully
2026-06-19 18:33:03 - huginn - INFO - Creating main window...
2026-06-19 18:33:03 - huginn - INFO - QThreadPool max threads set to 32 (CPUs: 32)
2026-06-19 18:33:03 - huginn - INFO - Custom font 'Neuropol X' loaded from C:\Users\allie\Coding Projects\huggin_suite\huginn\resources\fonts\neuropol.otf
2026-06-19 18:33:05 - huginn - INFO - Master index schema initialized.
2026-06-19 18:33:06 - huginn - DEBUG - [FeatureGapIntegration] Tenant→Engagement wiring connected.
2026-06-19 18:33:06 - huginn - INFO - [FeatureGapIntegration] All new modules integrated successfully.
2026-06-19 18:33:06 - huginn - INFO - Feature gap integration completed successfully
2026-06-19 18:33:43 - huginn - INFO - Master index schema initialized.
2026-06-19 18:33:43 - huginn - INFO - EngagementDatabase connected: C:\Users\allie\Coding Projects\huggin_suite\huginn\resources\engagements\f658aa60-dc87-447e-b412-978c8f3aa195\engagement.db (pool_size=5)
2026-06-19 18:33:43 - huginn - INFO - EngagementDatabase schema created: C:\Users\allie\Coding Projects\huggin_suite\huginn\resources\engagements\f658aa60-dc87-447e-b412-978c8f3aa195\engagement.db
2026-06-19 18:33:43 - huginn - INFO - EngagementDatabase closed: C:\Users\allie\Coding Projects\huggin_suite\huginn\resources\engagements\f658aa60-dc87-447e-b412-978c8f3aa195\engagement.db (5 connections)
2026-06-19 18:33:43 - huginn - INFO - Engagement created: f658aa60-dc87-447e-b412-978c8f3aa195 (Local LAB)
2026-06-19 18:41:46 - huginn - DEBUG - Memory monitoring stopped
2026-06-19 18:41:46 - huginn - DEBUG - Connection pool closed all sessions
2026-06-19 18:42:52 - huginn - INFO - Using default configuration
2026-06-19 18:42:54 - huginn - INFO - License saved successfully
2026-06-19 18:42:54 - huginn - INFO - License loaded and validated successfully
2026-06-19 18:43:54 - huginn - INFO - Using default configuration
2026-06-19 18:43:56 - huginn - INFO - License saved successfully
2026-06-19 18:43:56 - huginn - INFO - License loaded and validated successfully
2026-06-19 18:45:00 - huginn - INFO - Using default configuration
2026-06-19 18:45:03 - huginn - INFO - License saved successfully
2026-06-19 18:45:03 - huginn - INFO - License loaded and validated successfully
2026-06-19 18:45:21 - huginn - INFO - Using default configuration
2026-06-19 18:45:23 - huginn - INFO - License saved successfully
2026-06-19 18:45:23 - huginn - INFO - License loaded and validated successfully
2026-06-19 18:49:52 - huginn - INFO - QThreadPool max threads set to 32 (CPUs: 32)
2026-06-19 18:49:52 - huginn - WARNING - Font loading failed - file not found or invalid: C:\Users\allie\Coding Projects\huggin_suite\huginn\tests\resources\fonts\neuropol.otf
2026-06-19 18:49:53 - huginn - INFO - License saved successfully
2026-06-19 18:49:53 - huginn - INFO - License loaded and validated successfully
2026-06-19 18:49:54 - huginn - INFO - Master index schema initialized.
2026-06-19 18:49:54 - huginn - INFO - EngagementDatabase connected: C:\Users\allie\AppData\Local\Temp\pytest-of-allie\pytest-36\test_create_engagement_returns0\engagements\b0b654f8-a248-42f0-8b92-db16ac0f3c51\engagement.db (pool_size=5)
2026-06-19 18:49:54 - huginn - INFO - EngagementDatabase schema created: C:\Users\allie\AppData\Local\Temp\pytest-of-allie\pytest-36\test_create_engagement_returns0\engagements\b0b654f8-a248-42f0-8b92-db16ac0f3c51\engagement.db
2026-06-19 18:49:54 - huginn - INFO - EngagementDatabase closed: C:\Users\allie\AppData\Local\Temp\pytest-of-allie\pytest-36\test_create_engagement_returns0\engagements\b0b654f8-a248-42f0-8b92-db16ac0f3c51\engagement.db (5 connections)
2026-06-19 18:49:54 - huginn - INFO - Engagement created: b0b654f8-a248-42f0-8b92-db16ac0f3c51 (Test Engagement)
2026-06-19 18:49:54 - huginn - INFO - EngagementManager closed.
2026-06-19 18:49:54 - huginn - INFO - Master index schema initialized.
2026-06-19 18:49:54 - huginn - INFO - EngagementDatabase connected: C:\Users\allie\AppData\Local\Temp\pytest-of-allie\pytest-36\test_create_engagement_creates0\engagements\aea92e9c-8007-487d-a290-a039afe73dda\engagement.db (pool_size=5)
2026-06-19 18:49:54 - huginn - INFO - EngagementDatabase schema created: C:\Users\allie\AppData\Local\Temp\pytest-of-allie\pytest-36\test_create_engagement_creates0\engagements\aea92e9c-8007-487d-a290-a039afe73dda\engagement.db
2026-06-19 18:49:54 - huginn - INFO - EngagementDatabase closed: C:\Users\allie\AppData\Local\Temp\pytest-of-allie\pytest-36\test_create_engagement_creates0\engagements\aea92e9c-8007-487d-a290-a039afe73dda\engagement.db (5 connections)
2026-06-19 18:49:54 - huginn - INFO - Engagement created: aea92e9c-8007-487d-a290-a039afe73dda (DB File Test)
2026-06-19 18:49:54 - huginn - INFO - EngagementManager closed.
2026-06-19 18:49:54 - huginn - INFO - Master index schema initialized.
2026-06-19 18:49:54 - huginn - INFO - EngagementDatabase connected: C:\Users\allie\AppData\Local\Temp\pytest-of-allie\pytest-36\test_create_engagement_initial0\engagements\01cc6457-08b1-4b95-9707-b9a82b12190a\engagement.db (pool_size=5)
2026-06-19 18:49:54 - huginn - INFO - EngagementDatabase schema created: C:\Users\allie\AppData\Local\Temp\pytest-of-allie\pytest-36\test_create_engagement_initial0\engagements\01cc6457-08b1-4b95-9707-b9a82b12190a\engagement.db
2026-06-19 18:49:54 - huginn - INFO - EngagementDatabase closed: C:\Users\allie\AppData\Local\Temp\pytest-of-allie\pytest-36\test_create_engagement_initial0\engagements\01cc6457-08b1-4b95-9707-b9a82b12190a\engagement.db (5 connections)
2026-06-19 18:49:54 - huginn - INFO - Engagement created: 01cc6457-08b1-4b95-9707-b9a82b12190a (State Test)
2026-06-19 18:49:54 - huginn - INFO - EngagementManager closed.
2026-06-19 18:49:54 - huginn - INFO - Master index schema initialized.
2026-06-19 18:49:54 - huginn - INFO - EngagementDatabase connected: C:\Users\allie\AppData\Local\Temp\pytest-of-allie\pytest-36\test_create_multiple_engagemen0\engagements\e5ac64da-ebb9-4e65-8079-bd680074ac82\engagement.db (pool_size=5)
2026-06-19 18:49:54 - huginn - INFO - EngagementDatabase schema created: C:\Users\allie\AppData\Local\Temp\pytest-of-allie\pytest-36\test_create_multiple_engagemen0\engagements\e5ac64da-ebb9-4e65-8079-bd680074ac82\engagement.db
2026-06-19 18:49:54 - huginn - INFO - EngagementDatabase closed: C:\Users\allie\AppData\Local\Temp\pytest-of-allie\pytest-36\test_create_multiple_engagemen0\engagements\e5ac64da-ebb9-4e65-8079-bd680074ac82\engagement.db (5 connections)
2026-06-19 18:49:54 - huginn - INFO - Engagement created: e5ac64da-ebb9-4e65-8079-bd680074ac82 (Engagement 0)
2026-06-19 18:49:54 - huginn - INFO - EngagementDatabase connected: C:\Users\allie\AppData\Local\Temp\pytest-of-allie\pytest-36\test_create_multiple_engagemen0\engagements\0c444733-30e9-47a8-8b19-74c401c4d9ca\engagement.db (pool_size=5)
2026-06-19 18:49:54 - huginn - INFO - EngagementDatabase schema created: C:\Users\allie\AppData\Local\Temp\pytest-of-allie\pytest-36\test_create_multiple_engagemen0\engagements\0c444733-30e9-47a8-8b19-74c401c4d9ca\engagement.db
2026-06-19 18:49:54 - huginn - INFO - EngagementDatabase closed: C:\Users\allie\AppData\Local\Temp\pytest-of-allie\pytest-36\test_create_multiple_engagemen0\engagements\0c444733-30e9-47a8-8b19-74c401c4d9ca\engagement.db (5 connections)
2026-06-19 18:49:54 - huginn - INFO - Engagement created: 0c444733-30e9-47a8-8b19-74c401c4d9ca (Engagement 1)
2026-06-19 18:49:54 - huginn - INFO - EngagementDatabase connected: C:\Users\allie\AppData\Local\Temp\pytest-of-allie\pytest-36\test_create_multiple_engagemen0\engagements\ca00f8bd-2c8b-481b-984c-e0d8a9c3b57a\engagement.db (pool_size=5)
2026-06-19 18:49:54 - huginn - INFO - EngagementDatabase schema created: C:\Users\allie\AppData\Local\Temp\pytest-of-allie\pytest-36\test_create_multiple_engagemen0\engagements\ca00f8bd-2c8b-481b-984c-e0d8a9c3b57a\engagement.db
2026-06-19 18:49:54 - huginn - INFO - EngagementDatabase closed: C:\Users\allie\AppData\Local\Temp\pytest-of-allie\pytest-36\test_create_multiple_engagemen0\engagements\ca00f8bd-2c8b-481b-984c-e0d8a9c3b57a\engagement.db (5 connections)
2026-06-19 18:49:54 - huginn - INFO - Engagement created: ca00f8bd-2c8b-481b-984c-e0d8a9c3b57a (Engagement 2)
2026-06-19 18:49:54 - huginn - INFO - EngagementDatabase connected: C:\Users\allie\AppData\Local\Temp\pytest-of-allie\pytest-36\test_create_multiple_engagemen0\engagements\65681096-0407-478a-bd4a-65e59244825f\engagement.db (pool_size=5)
2026-06-19 18:49:54 - huginn - INFO - EngagementDatabase schema created: C:\Users\allie\AppData\Local\Temp\pytest-of-allie\pytest-36\test_create_multiple_engagemen0\engagements\65681096-0407-478a-bd4a-65e59244825f\engagement.db
2026-06-19 18:49:54 - huginn - INFO - EngagementDatabase closed: C:\Users\allie\AppData\Local\Temp\pytest-of-allie\pytest-36\test_create_multiple_engagemen0\engagements\65681096-0407-478a-bd4a-65e59244825f\engagement.db (5 connections)
2026-06-19 18:49:54 - huginn - INFO - Engagement created: 65681096-0407-478a-bd4a-65e59244825f (Engagement 3)
2026-06-19 18:49:55 - huginn - INFO - EngagementDatabase connected: C:\Users\allie\AppData\Local\Temp\pytest-of-allie\pytest-36\test_create_multiple_engagemen0\engagements\da5d12ab-94ef-4483-ba5c-db081c7296c2\engagement.db (pool_size=5)
2026-06-19 18:49:55 - huginn - INFO - EngagementDatabase schema created: C:\Users\allie\AppData\Local\Temp\pytest-of-allie\pytest-36\test_create_multiple_engagemen0\engagements\da5d12ab-94ef-4483-ba5c-db081c7296c2\engagement.db
2026-06-19 18:49:55 - huginn - INFO - EngagementDatabase closed: C:\Users\allie\AppData\Local\Temp\pytest-of-allie\pytest-36\test_create_multiple_engagemen0\engagements\da5d12ab-94ef-4483-ba5c-db081c7296c2\engagement.db (5 connections)
2026-06-19 18:49:55 - huginn - INFO - Engagement created: da5d12ab-94ef-4483-ba5c-db081c7296c2 (Engagement 4)
2026-06-19 18:49:55 - huginn - INFO - EngagementDatabase connected: C:\Users\allie\AppData\Local\Temp\pytest-of-allie\pytest-36\test_create_multiple_engagemen0\engagements\daaca93c-6649-4fad-b844-fa8434f43f13\engagement.db (pool_size=5)
2026-06-19 18:49:55 - huginn - INFO - EngagementDatabase schema created: C:\Users\allie\AppData\Local\Temp\pytest-of-allie\pytest-36\test_create_multiple_engagemen0\engagements\daaca93c-6649-4fad-b844-fa8434f43f13\engagement.db
2026-06-19 18:49:55 - huginn - INFO - EngagementDatabase closed: C:\Users\allie\AppData\Local\Temp\pytest-of-allie\pytest-36\test_create_multiple_engagemen0\engagements\daaca93c-6649-4fad-b844-fa8434f43f13\engagement.db (5 connections)
2026-06-19 18:49:55 - huginn - INFO - Engagement created: daaca93c-6649-4fad-b844-fa8434f43f13 (Engagement 5)
2026-06-19 18:49:55 - huginn - INFO - EngagementDatabase connected: C:\Users\allie\AppData\Local\Temp\pytest-of-allie\pytest-36\test_create_multiple_engagemen0\engagements\9aab8914-bb59-4679-998f-1c2b539085d7\engagement.db (pool_size=5)
2026-06-19 18:49:55 - huginn - INFO - EngagementDatabase schema created: C:\Users\allie\AppData\Local\Temp\pytest-of-allie\pytest-36\test_create_multiple_engagemen0\engagements\9aab8914-bb59-4679-998f-1c2b539085d7\engagement.db
2026-06-19 18:49:55 - huginn - INFO - EngagementDatabase closed: C:\Users\allie\AppData\Local\Temp\pytest-of-allie\pytest-36\test_create_multiple_engagemen0\engagements\9aab8914-bb59-4679-998f-1c2b539085d7\engagement.db (5 connections)
2026-06-19 18:49:55 - huginn - INFO - Engagement created: 9aab8914-bb59-4679-998f-1c2b539085d7 (Engagement 6)
2026-06-19 18:49:55 - huginn - INFO - EngagementDatabase connected: C:\Users\allie\AppData\Local\Temp\pytest-of-allie\pytest-36\test_create_multiple_engagemen0\engagements\07612382-137c-402e-b64e-8d548ea17b99\engagement.db (pool_size=5)
2026-06-19 18:49:55 - huginn - INFO - EngagementDatabase schema created: C:\Users\allie\AppData\Local\Temp\pytest-of-allie\pytest-36\test_create_multiple_engagemen0\engagements\07612382-137c-402e-b64e-8d548ea17b99\engagement.db
2026-06-19 18:49:55 - huginn - INFO - EngagementDatabase closed: C:\Users\allie\AppData\Local\Temp\pytest-of-allie\pytest-36\test_create_multiple_engagemen0\engagements\07612382-137c-402e-b64e-8d548ea17b99\engagement.db (5 connections)
2026-06-19 18:49:55 - huginn - INFO - Engagement created: 07612382-137c-402e-b64e-8d548ea17b99 (Engagement 7)
2026-06-19 18:49:55 - huginn - INFO - EngagementDatabase connected: C:\Users\allie\AppData\Local\Temp\pytest-of-allie\pytest-36\test_create_multiple_engagemen0\engagements\1124b8fd-5c20-4e4f-ad21-346d5f032c00\engagement.db (pool_size=5)
2026-06-19 18:49:55 - huginn - INFO - EngagementDatabase schema created: C:\Users\allie\AppData\Local\Temp\pytest-of-allie\pytest-36\test_create_multiple_engagemen0\engagements\1124b8fd-5c20-4e4f-ad21-346d5f032c00\engagement.db
2026-06-19 18:49:55 - huginn - INFO - EngagementDatabase closed: C:\Users\allie\AppData\Local\Temp\pytest-of-allie\pytest-36\test_create_multiple_engagemen0\engagements\1124b8fd-5c20-4e4f-ad21-346d5f032c00\engagement.db (5 connections)
2026-06-19 18:49:55 - huginn - INFO - Engagement created: 1124b8fd-5c20-4e4f-ad21-346d5f032c00 (Engagement 8)
2026-06-19 18:49:55 - huginn - INFO - EngagementDatabase connected: C:\Users\allie\AppData\Local\Temp\pytest-of-allie\pytest-36\test_create_multiple_engagemen0\engagements\35340e8f-c89b-48b0-8436-1f6c52ad45e8\engagement.db (pool_size=5)
2026-06-19 18:49:55 - huginn - INFO - EngagementDatabase schema created: C:\Users\allie\AppData\Local\Temp\pytest-of-allie\pytest-36\test_create_multiple_engagemen0\engagements\35340e8f-c89b-48b0-8436-1f6c52ad45e8\engagement.db
2026-06-19 18:49:55 - huginn - INFO - EngagementDatabase closed: C:\Users\allie\AppData\Local\Temp\pytest-of-allie\pytest-36\test_create_multiple_engagemen0\engagements\35340e8f-c89b-48b0-8436-1f6c52ad45e8\engagement.db (5 connections)
2026-06-19 18:49:55 - huginn - INFO - Engagement created: 35340e8f-c89b-48b0-8436-1f6c52ad45e8 (Engagement 9)
2026-06-19 18:49:55 - huginn - INFO - EngagementManager closed.
2026-06-19 18:49:55 - huginn - INFO - Master index schema initialized.
2026-06-19 18:49:55 - huginn - INFO - EngagementDatabase connected: C:\Users\allie\AppData\Local\Temp\pytest-of-allie\pytest-36\test_get_engagement_returns_me0\engagements\70baa1e0-e10f-4111-b21e-c3db95be132c\engagement.db (pool_size=5)
2026-06-19 18:49:55 - huginn - INFO - EngagementDatabase schema created: C:\Users\allie\AppData\Local\Temp\pytest-of-allie\pytest-36\test_get_engagement_returns_me0\engagements\70baa1e0-e10f-4111-b21e-c3db95be132c\engagement.db
2026-06-19 18:49:55 - huginn - INFO - EngagementDatabase closed: C:\Users\allie\AppData\Local\Temp\pytest-of-allie\pytest-36\test_get_engagement_returns_me0\engagements\70baa1e0-e10f-4111-b21e-c3db95be132c\engagement.db (5 connections)
2026-06-19 18:49:55 - huginn - INFO - Engagement created: 70baa1e0-e10f-4111-b21e-c3db95be132c (Metadata Test)
2026-06-19 18:49:55 - huginn - INFO - EngagementManager closed.
2026-06-19 18:49:55 - huginn - INFO - Master index schema initialized.
2026-06-19 18:49:55 - huginn - INFO - EngagementManager closed.
2026-06-19 18:49:55 - huginn - INFO - Master index schema initialized.
2026-06-19 18:49:55 - huginn - INFO - EngagementDatabase connected: C:\Users\allie\AppData\Local\Temp\pytest-of-allie\pytest-36\test_list_all_engagements0\engagements\8d87a01f-0ac7-4092-849e-73146bfdfbe3\engagement.db (pool_size=5)
2026-06-19 18:49:55 - huginn - INFO - EngagementDatabase schema created: C:\Users\allie\AppData\Local\Temp\pytest-of-allie\pytest-36\test_list_all_engagements0\engagements\8d87a01f-0ac7-4092-849e-73146bfdfbe3\engagement.db
2026-06-19 18:49:55 - huginn - INFO - EngagementDatabase closed: C:\Users\allie\AppData\Local\Temp\pytest-of-allie\pytest-36\test_list_all_engagements0\engagements\8d87a01f-0ac7-4092-849e-73146bfdfbe3\engagement.db (5 connections)
2026-06-19 18:49:55 - huginn - INFO - Engagement created: 8d87a01f-0ac7-4092-849e-73146bfdfbe3 (Eng 1)
2026-06-19 18:49:55 - huginn - INFO - EngagementDatabase connected: C:\Users\allie\AppData\Local\Temp\pytest-of-allie\pytest-36\test_list_all_engagements0\engagements\e5ebf9f7-8c28-42e4-9a78-1cf546006f5c\engagement.db (pool_size=5)
2026-06-19 18:49:55 - huginn - INFO - EngagementDatabase schema created: C:\Users\allie\AppData\Local\Temp\pytest-of-allie\pytest-36\test_list_all_engagements0\engagements\e5ebf9f7-8c28-42e4-9a78-1cf546006f5c\engagement.db
2026-06-19 18:49:55 - huginn - INFO - EngagementDatabase closed: C:\Users\allie\AppData\Local\Temp\pytest-of-allie\pytest-36\test_list_all_engagements0\engagements\e5ebf9f7-8c28-42e4-9a78-1cf546006f5c\engagement.db (5 connections)
2026-06-19 18:49:55 - huginn - INFO - Engagement created: e5ebf9f7-8c28-42e4-9a78-1cf546006f5c (Eng 2)
2026-06-19 18:49:55 - huginn - INFO - EngagementManager closed.
2026-06-19 18:49:55 - huginn - INFO - Master index schema initialized.
2026-06-19 18:49:55 - huginn - INFO - EngagementDatabase connected: C:\Users\allie\AppData\Local\Temp\pytest-of-allie\pytest-36\test_list_engagements_status_f0\engagements\25d397a4-4b5a-4e48-9af1-51e9682f5923\engagement.db (pool_size=5)
2026-06-19 18:49:55 - huginn - INFO - EngagementDatabase schema created: C:\Users\allie\AppData\Local\Temp\pytest-of-allie\pytest-36\test_list_engagements_status_f0\engagements\25d397a4-4b5a-4e48-9af1-51e9682f5923\engagement.db
2026-06-19 18:49:55 - huginn - INFO - EngagementDatabase closed: C:\Users\allie\AppData\Local\Temp\pytest-of-allie\pytest-36\test_list_engagements_status_f0\engagements\25d397a4-4b5a-4e48-9af1-51e9682f5923\engagement.db (5 connections)
2026-06-19 18:49:55 - huginn - INFO - Engagement created: 25d397a4-4b5a-4e48-9af1-51e9682f5923 (Draft Eng)
2026-06-19 18:49:55 - huginn - INFO - EngagementDatabase connected: C:\Users\allie\AppData\Local\Temp\pytest-of-allie\pytest-36\test_list_engagements_status_f0\engagements\217f665a-6bbd-4e61-9870-7f7e4fbf4088\engagement.db (pool_size=5)
2026-06-19 18:49:55 - huginn - INFO - EngagementDatabase schema created: C:\Users\allie\AppData\Local\Temp\pytest-of-allie\pytest-36\test_list_engagements_status_f0\engagements\217f665a-6bbd-4e61-9870-7f7e4fbf4088\engagement.db
2026-06-19 18:49:55 - huginn - INFO - EngagementDatabase closed: C:\Users\allie\AppData\Local\Temp\pytest-of-allie\pytest-36\test_list_engagements_status_f0\engagements\217f665a-6bbd-4e61-9870-7f7e4fbf4088\engagement.db (5 connections)
2026-06-19 18:49:55 - huginn - INFO - Engagement created: 217f665a-6bbd-4e61-9870-7f7e4fbf4088 (Active Eng)
2026-06-19 18:49:55 - huginn - INFO - State transition: 217f665a-6bbd-4e61-9870-7f7e4fbf4088 draft -> scoping
2026-06-19 18:49:55 - huginn - INFO - State transition: 217f665a-6bbd-4e61-9870-7f7e4fbf4088 scoping -> active
2026-06-19 18:49:55 - huginn - INFO - EngagementManager closed.
2026-06-19 18:49:55 - huginn - INFO - Master index schema initialized.
2026-06-19 18:49:55 - huginn - INFO - EngagementDatabase connected: C:\Users\allie\AppData\Local\Temp\pytest-of-allie\pytest-36\test_list_engagements_search0\engagements\72b984dc-b7a4-4dfb-849e-b5441f93d142\engagement.db (pool_size=5)
2026-06-19 18:49:55 - huginn - INFO - EngagementDatabase schema created: C:\Users\allie\AppData\Local\Temp\pytest-of-allie\pytest-36\test_list_engagements_search0\engagements\72b984dc-b7a4-4dfb-849e-b5441f93d142\engagement.db
2026-06-19 18:49:55 - huginn - INFO - EngagementDatabase closed: C:\Users\allie\AppData\Local\Temp\pytest-of-allie\pytest-36\test_list_engagements_search0\engagements\72b984dc-b7a4-4dfb-849e-b5441f93d142\engagement.db (5 connections)
2026-06-19 18:49:55 - huginn - INFO - Engagement created: 72b984dc-b7a4-4dfb-849e-b5441f93d142 (Alpha Project)
2026-06-19 18:49:55 - huginn - INFO - EngagementDatabase connected: C:\Users\allie\AppData\Local\Temp\pytest-of-allie\pytest-36\test_list_engagements_search0\engagements\09dfa3d3-e8b0-475b-8b9a-9052d09ffe54\engagement.db (pool_size=5)
2026-06-19 18:49:55 - huginn - INFO - EngagementDatabase schema created: C:\Users\allie\AppData\Local\Temp\pytest-of-allie\pytest-36\test_list_engagements_search0\engagements\09dfa3d3-e8b0-475b-8b9a-9052d09ffe54\engagement.db
2026-06-19 18:49:55 - huginn - INFO - EngagementDatabase closed: C:\Users\allie\AppData\Local\Temp\pytest-of-allie\pytest-36\test_list_engagements_search0\engagements\09dfa3d3-e8b0-475b-8b9a-9052d09ffe54\engagement.db (5 connections)
2026-06-19 18:49:55 - huginn - INFO - Engagement created: 09dfa3d3-e8b0-475b-8b9a-9052d09ffe54 (Beta Project)
2026-06-19 18:49:55 - huginn - INFO - EngagementManager closed.
2026-06-19 18:49:55 - huginn - INFO - Master index schema initialized.
2026-06-19 18:49:55 - huginn - INFO - EngagementDatabase connected: C:\Users\allie\AppData\Local\Temp\pytest-of-allie\pytest-36\test_valid_transitions_from_dr0\engagements\3d0097dd-3940-46be-ade9-7aedcfa1f938\engagement.db (pool_size=5)
2026-06-19 18:49:55 - huginn - INFO - EngagementDatabase schema created: C:\Users\allie\AppData\Local\Temp\pytest-of-allie\pytest-36\test_valid_transitions_from_dr0\engagements\3d0097dd-3940-46be-ade9-7aedcfa1f938\engagement.db
2026-06-19 18:49:55 - huginn - INFO - EngagementDatabase closed: C:\Users\allie\AppData\Local\Temp\pytest-of-allie\pytest-36\test_valid_transitions_from_dr0\engagements\3d0097dd-3940-46be-ade9-7aedcfa1f938\engagement.db (5 connections)
2026-06-19 18:49:55 - huginn - INFO - Engagement created: 3d0097dd-3940-46be-ade9-7aedcfa1f938 (SM Test)
2026-06-19 18:49:55 - huginn - INFO - State transition: 3d0097dd-3940-46be-ade9-7aedcfa1f938 draft -> scoping
2026-06-19 18:49:55 - huginn - INFO - EngagementManager closed.
2026-06-19 18:49:55 - huginn - INFO - Master index schema initialized.
2026-06-19 18:49:55 - huginn - INFO - EngagementDatabase connected: C:\Users\allie\AppData\Local\Temp\pytest-of-allie\pytest-36\test_valid_full_lifecycle0\engagements\83929c03-0730-455f-b84e-b941608994ee\engagement.db (pool_size=5)
2026-06-19 18:49:55 - huginn - INFO - EngagementDatabase schema created: C:\Users\allie\AppData\Local\Temp\pytest-of-allie\pytest-36\test_valid_full_lifecycle0\engagements\83929c03-0730-455f-b84e-b941608994ee\engagement.db
2026-06-19 18:49:55 - huginn - INFO - EngagementDatabase closed: C:\Users\allie\AppData\Local\Temp\pytest-of-allie\pytest-36\test_valid_full_lifecycle0\engagements\83929c03-0730-455f-b84e-b941608994ee\engagement.db (5 connections)
2026-06-19 18:49:55 - huginn - INFO - Engagement created: 83929c03-0730-455f-b84e-b941608994ee (Lifecycle)
2026-06-19 18:49:55 - huginn - INFO - State transition: 83929c03-0730-455f-b84e-b941608994ee draft -> scoping
2026-06-19 18:49:55 - huginn - INFO - State transition: 83929c03-0730-455f-b84e-b941608994ee scoping -> active
2026-06-19 18:49:55 - huginn - INFO - State transition: 83929c03-0730-455f-b84e-b941608994ee active -> reporting
2026-06-19 18:49:55 - huginn - INFO - State transition: 83929c03-0730-455f-b84e-b941608994ee reporting -> closed
2026-06-19 18:49:55 - huginn - INFO - EngagementManager closed.
2026-06-19 18:49:55 - huginn - INFO - Master index schema initialized.
2026-06-19 18:49:55 - huginn - INFO - EngagementDatabase connected: C:\Users\allie\AppData\Local\Temp\pytest-of-allie\pytest-36\test_invalid_transition_reject0\engagements\58496652-6985-455e-b458-c4a01439f265\engagement.db (pool_size=5)
2026-06-19 18:49:55 - huginn - INFO - EngagementDatabase schema created: C:\Users\allie\AppData\Local\Temp\pytest-of-allie\pytest-36\test_invalid_transition_reject0\engagements\58496652-6985-455e-b458-c4a01439f265\engagement.db
2026-06-19 18:49:55 - huginn - INFO - EngagementDatabase closed: C:\Users\allie\AppData\Local\Temp\pytest-of-allie\pytest-36\test_invalid_transition_reject0\engagements\58496652-6985-455e-b458-c4a01439f265\engagement.db (5 connections)
2026-06-19 18:49:55 - huginn - INFO - Engagement created: 58496652-6985-455e-b458-c4a01439f265 (Invalid)
2026-06-19 18:49:55 - huginn - WARNING - Invalid state transition for 58496652-6985-455e-b458-c4a01439f265: draft -> active. Allowed: ['scoping']
2026-06-19 18:49:55 - huginn - INFO - EngagementManager closed.
2026-06-19 18:49:55 - huginn - INFO - Master index schema initialized.
2026-06-19 18:49:55 - huginn - INFO - EngagementDatabase connected: C:\Users\allie\AppData\Local\Temp\pytest-of-allie\pytest-36\test_closed_state_has_no_trans0\engagements\2617fbb6-447c-4f24-8740-3d1a352fcd69\engagement.db (pool_size=5)
2026-06-19 18:49:55 - huginn - INFO - EngagementDatabase schema created: C:\Users\allie\AppData\Local\Temp\pytest-of-allie\pytest-36\test_closed_state_has_no_trans0\engagements\2617fbb6-447c-4f24-8740-3d1a352fcd69\engagement.db
2026-06-19 18:49:55 - huginn - INFO - EngagementDatabase closed: C:\Users\allie\AppData\Local\Temp\pytest-of-allie\pytest-36\test_closed_state_has_no_trans0\engagements\2617fbb6-447c-4f24-8740-3d1a352fcd69\engagement.db (5 connections)
2026-06-19 18:49:55 - huginn - INFO - Engagement created: 2617fbb6-447c-4f24-8740-3d1a352fcd69 (Closed)
2026-06-19 18:49:55 - huginn - INFO - State transition: 2617fbb6-447c-4f24-8740-3d1a352fcd69 draft -> scoping
2026-06-19 18:49:55 - huginn - INFO - State transition: 2617fbb6-447c-4f24-8740-3d1a352fcd69 scoping -> active
2026-06-19 18:49:55 - huginn - INFO - State transition: 2617fbb6-447c-4f24-8740-3d1a352fcd69 active -> reporting
2026-06-19 18:49:55 - huginn - INFO - State transition: 2617fbb6-447c-4f24-8740-3d1a352fcd69 reporting -> closed
2026-06-19 18:49:55 - huginn - WARNING - Invalid state transition for 2617fbb6-447c-4f24-8740-3d1a352fcd69: closed -> draft. Allowed: []
2026-06-19 18:49:55 - huginn - WARNING - Invalid state transition for 2617fbb6-447c-4f24-8740-3d1a352fcd69: closed -> scoping. Allowed: []
2026-06-19 18:49:55 - huginn - WARNING - Invalid state transition for 2617fbb6-447c-4f24-8740-3d1a352fcd69: closed -> active. Allowed: []
2026-06-19 18:49:55 - huginn - WARNING - Invalid state transition for 2617fbb6-447c-4f24-8740-3d1a352fcd69: closed -> paused. Allowed: []
2026-06-19 18:49:55 - huginn - WARNING - Invalid state transition for 2617fbb6-447c-4f24-8740-3d1a352fcd69: closed -> retest. Allowed: []
2026-06-19 18:49:55 - huginn - WARNING - Invalid state transition for 2617fbb6-447c-4f24-8740-3d1a352fcd69: closed -> reporting. Allowed: []
2026-06-19 18:49:55 - huginn - WARNING - Invalid state transition for 2617fbb6-447c-4f24-8740-3d1a352fcd69: closed -> closed. Allowed: []
2026-06-19 18:49:55 - huginn - INFO - EngagementManager closed.
2026-06-19 18:49:55 - huginn - INFO - Master index schema initialized.
2026-06-19 18:49:55 - huginn - INFO - EngagementDatabase connected: C:\Users\allie\AppData\Local\Temp\pytest-of-allie\pytest-36\test_active_to_paused_and_back0\engagements\4cfd5f78-7264-434c-84fc-ab69a2c05f21\engagement.db (pool_size=5)
2026-06-19 18:49:55 - huginn - INFO - EngagementDatabase schema created: C:\Users\allie\AppData\Local\Temp\pytest-of-allie\pytest-36\test_active_to_paused_and_back0\engagements\4cfd5f78-7264-434c-84fc-ab69a2c05f21\engagement.db
2026-06-19 18:49:55 - huginn - INFO - EngagementDatabase closed: C:\Users\allie\AppData\Local\Temp\pytest-of-allie\pytest-36\test_active_to_paused_and_back0\engagements\4cfd5f78-7264-434c-84fc-ab69a2c05f21\engagement.db (5 connections)
2026-06-19 18:49:55 - huginn - INFO - Engagement created: 4cfd5f78-7264-434c-84fc-ab69a2c05f21 (Pause)
2026-06-19 18:49:55 - huginn - INFO - State transition: 4cfd5f78-7264-434c-84fc-ab69a2c05f21 draft -> scoping
2026-06-19 18:49:55 - huginn - INFO - State transition: 4cfd5f78-7264-434c-84fc-ab69a2c05f21 scoping -> active
2026-06-19 18:49:55 - huginn - INFO - State transition: 4cfd5f78-7264-434c-84fc-ab69a2c05f21 active -> paused
2026-06-19 18:49:55 - huginn - INFO - State transition: 4cfd5f78-7264-434c-84fc-ab69a2c05f21 paused -> active
2026-06-19 18:49:55 - huginn - INFO - EngagementManager closed.
2026-06-19 18:49:55 - huginn - INFO - Master index schema initialized.
2026-06-19 18:49:55 - huginn - INFO - EngagementDatabase connected: C:\Users\allie\AppData\Local\Temp\pytest-of-allie\pytest-36\test_active_to_retest_and_repo0\engagements\c5272718-04fe-4f87-8db8-235f6fb76855\engagement.db (pool_size=5)
2026-06-19 18:49:55 - huginn - INFO - EngagementDatabase schema created: C:\Users\allie\AppData\Local\Temp\pytest-of-allie\pytest-36\test_active_to_retest_and_repo0\engagements\c5272718-04fe-4f87-8db8-235f6fb76855\engagement.db
2026-06-19 18:49:55 - huginn - INFO - EngagementDatabase closed: C:\Users\allie\AppData\Local\Temp\pytest-of-allie\pytest-36\test_active_to_retest_and_repo0\engagements\c5272718-04fe-4f87-8db8-235f6fb76855\engagement.db (5 connections)
2026-06-19 18:49:55 - huginn - INFO - Engagement created: c5272718-04fe-4f87-8db8-235f6fb76855 (Retest)
2026-06-19 18:49:55 - huginn - INFO - State transition: c5272718-04fe-4f87-8db8-235f6fb76855 draft -> scoping
2026-06-19 18:49:55 - huginn - INFO - State transition: c5272718-04fe-4f87-8db8-235f6fb76855 scoping -> active
2026-06-19 18:49:55 - huginn - INFO - State transition: c5272718-04fe-4f87-8db8-235f6fb76855 active -> retest
2026-06-19 18:49:55 - huginn - INFO - State transition: c5272718-04fe-4f87-8db8-235f6fb76855 retest -> reporting
2026-06-19 18:49:55 - huginn - INFO - EngagementManager closed.
2026-06-19 18:49:55 - huginn - INFO - Master index schema initialized.
2026-06-19 18:49:55 - huginn - INFO - EngagementDatabase connected: C:\Users\allie\AppData\Local\Temp\pytest-of-allie\pytest-36\test_transition_records_histor0\engagements\d20d3d4d-44ec-4779-964f-50eb245d4128\engagement.db (pool_size=5)
2026-06-19 18:49:55 - huginn - INFO - EngagementDatabase schema created: C:\Users\allie\AppData\Local\Temp\pytest-of-allie\pytest-36\test_transition_records_histor0\engagements\d20d3d4d-44ec-4779-964f-50eb245d4128\engagement.db
2026-06-19 18:49:55 - huginn - INFO - EngagementDatabase closed: C:\Users\allie\AppData\Local\Temp\pytest-of-allie\pytest-36\test_transition_records_histor0\engagements\d20d3d4d-44ec-4779-964f-50eb245d4128\engagement.db (5 connections)
2026-06-19 18:49:55 - huginn - INFO - Engagement created: d20d3d4d-44ec-4779-964f-50eb245d4128 (History)
2026-06-19 18:49:55 - huginn - INFO - State transition: d20d3d4d-44ec-4779-964f-50eb245d4128 draft -> scoping
2026-06-19 18:49:55 - huginn - INFO - State transition: d20d3d4d-44ec-4779-964f-50eb245d4128 scoping -> active
2026-06-19 18:49:55 - huginn - INFO - EngagementManager closed.
2026-06-19 18:49:55 - huginn - INFO - Master index schema initialized.
2026-06-19 18:49:55 - huginn - ERROR - Cannot transition state: engagement fake-id not found.
2026-06-19 18:49:55 - huginn - INFO - EngagementManager closed.
2026-06-19 18:49:55 - huginn - INFO - Master index schema initialized.
2026-06-19 18:49:55 - huginn - INFO - EngagementDatabase connected: C:\Users\allie\AppData\Local\Temp\pytest-of-allie\pytest-36\test_all_valid_transitions_suc0\engagements\7b6dfeca-8fa4-4f6a-81a5-d3e46ae56b92\engagement.db (pool_size=5)
2026-06-19 18:49:55 - huginn - INFO - EngagementDatabase schema created: C:\Users\allie\AppData\Local\Temp\pytest-of-allie\pytest-36\test_all_valid_transitions_suc0\engagements\7b6dfeca-8fa4-4f6a-81a5-d3e46ae56b92\engagement.db
2026-06-19 18:49:55 - huginn - INFO - EngagementDatabase closed: C:\Users\allie\AppData\Local\Temp\pytest-of-allie\pytest-36\test_all_valid_transitions_suc0\engagements\7b6dfeca-8fa4-4f6a-81a5-d3e46ae56b92\engagement.db (5 connections)
2026-06-19 18:49:55 - huginn - INFO - Engagement created: 7b6dfeca-8fa4-4f6a-81a5-d3e46ae56b92 (draft->scoping)
2026-06-19 18:49:55 - huginn - INFO - State transition: 7b6dfeca-8fa4-4f6a-81a5-d3e46ae56b92 draft -> scoping
2026-06-19 18:49:55 - huginn - INFO - EngagementDatabase connected: C:\Users\allie\AppData\Local\Temp\pytest-of-allie\pytest-36\test_all_valid_transitions_suc0\engagements\3ced5b1c-6502-4869-8807-bf08a8605db1\engagement.db (pool_size=5)
2026-06-19 18:49:55 - huginn - INFO - EngagementDatabase schema created: C:\Users\allie\AppData\Local\Temp\pytest-of-allie\pytest-36\test_all_valid_transitions_suc0\engagements\3ced5b1c-6502-4869-8807-bf08a8605db1\engagement.db
2026-06-19 18:49:55 - huginn - INFO - EngagementDatabase closed: C:\Users\allie\AppData\Local\Temp\pytest-of-allie\pytest-36\test_all_valid_transitions_suc0\engagements\3ced5b1c-6502-4869-8807-bf08a8605db1\engagement.db (5 connections)
2026-06-19 18:49:55 - huginn - INFO - Engagement created: 3ced5b1c-6502-4869-8807-bf08a8605db1 (scoping->active)
2026-06-19 18:49:55 - huginn - INFO - State transition: 3ced5b1c-6502-4869-8807-bf08a8605db1 draft -> scoping
2026-06-19 18:49:55 - huginn - INFO - State transition: 3ced5b1c-6502-4869-8807-bf08a8605db1 scoping -> active
2026-06-19 18:49:55 - huginn - INFO - EngagementDatabase connected: C:\Users\allie\AppData\Local\Temp\pytest-of-allie\pytest-36\test_all_valid_transitions_suc0\engagements\b46dcb7f-5a0c-4b8b-a73b-047e6575e0d0\engagement.db (pool_size=5)
2026-06-19 18:49:55 - huginn - INFO - EngagementDatabase schema created: C:\Users\allie\AppData\Local\Temp\pytest-of-allie\pytest-36\test_all_valid_transitions_suc0\engagements\b46dcb7f-5a0c-4b8b-a73b-047e6575e0d0\engagement.db
2026-06-19 18:49:55 - huginn - INFO - EngagementDatabase closed: C:\Users\allie\AppData\Local\Temp\pytest-of-allie\pytest-36\test_all_valid_transitions_suc0\engagements\b46dcb7f-5a0c-4b8b-a73b-047e6575e0d0\engagement.db (5 connections)
2026-06-19 18:49:55 - huginn - INFO - Engagement created: b46dcb7f-5a0c-4b8b-a73b-047e6575e0d0 (active->paused)
2026-06-19 18:49:55 - huginn - INFO - State transition: b46dcb7f-5a0c-4b8b-a73b-047e6575e0d0 draft -> scoping
2026-06-19 18:49:55 - huginn - INFO - State transition: b46dcb7f-5a0c-4b8b-a73b-047e6575e0d0 scoping -> active
2026-06-19 18:49:55 - huginn - INFO - State transition: b46dcb7f-5a0c-4b8b-a73b-047e6575e0d0 active -> paused
2026-06-19 18:49:55 - huginn - INFO - EngagementDatabase connected: C:\Users\allie\AppData\Local\Temp\pytest-of-allie\pytest-36\test_all_valid_transitions_suc0\engagements\5ed5b5f5-79d1-4594-a5f0-bd3198d8288e\engagement.db (pool_size=5)
2026-06-19 18:49:55 - huginn - INFO - EngagementDatabase schema created: C:\Users\allie\AppData\Local\Temp\pytest-of-allie\pytest-36\test_all_valid_transitions_suc0\engagements\5ed5b5f5-79d1-4594-a5f0-bd3198d8288e\engagement.db
2026-06-19 18:49:55 - huginn - INFO - EngagementDatabase closed: C:\Users\allie\AppData\Local\Temp\pytest-of-allie\pytest-36\test_all_valid_transitions_suc0\engagements\5ed5b5f5-79d1-4594-a5f0-bd3198d8288e\engagement.db (5 connections)
2026-06-19 18:49:55 - huginn - INFO - Engagement created: 5ed5b5f5-79d1-4594-a5f0-bd3198d8288e (active->retest)
2026-06-19 18:49:55 - huginn - INFO - State transition: 5ed5b5f5-79d1-4594-a5f0-bd3198d8288e draft -> scoping
2026-06-19 18:49:55 - huginn - INFO - State transition: 5ed5b5f5-79d1-4594-a5f0-bd3198d8288e scoping -> active
2026-06-19 18:49:55 - huginn - INFO - State transition: 5ed5b5f5-79d1-4594-a5f0-bd3198d8288e active -> retest
2026-06-19 18:49:55 - huginn - INFO - EngagementDatabase connected: C:\Users\allie\AppData\Local\Temp\pytest-of-allie\pytest-36\test_all_valid_transitions_suc0\engagements\ceda5ba5-cf6e-4ff6-b5ac-453353e1a915\engagement.db (pool_size=5)
2026-06-19 18:49:55 - huginn - INFO - EngagementDatabase schema created: C:\Users\allie\AppData\Local\Temp\pytest-of-allie\pytest-36\test_all_valid_transitions_suc0\engagements\ceda5ba5-cf6e-4ff6-b5ac-453353e1a915\engagement.db
2026-06-19 18:49:55 - huginn - INFO - EngagementDatabase closed: C:\Users\allie\AppData\Local\Temp\pytest-of-allie\pytest-36\test_all_valid_transitions_suc0\engagements\ceda5ba5-cf6e-4ff6-b5ac-453353e1a915\engagement.db (5 connections)
2026-06-19 18:49:55 - huginn - INFO - Engagement created: ceda5ba5-cf6e-4ff6-b5ac-453353e1a915 (active->reporting)
2026-06-19 18:49:55 - huginn - INFO - State transition: ceda5ba5-cf6e-4ff6-b5ac-453353e1a915 draft -> scoping
2026-06-19 18:49:55 - huginn - INFO - State transition: ceda5ba5-cf6e-4ff6-b5ac-453353e1a915 scoping -> active
2026-06-19 18:49:55 - huginn - INFO - State transition: ceda5ba5-cf6e-4ff6-b5ac-453353e1a915 active -> reporting
2026-06-19 18:49:55 - huginn - INFO - EngagementDatabase connected: C:\Users\allie\AppData\Local\Temp\pytest-of-allie\pytest-36\test_all_valid_transitions_suc0\engagements\ba5b90ce-be9e-40ad-9470-8ca7f8e2337b\engagement.db (pool_size=5)
2026-06-19 18:49:55 - huginn - INFO - EngagementDatabase schema created: C:\Users\allie\AppData\Local\Temp\pytest-of-allie\pytest-36\test_all_valid_transitions_suc0\engagements\ba5b90ce-be9e-40ad-9470-8ca7f8e2337b\engagement.db
2026-06-19 18:49:55 - huginn - INFO - EngagementDatabase closed: C:\Users\allie\AppData\Local\Temp\pytest-of-allie\pytest-36\test_all_valid_transitions_suc0\engagements\ba5b90ce-be9e-40ad-9470-8ca7f8e2337b\engagement.db (5 connections)
2026-06-19 18:49:55 - huginn - INFO - Engagement created: ba5b90ce-be9e-40ad-9470-8ca7f8e2337b (paused->active)
2026-06-19 18:49:55 - huginn - INFO - State transition: ba5b90ce-be9e-40ad-9470-8ca7f8e2337b draft -> scoping
2026-06-19 18:49:55 - huginn - INFO - State transition: ba5b90ce-be9e-40ad-9470-8ca7f8e2337b scoping -> active
2026-06-19 18:49:55 - huginn - INFO - State transition: ba5b90ce-be9e-40ad-9470-8ca7f8e2337b active -> paused
2026-06-19 18:49:55 - huginn - INFO - State transition: ba5b90ce-be9e-40ad-9470-8ca7f8e2337b paused -> active
2026-06-19 18:49:55 - huginn - INFO - EngagementDatabase connected: C:\Users\allie\AppData\Local\Temp\pytest-of-allie\pytest-36\test_all_valid_transitions_suc0\engagements\e513b885-1bf6-486a-a1d8-d4103a2c5da5\engagement.db (pool_size=5)
2026-06-19 18:49:55 - huginn - INFO - EngagementDatabase schema created: C:\Users\allie\AppData\Local\Temp\pytest-of-allie\pytest-36\test_all_valid_transitions_suc0\engagements\e513b885-1bf6-486a-a1d8-d4103a2c5da5\engagement.db
2026-06-19 18:49:55 - huginn - INFO - EngagementDatabase closed: C:\Users\allie\AppData\Local\Temp\pytest-of-allie\pytest-36\test_all_valid_transitions_suc0\engagements\e513b885-1bf6-486a-a1d8-d4103a2c5da5\engagement.db (5 connections)
2026-06-19 18:49:55 - huginn - INFO - Engagement created: e513b885-1bf6-486a-a1d8-d4103a2c5da5 (paused->closed)
2026-06-19 18:49:55 - huginn - INFO - State transition: e513b885-1bf6-486a-a1d8-d4103a2c5da5 draft -> scoping
2026-06-19 18:49:55 - huginn - INFO - State transition: e513b885-1bf6-486a-a1d8-d4103a2c5da5 scoping -> active
2026-06-19 18:49:55 - huginn - INFO - State transition: e513b885-1bf6-486a-a1d8-d4103a2c5da5 active -> paused
2026-06-19 18:49:55 - huginn - INFO - State transition: e513b885-1bf6-486a-a1d8-d4103a2c5da5 paused -> closed
2026-06-19 18:49:55 - huginn - INFO - EngagementDatabase connected: C:\Users\allie\AppData\Local\Temp\pytest-of-allie\pytest-36\test_all_valid_transitions_suc0\engagements\bb815eac-b31d-4fdd-b825-30d71330db4d\engagement.db (pool_size=5)
2026-06-19 18:49:55 - huginn - INFO - EngagementDatabase schema created: C:\Users\allie\AppData\Local\Temp\pytest-of-allie\pytest-36\test_all_valid_transitions_suc0\engagements\bb815eac-b31d-4fdd-b825-30d71330db4d\engagement.db
2026-06-19 18:49:55 - huginn - INFO - EngagementDatabase closed: C:\Users\allie\AppData\Local\Temp\pytest-of-allie\pytest-36\test_all_valid_transitions_suc0\engagements\bb815eac-b31d-4fdd-b825-30d71330db4d\engagement.db (5 connections)
2026-06-19 18:49:55 - huginn - INFO - Engagement created: bb815eac-b31d-4fdd-b825-30d71330db4d (retest->reporting)
2026-06-19 18:49:55 - huginn - INFO - State transition: bb815eac-b31d-4fdd-b825-30d71330db4d draft -> scoping
2026-06-19 18:49:55 - huginn - INFO - State transition: bb815eac-b31d-4fdd-b825-30d71330db4d scoping -> active
2026-06-19 18:49:55 - huginn - INFO - State transition: bb815eac-b31d-4fdd-b825-30d71330db4d active -> retest
2026-06-19 18:49:55 - huginn - INFO - State transition: bb815eac-b31d-4fdd-b825-30d71330db4d retest -> reporting
2026-06-19 18:49:55 - huginn - INFO - EngagementDatabase connected: C:\Users\allie\AppData\Local\Temp\pytest-of-allie\pytest-36\test_all_valid_transitions_suc0\engagements\fb4d3cbc-8a1c-48ce-ab39-47c458cdb398\engagement.db (pool_size=5)
2026-06-19 18:49:55 - huginn - INFO - EngagementDatabase schema created: C:\Users\allie\AppData\Local\Temp\pytest-of-allie\pytest-36\test_all_valid_transitions_suc0\engagements\fb4d3cbc-8a1c-48ce-ab39-47c458cdb398\engagement.db
2026-06-19 18:49:55 - huginn - INFO - EngagementDatabase closed: C:\Users\allie\AppData\Local\Temp\pytest-of-allie\pytest-36\test_all_valid_transitions_suc0\engagements\fb4d3cbc-8a1c-48ce-ab39-47c458cdb398\engagement.db (5 connections)
2026-06-19 18:49:55 - huginn - INFO - Engagement created: fb4d3cbc-8a1c-48ce-ab39-47c458cdb398 (retest->active)
2026-06-19 18:49:55 - huginn - INFO - State transition: fb4d3cbc-8a1c-48ce-ab39-47c458cdb398 draft -> scoping
2026-06-19 18:49:55 - huginn - INFO - State transition: fb4d3cbc-8a1c-48ce-ab39-47c458cdb398 scoping -> active
2026-06-19 18:49:55 - huginn - INFO - State transition: fb4d3cbc-8a1c-48ce-ab39-47c458cdb398 active -> retest
2026-06-19 18:49:55 - huginn - INFO - State transition: fb4d3cbc-8a1c-48ce-ab39-47c458cdb398 retest -> active
2026-06-19 18:49:55 - huginn - INFO - EngagementDatabase connected: C:\Users\allie\AppData\Local\Temp\pytest-of-allie\pytest-36\test_all_valid_transitions_suc0\engagements\26c3f011-7675-4cc7-85b7-1db7e371c921\engagement.db (pool_size=5)
2026-06-19 18:49:55 - huginn - INFO - EngagementDatabase schema created: C:\Users\allie\AppData\Local\Temp\pytest-of-allie\pytest-36\test_all_valid_transitions_suc0\engagements\26c3f011-7675-4cc7-85b7-1db7e371c921\engagement.db
2026-06-19 18:49:55 - huginn - INFO - EngagementDatabase closed: C:\Users\allie\AppData\Local\Temp\pytest-of-allie\pytest-36\test_all_valid_transitions_suc0\engagements\26c3f011-7675-4cc7-85b7-1db7e371c921\engagement.db (5 connections)
2026-06-19 18:49:55 - huginn - INFO - Engagement created: 26c3f011-7675-4cc7-85b7-1db7e371c921 (reporting->closed)
2026-06-19 18:49:55 - huginn - INFO - State transition: 26c3f011-7675-4cc7-85b7-1db7e371c921 draft -> scoping
2026-06-19 18:49:55 - huginn - INFO - State transition: 26c3f011-7675-4cc7-85b7-1db7e371c921 scoping -> active
2026-06-19 18:49:55 - huginn - INFO - State transition: 26c3f011-7675-4cc7-85b7-1db7e371c921 active -> reporting
2026-06-19 18:49:55 - huginn - INFO - State transition: 26c3f011-7675-4cc7-85b7-1db7e371c921 reporting -> closed
2026-06-19 18:49:55 - huginn - INFO - EngagementDatabase connected: C:\Users\allie\AppData\Local\Temp\pytest-of-allie\pytest-36\test_all_valid_transitions_suc0\engagements\5778a527-45eb-4137-9e00-e339e8c3c25a\engagement.db (pool_size=5)
2026-06-19 18:49:55 - huginn - INFO - EngagementDatabase schema created: C:\Users\allie\AppData\Local\Temp\pytest-of-allie\pytest-36\test_all_valid_transitions_suc0\engagements\5778a527-45eb-4137-9e00-e339e8c3c25a\engagement.db
2026-06-19 18:49:55 - huginn - INFO - EngagementDatabase closed: C:\Users\allie\AppData\Local\Temp\pytest-of-allie\pytest-36\test_all_valid_transitions_suc0\engagements\5778a527-45eb-4137-9e00-e339e8c3c25a\engagement.db (5 connections)
2026-06-19 18:49:55 - huginn - INFO - Engagement created: 5778a527-45eb-4137-9e00-e339e8c3c25a (reporting->retest)
2026-06-19 18:49:55 - huginn - INFO - State transition: 5778a527-45eb-4137-9e00-e339e8c3c25a draft -> scoping
2026-06-19 18:49:55 - huginn - INFO - State transition: 5778a527-45eb-4137-9e00-e339e8c3c25a scoping -> active
2026-06-19 18:49:55 - huginn - INFO - State transition: 5778a527-45eb-4137-9e00-e339e8c3c25a active -> reporting
2026-06-19 18:49:55 - huginn - INFO - State transition: 5778a527-45eb-4137-9e00-e339e8c3c25a reporting -> retest
2026-06-19 18:49:55 - huginn - INFO - EngagementManager closed.
2026-06-19 18:49:55 - huginn - INFO - Master index schema initialized.
2026-06-19 18:49:55 - huginn - INFO - EngagementDatabase connected: C:\Users\allie\AppData\Local\Temp\pytest-of-allie\pytest-36\test_open_engagement_success0\engagements\77875d5a-a663-40fb-a04c-7b3d73a415d2\engagement.db (pool_size=5)
2026-06-19 18:49:55 - huginn - INFO - EngagementDatabase schema created: C:\Users\allie\AppData\Local\Temp\pytest-of-allie\pytest-36\test_open_engagement_success0\engagements\77875d5a-a663-40fb-a04c-7b3d73a415d2\engagement.db
2026-06-19 18:49:55 - huginn - INFO - EngagementDatabase closed: C:\Users\allie\AppData\Local\Temp\pytest-of-allie\pytest-36\test_open_engagement_success0\engagements\77875d5a-a663-40fb-a04c-7b3d73a415d2\engagement.db (5 connections)
2026-06-19 18:49:55 - huginn - INFO - Engagement created: 77875d5a-a663-40fb-a04c-7b3d73a415d2 (Open Test)
2026-06-19 18:49:55 - huginn - INFO - EngagementDatabase connected: C:\Users\allie\AppData\Local\Temp\pytest-of-allie\pytest-36\test_open_engagement_success0\engagements\77875d5a-a663-40fb-a04c-7b3d73a415d2\engagement.db (pool_size=5)
2026-06-19 18:49:55 - huginn - INFO - Engagement opened: 77875d5a-a663-40fb-a04c-7b3d73a415d2
2026-06-19 18:49:55 - huginn - INFO - EngagementDatabase closed: C:\Users\allie\AppData\Local\Temp\pytest-of-allie\pytest-36\test_open_engagement_success0\engagements\77875d5a-a663-40fb-a04c-7b3d73a415d2\engagement.db (5 connections)
2026-06-19 18:49:55 - huginn - INFO - Active engagement closed.
2026-06-19 18:49:55 - huginn - INFO - EngagementManager closed.
2026-06-19 18:49:55 - huginn - INFO - Master index schema initialized.
2026-06-19 18:49:55 - huginn - ERROR - Engagement not found: nonexistent-id
2026-06-19 18:49:55 - huginn - INFO - EngagementManager closed.
2026-06-19 18:49:55 - huginn - INFO - Master index schema initialized.
2026-06-19 18:49:55 - huginn - INFO - EngagementDatabase connected: C:\Users\allie\AppData\Local\Temp\pytest-of-allie\pytest-36\test_open_closes_previous_enga0\engagements\d4e8b6ac-ecd7-437a-9818-42093f605102\engagement.db (pool_size=5)
2026-06-19 18:49:55 - huginn - INFO - EngagementDatabase schema created: C:\Users\allie\AppData\Local\Temp\pytest-of-allie\pytest-36\test_open_closes_previous_enga0\engagements\d4e8b6ac-ecd7-437a-9818-42093f605102\engagement.db
2026-06-19 18:49:55 - huginn - INFO - EngagementDatabase closed: C:\Users\allie\AppData\Local\Temp\pytest-of-allie\pytest-36\test_open_closes_previous_enga0\engagements\d4e8b6ac-ecd7-437a-9818-42093f605102\engagement.db (5 connections)
2026-06-19 18:49:55 - huginn - INFO - Engagement created: d4e8b6ac-ecd7-437a-9818-42093f605102 (First)
2026-06-19 18:49:55 - huginn - INFO - EngagementDatabase connected: C:\Users\allie\AppData\Local\Temp\pytest-of-allie\pytest-36\test_open_closes_previous_enga0\engagements\f0ab7956-1ddf-4eac-9b60-c9b79d965c12\engagement.db (pool_size=5)
2026-06-19 18:49:55 - huginn - INFO - EngagementDatabase schema created: C:\Users\allie\AppData\Local\Temp\pytest-of-allie\pytest-36\test_open_closes_previous_enga0\engagements\f0ab7956-1ddf-4eac-9b60-c9b79d965c12\engagement.db
2026-06-19 18:49:55 - huginn - INFO - EngagementDatabase closed: C:\Users\allie\AppData\Local\Temp\pytest-of-allie\pytest-36\test_open_closes_previous_enga0\engagements\f0ab7956-1ddf-4eac-9b60-c9b79d965c12\engagement.db (5 connections)
2026-06-19 18:49:55 - huginn - INFO - Engagement created: f0ab7956-1ddf-4eac-9b60-c9b79d965c12 (Second)
2026-06-19 18:49:55 - huginn - INFO - EngagementDatabase connected: C:\Users\allie\AppData\Local\Temp\pytest-of-allie\pytest-36\test_open_closes_previous_enga0\engagements\d4e8b6ac-ecd7-437a-9818-42093f605102\engagement.db (pool_size=5)
2026-06-19 18:49:55 - huginn - INFO - Engagement opened: d4e8b6ac-ecd7-437a-9818-42093f605102
2026-06-19 18:49:55 - huginn - INFO - EngagementDatabase closed: C:\Users\allie\AppData\Local\Temp\pytest-of-allie\pytest-36\test_open_closes_previous_enga0\engagements\d4e8b6ac-ecd7-437a-9818-42093f605102\engagement.db (5 connections)
2026-06-19 18:49:55 - huginn - INFO - EngagementDatabase connected: C:\Users\allie\AppData\Local\Temp\pytest-of-allie\pytest-36\test_open_closes_previous_enga0\engagements\f0ab7956-1ddf-4eac-9b60-c9b79d965c12\engagement.db (pool_size=5)
2026-06-19 18:49:55 - huginn - INFO - Engagement opened: f0ab7956-1ddf-4eac-9b60-c9b79d965c12
2026-06-19 18:49:55 - huginn - INFO - EngagementDatabase closed: C:\Users\allie\AppData\Local\Temp\pytest-of-allie\pytest-36\test_open_closes_previous_enga0\engagements\f0ab7956-1ddf-4eac-9b60-c9b79d965c12\engagement.db (5 connections)
2026-06-19 18:49:55 - huginn - INFO - Active engagement closed.
2026-06-19 18:49:55 - huginn - INFO - EngagementManager closed.
2026-06-19 18:49:56 - huginn - INFO - Master index schema initialized.
2026-06-19 18:49:56 - huginn - INFO - EngagementDatabase connected: C:\Users\allie\AppData\Local\Temp\pytest-of-allie\pytest-36\test_add_and_get_document0\engagements\5fc31ac9-8727-4e93-9421-39b95f56db92\engagement.db (pool_size=5)
2026-06-19 18:49:56 - huginn - INFO - EngagementDatabase schema created: C:\Users\allie\AppData\Local\Temp\pytest-of-allie\pytest-36\test_add_and_get_document0\engagements\5fc31ac9-8727-4e93-9421-39b95f56db92\engagement.db
2026-06-19 18:49:56 - huginn - INFO - EngagementDatabase closed: C:\Users\allie\AppData\Local\Temp\pytest-of-allie\pytest-36\test_add_and_get_document0\engagements\5fc31ac9-8727-4e93-9421-39b95f56db92\engagement.db (5 connections)
2026-06-19 18:49:56 - huginn - INFO - Engagement created: 5fc31ac9-8727-4e93-9421-39b95f56db92 (Doc Test)
2026-06-19 18:49:56 - huginn - INFO - EngagementDatabase connected: C:\Users\allie\AppData\Local\Temp\pytest-of-allie\pytest-36\test_add_and_get_document0\engagements\5fc31ac9-8727-4e93-9421-39b95f56db92\engagement.db (pool_size=5)
2026-06-19 18:49:56 - huginn - INFO - Engagement opened: 5fc31ac9-8727-4e93-9421-39b95f56db92
2026-06-19 18:49:56 - huginn - DEBUG - Document added: scope.pdf (type=scope)
2026-06-19 18:49:56 - huginn - INFO - EngagementDatabase closed: C:\Users\allie\AppData\Local\Temp\pytest-of-allie\pytest-36\test_add_and_get_document0\engagements\5fc31ac9-8727-4e93-9421-39b95f56db92\engagement.db (5 connections)
2026-06-19 18:49:56 - huginn - INFO - Active engagement closed.
2026-06-19 18:49:56 - huginn - INFO - EngagementManager closed.
2026-06-19 18:49:56 - huginn - INFO - Master index schema initialized.
2026-06-19 18:49:56 - huginn - INFO - EngagementDatabase connected: C:\Users\allie\AppData\Local\Temp\pytest-of-allie\pytest-36\test_get_document_content0\engagements\27f2e6fe-2bb5-4d05-a058-ef0b4e88ddcf\engagement.db (pool_size=5)
2026-06-19 18:49:56 - huginn - INFO - EngagementDatabase schema created: C:\Users\allie\AppData\Local\Temp\pytest-of-allie\pytest-36\test_get_document_content0\engagements\27f2e6fe-2bb5-4d05-a058-ef0b4e88ddcf\engagement.db
2026-06-19 18:49:56 - huginn - INFO - EngagementDatabase closed: C:\Users\allie\AppData\Local\Temp\pytest-of-allie\pytest-36\test_get_document_content0\engagements\27f2e6fe-2bb5-4d05-a058-ef0b4e88ddcf\engagement.db (5 connections)
2026-06-19 18:49:56 - huginn - INFO - Engagement created: 27f2e6fe-2bb5-4d05-a058-ef0b4e88ddcf (Doc Test)
2026-06-19 18:49:56 - huginn - INFO - EngagementDatabase connected: C:\Users\allie\AppData\Local\Temp\pytest-of-allie\pytest-36\test_get_document_content0\engagements\27f2e6fe-2bb5-4d05-a058-ef0b4e88ddcf\engagement.db (pool_size=5)
2026-06-19 18:49:56 - huginn - INFO - Engagement opened: 27f2e6fe-2bb5-4d05-a058-ef0b4e88ddcf
2026-06-19 18:49:56 - huginn - DEBUG - Document added: test.bin (type=other)
2026-06-19 18:49:56 - huginn - INFO - EngagementDatabase closed: C:\Users\allie\AppData\Local\Temp\pytest-of-allie\pytest-36\test_get_document_content0\engagements\27f2e6fe-2bb5-4d05-a058-ef0b4e88ddcf\engagement.db (5 connections)
2026-06-19 18:49:56 - huginn - INFO - Active engagement closed.
2026-06-19 18:49:56 - huginn - INFO - EngagementManager closed.
2026-06-19 18:49:56 - huginn - INFO - Master index schema initialized.
2026-06-19 18:49:56 - huginn - INFO - EngagementDatabase connected: C:\Users\allie\AppData\Local\Temp\pytest-of-allie\pytest-36\test_filter_documents_by_type0\engagements\90c90529-d6df-4dbc-859e-b445baa58247\engagement.db (pool_size=5)
2026-06-19 18:49:56 - huginn - INFO - EngagementDatabase schema created: C:\Users\allie\AppData\Local\Temp\pytest-of-allie\pytest-36\test_filter_documents_by_type0\engagements\90c90529-d6df-4dbc-859e-b445baa58247\engagement.db
2026-06-19 18:49:56 - huginn - INFO - EngagementDatabase closed: C:\Users\allie\AppData\Local\Temp\pytest-of-allie\pytest-36\test_filter_documents_by_type0\engagements\90c90529-d6df-4dbc-859e-b445baa58247\engagement.db (5 connections)
2026-06-19 18:49:56 - huginn - INFO - Engagement created: 90c90529-d6df-4dbc-859e-b445baa58247 (Doc Test)
2026-06-19 18:49:56 - huginn - INFO - EngagementDatabase connected: C:\Users\allie\AppData\Local\Temp\pytest-of-allie\pytest-36\test_filter_documents_by_type0\engagements\90c90529-d6df-4dbc-859e-b445baa58247\engagement.db (pool_size=5)
2026-06-19 18:49:56 - huginn - INFO - Engagement opened: 90c90529-d6df-4dbc-859e-b445baa58247
2026-06-19 18:49:56 - huginn - DEBUG - Document added: scope.pdf (type=scope)
2026-06-19 18:49:56 - huginn - DEBUG - Document added: nda.pdf (type=nda)
2026-06-19 18:49:56 - huginn - INFO - EngagementDatabase closed: C:\Users\allie\AppData\Local\Temp\pytest-of-allie\pytest-36\test_filter_documents_by_type0\engagements\90c90529-d6df-4dbc-859e-b445baa58247\engagement.db (5 connections)
2026-06-19 18:49:56 - huginn - INFO - Active engagement closed.
2026-06-19 18:49:56 - huginn - INFO - EngagementManager closed.
2026-06-19 18:49:56 - huginn - INFO - Master index schema initialized.
2026-06-19 18:49:56 - huginn - INFO - EngagementDatabase connected: C:\Users\allie\AppData\Local\Temp\pytest-of-allie\pytest-36\test_delete_document0\engagements\fe26009e-7964-4cac-b838-2fa069a2e3fc\engagement.db (pool_size=5)
2026-06-19 18:49:56 - huginn - INFO - EngagementDatabase schema created: C:\Users\allie\AppData\Local\Temp\pytest-of-allie\pytest-36\test_delete_document0\engagements\fe26009e-7964-4cac-b838-2fa069a2e3fc\engagement.db
2026-06-19 18:49:56 - huginn - INFO - EngagementDatabase closed: C:\Users\allie\AppData\Local\Temp\pytest-of-allie\pytest-36\test_delete_document0\engagements\fe26009e-7964-4cac-b838-2fa069a2e3fc\engagement.db (5 connections)
2026-06-19 18:49:56 - huginn - INFO - Engagement created: fe26009e-7964-4cac-b838-2fa069a2e3fc (Doc Test)
2026-06-19 18:49:56 - huginn - INFO - EngagementDatabase connected: C:\Users\allie\AppData\Local\Temp\pytest-of-allie\pytest-36\test_delete_document0\engagements\fe26009e-7964-4cac-b838-2fa069a2e3fc\engagement.db (pool_size=5)
2026-06-19 18:49:56 - huginn - INFO - Engagement opened: fe26009e-7964-4cac-b838-2fa069a2e3fc
2026-06-19 18:49:56 - huginn - DEBUG - Document added: del.pdf (type=other)
2026-06-19 18:49:56 - huginn - INFO - EngagementDatabase closed: C:\Users\allie\AppData\Local\Temp\pytest-of-allie\pytest-36\test_delete_document0\engagements\fe26009e-7964-4cac-b838-2fa069a2e3fc\engagement.db (5 connections)
2026-06-19 18:49:56 - huginn - INFO - Active engagement closed.
2026-06-19 18:49:56 - huginn - INFO - EngagementManager closed.
2026-06-19 18:49:56 - huginn - INFO - Master index schema initialized.
2026-06-19 18:49:56 - huginn - INFO - EngagementDatabase connected: C:\Users\allie\AppData\Local\Temp\pytest-of-allie\pytest-36\test_add_and_list_contacts0\engagements\a4a24373-9ba7-4ebe-88a8-aa2ec4d3e056\engagement.db (pool_size=5)
2026-06-19 18:49:56 - huginn - INFO - EngagementDatabase schema created: C:\Users\allie\AppData\Local\Temp\pytest-of-allie\pytest-36\test_add_and_list_contacts0\engagements\a4a24373-9ba7-4ebe-88a8-aa2ec4d3e056\engagement.db
2026-06-19 18:49:56 - huginn - INFO - EngagementDatabase closed: C:\Users\allie\AppData\Local\Temp\pytest-of-allie\pytest-36\test_add_and_list_contacts0\engagements\a4a24373-9ba7-4ebe-88a8-aa2ec4d3e056\engagement.db (5 connections)
2026-06-19 18:49:56 - huginn - INFO - Engagement created: a4a24373-9ba7-4ebe-88a8-aa2ec4d3e056 (Contact Test)
2026-06-19 18:49:56 - huginn - INFO - EngagementDatabase connected: C:\Users\allie\AppData\Local\Temp\pytest-of-allie\pytest-36\test_add_and_list_contacts0\engagements\a4a24373-9ba7-4ebe-88a8-aa2ec4d3e056\engagement.db (pool_size=5)
2026-06-19 18:49:56 - huginn - INFO - Engagement opened: a4a24373-9ba7-4ebe-88a8-aa2ec4d3e056
2026-06-19 18:49:56 - huginn - DEBUG - Contact added: John Doe (CTO)
2026-06-19 18:49:56 - huginn - INFO - EngagementDatabase closed: C:\Users\allie\AppData\Local\Temp\pytest-of-allie\pytest-36\test_add_and_list_contacts0\engagements\a4a24373-9ba7-4ebe-88a8-aa2ec4d3e056\engagement.db (5 connections)
2026-06-19 18:49:56 - huginn - INFO - Active engagement closed.
2026-06-19 18:49:56 - huginn - INFO - EngagementManager closed.
2026-06-19 18:49:56 - huginn - INFO - Master index schema initialized.
2026-06-19 18:49:56 - huginn - INFO - EngagementDatabase connected: C:\Users\allie\AppData\Local\Temp\pytest-of-allie\pytest-36\test_update_contact0\engagements\fea1588d-c7f4-4c8a-adfb-9461da1f1e29\engagement.db (pool_size=5)
2026-06-19 18:49:56 - huginn - INFO - EngagementDatabase schema created: C:\Users\allie\AppData\Local\Temp\pytest-of-allie\pytest-36\test_update_contact0\engagements\fea1588d-c7f4-4c8a-adfb-9461da1f1e29\engagement.db
2026-06-19 18:49:56 - huginn - INFO - EngagementDatabase closed: C:\Users\allie\AppData\Local\Temp\pytest-of-allie\pytest-36\test_update_contact0\engagements\fea1588d-c7f4-4c8a-adfb-9461da1f1e29\engagement.db (5 connections)
2026-06-19 18:49:56 - huginn - INFO - Engagement created: fea1588d-c7f4-4c8a-adfb-9461da1f1e29 (Contact Test)
2026-06-19 18:49:56 - huginn - INFO - EngagementDatabase connected: C:\Users\allie\AppData\Local\Temp\pytest-of-allie\pytest-36\test_update_contact0\engagements\fea1588d-c7f4-4c8a-adfb-9461da1f1e29\engagement.db (pool_size=5)
2026-06-19 18:49:56 - huginn - INFO - Engagement opened: fea1588d-c7f4-4c8a-adfb-9461da1f1e29
2026-06-19 18:49:56 - huginn - DEBUG - Contact added: Jane (PM)
2026-06-19 18:49:56 - huginn - INFO - EngagementDatabase closed: C:\Users\allie\AppData\Local\Temp\pytest-of-allie\pytest-36\test_update_contact0\engagements\fea1588d-c7f4-4c8a-adfb-9461da1f1e29\engagement.db (5 connections)
2026-06-19 18:49:56 - huginn - INFO - Active engagement closed.
2026-06-19 18:49:56 - huginn - INFO - EngagementManager closed.
2026-06-19 18:49:56 - huginn - INFO - Master index schema initialized.
2026-06-19 18:49:56 - huginn - INFO - EngagementDatabase connected: C:\Users\allie\AppData\Local\Temp\pytest-of-allie\pytest-36\test_delete_contact0\engagements\d8bb0a40-77e1-4eee-b012-c2bb342f51a8\engagement.db (pool_size=5)
2026-06-19 18:49:56 - huginn - INFO - EngagementDatabase schema created: C:\Users\allie\AppData\Local\Temp\pytest-of-allie\pytest-36\test_delete_contact0\engagements\d8bb0a40-77e1-4eee-b012-c2bb342f51a8\engagement.db
2026-06-19 18:49:56 - huginn - INFO - EngagementDatabase closed: C:\Users\allie\AppData\Local\Temp\pytest-of-allie\pytest-36\test_delete_contact0\engagements\d8bb0a40-77e1-4eee-b012-c2bb342f51a8\engagement.db (5 connections)
2026-06-19 18:49:56 - huginn - INFO - Engagement created: d8bb0a40-77e1-4eee-b012-c2bb342f51a8 (Contact Test)
2026-06-19 18:49:56 - huginn - INFO - EngagementDatabase connected: C:\Users\allie\AppData\Local\Temp\pytest-of-allie\pytest-36\test_delete_contact0\engagements\d8bb0a40-77e1-4eee-b012-c2bb342f51a8\engagement.db (pool_size=5)
2026-06-19 18:49:56 - huginn - INFO - Engagement opened: d8bb0a40-77e1-4eee-b012-c2bb342f51a8
2026-06-19 18:49:56 - huginn - DEBUG - Contact added: Delete Me (None)
2026-06-19 18:49:56 - huginn - INFO - EngagementDatabase closed: C:\Users\allie\AppData\Local\Temp\pytest-of-allie\pytest-36\test_delete_contact0\engagements\d8bb0a40-77e1-4eee-b012-c2bb342f51a8\engagement.db (5 connections)
2026-06-19 18:49:56 - huginn - INFO - Active engagement closed.
2026-06-19 18:49:56 - huginn - INFO - EngagementManager closed.
2026-06-19 18:49:56 - huginn - INFO - Master index schema initialized.
2026-06-19 18:49:56 - huginn - INFO - EngagementDatabase connected: C:\Users\allie\AppData\Local\Temp\pytest-of-allie\pytest-36\test_set_and_get_roe0\engagements\b67742c4-8b2b-465d-91ef-560b217df1f4\engagement.db (pool_size=5)
2026-06-19 18:49:56 - huginn - INFO - EngagementDatabase schema created: C:\Users\allie\AppData\Local\Temp\pytest-of-allie\pytest-36\test_set_and_get_roe0\engagements\b67742c4-8b2b-465d-91ef-560b217df1f4\engagement.db
2026-06-19 18:49:56 - huginn - INFO - EngagementDatabase closed: C:\Users\allie\AppData\Local\Temp\pytest-of-allie\pytest-36\test_set_and_get_roe0\engagements\b67742c4-8b2b-465d-91ef-560b217df1f4\engagement.db (5 connections)
2026-06-19 18:49:56 - huginn - INFO - Engagement created: b67742c4-8b2b-465d-91ef-560b217df1f4 (RoE Test)
2026-06-19 18:49:56 - huginn - INFO - EngagementDatabase connected: C:\Users\allie\AppData\Local\Temp\pytest-of-allie\pytest-36\test_set_and_get_roe0\engagements\b67742c4-8b2b-465d-91ef-560b217df1f4\engagement.db (pool_size=5)
2026-06-19 18:49:56 - huginn - INFO - Engagement opened: b67742c4-8b2b-465d-91ef-560b217df1f4
2026-06-19 18:49:56 - huginn - INFO - EngagementDatabase closed: C:\Users\allie\AppData\Local\Temp\pytest-of-allie\pytest-36\test_set_and_get_roe0\engagements\b67742c4-8b2b-465d-91ef-560b217df1f4\engagement.db (5 connections)
2026-06-19 18:49:56 - huginn - INFO - Active engagement closed.
2026-06-19 18:49:56 - huginn - INFO - EngagementManager closed.
2026-06-19 18:49:56 - huginn - INFO - Master index schema initialized.
2026-06-19 18:49:56 - huginn - INFO - EngagementDatabase connected: C:\Users\allie\AppData\Local\Temp\pytest-of-allie\pytest-36\test_update_roe_overwrites0\engagements\e6183c76-7d89-44b4-ae01-2cdbc5a855fa\engagement.db (pool_size=5)
2026-06-19 18:49:56 - huginn - INFO - EngagementDatabase schema created: C:\Users\allie\AppData\Local\Temp\pytest-of-allie\pytest-36\test_update_roe_overwrites0\engagements\e6183c76-7d89-44b4-ae01-2cdbc5a855fa\engagement.db
2026-06-19 18:49:56 - huginn - INFO - EngagementDatabase closed: C:\Users\allie\AppData\Local\Temp\pytest-of-allie\pytest-36\test_update_roe_overwrites0\engagements\e6183c76-7d89-44b4-ae01-2cdbc5a855fa\engagement.db (5 connections)
2026-06-19 18:49:56 - huginn - INFO - Engagement created: e6183c76-7d89-44b4-ae01-2cdbc5a855fa (RoE Test)
2026-06-19 18:49:56 - huginn - INFO - EngagementDatabase connected: C:\Users\allie\AppData\Local\Temp\pytest-of-allie\pytest-36\test_update_roe_overwrites0\engagements\e6183c76-7d89-44b4-ae01-2cdbc5a855fa\engagement.db (pool_size=5)
2026-06-19 18:49:56 - huginn - INFO - Engagement opened: e6183c76-7d89-44b4-ae01-2cdbc5a855fa
2026-06-19 18:49:56 - huginn - INFO - EngagementDatabase closed: C:\Users\allie\AppData\Local\Temp\pytest-of-allie\pytest-36\test_update_roe_overwrites0\engagements\e6183c76-7d89-44b4-ae01-2cdbc5a855fa\engagement.db (5 connections)
2026-06-19 18:49:56 - huginn - INFO - Active engagement closed.
2026-06-19 18:49:56 - huginn - INFO - EngagementManager closed.
2026-06-19 18:49:56 - huginn - INFO - Master index schema initialized.
2026-06-19 18:49:56 - huginn - INFO - EngagementDatabase connected: C:\Users\allie\AppData\Local\Temp\pytest-of-allie\pytest-36\test_get_roe_returns_none_when0\engagements\606eedd3-103f-410c-aab8-bc637a94b075\engagement.db (pool_size=5)
2026-06-19 18:49:56 - huginn - INFO - EngagementDatabase schema created: C:\Users\allie\AppData\Local\Temp\pytest-of-allie\pytest-36\test_get_roe_returns_none_when0\engagements\606eedd3-103f-410c-aab8-bc637a94b075\engagement.db
2026-06-19 18:49:56 - huginn - INFO - EngagementDatabase closed: C:\Users\allie\AppData\Local\Temp\pytest-of-allie\pytest-36\test_get_roe_returns_none_when0\engagements\606eedd3-103f-410c-aab8-bc637a94b075\engagement.db (5 connections)
2026-06-19 18:49:56 - huginn - INFO - Engagement created: 606eedd3-103f-410c-aab8-bc637a94b075 (RoE Test)
2026-06-19 18:49:56 - huginn - INFO - EngagementDatabase connected: C:\Users\allie\AppData\Local\Temp\pytest-of-allie\pytest-36\test_get_roe_returns_none_when0\engagements\606eedd3-103f-410c-aab8-bc637a94b075\engagement.db (pool_size=5)
2026-06-19 18:49:56 - huginn - INFO - Engagement opened: 606eedd3-103f-410c-aab8-bc637a94b075
2026-06-19 18:49:56 - huginn - INFO - EngagementDatabase closed: C:\Users\allie\AppData\Local\Temp\pytest-of-allie\pytest-36\test_get_roe_returns_none_when0\engagements\606eedd3-103f-410c-aab8-bc637a94b075\engagement.db (5 connections)
2026-06-19 18:49:56 - huginn - INFO - Active engagement closed.
2026-06-19 18:49:56 - huginn - INFO - EngagementManager closed.
2026-06-19 18:49:56 - huginn - INFO - Master index schema initialized.
2026-06-19 18:49:56 - huginn - INFO - EngagementDatabase connected: C:\Users\allie\AppData\Local\Temp\pytest-of-allie\pytest-36\test_add_and_list_milestones0\engagements\e5d2301c-cba8-4640-8c79-eabda61a3ad9\engagement.db (pool_size=5)
2026-06-19 18:49:56 - huginn - INFO - EngagementDatabase schema created: C:\Users\allie\AppData\Local\Temp\pytest-of-allie\pytest-36\test_add_and_list_milestones0\engagements\e5d2301c-cba8-4640-8c79-eabda61a3ad9\engagement.db
2026-06-19 18:49:56 - huginn - INFO - EngagementDatabase closed: C:\Users\allie\AppData\Local\Temp\pytest-of-allie\pytest-36\test_add_and_list_milestones0\engagements\e5d2301c-cba8-4640-8c79-eabda61a3ad9\engagement.db (5 connections)
2026-06-19 18:49:56 - huginn - INFO - Engagement created: e5d2301c-cba8-4640-8c79-eabda61a3ad9 (Milestone Test)
2026-06-19 18:49:56 - huginn - INFO - EngagementDatabase connected: C:\Users\allie\AppData\Local\Temp\pytest-of-allie\pytest-36\test_add_and_list_milestones0\engagements\e5d2301c-cba8-4640-8c79-eabda61a3ad9\engagement.db (pool_size=5)
2026-06-19 18:49:56 - huginn - INFO - Engagement opened: e5d2301c-cba8-4640-8c79-eabda61a3ad9
2026-06-19 18:49:56 - huginn - DEBUG - Milestone added: Kickoff (planned_start)
2026-06-19 18:49:56 - huginn - INFO - EngagementDatabase closed: C:\Users\allie\AppData\Local\Temp\pytest-of-allie\pytest-36\test_add_and_list_milestones0\engagements\e5d2301c-cba8-4640-8c79-eabda61a3ad9\engagement.db (5 connections)
2026-06-19 18:49:56 - huginn - INFO - Active engagement closed.
2026-06-19 18:49:56 - huginn - INFO - EngagementManager closed.
2026-06-19 18:49:56 - huginn - INFO - Master index schema initialized.
2026-06-19 18:49:56 - huginn - INFO - EngagementDatabase connected: C:\Users\allie\AppData\Local\Temp\pytest-of-allie\pytest-36\test_milestones_ordered_by_dat0\engagements\e40f6fb3-d549-406b-afce-700f5e845438\engagement.db (pool_size=5)
2026-06-19 18:49:56 - huginn - INFO - EngagementDatabase schema created: C:\Users\allie\AppData\Local\Temp\pytest-of-allie\pytest-36\test_milestones_ordered_by_dat0\engagements\e40f6fb3-d549-406b-afce-700f5e845438\engagement.db
2026-06-19 18:49:56 - huginn - INFO - EngagementDatabase closed: C:\Users\allie\AppData\Local\Temp\pytest-of-allie\pytest-36\test_milestones_ordered_by_dat0\engagements\e40f6fb3-d549-406b-afce-700f5e845438\engagement.db (5 connections)
2026-06-19 18:49:56 - huginn - INFO - Engagement created: e40f6fb3-d549-406b-afce-700f5e845438 (Milestone Test)
2026-06-19 18:49:56 - huginn - INFO - EngagementDatabase connected: C:\Users\allie\AppData\Local\Temp\pytest-of-allie\pytest-36\test_milestones_ordered_by_dat0\engagements\e40f6fb3-d549-406b-afce-700f5e845438\engagement.db (pool_size=5)
2026-06-19 18:49:56 - huginn - INFO - Engagement opened: e40f6fb3-d549-406b-afce-700f5e845438
2026-06-19 18:49:56 - huginn - DEBUG - Milestone added: End (planned_end)
2026-06-19 18:49:56 - huginn - DEBUG - Milestone added: Start (planned_start)
2026-06-19 18:49:56 - huginn - DEBUG - Milestone added: Mid (checkpoint)
2026-06-19 18:49:56 - huginn - INFO - EngagementDatabase closed: C:\Users\allie\AppData\Local\Temp\pytest-of-allie\pytest-36\test_milestones_ordered_by_dat0\engagements\e40f6fb3-d549-406b-afce-700f5e845438\engagement.db (5 connections)
2026-06-19 18:49:56 - huginn - INFO - Active engagement closed.
2026-06-19 18:49:56 - huginn - INFO - EngagementManager closed.
2026-06-19 18:49:56 - huginn - INFO - Master index schema initialized.
2026-06-19 18:49:56 - huginn - INFO - EngagementDatabase connected: C:\Users\allie\AppData\Local\Temp\pytest-of-allie\pytest-36\test_update_milestone0\engagements\3ffcfb79-e5a1-4104-961b-cde3a07f2c8d\engagement.db (pool_size=5)
2026-06-19 18:49:56 - huginn - INFO - EngagementDatabase schema created: C:\Users\allie\AppData\Local\Temp\pytest-of-allie\pytest-36\test_update_milestone0\engagements\3ffcfb79-e5a1-4104-961b-cde3a07f2c8d\engagement.db
2026-06-19 18:49:56 - huginn - INFO - EngagementDatabase closed: C:\Users\allie\AppData\Local\Temp\pytest-of-allie\pytest-36\test_update_milestone0\engagements\3ffcfb79-e5a1-4104-961b-cde3a07f2c8d\engagement.db (5 connections)
2026-06-19 18:49:56 - huginn - INFO - Engagement created: 3ffcfb79-e5a1-4104-961b-cde3a07f2c8d (Milestone Test)
2026-06-19 18:49:56 - huginn - INFO - EngagementDatabase connected: C:\Users\allie\AppData\Local\Temp\pytest-of-allie\pytest-36\test_update_milestone0\engagements\3ffcfb79-e5a1-4104-961b-cde3a07f2c8d\engagement.db (pool_size=5)
2026-06-19 18:49:56 - huginn - INFO - Engagement opened: 3ffcfb79-e5a1-4104-961b-cde3a07f2c8d
2026-06-19 18:49:56 - huginn - DEBUG - Milestone added: Old Name (checkpoint)
2026-06-19 18:49:56 - huginn - INFO - EngagementDatabase closed: C:\Users\allie\AppData\Local\Temp\pytest-of-allie\pytest-36\test_update_milestone0\engagements\3ffcfb79-e5a1-4104-961b-cde3a07f2c8d\engagement.db (5 connections)
2026-06-19 18:49:56 - huginn - INFO - Active engagement closed.
2026-06-19 18:49:56 - huginn - INFO - EngagementManager closed.
2026-06-19 18:49:56 - huginn - INFO - Master index schema initialized.
2026-06-19 18:49:56 - huginn - INFO - EngagementDatabase connected: C:\Users\allie\AppData\Local\Temp\pytest-of-allie\pytest-36\test_delete_milestone0\engagements\c0ae58e7-c75e-4e14-96fc-0220a61d3588\engagement.db (pool_size=5)
2026-06-19 18:49:56 - huginn - INFO - EngagementDatabase schema created: C:\Users\allie\AppData\Local\Temp\pytest-of-allie\pytest-36\test_delete_milestone0\engagements\c0ae58e7-c75e-4e14-96fc-0220a61d3588\engagement.db
2026-06-19 18:49:56 - huginn - INFO - EngagementDatabase closed: C:\Users\allie\AppData\Local\Temp\pytest-of-allie\pytest-36\test_delete_milestone0\engagements\c0ae58e7-c75e-4e14-96fc-0220a61d3588\engagement.db (5 connections)
2026-06-19 18:49:56 - huginn - INFO - Engagement created: c0ae58e7-c75e-4e14-96fc-0220a61d3588 (Milestone Test)
2026-06-19 18:49:56 - huginn - INFO - EngagementDatabase connected: C:\Users\allie\AppData\Local\Temp\pytest-of-allie\pytest-36\test_delete_milestone0\engagements\c0ae58e7-c75e-4e14-96fc-0220a61d3588\engagement.db (pool_size=5)
2026-06-19 18:49:56 - huginn - INFO - Engagement opened: c0ae58e7-c75e-4e14-96fc-0220a61d3588
2026-06-19 18:49:56 - huginn - DEBUG - Milestone added: Remove (checkpoint)
2026-06-19 18:49:56 - huginn - INFO - EngagementDatabase closed: C:\Users\allie\AppData\Local\Temp\pytest-of-allie\pytest-36\test_delete_milestone0\engagements\c0ae58e7-c75e-4e14-96fc-0220a61d3588\engagement.db (5 connections)
2026-06-19 18:49:56 - huginn - INFO - Active engagement closed.
2026-06-19 18:49:56 - huginn - INFO - EngagementManager closed.
2026-06-19 18:49:56 - huginn - INFO - Master index schema initialized.
2026-06-19 18:49:56 - huginn - INFO - EngagementDatabase connected: C:\Users\allie\AppData\Local\Temp\pytest-of-allie\pytest-36\test_engagement_created_signal0\engagements\7dabf676-056f-4680-9c2d-c062f29bd2cc\engagement.db (pool_size=5)
2026-06-19 18:49:56 - huginn - INFO - EngagementDatabase schema created: C:\Users\allie\AppData\Local\Temp\pytest-of-allie\pytest-36\test_engagement_created_signal0\engagements\7dabf676-056f-4680-9c2d-c062f29bd2cc\engagement.db
2026-06-19 18:49:56 - huginn - INFO - EngagementDatabase closed: C:\Users\allie\AppData\Local\Temp\pytest-of-allie\pytest-36\test_engagement_created_signal0\engagements\7dabf676-056f-4680-9c2d-c062f29bd2cc\engagement.db (5 connections)
2026-06-19 18:49:56 - huginn - INFO - Engagement created: 7dabf676-056f-4680-9c2d-c062f29bd2cc (Signal)
2026-06-19 18:49:56 - huginn - INFO - EngagementManager closed.
2026-06-19 18:49:56 - huginn - INFO - Master index schema initialized.
2026-06-19 18:49:56 - huginn - INFO - EngagementDatabase connected: C:\Users\allie\AppData\Local\Temp\pytest-of-allie\pytest-36\test_engagement_opened_signal0\engagements\0c65c52e-ea8f-4ae6-b390-64632511b711\engagement.db (pool_size=5)
2026-06-19 18:49:56 - huginn - INFO - EngagementDatabase schema created: C:\Users\allie\AppData\Local\Temp\pytest-of-allie\pytest-36\test_engagement_opened_signal0\engagements\0c65c52e-ea8f-4ae6-b390-64632511b711\engagement.db
2026-06-19 18:49:56 - huginn - INFO - EngagementDatabase closed: C:\Users\allie\AppData\Local\Temp\pytest-of-allie\pytest-36\test_engagement_opened_signal0\engagements\0c65c52e-ea8f-4ae6-b390-64632511b711\engagement.db (5 connections)
2026-06-19 18:49:56 - huginn - INFO - Engagement created: 0c65c52e-ea8f-4ae6-b390-64632511b711 (Signal Open)
2026-06-19 18:49:56 - huginn - INFO - EngagementDatabase connected: C:\Users\allie\AppData\Local\Temp\pytest-of-allie\pytest-36\test_engagement_opened_signal0\engagements\0c65c52e-ea8f-4ae6-b390-64632511b711\engagement.db (pool_size=5)
2026-06-19 18:49:56 - huginn - INFO - Engagement opened: 0c65c52e-ea8f-4ae6-b390-64632511b711
2026-06-19 18:49:56 - huginn - INFO - EngagementDatabase closed: C:\Users\allie\AppData\Local\Temp\pytest-of-allie\pytest-36\test_engagement_opened_signal0\engagements\0c65c52e-ea8f-4ae6-b390-64632511b711\engagement.db (5 connections)
2026-06-19 18:49:56 - huginn - INFO - Active engagement closed.
2026-06-19 18:49:56 - huginn - INFO - EngagementManager closed.
2026-06-19 18:49:56 - huginn - INFO - Master index schema initialized.
2026-06-19 18:49:56 - huginn - INFO - EngagementDatabase connected: C:\Users\allie\AppData\Local\Temp\pytest-of-allie\pytest-36\test_state_changed_signal0\engagements\0507dc3d-7bf5-4850-a8a9-4064287e5f4b\engagement.db (pool_size=5)
2026-06-19 18:49:56 - huginn - INFO - EngagementDatabase schema created: C:\Users\allie\AppData\Local\Temp\pytest-of-allie\pytest-36\test_state_changed_signal0\engagements\0507dc3d-7bf5-4850-a8a9-4064287e5f4b\engagement.db
2026-06-19 18:49:56 - huginn - INFO - EngagementDatabase closed: C:\Users\allie\AppData\Local\Temp\pytest-of-allie\pytest-36\test_state_changed_signal0\engagements\0507dc3d-7bf5-4850-a8a9-4064287e5f4b\engagement.db (5 connections)
2026-06-19 18:49:56 - huginn - INFO - Engagement created: 0507dc3d-7bf5-4850-a8a9-4064287e5f4b (Signal State)
2026-06-19 18:49:56 - huginn - INFO - State transition: 0507dc3d-7bf5-4850-a8a9-4064287e5f4b draft -> scoping
2026-06-19 18:49:56 - huginn - INFO - EngagementManager closed.
2026-06-19 18:49:56 - huginn - INFO - Master index schema initialized.
2026-06-19 18:49:56 - huginn - INFO - EngagementManager closed.
2026-06-19 18:50:09 - huginn - DEBUG - Session token generated
2026-06-19 18:56:02 - huginn - INFO - QThreadPool max threads set to 32 (CPUs: 32)
2026-06-19 18:56:02 - huginn - WARNING - Font loading failed - file not found or invalid: C:\Users\allie\Coding Projects\huggin_suite\huginn\tests\resources\fonts\neuropol.otf
2026-06-19 18:56:03 - huginn - INFO - License saved successfully
2026-06-19 18:56:03 - huginn - INFO - License loaded and validated successfully
2026-06-19 18:56:03 - huginn - INFO - Master index schema initialized.
2026-06-19 18:56:03 - huginn - INFO - EngagementDatabase connected: C:\Users\allie\AppData\Local\Temp\pytest-of-allie\pytest-37\test_create_engagement_returns0\engagements\e48f6049-59ed-4155-8951-cff6c1c1a136\engagement.db (pool_size=5)
2026-06-19 18:56:03 - huginn - INFO - EngagementDatabase schema created: C:\Users\allie\AppData\Local\Temp\pytest-of-allie\pytest-37\test_create_engagement_returns0\engagements\e48f6049-59ed-4155-8951-cff6c1c1a136\engagement.db
2026-06-19 18:56:03 - huginn - INFO - EngagementDatabase closed: C:\Users\allie\AppData\Local\Temp\pytest-of-allie\pytest-37\test_create_engagement_returns0\engagements\e48f6049-59ed-4155-8951-cff6c1c1a136\engagement.db (5 connections)
2026-06-19 18:56:03 - huginn - INFO - Engagement created: e48f6049-59ed-4155-8951-cff6c1c1a136 (Test Engagement)
2026-06-19 18:56:03 - huginn - INFO - EngagementManager closed.
2026-06-19 18:56:03 - huginn - INFO - Master index schema initialized.
2026-06-19 18:56:03 - huginn - INFO - EngagementDatabase connected: C:\Users\allie\AppData\Local\Temp\pytest-of-allie\pytest-37\test_create_engagement_creates0\engagements\9a30aac8-fbae-49d7-b9fe-0c426c0d46cb\engagement.db (pool_size=5)
2026-06-19 18:56:03 - huginn - INFO - EngagementDatabase schema created: C:\Users\allie\AppData\Local\Temp\pytest-of-allie\pytest-37\test_create_engagement_creates0\engagements\9a30aac8-fbae-49d7-b9fe-0c426c0d46cb\engagement.db
2026-06-19 18:56:03 - huginn - INFO - EngagementDatabase closed: C:\Users\allie\AppData\Local\Temp\pytest-of-allie\pytest-37\test_create_engagement_creates0\engagements\9a30aac8-fbae-49d7-b9fe-0c426c0d46cb\engagement.db (5 connections)
2026-06-19 18:56:03 - huginn - INFO - Engagement created: 9a30aac8-fbae-49d7-b9fe-0c426c0d46cb (DB File Test)
2026-06-19 18:56:03 - huginn - INFO - EngagementManager closed.
2026-06-19 18:56:03 - huginn - INFO - Master index schema initialized.
2026-06-19 18:56:03 - huginn - INFO - EngagementDatabase connected: C:\Users\allie\AppData\Local\Temp\pytest-of-allie\pytest-37\test_create_engagement_initial0\engagements\22e3252f-d3a0-4bda-9bde-3135f8af3d11\engagement.db (pool_size=5)
2026-06-19 18:56:03 - huginn - INFO - EngagementDatabase schema created: C:\Users\allie\AppData\Local\Temp\pytest-of-allie\pytest-37\test_create_engagement_initial0\engagements\22e3252f-d3a0-4bda-9bde-3135f8af3d11\engagement.db
2026-06-19 18:56:03 - huginn - INFO - EngagementDatabase closed: C:\Users\allie\AppData\Local\Temp\pytest-of-allie\pytest-37\test_create_engagement_initial0\engagements\22e3252f-d3a0-4bda-9bde-3135f8af3d11\engagement.db (5 connections)
2026-06-19 18:56:03 - huginn - INFO - Engagement created: 22e3252f-d3a0-4bda-9bde-3135f8af3d11 (State Test)
2026-06-19 18:56:03 - huginn - INFO - EngagementManager closed.
2026-06-19 18:56:03 - huginn - INFO - Master index schema initialized.
2026-06-19 18:56:03 - huginn - INFO - EngagementDatabase connected: C:\Users\allie\AppData\Local\Temp\pytest-of-allie\pytest-37\test_create_multiple_engagemen0\engagements\7bd6ec7d-0474-4154-bddd-69d6dea2134a\engagement.db (pool_size=5)
2026-06-19 18:56:03 - huginn - INFO - EngagementDatabase schema created: C:\Users\allie\AppData\Local\Temp\pytest-of-allie\pytest-37\test_create_multiple_engagemen0\engagements\7bd6ec7d-0474-4154-bddd-69d6dea2134a\engagement.db
2026-06-19 18:56:03 - huginn - INFO - EngagementDatabase closed: C:\Users\allie\AppData\Local\Temp\pytest-of-allie\pytest-37\test_create_multiple_engagemen0\engagements\7bd6ec7d-0474-4154-bddd-69d6dea2134a\engagement.db (5 connections)
2026-06-19 18:56:03 - huginn - INFO - Engagement created: 7bd6ec7d-0474-4154-bddd-69d6dea2134a (Engagement 0)
2026-06-19 18:56:03 - huginn - INFO - EngagementDatabase connected: C:\Users\allie\AppData\Local\Temp\pytest-of-allie\pytest-37\test_create_multiple_engagemen0\engagements\b1c139fd-b27b-4f9b-b7a4-ab3a6450858a\engagement.db (pool_size=5)
2026-06-19 18:56:03 - huginn - INFO - EngagementDatabase schema created: C:\Users\allie\AppData\Local\Temp\pytest-of-allie\pytest-37\test_create_multiple_engagemen0\engagements\b1c139fd-b27b-4f9b-b7a4-ab3a6450858a\engagement.db
2026-06-19 18:56:03 - huginn - INFO - EngagementDatabase closed: C:\Users\allie\AppData\Local\Temp\pytest-of-allie\pytest-37\test_create_multiple_engagemen0\engagements\b1c139fd-b27b-4f9b-b7a4-ab3a6450858a\engagement.db (5 connections)
2026-06-19 18:56:03 - huginn - INFO - Engagement created: b1c139fd-b27b-4f9b-b7a4-ab3a6450858a (Engagement 1)
2026-06-19 18:56:03 - huginn - INFO - EngagementDatabase connected: C:\Users\allie\AppData\Local\Temp\pytest-of-allie\pytest-37\test_create_multiple_engagemen0\engagements\dc409e13-f777-471c-a05c-59ac3d758fc0\engagement.db (pool_size=5)
2026-06-19 18:56:03 - huginn - INFO - EngagementDatabase schema created: C:\Users\allie\AppData\Local\Temp\pytest-of-allie\pytest-37\test_create_multiple_engagemen0\engagements\dc409e13-f777-471c-a05c-59ac3d758fc0\engagement.db
2026-06-19 18:56:03 - huginn - INFO - EngagementDatabase closed: C:\Users\allie\AppData\Local\Temp\pytest-of-allie\pytest-37\test_create_multiple_engagemen0\engagements\dc409e13-f777-471c-a05c-59ac3d758fc0\engagement.db (5 connections)
2026-06-19 18:56:03 - huginn - INFO - Engagement created: dc409e13-f777-471c-a05c-59ac3d758fc0 (Engagement 2)
2026-06-19 18:56:03 - huginn - INFO - EngagementDatabase connected: C:\Users\allie\AppData\Local\Temp\pytest-of-allie\pytest-37\test_create_multiple_engagemen0\engagements\0d660ac7-23c0-46e5-a983-0b447727ecc8\engagement.db (pool_size=5)
2026-06-19 18:56:03 - huginn - INFO - EngagementDatabase schema created: C:\Users\allie\AppData\Local\Temp\pytest-of-allie\pytest-37\test_create_multiple_engagemen0\engagements\0d660ac7-23c0-46e5-a983-0b447727ecc8\engagement.db
2026-06-19 18:56:03 - huginn - INFO - EngagementDatabase closed: C:\Users\allie\AppData\Local\Temp\pytest-of-allie\pytest-37\test_create_multiple_engagemen0\engagements\0d660ac7-23c0-46e5-a983-0b447727ecc8\engagement.db (5 connections)
2026-06-19 18:56:03 - huginn - INFO - Engagement created: 0d660ac7-23c0-46e5-a983-0b447727ecc8 (Engagement 3)
2026-06-19 18:56:03 - huginn - INFO - EngagementDatabase connected: C:\Users\allie\AppData\Local\Temp\pytest-of-allie\pytest-37\test_create_multiple_engagemen0\engagements\5d9f52a8-5cc6-4149-bd3b-fabc635e7c56\engagement.db (pool_size=5)
2026-06-19 18:56:03 - huginn - INFO - EngagementDatabase schema created: C:\Users\allie\AppData\Local\Temp\pytest-of-allie\pytest-37\test_create_multiple_engagemen0\engagements\5d9f52a8-5cc6-4149-bd3b-fabc635e7c56\engagement.db
2026-06-19 18:56:03 - huginn - INFO - EngagementDatabase closed: C:\Users\allie\AppData\Local\Temp\pytest-of-allie\pytest-37\test_create_multiple_engagemen0\engagements\5d9f52a8-5cc6-4149-bd3b-fabc635e7c56\engagement.db (5 connections)
2026-06-19 18:56:03 - huginn - INFO - Engagement created: 5d9f52a8-5cc6-4149-bd3b-fabc635e7c56 (Engagement 4)
2026-06-19 18:56:03 - huginn - INFO - EngagementDatabase connected: C:\Users\allie\AppData\Local\Temp\pytest-of-allie\pytest-37\test_create_multiple_engagemen0\engagements\c8518c97-06af-4c7c-a6e4-07f14d397f09\engagement.db (pool_size=5)
2026-06-19 18:56:03 - huginn - INFO - EngagementDatabase schema created: C:\Users\allie\AppData\Local\Temp\pytest-of-allie\pytest-37\test_create_multiple_engagemen0\engagements\c8518c97-06af-4c7c-a6e4-07f14d397f09\engagement.db
2026-06-19 18:56:03 - huginn - INFO - EngagementDatabase closed: C:\Users\allie\AppData\Local\Temp\pytest-of-allie\pytest-37\test_create_multiple_engagemen0\engagements\c8518c97-06af-4c7c-a6e4-07f14d397f09\engagement.db (5 connections)
2026-06-19 18:56:03 - huginn - INFO - Engagement created: c8518c97-06af-4c7c-a6e4-07f14d397f09 (Engagement 5)
2026-06-19 18:56:03 - huginn - INFO - EngagementDatabase connected: C:\Users\allie\AppData\Local\Temp\pytest-of-allie\pytest-37\test_create_multiple_engagemen0\engagements\6d93bbe6-b665-471c-8375-c706b63134a5\engagement.db (pool_size=5)
2026-06-19 18:56:03 - huginn - INFO - EngagementDatabase schema created: C:\Users\allie\AppData\Local\Temp\pytest-of-allie\pytest-37\test_create_multiple_engagemen0\engagements\6d93bbe6-b665-471c-8375-c706b63134a5\engagement.db
2026-06-19 18:56:03 - huginn - INFO - EngagementDatabase closed: C:\Users\allie\AppData\Local\Temp\pytest-of-allie\pytest-37\test_create_multiple_engagemen0\engagements\6d93bbe6-b665-471c-8375-c706b63134a5\engagement.db (5 connections)
2026-06-19 18:56:03 - huginn - INFO - Engagement created: 6d93bbe6-b665-471c-8375-c706b63134a5 (Engagement 6)
2026-06-19 18:56:03 - huginn - INFO - EngagementDatabase connected: C:\Users\allie\AppData\Local\Temp\pytest-of-allie\pytest-37\test_create_multiple_engagemen0\engagements\7a2f7ac2-277e-453d-aac4-efda744b25dc\engagement.db (pool_size=5)
2026-06-19 18:56:03 - huginn - INFO - EngagementDatabase schema created: C:\Users\allie\AppData\Local\Temp\pytest-of-allie\pytest-37\test_create_multiple_engagemen0\engagements\7a2f7ac2-277e-453d-aac4-efda744b25dc\engagement.db
2026-06-19 18:56:03 - huginn - INFO - EngagementDatabase closed: C:\Users\allie\AppData\Local\Temp\pytest-of-allie\pytest-37\test_create_multiple_engagemen0\engagements\7a2f7ac2-277e-453d-aac4-efda744b25dc\engagement.db (5 connections)
2026-06-19 18:56:03 - huginn - INFO - Engagement created: 7a2f7ac2-277e-453d-aac4-efda744b25dc (Engagement 7)
2026-06-19 18:56:03 - huginn - INFO - EngagementDatabase connected: C:\Users\allie\AppData\Local\Temp\pytest-of-allie\pytest-37\test_create_multiple_engagemen0\engagements\df8e4293-b69d-4bbb-bc7f-24a083716a6d\engagement.db (pool_size=5)
2026-06-19 18:56:03 - huginn - INFO - EngagementDatabase schema created: C:\Users\allie\AppData\Local\Temp\pytest-of-allie\pytest-37\test_create_multiple_engagemen0\engagements\df8e4293-b69d-4bbb-bc7f-24a083716a6d\engagement.db
2026-06-19 18:56:03 - huginn - INFO - EngagementDatabase closed: C:\Users\allie\AppData\Local\Temp\pytest-of-allie\pytest-37\test_create_multiple_engagemen0\engagements\df8e4293-b69d-4bbb-bc7f-24a083716a6d\engagement.db (5 connections)
2026-06-19 18:56:03 - huginn - INFO - Engagement created: df8e4293-b69d-4bbb-bc7f-24a083716a6d (Engagement 8)
2026-06-19 18:56:03 - huginn - INFO - EngagementDatabase connected: C:\Users\allie\AppData\Local\Temp\pytest-of-allie\pytest-37\test_create_multiple_engagemen0\engagements\431b7e43-ab27-42db-96ef-28cf100a68de\engagement.db (pool_size=5)
2026-06-19 18:56:03 - huginn - INFO - EngagementDatabase schema created: C:\Users\allie\AppData\Local\Temp\pytest-of-allie\pytest-37\test_create_multiple_engagemen0\engagements\431b7e43-ab27-42db-96ef-28cf100a68de\engagement.db
2026-06-19 18:56:03 - huginn - INFO - EngagementDatabase closed: C:\Users\allie\AppData\Local\Temp\pytest-of-allie\pytest-37\test_create_multiple_engagemen0\engagements\431b7e43-ab27-42db-96ef-28cf100a68de\engagement.db (5 connections)
2026-06-19 18:56:03 - huginn - INFO - Engagement created: 431b7e43-ab27-42db-96ef-28cf100a68de (Engagement 9)
2026-06-19 18:56:03 - huginn - INFO - EngagementManager closed.
2026-06-19 18:56:03 - huginn - INFO - Master index schema initialized.
2026-06-19 18:56:03 - huginn - INFO - EngagementDatabase connected: C:\Users\allie\AppData\Local\Temp\pytest-of-allie\pytest-37\test_get_engagement_returns_me0\engagements\4461f236-2266-48b7-a84b-73d9fb9f6849\engagement.db (pool_size=5)
2026-06-19 18:56:03 - huginn - INFO - EngagementDatabase schema created: C:\Users\allie\AppData\Local\Temp\pytest-of-allie\pytest-37\test_get_engagement_returns_me0\engagements\4461f236-2266-48b7-a84b-73d9fb9f6849\engagement.db
2026-06-19 18:56:03 - huginn - INFO - EngagementDatabase closed: C:\Users\allie\AppData\Local\Temp\pytest-of-allie\pytest-37\test_get_engagement_returns_me0\engagements\4461f236-2266-48b7-a84b-73d9fb9f6849\engagement.db (5 connections)
2026-06-19 18:56:03 - huginn - INFO - Engagement created: 4461f236-2266-48b7-a84b-73d9fb9f6849 (Metadata Test)
2026-06-19 18:56:03 - huginn - INFO - EngagementManager closed.
2026-06-19 18:56:03 - huginn - INFO - Master index schema initialized.
2026-06-19 18:56:03 - huginn - INFO - EngagementManager closed.
2026-06-19 18:56:03 - huginn - INFO - Master index schema initialized.
2026-06-19 18:56:03 - huginn - INFO - EngagementDatabase connected: C:\Users\allie\AppData\Local\Temp\pytest-of-allie\pytest-37\test_list_all_engagements0\engagements\18edba98-f030-4ba1-a635-a9851fb3f669\engagement.db (pool_size=5)
2026-06-19 18:56:03 - huginn - INFO - EngagementDatabase schema created: C:\Users\allie\AppData\Local\Temp\pytest-of-allie\pytest-37\test_list_all_engagements0\engagements\18edba98-f030-4ba1-a635-a9851fb3f669\engagement.db
2026-06-19 18:56:03 - huginn - INFO - EngagementDatabase closed: C:\Users\allie\AppData\Local\Temp\pytest-of-allie\pytest-37\test_list_all_engagements0\engagements\18edba98-f030-4ba1-a635-a9851fb3f669\engagement.db (5 connections)
2026-06-19 18:56:03 - huginn - INFO - Engagement created: 18edba98-f030-4ba1-a635-a9851fb3f669 (Eng 1)
2026-06-19 18:56:03 - huginn - INFO - EngagementDatabase connected: C:\Users\allie\AppData\Local\Temp\pytest-of-allie\pytest-37\test_list_all_engagements0\engagements\f52ecc27-61ed-43b7-a294-604a9cd4250e\engagement.db (pool_size=5)
2026-06-19 18:56:03 - huginn - INFO - EngagementDatabase schema created: C:\Users\allie\AppData\Local\Temp\pytest-of-allie\pytest-37\test_list_all_engagements0\engagements\f52ecc27-61ed-43b7-a294-604a9cd4250e\engagement.db
2026-06-19 18:56:03 - huginn - INFO - EngagementDatabase closed: C:\Users\allie\AppData\Local\Temp\pytest-of-allie\pytest-37\test_list_all_engagements0\engagements\f52ecc27-61ed-43b7-a294-604a9cd4250e\engagement.db (5 connections)
2026-06-19 18:56:03 - huginn - INFO - Engagement created: f52ecc27-61ed-43b7-a294-604a9cd4250e (Eng 2)
2026-06-19 18:56:03 - huginn - INFO - EngagementManager closed.
2026-06-19 18:56:03 - huginn - INFO - Master index schema initialized.
2026-06-19 18:56:03 - huginn - INFO - EngagementDatabase connected: C:\Users\allie\AppData\Local\Temp\pytest-of-allie\pytest-37\test_list_engagements_status_f0\engagements\d83efcde-273b-44e2-b973-1f84dcdfc962\engagement.db (pool_size=5)
2026-06-19 18:56:03 - huginn - INFO - EngagementDatabase schema created: C:\Users\allie\AppData\Local\Temp\pytest-of-allie\pytest-37\test_list_engagements_status_f0\engagements\d83efcde-273b-44e2-b973-1f84dcdfc962\engagement.db
2026-06-19 18:56:03 - huginn - INFO - EngagementDatabase closed: C:\Users\allie\AppData\Local\Temp\pytest-of-allie\pytest-37\test_list_engagements_status_f0\engagements\d83efcde-273b-44e2-b973-1f84dcdfc962\engagement.db (5 connections)
2026-06-19 18:56:03 - huginn - INFO - Engagement created: d83efcde-273b-44e2-b973-1f84dcdfc962 (Draft Eng)
2026-06-19 18:56:03 - huginn - INFO - EngagementDatabase connected: C:\Users\allie\AppData\Local\Temp\pytest-of-allie\pytest-37\test_list_engagements_status_f0\engagements\1b7de6d9-16b8-4204-8629-bb6c097b6a57\engagement.db (pool_size=5)
2026-06-19 18:56:03 - huginn - INFO - EngagementDatabase schema created: C:\Users\allie\AppData\Local\Temp\pytest-of-allie\pytest-37\test_list_engagements_status_f0\engagements\1b7de6d9-16b8-4204-8629-bb6c097b6a57\engagement.db
2026-06-19 18:56:03 - huginn - INFO - EngagementDatabase closed: C:\Users\allie\AppData\Local\Temp\pytest-of-allie\pytest-37\test_list_engagements_status_f0\engagements\1b7de6d9-16b8-4204-8629-bb6c097b6a57\engagement.db (5 connections)
2026-06-19 18:56:03 - huginn - INFO - Engagement created: 1b7de6d9-16b8-4204-8629-bb6c097b6a57 (Active Eng)
2026-06-19 18:56:03 - huginn - INFO - State transition: 1b7de6d9-16b8-4204-8629-bb6c097b6a57 draft -> scoping
2026-06-19 18:56:03 - huginn - INFO - State transition: 1b7de6d9-16b8-4204-8629-bb6c097b6a57 scoping -> active
2026-06-19 18:56:03 - huginn - INFO - EngagementManager closed.
2026-06-19 18:56:03 - huginn - INFO - Master index schema initialized.
2026-06-19 18:56:03 - huginn - INFO - EngagementDatabase connected: C:\Users\allie\AppData\Local\Temp\pytest-of-allie\pytest-37\test_list_engagements_search0\engagements\784c8dc0-8a12-4606-8515-a6d01f5426bf\engagement.db (pool_size=5)
2026-06-19 18:56:03 - huginn - INFO - EngagementDatabase schema created: C:\Users\allie\AppData\Local\Temp\pytest-of-allie\pytest-37\test_list_engagements_search0\engagements\784c8dc0-8a12-4606-8515-a6d01f5426bf\engagement.db
2026-06-19 18:56:03 - huginn - INFO - EngagementDatabase closed: C:\Users\allie\AppData\Local\Temp\pytest-of-allie\pytest-37\test_list_engagements_search0\engagements\784c8dc0-8a12-4606-8515-a6d01f5426bf\engagement.db (5 connections)
2026-06-19 18:56:03 - huginn - INFO - Engagement created: 784c8dc0-8a12-4606-8515-a6d01f5426bf (Alpha Project)
2026-06-19 18:56:03 - huginn - INFO - EngagementDatabase connected: C:\Users\allie\AppData\Local\Temp\pytest-of-allie\pytest-37\test_list_engagements_search0\engagements\434fb6e2-805f-4c74-9997-5b2bdfe80f9c\engagement.db (pool_size=5)
2026-06-19 18:56:03 - huginn - INFO - EngagementDatabase schema created: C:\Users\allie\AppData\Local\Temp\pytest-of-allie\pytest-37\test_list_engagements_search0\engagements\434fb6e2-805f-4c74-9997-5b2bdfe80f9c\engagement.db
2026-06-19 18:56:03 - huginn - INFO - EngagementDatabase closed: C:\Users\allie\AppData\Local\Temp\pytest-of-allie\pytest-37\test_list_engagements_search0\engagements\434fb6e2-805f-4c74-9997-5b2bdfe80f9c\engagement.db (5 connections)
2026-06-19 18:56:03 - huginn - INFO - Engagement created: 434fb6e2-805f-4c74-9997-5b2bdfe80f9c (Beta Project)
2026-06-19 18:56:03 - huginn - INFO - EngagementManager closed.
2026-06-19 18:56:03 - huginn - INFO - Master index schema initialized.
2026-06-19 18:56:03 - huginn - INFO - EngagementDatabase connected: C:\Users\allie\AppData\Local\Temp\pytest-of-allie\pytest-37\test_valid_transitions_from_dr0\engagements\e9621125-8d2d-4452-a3e8-aa95b46c538a\engagement.db (pool_size=5)
2026-06-19 18:56:03 - huginn - INFO - EngagementDatabase schema created: C:\Users\allie\AppData\Local\Temp\pytest-of-allie\pytest-37\test_valid_transitions_from_dr0\engagements\e9621125-8d2d-4452-a3e8-aa95b46c538a\engagement.db
2026-06-19 18:56:03 - huginn - INFO - EngagementDatabase closed: C:\Users\allie\AppData\Local\Temp\pytest-of-allie\pytest-37\test_valid_transitions_from_dr0\engagements\e9621125-8d2d-4452-a3e8-aa95b46c538a\engagement.db (5 connections)
2026-06-19 18:56:03 - huginn - INFO - Engagement created: e9621125-8d2d-4452-a3e8-aa95b46c538a (SM Test)
2026-06-19 18:56:03 - huginn - INFO - State transition: e9621125-8d2d-4452-a3e8-aa95b46c538a draft -> scoping
2026-06-19 18:56:03 - huginn - INFO - EngagementManager closed.
2026-06-19 18:56:03 - huginn - INFO - Master index schema initialized.
2026-06-19 18:56:03 - huginn - INFO - EngagementDatabase connected: C:\Users\allie\AppData\Local\Temp\pytest-of-allie\pytest-37\test_valid_full_lifecycle0\engagements\2cc9b89e-874c-44da-a551-e869c32fb890\engagement.db (pool_size=5)
2026-06-19 18:56:03 - huginn - INFO - EngagementDatabase schema created: C:\Users\allie\AppData\Local\Temp\pytest-of-allie\pytest-37\test_valid_full_lifecycle0\engagements\2cc9b89e-874c-44da-a551-e869c32fb890\engagement.db
2026-06-19 18:56:03 - huginn - INFO - EngagementDatabase closed: C:\Users\allie\AppData\Local\Temp\pytest-of-allie\pytest-37\test_valid_full_lifecycle0\engagements\2cc9b89e-874c-44da-a551-e869c32fb890\engagement.db (5 connections)
2026-06-19 18:56:03 - huginn - INFO - Engagement created: 2cc9b89e-874c-44da-a551-e869c32fb890 (Lifecycle)
2026-06-19 18:56:03 - huginn - INFO - State transition: 2cc9b89e-874c-44da-a551-e869c32fb890 draft -> scoping
2026-06-19 18:56:03 - huginn - INFO - State transition: 2cc9b89e-874c-44da-a551-e869c32fb890 scoping -> active
2026-06-19 18:56:03 - huginn - INFO - State transition: 2cc9b89e-874c-44da-a551-e869c32fb890 active -> reporting
2026-06-19 18:56:03 - huginn - INFO - State transition: 2cc9b89e-874c-44da-a551-e869c32fb890 reporting -> closed
2026-06-19 18:56:03 - huginn - INFO - EngagementManager closed.
2026-06-19 18:56:03 - huginn - INFO - Master index schema initialized.
2026-06-19 18:56:03 - huginn - INFO - EngagementDatabase connected: C:\Users\allie\AppData\Local\Temp\pytest-of-allie\pytest-37\test_invalid_transition_reject0\engagements\b90d5bf5-ee5d-4478-a4d1-2a0ec488fa2b\engagement.db (pool_size=5)
2026-06-19 18:56:04 - huginn - INFO - EngagementDatabase schema created: C:\Users\allie\AppData\Local\Temp\pytest-of-allie\pytest-37\test_invalid_transition_reject0\engagements\b90d5bf5-ee5d-4478-a4d1-2a0ec488fa2b\engagement.db
2026-06-19 18:56:04 - huginn - INFO - EngagementDatabase closed: C:\Users\allie\AppData\Local\Temp\pytest-of-allie\pytest-37\test_invalid_transition_reject0\engagements\b90d5bf5-ee5d-4478-a4d1-2a0ec488fa2b\engagement.db (5 connections)
2026-06-19 18:56:04 - huginn - INFO - Engagement created: b90d5bf5-ee5d-4478-a4d1-2a0ec488fa2b (Invalid)
2026-06-19 18:56:04 - huginn - WARNING - Invalid state transition for b90d5bf5-ee5d-4478-a4d1-2a0ec488fa2b: draft -> active. Allowed: ['scoping']
2026-06-19 18:56:04 - huginn - INFO - EngagementManager closed.
2026-06-19 18:56:04 - huginn - INFO - Master index schema initialized.
2026-06-19 18:56:04 - huginn - INFO - EngagementDatabase connected: C:\Users\allie\AppData\Local\Temp\pytest-of-allie\pytest-37\test_closed_state_has_no_trans0\engagements\2ccdeb50-4034-41e1-bf57-faa76ca99ef3\engagement.db (pool_size=5)
2026-06-19 18:56:04 - huginn - INFO - EngagementDatabase schema created: C:\Users\allie\AppData\Local\Temp\pytest-of-allie\pytest-37\test_closed_state_has_no_trans0\engagements\2ccdeb50-4034-41e1-bf57-faa76ca99ef3\engagement.db
2026-06-19 18:56:04 - huginn - INFO - EngagementDatabase closed: C:\Users\allie\AppData\Local\Temp\pytest-of-allie\pytest-37\test_closed_state_has_no_trans0\engagements\2ccdeb50-4034-41e1-bf57-faa76ca99ef3\engagement.db (5 connections)
2026-06-19 18:56:04 - huginn - INFO - Engagement created: 2ccdeb50-4034-41e1-bf57-faa76ca99ef3 (Closed)
2026-06-19 18:56:04 - huginn - INFO - State transition: 2ccdeb50-4034-41e1-bf57-faa76ca99ef3 draft -> scoping
2026-06-19 18:56:04 - huginn - INFO - State transition: 2ccdeb50-4034-41e1-bf57-faa76ca99ef3 scoping -> active
2026-06-19 18:56:04 - huginn - INFO - State transition: 2ccdeb50-4034-41e1-bf57-faa76ca99ef3 active -> reporting
2026-06-19 18:56:04 - huginn - INFO - State transition: 2ccdeb50-4034-41e1-bf57-faa76ca99ef3 reporting -> closed
2026-06-19 18:56:04 - huginn - WARNING - Invalid state transition for 2ccdeb50-4034-41e1-bf57-faa76ca99ef3: closed -> draft. Allowed: []
2026-06-19 18:56:04 - huginn - WARNING - Invalid state transition for 2ccdeb50-4034-41e1-bf57-faa76ca99ef3: closed -> scoping. Allowed: []
2026-06-19 18:56:04 - huginn - WARNING - Invalid state transition for 2ccdeb50-4034-41e1-bf57-faa76ca99ef3: closed -> active. Allowed: []
2026-06-19 18:56:04 - huginn - WARNING - Invalid state transition for 2ccdeb50-4034-41e1-bf57-faa76ca99ef3: closed -> paused. Allowed: []
2026-06-19 18:56:04 - huginn - WARNING - Invalid state transition for 2ccdeb50-4034-41e1-bf57-faa76ca99ef3: closed -> retest. Allowed: []
2026-06-19 18:56:04 - huginn - WARNING - Invalid state transition for 2ccdeb50-4034-41e1-bf57-faa76ca99ef3: closed -> reporting. Allowed: []
2026-06-19 18:56:04 - huginn - WARNING - Invalid state transition for 2ccdeb50-4034-41e1-bf57-faa76ca99ef3: closed -> closed. Allowed: []
2026-06-19 18:56:04 - huginn - INFO - EngagementManager closed.
2026-06-19 18:56:04 - huginn - INFO - Master index schema initialized.
2026-06-19 18:56:04 - huginn - INFO - EngagementDatabase connected: C:\Users\allie\AppData\Local\Temp\pytest-of-allie\pytest-37\test_active_to_paused_and_back0\engagements\6ecee44c-4236-43cd-84ae-0930b428719f\engagement.db (pool_size=5)
2026-06-19 18:56:04 - huginn - INFO - EngagementDatabase schema created: C:\Users\allie\AppData\Local\Temp\pytest-of-allie\pytest-37\test_active_to_paused_and_back0\engagements\6ecee44c-4236-43cd-84ae-0930b428719f\engagement.db
2026-06-19 18:56:04 - huginn - INFO - EngagementDatabase closed: C:\Users\allie\AppData\Local\Temp\pytest-of-allie\pytest-37\test_active_to_paused_and_back0\engagements\6ecee44c-4236-43cd-84ae-0930b428719f\engagement.db (5 connections)
2026-06-19 18:56:04 - huginn - INFO - Engagement created: 6ecee44c-4236-43cd-84ae-0930b428719f (Pause)
2026-06-19 18:56:04 - huginn - INFO - State transition: 6ecee44c-4236-43cd-84ae-0930b428719f draft -> scoping
2026-06-19 18:56:04 - huginn - INFO - State transition: 6ecee44c-4236-43cd-84ae-0930b428719f scoping -> active
2026-06-19 18:56:04 - huginn - INFO - State transition: 6ecee44c-4236-43cd-84ae-0930b428719f active -> paused
2026-06-19 18:56:04 - huginn - INFO - State transition: 6ecee44c-4236-43cd-84ae-0930b428719f paused -> active
2026-06-19 18:56:04 - huginn - INFO - EngagementManager closed.
2026-06-19 18:56:04 - huginn - INFO - Master index schema initialized.
2026-06-19 18:56:04 - huginn - INFO - EngagementDatabase connected: C:\Users\allie\AppData\Local\Temp\pytest-of-allie\pytest-37\test_active_to_retest_and_repo0\engagements\372da6b4-bb47-4bc0-9b51-e0d4157cac19\engagement.db (pool_size=5)
2026-06-19 18:56:04 - huginn - INFO - EngagementDatabase schema created: C:\Users\allie\AppData\Local\Temp\pytest-of-allie\pytest-37\test_active_to_retest_and_repo0\engagements\372da6b4-bb47-4bc0-9b51-e0d4157cac19\engagement.db
2026-06-19 18:56:04 - huginn - INFO - EngagementDatabase closed: C:\Users\allie\AppData\Local\Temp\pytest-of-allie\pytest-37\test_active_to_retest_and_repo0\engagements\372da6b4-bb47-4bc0-9b51-e0d4157cac19\engagement.db (5 connections)
2026-06-19 18:56:04 - huginn - INFO - Engagement created: 372da6b4-bb47-4bc0-9b51-e0d4157cac19 (Retest)
2026-06-19 18:56:04 - huginn - INFO - State transition: 372da6b4-bb47-4bc0-9b51-e0d4157cac19 draft -> scoping
2026-06-19 18:56:04 - huginn - INFO - State transition: 372da6b4-bb47-4bc0-9b51-e0d4157cac19 scoping -> active
2026-06-19 18:56:04 - huginn - INFO - State transition: 372da6b4-bb47-4bc0-9b51-e0d4157cac19 active -> retest
2026-06-19 18:56:04 - huginn - INFO - State transition: 372da6b4-bb47-4bc0-9b51-e0d4157cac19 retest -> reporting
2026-06-19 18:56:04 - huginn - INFO - EngagementManager closed.
2026-06-19 18:56:04 - huginn - INFO - Master index schema initialized.
2026-06-19 18:56:04 - huginn - INFO - EngagementDatabase connected: C:\Users\allie\AppData\Local\Temp\pytest-of-allie\pytest-37\test_transition_records_histor0\engagements\0fd785ed-dbde-4e9f-bcde-3e67e4c48852\engagement.db (pool_size=5)
2026-06-19 18:56:04 - huginn - INFO - EngagementDatabase schema created: C:\Users\allie\AppData\Local\Temp\pytest-of-allie\pytest-37\test_transition_records_histor0\engagements\0fd785ed-dbde-4e9f-bcde-3e67e4c48852\engagement.db
2026-06-19 18:56:04 - huginn - INFO - EngagementDatabase closed: C:\Users\allie\AppData\Local\Temp\pytest-of-allie\pytest-37\test_transition_records_histor0\engagements\0fd785ed-dbde-4e9f-bcde-3e67e4c48852\engagement.db (5 connections)
2026-06-19 18:56:04 - huginn - INFO - Engagement created: 0fd785ed-dbde-4e9f-bcde-3e67e4c48852 (History)
2026-06-19 18:56:04 - huginn - INFO - State transition: 0fd785ed-dbde-4e9f-bcde-3e67e4c48852 draft -> scoping
2026-06-19 18:56:04 - huginn - INFO - State transition: 0fd785ed-dbde-4e9f-bcde-3e67e4c48852 scoping -> active
2026-06-19 18:56:04 - huginn - INFO - EngagementManager closed.
2026-06-19 18:56:04 - huginn - INFO - Master index schema initialized.
2026-06-19 18:56:04 - huginn - ERROR - Cannot transition state: engagement fake-id not found.
2026-06-19 18:56:04 - huginn - INFO - EngagementManager closed.
2026-06-19 18:56:04 - huginn - INFO - Master index schema initialized.
2026-06-19 18:56:04 - huginn - INFO - EngagementDatabase connected: C:\Users\allie\AppData\Local\Temp\pytest-of-allie\pytest-37\test_all_valid_transitions_suc0\engagements\35a2b44b-6300-45dd-91f3-b83596e3ba13\engagement.db (pool_size=5)
2026-06-19 18:56:04 - huginn - INFO - EngagementDatabase schema created: C:\Users\allie\AppData\Local\Temp\pytest-of-allie\pytest-37\test_all_valid_transitions_suc0\engagements\35a2b44b-6300-45dd-91f3-b83596e3ba13\engagement.db
2026-06-19 18:56:04 - huginn - INFO - EngagementDatabase closed: C:\Users\allie\AppData\Local\Temp\pytest-of-allie\pytest-37\test_all_valid_transitions_suc0\engagements\35a2b44b-6300-45dd-91f3-b83596e3ba13\engagement.db (5 connections)
2026-06-19 18:56:04 - huginn - INFO - Engagement created: 35a2b44b-6300-45dd-91f3-b83596e3ba13 (draft->scoping)
2026-06-19 18:56:04 - huginn - INFO - State transition: 35a2b44b-6300-45dd-91f3-b83596e3ba13 draft -> scoping
2026-06-19 18:56:04 - huginn - INFO - EngagementDatabase connected: C:\Users\allie\AppData\Local\Temp\pytest-of-allie\pytest-37\test_all_valid_transitions_suc0\engagements\5adf75a3-623f-4ad1-af31-da058ebde8fa\engagement.db (pool_size=5)
2026-06-19 18:56:04 - huginn - INFO - EngagementDatabase schema created: C:\Users\allie\AppData\Local\Temp\pytest-of-allie\pytest-37\test_all_valid_transitions_suc0\engagements\5adf75a3-623f-4ad1-af31-da058ebde8fa\engagement.db
2026-06-19 18:56:04 - huginn - INFO - EngagementDatabase closed: C:\Users\allie\AppData\Local\Temp\pytest-of-allie\pytest-37\test_all_valid_transitions_suc0\engagements\5adf75a3-623f-4ad1-af31-da058ebde8fa\engagement.db (5 connections)
2026-06-19 18:56:04 - huginn - INFO - Engagement created: 5adf75a3-623f-4ad1-af31-da058ebde8fa (scoping->active)
2026-06-19 18:56:04 - huginn - INFO - State transition: 5adf75a3-623f-4ad1-af31-da058ebde8fa draft -> scoping
2026-06-19 18:56:04 - huginn - INFO - State transition: 5adf75a3-623f-4ad1-af31-da058ebde8fa scoping -> active
2026-06-19 18:56:04 - huginn - INFO - EngagementDatabase connected: C:\Users\allie\AppData\Local\Temp\pytest-of-allie\pytest-37\test_all_valid_transitions_suc0\engagements\a282bd5a-9c8a-4e52-aa8c-d4e968bc44b7\engagement.db (pool_size=5)
2026-06-19 18:56:04 - huginn - INFO - EngagementDatabase schema created: C:\Users\allie\AppData\Local\Temp\pytest-of-allie\pytest-37\test_all_valid_transitions_suc0\engagements\a282bd5a-9c8a-4e52-aa8c-d4e968bc44b7\engagement.db
2026-06-19 18:56:04 - huginn - INFO - EngagementDatabase closed: C:\Users\allie\AppData\Local\Temp\pytest-of-allie\pytest-37\test_all_valid_transitions_suc0\engagements\a282bd5a-9c8a-4e52-aa8c-d4e968bc44b7\engagement.db (5 connections)
2026-06-19 18:56:04 - huginn - INFO - Engagement created: a282bd5a-9c8a-4e52-aa8c-d4e968bc44b7 (active->paused)
2026-06-19 18:56:04 - huginn - INFO - State transition: a282bd5a-9c8a-4e52-aa8c-d4e968bc44b7 draft -> scoping
2026-06-19 18:56:04 - huginn - INFO - State transition: a282bd5a-9c8a-4e52-aa8c-d4e968bc44b7 scoping -> active
2026-06-19 18:56:04 - huginn - INFO - State transition: a282bd5a-9c8a-4e52-aa8c-d4e968bc44b7 active -> paused
2026-06-19 18:56:04 - huginn - INFO - EngagementDatabase connected: C:\Users\allie\AppData\Local\Temp\pytest-of-allie\pytest-37\test_all_valid_transitions_suc0\engagements\dcfe1c99-6f7f-46af-8043-de5f6d722b59\engagement.db (pool_size=5)
2026-06-19 18:56:04 - huginn - INFO - EngagementDatabase schema created: C:\Users\allie\AppData\Local\Temp\pytest-of-allie\pytest-37\test_all_valid_transitions_suc0\engagements\dcfe1c99-6f7f-46af-8043-de5f6d722b59\engagement.db
2026-06-19 18:56:04 - huginn - INFO - EngagementDatabase closed: C:\Users\allie\AppData\Local\Temp\pytest-of-allie\pytest-37\test_all_valid_transitions_suc0\engagements\dcfe1c99-6f7f-46af-8043-de5f6d722b59\engagement.db (5 connections)
2026-06-19 18:56:04 - huginn - INFO - Engagement created: dcfe1c99-6f7f-46af-8043-de5f6d722b59 (active->retest)
2026-06-19 18:56:04 - huginn - INFO - State transition: dcfe1c99-6f7f-46af-8043-de5f6d722b59 draft -> scoping
2026-06-19 18:56:04 - huginn - INFO - State transition: dcfe1c99-6f7f-46af-8043-de5f6d722b59 scoping -> active
2026-06-19 18:56:04 - huginn - INFO - State transition: dcfe1c99-6f7f-46af-8043-de5f6d722b59 active -> retest
2026-06-19 18:56:04 - huginn - INFO - EngagementDatabase connected: C:\Users\allie\AppData\Local\Temp\pytest-of-allie\pytest-37\test_all_valid_transitions_suc0\engagements\daf5b2ef-151b-4d60-a483-e6844f37b803\engagement.db (pool_size=5)
2026-06-19 18:56:04 - huginn - INFO - EngagementDatabase schema created: C:\Users\allie\AppData\Local\Temp\pytest-of-allie\pytest-37\test_all_valid_transitions_suc0\engagements\daf5b2ef-151b-4d60-a483-e6844f37b803\engagement.db
2026-06-19 18:56:04 - huginn - INFO - EngagementDatabase closed: C:\Users\allie\AppData\Local\Temp\pytest-of-allie\pytest-37\test_all_valid_transitions_suc0\engagements\daf5b2ef-151b-4d60-a483-e6844f37b803\engagement.db (5 connections)
2026-06-19 18:56:04 - huginn - INFO - Engagement created: daf5b2ef-151b-4d60-a483-e6844f37b803 (active->reporting)
2026-06-19 18:56:04 - huginn - INFO - State transition: daf5b2ef-151b-4d60-a483-e6844f37b803 draft -> scoping
2026-06-19 18:56:04 - huginn - INFO - State transition: daf5b2ef-151b-4d60-a483-e6844f37b803 scoping -> active
2026-06-19 18:56:04 - huginn - INFO - State transition: daf5b2ef-151b-4d60-a483-e6844f37b803 active -> reporting
2026-06-19 18:56:04 - huginn - INFO - EngagementDatabase connected: C:\Users\allie\AppData\Local\Temp\pytest-of-allie\pytest-37\test_all_valid_transitions_suc0\engagements\6f4cefd8-6001-4bf5-97f3-55ceb850c21a\engagement.db (pool_size=5)
2026-06-19 18:56:04 - huginn - INFO - EngagementDatabase schema created: C:\Users\allie\AppData\Local\Temp\pytest-of-allie\pytest-37\test_all_valid_transitions_suc0\engagements\6f4cefd8-6001-4bf5-97f3-55ceb850c21a\engagement.db
2026-06-19 18:56:04 - huginn - INFO - EngagementDatabase closed: C:\Users\allie\AppData\Local\Temp\pytest-of-allie\pytest-37\test_all_valid_transitions_suc0\engagements\6f4cefd8-6001-4bf5-97f3-55ceb850c21a\engagement.db (5 connections)
2026-06-19 18:56:04 - huginn - INFO - Engagement created: 6f4cefd8-6001-4bf5-97f3-55ceb850c21a (paused->active)
2026-06-19 18:56:04 - huginn - INFO - State transition: 6f4cefd8-6001-4bf5-97f3-55ceb850c21a draft -> scoping
2026-06-19 18:56:04 - huginn - INFO - State transition: 6f4cefd8-6001-4bf5-97f3-55ceb850c21a scoping -> active
2026-06-19 18:56:04 - huginn - INFO - State transition: 6f4cefd8-6001-4bf5-97f3-55ceb850c21a active -> paused
2026-06-19 18:56:04 - huginn - INFO - State transition: 6f4cefd8-6001-4bf5-97f3-55ceb850c21a paused -> active
2026-06-19 18:56:04 - huginn - INFO - EngagementDatabase connected: C:\Users\allie\AppData\Local\Temp\pytest-of-allie\pytest-37\test_all_valid_transitions_suc0\engagements\09b285bb-0582-4628-93d3-cb9ffbeed0eb\engagement.db (pool_size=5)
2026-06-19 18:56:04 - huginn - INFO - EngagementDatabase schema created: C:\Users\allie\AppData\Local\Temp\pytest-of-allie\pytest-37\test_all_valid_transitions_suc0\engagements\09b285bb-0582-4628-93d3-cb9ffbeed0eb\engagement.db
2026-06-19 18:56:04 - huginn - INFO - EngagementDatabase closed: C:\Users\allie\AppData\Local\Temp\pytest-of-allie\pytest-37\test_all_valid_transitions_suc0\engagements\09b285bb-0582-4628-93d3-cb9ffbeed0eb\engagement.db (5 connections)
2026-06-19 18:56:04 - huginn - INFO - Engagement created: 09b285bb-0582-4628-93d3-cb9ffbeed0eb (paused->closed)
2026-06-19 18:56:04 - huginn - INFO - State transition: 09b285bb-0582-4628-93d3-cb9ffbeed0eb draft -> scoping
2026-06-19 18:56:04 - huginn - INFO - State transition: 09b285bb-0582-4628-93d3-cb9ffbeed0eb scoping -> active
2026-06-19 18:56:04 - huginn - INFO - State transition: 09b285bb-0582-4628-93d3-cb9ffbeed0eb active -> paused
2026-06-19 18:56:04 - huginn - INFO - State transition: 09b285bb-0582-4628-93d3-cb9ffbeed0eb paused -> closed
2026-06-19 18:56:04 - huginn - INFO - EngagementDatabase connected: C:\Users\allie\AppData\Local\Temp\pytest-of-allie\pytest-37\test_all_valid_transitions_suc0\engagements\95b8987e-7825-475c-a2f5-d5043b987905\engagement.db (pool_size=5)
2026-06-19 18:56:04 - huginn - INFO - EngagementDatabase schema created: C:\Users\allie\AppData\Local\Temp\pytest-of-allie\pytest-37\test_all_valid_transitions_suc0\engagements\95b8987e-7825-475c-a2f5-d5043b987905\engagement.db
2026-06-19 18:56:04 - huginn - INFO - EngagementDatabase closed: C:\Users\allie\AppData\Local\Temp\pytest-of-allie\pytest-37\test_all_valid_transitions_suc0\engagements\95b8987e-7825-475c-a2f5-d5043b987905\engagement.db (5 connections)
2026-06-19 18:56:04 - huginn - INFO - Engagement created: 95b8987e-7825-475c-a2f5-d5043b987905 (retest->reporting)
2026-06-19 18:56:04 - huginn - INFO - State transition: 95b8987e-7825-475c-a2f5-d5043b987905 draft -> scoping
2026-06-19 18:56:04 - huginn - INFO - State transition: 95b8987e-7825-475c-a2f5-d5043b987905 scoping -> active
2026-06-19 18:56:04 - huginn - INFO - State transition: 95b8987e-7825-475c-a2f5-d5043b987905 active -> retest
2026-06-19 18:56:04 - huginn - INFO - State transition: 95b8987e-7825-475c-a2f5-d5043b987905 retest -> reporting
2026-06-19 18:56:04 - huginn - INFO - EngagementDatabase connected: C:\Users\allie\AppData\Local\Temp\pytest-of-allie\pytest-37\test_all_valid_transitions_suc0\engagements\f3a284f2-8662-4a0d-a6a9-46d70b0a4ecf\engagement.db (pool_size=5)
2026-06-19 18:56:04 - huginn - INFO - EngagementDatabase schema created: C:\Users\allie\AppData\Local\Temp\pytest-of-allie\pytest-37\test_all_valid_transitions_suc0\engagements\f3a284f2-8662-4a0d-a6a9-46d70b0a4ecf\engagement.db
2026-06-19 18:56:04 - huginn - INFO - EngagementDatabase closed: C:\Users\allie\AppData\Local\Temp\pytest-of-allie\pytest-37\test_all_valid_transitions_suc0\engagements\f3a284f2-8662-4a0d-a6a9-46d70b0a4ecf\engagement.db (5 connections)
2026-06-19 18:56:04 - huginn - INFO - Engagement created: f3a284f2-8662-4a0d-a6a9-46d70b0a4ecf (retest->active)
2026-06-19 18:56:04 - huginn - INFO - State transition: f3a284f2-8662-4a0d-a6a9-46d70b0a4ecf draft -> scoping
2026-06-19 18:56:04 - huginn - INFO - State transition: f3a284f2-8662-4a0d-a6a9-46d70b0a4ecf scoping -> active
2026-06-19 18:56:04 - huginn - INFO - State transition: f3a284f2-8662-4a0d-a6a9-46d70b0a4ecf active -> retest
2026-06-19 18:56:04 - huginn - INFO - State transition: f3a284f2-8662-4a0d-a6a9-46d70b0a4ecf retest -> active
2026-06-19 18:56:04 - huginn - INFO - EngagementDatabase connected: C:\Users\allie\AppData\Local\Temp\pytest-of-allie\pytest-37\test_all_valid_transitions_suc0\engagements\b8eef952-68ca-4bea-ba50-8a1f1517e454\engagement.db (pool_size=5)
2026-06-19 18:56:04 - huginn - INFO - EngagementDatabase schema created: C:\Users\allie\AppData\Local\Temp\pytest-of-allie\pytest-37\test_all_valid_transitions_suc0\engagements\b8eef952-68ca-4bea-ba50-8a1f1517e454\engagement.db
2026-06-19 18:56:04 - huginn - INFO - EngagementDatabase closed: C:\Users\allie\AppData\Local\Temp\pytest-of-allie\pytest-37\test_all_valid_transitions_suc0\engagements\b8eef952-68ca-4bea-ba50-8a1f1517e454\engagement.db (5 connections)
2026-06-19 18:56:04 - huginn - INFO - Engagement created: b8eef952-68ca-4bea-ba50-8a1f1517e454 (reporting->closed)
2026-06-19 18:56:04 - huginn - INFO - State transition: b8eef952-68ca-4bea-ba50-8a1f1517e454 draft -> scoping
2026-06-19 18:56:04 - huginn - INFO - State transition: b8eef952-68ca-4bea-ba50-8a1f1517e454 scoping -> active
2026-06-19 18:56:04 - huginn - INFO - State transition: b8eef952-68ca-4bea-ba50-8a1f1517e454 active -> reporting
2026-06-19 18:56:04 - huginn - INFO - State transition: b8eef952-68ca-4bea-ba50-8a1f1517e454 reporting -> closed
2026-06-19 18:56:04 - huginn - INFO - EngagementDatabase connected: C:\Users\allie\AppData\Local\Temp\pytest-of-allie\pytest-37\test_all_valid_transitions_suc0\engagements\0e3a62e8-b164-4f65-9d6f-527865a20da2\engagement.db (pool_size=5)
2026-06-19 18:56:04 - huginn - INFO - EngagementDatabase schema created: C:\Users\allie\AppData\Local\Temp\pytest-of-allie\pytest-37\test_all_valid_transitions_suc0\engagements\0e3a62e8-b164-4f65-9d6f-527865a20da2\engagement.db
2026-06-19 18:56:04 - huginn - INFO - EngagementDatabase closed: C:\Users\allie\AppData\Local\Temp\pytest-of-allie\pytest-37\test_all_valid_transitions_suc0\engagements\0e3a62e8-b164-4f65-9d6f-527865a20da2\engagement.db (5 connections)
2026-06-19 18:56:04 - huginn - INFO - Engagement created: 0e3a62e8-b164-4f65-9d6f-527865a20da2 (reporting->retest)
2026-06-19 18:56:04 - huginn - INFO - State transition: 0e3a62e8-b164-4f65-9d6f-527865a20da2 draft -> scoping
2026-06-19 18:56:04 - huginn - INFO - State transition: 0e3a62e8-b164-4f65-9d6f-527865a20da2 scoping -> active
2026-06-19 18:56:04 - huginn - INFO - State transition: 0e3a62e8-b164-4f65-9d6f-527865a20da2 active -> reporting
2026-06-19 18:56:04 - huginn - INFO - State transition: 0e3a62e8-b164-4f65-9d6f-527865a20da2 reporting -> retest
2026-06-19 18:56:04 - huginn - INFO - EngagementManager closed.
2026-06-19 18:56:04 - huginn - INFO - Master index schema initialized.
2026-06-19 18:56:04 - huginn - INFO - EngagementDatabase connected: C:\Users\allie\AppData\Local\Temp\pytest-of-allie\pytest-37\test_open_engagement_success0\engagements\c02427e0-3258-4261-8653-4bebbabc2910\engagement.db (pool_size=5)
2026-06-19 18:56:04 - huginn - INFO - EngagementDatabase schema created: C:\Users\allie\AppData\Local\Temp\pytest-of-allie\pytest-37\test_open_engagement_success0\engagements\c02427e0-3258-4261-8653-4bebbabc2910\engagement.db
2026-06-19 18:56:04 - huginn - INFO - EngagementDatabase closed: C:\Users\allie\AppData\Local\Temp\pytest-of-allie\pytest-37\test_open_engagement_success0\engagements\c02427e0-3258-4261-8653-4bebbabc2910\engagement.db (5 connections)
2026-06-19 18:56:04 - huginn - INFO - Engagement created: c02427e0-3258-4261-8653-4bebbabc2910 (Open Test)
2026-06-19 18:56:04 - huginn - INFO - EngagementDatabase connected: C:\Users\allie\AppData\Local\Temp\pytest-of-allie\pytest-37\test_open_engagement_success0\engagements\c02427e0-3258-4261-8653-4bebbabc2910\engagement.db (pool_size=5)
2026-06-19 18:56:04 - huginn - INFO - Engagement opened: c02427e0-3258-4261-8653-4bebbabc2910
2026-06-19 18:56:04 - huginn - INFO - EngagementDatabase closed: C:\Users\allie\AppData\Local\Temp\pytest-of-allie\pytest-37\test_open_engagement_success0\engagements\c02427e0-3258-4261-8653-4bebbabc2910\engagement.db (5 connections)
2026-06-19 18:56:04 - huginn - INFO - Active engagement closed.
2026-06-19 18:56:04 - huginn - INFO - EngagementManager closed.
2026-06-19 18:56:04 - huginn - INFO - Master index schema initialized.
2026-06-19 18:56:04 - huginn - ERROR - Engagement not found: nonexistent-id
2026-06-19 18:56:04 - huginn - INFO - EngagementManager closed.
2026-06-19 18:56:04 - huginn - INFO - Master index schema initialized.
2026-06-19 18:56:04 - huginn - INFO - EngagementDatabase connected: C:\Users\allie\AppData\Local\Temp\pytest-of-allie\pytest-37\test_open_closes_previous_enga0\engagements\b60ab112-ef08-46f4-93bc-446721f3f850\engagement.db (pool_size=5)
2026-06-19 18:56:04 - huginn - INFO - EngagementDatabase schema created: C:\Users\allie\AppData\Local\Temp\pytest-of-allie\pytest-37\test_open_closes_previous_enga0\engagements\b60ab112-ef08-46f4-93bc-446721f3f850\engagement.db
2026-06-19 18:56:04 - huginn - INFO - EngagementDatabase closed: C:\Users\allie\AppData\Local\Temp\pytest-of-allie\pytest-37\test_open_closes_previous_enga0\engagements\b60ab112-ef08-46f4-93bc-446721f3f850\engagement.db (5 connections)
2026-06-19 18:56:04 - huginn - INFO - Engagement created: b60ab112-ef08-46f4-93bc-446721f3f850 (First)
2026-06-19 18:56:04 - huginn - INFO - EngagementDatabase connected: C:\Users\allie\AppData\Local\Temp\pytest-of-allie\pytest-37\test_open_closes_previous_enga0\engagements\2cf2723b-9206-4b8b-97be-a57a7ba53f58\engagement.db (pool_size=5)
2026-06-19 18:56:04 - huginn - INFO - EngagementDatabase schema created: C:\Users\allie\AppData\Local\Temp\pytest-of-allie\pytest-37\test_open_closes_previous_enga0\engagements\2cf2723b-9206-4b8b-97be-a57a7ba53f58\engagement.db
2026-06-19 18:56:04 - huginn - INFO - EngagementDatabase closed: C:\Users\allie\AppData\Local\Temp\pytest-of-allie\pytest-37\test_open_closes_previous_enga0\engagements\2cf2723b-9206-4b8b-97be-a57a7ba53f58\engagement.db (5 connections)
2026-06-19 18:56:04 - huginn - INFO - Engagement created: 2cf2723b-9206-4b8b-97be-a57a7ba53f58 (Second)
2026-06-19 18:56:04 - huginn - INFO - EngagementDatabase connected: C:\Users\allie\AppData\Local\Temp\pytest-of-allie\pytest-37\test_open_closes_previous_enga0\engagements\b60ab112-ef08-46f4-93bc-446721f3f850\engagement.db (pool_size=5)
2026-06-19 18:56:04 - huginn - INFO - Engagement opened: b60ab112-ef08-46f4-93bc-446721f3f850
2026-06-19 18:56:04 - huginn - INFO - EngagementDatabase closed: C:\Users\allie\AppData\Local\Temp\pytest-of-allie\pytest-37\test_open_closes_previous_enga0\engagements\b60ab112-ef08-46f4-93bc-446721f3f850\engagement.db (5 connections)
2026-06-19 18:56:04 - huginn - INFO - EngagementDatabase connected: C:\Users\allie\AppData\Local\Temp\pytest-of-allie\pytest-37\test_open_closes_previous_enga0\engagements\2cf2723b-9206-4b8b-97be-a57a7ba53f58\engagement.db (pool_size=5)
2026-06-19 18:56:04 - huginn - INFO - Engagement opened: 2cf2723b-9206-4b8b-97be-a57a7ba53f58
2026-06-19 18:56:04 - huginn - INFO - EngagementDatabase closed: C:\Users\allie\AppData\Local\Temp\pytest-of-allie\pytest-37\test_open_closes_previous_enga0\engagements\2cf2723b-9206-4b8b-97be-a57a7ba53f58\engagement.db (5 connections)
2026-06-19 18:56:04 - huginn - INFO - Active engagement closed.
2026-06-19 18:56:04 - huginn - INFO - EngagementManager closed.
2026-06-19 18:56:04 - huginn - INFO - Master index schema initialized.
2026-06-19 18:56:04 - huginn - INFO - EngagementDatabase connected: C:\Users\allie\AppData\Local\Temp\pytest-of-allie\pytest-37\test_add_and_get_document0\engagements\bf74e360-728a-419a-9a73-1cef171e70ca\engagement.db (pool_size=5)
2026-06-19 18:56:04 - huginn - INFO - EngagementDatabase schema created: C:\Users\allie\AppData\Local\Temp\pytest-of-allie\pytest-37\test_add_and_get_document0\engagements\bf74e360-728a-419a-9a73-1cef171e70ca\engagement.db
2026-06-19 18:56:04 - huginn - INFO - EngagementDatabase closed: C:\Users\allie\AppData\Local\Temp\pytest-of-allie\pytest-37\test_add_and_get_document0\engagements\bf74e360-728a-419a-9a73-1cef171e70ca\engagement.db (5 connections)
2026-06-19 18:56:04 - huginn - INFO - Engagement created: bf74e360-728a-419a-9a73-1cef171e70ca (Doc Test)
2026-06-19 18:56:04 - huginn - INFO - EngagementDatabase connected: C:\Users\allie\AppData\Local\Temp\pytest-of-allie\pytest-37\test_add_and_get_document0\engagements\bf74e360-728a-419a-9a73-1cef171e70ca\engagement.db (pool_size=5)
2026-06-19 18:56:04 - huginn - INFO - Engagement opened: bf74e360-728a-419a-9a73-1cef171e70ca
2026-06-19 18:56:04 - huginn - DEBUG - Document added: scope.pdf (type=scope)
2026-06-19 18:56:04 - huginn - INFO - EngagementDatabase closed: C:\Users\allie\AppData\Local\Temp\pytest-of-allie\pytest-37\test_add_and_get_document0\engagements\bf74e360-728a-419a-9a73-1cef171e70ca\engagement.db (5 connections)
2026-06-19 18:56:04 - huginn - INFO - Active engagement closed.
2026-06-19 18:56:04 - huginn - INFO - EngagementManager closed.
2026-06-19 18:56:04 - huginn - INFO - Master index schema initialized.
2026-06-19 18:56:04 - huginn - INFO - EngagementDatabase connected: C:\Users\allie\AppData\Local\Temp\pytest-of-allie\pytest-37\test_get_document_content0\engagements\76012b06-92de-4928-8b96-0829094fa889\engagement.db (pool_size=5)
2026-06-19 18:56:04 - huginn - INFO - EngagementDatabase schema created: C:\Users\allie\AppData\Local\Temp\pytest-of-allie\pytest-37\test_get_document_content0\engagements\76012b06-92de-4928-8b96-0829094fa889\engagement.db
2026-06-19 18:56:04 - huginn - INFO - EngagementDatabase closed: C:\Users\allie\AppData\Local\Temp\pytest-of-allie\pytest-37\test_get_document_content0\engagements\76012b06-92de-4928-8b96-0829094fa889\engagement.db (5 connections)
2026-06-19 18:56:04 - huginn - INFO - Engagement created: 76012b06-92de-4928-8b96-0829094fa889 (Doc Test)
2026-06-19 18:56:04 - huginn - INFO - EngagementDatabase connected: C:\Users\allie\AppData\Local\Temp\pytest-of-allie\pytest-37\test_get_document_content0\engagements\76012b06-92de-4928-8b96-0829094fa889\engagement.db (pool_size=5)
2026-06-19 18:56:04 - huginn - INFO - Engagement opened: 76012b06-92de-4928-8b96-0829094fa889
2026-06-19 18:56:04 - huginn - DEBUG - Document added: test.bin (type=other)
2026-06-19 18:56:04 - huginn - INFO - EngagementDatabase closed: C:\Users\allie\AppData\Local\Temp\pytest-of-allie\pytest-37\test_get_document_content0\engagements\76012b06-92de-4928-8b96-0829094fa889\engagement.db (5 connections)
2026-06-19 18:56:04 - huginn - INFO - Active engagement closed.
2026-06-19 18:56:04 - huginn - INFO - EngagementManager closed.
2026-06-19 18:56:04 - huginn - INFO - Master index schema initialized.
2026-06-19 18:56:04 - huginn - INFO - EngagementDatabase connected: C:\Users\allie\AppData\Local\Temp\pytest-of-allie\pytest-37\test_filter_documents_by_type0\engagements\bb53606d-501d-48a7-a113-0256d03f24af\engagement.db (pool_size=5)
2026-06-19 18:56:04 - huginn - INFO - EngagementDatabase schema created: C:\Users\allie\AppData\Local\Temp\pytest-of-allie\pytest-37\test_filter_documents_by_type0\engagements\bb53606d-501d-48a7-a113-0256d03f24af\engagement.db
2026-06-19 18:56:04 - huginn - INFO - EngagementDatabase closed: C:\Users\allie\AppData\Local\Temp\pytest-of-allie\pytest-37\test_filter_documents_by_type0\engagements\bb53606d-501d-48a7-a113-0256d03f24af\engagement.db (5 connections)
2026-06-19 18:56:04 - huginn - INFO - Engagement created: bb53606d-501d-48a7-a113-0256d03f24af (Doc Test)
2026-06-19 18:56:04 - huginn - INFO - EngagementDatabase connected: C:\Users\allie\AppData\Local\Temp\pytest-of-allie\pytest-37\test_filter_documents_by_type0\engagements\bb53606d-501d-48a7-a113-0256d03f24af\engagement.db (pool_size=5)
2026-06-19 18:56:04 - huginn - INFO - Engagement opened: bb53606d-501d-48a7-a113-0256d03f24af
2026-06-19 18:56:04 - huginn - DEBUG - Document added: scope.pdf (type=scope)
2026-06-19 18:56:04 - huginn - DEBUG - Document added: nda.pdf (type=nda)
2026-06-19 18:56:04 - huginn - INFO - EngagementDatabase closed: C:\Users\allie\AppData\Local\Temp\pytest-of-allie\pytest-37\test_filter_documents_by_type0\engagements\bb53606d-501d-48a7-a113-0256d03f24af\engagement.db (5 connections)
2026-06-19 18:56:04 - huginn - INFO - Active engagement closed.
2026-06-19 18:56:04 - huginn - INFO - EngagementManager closed.
2026-06-19 18:56:04 - huginn - INFO - Master index schema initialized.
2026-06-19 18:56:04 - huginn - INFO - EngagementDatabase connected: C:\Users\allie\AppData\Local\Temp\pytest-of-allie\pytest-37\test_delete_document0\engagements\de6ecb76-f1b6-4a32-b838-2e09761d88c9\engagement.db (pool_size=5)
2026-06-19 18:56:04 - huginn - INFO - EngagementDatabase schema created: C:\Users\allie\AppData\Local\Temp\pytest-of-allie\pytest-37\test_delete_document0\engagements\de6ecb76-f1b6-4a32-b838-2e09761d88c9\engagement.db
2026-06-19 18:56:04 - huginn - INFO - EngagementDatabase closed: C:\Users\allie\AppData\Local\Temp\pytest-of-allie\pytest-37\test_delete_document0\engagements\de6ecb76-f1b6-4a32-b838-2e09761d88c9\engagement.db (5 connections)
2026-06-19 18:56:04 - huginn - INFO - Engagement created: de6ecb76-f1b6-4a32-b838-2e09761d88c9 (Doc Test)
2026-06-19 18:56:04 - huginn - INFO - EngagementDatabase connected: C:\Users\allie\AppData\Local\Temp\pytest-of-allie\pytest-37\test_delete_document0\engagements\de6ecb76-f1b6-4a32-b838-2e09761d88c9\engagement.db (pool_size=5)
2026-06-19 18:56:04 - huginn - INFO - Engagement opened: de6ecb76-f1b6-4a32-b838-2e09761d88c9
2026-06-19 18:56:04 - huginn - DEBUG - Document added: del.pdf (type=other)
2026-06-19 18:56:04 - huginn - INFO - EngagementDatabase closed: C:\Users\allie\AppData\Local\Temp\pytest-of-allie\pytest-37\test_delete_document0\engagements\de6ecb76-f1b6-4a32-b838-2e09761d88c9\engagement.db (5 connections)
2026-06-19 18:56:04 - huginn - INFO - Active engagement closed.
2026-06-19 18:56:04 - huginn - INFO - EngagementManager closed.
2026-06-19 18:56:04 - huginn - INFO - Master index schema initialized.
2026-06-19 18:56:04 - huginn - INFO - EngagementDatabase connected: C:\Users\allie\AppData\Local\Temp\pytest-of-allie\pytest-37\test_add_and_list_contacts0\engagements\61bd9b22-96c8-4279-8340-4477b818446a\engagement.db (pool_size=5)
2026-06-19 18:56:04 - huginn - INFO - EngagementDatabase schema created: C:\Users\allie\AppData\Local\Temp\pytest-of-allie\pytest-37\test_add_and_list_contacts0\engagements\61bd9b22-96c8-4279-8340-4477b818446a\engagement.db
2026-06-19 18:56:04 - huginn - INFO - EngagementDatabase closed: C:\Users\allie\AppData\Local\Temp\pytest-of-allie\pytest-37\test_add_and_list_contacts0\engagements\61bd9b22-96c8-4279-8340-4477b818446a\engagement.db (5 connections)
2026-06-19 18:56:04 - huginn - INFO - Engagement created: 61bd9b22-96c8-4279-8340-4477b818446a (Contact Test)
2026-06-19 18:56:04 - huginn - INFO - EngagementDatabase connected: C:\Users\allie\AppData\Local\Temp\pytest-of-allie\pytest-37\test_add_and_list_contacts0\engagements\61bd9b22-96c8-4279-8340-4477b818446a\engagement.db (pool_size=5)
2026-06-19 18:56:04 - huginn - INFO - Engagement opened: 61bd9b22-96c8-4279-8340-4477b818446a
2026-06-19 18:56:04 - huginn - DEBUG - Contact added: John Doe (CTO)
2026-06-19 18:56:04 - huginn - INFO - EngagementDatabase closed: C:\Users\allie\AppData\Local\Temp\pytest-of-allie\pytest-37\test_add_and_list_contacts0\engagements\61bd9b22-96c8-4279-8340-4477b818446a\engagement.db (5 connections)
2026-06-19 18:56:04 - huginn - INFO - Active engagement closed.
2026-06-19 18:56:04 - huginn - INFO - EngagementManager closed.
2026-06-19 18:56:04 - huginn - INFO - Master index schema initialized.
2026-06-19 18:56:04 - huginn - INFO - EngagementDatabase connected: C:\Users\allie\AppData\Local\Temp\pytest-of-allie\pytest-37\test_update_contact0\engagements\fd90142a-d908-4442-b62e-d9a229714904\engagement.db (pool_size=5)
2026-06-19 18:56:04 - huginn - INFO - EngagementDatabase schema created: C:\Users\allie\AppData\Local\Temp\pytest-of-allie\pytest-37\test_update_contact0\engagements\fd90142a-d908-4442-b62e-d9a229714904\engagement.db
2026-06-19 18:56:04 - huginn - INFO - EngagementDatabase closed: C:\Users\allie\AppData\Local\Temp\pytest-of-allie\pytest-37\test_update_contact0\engagements\fd90142a-d908-4442-b62e-d9a229714904\engagement.db (5 connections)
2026-06-19 18:56:04 - huginn - INFO - Engagement created: fd90142a-d908-4442-b62e-d9a229714904 (Contact Test)
2026-06-19 18:56:04 - huginn - INFO - EngagementDatabase connected: C:\Users\allie\AppData\Local\Temp\pytest-of-allie\pytest-37\test_update_contact0\engagements\fd90142a-d908-4442-b62e-d9a229714904\engagement.db (pool_size=5)
2026-06-19 18:56:04 - huginn - INFO - Engagement opened: fd90142a-d908-4442-b62e-d9a229714904
2026-06-19 18:56:04 - huginn - DEBUG - Contact added: Jane (PM)
2026-06-19 18:56:04 - huginn - INFO - EngagementDatabase closed: C:\Users\allie\AppData\Local\Temp\pytest-of-allie\pytest-37\test_update_contact0\engagements\fd90142a-d908-4442-b62e-d9a229714904\engagement.db (5 connections)
2026-06-19 18:56:04 - huginn - INFO - Active engagement closed.
2026-06-19 18:56:04 - huginn - INFO - EngagementManager closed.
2026-06-19 18:56:04 - huginn - INFO - Master index schema initialized.
2026-06-19 18:56:04 - huginn - INFO - EngagementDatabase connected: C:\Users\allie\AppData\Local\Temp\pytest-of-allie\pytest-37\test_delete_contact0\engagements\bc4a9b42-ca96-4dc9-93d7-33207cd94ac2\engagement.db (pool_size=5)
2026-06-19 18:56:04 - huginn - INFO - EngagementDatabase schema created: C:\Users\allie\AppData\Local\Temp\pytest-of-allie\pytest-37\test_delete_contact0\engagements\bc4a9b42-ca96-4dc9-93d7-33207cd94ac2\engagement.db
2026-06-19 18:56:04 - huginn - INFO - EngagementDatabase closed: C:\Users\allie\AppData\Local\Temp\pytest-of-allie\pytest-37\test_delete_contact0\engagements\bc4a9b42-ca96-4dc9-93d7-33207cd94ac2\engagement.db (5 connections)
2026-06-19 18:56:04 - huginn - INFO - Engagement created: bc4a9b42-ca96-4dc9-93d7-33207cd94ac2 (Contact Test)
2026-06-19 18:56:04 - huginn - INFO - EngagementDatabase connected: C:\Users\allie\AppData\Local\Temp\pytest-of-allie\pytest-37\test_delete_contact0\engagements\bc4a9b42-ca96-4dc9-93d7-33207cd94ac2\engagement.db (pool_size=5)
2026-06-19 18:56:04 - huginn - INFO - Engagement opened: bc4a9b42-ca96-4dc9-93d7-33207cd94ac2
2026-06-19 18:56:04 - huginn - DEBUG - Contact added: Delete Me (None)
2026-06-19 18:56:04 - huginn - INFO - EngagementDatabase closed: C:\Users\allie\AppData\Local\Temp\pytest-of-allie\pytest-37\test_delete_contact0\engagements\bc4a9b42-ca96-4dc9-93d7-33207cd94ac2\engagement.db (5 connections)
2026-06-19 18:56:04 - huginn - INFO - Active engagement closed.
2026-06-19 18:56:04 - huginn - INFO - EngagementManager closed.
2026-06-19 18:56:04 - huginn - INFO - Master index schema initialized.
2026-06-19 18:56:04 - huginn - INFO - EngagementDatabase connected: C:\Users\allie\AppData\Local\Temp\pytest-of-allie\pytest-37\test_set_and_get_roe0\engagements\297f157b-cee6-4750-998b-fd2b5f429fda\engagement.db (pool_size=5)
2026-06-19 18:56:04 - huginn - INFO - EngagementDatabase schema created: C:\Users\allie\AppData\Local\Temp\pytest-of-allie\pytest-37\test_set_and_get_roe0\engagements\297f157b-cee6-4750-998b-fd2b5f429fda\engagement.db
2026-06-19 18:56:04 - huginn - INFO - EngagementDatabase closed: C:\Users\allie\AppData\Local\Temp\pytest-of-allie\pytest-37\test_set_and_get_roe0\engagements\297f157b-cee6-4750-998b-fd2b5f429fda\engagement.db (5 connections)
2026-06-19 18:56:04 - huginn - INFO - Engagement created: 297f157b-cee6-4750-998b-fd2b5f429fda (RoE Test)
2026-06-19 18:56:04 - huginn - INFO - EngagementDatabase connected: C:\Users\allie\AppData\Local\Temp\pytest-of-allie\pytest-37\test_set_and_get_roe0\engagements\297f157b-cee6-4750-998b-fd2b5f429fda\engagement.db (pool_size=5)
2026-06-19 18:56:04 - huginn - INFO - Engagement opened: 297f157b-cee6-4750-998b-fd2b5f429fda
2026-06-19 18:56:04 - huginn - INFO - EngagementDatabase closed: C:\Users\allie\AppData\Local\Temp\pytest-of-allie\pytest-37\test_set_and_get_roe0\engagements\297f157b-cee6-4750-998b-fd2b5f429fda\engagement.db (5 connections)
2026-06-19 18:56:04 - huginn - INFO - Active engagement closed.
2026-06-19 18:56:04 - huginn - INFO - EngagementManager closed.
2026-06-19 18:56:04 - huginn - INFO - Master index schema initialized.
2026-06-19 18:56:04 - huginn - INFO - EngagementDatabase connected: C:\Users\allie\AppData\Local\Temp\pytest-of-allie\pytest-37\test_update_roe_overwrites0\engagements\632cf91f-eea4-43c6-9956-5a20d477fa88\engagement.db (pool_size=5)
2026-06-19 18:56:04 - huginn - INFO - EngagementDatabase schema created: C:\Users\allie\AppData\Local\Temp\pytest-of-allie\pytest-37\test_update_roe_overwrites0\engagements\632cf91f-eea4-43c6-9956-5a20d477fa88\engagement.db
2026-06-19 18:56:04 - huginn - INFO - EngagementDatabase closed: C:\Users\allie\AppData\Local\Temp\pytest-of-allie\pytest-37\test_update_roe_overwrites0\engagements\632cf91f-eea4-43c6-9956-5a20d477fa88\engagement.db (5 connections)
2026-06-19 18:56:04 - huginn - INFO - Engagement created: 632cf91f-eea4-43c6-9956-5a20d477fa88 (RoE Test)
2026-06-19 18:56:04 - huginn - INFO - EngagementDatabase connected: C:\Users\allie\AppData\Local\Temp\pytest-of-allie\pytest-37\test_update_roe_overwrites0\engagements\632cf91f-eea4-43c6-9956-5a20d477fa88\engagement.db (pool_size=5)
2026-06-19 18:56:04 - huginn - INFO - Engagement opened: 632cf91f-eea4-43c6-9956-5a20d477fa88
2026-06-19 18:56:04 - huginn - INFO - EngagementDatabase closed: C:\Users\allie\AppData\Local\Temp\pytest-of-allie\pytest-37\test_update_roe_overwrites0\engagements\632cf91f-eea4-43c6-9956-5a20d477fa88\engagement.db (5 connections)
2026-06-19 18:56:04 - huginn - INFO - Active engagement closed.
2026-06-19 18:56:04 - huginn - INFO - EngagementManager closed.
2026-06-19 18:56:04 - huginn - INFO - Master index schema initialized.
2026-06-19 18:56:04 - huginn - INFO - EngagementDatabase connected: C:\Users\allie\AppData\Local\Temp\pytest-of-allie\pytest-37\test_get_roe_returns_none_when0\engagements\6cf26d11-2506-42f8-aef3-b27814a89af7\engagement.db (pool_size=5)
2026-06-19 18:56:04 - huginn - INFO - EngagementDatabase schema created: C:\Users\allie\AppData\Local\Temp\pytest-of-allie\pytest-37\test_get_roe_returns_none_when0\engagements\6cf26d11-2506-42f8-aef3-b27814a89af7\engagement.db
2026-06-19 18:56:04 - huginn - INFO - EngagementDatabase closed: C:\Users\allie\AppData\Local\Temp\pytest-of-allie\pytest-37\test_get_roe_returns_none_when0\engagements\6cf26d11-2506-42f8-aef3-b27814a89af7\engagement.db (5 connections)
2026-06-19 18:56:04 - huginn - INFO - Engagement created: 6cf26d11-2506-42f8-aef3-b27814a89af7 (RoE Test)
2026-06-19 18:56:04 - huginn - INFO - EngagementDatabase connected: C:\Users\allie\AppData\Local\Temp\pytest-of-allie\pytest-37\test_get_roe_returns_none_when0\engagements\6cf26d11-2506-42f8-aef3-b27814a89af7\engagement.db (pool_size=5)
2026-06-19 18:56:04 - huginn - INFO - Engagement opened: 6cf26d11-2506-42f8-aef3-b27814a89af7
2026-06-19 18:56:04 - huginn - INFO - EngagementDatabase closed: C:\Users\allie\AppData\Local\Temp\pytest-of-allie\pytest-37\test_get_roe_returns_none_when0\engagements\6cf26d11-2506-42f8-aef3-b27814a89af7\engagement.db (5 connections)
2026-06-19 18:56:04 - huginn - INFO - Active engagement closed.
2026-06-19 18:56:04 - huginn - INFO - EngagementManager closed.
2026-06-19 18:56:04 - huginn - INFO - Master index schema initialized.
2026-06-19 18:56:05 - huginn - INFO - EngagementDatabase connected: C:\Users\allie\AppData\Local\Temp\pytest-of-allie\pytest-37\test_add_and_list_milestones0\engagements\d3dc536a-a116-4b59-af29-24decafe423f\engagement.db (pool_size=5)
2026-06-19 18:56:05 - huginn - INFO - EngagementDatabase schema created: C:\Users\allie\AppData\Local\Temp\pytest-of-allie\pytest-37\test_add_and_list_milestones0\engagements\d3dc536a-a116-4b59-af29-24decafe423f\engagement.db
2026-06-19 18:56:05 - huginn - INFO - EngagementDatabase closed: C:\Users\allie\AppData\Local\Temp\pytest-of-allie\pytest-37\test_add_and_list_milestones0\engagements\d3dc536a-a116-4b59-af29-24decafe423f\engagement.db (5 connections)
2026-06-19 18:56:05 - huginn - INFO - Engagement created: d3dc536a-a116-4b59-af29-24decafe423f (Milestone Test)
2026-06-19 18:56:05 - huginn - INFO - EngagementDatabase connected: C:\Users\allie\AppData\Local\Temp\pytest-of-allie\pytest-37\test_add_and_list_milestones0\engagements\d3dc536a-a116-4b59-af29-24decafe423f\engagement.db (pool_size=5)
2026-06-19 18:56:05 - huginn - INFO - Engagement opened: d3dc536a-a116-4b59-af29-24decafe423f
2026-06-19 18:56:05 - huginn - DEBUG - Milestone added: Kickoff (planned_start)
2026-06-19 18:56:05 - huginn - INFO - EngagementDatabase closed: C:\Users\allie\AppData\Local\Temp\pytest-of-allie\pytest-37\test_add_and_list_milestones0\engagements\d3dc536a-a116-4b59-af29-24decafe423f\engagement.db (5 connections)
2026-06-19 18:56:05 - huginn - INFO - Active engagement closed.
2026-06-19 18:56:05 - huginn - INFO - EngagementManager closed.
2026-06-19 18:56:05 - huginn - INFO - Master index schema initialized.
2026-06-19 18:56:05 - huginn - INFO - EngagementDatabase connected: C:\Users\allie\AppData\Local\Temp\pytest-of-allie\pytest-37\test_milestones_ordered_by_dat0\engagements\bfddf96a-c450-4c98-ad3e-62a2e4cbb5f8\engagement.db (pool_size=5)
2026-06-19 18:56:05 - huginn - INFO - EngagementDatabase schema created: C:\Users\allie\AppData\Local\Temp\pytest-of-allie\pytest-37\test_milestones_ordered_by_dat0\engagements\bfddf96a-c450-4c98-ad3e-62a2e4cbb5f8\engagement.db
2026-06-19 18:56:05 - huginn - INFO - EngagementDatabase closed: C:\Users\allie\AppData\Local\Temp\pytest-of-allie\pytest-37\test_milestones_ordered_by_dat0\engagements\bfddf96a-c450-4c98-ad3e-62a2e4cbb5f8\engagement.db (5 connections)
2026-06-19 18:56:05 - huginn - INFO - Engagement created: bfddf96a-c450-4c98-ad3e-62a2e4cbb5f8 (Milestone Test)
2026-06-19 18:56:05 - huginn - INFO - EngagementDatabase connected: C:\Users\allie\AppData\Local\Temp\pytest-of-allie\pytest-37\test_milestones_ordered_by_dat0\engagements\bfddf96a-c450-4c98-ad3e-62a2e4cbb5f8\engagement.db (pool_size=5)
2026-06-19 18:56:05 - huginn - INFO - Engagement opened: bfddf96a-c450-4c98-ad3e-62a2e4cbb5f8
2026-06-19 18:56:05 - huginn - DEBUG - Milestone added: End (planned_end)
2026-06-19 18:56:05 - huginn - DEBUG - Milestone added: Start (planned_start)
2026-06-19 18:56:05 - huginn - DEBUG - Milestone added: Mid (checkpoint)
2026-06-19 18:56:05 - huginn - INFO - EngagementDatabase closed: C:\Users\allie\AppData\Local\Temp\pytest-of-allie\pytest-37\test_milestones_ordered_by_dat0\engagements\bfddf96a-c450-4c98-ad3e-62a2e4cbb5f8\engagement.db (5 connections)
2026-06-19 18:56:05 - huginn - INFO - Active engagement closed.
2026-06-19 18:56:05 - huginn - INFO - EngagementManager closed.
2026-06-19 18:56:05 - huginn - INFO - Master index schema initialized.
2026-06-19 18:56:05 - huginn - INFO - EngagementDatabase connected: C:\Users\allie\AppData\Local\Temp\pytest-of-allie\pytest-37\test_update_milestone0\engagements\c4c7f6c0-c1c2-41b7-b8a0-9dacca0c7812\engagement.db (pool_size=5)
2026-06-19 18:56:05 - huginn - INFO - EngagementDatabase schema created: C:\Users\allie\AppData\Local\Temp\pytest-of-allie\pytest-37\test_update_milestone0\engagements\c4c7f6c0-c1c2-41b7-b8a0-9dacca0c7812\engagement.db
2026-06-19 18:56:05 - huginn - INFO - EngagementDatabase closed: C:\Users\allie\AppData\Local\Temp\pytest-of-allie\pytest-37\test_update_milestone0\engagements\c4c7f6c0-c1c2-41b7-b8a0-9dacca0c7812\engagement.db (5 connections)
2026-06-19 18:56:05 - huginn - INFO - Engagement created: c4c7f6c0-c1c2-41b7-b8a0-9dacca0c7812 (Milestone Test)
2026-06-19 18:56:05 - huginn - INFO - EngagementDatabase connected: C:\Users\allie\AppData\Local\Temp\pytest-of-allie\pytest-37\test_update_milestone0\engagements\c4c7f6c0-c1c2-41b7-b8a0-9dacca0c7812\engagement.db (pool_size=5)
2026-06-19 18:56:05 - huginn - INFO - Engagement opened: c4c7f6c0-c1c2-41b7-b8a0-9dacca0c7812
2026-06-19 18:56:05 - huginn - DEBUG - Milestone added: Old Name (checkpoint)
2026-06-19 18:56:05 - huginn - INFO - EngagementDatabase closed: C:\Users\allie\AppData\Local\Temp\pytest-of-allie\pytest-37\test_update_milestone0\engagements\c4c7f6c0-c1c2-41b7-b8a0-9dacca0c7812\engagement.db (5 connections)
2026-06-19 18:56:05 - huginn - INFO - Active engagement closed.
2026-06-19 18:56:05 - huginn - INFO - EngagementManager closed.
2026-06-19 18:56:05 - huginn - INFO - Master index schema initialized.
2026-06-19 18:56:05 - huginn - INFO - EngagementDatabase connected: C:\Users\allie\AppData\Local\Temp\pytest-of-allie\pytest-37\test_delete_milestone0\engagements\752a429d-a09d-4709-91cf-10624f0e707d\engagement.db (pool_size=5)
2026-06-19 18:56:05 - huginn - INFO - EngagementDatabase schema created: C:\Users\allie\AppData\Local\Temp\pytest-of-allie\pytest-37\test_delete_milestone0\engagements\752a429d-a09d-4709-91cf-10624f0e707d\engagement.db
2026-06-19 18:56:05 - huginn - INFO - EngagementDatabase closed: C:\Users\allie\AppData\Local\Temp\pytest-of-allie\pytest-37\test_delete_milestone0\engagements\752a429d-a09d-4709-91cf-10624f0e707d\engagement.db (5 connections)
2026-06-19 18:56:05 - huginn - INFO - Engagement created: 752a429d-a09d-4709-91cf-10624f0e707d (Milestone Test)
2026-06-19 18:56:05 - huginn - INFO - EngagementDatabase connected: C:\Users\allie\AppData\Local\Temp\pytest-of-allie\pytest-37\test_delete_milestone0\engagements\752a429d-a09d-4709-91cf-10624f0e707d\engagement.db (pool_size=5)
2026-06-19 18:56:05 - huginn - INFO - Engagement opened: 752a429d-a09d-4709-91cf-10624f0e707d
2026-06-19 18:56:05 - huginn - DEBUG - Milestone added: Remove (checkpoint)
2026-06-19 18:56:05 - huginn - INFO - EngagementDatabase closed: C:\Users\allie\AppData\Local\Temp\pytest-of-allie\pytest-37\test_delete_milestone0\engagements\752a429d-a09d-4709-91cf-10624f0e707d\engagement.db (5 connections)
2026-06-19 18:56:05 - huginn - INFO - Active engagement closed.
2026-06-19 18:56:05 - huginn - INFO - EngagementManager closed.
2026-06-19 18:56:05 - huginn - INFO - Master index schema initialized.
2026-06-19 18:56:05 - huginn - INFO - EngagementDatabase connected: C:\Users\allie\AppData\Local\Temp\pytest-of-allie\pytest-37\test_engagement_created_signal0\engagements\99abaf18-583d-4b59-912d-b2a161870508\engagement.db (pool_size=5)
2026-06-19 18:56:05 - huginn - INFO - EngagementDatabase schema created: C:\Users\allie\AppData\Local\Temp\pytest-of-allie\pytest-37\test_engagement_created_signal0\engagements\99abaf18-583d-4b59-912d-b2a161870508\engagement.db
2026-06-19 18:56:05 - huginn - INFO - EngagementDatabase closed: C:\Users\allie\AppData\Local\Temp\pytest-of-allie\pytest-37\test_engagement_created_signal0\engagements\99abaf18-583d-4b59-912d-b2a161870508\engagement.db (5 connections)
2026-06-19 18:56:05 - huginn - INFO - Engagement created: 99abaf18-583d-4b59-912d-b2a161870508 (Signal)
2026-06-19 18:56:05 - huginn - INFO - EngagementManager closed.
2026-06-19 18:56:05 - huginn - INFO - Master index schema initialized.
2026-06-19 18:56:05 - huginn - INFO - EngagementDatabase connected: C:\Users\allie\AppData\Local\Temp\pytest-of-allie\pytest-37\test_engagement_opened_signal0\engagements\1d3e2966-4d8c-4bed-b2eb-7741062778cd\engagement.db (pool_size=5)
2026-06-19 18:56:05 - huginn - INFO - EngagementDatabase schema created: C:\Users\allie\AppData\Local\Temp\pytest-of-allie\pytest-37\test_engagement_opened_signal0\engagements\1d3e2966-4d8c-4bed-b2eb-7741062778cd\engagement.db
2026-06-19 18:56:05 - huginn - INFO - EngagementDatabase closed: C:\Users\allie\AppData\Local\Temp\pytest-of-allie\pytest-37\test_engagement_opened_signal0\engagements\1d3e2966-4d8c-4bed-b2eb-7741062778cd\engagement.db (5 connections)
2026-06-19 18:56:05 - huginn - INFO - Engagement created: 1d3e2966-4d8c-4bed-b2eb-7741062778cd (Signal Open)
2026-06-19 18:56:05 - huginn - INFO - EngagementDatabase connected: C:\Users\allie\AppData\Local\Temp\pytest-of-allie\pytest-37\test_engagement_opened_signal0\engagements\1d3e2966-4d8c-4bed-b2eb-7741062778cd\engagement.db (pool_size=5)
2026-06-19 18:56:05 - huginn - INFO - Engagement opened: 1d3e2966-4d8c-4bed-b2eb-7741062778cd
2026-06-19 18:56:05 - huginn - INFO - EngagementDatabase closed: C:\Users\allie\AppData\Local\Temp\pytest-of-allie\pytest-37\test_engagement_opened_signal0\engagements\1d3e2966-4d8c-4bed-b2eb-7741062778cd\engagement.db (5 connections)
2026-06-19 18:56:05 - huginn - INFO - Active engagement closed.
2026-06-19 18:56:05 - huginn - INFO - EngagementManager closed.
2026-06-19 18:56:05 - huginn - INFO - Master index schema initialized.
2026-06-19 18:56:05 - huginn - INFO - EngagementDatabase connected: C:\Users\allie\AppData\Local\Temp\pytest-of-allie\pytest-37\test_state_changed_signal0\engagements\2a6b2f99-cc6e-46b5-9596-d8fe8327db7c\engagement.db (pool_size=5)
2026-06-19 18:56:05 - huginn - INFO - EngagementDatabase schema created: C:\Users\allie\AppData\Local\Temp\pytest-of-allie\pytest-37\test_state_changed_signal0\engagements\2a6b2f99-cc6e-46b5-9596-d8fe8327db7c\engagement.db
2026-06-19 18:56:05 - huginn - INFO - EngagementDatabase closed: C:\Users\allie\AppData\Local\Temp\pytest-of-allie\pytest-37\test_state_changed_signal0\engagements\2a6b2f99-cc6e-46b5-9596-d8fe8327db7c\engagement.db (5 connections)
2026-06-19 18:56:05 - huginn - INFO - Engagement created: 2a6b2f99-cc6e-46b5-9596-d8fe8327db7c (Signal State)
2026-06-19 18:56:05 - huginn - INFO - State transition: 2a6b2f99-cc6e-46b5-9596-d8fe8327db7c draft -> scoping
2026-06-19 18:56:05 - huginn - INFO - EngagementManager closed.
2026-06-19 18:56:05 - huginn - INFO - Master index schema initialized.
2026-06-19 18:56:05 - huginn - INFO - EngagementManager closed.
2026-06-19 18:57:51 - huginn - INFO - License saved successfully
2026-06-19 18:57:51 - huginn - INFO - License loaded and validated successfully
2026-06-19 18:57:51 - huginn - INFO - Application starting...
2026-06-19 18:57:51 - huginn - INFO - Huginn version 1.0.0
2026-06-19 18:57:51 - huginn - INFO - Font loaded successfully
2026-06-19 18:57:51 - huginn - INFO - Stylesheet loaded successfully
2026-06-19 18:57:51 - huginn - INFO - Creating main window...
2026-06-19 18:57:51 - huginn - INFO - QThreadPool max threads set to 32 (CPUs: 32)
2026-06-19 18:57:51 - huginn - INFO - Custom font 'Neuropol X' loaded from C:\Users\allie\Coding Projects\huggin_suite\huginn\resources\fonts\neuropol.otf
2026-06-19 18:57:52 - huginn - INFO - Master index schema initialized.
2026-06-19 18:57:53 - huginn - DEBUG - [FeatureGapIntegration] Tenant→Engagement wiring connected.
2026-06-19 18:57:53 - huginn - INFO - [FeatureGapIntegration] All new modules integrated successfully.
2026-06-19 18:57:53 - huginn - INFO - Feature gap integration completed successfully
2026-06-19 18:57:59 - huginn - INFO - EngagementDatabase connected: C:\Users\allie\Coding Projects\huggin_suite\huginn\resources\engagements\f658aa60-dc87-447e-b412-978c8f3aa195\engagement.db (pool_size=5)
2026-06-19 18:57:59 - huginn - INFO - Engagement opened: f658aa60-dc87-447e-b412-978c8f3aa195
2026-06-19 18:57:59 - huginn - INFO - NoteSystem: database attached and FTS initialized.
2026-06-19 18:57:59 - huginn - INFO - RetestWorkflow: database attached.
2026-06-19 18:57:59 - huginn - INFO - [FeatureGapIntegration] Engagement opened by name via tenant change: Local LAB
2026-06-19 19:08:39 - huginn - DEBUG - Session token generated
2026-06-19 19:09:44 - huginn - DEBUG - Memory monitoring stopped
2026-06-19 19:09:44 - huginn - DEBUG - Connection pool closed all sessions
2026-06-19 19:09:53 - huginn - INFO - License saved successfully
2026-06-19 19:09:53 - huginn - INFO - License loaded and validated successfully
2026-06-19 19:09:53 - huginn - INFO - Application starting...
2026-06-19 19:09:53 - huginn - INFO - Huginn version 1.0.0
2026-06-19 19:09:53 - huginn - INFO - Font loaded successfully
2026-06-19 19:09:53 - huginn - INFO - Stylesheet loaded successfully
2026-06-19 19:09:53 - huginn - INFO - Creating main window...
2026-06-19 19:09:53 - huginn - INFO - QThreadPool max threads set to 32 (CPUs: 32)
2026-06-19 19:09:53 - huginn - INFO - Custom font 'Neuropol X' loaded from C:\Users\allie\Coding Projects\huggin_suite\huginn\resources\fonts\neuropol.otf
2026-06-19 19:09:54 - huginn - INFO - Master index schema initialized.
2026-06-19 19:09:54 - huginn - DEBUG - [FeatureGapIntegration] Tenant→Engagement wiring connected.
2026-06-19 19:09:54 - huginn - INFO - [FeatureGapIntegration] All new modules integrated successfully.
2026-06-19 19:09:54 - huginn - INFO - Feature gap integration completed successfully
2026-06-19 19:10:02 - huginn - INFO - EngagementDatabase connected: C:\Users\allie\Coding Projects\huggin_suite\huginn\resources\engagements\f658aa60-dc87-447e-b412-978c8f3aa195\engagement.db (pool_size=5)
2026-06-19 19:10:02 - huginn - INFO - Engagement opened: f658aa60-dc87-447e-b412-978c8f3aa195
2026-06-19 19:10:02 - huginn - INFO - NoteSystem: database attached and FTS initialized.
2026-06-19 19:10:02 - huginn - INFO - RetestWorkflow: database attached.
2026-06-19 19:10:02 - huginn - INFO - [FeatureGapIntegration] Engagement opened by name via tenant change: Local LAB
2026-06-19 19:10:44 - huginn - DEBUG - Memory monitoring stopped
2026-06-19 19:10:44 - huginn - DEBUG - Connection pool closed all sessions
2026-06-19 19:11:38 - huginn - INFO - Using default configuration
2026-06-19 19:11:41 - huginn - INFO - License saved successfully
2026-06-19 19:11:41 - huginn - INFO - License loaded and validated successfully
2026-06-19 19:11:48 - huginn - INFO - Using default configuration
2026-06-19 19:11:50 - huginn - INFO - License saved successfully
2026-06-19 19:11:50 - huginn - INFO - License loaded and validated successfully
2026-06-19 19:12:14 - huginn - INFO - Using default configuration
2026-06-19 19:12:16 - huginn - INFO - License saved successfully
2026-06-19 19:12:16 - huginn - INFO - License loaded and validated successfully
2026-06-19 19:12:27 - huginn - INFO - Using default configuration
2026-06-19 19:12:29 - huginn - INFO - License saved successfully
2026-06-19 19:12:29 - huginn - INFO - License loaded and validated successfully
2026-06-19 19:12:36 - huginn - INFO - Using default configuration
2026-06-19 19:12:39 - huginn - INFO - License saved successfully
2026-06-19 19:12:39 - huginn - INFO - License loaded and validated successfully
2026-06-19 19:12:45 - huginn - INFO - Using default configuration
2026-06-19 19:12:48 - huginn - INFO - License saved successfully
2026-06-19 19:12:48 - huginn - INFO - License loaded and validated successfully
2026-06-19 19:13:32 - huginn - INFO - QThreadPool max threads set to 32 (CPUs: 32)
2026-06-19 19:13:32 - huginn - WARNING - Font loading failed - file not found or invalid: C:\Users\allie\Coding Projects\huggin_suite\huginn\tests\resources\fonts\neuropol.otf
2026-06-19 19:13:33 - huginn - INFO - License saved successfully
2026-06-19 19:13:33 - huginn - INFO - License loaded and validated successfully
2026-06-19 19:13:33 - huginn - INFO - Master index schema initialized.
2026-06-19 19:13:33 - huginn - INFO - EngagementDatabase connected: C:\Users\allie\AppData\Local\Temp\pytest-of-allie\pytest-38\test_create_engagement_returns0\engagements\cbba2ecf-c431-4771-914a-e7180dd7aca5\engagement.db (pool_size=5)
2026-06-19 19:13:33 - huginn - INFO - EngagementDatabase schema created: C:\Users\allie\AppData\Local\Temp\pytest-of-allie\pytest-38\test_create_engagement_returns0\engagements\cbba2ecf-c431-4771-914a-e7180dd7aca5\engagement.db
2026-06-19 19:13:33 - huginn - INFO - EngagementDatabase closed: C:\Users\allie\AppData\Local\Temp\pytest-of-allie\pytest-38\test_create_engagement_returns0\engagements\cbba2ecf-c431-4771-914a-e7180dd7aca5\engagement.db (5 connections)
2026-06-19 19:13:33 - huginn - INFO - Engagement created: cbba2ecf-c431-4771-914a-e7180dd7aca5 (Test Engagement)
2026-06-19 19:13:33 - huginn - INFO - EngagementManager closed.
2026-06-19 19:13:33 - huginn - INFO - Master index schema initialized.
2026-06-19 19:13:33 - huginn - INFO - EngagementDatabase connected: C:\Users\allie\AppData\Local\Temp\pytest-of-allie\pytest-38\test_create_engagement_creates0\engagements\33547c19-07c2-4343-84ed-392951064129\engagement.db (pool_size=5)
2026-06-19 19:13:33 - huginn - INFO - EngagementDatabase schema created: C:\Users\allie\AppData\Local\Temp\pytest-of-allie\pytest-38\test_create_engagement_creates0\engagements\33547c19-07c2-4343-84ed-392951064129\engagement.db
2026-06-19 19:13:33 - huginn - INFO - EngagementDatabase closed: C:\Users\allie\AppData\Local\Temp\pytest-of-allie\pytest-38\test_create_engagement_creates0\engagements\33547c19-07c2-4343-84ed-392951064129\engagement.db (5 connections)
2026-06-19 19:13:33 - huginn - INFO - Engagement created: 33547c19-07c2-4343-84ed-392951064129 (DB File Test)
2026-06-19 19:13:33 - huginn - INFO - EngagementManager closed.
2026-06-19 19:13:33 - huginn - INFO - Master index schema initialized.
2026-06-19 19:13:33 - huginn - INFO - EngagementDatabase connected: C:\Users\allie\AppData\Local\Temp\pytest-of-allie\pytest-38\test_create_engagement_initial0\engagements\3893ac4e-8315-447f-89d8-839ddd967b63\engagement.db (pool_size=5)
2026-06-19 19:13:33 - huginn - INFO - EngagementDatabase schema created: C:\Users\allie\AppData\Local\Temp\pytest-of-allie\pytest-38\test_create_engagement_initial0\engagements\3893ac4e-8315-447f-89d8-839ddd967b63\engagement.db
2026-06-19 19:13:33 - huginn - INFO - EngagementDatabase closed: C:\Users\allie\AppData\Local\Temp\pytest-of-allie\pytest-38\test_create_engagement_initial0\engagements\3893ac4e-8315-447f-89d8-839ddd967b63\engagement.db (5 connections)
2026-06-19 19:13:33 - huginn - INFO - Engagement created: 3893ac4e-8315-447f-89d8-839ddd967b63 (State Test)
2026-06-19 19:13:33 - huginn - INFO - EngagementManager closed.
2026-06-19 19:13:33 - huginn - INFO - Master index schema initialized.
2026-06-19 19:13:33 - huginn - INFO - EngagementDatabase connected: C:\Users\allie\AppData\Local\Temp\pytest-of-allie\pytest-38\test_create_multiple_engagemen0\engagements\7f16c539-fca3-44de-a20c-ed714694d586\engagement.db (pool_size=5)
2026-06-19 19:13:33 - huginn - INFO - EngagementDatabase schema created: C:\Users\allie\AppData\Local\Temp\pytest-of-allie\pytest-38\test_create_multiple_engagemen0\engagements\7f16c539-fca3-44de-a20c-ed714694d586\engagement.db
2026-06-19 19:13:33 - huginn - INFO - EngagementDatabase closed: C:\Users\allie\AppData\Local\Temp\pytest-of-allie\pytest-38\test_create_multiple_engagemen0\engagements\7f16c539-fca3-44de-a20c-ed714694d586\engagement.db (5 connections)
2026-06-19 19:13:33 - huginn - INFO - Engagement created: 7f16c539-fca3-44de-a20c-ed714694d586 (Engagement 0)
2026-06-19 19:13:34 - huginn - INFO - EngagementDatabase connected: C:\Users\allie\AppData\Local\Temp\pytest-of-allie\pytest-38\test_create_multiple_engagemen0\engagements\7d4c2b34-4795-4d36-996f-77b540325bb2\engagement.db (pool_size=5)
2026-06-19 19:13:34 - huginn - INFO - EngagementDatabase schema created: C:\Users\allie\AppData\Local\Temp\pytest-of-allie\pytest-38\test_create_multiple_engagemen0\engagements\7d4c2b34-4795-4d36-996f-77b540325bb2\engagement.db
2026-06-19 19:13:34 - huginn - INFO - EngagementDatabase closed: C:\Users\allie\AppData\Local\Temp\pytest-of-allie\pytest-38\test_create_multiple_engagemen0\engagements\7d4c2b34-4795-4d36-996f-77b540325bb2\engagement.db (5 connections)
2026-06-19 19:13:34 - huginn - INFO - Engagement created: 7d4c2b34-4795-4d36-996f-77b540325bb2 (Engagement 1)
2026-06-19 19:13:34 - huginn - INFO - EngagementDatabase connected: C:\Users\allie\AppData\Local\Temp\pytest-of-allie\pytest-38\test_create_multiple_engagemen0\engagements\f8bc648b-54a0-4c86-9d23-b52bb9cf2b66\engagement.db (pool_size=5)
2026-06-19 19:13:34 - huginn - INFO - EngagementDatabase schema created: C:\Users\allie\AppData\Local\Temp\pytest-of-allie\pytest-38\test_create_multiple_engagemen0\engagements\f8bc648b-54a0-4c86-9d23-b52bb9cf2b66\engagement.db
2026-06-19 19:13:34 - huginn - INFO - EngagementDatabase closed: C:\Users\allie\AppData\Local\Temp\pytest-of-allie\pytest-38\test_create_multiple_engagemen0\engagements\f8bc648b-54a0-4c86-9d23-b52bb9cf2b66\engagement.db (5 connections)
2026-06-19 19:13:34 - huginn - INFO - Engagement created: f8bc648b-54a0-4c86-9d23-b52bb9cf2b66 (Engagement 2)
2026-06-19 19:13:34 - huginn - INFO - EngagementDatabase connected: C:\Users\allie\AppData\Local\Temp\pytest-of-allie\pytest-38\test_create_multiple_engagemen0\engagements\4299a563-59ac-4a02-96d8-dd8ac495a397\engagement.db (pool_size=5)
2026-06-19 19:13:34 - huginn - INFO - EngagementDatabase schema created: C:\Users\allie\AppData\Local\Temp\pytest-of-allie\pytest-38\test_create_multiple_engagemen0\engagements\4299a563-59ac-4a02-96d8-dd8ac495a397\engagement.db
2026-06-19 19:13:34 - huginn - INFO - EngagementDatabase closed: C:\Users\allie\AppData\Local\Temp\pytest-of-allie\pytest-38\test_create_multiple_engagemen0\engagements\4299a563-59ac-4a02-96d8-dd8ac495a397\engagement.db (5 connections)
2026-06-19 19:13:34 - huginn - INFO - Engagement created: 4299a563-59ac-4a02-96d8-dd8ac495a397 (Engagement 3)
2026-06-19 19:13:34 - huginn - INFO - EngagementDatabase connected: C:\Users\allie\AppData\Local\Temp\pytest-of-allie\pytest-38\test_create_multiple_engagemen0\engagements\9f25951f-e0ce-432c-be00-7dfed15d80ce\engagement.db (pool_size=5)
2026-06-19 19:13:34 - huginn - INFO - EngagementDatabase schema created: C:\Users\allie\AppData\Local\Temp\pytest-of-allie\pytest-38\test_create_multiple_engagemen0\engagements\9f25951f-e0ce-432c-be00-7dfed15d80ce\engagement.db
2026-06-19 19:13:34 - huginn - INFO - EngagementDatabase closed: C:\Users\allie\AppData\Local\Temp\pytest-of-allie\pytest-38\test_create_multiple_engagemen0\engagements\9f25951f-e0ce-432c-be00-7dfed15d80ce\engagement.db (5 connections)
2026-06-19 19:13:34 - huginn - INFO - Engagement created: 9f25951f-e0ce-432c-be00-7dfed15d80ce (Engagement 4)
2026-06-19 19:13:34 - huginn - INFO - EngagementDatabase connected: C:\Users\allie\AppData\Local\Temp\pytest-of-allie\pytest-38\test_create_multiple_engagemen0\engagements\b0a7dd9d-b5dc-44d3-bcce-3ddbaffec088\engagement.db (pool_size=5)
2026-06-19 19:13:34 - huginn - INFO - EngagementDatabase schema created: C:\Users\allie\AppData\Local\Temp\pytest-of-allie\pytest-38\test_create_multiple_engagemen0\engagements\b0a7dd9d-b5dc-44d3-bcce-3ddbaffec088\engagement.db
2026-06-19 19:13:34 - huginn - INFO - EngagementDatabase closed: C:\Users\allie\AppData\Local\Temp\pytest-of-allie\pytest-38\test_create_multiple_engagemen0\engagements\b0a7dd9d-b5dc-44d3-bcce-3ddbaffec088\engagement.db (5 connections)
2026-06-19 19:13:34 - huginn - INFO - Engagement created: b0a7dd9d-b5dc-44d3-bcce-3ddbaffec088 (Engagement 5)
2026-06-19 19:13:34 - huginn - INFO - EngagementDatabase connected: C:\Users\allie\AppData\Local\Temp\pytest-of-allie\pytest-38\test_create_multiple_engagemen0\engagements\0ffa1a91-aa9c-4685-91ce-62bccf65252b\engagement.db (pool_size=5)
2026-06-19 19:13:34 - huginn - INFO - EngagementDatabase schema created: C:\Users\allie\AppData\Local\Temp\pytest-of-allie\pytest-38\test_create_multiple_engagemen0\engagements\0ffa1a91-aa9c-4685-91ce-62bccf65252b\engagement.db
2026-06-19 19:13:34 - huginn - INFO - EngagementDatabase closed: C:\Users\allie\AppData\Local\Temp\pytest-of-allie\pytest-38\test_create_multiple_engagemen0\engagements\0ffa1a91-aa9c-4685-91ce-62bccf65252b\engagement.db (5 connections)
2026-06-19 19:13:34 - huginn - INFO - Engagement created: 0ffa1a91-aa9c-4685-91ce-62bccf65252b (Engagement 6)
2026-06-19 19:13:34 - huginn - INFO - EngagementDatabase connected: C:\Users\allie\AppData\Local\Temp\pytest-of-allie\pytest-38\test_create_multiple_engagemen0\engagements\af1fdaaf-9462-426b-8f03-0962fb11486f\engagement.db (pool_size=5)
2026-06-19 19:13:34 - huginn - INFO - EngagementDatabase schema created: C:\Users\allie\AppData\Local\Temp\pytest-of-allie\pytest-38\test_create_multiple_engagemen0\engagements\af1fdaaf-9462-426b-8f03-0962fb11486f\engagement.db
2026-06-19 19:13:34 - huginn - INFO - EngagementDatabase closed: C:\Users\allie\AppData\Local\Temp\pytest-of-allie\pytest-38\test_create_multiple_engagemen0\engagements\af1fdaaf-9462-426b-8f03-0962fb11486f\engagement.db (5 connections)
2026-06-19 19:13:34 - huginn - INFO - Engagement created: af1fdaaf-9462-426b-8f03-0962fb11486f (Engagement 7)
2026-06-19 19:13:34 - huginn - INFO - EngagementDatabase connected: C:\Users\allie\AppData\Local\Temp\pytest-of-allie\pytest-38\test_create_multiple_engagemen0\engagements\bc5dde91-db20-4e41-a1d1-d71ea5ec49b6\engagement.db (pool_size=5)
2026-06-19 19:13:34 - huginn - INFO - EngagementDatabase schema created: C:\Users\allie\AppData\Local\Temp\pytest-of-allie\pytest-38\test_create_multiple_engagemen0\engagements\bc5dde91-db20-4e41-a1d1-d71ea5ec49b6\engagement.db
2026-06-19 19:13:34 - huginn - INFO - EngagementDatabase closed: C:\Users\allie\AppData\Local\Temp\pytest-of-allie\pytest-38\test_create_multiple_engagemen0\engagements\bc5dde91-db20-4e41-a1d1-d71ea5ec49b6\engagement.db (5 connections)
2026-06-19 19:13:34 - huginn - INFO - Engagement created: bc5dde91-db20-4e41-a1d1-d71ea5ec49b6 (Engagement 8)
2026-06-19 19:13:34 - huginn - INFO - EngagementDatabase connected: C:\Users\allie\AppData\Local\Temp\pytest-of-allie\pytest-38\test_create_multiple_engagemen0\engagements\290d981d-2628-4ba8-b130-907fcc65cf07\engagement.db (pool_size=5)
2026-06-19 19:13:34 - huginn - INFO - EngagementDatabase schema created: C:\Users\allie\AppData\Local\Temp\pytest-of-allie\pytest-38\test_create_multiple_engagemen0\engagements\290d981d-2628-4ba8-b130-907fcc65cf07\engagement.db
2026-06-19 19:13:34 - huginn - INFO - EngagementDatabase closed: C:\Users\allie\AppData\Local\Temp\pytest-of-allie\pytest-38\test_create_multiple_engagemen0\engagements\290d981d-2628-4ba8-b130-907fcc65cf07\engagement.db (5 connections)
2026-06-19 19:13:34 - huginn - INFO - Engagement created: 290d981d-2628-4ba8-b130-907fcc65cf07 (Engagement 9)
2026-06-19 19:13:34 - huginn - INFO - EngagementManager closed.
2026-06-19 19:13:34 - huginn - INFO - Master index schema initialized.
2026-06-19 19:13:34 - huginn - INFO - EngagementDatabase connected: C:\Users\allie\AppData\Local\Temp\pytest-of-allie\pytest-38\test_get_engagement_returns_me0\engagements\bfc468ae-84ec-479c-818c-fecc6aca390b\engagement.db (pool_size=5)
2026-06-19 19:13:34 - huginn - INFO - EngagementDatabase schema created: C:\Users\allie\AppData\Local\Temp\pytest-of-allie\pytest-38\test_get_engagement_returns_me0\engagements\bfc468ae-84ec-479c-818c-fecc6aca390b\engagement.db
2026-06-19 19:13:34 - huginn - INFO - EngagementDatabase closed: C:\Users\allie\AppData\Local\Temp\pytest-of-allie\pytest-38\test_get_engagement_returns_me0\engagements\bfc468ae-84ec-479c-818c-fecc6aca390b\engagement.db (5 connections)
2026-06-19 19:13:34 - huginn - INFO - Engagement created: bfc468ae-84ec-479c-818c-fecc6aca390b (Metadata Test)
2026-06-19 19:13:34 - huginn - INFO - EngagementManager closed.
2026-06-19 19:13:34 - huginn - INFO - Master index schema initialized.
2026-06-19 19:13:34 - huginn - INFO - EngagementManager closed.
2026-06-19 19:13:34 - huginn - INFO - Master index schema initialized.
2026-06-19 19:13:34 - huginn - INFO - EngagementDatabase connected: C:\Users\allie\AppData\Local\Temp\pytest-of-allie\pytest-38\test_list_all_engagements0\engagements\4ee9c1cf-b384-47fb-93a3-19024a3f263d\engagement.db (pool_size=5)
2026-06-19 19:13:34 - huginn - INFO - EngagementDatabase schema created: C:\Users\allie\AppData\Local\Temp\pytest-of-allie\pytest-38\test_list_all_engagements0\engagements\4ee9c1cf-b384-47fb-93a3-19024a3f263d\engagement.db
2026-06-19 19:13:34 - huginn - INFO - EngagementDatabase closed: C:\Users\allie\AppData\Local\Temp\pytest-of-allie\pytest-38\test_list_all_engagements0\engagements\4ee9c1cf-b384-47fb-93a3-19024a3f263d\engagement.db (5 connections)
2026-06-19 19:13:34 - huginn - INFO - Engagement created: 4ee9c1cf-b384-47fb-93a3-19024a3f263d (Eng 1)
2026-06-19 19:13:34 - huginn - INFO - EngagementDatabase connected: C:\Users\allie\AppData\Local\Temp\pytest-of-allie\pytest-38\test_list_all_engagements0\engagements\c6634d61-dbc5-471a-8a16-33a9b91a6f80\engagement.db (pool_size=5)
2026-06-19 19:13:34 - huginn - INFO - EngagementDatabase schema created: C:\Users\allie\AppData\Local\Temp\pytest-of-allie\pytest-38\test_list_all_engagements0\engagements\c6634d61-dbc5-471a-8a16-33a9b91a6f80\engagement.db
2026-06-19 19:13:34 - huginn - INFO - EngagementDatabase closed: C:\Users\allie\AppData\Local\Temp\pytest-of-allie\pytest-38\test_list_all_engagements0\engagements\c6634d61-dbc5-471a-8a16-33a9b91a6f80\engagement.db (5 connections)
2026-06-19 19:13:34 - huginn - INFO - Engagement created: c6634d61-dbc5-471a-8a16-33a9b91a6f80 (Eng 2)
2026-06-19 19:13:34 - huginn - INFO - EngagementManager closed.
2026-06-19 19:13:34 - huginn - INFO - Master index schema initialized.
2026-06-19 19:13:34 - huginn - INFO - EngagementDatabase connected: C:\Users\allie\AppData\Local\Temp\pytest-of-allie\pytest-38\test_list_engagements_status_f0\engagements\b232d135-bab7-4762-a6f0-86b07738fc1d\engagement.db (pool_size=5)
2026-06-19 19:13:34 - huginn - INFO - EngagementDatabase schema created: C:\Users\allie\AppData\Local\Temp\pytest-of-allie\pytest-38\test_list_engagements_status_f0\engagements\b232d135-bab7-4762-a6f0-86b07738fc1d\engagement.db
2026-06-19 19:13:34 - huginn - INFO - EngagementDatabase closed: C:\Users\allie\AppData\Local\Temp\pytest-of-allie\pytest-38\test_list_engagements_status_f0\engagements\b232d135-bab7-4762-a6f0-86b07738fc1d\engagement.db (5 connections)
2026-06-19 19:13:34 - huginn - INFO - Engagement created: b232d135-bab7-4762-a6f0-86b07738fc1d (Draft Eng)
2026-06-19 19:13:34 - huginn - INFO - EngagementDatabase connected: C:\Users\allie\AppData\Local\Temp\pytest-of-allie\pytest-38\test_list_engagements_status_f0\engagements\09c1dfb4-5ace-4125-bdaf-5a1d20b93a47\engagement.db (pool_size=5)
2026-06-19 19:13:34 - huginn - INFO - EngagementDatabase schema created: C:\Users\allie\AppData\Local\Temp\pytest-of-allie\pytest-38\test_list_engagements_status_f0\engagements\09c1dfb4-5ace-4125-bdaf-5a1d20b93a47\engagement.db
2026-06-19 19:13:34 - huginn - INFO - EngagementDatabase closed: C:\Users\allie\AppData\Local\Temp\pytest-of-allie\pytest-38\test_list_engagements_status_f0\engagements\09c1dfb4-5ace-4125-bdaf-5a1d20b93a47\engagement.db (5 connections)
2026-06-19 19:13:34 - huginn - INFO - Engagement created: 09c1dfb4-5ace-4125-bdaf-5a1d20b93a47 (Active Eng)
2026-06-19 19:13:34 - huginn - INFO - State transition: 09c1dfb4-5ace-4125-bdaf-5a1d20b93a47 draft -> scoping
2026-06-19 19:13:34 - huginn - INFO - State transition: 09c1dfb4-5ace-4125-bdaf-5a1d20b93a47 scoping -> active
2026-06-19 19:13:34 - huginn - INFO - EngagementManager closed.
2026-06-19 19:13:34 - huginn - INFO - Master index schema initialized.
2026-06-19 19:13:34 - huginn - INFO - EngagementDatabase connected: C:\Users\allie\AppData\Local\Temp\pytest-of-allie\pytest-38\test_list_engagements_search0\engagements\a1936ff5-6151-4f9d-abb3-49fa95760a83\engagement.db (pool_size=5)
2026-06-19 19:13:34 - huginn - INFO - EngagementDatabase schema created: C:\Users\allie\AppData\Local\Temp\pytest-of-allie\pytest-38\test_list_engagements_search0\engagements\a1936ff5-6151-4f9d-abb3-49fa95760a83\engagement.db
2026-06-19 19:13:34 - huginn - INFO - EngagementDatabase closed: C:\Users\allie\AppData\Local\Temp\pytest-of-allie\pytest-38\test_list_engagements_search0\engagements\a1936ff5-6151-4f9d-abb3-49fa95760a83\engagement.db (5 connections)
2026-06-19 19:13:34 - huginn - INFO - Engagement created: a1936ff5-6151-4f9d-abb3-49fa95760a83 (Alpha Project)
2026-06-19 19:13:34 - huginn - INFO - EngagementDatabase connected: C:\Users\allie\AppData\Local\Temp\pytest-of-allie\pytest-38\test_list_engagements_search0\engagements\e0d3ef81-ec7a-419c-b3ef-62b0e9bd1730\engagement.db (pool_size=5)
2026-06-19 19:13:34 - huginn - INFO - EngagementDatabase schema created: C:\Users\allie\AppData\Local\Temp\pytest-of-allie\pytest-38\test_list_engagements_search0\engagements\e0d3ef81-ec7a-419c-b3ef-62b0e9bd1730\engagement.db
2026-06-19 19:13:34 - huginn - INFO - EngagementDatabase closed: C:\Users\allie\AppData\Local\Temp\pytest-of-allie\pytest-38\test_list_engagements_search0\engagements\e0d3ef81-ec7a-419c-b3ef-62b0e9bd1730\engagement.db (5 connections)
2026-06-19 19:13:34 - huginn - INFO - Engagement created: e0d3ef81-ec7a-419c-b3ef-62b0e9bd1730 (Beta Project)
2026-06-19 19:13:34 - huginn - INFO - EngagementManager closed.
2026-06-19 19:13:34 - huginn - INFO - Master index schema initialized.
2026-06-19 19:13:34 - huginn - INFO - EngagementDatabase connected: C:\Users\allie\AppData\Local\Temp\pytest-of-allie\pytest-38\test_valid_transitions_from_dr0\engagements\bfa4d86a-527e-4fb7-8e5d-af7cc6998778\engagement.db (pool_size=5)
2026-06-19 19:13:34 - huginn - INFO - EngagementDatabase schema created: C:\Users\allie\AppData\Local\Temp\pytest-of-allie\pytest-38\test_valid_transitions_from_dr0\engagements\bfa4d86a-527e-4fb7-8e5d-af7cc6998778\engagement.db
2026-06-19 19:13:34 - huginn - INFO - EngagementDatabase closed: C:\Users\allie\AppData\Local\Temp\pytest-of-allie\pytest-38\test_valid_transitions_from_dr0\engagements\bfa4d86a-527e-4fb7-8e5d-af7cc6998778\engagement.db (5 connections)
2026-06-19 19:13:34 - huginn - INFO - Engagement created: bfa4d86a-527e-4fb7-8e5d-af7cc6998778 (SM Test)
2026-06-19 19:13:34 - huginn - INFO - State transition: bfa4d86a-527e-4fb7-8e5d-af7cc6998778 draft -> scoping
2026-06-19 19:13:34 - huginn - INFO - EngagementManager closed.
2026-06-19 19:13:34 - huginn - INFO - Master index schema initialized.
2026-06-19 19:13:34 - huginn - INFO - EngagementDatabase connected: C:\Users\allie\AppData\Local\Temp\pytest-of-allie\pytest-38\test_valid_full_lifecycle0\engagements\0d953935-9ec8-4049-9698-93ba7b52bd15\engagement.db (pool_size=5)
2026-06-19 19:13:34 - huginn - INFO - EngagementDatabase schema created: C:\Users\allie\AppData\Local\Temp\pytest-of-allie\pytest-38\test_valid_full_lifecycle0\engagements\0d953935-9ec8-4049-9698-93ba7b52bd15\engagement.db
2026-06-19 19:13:34 - huginn - INFO - EngagementDatabase closed: C:\Users\allie\AppData\Local\Temp\pytest-of-allie\pytest-38\test_valid_full_lifecycle0\engagements\0d953935-9ec8-4049-9698-93ba7b52bd15\engagement.db (5 connections)
2026-06-19 19:13:34 - huginn - INFO - Engagement created: 0d953935-9ec8-4049-9698-93ba7b52bd15 (Lifecycle)
2026-06-19 19:13:34 - huginn - INFO - State transition: 0d953935-9ec8-4049-9698-93ba7b52bd15 draft -> scoping
2026-06-19 19:13:34 - huginn - INFO - State transition: 0d953935-9ec8-4049-9698-93ba7b52bd15 scoping -> active
2026-06-19 19:13:34 - huginn - INFO - State transition: 0d953935-9ec8-4049-9698-93ba7b52bd15 active -> reporting
2026-06-19 19:13:34 - huginn - INFO - State transition: 0d953935-9ec8-4049-9698-93ba7b52bd15 reporting -> closed
2026-06-19 19:13:34 - huginn - INFO - EngagementManager closed.
2026-06-19 19:13:34 - huginn - INFO - Master index schema initialized.
2026-06-19 19:13:34 - huginn - INFO - EngagementDatabase connected: C:\Users\allie\AppData\Local\Temp\pytest-of-allie\pytest-38\test_invalid_transition_reject0\engagements\fb7270e8-24c7-4e19-a1d7-1003d2a5413d\engagement.db (pool_size=5)
2026-06-19 19:13:34 - huginn - INFO - EngagementDatabase schema created: C:\Users\allie\AppData\Local\Temp\pytest-of-allie\pytest-38\test_invalid_transition_reject0\engagements\fb7270e8-24c7-4e19-a1d7-1003d2a5413d\engagement.db
2026-06-19 19:13:34 - huginn - INFO - EngagementDatabase closed: C:\Users\allie\AppData\Local\Temp\pytest-of-allie\pytest-38\test_invalid_transition_reject0\engagements\fb7270e8-24c7-4e19-a1d7-1003d2a5413d\engagement.db (5 connections)
2026-06-19 19:13:34 - huginn - INFO - Engagement created: fb7270e8-24c7-4e19-a1d7-1003d2a5413d (Invalid)
2026-06-19 19:13:34 - huginn - WARNING - Invalid state transition for fb7270e8-24c7-4e19-a1d7-1003d2a5413d: draft -> active. Allowed: ['scoping']
2026-06-19 19:13:34 - huginn - INFO - EngagementManager closed.
2026-06-19 19:13:34 - huginn - INFO - Master index schema initialized.
2026-06-19 19:13:34 - huginn - INFO - EngagementDatabase connected: C:\Users\allie\AppData\Local\Temp\pytest-of-allie\pytest-38\test_closed_state_has_no_trans0\engagements\640be13a-5c46-494c-82ee-ca172ed72215\engagement.db (pool_size=5)
2026-06-19 19:13:34 - huginn - INFO - EngagementDatabase schema created: C:\Users\allie\AppData\Local\Temp\pytest-of-allie\pytest-38\test_closed_state_has_no_trans0\engagements\640be13a-5c46-494c-82ee-ca172ed72215\engagement.db
2026-06-19 19:13:34 - huginn - INFO - EngagementDatabase closed: C:\Users\allie\AppData\Local\Temp\pytest-of-allie\pytest-38\test_closed_state_has_no_trans0\engagements\640be13a-5c46-494c-82ee-ca172ed72215\engagement.db (5 connections)
2026-06-19 19:13:34 - huginn - INFO - Engagement created: 640be13a-5c46-494c-82ee-ca172ed72215 (Closed)
2026-06-19 19:13:34 - huginn - INFO - State transition: 640be13a-5c46-494c-82ee-ca172ed72215 draft -> scoping
2026-06-19 19:13:34 - huginn - INFO - State transition: 640be13a-5c46-494c-82ee-ca172ed72215 scoping -> active
2026-06-19 19:13:34 - huginn - INFO - State transition: 640be13a-5c46-494c-82ee-ca172ed72215 active -> reporting
2026-06-19 19:13:34 - huginn - INFO - State transition: 640be13a-5c46-494c-82ee-ca172ed72215 reporting -> closed
2026-06-19 19:13:34 - huginn - WARNING - Invalid state transition for 640be13a-5c46-494c-82ee-ca172ed72215: closed -> draft. Allowed: []
2026-06-19 19:13:34 - huginn - WARNING - Invalid state transition for 640be13a-5c46-494c-82ee-ca172ed72215: closed -> scoping. Allowed: []
2026-06-19 19:13:34 - huginn - WARNING - Invalid state transition for 640be13a-5c46-494c-82ee-ca172ed72215: closed -> active. Allowed: []
2026-06-19 19:13:34 - huginn - WARNING - Invalid state transition for 640be13a-5c46-494c-82ee-ca172ed72215: closed -> paused. Allowed: []
2026-06-19 19:13:34 - huginn - WARNING - Invalid state transition for 640be13a-5c46-494c-82ee-ca172ed72215: closed -> retest. Allowed: []
2026-06-19 19:13:34 - huginn - WARNING - Invalid state transition for 640be13a-5c46-494c-82ee-ca172ed72215: closed -> reporting. Allowed: []
2026-06-19 19:13:34 - huginn - WARNING - Invalid state transition for 640be13a-5c46-494c-82ee-ca172ed72215: closed -> closed. Allowed: []
2026-06-19 19:13:34 - huginn - INFO - EngagementManager closed.
2026-06-19 19:13:34 - huginn - INFO - Master index schema initialized.
2026-06-19 19:13:34 - huginn - INFO - EngagementDatabase connected: C:\Users\allie\AppData\Local\Temp\pytest-of-allie\pytest-38\test_active_to_paused_and_back0\engagements\5bc47d4d-bec2-4000-9691-35623ce6ee80\engagement.db (pool_size=5)
2026-06-19 19:13:34 - huginn - INFO - EngagementDatabase schema created: C:\Users\allie\AppData\Local\Temp\pytest-of-allie\pytest-38\test_active_to_paused_and_back0\engagements\5bc47d4d-bec2-4000-9691-35623ce6ee80\engagement.db
2026-06-19 19:13:34 - huginn - INFO - EngagementDatabase closed: C:\Users\allie\AppData\Local\Temp\pytest-of-allie\pytest-38\test_active_to_paused_and_back0\engagements\5bc47d4d-bec2-4000-9691-35623ce6ee80\engagement.db (5 connections)
2026-06-19 19:13:34 - huginn - INFO - Engagement created: 5bc47d4d-bec2-4000-9691-35623ce6ee80 (Pause)
2026-06-19 19:13:34 - huginn - INFO - State transition: 5bc47d4d-bec2-4000-9691-35623ce6ee80 draft -> scoping
2026-06-19 19:13:34 - huginn - INFO - State transition: 5bc47d4d-bec2-4000-9691-35623ce6ee80 scoping -> active
2026-06-19 19:13:34 - huginn - INFO - State transition: 5bc47d4d-bec2-4000-9691-35623ce6ee80 active -> paused
2026-06-19 19:13:34 - huginn - INFO - State transition: 5bc47d4d-bec2-4000-9691-35623ce6ee80 paused -> active
2026-06-19 19:13:34 - huginn - INFO - EngagementManager closed.
2026-06-19 19:13:34 - huginn - INFO - Master index schema initialized.
2026-06-19 19:13:34 - huginn - INFO - EngagementDatabase connected: C:\Users\allie\AppData\Local\Temp\pytest-of-allie\pytest-38\test_active_to_retest_and_repo0\engagements\f12eab83-bc27-47f3-b7a2-c2bc4d910889\engagement.db (pool_size=5)
2026-06-19 19:13:34 - huginn - INFO - EngagementDatabase schema created: C:\Users\allie\AppData\Local\Temp\pytest-of-allie\pytest-38\test_active_to_retest_and_repo0\engagements\f12eab83-bc27-47f3-b7a2-c2bc4d910889\engagement.db
2026-06-19 19:13:34 - huginn - INFO - EngagementDatabase closed: C:\Users\allie\AppData\Local\Temp\pytest-of-allie\pytest-38\test_active_to_retest_and_repo0\engagements\f12eab83-bc27-47f3-b7a2-c2bc4d910889\engagement.db (5 connections)
2026-06-19 19:13:34 - huginn - INFO - Engagement created: f12eab83-bc27-47f3-b7a2-c2bc4d910889 (Retest)
2026-06-19 19:13:34 - huginn - INFO - State transition: f12eab83-bc27-47f3-b7a2-c2bc4d910889 draft -> scoping
2026-06-19 19:13:34 - huginn - INFO - State transition: f12eab83-bc27-47f3-b7a2-c2bc4d910889 scoping -> active
2026-06-19 19:13:34 - huginn - INFO - State transition: f12eab83-bc27-47f3-b7a2-c2bc4d910889 active -> retest
2026-06-19 19:13:34 - huginn - INFO - State transition: f12eab83-bc27-47f3-b7a2-c2bc4d910889 retest -> reporting
2026-06-19 19:13:34 - huginn - INFO - EngagementManager closed.
2026-06-19 19:13:34 - huginn - INFO - Master index schema initialized.
2026-06-19 19:13:34 - huginn - INFO - EngagementDatabase connected: C:\Users\allie\AppData\Local\Temp\pytest-of-allie\pytest-38\test_transition_records_histor0\engagements\bd9db9ba-58d4-436f-9e8a-e198ccfc53c4\engagement.db (pool_size=5)
2026-06-19 19:13:34 - huginn - INFO - EngagementDatabase schema created: C:\Users\allie\AppData\Local\Temp\pytest-of-allie\pytest-38\test_transition_records_histor0\engagements\bd9db9ba-58d4-436f-9e8a-e198ccfc53c4\engagement.db
2026-06-19 19:13:34 - huginn - INFO - EngagementDatabase closed: C:\Users\allie\AppData\Local\Temp\pytest-of-allie\pytest-38\test_transition_records_histor0\engagements\bd9db9ba-58d4-436f-9e8a-e198ccfc53c4\engagement.db (5 connections)
2026-06-19 19:13:34 - huginn - INFO - Engagement created: bd9db9ba-58d4-436f-9e8a-e198ccfc53c4 (History)
2026-06-19 19:13:34 - huginn - INFO - State transition: bd9db9ba-58d4-436f-9e8a-e198ccfc53c4 draft -> scoping
2026-06-19 19:13:34 - huginn - INFO - State transition: bd9db9ba-58d4-436f-9e8a-e198ccfc53c4 scoping -> active
2026-06-19 19:13:34 - huginn - INFO - EngagementManager closed.
2026-06-19 19:13:34 - huginn - INFO - Master index schema initialized.
2026-06-19 19:13:34 - huginn - ERROR - Cannot transition state: engagement fake-id not found.
2026-06-19 19:13:34 - huginn - INFO - EngagementManager closed.
2026-06-19 19:13:34 - huginn - INFO - Master index schema initialized.
2026-06-19 19:13:34 - huginn - INFO - EngagementDatabase connected: C:\Users\allie\AppData\Local\Temp\pytest-of-allie\pytest-38\test_all_valid_transitions_suc0\engagements\b14b09dd-4bb6-4e23-a94b-5cdb87a32659\engagement.db (pool_size=5)
2026-06-19 19:13:34 - huginn - INFO - EngagementDatabase schema created: C:\Users\allie\AppData\Local\Temp\pytest-of-allie\pytest-38\test_all_valid_transitions_suc0\engagements\b14b09dd-4bb6-4e23-a94b-5cdb87a32659\engagement.db
2026-06-19 19:13:34 - huginn - INFO - EngagementDatabase closed: C:\Users\allie\AppData\Local\Temp\pytest-of-allie\pytest-38\test_all_valid_transitions_suc0\engagements\b14b09dd-4bb6-4e23-a94b-5cdb87a32659\engagement.db (5 connections)
2026-06-19 19:13:34 - huginn - INFO - Engagement created: b14b09dd-4bb6-4e23-a94b-5cdb87a32659 (draft->scoping)
2026-06-19 19:13:34 - huginn - INFO - State transition: b14b09dd-4bb6-4e23-a94b-5cdb87a32659 draft -> scoping
2026-06-19 19:13:34 - huginn - INFO - EngagementDatabase connected: C:\Users\allie\AppData\Local\Temp\pytest-of-allie\pytest-38\test_all_valid_transitions_suc0\engagements\5ab79bd5-18d8-4d0f-882f-dae488cb39c0\engagement.db (pool_size=5)
2026-06-19 19:13:34 - huginn - INFO - EngagementDatabase schema created: C:\Users\allie\AppData\Local\Temp\pytest-of-allie\pytest-38\test_all_valid_transitions_suc0\engagements\5ab79bd5-18d8-4d0f-882f-dae488cb39c0\engagement.db
2026-06-19 19:13:34 - huginn - INFO - EngagementDatabase closed: C:\Users\allie\AppData\Local\Temp\pytest-of-allie\pytest-38\test_all_valid_transitions_suc0\engagements\5ab79bd5-18d8-4d0f-882f-dae488cb39c0\engagement.db (5 connections)
2026-06-19 19:13:34 - huginn - INFO - Engagement created: 5ab79bd5-18d8-4d0f-882f-dae488cb39c0 (scoping->active)
2026-06-19 19:13:34 - huginn - INFO - State transition: 5ab79bd5-18d8-4d0f-882f-dae488cb39c0 draft -> scoping
2026-06-19 19:13:34 - huginn - INFO - State transition: 5ab79bd5-18d8-4d0f-882f-dae488cb39c0 scoping -> active
2026-06-19 19:13:34 - huginn - INFO - EngagementDatabase connected: C:\Users\allie\AppData\Local\Temp\pytest-of-allie\pytest-38\test_all_valid_transitions_suc0\engagements\5248ca89-0d5c-4f7c-a22d-179497490cbe\engagement.db (pool_size=5)
2026-06-19 19:13:34 - huginn - INFO - EngagementDatabase schema created: C:\Users\allie\AppData\Local\Temp\pytest-of-allie\pytest-38\test_all_valid_transitions_suc0\engagements\5248ca89-0d5c-4f7c-a22d-179497490cbe\engagement.db
2026-06-19 19:13:34 - huginn - INFO - EngagementDatabase closed: C:\Users\allie\AppData\Local\Temp\pytest-of-allie\pytest-38\test_all_valid_transitions_suc0\engagements\5248ca89-0d5c-4f7c-a22d-179497490cbe\engagement.db (5 connections)
2026-06-19 19:13:34 - huginn - INFO - Engagement created: 5248ca89-0d5c-4f7c-a22d-179497490cbe (active->paused)
2026-06-19 19:13:34 - huginn - INFO - State transition: 5248ca89-0d5c-4f7c-a22d-179497490cbe draft -> scoping
2026-06-19 19:13:34 - huginn - INFO - State transition: 5248ca89-0d5c-4f7c-a22d-179497490cbe scoping -> active
2026-06-19 19:13:34 - huginn - INFO - State transition: 5248ca89-0d5c-4f7c-a22d-179497490cbe active -> paused
2026-06-19 19:13:34 - huginn - INFO - EngagementDatabase connected: C:\Users\allie\AppData\Local\Temp\pytest-of-allie\pytest-38\test_all_valid_transitions_suc0\engagements\e2f2dc49-089d-44a0-a512-b6e7fa8cd1ae\engagement.db (pool_size=5)
2026-06-19 19:13:34 - huginn - INFO - EngagementDatabase schema created: C:\Users\allie\AppData\Local\Temp\pytest-of-allie\pytest-38\test_all_valid_transitions_suc0\engagements\e2f2dc49-089d-44a0-a512-b6e7fa8cd1ae\engagement.db
2026-06-19 19:13:34 - huginn - INFO - EngagementDatabase closed: C:\Users\allie\AppData\Local\Temp\pytest-of-allie\pytest-38\test_all_valid_transitions_suc0\engagements\e2f2dc49-089d-44a0-a512-b6e7fa8cd1ae\engagement.db (5 connections)
2026-06-19 19:13:34 - huginn - INFO - Engagement created: e2f2dc49-089d-44a0-a512-b6e7fa8cd1ae (active->retest)
2026-06-19 19:13:34 - huginn - INFO - State transition: e2f2dc49-089d-44a0-a512-b6e7fa8cd1ae draft -> scoping
2026-06-19 19:13:34 - huginn - INFO - State transition: e2f2dc49-089d-44a0-a512-b6e7fa8cd1ae scoping -> active
2026-06-19 19:13:34 - huginn - INFO - State transition: e2f2dc49-089d-44a0-a512-b6e7fa8cd1ae active -> retest
2026-06-19 19:13:34 - huginn - INFO - EngagementDatabase connected: C:\Users\allie\AppData\Local\Temp\pytest-of-allie\pytest-38\test_all_valid_transitions_suc0\engagements\516a8341-68cf-4b19-b5ec-4ffaddf40c00\engagement.db (pool_size=5)
2026-06-19 19:13:34 - huginn - INFO - EngagementDatabase schema created: C:\Users\allie\AppData\Local\Temp\pytest-of-allie\pytest-38\test_all_valid_transitions_suc0\engagements\516a8341-68cf-4b19-b5ec-4ffaddf40c00\engagement.db
2026-06-19 19:13:34 - huginn - INFO - EngagementDatabase closed: C:\Users\allie\AppData\Local\Temp\pytest-of-allie\pytest-38\test_all_valid_transitions_suc0\engagements\516a8341-68cf-4b19-b5ec-4ffaddf40c00\engagement.db (5 connections)
2026-06-19 19:13:34 - huginn - INFO - Engagement created: 516a8341-68cf-4b19-b5ec-4ffaddf40c00 (active->reporting)
2026-06-19 19:13:34 - huginn - INFO - State transition: 516a8341-68cf-4b19-b5ec-4ffaddf40c00 draft -> scoping
2026-06-19 19:13:34 - huginn - INFO - State transition: 516a8341-68cf-4b19-b5ec-4ffaddf40c00 scoping -> active
2026-06-19 19:13:34 - huginn - INFO - State transition: 516a8341-68cf-4b19-b5ec-4ffaddf40c00 active -> reporting
2026-06-19 19:13:34 - huginn - INFO - EngagementDatabase connected: C:\Users\allie\AppData\Local\Temp\pytest-of-allie\pytest-38\test_all_valid_transitions_suc0\engagements\fb355ddb-8bbe-49bd-997e-cb86db6bfeb1\engagement.db (pool_size=5)
2026-06-19 19:13:34 - huginn - INFO - EngagementDatabase schema created: C:\Users\allie\AppData\Local\Temp\pytest-of-allie\pytest-38\test_all_valid_transitions_suc0\engagements\fb355ddb-8bbe-49bd-997e-cb86db6bfeb1\engagement.db
2026-06-19 19:13:34 - huginn - INFO - EngagementDatabase closed: C:\Users\allie\AppData\Local\Temp\pytest-of-allie\pytest-38\test_all_valid_transitions_suc0\engagements\fb355ddb-8bbe-49bd-997e-cb86db6bfeb1\engagement.db (5 connections)
2026-06-19 19:13:34 - huginn - INFO - Engagement created: fb355ddb-8bbe-49bd-997e-cb86db6bfeb1 (paused->active)
2026-06-19 19:13:34 - huginn - INFO - State transition: fb355ddb-8bbe-49bd-997e-cb86db6bfeb1 draft -> scoping
2026-06-19 19:13:34 - huginn - INFO - State transition: fb355ddb-8bbe-49bd-997e-cb86db6bfeb1 scoping -> active
2026-06-19 19:13:34 - huginn - INFO - State transition: fb355ddb-8bbe-49bd-997e-cb86db6bfeb1 active -> paused
2026-06-19 19:13:34 - huginn - INFO - State transition: fb355ddb-8bbe-49bd-997e-cb86db6bfeb1 paused -> active
2026-06-19 19:13:34 - huginn - INFO - EngagementDatabase connected: C:\Users\allie\AppData\Local\Temp\pytest-of-allie\pytest-38\test_all_valid_transitions_suc0\engagements\53c047d5-8335-417b-9d57-8107c017e887\engagement.db (pool_size=5)
2026-06-19 19:13:34 - huginn - INFO - EngagementDatabase schema created: C:\Users\allie\AppData\Local\Temp\pytest-of-allie\pytest-38\test_all_valid_transitions_suc0\engagements\53c047d5-8335-417b-9d57-8107c017e887\engagement.db
2026-06-19 19:13:34 - huginn - INFO - EngagementDatabase closed: C:\Users\allie\AppData\Local\Temp\pytest-of-allie\pytest-38\test_all_valid_transitions_suc0\engagements\53c047d5-8335-417b-9d57-8107c017e887\engagement.db (5 connections)
2026-06-19 19:13:34 - huginn - INFO - Engagement created: 53c047d5-8335-417b-9d57-8107c017e887 (paused->closed)
2026-06-19 19:13:34 - huginn - INFO - State transition: 53c047d5-8335-417b-9d57-8107c017e887 draft -> scoping
2026-06-19 19:13:34 - huginn - INFO - State transition: 53c047d5-8335-417b-9d57-8107c017e887 scoping -> active
2026-06-19 19:13:34 - huginn - INFO - State transition: 53c047d5-8335-417b-9d57-8107c017e887 active -> paused
2026-06-19 19:13:34 - huginn - INFO - State transition: 53c047d5-8335-417b-9d57-8107c017e887 paused -> closed
2026-06-19 19:13:34 - huginn - INFO - EngagementDatabase connected: C:\Users\allie\AppData\Local\Temp\pytest-of-allie\pytest-38\test_all_valid_transitions_suc0\engagements\bcf1e303-b417-4537-b840-6c831ab0980b\engagement.db (pool_size=5)
2026-06-19 19:13:34 - huginn - INFO - EngagementDatabase schema created: C:\Users\allie\AppData\Local\Temp\pytest-of-allie\pytest-38\test_all_valid_transitions_suc0\engagements\bcf1e303-b417-4537-b840-6c831ab0980b\engagement.db
2026-06-19 19:13:34 - huginn - INFO - EngagementDatabase closed: C:\Users\allie\AppData\Local\Temp\pytest-of-allie\pytest-38\test_all_valid_transitions_suc0\engagements\bcf1e303-b417-4537-b840-6c831ab0980b\engagement.db (5 connections)
2026-06-19 19:13:34 - huginn - INFO - Engagement created: bcf1e303-b417-4537-b840-6c831ab0980b (retest->reporting)
2026-06-19 19:13:34 - huginn - INFO - State transition: bcf1e303-b417-4537-b840-6c831ab0980b draft -> scoping
2026-06-19 19:13:34 - huginn - INFO - State transition: bcf1e303-b417-4537-b840-6c831ab0980b scoping -> active
2026-06-19 19:13:34 - huginn - INFO - State transition: bcf1e303-b417-4537-b840-6c831ab0980b active -> retest
2026-06-19 19:13:34 - huginn - INFO - State transition: bcf1e303-b417-4537-b840-6c831ab0980b retest -> reporting
2026-06-19 19:13:34 - huginn - INFO - EngagementDatabase connected: C:\Users\allie\AppData\Local\Temp\pytest-of-allie\pytest-38\test_all_valid_transitions_suc0\engagements\d79778bc-8057-4674-a083-89836b64db38\engagement.db (pool_size=5)
2026-06-19 19:13:34 - huginn - INFO - EngagementDatabase schema created: C:\Users\allie\AppData\Local\Temp\pytest-of-allie\pytest-38\test_all_valid_transitions_suc0\engagements\d79778bc-8057-4674-a083-89836b64db38\engagement.db
2026-06-19 19:13:34 - huginn - INFO - EngagementDatabase closed: C:\Users\allie\AppData\Local\Temp\pytest-of-allie\pytest-38\test_all_valid_transitions_suc0\engagements\d79778bc-8057-4674-a083-89836b64db38\engagement.db (5 connections)
2026-06-19 19:13:34 - huginn - INFO - Engagement created: d79778bc-8057-4674-a083-89836b64db38 (retest->active)
2026-06-19 19:13:34 - huginn - INFO - State transition: d79778bc-8057-4674-a083-89836b64db38 draft -> scoping
2026-06-19 19:13:34 - huginn - INFO - State transition: d79778bc-8057-4674-a083-89836b64db38 scoping -> active
2026-06-19 19:13:34 - huginn - INFO - State transition: d79778bc-8057-4674-a083-89836b64db38 active -> retest
2026-06-19 19:13:34 - huginn - INFO - State transition: d79778bc-8057-4674-a083-89836b64db38 retest -> active
2026-06-19 19:13:34 - huginn - INFO - EngagementDatabase connected: C:\Users\allie\AppData\Local\Temp\pytest-of-allie\pytest-38\test_all_valid_transitions_suc0\engagements\6c947b3e-ae67-4acd-8a13-556f9003007a\engagement.db (pool_size=5)
2026-06-19 19:13:34 - huginn - INFO - EngagementDatabase schema created: C:\Users\allie\AppData\Local\Temp\pytest-of-allie\pytest-38\test_all_valid_transitions_suc0\engagements\6c947b3e-ae67-4acd-8a13-556f9003007a\engagement.db
2026-06-19 19:13:34 - huginn - INFO - EngagementDatabase closed: C:\Users\allie\AppData\Local\Temp\pytest-of-allie\pytest-38\test_all_valid_transitions_suc0\engagements\6c947b3e-ae67-4acd-8a13-556f9003007a\engagement.db (5 connections)
2026-06-19 19:13:34 - huginn - INFO - Engagement created: 6c947b3e-ae67-4acd-8a13-556f9003007a (reporting->closed)
2026-06-19 19:13:34 - huginn - INFO - State transition: 6c947b3e-ae67-4acd-8a13-556f9003007a draft -> scoping
2026-06-19 19:13:34 - huginn - INFO - State transition: 6c947b3e-ae67-4acd-8a13-556f9003007a scoping -> active
2026-06-19 19:13:34 - huginn - INFO - State transition: 6c947b3e-ae67-4acd-8a13-556f9003007a active -> reporting
2026-06-19 19:13:34 - huginn - INFO - State transition: 6c947b3e-ae67-4acd-8a13-556f9003007a reporting -> closed
2026-06-19 19:13:34 - huginn - INFO - EngagementDatabase connected: C:\Users\allie\AppData\Local\Temp\pytest-of-allie\pytest-38\test_all_valid_transitions_suc0\engagements\ecde617a-8a86-4017-bc93-d9f87945c8e2\engagement.db (pool_size=5)
2026-06-19 19:13:34 - huginn - INFO - EngagementDatabase schema created: C:\Users\allie\AppData\Local\Temp\pytest-of-allie\pytest-38\test_all_valid_transitions_suc0\engagements\ecde617a-8a86-4017-bc93-d9f87945c8e2\engagement.db
2026-06-19 19:13:34 - huginn - INFO - EngagementDatabase closed: C:\Users\allie\AppData\Local\Temp\pytest-of-allie\pytest-38\test_all_valid_transitions_suc0\engagements\ecde617a-8a86-4017-bc93-d9f87945c8e2\engagement.db (5 connections)
2026-06-19 19:13:34 - huginn - INFO - Engagement created: ecde617a-8a86-4017-bc93-d9f87945c8e2 (reporting->retest)
2026-06-19 19:13:34 - huginn - INFO - State transition: ecde617a-8a86-4017-bc93-d9f87945c8e2 draft -> scoping
2026-06-19 19:13:34 - huginn - INFO - State transition: ecde617a-8a86-4017-bc93-d9f87945c8e2 scoping -> active
2026-06-19 19:13:34 - huginn - INFO - State transition: ecde617a-8a86-4017-bc93-d9f87945c8e2 active -> reporting
2026-06-19 19:13:34 - huginn - INFO - State transition: ecde617a-8a86-4017-bc93-d9f87945c8e2 reporting -> retest
2026-06-19 19:13:34 - huginn - INFO - EngagementManager closed.
2026-06-19 19:13:34 - huginn - INFO - Master index schema initialized.
2026-06-19 19:13:34 - huginn - INFO - EngagementDatabase connected: C:\Users\allie\AppData\Local\Temp\pytest-of-allie\pytest-38\test_open_engagement_success0\engagements\02a67655-a569-4d2d-b792-9250bb74b508\engagement.db (pool_size=5)
2026-06-19 19:13:34 - huginn - INFO - EngagementDatabase schema created: C:\Users\allie\AppData\Local\Temp\pytest-of-allie\pytest-38\test_open_engagement_success0\engagements\02a67655-a569-4d2d-b792-9250bb74b508\engagement.db
2026-06-19 19:13:34 - huginn - INFO - EngagementDatabase closed: C:\Users\allie\AppData\Local\Temp\pytest-of-allie\pytest-38\test_open_engagement_success0\engagements\02a67655-a569-4d2d-b792-9250bb74b508\engagement.db (5 connections)
2026-06-19 19:13:34 - huginn - INFO - Engagement created: 02a67655-a569-4d2d-b792-9250bb74b508 (Open Test)
2026-06-19 19:13:34 - huginn - INFO - EngagementDatabase connected: C:\Users\allie\AppData\Local\Temp\pytest-of-allie\pytest-38\test_open_engagement_success0\engagements\02a67655-a569-4d2d-b792-9250bb74b508\engagement.db (pool_size=5)
2026-06-19 19:13:34 - huginn - INFO - Engagement opened: 02a67655-a569-4d2d-b792-9250bb74b508
2026-06-19 19:13:34 - huginn - INFO - EngagementDatabase closed: C:\Users\allie\AppData\Local\Temp\pytest-of-allie\pytest-38\test_open_engagement_success0\engagements\02a67655-a569-4d2d-b792-9250bb74b508\engagement.db (5 connections)
2026-06-19 19:13:34 - huginn - INFO - Active engagement closed.
2026-06-19 19:13:34 - huginn - INFO - EngagementManager closed.
2026-06-19 19:13:34 - huginn - INFO - Master index schema initialized.
2026-06-19 19:13:34 - huginn - ERROR - Engagement not found: nonexistent-id
2026-06-19 19:13:34 - huginn - INFO - EngagementManager closed.
2026-06-19 19:13:34 - huginn - INFO - Master index schema initialized.
2026-06-19 19:13:34 - huginn - INFO - EngagementDatabase connected: C:\Users\allie\AppData\Local\Temp\pytest-of-allie\pytest-38\test_open_closes_previous_enga0\engagements\ad90efa6-5cb7-44fd-aeff-821f273e85ed\engagement.db (pool_size=5)
2026-06-19 19:13:34 - huginn - INFO - EngagementDatabase schema created: C:\Users\allie\AppData\Local\Temp\pytest-of-allie\pytest-38\test_open_closes_previous_enga0\engagements\ad90efa6-5cb7-44fd-aeff-821f273e85ed\engagement.db
2026-06-19 19:13:34 - huginn - INFO - EngagementDatabase closed: C:\Users\allie\AppData\Local\Temp\pytest-of-allie\pytest-38\test_open_closes_previous_enga0\engagements\ad90efa6-5cb7-44fd-aeff-821f273e85ed\engagement.db (5 connections)
2026-06-19 19:13:34 - huginn - INFO - Engagement created: ad90efa6-5cb7-44fd-aeff-821f273e85ed (First)
2026-06-19 19:13:34 - huginn - INFO - EngagementDatabase connected: C:\Users\allie\AppData\Local\Temp\pytest-of-allie\pytest-38\test_open_closes_previous_enga0\engagements\510d62d5-6730-427c-8c67-59869c9c7b3f\engagement.db (pool_size=5)
2026-06-19 19:13:35 - huginn - INFO - EngagementDatabase schema created: C:\Users\allie\AppData\Local\Temp\pytest-of-allie\pytest-38\test_open_closes_previous_enga0\engagements\510d62d5-6730-427c-8c67-59869c9c7b3f\engagement.db
2026-06-19 19:13:35 - huginn - INFO - EngagementDatabase closed: C:\Users\allie\AppData\Local\Temp\pytest-of-allie\pytest-38\test_open_closes_previous_enga0\engagements\510d62d5-6730-427c-8c67-59869c9c7b3f\engagement.db (5 connections)
2026-06-19 19:13:35 - huginn - INFO - Engagement created: 510d62d5-6730-427c-8c67-59869c9c7b3f (Second)
2026-06-19 19:13:35 - huginn - INFO - EngagementDatabase connected: C:\Users\allie\AppData\Local\Temp\pytest-of-allie\pytest-38\test_open_closes_previous_enga0\engagements\ad90efa6-5cb7-44fd-aeff-821f273e85ed\engagement.db (pool_size=5)
2026-06-19 19:13:35 - huginn - INFO - Engagement opened: ad90efa6-5cb7-44fd-aeff-821f273e85ed
2026-06-19 19:13:35 - huginn - INFO - EngagementDatabase closed: C:\Users\allie\AppData\Local\Temp\pytest-of-allie\pytest-38\test_open_closes_previous_enga0\engagements\ad90efa6-5cb7-44fd-aeff-821f273e85ed\engagement.db (5 connections)
2026-06-19 19:13:35 - huginn - INFO - EngagementDatabase connected: C:\Users\allie\AppData\Local\Temp\pytest-of-allie\pytest-38\test_open_closes_previous_enga0\engagements\510d62d5-6730-427c-8c67-59869c9c7b3f\engagement.db (pool_size=5)
2026-06-19 19:13:35 - huginn - INFO - Engagement opened: 510d62d5-6730-427c-8c67-59869c9c7b3f
2026-06-19 19:13:35 - huginn - INFO - EngagementDatabase closed: C:\Users\allie\AppData\Local\Temp\pytest-of-allie\pytest-38\test_open_closes_previous_enga0\engagements\510d62d5-6730-427c-8c67-59869c9c7b3f\engagement.db (5 connections)
2026-06-19 19:13:35 - huginn - INFO - Active engagement closed.
2026-06-19 19:13:35 - huginn - INFO - EngagementManager closed.
2026-06-19 19:13:35 - huginn - INFO - Master index schema initialized.
2026-06-19 19:13:35 - huginn - INFO - EngagementDatabase connected: C:\Users\allie\AppData\Local\Temp\pytest-of-allie\pytest-38\test_add_and_get_document0\engagements\72816939-d30d-436c-9b0d-648c1cf064af\engagement.db (pool_size=5)
2026-06-19 19:13:35 - huginn - INFO - EngagementDatabase schema created: C:\Users\allie\AppData\Local\Temp\pytest-of-allie\pytest-38\test_add_and_get_document0\engagements\72816939-d30d-436c-9b0d-648c1cf064af\engagement.db
2026-06-19 19:13:35 - huginn - INFO - EngagementDatabase closed: C:\Users\allie\AppData\Local\Temp\pytest-of-allie\pytest-38\test_add_and_get_document0\engagements\72816939-d30d-436c-9b0d-648c1cf064af\engagement.db (5 connections)
2026-06-19 19:13:35 - huginn - INFO - Engagement created: 72816939-d30d-436c-9b0d-648c1cf064af (Doc Test)
2026-06-19 19:13:35 - huginn - INFO - EngagementDatabase connected: C:\Users\allie\AppData\Local\Temp\pytest-of-allie\pytest-38\test_add_and_get_document0\engagements\72816939-d30d-436c-9b0d-648c1cf064af\engagement.db (pool_size=5)
2026-06-19 19:13:35 - huginn - INFO - Engagement opened: 72816939-d30d-436c-9b0d-648c1cf064af
2026-06-19 19:13:35 - huginn - DEBUG - Document added: scope.pdf (type=scope)
2026-06-19 19:13:35 - huginn - INFO - EngagementDatabase closed: C:\Users\allie\AppData\Local\Temp\pytest-of-allie\pytest-38\test_add_and_get_document0\engagements\72816939-d30d-436c-9b0d-648c1cf064af\engagement.db (5 connections)
2026-06-19 19:13:35 - huginn - INFO - Active engagement closed.
2026-06-19 19:13:35 - huginn - INFO - EngagementManager closed.
2026-06-19 19:13:35 - huginn - INFO - Master index schema initialized.
2026-06-19 19:13:35 - huginn - INFO - EngagementDatabase connected: C:\Users\allie\AppData\Local\Temp\pytest-of-allie\pytest-38\test_get_document_content0\engagements\1aae4cc1-acd1-47de-89f6-7c360a201aa4\engagement.db (pool_size=5)
2026-06-19 19:13:35 - huginn - INFO - EngagementDatabase schema created: C:\Users\allie\AppData\Local\Temp\pytest-of-allie\pytest-38\test_get_document_content0\engagements\1aae4cc1-acd1-47de-89f6-7c360a201aa4\engagement.db
2026-06-19 19:13:35 - huginn - INFO - EngagementDatabase closed: C:\Users\allie\AppData\Local\Temp\pytest-of-allie\pytest-38\test_get_document_content0\engagements\1aae4cc1-acd1-47de-89f6-7c360a201aa4\engagement.db (5 connections)
2026-06-19 19:13:35 - huginn - INFO - Engagement created: 1aae4cc1-acd1-47de-89f6-7c360a201aa4 (Doc Test)
2026-06-19 19:13:35 - huginn - INFO - EngagementDatabase connected: C:\Users\allie\AppData\Local\Temp\pytest-of-allie\pytest-38\test_get_document_content0\engagements\1aae4cc1-acd1-47de-89f6-7c360a201aa4\engagement.db (pool_size=5)
2026-06-19 19:13:35 - huginn - INFO - Engagement opened: 1aae4cc1-acd1-47de-89f6-7c360a201aa4
2026-06-19 19:13:35 - huginn - DEBUG - Document added: test.bin (type=other)
2026-06-19 19:13:35 - huginn - INFO - EngagementDatabase closed: C:\Users\allie\AppData\Local\Temp\pytest-of-allie\pytest-38\test_get_document_content0\engagements\1aae4cc1-acd1-47de-89f6-7c360a201aa4\engagement.db (5 connections)
2026-06-19 19:13:35 - huginn - INFO - Active engagement closed.
2026-06-19 19:13:35 - huginn - INFO - EngagementManager closed.
2026-06-19 19:13:35 - huginn - INFO - Master index schema initialized.
2026-06-19 19:13:35 - huginn - INFO - EngagementDatabase connected: C:\Users\allie\AppData\Local\Temp\pytest-of-allie\pytest-38\test_filter_documents_by_type0\engagements\e6d4e0b9-5138-4a6e-84c5-ba809ee4a7ef\engagement.db (pool_size=5)
2026-06-19 19:13:35 - huginn - INFO - EngagementDatabase schema created: C:\Users\allie\AppData\Local\Temp\pytest-of-allie\pytest-38\test_filter_documents_by_type0\engagements\e6d4e0b9-5138-4a6e-84c5-ba809ee4a7ef\engagement.db
2026-06-19 19:13:35 - huginn - INFO - EngagementDatabase closed: C:\Users\allie\AppData\Local\Temp\pytest-of-allie\pytest-38\test_filter_documents_by_type0\engagements\e6d4e0b9-5138-4a6e-84c5-ba809ee4a7ef\engagement.db (5 connections)
2026-06-19 19:13:35 - huginn - INFO - Engagement created: e6d4e0b9-5138-4a6e-84c5-ba809ee4a7ef (Doc Test)
2026-06-19 19:13:35 - huginn - INFO - EngagementDatabase connected: C:\Users\allie\AppData\Local\Temp\pytest-of-allie\pytest-38\test_filter_documents_by_type0\engagements\e6d4e0b9-5138-4a6e-84c5-ba809ee4a7ef\engagement.db (pool_size=5)
2026-06-19 19:13:35 - huginn - INFO - Engagement opened: e6d4e0b9-5138-4a6e-84c5-ba809ee4a7ef
2026-06-19 19:13:35 - huginn - DEBUG - Document added: scope.pdf (type=scope)
2026-06-19 19:13:35 - huginn - DEBUG - Document added: nda.pdf (type=nda)
2026-06-19 19:13:35 - huginn - INFO - EngagementDatabase closed: C:\Users\allie\AppData\Local\Temp\pytest-of-allie\pytest-38\test_filter_documents_by_type0\engagements\e6d4e0b9-5138-4a6e-84c5-ba809ee4a7ef\engagement.db (5 connections)
2026-06-19 19:13:35 - huginn - INFO - Active engagement closed.
2026-06-19 19:13:35 - huginn - INFO - EngagementManager closed.
2026-06-19 19:13:35 - huginn - INFO - Master index schema initialized.
2026-06-19 19:13:35 - huginn - INFO - EngagementDatabase connected: C:\Users\allie\AppData\Local\Temp\pytest-of-allie\pytest-38\test_delete_document0\engagements\af68ee41-866a-431c-9c97-165537c21b44\engagement.db (pool_size=5)
2026-06-19 19:13:35 - huginn - INFO - EngagementDatabase schema created: C:\Users\allie\AppData\Local\Temp\pytest-of-allie\pytest-38\test_delete_document0\engagements\af68ee41-866a-431c-9c97-165537c21b44\engagement.db
2026-06-19 19:13:35 - huginn - INFO - EngagementDatabase closed: C:\Users\allie\AppData\Local\Temp\pytest-of-allie\pytest-38\test_delete_document0\engagements\af68ee41-866a-431c-9c97-165537c21b44\engagement.db (5 connections)
2026-06-19 19:13:35 - huginn - INFO - Engagement created: af68ee41-866a-431c-9c97-165537c21b44 (Doc Test)
2026-06-19 19:13:35 - huginn - INFO - EngagementDatabase connected: C:\Users\allie\AppData\Local\Temp\pytest-of-allie\pytest-38\test_delete_document0\engagements\af68ee41-866a-431c-9c97-165537c21b44\engagement.db (pool_size=5)
2026-06-19 19:13:35 - huginn - INFO - Engagement opened: af68ee41-866a-431c-9c97-165537c21b44
2026-06-19 19:13:35 - huginn - DEBUG - Document added: del.pdf (type=other)
2026-06-19 19:13:35 - huginn - INFO - EngagementDatabase closed: C:\Users\allie\AppData\Local\Temp\pytest-of-allie\pytest-38\test_delete_document0\engagements\af68ee41-866a-431c-9c97-165537c21b44\engagement.db (5 connections)
2026-06-19 19:13:35 - huginn - INFO - Active engagement closed.
2026-06-19 19:13:35 - huginn - INFO - EngagementManager closed.
2026-06-19 19:13:35 - huginn - INFO - Master index schema initialized.
2026-06-19 19:13:35 - huginn - INFO - EngagementDatabase connected: C:\Users\allie\AppData\Local\Temp\pytest-of-allie\pytest-38\test_add_and_list_contacts0\engagements\5f2040b7-8bc2-40ca-9e5c-563a1005a1bd\engagement.db (pool_size=5)
2026-06-19 19:13:35 - huginn - INFO - EngagementDatabase schema created: C:\Users\allie\AppData\Local\Temp\pytest-of-allie\pytest-38\test_add_and_list_contacts0\engagements\5f2040b7-8bc2-40ca-9e5c-563a1005a1bd\engagement.db
2026-06-19 19:13:35 - huginn - INFO - EngagementDatabase closed: C:\Users\allie\AppData\Local\Temp\pytest-of-allie\pytest-38\test_add_and_list_contacts0\engagements\5f2040b7-8bc2-40ca-9e5c-563a1005a1bd\engagement.db (5 connections)
2026-06-19 19:13:35 - huginn - INFO - Engagement created: 5f2040b7-8bc2-40ca-9e5c-563a1005a1bd (Contact Test)
2026-06-19 19:13:35 - huginn - INFO - EngagementDatabase connected: C:\Users\allie\AppData\Local\Temp\pytest-of-allie\pytest-38\test_add_and_list_contacts0\engagements\5f2040b7-8bc2-40ca-9e5c-563a1005a1bd\engagement.db (pool_size=5)
2026-06-19 19:13:35 - huginn - INFO - Engagement opened: 5f2040b7-8bc2-40ca-9e5c-563a1005a1bd
2026-06-19 19:13:35 - huginn - DEBUG - Contact added: John Doe (CTO)
2026-06-19 19:13:35 - huginn - INFO - EngagementDatabase closed: C:\Users\allie\AppData\Local\Temp\pytest-of-allie\pytest-38\test_add_and_list_contacts0\engagements\5f2040b7-8bc2-40ca-9e5c-563a1005a1bd\engagement.db (5 connections)
2026-06-19 19:13:35 - huginn - INFO - Active engagement closed.
2026-06-19 19:13:35 - huginn - INFO - EngagementManager closed.
2026-06-19 19:13:35 - huginn - INFO - Master index schema initialized.
2026-06-19 19:13:35 - huginn - INFO - EngagementDatabase connected: C:\Users\allie\AppData\Local\Temp\pytest-of-allie\pytest-38\test_update_contact0\engagements\e84baa5c-80e2-4ad0-9d86-26ec4c3273ac\engagement.db (pool_size=5)
2026-06-19 19:13:35 - huginn - INFO - EngagementDatabase schema created: C:\Users\allie\AppData\Local\Temp\pytest-of-allie\pytest-38\test_update_contact0\engagements\e84baa5c-80e2-4ad0-9d86-26ec4c3273ac\engagement.db
2026-06-19 19:13:35 - huginn - INFO - EngagementDatabase closed: C:\Users\allie\AppData\Local\Temp\pytest-of-allie\pytest-38\test_update_contact0\engagements\e84baa5c-80e2-4ad0-9d86-26ec4c3273ac\engagement.db (5 connections)
2026-06-19 19:13:35 - huginn - INFO - Engagement created: e84baa5c-80e2-4ad0-9d86-26ec4c3273ac (Contact Test)
2026-06-19 19:13:35 - huginn - INFO - EngagementDatabase connected: C:\Users\allie\AppData\Local\Temp\pytest-of-allie\pytest-38\test_update_contact0\engagements\e84baa5c-80e2-4ad0-9d86-26ec4c3273ac\engagement.db (pool_size=5)
2026-06-19 19:13:35 - huginn - INFO - Engagement opened: e84baa5c-80e2-4ad0-9d86-26ec4c3273ac
2026-06-19 19:13:35 - huginn - DEBUG - Contact added: Jane (PM)
2026-06-19 19:13:35 - huginn - INFO - EngagementDatabase closed: C:\Users\allie\AppData\Local\Temp\pytest-of-allie\pytest-38\test_update_contact0\engagements\e84baa5c-80e2-4ad0-9d86-26ec4c3273ac\engagement.db (5 connections)
2026-06-19 19:13:35 - huginn - INFO - Active engagement closed.
2026-06-19 19:13:35 - huginn - INFO - EngagementManager closed.
2026-06-19 19:13:35 - huginn - INFO - Master index schema initialized.
2026-06-19 19:13:35 - huginn - INFO - EngagementDatabase connected: C:\Users\allie\AppData\Local\Temp\pytest-of-allie\pytest-38\test_delete_contact0\engagements\b38d962e-c919-4822-b97c-222653eed762\engagement.db (pool_size=5)
2026-06-19 19:13:35 - huginn - INFO - EngagementDatabase schema created: C:\Users\allie\AppData\Local\Temp\pytest-of-allie\pytest-38\test_delete_contact0\engagements\b38d962e-c919-4822-b97c-222653eed762\engagement.db
2026-06-19 19:13:35 - huginn - INFO - EngagementDatabase closed: C:\Users\allie\AppData\Local\Temp\pytest-of-allie\pytest-38\test_delete_contact0\engagements\b38d962e-c919-4822-b97c-222653eed762\engagement.db (5 connections)
2026-06-19 19:13:35 - huginn - INFO - Engagement created: b38d962e-c919-4822-b97c-222653eed762 (Contact Test)
2026-06-19 19:13:35 - huginn - INFO - EngagementDatabase connected: C:\Users\allie\AppData\Local\Temp\pytest-of-allie\pytest-38\test_delete_contact0\engagements\b38d962e-c919-4822-b97c-222653eed762\engagement.db (pool_size=5)
2026-06-19 19:13:35 - huginn - INFO - Engagement opened: b38d962e-c919-4822-b97c-222653eed762
2026-06-19 19:13:35 - huginn - DEBUG - Contact added: Delete Me (None)
2026-06-19 19:13:35 - huginn - INFO - EngagementDatabase closed: C:\Users\allie\AppData\Local\Temp\pytest-of-allie\pytest-38\test_delete_contact0\engagements\b38d962e-c919-4822-b97c-222653eed762\engagement.db (5 connections)
2026-06-19 19:13:35 - huginn - INFO - Active engagement closed.
2026-06-19 19:13:35 - huginn - INFO - EngagementManager closed.
2026-06-19 19:13:35 - huginn - INFO - Master index schema initialized.
2026-06-19 19:13:35 - huginn - INFO - EngagementDatabase connected: C:\Users\allie\AppData\Local\Temp\pytest-of-allie\pytest-38\test_set_and_get_roe0\engagements\5755567f-0c8c-4db2-a37a-c9721e38192d\engagement.db (pool_size=5)
2026-06-19 19:13:35 - huginn - INFO - EngagementDatabase schema created: C:\Users\allie\AppData\Local\Temp\pytest-of-allie\pytest-38\test_set_and_get_roe0\engagements\5755567f-0c8c-4db2-a37a-c9721e38192d\engagement.db
2026-06-19 19:13:35 - huginn - INFO - EngagementDatabase closed: C:\Users\allie\AppData\Local\Temp\pytest-of-allie\pytest-38\test_set_and_get_roe0\engagements\5755567f-0c8c-4db2-a37a-c9721e38192d\engagement.db (5 connections)
2026-06-19 19:13:35 - huginn - INFO - Engagement created: 5755567f-0c8c-4db2-a37a-c9721e38192d (RoE Test)
2026-06-19 19:13:35 - huginn - INFO - EngagementDatabase connected: C:\Users\allie\AppData\Local\Temp\pytest-of-allie\pytest-38\test_set_and_get_roe0\engagements\5755567f-0c8c-4db2-a37a-c9721e38192d\engagement.db (pool_size=5)
2026-06-19 19:13:35 - huginn - INFO - Engagement opened: 5755567f-0c8c-4db2-a37a-c9721e38192d
2026-06-19 19:13:35 - huginn - INFO - EngagementDatabase closed: C:\Users\allie\AppData\Local\Temp\pytest-of-allie\pytest-38\test_set_and_get_roe0\engagements\5755567f-0c8c-4db2-a37a-c9721e38192d\engagement.db (5 connections)
2026-06-19 19:13:35 - huginn - INFO - Active engagement closed.
2026-06-19 19:13:35 - huginn - INFO - EngagementManager closed.
2026-06-19 19:13:35 - huginn - INFO - Master index schema initialized.
2026-06-19 19:13:35 - huginn - INFO - EngagementDatabase connected: C:\Users\allie\AppData\Local\Temp\pytest-of-allie\pytest-38\test_update_roe_overwrites0\engagements\6ea0e7c6-1cc6-443e-96dd-8511a7781052\engagement.db (pool_size=5)
2026-06-19 19:13:35 - huginn - INFO - EngagementDatabase schema created: C:\Users\allie\AppData\Local\Temp\pytest-of-allie\pytest-38\test_update_roe_overwrites0\engagements\6ea0e7c6-1cc6-443e-96dd-8511a7781052\engagement.db
2026-06-19 19:13:35 - huginn - INFO - EngagementDatabase closed: C:\Users\allie\AppData\Local\Temp\pytest-of-allie\pytest-38\test_update_roe_overwrites0\engagements\6ea0e7c6-1cc6-443e-96dd-8511a7781052\engagement.db (5 connections)
2026-06-19 19:13:35 - huginn - INFO - Engagement created: 6ea0e7c6-1cc6-443e-96dd-8511a7781052 (RoE Test)
2026-06-19 19:13:35 - huginn - INFO - EngagementDatabase connected: C:\Users\allie\AppData\Local\Temp\pytest-of-allie\pytest-38\test_update_roe_overwrites0\engagements\6ea0e7c6-1cc6-443e-96dd-8511a7781052\engagement.db (pool_size=5)
2026-06-19 19:13:35 - huginn - INFO - Engagement opened: 6ea0e7c6-1cc6-443e-96dd-8511a7781052
2026-06-19 19:13:35 - huginn - INFO - EngagementDatabase closed: C:\Users\allie\AppData\Local\Temp\pytest-of-allie\pytest-38\test_update_roe_overwrites0\engagements\6ea0e7c6-1cc6-443e-96dd-8511a7781052\engagement.db (5 connections)
2026-06-19 19:13:35 - huginn - INFO - Active engagement closed.
2026-06-19 19:13:35 - huginn - INFO - EngagementManager closed.
2026-06-19 19:13:35 - huginn - INFO - Master index schema initialized.
2026-06-19 19:13:35 - huginn - INFO - EngagementDatabase connected: C:\Users\allie\AppData\Local\Temp\pytest-of-allie\pytest-38\test_get_roe_returns_none_when0\engagements\ae723c6e-2a2d-410f-b45e-b5afff4a4151\engagement.db (pool_size=5)
2026-06-19 19:13:35 - huginn - INFO - EngagementDatabase schema created: C:\Users\allie\AppData\Local\Temp\pytest-of-allie\pytest-38\test_get_roe_returns_none_when0\engagements\ae723c6e-2a2d-410f-b45e-b5afff4a4151\engagement.db
2026-06-19 19:13:35 - huginn - INFO - EngagementDatabase closed: C:\Users\allie\AppData\Local\Temp\pytest-of-allie\pytest-38\test_get_roe_returns_none_when0\engagements\ae723c6e-2a2d-410f-b45e-b5afff4a4151\engagement.db (5 connections)
2026-06-19 19:13:35 - huginn - INFO - Engagement created: ae723c6e-2a2d-410f-b45e-b5afff4a4151 (RoE Test)
2026-06-19 19:13:35 - huginn - INFO - EngagementDatabase connected: C:\Users\allie\AppData\Local\Temp\pytest-of-allie\pytest-38\test_get_roe_returns_none_when0\engagements\ae723c6e-2a2d-410f-b45e-b5afff4a4151\engagement.db (pool_size=5)
2026-06-19 19:13:35 - huginn - INFO - Engagement opened: ae723c6e-2a2d-410f-b45e-b5afff4a4151
2026-06-19 19:13:35 - huginn - INFO - EngagementDatabase closed: C:\Users\allie\AppData\Local\Temp\pytest-of-allie\pytest-38\test_get_roe_returns_none_when0\engagements\ae723c6e-2a2d-410f-b45e-b5afff4a4151\engagement.db (5 connections)
2026-06-19 19:13:35 - huginn - INFO - Active engagement closed.
2026-06-19 19:13:35 - huginn - INFO - EngagementManager closed.
2026-06-19 19:13:35 - huginn - INFO - Master index schema initialized.
2026-06-19 19:13:35 - huginn - INFO - EngagementDatabase connected: C:\Users\allie\AppData\Local\Temp\pytest-of-allie\pytest-38\test_add_and_list_milestones0\engagements\5a85fc62-c672-4a6a-9b77-76f7ba2d7e89\engagement.db (pool_size=5)
2026-06-19 19:13:35 - huginn - INFO - EngagementDatabase schema created: C:\Users\allie\AppData\Local\Temp\pytest-of-allie\pytest-38\test_add_and_list_milestones0\engagements\5a85fc62-c672-4a6a-9b77-76f7ba2d7e89\engagement.db
2026-06-19 19:13:35 - huginn - INFO - EngagementDatabase closed: C:\Users\allie\AppData\Local\Temp\pytest-of-allie\pytest-38\test_add_and_list_milestones0\engagements\5a85fc62-c672-4a6a-9b77-76f7ba2d7e89\engagement.db (5 connections)
2026-06-19 19:13:35 - huginn - INFO - Engagement created: 5a85fc62-c672-4a6a-9b77-76f7ba2d7e89 (Milestone Test)
2026-06-19 19:13:35 - huginn - INFO - EngagementDatabase connected: C:\Users\allie\AppData\Local\Temp\pytest-of-allie\pytest-38\test_add_and_list_milestones0\engagements\5a85fc62-c672-4a6a-9b77-76f7ba2d7e89\engagement.db (pool_size=5)
2026-06-19 19:13:35 - huginn - INFO - Engagement opened: 5a85fc62-c672-4a6a-9b77-76f7ba2d7e89
2026-06-19 19:13:35 - huginn - DEBUG - Milestone added: Kickoff (planned_start)
2026-06-19 19:13:35 - huginn - INFO - EngagementDatabase closed: C:\Users\allie\AppData\Local\Temp\pytest-of-allie\pytest-38\test_add_and_list_milestones0\engagements\5a85fc62-c672-4a6a-9b77-76f7ba2d7e89\engagement.db (5 connections)
2026-06-19 19:13:35 - huginn - INFO - Active engagement closed.
2026-06-19 19:13:35 - huginn - INFO - EngagementManager closed.
2026-06-19 19:13:35 - huginn - INFO - Master index schema initialized.
2026-06-19 19:13:35 - huginn - INFO - EngagementDatabase connected: C:\Users\allie\AppData\Local\Temp\pytest-of-allie\pytest-38\test_milestones_ordered_by_dat0\engagements\6f4015c5-4ce8-490a-9826-a19384f52590\engagement.db (pool_size=5)
2026-06-19 19:13:35 - huginn - INFO - EngagementDatabase schema created: C:\Users\allie\AppData\Local\Temp\pytest-of-allie\pytest-38\test_milestones_ordered_by_dat0\engagements\6f4015c5-4ce8-490a-9826-a19384f52590\engagement.db
2026-06-19 19:13:35 - huginn - INFO - EngagementDatabase closed: C:\Users\allie\AppData\Local\Temp\pytest-of-allie\pytest-38\test_milestones_ordered_by_dat0\engagements\6f4015c5-4ce8-490a-9826-a19384f52590\engagement.db (5 connections)
2026-06-19 19:13:35 - huginn - INFO - Engagement created: 6f4015c5-4ce8-490a-9826-a19384f52590 (Milestone Test)
2026-06-19 19:13:35 - huginn - INFO - EngagementDatabase connected: C:\Users\allie\AppData\Local\Temp\pytest-of-allie\pytest-38\test_milestones_ordered_by_dat0\engagements\6f4015c5-4ce8-490a-9826-a19384f52590\engagement.db (pool_size=5)
2026-06-19 19:13:35 - huginn - INFO - Engagement opened: 6f4015c5-4ce8-490a-9826-a19384f52590
2026-06-19 19:13:35 - huginn - DEBUG - Milestone added: End (planned_end)
2026-06-19 19:13:35 - huginn - DEBUG - Milestone added: Start (planned_start)
2026-06-19 19:13:35 - huginn - DEBUG - Milestone added: Mid (checkpoint)
2026-06-19 19:13:35 - huginn - INFO - EngagementDatabase closed: C:\Users\allie\AppData\Local\Temp\pytest-of-allie\pytest-38\test_milestones_ordered_by_dat0\engagements\6f4015c5-4ce8-490a-9826-a19384f52590\engagement.db (5 connections)
2026-06-19 19:13:35 - huginn - INFO - Active engagement closed.
2026-06-19 19:13:35 - huginn - INFO - EngagementManager closed.
2026-06-19 19:13:35 - huginn - INFO - Master index schema initialized.
2026-06-19 19:13:35 - huginn - INFO - EngagementDatabase connected: C:\Users\allie\AppData\Local\Temp\pytest-of-allie\pytest-38\test_update_milestone0\engagements\2531e42e-45fe-420c-877b-b7e665b9c8d0\engagement.db (pool_size=5)
2026-06-19 19:13:35 - huginn - INFO - EngagementDatabase schema created: C:\Users\allie\AppData\Local\Temp\pytest-of-allie\pytest-38\test_update_milestone0\engagements\2531e42e-45fe-420c-877b-b7e665b9c8d0\engagement.db
2026-06-19 19:13:35 - huginn - INFO - EngagementDatabase closed: C:\Users\allie\AppData\Local\Temp\pytest-of-allie\pytest-38\test_update_milestone0\engagements\2531e42e-45fe-420c-877b-b7e665b9c8d0\engagement.db (5 connections)
2026-06-19 19:13:35 - huginn - INFO - Engagement created: 2531e42e-45fe-420c-877b-b7e665b9c8d0 (Milestone Test)
2026-06-19 19:13:35 - huginn - INFO - EngagementDatabase connected: C:\Users\allie\AppData\Local\Temp\pytest-of-allie\pytest-38\test_update_milestone0\engagements\2531e42e-45fe-420c-877b-b7e665b9c8d0\engagement.db (pool_size=5)
2026-06-19 19:13:35 - huginn - INFO - Engagement opened: 2531e42e-45fe-420c-877b-b7e665b9c8d0
2026-06-19 19:13:35 - huginn - DEBUG - Milestone added: Old Name (checkpoint)
2026-06-19 19:13:35 - huginn - INFO - EngagementDatabase closed: C:\Users\allie\AppData\Local\Temp\pytest-of-allie\pytest-38\test_update_milestone0\engagements\2531e42e-45fe-420c-877b-b7e665b9c8d0\engagement.db (5 connections)
2026-06-19 19:13:35 - huginn - INFO - Active engagement closed.
2026-06-19 19:13:35 - huginn - INFO - EngagementManager closed.
2026-06-19 19:13:35 - huginn - INFO - Master index schema initialized.
2026-06-19 19:13:35 - huginn - INFO - EngagementDatabase connected: C:\Users\allie\AppData\Local\Temp\pytest-of-allie\pytest-38\test_delete_milestone0\engagements\c7b18ead-64df-4edc-83cd-0653436de406\engagement.db (pool_size=5)
2026-06-19 19:13:35 - huginn - INFO - EngagementDatabase schema created: C:\Users\allie\AppData\Local\Temp\pytest-of-allie\pytest-38\test_delete_milestone0\engagements\c7b18ead-64df-4edc-83cd-0653436de406\engagement.db
2026-06-19 19:13:35 - huginn - INFO - EngagementDatabase closed: C:\Users\allie\AppData\Local\Temp\pytest-of-allie\pytest-38\test_delete_milestone0\engagements\c7b18ead-64df-4edc-83cd-0653436de406\engagement.db (5 connections)
2026-06-19 19:13:35 - huginn - INFO - Engagement created: c7b18ead-64df-4edc-83cd-0653436de406 (Milestone Test)
2026-06-19 19:13:35 - huginn - INFO - EngagementDatabase connected: C:\Users\allie\AppData\Local\Temp\pytest-of-allie\pytest-38\test_delete_milestone0\engagements\c7b18ead-64df-4edc-83cd-0653436de406\engagement.db (pool_size=5)
2026-06-19 19:13:35 - huginn - INFO - Engagement opened: c7b18ead-64df-4edc-83cd-0653436de406
2026-06-19 19:13:35 - huginn - DEBUG - Milestone added: Remove (checkpoint)
2026-06-19 19:13:35 - huginn - INFO - EngagementDatabase closed: C:\Users\allie\AppData\Local\Temp\pytest-of-allie\pytest-38\test_delete_milestone0\engagements\c7b18ead-64df-4edc-83cd-0653436de406\engagement.db (5 connections)
2026-06-19 19:13:35 - huginn - INFO - Active engagement closed.
2026-06-19 19:13:35 - huginn - INFO - EngagementManager closed.
2026-06-19 19:13:35 - huginn - INFO - Master index schema initialized.
2026-06-19 19:13:35 - huginn - INFO - EngagementDatabase connected: C:\Users\allie\AppData\Local\Temp\pytest-of-allie\pytest-38\test_engagement_created_signal0\engagements\69991f36-12b9-4f47-9677-87ed33a2c99d\engagement.db (pool_size=5)
2026-06-19 19:13:35 - huginn - INFO - EngagementDatabase schema created: C:\Users\allie\AppData\Local\Temp\pytest-of-allie\pytest-38\test_engagement_created_signal0\engagements\69991f36-12b9-4f47-9677-87ed33a2c99d\engagement.db
2026-06-19 19:13:35 - huginn - INFO - EngagementDatabase closed: C:\Users\allie\AppData\Local\Temp\pytest-of-allie\pytest-38\test_engagement_created_signal0\engagements\69991f36-12b9-4f47-9677-87ed33a2c99d\engagement.db (5 connections)
2026-06-19 19:13:35 - huginn - INFO - Engagement created: 69991f36-12b9-4f47-9677-87ed33a2c99d (Signal)
2026-06-19 19:13:35 - huginn - INFO - EngagementManager closed.
2026-06-19 19:13:35 - huginn - INFO - Master index schema initialized.
2026-06-19 19:13:35 - huginn - INFO - EngagementDatabase connected: C:\Users\allie\AppData\Local\Temp\pytest-of-allie\pytest-38\test_engagement_opened_signal0\engagements\ede5db97-d1d1-4736-b772-f58c20fb2341\engagement.db (pool_size=5)
2026-06-19 19:13:35 - huginn - INFO - EngagementDatabase schema created: C:\Users\allie\AppData\Local\Temp\pytest-of-allie\pytest-38\test_engagement_opened_signal0\engagements\ede5db97-d1d1-4736-b772-f58c20fb2341\engagement.db
2026-06-19 19:13:35 - huginn - INFO - EngagementDatabase closed: C:\Users\allie\AppData\Local\Temp\pytest-of-allie\pytest-38\test_engagement_opened_signal0\engagements\ede5db97-d1d1-4736-b772-f58c20fb2341\engagement.db (5 connections)
2026-06-19 19:13:35 - huginn - INFO - Engagement created: ede5db97-d1d1-4736-b772-f58c20fb2341 (Signal Open)
2026-06-19 19:13:35 - huginn - INFO - EngagementDatabase connected: C:\Users\allie\AppData\Local\Temp\pytest-of-allie\pytest-38\test_engagement_opened_signal0\engagements\ede5db97-d1d1-4736-b772-f58c20fb2341\engagement.db (pool_size=5)
2026-06-19 19:13:35 - huginn - INFO - Engagement opened: ede5db97-d1d1-4736-b772-f58c20fb2341
2026-06-19 19:13:35 - huginn - INFO - EngagementDatabase closed: C:\Users\allie\AppData\Local\Temp\pytest-of-allie\pytest-38\test_engagement_opened_signal0\engagements\ede5db97-d1d1-4736-b772-f58c20fb2341\engagement.db (5 connections)
2026-06-19 19:13:35 - huginn - INFO - Active engagement closed.
2026-06-19 19:13:35 - huginn - INFO - EngagementManager closed.
2026-06-19 19:13:35 - huginn - INFO - Master index schema initialized.
2026-06-19 19:13:35 - huginn - INFO - EngagementDatabase connected: C:\Users\allie\AppData\Local\Temp\pytest-of-allie\pytest-38\test_state_changed_signal0\engagements\0ed93ea9-4eff-4af3-a4b5-7b3917c1d0b6\engagement.db (pool_size=5)
2026-06-19 19:13:35 - huginn - INFO - EngagementDatabase schema created: C:\Users\allie\AppData\Local\Temp\pytest-of-allie\pytest-38\test_state_changed_signal0\engagements\0ed93ea9-4eff-4af3-a4b5-7b3917c1d0b6\engagement.db
2026-06-19 19:13:35 - huginn - INFO - EngagementDatabase closed: C:\Users\allie\AppData\Local\Temp\pytest-of-allie\pytest-38\test_state_changed_signal0\engagements\0ed93ea9-4eff-4af3-a4b5-7b3917c1d0b6\engagement.db (5 connections)
2026-06-19 19:13:35 - huginn - INFO - Engagement created: 0ed93ea9-4eff-4af3-a4b5-7b3917c1d0b6 (Signal State)
2026-06-19 19:13:35 - huginn - INFO - State transition: 0ed93ea9-4eff-4af3-a4b5-7b3917c1d0b6 draft -> scoping
2026-06-19 19:13:35 - huginn - INFO - EngagementManager closed.
2026-06-19 19:13:35 - huginn - INFO - Master index schema initialized.
2026-06-19 19:13:35 - huginn - INFO - EngagementManager closed.
2026-06-19 19:13:54 - huginn - INFO - Using default configuration
2026-06-19 19:13:56 - huginn - INFO - License saved successfully
2026-06-19 19:13:56 - huginn - INFO - License loaded and validated successfully
2026-06-19 19:14:57 - huginn - INFO - QThreadPool max threads set to 32 (CPUs: 32)
2026-06-19 19:14:57 - huginn - WARNING - Font loading failed - file not found or invalid: C:\Users\allie\Coding Projects\huggin_suite\huginn\tests\resources\fonts\neuropol.otf
2026-06-19 19:14:58 - huginn - INFO - License saved successfully
2026-06-19 19:14:58 - huginn - INFO - License loaded and validated successfully
2026-06-19 19:14:58 - huginn - INFO - Master index schema initialized.
2026-06-19 19:14:58 - huginn - INFO - EngagementDatabase connected: C:\Users\allie\AppData\Local\Temp\pytest-of-allie\pytest-39\test_create_engagement_returns0\engagements\c571ce7b-d655-4c43-9653-93d13c743394\engagement.db (pool_size=5)
2026-06-19 19:14:58 - huginn - INFO - EngagementDatabase schema created: C:\Users\allie\AppData\Local\Temp\pytest-of-allie\pytest-39\test_create_engagement_returns0\engagements\c571ce7b-d655-4c43-9653-93d13c743394\engagement.db
2026-06-19 19:14:58 - huginn - INFO - EngagementDatabase closed: C:\Users\allie\AppData\Local\Temp\pytest-of-allie\pytest-39\test_create_engagement_returns0\engagements\c571ce7b-d655-4c43-9653-93d13c743394\engagement.db (5 connections)
2026-06-19 19:14:58 - huginn - INFO - Engagement created: c571ce7b-d655-4c43-9653-93d13c743394 (Test Engagement)
2026-06-19 19:14:58 - huginn - INFO - EngagementManager closed.
2026-06-19 19:14:58 - huginn - INFO - Master index schema initialized.
2026-06-19 19:14:58 - huginn - INFO - EngagementDatabase connected: C:\Users\allie\AppData\Local\Temp\pytest-of-allie\pytest-39\test_create_engagement_creates0\engagements\504e2046-6a17-43d6-b3d2-a7af6c3f6101\engagement.db (pool_size=5)
2026-06-19 19:14:58 - huginn - INFO - EngagementDatabase schema created: C:\Users\allie\AppData\Local\Temp\pytest-of-allie\pytest-39\test_create_engagement_creates0\engagements\504e2046-6a17-43d6-b3d2-a7af6c3f6101\engagement.db
2026-06-19 19:14:58 - huginn - INFO - EngagementDatabase closed: C:\Users\allie\AppData\Local\Temp\pytest-of-allie\pytest-39\test_create_engagement_creates0\engagements\504e2046-6a17-43d6-b3d2-a7af6c3f6101\engagement.db (5 connections)
2026-06-19 19:14:58 - huginn - INFO - Engagement created: 504e2046-6a17-43d6-b3d2-a7af6c3f6101 (DB File Test)
2026-06-19 19:14:58 - huginn - INFO - EngagementManager closed.
2026-06-19 19:14:58 - huginn - INFO - Master index schema initialized.
2026-06-19 19:14:58 - huginn - INFO - EngagementDatabase connected: C:\Users\allie\AppData\Local\Temp\pytest-of-allie\pytest-39\test_create_engagement_initial0\engagements\c8fe7638-9ee5-4149-853a-1139ff02f741\engagement.db (pool_size=5)
2026-06-19 19:14:58 - huginn - INFO - EngagementDatabase schema created: C:\Users\allie\AppData\Local\Temp\pytest-of-allie\pytest-39\test_create_engagement_initial0\engagements\c8fe7638-9ee5-4149-853a-1139ff02f741\engagement.db
2026-06-19 19:14:58 - huginn - INFO - EngagementDatabase closed: C:\Users\allie\AppData\Local\Temp\pytest-of-allie\pytest-39\test_create_engagement_initial0\engagements\c8fe7638-9ee5-4149-853a-1139ff02f741\engagement.db (5 connections)
2026-06-19 19:14:58 - huginn - INFO - Engagement created: c8fe7638-9ee5-4149-853a-1139ff02f741 (State Test)
2026-06-19 19:14:58 - huginn - INFO - EngagementManager closed.
2026-06-19 19:14:58 - huginn - INFO - Master index schema initialized.
2026-06-19 19:14:58 - huginn - INFO - EngagementDatabase connected: C:\Users\allie\AppData\Local\Temp\pytest-of-allie\pytest-39\test_create_multiple_engagemen0\engagements\c32c267e-9b5e-461f-b501-dd0ffb0b7d15\engagement.db (pool_size=5)
2026-06-19 19:14:58 - huginn - INFO - EngagementDatabase schema created: C:\Users\allie\AppData\Local\Temp\pytest-of-allie\pytest-39\test_create_multiple_engagemen0\engagements\c32c267e-9b5e-461f-b501-dd0ffb0b7d15\engagement.db
2026-06-19 19:14:58 - huginn - INFO - EngagementDatabase closed: C:\Users\allie\AppData\Local\Temp\pytest-of-allie\pytest-39\test_create_multiple_engagemen0\engagements\c32c267e-9b5e-461f-b501-dd0ffb0b7d15\engagement.db (5 connections)
2026-06-19 19:14:58 - huginn - INFO - Engagement created: c32c267e-9b5e-461f-b501-dd0ffb0b7d15 (Engagement 0)
2026-06-19 19:14:58 - huginn - INFO - EngagementDatabase connected: C:\Users\allie\AppData\Local\Temp\pytest-of-allie\pytest-39\test_create_multiple_engagemen0\engagements\f608478d-3464-4fe9-a03b-d065892e70a3\engagement.db (pool_size=5)
2026-06-19 19:14:58 - huginn - INFO - EngagementDatabase schema created: C:\Users\allie\AppData\Local\Temp\pytest-of-allie\pytest-39\test_create_multiple_engagemen0\engagements\f608478d-3464-4fe9-a03b-d065892e70a3\engagement.db
2026-06-19 19:14:58 - huginn - INFO - EngagementDatabase closed: C:\Users\allie\AppData\Local\Temp\pytest-of-allie\pytest-39\test_create_multiple_engagemen0\engagements\f608478d-3464-4fe9-a03b-d065892e70a3\engagement.db (5 connections)
2026-06-19 19:14:58 - huginn - INFO - Engagement created: f608478d-3464-4fe9-a03b-d065892e70a3 (Engagement 1)
2026-06-19 19:14:58 - huginn - INFO - EngagementDatabase connected: C:\Users\allie\AppData\Local\Temp\pytest-of-allie\pytest-39\test_create_multiple_engagemen0\engagements\25cb1928-7b44-48a6-843a-669a3b6e1745\engagement.db (pool_size=5)
2026-06-19 19:14:58 - huginn - INFO - EngagementDatabase schema created: C:\Users\allie\AppData\Local\Temp\pytest-of-allie\pytest-39\test_create_multiple_engagemen0\engagements\25cb1928-7b44-48a6-843a-669a3b6e1745\engagement.db
2026-06-19 19:14:58 - huginn - INFO - EngagementDatabase closed: C:\Users\allie\AppData\Local\Temp\pytest-of-allie\pytest-39\test_create_multiple_engagemen0\engagements\25cb1928-7b44-48a6-843a-669a3b6e1745\engagement.db (5 connections)
2026-06-19 19:14:58 - huginn - INFO - Engagement created: 25cb1928-7b44-48a6-843a-669a3b6e1745 (Engagement 2)
2026-06-19 19:14:58 - huginn - INFO - EngagementDatabase connected: C:\Users\allie\AppData\Local\Temp\pytest-of-allie\pytest-39\test_create_multiple_engagemen0\engagements\2cbbeff4-c9b9-4d56-a150-e30f3bb8f888\engagement.db (pool_size=5)
2026-06-19 19:14:58 - huginn - INFO - EngagementDatabase schema created: C:\Users\allie\AppData\Local\Temp\pytest-of-allie\pytest-39\test_create_multiple_engagemen0\engagements\2cbbeff4-c9b9-4d56-a150-e30f3bb8f888\engagement.db
2026-06-19 19:14:58 - huginn - INFO - EngagementDatabase closed: C:\Users\allie\AppData\Local\Temp\pytest-of-allie\pytest-39\test_create_multiple_engagemen0\engagements\2cbbeff4-c9b9-4d56-a150-e30f3bb8f888\engagement.db (5 connections)
2026-06-19 19:14:58 - huginn - INFO - Engagement created: 2cbbeff4-c9b9-4d56-a150-e30f3bb8f888 (Engagement 3)
2026-06-19 19:14:58 - huginn - INFO - EngagementDatabase connected: C:\Users\allie\AppData\Local\Temp\pytest-of-allie\pytest-39\test_create_multiple_engagemen0\engagements\95058057-ee20-479a-bfae-f1975852eaec\engagement.db (pool_size=5)
2026-06-19 19:14:58 - huginn - INFO - EngagementDatabase schema created: C:\Users\allie\AppData\Local\Temp\pytest-of-allie\pytest-39\test_create_multiple_engagemen0\engagements\95058057-ee20-479a-bfae-f1975852eaec\engagement.db
2026-06-19 19:14:58 - huginn - INFO - EngagementDatabase closed: C:\Users\allie\AppData\Local\Temp\pytest-of-allie\pytest-39\test_create_multiple_engagemen0\engagements\95058057-ee20-479a-bfae-f1975852eaec\engagement.db (5 connections)
2026-06-19 19:14:58 - huginn - INFO - Engagement created: 95058057-ee20-479a-bfae-f1975852eaec (Engagement 4)
2026-06-19 19:14:58 - huginn - INFO - EngagementDatabase connected: C:\Users\allie\AppData\Local\Temp\pytest-of-allie\pytest-39\test_create_multiple_engagemen0\engagements\58dc40b3-4c62-49a7-bed0-9a91566f516b\engagement.db (pool_size=5)
2026-06-19 19:14:58 - huginn - INFO - EngagementDatabase schema created: C:\Users\allie\AppData\Local\Temp\pytest-of-allie\pytest-39\test_create_multiple_engagemen0\engagements\58dc40b3-4c62-49a7-bed0-9a91566f516b\engagement.db
2026-06-19 19:14:58 - huginn - INFO - EngagementDatabase closed: C:\Users\allie\AppData\Local\Temp\pytest-of-allie\pytest-39\test_create_multiple_engagemen0\engagements\58dc40b3-4c62-49a7-bed0-9a91566f516b\engagement.db (5 connections)
2026-06-19 19:14:58 - huginn - INFO - Engagement created: 58dc40b3-4c62-49a7-bed0-9a91566f516b (Engagement 5)
2026-06-19 19:14:58 - huginn - INFO - EngagementDatabase connected: C:\Users\allie\AppData\Local\Temp\pytest-of-allie\pytest-39\test_create_multiple_engagemen0\engagements\fdc1020c-1944-4924-a514-d2a864836fdf\engagement.db (pool_size=5)
2026-06-19 19:14:58 - huginn - INFO - EngagementDatabase schema created: C:\Users\allie\AppData\Local\Temp\pytest-of-allie\pytest-39\test_create_multiple_engagemen0\engagements\fdc1020c-1944-4924-a514-d2a864836fdf\engagement.db
2026-06-19 19:14:58 - huginn - INFO - EngagementDatabase closed: C:\Users\allie\AppData\Local\Temp\pytest-of-allie\pytest-39\test_create_multiple_engagemen0\engagements\fdc1020c-1944-4924-a514-d2a864836fdf\engagement.db (5 connections)
2026-06-19 19:14:58 - huginn - INFO - Engagement created: fdc1020c-1944-4924-a514-d2a864836fdf (Engagement 6)
2026-06-19 19:14:58 - huginn - INFO - EngagementDatabase connected: C:\Users\allie\AppData\Local\Temp\pytest-of-allie\pytest-39\test_create_multiple_engagemen0\engagements\8c8412bd-0dbc-4d15-a248-3be8a54574c8\engagement.db (pool_size=5)
2026-06-19 19:14:58 - huginn - INFO - EngagementDatabase schema created: C:\Users\allie\AppData\Local\Temp\pytest-of-allie\pytest-39\test_create_multiple_engagemen0\engagements\8c8412bd-0dbc-4d15-a248-3be8a54574c8\engagement.db
2026-06-19 19:14:58 - huginn - INFO - EngagementDatabase closed: C:\Users\allie\AppData\Local\Temp\pytest-of-allie\pytest-39\test_create_multiple_engagemen0\engagements\8c8412bd-0dbc-4d15-a248-3be8a54574c8\engagement.db (5 connections)
2026-06-19 19:14:58 - huginn - INFO - Engagement created: 8c8412bd-0dbc-4d15-a248-3be8a54574c8 (Engagement 7)
2026-06-19 19:14:58 - huginn - INFO - EngagementDatabase connected: C:\Users\allie\AppData\Local\Temp\pytest-of-allie\pytest-39\test_create_multiple_engagemen0\engagements\7b7c68d6-344d-48c0-a2e3-1367cb877e36\engagement.db (pool_size=5)
2026-06-19 19:14:58 - huginn - INFO - EngagementDatabase schema created: C:\Users\allie\AppData\Local\Temp\pytest-of-allie\pytest-39\test_create_multiple_engagemen0\engagements\7b7c68d6-344d-48c0-a2e3-1367cb877e36\engagement.db
2026-06-19 19:14:58 - huginn - INFO - EngagementDatabase closed: C:\Users\allie\AppData\Local\Temp\pytest-of-allie\pytest-39\test_create_multiple_engagemen0\engagements\7b7c68d6-344d-48c0-a2e3-1367cb877e36\engagement.db (5 connections)
2026-06-19 19:14:58 - huginn - INFO - Engagement created: 7b7c68d6-344d-48c0-a2e3-1367cb877e36 (Engagement 8)
2026-06-19 19:14:58 - huginn - INFO - EngagementDatabase connected: C:\Users\allie\AppData\Local\Temp\pytest-of-allie\pytest-39\test_create_multiple_engagemen0\engagements\b7852e91-d6b1-4f1f-9e8d-0beb5d6d2c99\engagement.db (pool_size=5)
2026-06-19 19:14:58 - huginn - INFO - EngagementDatabase schema created: C:\Users\allie\AppData\Local\Temp\pytest-of-allie\pytest-39\test_create_multiple_engagemen0\engagements\b7852e91-d6b1-4f1f-9e8d-0beb5d6d2c99\engagement.db
2026-06-19 19:14:58 - huginn - INFO - EngagementDatabase closed: C:\Users\allie\AppData\Local\Temp\pytest-of-allie\pytest-39\test_create_multiple_engagemen0\engagements\b7852e91-d6b1-4f1f-9e8d-0beb5d6d2c99\engagement.db (5 connections)
2026-06-19 19:14:58 - huginn - INFO - Engagement created: b7852e91-d6b1-4f1f-9e8d-0beb5d6d2c99 (Engagement 9)
2026-06-19 19:14:58 - huginn - INFO - EngagementManager closed.
2026-06-19 19:14:58 - huginn - INFO - Master index schema initialized.
2026-06-19 19:14:58 - huginn - INFO - EngagementDatabase connected: C:\Users\allie\AppData\Local\Temp\pytest-of-allie\pytest-39\test_get_engagement_returns_me0\engagements\25d7e0cb-2b35-4a1b-a8f9-6886e1f332b5\engagement.db (pool_size=5)
2026-06-19 19:14:58 - huginn - INFO - EngagementDatabase schema created: C:\Users\allie\AppData\Local\Temp\pytest-of-allie\pytest-39\test_get_engagement_returns_me0\engagements\25d7e0cb-2b35-4a1b-a8f9-6886e1f332b5\engagement.db
2026-06-19 19:14:58 - huginn - INFO - EngagementDatabase closed: C:\Users\allie\AppData\Local\Temp\pytest-of-allie\pytest-39\test_get_engagement_returns_me0\engagements\25d7e0cb-2b35-4a1b-a8f9-6886e1f332b5\engagement.db (5 connections)
2026-06-19 19:14:58 - huginn - INFO - Engagement created: 25d7e0cb-2b35-4a1b-a8f9-6886e1f332b5 (Metadata Test)
2026-06-19 19:14:58 - huginn - INFO - EngagementManager closed.
2026-06-19 19:14:58 - huginn - INFO - Master index schema initialized.
2026-06-19 19:14:58 - huginn - INFO - EngagementManager closed.
2026-06-19 19:14:58 - huginn - INFO - Master index schema initialized.
2026-06-19 19:14:58 - huginn - INFO - EngagementDatabase connected: C:\Users\allie\AppData\Local\Temp\pytest-of-allie\pytest-39\test_list_all_engagements0\engagements\0af37d4d-1dd6-4fea-93bd-278484d17ebc\engagement.db (pool_size=5)
2026-06-19 19:14:58 - huginn - INFO - EngagementDatabase schema created: C:\Users\allie\AppData\Local\Temp\pytest-of-allie\pytest-39\test_list_all_engagements0\engagements\0af37d4d-1dd6-4fea-93bd-278484d17ebc\engagement.db
2026-06-19 19:14:58 - huginn - INFO - EngagementDatabase closed: C:\Users\allie\AppData\Local\Temp\pytest-of-allie\pytest-39\test_list_all_engagements0\engagements\0af37d4d-1dd6-4fea-93bd-278484d17ebc\engagement.db (5 connections)
2026-06-19 19:14:58 - huginn - INFO - Engagement created: 0af37d4d-1dd6-4fea-93bd-278484d17ebc (Eng 1)
2026-06-19 19:14:58 - huginn - INFO - EngagementDatabase connected: C:\Users\allie\AppData\Local\Temp\pytest-of-allie\pytest-39\test_list_all_engagements0\engagements\e39e2d83-194a-4e60-8580-31407f2f5c2b\engagement.db (pool_size=5)
2026-06-19 19:14:58 - huginn - INFO - EngagementDatabase schema created: C:\Users\allie\AppData\Local\Temp\pytest-of-allie\pytest-39\test_list_all_engagements0\engagements\e39e2d83-194a-4e60-8580-31407f2f5c2b\engagement.db
2026-06-19 19:14:58 - huginn - INFO - EngagementDatabase closed: C:\Users\allie\AppData\Local\Temp\pytest-of-allie\pytest-39\test_list_all_engagements0\engagements\e39e2d83-194a-4e60-8580-31407f2f5c2b\engagement.db (5 connections)
2026-06-19 19:14:58 - huginn - INFO - Engagement created: e39e2d83-194a-4e60-8580-31407f2f5c2b (Eng 2)
2026-06-19 19:14:58 - huginn - INFO - EngagementManager closed.
2026-06-19 19:14:58 - huginn - INFO - Master index schema initialized.
2026-06-19 19:14:58 - huginn - INFO - EngagementDatabase connected: C:\Users\allie\AppData\Local\Temp\pytest-of-allie\pytest-39\test_list_engagements_status_f0\engagements\e79ece8c-481b-4ee0-a79c-9c59b05be16f\engagement.db (pool_size=5)
2026-06-19 19:14:58 - huginn - INFO - EngagementDatabase schema created: C:\Users\allie\AppData\Local\Temp\pytest-of-allie\pytest-39\test_list_engagements_status_f0\engagements\e79ece8c-481b-4ee0-a79c-9c59b05be16f\engagement.db
2026-06-19 19:14:58 - huginn - INFO - EngagementDatabase closed: C:\Users\allie\AppData\Local\Temp\pytest-of-allie\pytest-39\test_list_engagements_status_f0\engagements\e79ece8c-481b-4ee0-a79c-9c59b05be16f\engagement.db (5 connections)
2026-06-19 19:14:58 - huginn - INFO - Engagement created: e79ece8c-481b-4ee0-a79c-9c59b05be16f (Draft Eng)
2026-06-19 19:14:58 - huginn - INFO - EngagementDatabase connected: C:\Users\allie\AppData\Local\Temp\pytest-of-allie\pytest-39\test_list_engagements_status_f0\engagements\7ede1c65-72ee-493e-a470-adef94f29b6a\engagement.db (pool_size=5)
2026-06-19 19:14:58 - huginn - INFO - EngagementDatabase schema created: C:\Users\allie\AppData\Local\Temp\pytest-of-allie\pytest-39\test_list_engagements_status_f0\engagements\7ede1c65-72ee-493e-a470-adef94f29b6a\engagement.db
2026-06-19 19:14:58 - huginn - INFO - EngagementDatabase closed: C:\Users\allie\AppData\Local\Temp\pytest-of-allie\pytest-39\test_list_engagements_status_f0\engagements\7ede1c65-72ee-493e-a470-adef94f29b6a\engagement.db (5 connections)
2026-06-19 19:14:58 - huginn - INFO - Engagement created: 7ede1c65-72ee-493e-a470-adef94f29b6a (Active Eng)
2026-06-19 19:14:58 - huginn - INFO - State transition: 7ede1c65-72ee-493e-a470-adef94f29b6a draft -> scoping
2026-06-19 19:14:58 - huginn - INFO - State transition: 7ede1c65-72ee-493e-a470-adef94f29b6a scoping -> active
2026-06-19 19:14:58 - huginn - INFO - EngagementManager closed.
2026-06-19 19:14:58 - huginn - INFO - Master index schema initialized.
2026-06-19 19:14:58 - huginn - INFO - EngagementDatabase connected: C:\Users\allie\AppData\Local\Temp\pytest-of-allie\pytest-39\test_list_engagements_search0\engagements\fe0318f8-cb68-4330-89dc-823483e6a8dc\engagement.db (pool_size=5)
2026-06-19 19:14:58 - huginn - INFO - EngagementDatabase schema created: C:\Users\allie\AppData\Local\Temp\pytest-of-allie\pytest-39\test_list_engagements_search0\engagements\fe0318f8-cb68-4330-89dc-823483e6a8dc\engagement.db
2026-06-19 19:14:58 - huginn - INFO - EngagementDatabase closed: C:\Users\allie\AppData\Local\Temp\pytest-of-allie\pytest-39\test_list_engagements_search0\engagements\fe0318f8-cb68-4330-89dc-823483e6a8dc\engagement.db (5 connections)
2026-06-19 19:14:58 - huginn - INFO - Engagement created: fe0318f8-cb68-4330-89dc-823483e6a8dc (Alpha Project)
2026-06-19 19:14:58 - huginn - INFO - EngagementDatabase connected: C:\Users\allie\AppData\Local\Temp\pytest-of-allie\pytest-39\test_list_engagements_search0\engagements\1b3a9f84-c72f-4267-9843-ce81273e2a23\engagement.db (pool_size=5)
2026-06-19 19:14:58 - huginn - INFO - EngagementDatabase schema created: C:\Users\allie\AppData\Local\Temp\pytest-of-allie\pytest-39\test_list_engagements_search0\engagements\1b3a9f84-c72f-4267-9843-ce81273e2a23\engagement.db
2026-06-19 19:14:58 - huginn - INFO - EngagementDatabase closed: C:\Users\allie\AppData\Local\Temp\pytest-of-allie\pytest-39\test_list_engagements_search0\engagements\1b3a9f84-c72f-4267-9843-ce81273e2a23\engagement.db (5 connections)
2026-06-19 19:14:58 - huginn - INFO - Engagement created: 1b3a9f84-c72f-4267-9843-ce81273e2a23 (Beta Project)
2026-06-19 19:14:58 - huginn - INFO - EngagementManager closed.
2026-06-19 19:14:58 - huginn - INFO - Master index schema initialized.
2026-06-19 19:14:58 - huginn - INFO - EngagementDatabase connected: C:\Users\allie\AppData\Local\Temp\pytest-of-allie\pytest-39\test_valid_transitions_from_dr0\engagements\0b43b427-db31-41fe-97fb-18ce4e630afc\engagement.db (pool_size=5)
2026-06-19 19:14:58 - huginn - INFO - EngagementDatabase schema created: C:\Users\allie\AppData\Local\Temp\pytest-of-allie\pytest-39\test_valid_transitions_from_dr0\engagements\0b43b427-db31-41fe-97fb-18ce4e630afc\engagement.db
2026-06-19 19:14:58 - huginn - INFO - EngagementDatabase closed: C:\Users\allie\AppData\Local\Temp\pytest-of-allie\pytest-39\test_valid_transitions_from_dr0\engagements\0b43b427-db31-41fe-97fb-18ce4e630afc\engagement.db (5 connections)
2026-06-19 19:14:58 - huginn - INFO - Engagement created: 0b43b427-db31-41fe-97fb-18ce4e630afc (SM Test)
2026-06-19 19:14:58 - huginn - INFO - State transition: 0b43b427-db31-41fe-97fb-18ce4e630afc draft -> scoping
2026-06-19 19:14:58 - huginn - INFO - EngagementManager closed.
2026-06-19 19:14:58 - huginn - INFO - Master index schema initialized.
2026-06-19 19:14:58 - huginn - INFO - EngagementDatabase connected: C:\Users\allie\AppData\Local\Temp\pytest-of-allie\pytest-39\test_valid_full_lifecycle0\engagements\1ab3bf1b-6ca2-4e9d-8f73-93714b9baf48\engagement.db (pool_size=5)
2026-06-19 19:14:58 - huginn - INFO - EngagementDatabase schema created: C:\Users\allie\AppData\Local\Temp\pytest-of-allie\pytest-39\test_valid_full_lifecycle0\engagements\1ab3bf1b-6ca2-4e9d-8f73-93714b9baf48\engagement.db
2026-06-19 19:14:58 - huginn - INFO - EngagementDatabase closed: C:\Users\allie\AppData\Local\Temp\pytest-of-allie\pytest-39\test_valid_full_lifecycle0\engagements\1ab3bf1b-6ca2-4e9d-8f73-93714b9baf48\engagement.db (5 connections)
2026-06-19 19:14:58 - huginn - INFO - Engagement created: 1ab3bf1b-6ca2-4e9d-8f73-93714b9baf48 (Lifecycle)
2026-06-19 19:14:58 - huginn - INFO - State transition: 1ab3bf1b-6ca2-4e9d-8f73-93714b9baf48 draft -> scoping
2026-06-19 19:14:58 - huginn - INFO - State transition: 1ab3bf1b-6ca2-4e9d-8f73-93714b9baf48 scoping -> active
2026-06-19 19:14:58 - huginn - INFO - State transition: 1ab3bf1b-6ca2-4e9d-8f73-93714b9baf48 active -> reporting
2026-06-19 19:14:58 - huginn - INFO - State transition: 1ab3bf1b-6ca2-4e9d-8f73-93714b9baf48 reporting -> closed
2026-06-19 19:14:58 - huginn - INFO - EngagementManager closed.
2026-06-19 19:14:58 - huginn - INFO - Master index schema initialized.
2026-06-19 19:14:58 - huginn - INFO - EngagementDatabase connected: C:\Users\allie\AppData\Local\Temp\pytest-of-allie\pytest-39\test_invalid_transition_reject0\engagements\601a50bc-ca54-4643-9746-cb3cdb4a3ca9\engagement.db (pool_size=5)
2026-06-19 19:14:58 - huginn - INFO - EngagementDatabase schema created: C:\Users\allie\AppData\Local\Temp\pytest-of-allie\pytest-39\test_invalid_transition_reject0\engagements\601a50bc-ca54-4643-9746-cb3cdb4a3ca9\engagement.db
2026-06-19 19:14:58 - huginn - INFO - EngagementDatabase closed: C:\Users\allie\AppData\Local\Temp\pytest-of-allie\pytest-39\test_invalid_transition_reject0\engagements\601a50bc-ca54-4643-9746-cb3cdb4a3ca9\engagement.db (5 connections)
2026-06-19 19:14:58 - huginn - INFO - Engagement created: 601a50bc-ca54-4643-9746-cb3cdb4a3ca9 (Invalid)
2026-06-19 19:14:58 - huginn - WARNING - Invalid state transition for 601a50bc-ca54-4643-9746-cb3cdb4a3ca9: draft -> active. Allowed: ['scoping']
2026-06-19 19:14:58 - huginn - INFO - EngagementManager closed.
2026-06-19 19:14:58 - huginn - INFO - Master index schema initialized.
2026-06-19 19:14:58 - huginn - INFO - EngagementDatabase connected: C:\Users\allie\AppData\Local\Temp\pytest-of-allie\pytest-39\test_closed_state_has_no_trans0\engagements\f85ee050-8e10-46c2-be62-6806ca7f3395\engagement.db (pool_size=5)
2026-06-19 19:14:58 - huginn - INFO - EngagementDatabase schema created: C:\Users\allie\AppData\Local\Temp\pytest-of-allie\pytest-39\test_closed_state_has_no_trans0\engagements\f85ee050-8e10-46c2-be62-6806ca7f3395\engagement.db
2026-06-19 19:14:58 - huginn - INFO - EngagementDatabase closed: C:\Users\allie\AppData\Local\Temp\pytest-of-allie\pytest-39\test_closed_state_has_no_trans0\engagements\f85ee050-8e10-46c2-be62-6806ca7f3395\engagement.db (5 connections)
2026-06-19 19:14:58 - huginn - INFO - Engagement created: f85ee050-8e10-46c2-be62-6806ca7f3395 (Closed)
2026-06-19 19:14:58 - huginn - INFO - State transition: f85ee050-8e10-46c2-be62-6806ca7f3395 draft -> scoping
2026-06-19 19:14:58 - huginn - INFO - State transition: f85ee050-8e10-46c2-be62-6806ca7f3395 scoping -> active
2026-06-19 19:14:58 - huginn - INFO - State transition: f85ee050-8e10-46c2-be62-6806ca7f3395 active -> reporting
2026-06-19 19:14:58 - huginn - INFO - State transition: f85ee050-8e10-46c2-be62-6806ca7f3395 reporting -> closed
2026-06-19 19:14:58 - huginn - WARNING - Invalid state transition for f85ee050-8e10-46c2-be62-6806ca7f3395: closed -> draft. Allowed: []
2026-06-19 19:14:58 - huginn - WARNING - Invalid state transition for f85ee050-8e10-46c2-be62-6806ca7f3395: closed -> scoping. Allowed: []
2026-06-19 19:14:58 - huginn - WARNING - Invalid state transition for f85ee050-8e10-46c2-be62-6806ca7f3395: closed -> active. Allowed: []
2026-06-19 19:14:58 - huginn - WARNING - Invalid state transition for f85ee050-8e10-46c2-be62-6806ca7f3395: closed -> paused. Allowed: []
2026-06-19 19:14:58 - huginn - WARNING - Invalid state transition for f85ee050-8e10-46c2-be62-6806ca7f3395: closed -> retest. Allowed: []
2026-06-19 19:14:58 - huginn - WARNING - Invalid state transition for f85ee050-8e10-46c2-be62-6806ca7f3395: closed -> reporting. Allowed: []
2026-06-19 19:14:58 - huginn - WARNING - Invalid state transition for f85ee050-8e10-46c2-be62-6806ca7f3395: closed -> closed. Allowed: []
2026-06-19 19:14:58 - huginn - INFO - EngagementManager closed.
2026-06-19 19:14:59 - huginn - INFO - Master index schema initialized.
2026-06-19 19:14:59 - huginn - INFO - EngagementDatabase connected: C:\Users\allie\AppData\Local\Temp\pytest-of-allie\pytest-39\test_active_to_paused_and_back0\engagements\e41134da-f01f-441e-9801-4e492ffcea1c\engagement.db (pool_size=5)
2026-06-19 19:14:59 - huginn - INFO - EngagementDatabase schema created: C:\Users\allie\AppData\Local\Temp\pytest-of-allie\pytest-39\test_active_to_paused_and_back0\engagements\e41134da-f01f-441e-9801-4e492ffcea1c\engagement.db
2026-06-19 19:14:59 - huginn - INFO - EngagementDatabase closed: C:\Users\allie\AppData\Local\Temp\pytest-of-allie\pytest-39\test_active_to_paused_and_back0\engagements\e41134da-f01f-441e-9801-4e492ffcea1c\engagement.db (5 connections)
2026-06-19 19:14:59 - huginn - INFO - Engagement created: e41134da-f01f-441e-9801-4e492ffcea1c (Pause)
2026-06-19 19:14:59 - huginn - INFO - State transition: e41134da-f01f-441e-9801-4e492ffcea1c draft -> scoping
2026-06-19 19:14:59 - huginn - INFO - State transition: e41134da-f01f-441e-9801-4e492ffcea1c scoping -> active
2026-06-19 19:14:59 - huginn - INFO - State transition: e41134da-f01f-441e-9801-4e492ffcea1c active -> paused
2026-06-19 19:14:59 - huginn - INFO - State transition: e41134da-f01f-441e-9801-4e492ffcea1c paused -> active
2026-06-19 19:14:59 - huginn - INFO - EngagementManager closed.
2026-06-19 19:14:59 - huginn - INFO - Master index schema initialized.
2026-06-19 19:14:59 - huginn - INFO - EngagementDatabase connected: C:\Users\allie\AppData\Local\Temp\pytest-of-allie\pytest-39\test_active_to_retest_and_repo0\engagements\1a70f905-cdcb-499d-b50d-c9b5e7401e2c\engagement.db (pool_size=5)
2026-06-19 19:14:59 - huginn - INFO - EngagementDatabase schema created: C:\Users\allie\AppData\Local\Temp\pytest-of-allie\pytest-39\test_active_to_retest_and_repo0\engagements\1a70f905-cdcb-499d-b50d-c9b5e7401e2c\engagement.db
2026-06-19 19:14:59 - huginn - INFO - EngagementDatabase closed: C:\Users\allie\AppData\Local\Temp\pytest-of-allie\pytest-39\test_active_to_retest_and_repo0\engagements\1a70f905-cdcb-499d-b50d-c9b5e7401e2c\engagement.db (5 connections)
2026-06-19 19:14:59 - huginn - INFO - Engagement created: 1a70f905-cdcb-499d-b50d-c9b5e7401e2c (Retest)
2026-06-19 19:14:59 - huginn - INFO - State transition: 1a70f905-cdcb-499d-b50d-c9b5e7401e2c draft -> scoping
2026-06-19 19:14:59 - huginn - INFO - State transition: 1a70f905-cdcb-499d-b50d-c9b5e7401e2c scoping -> active
2026-06-19 19:14:59 - huginn - INFO - State transition: 1a70f905-cdcb-499d-b50d-c9b5e7401e2c active -> retest
2026-06-19 19:14:59 - huginn - INFO - State transition: 1a70f905-cdcb-499d-b50d-c9b5e7401e2c retest -> reporting
2026-06-19 19:14:59 - huginn - INFO - EngagementManager closed.
2026-06-19 19:14:59 - huginn - INFO - Master index schema initialized.
2026-06-19 19:14:59 - huginn - INFO - EngagementDatabase connected: C:\Users\allie\AppData\Local\Temp\pytest-of-allie\pytest-39\test_transition_records_histor0\engagements\cbf00c63-60d3-4c1e-96ad-61d099c274be\engagement.db (pool_size=5)
2026-06-19 19:14:59 - huginn - INFO - EngagementDatabase schema created: C:\Users\allie\AppData\Local\Temp\pytest-of-allie\pytest-39\test_transition_records_histor0\engagements\cbf00c63-60d3-4c1e-96ad-61d099c274be\engagement.db
2026-06-19 19:14:59 - huginn - INFO - EngagementDatabase closed: C:\Users\allie\AppData\Local\Temp\pytest-of-allie\pytest-39\test_transition_records_histor0\engagements\cbf00c63-60d3-4c1e-96ad-61d099c274be\engagement.db (5 connections)
2026-06-19 19:14:59 - huginn - INFO - Engagement created: cbf00c63-60d3-4c1e-96ad-61d099c274be (History)
2026-06-19 19:14:59 - huginn - INFO - State transition: cbf00c63-60d3-4c1e-96ad-61d099c274be draft -> scoping
2026-06-19 19:14:59 - huginn - INFO - State transition: cbf00c63-60d3-4c1e-96ad-61d099c274be scoping -> active
2026-06-19 19:14:59 - huginn - INFO - EngagementManager closed.
2026-06-19 19:14:59 - huginn - INFO - Master index schema initialized.
2026-06-19 19:14:59 - huginn - ERROR - Cannot transition state: engagement fake-id not found.
2026-06-19 19:14:59 - huginn - INFO - EngagementManager closed.
2026-06-19 19:14:59 - huginn - INFO - Master index schema initialized.
2026-06-19 19:14:59 - huginn - INFO - EngagementDatabase connected: C:\Users\allie\AppData\Local\Temp\pytest-of-allie\pytest-39\test_all_valid_transitions_suc0\engagements\6ae9e225-f1e1-4410-8039-81d2ea265f2c\engagement.db (pool_size=5)
2026-06-19 19:14:59 - huginn - INFO - EngagementDatabase schema created: C:\Users\allie\AppData\Local\Temp\pytest-of-allie\pytest-39\test_all_valid_transitions_suc0\engagements\6ae9e225-f1e1-4410-8039-81d2ea265f2c\engagement.db
2026-06-19 19:14:59 - huginn - INFO - EngagementDatabase closed: C:\Users\allie\AppData\Local\Temp\pytest-of-allie\pytest-39\test_all_valid_transitions_suc0\engagements\6ae9e225-f1e1-4410-8039-81d2ea265f2c\engagement.db (5 connections)
2026-06-19 19:14:59 - huginn - INFO - Engagement created: 6ae9e225-f1e1-4410-8039-81d2ea265f2c (draft->scoping)
2026-06-19 19:14:59 - huginn - INFO - State transition: 6ae9e225-f1e1-4410-8039-81d2ea265f2c draft -> scoping
2026-06-19 19:14:59 - huginn - INFO - EngagementDatabase connected: C:\Users\allie\AppData\Local\Temp\pytest-of-allie\pytest-39\test_all_valid_transitions_suc0\engagements\a36a26b6-6c7f-4a0c-bcf5-17392c871a9c\engagement.db (pool_size=5)
2026-06-19 19:14:59 - huginn - INFO - EngagementDatabase schema created: C:\Users\allie\AppData\Local\Temp\pytest-of-allie\pytest-39\test_all_valid_transitions_suc0\engagements\a36a26b6-6c7f-4a0c-bcf5-17392c871a9c\engagement.db
2026-06-19 19:14:59 - huginn - INFO - EngagementDatabase closed: C:\Users\allie\AppData\Local\Temp\pytest-of-allie\pytest-39\test_all_valid_transitions_suc0\engagements\a36a26b6-6c7f-4a0c-bcf5-17392c871a9c\engagement.db (5 connections)
2026-06-19 19:14:59 - huginn - INFO - Engagement created: a36a26b6-6c7f-4a0c-bcf5-17392c871a9c (scoping->active)
2026-06-19 19:14:59 - huginn - INFO - State transition: a36a26b6-6c7f-4a0c-bcf5-17392c871a9c draft -> scoping
2026-06-19 19:14:59 - huginn - INFO - State transition: a36a26b6-6c7f-4a0c-bcf5-17392c871a9c scoping -> active
2026-06-19 19:14:59 - huginn - INFO - EngagementDatabase connected: C:\Users\allie\AppData\Local\Temp\pytest-of-allie\pytest-39\test_all_valid_transitions_suc0\engagements\3ab87654-8d27-41c4-803f-34aefaaa7950\engagement.db (pool_size=5)
2026-06-19 19:14:59 - huginn - INFO - EngagementDatabase schema created: C:\Users\allie\AppData\Local\Temp\pytest-of-allie\pytest-39\test_all_valid_transitions_suc0\engagements\3ab87654-8d27-41c4-803f-34aefaaa7950\engagement.db
2026-06-19 19:14:59 - huginn - INFO - EngagementDatabase closed: C:\Users\allie\AppData\Local\Temp\pytest-of-allie\pytest-39\test_all_valid_transitions_suc0\engagements\3ab87654-8d27-41c4-803f-34aefaaa7950\engagement.db (5 connections)
2026-06-19 19:14:59 - huginn - INFO - Engagement created: 3ab87654-8d27-41c4-803f-34aefaaa7950 (active->paused)
2026-06-19 19:14:59 - huginn - INFO - State transition: 3ab87654-8d27-41c4-803f-34aefaaa7950 draft -> scoping
2026-06-19 19:14:59 - huginn - INFO - State transition: 3ab87654-8d27-41c4-803f-34aefaaa7950 scoping -> active
2026-06-19 19:14:59 - huginn - INFO - State transition: 3ab87654-8d27-41c4-803f-34aefaaa7950 active -> paused
2026-06-19 19:14:59 - huginn - INFO - EngagementDatabase connected: C:\Users\allie\AppData\Local\Temp\pytest-of-allie\pytest-39\test_all_valid_transitions_suc0\engagements\6d9bc817-671a-40de-9c10-514b58059e2a\engagement.db (pool_size=5)
2026-06-19 19:14:59 - huginn - INFO - EngagementDatabase schema created: C:\Users\allie\AppData\Local\Temp\pytest-of-allie\pytest-39\test_all_valid_transitions_suc0\engagements\6d9bc817-671a-40de-9c10-514b58059e2a\engagement.db
2026-06-19 19:14:59 - huginn - INFO - EngagementDatabase closed: C:\Users\allie\AppData\Local\Temp\pytest-of-allie\pytest-39\test_all_valid_transitions_suc0\engagements\6d9bc817-671a-40de-9c10-514b58059e2a\engagement.db (5 connections)
2026-06-19 19:14:59 - huginn - INFO - Engagement created: 6d9bc817-671a-40de-9c10-514b58059e2a (active->retest)
2026-06-19 19:14:59 - huginn - INFO - State transition: 6d9bc817-671a-40de-9c10-514b58059e2a draft -> scoping
2026-06-19 19:14:59 - huginn - INFO - State transition: 6d9bc817-671a-40de-9c10-514b58059e2a scoping -> active
2026-06-19 19:14:59 - huginn - INFO - State transition: 6d9bc817-671a-40de-9c10-514b58059e2a active -> retest
2026-06-19 19:14:59 - huginn - INFO - EngagementDatabase connected: C:\Users\allie\AppData\Local\Temp\pytest-of-allie\pytest-39\test_all_valid_transitions_suc0\engagements\8ac1ffb1-82ef-4887-b5c7-322e69d7d441\engagement.db (pool_size=5)
2026-06-19 19:14:59 - huginn - INFO - EngagementDatabase schema created: C:\Users\allie\AppData\Local\Temp\pytest-of-allie\pytest-39\test_all_valid_transitions_suc0\engagements\8ac1ffb1-82ef-4887-b5c7-322e69d7d441\engagement.db
2026-06-19 19:14:59 - huginn - INFO - EngagementDatabase closed: C:\Users\allie\AppData\Local\Temp\pytest-of-allie\pytest-39\test_all_valid_transitions_suc0\engagements\8ac1ffb1-82ef-4887-b5c7-322e69d7d441\engagement.db (5 connections)
2026-06-19 19:14:59 - huginn - INFO - Engagement created: 8ac1ffb1-82ef-4887-b5c7-322e69d7d441 (active->reporting)
2026-06-19 19:14:59 - huginn - INFO - State transition: 8ac1ffb1-82ef-4887-b5c7-322e69d7d441 draft -> scoping
2026-06-19 19:14:59 - huginn - INFO - State transition: 8ac1ffb1-82ef-4887-b5c7-322e69d7d441 scoping -> active
2026-06-19 19:14:59 - huginn - INFO - State transition: 8ac1ffb1-82ef-4887-b5c7-322e69d7d441 active -> reporting
2026-06-19 19:14:59 - huginn - INFO - EngagementDatabase connected: C:\Users\allie\AppData\Local\Temp\pytest-of-allie\pytest-39\test_all_valid_transitions_suc0\engagements\ec621cfe-da86-4c3f-8ffb-ea46dc755aec\engagement.db (pool_size=5)
2026-06-19 19:14:59 - huginn - INFO - EngagementDatabase schema created: C:\Users\allie\AppData\Local\Temp\pytest-of-allie\pytest-39\test_all_valid_transitions_suc0\engagements\ec621cfe-da86-4c3f-8ffb-ea46dc755aec\engagement.db
2026-06-19 19:14:59 - huginn - INFO - EngagementDatabase closed: C:\Users\allie\AppData\Local\Temp\pytest-of-allie\pytest-39\test_all_valid_transitions_suc0\engagements\ec621cfe-da86-4c3f-8ffb-ea46dc755aec\engagement.db (5 connections)
2026-06-19 19:14:59 - huginn - INFO - Engagement created: ec621cfe-da86-4c3f-8ffb-ea46dc755aec (paused->active)
2026-06-19 19:14:59 - huginn - INFO - State transition: ec621cfe-da86-4c3f-8ffb-ea46dc755aec draft -> scoping
2026-06-19 19:14:59 - huginn - INFO - State transition: ec621cfe-da86-4c3f-8ffb-ea46dc755aec scoping -> active
2026-06-19 19:14:59 - huginn - INFO - State transition: ec621cfe-da86-4c3f-8ffb-ea46dc755aec active -> paused
2026-06-19 19:14:59 - huginn - INFO - State transition: ec621cfe-da86-4c3f-8ffb-ea46dc755aec paused -> active
2026-06-19 19:14:59 - huginn - INFO - EngagementDatabase connected: C:\Users\allie\AppData\Local\Temp\pytest-of-allie\pytest-39\test_all_valid_transitions_suc0\engagements\db75c090-0218-4398-b917-8a081dcfd894\engagement.db (pool_size=5)
2026-06-19 19:14:59 - huginn - INFO - EngagementDatabase schema created: C:\Users\allie\AppData\Local\Temp\pytest-of-allie\pytest-39\test_all_valid_transitions_suc0\engagements\db75c090-0218-4398-b917-8a081dcfd894\engagement.db
2026-06-19 19:14:59 - huginn - INFO - EngagementDatabase closed: C:\Users\allie\AppData\Local\Temp\pytest-of-allie\pytest-39\test_all_valid_transitions_suc0\engagements\db75c090-0218-4398-b917-8a081dcfd894\engagement.db (5 connections)
2026-06-19 19:14:59 - huginn - INFO - Engagement created: db75c090-0218-4398-b917-8a081dcfd894 (paused->closed)
2026-06-19 19:14:59 - huginn - INFO - State transition: db75c090-0218-4398-b917-8a081dcfd894 draft -> scoping
2026-06-19 19:14:59 - huginn - INFO - State transition: db75c090-0218-4398-b917-8a081dcfd894 scoping -> active
2026-06-19 19:14:59 - huginn - INFO - State transition: db75c090-0218-4398-b917-8a081dcfd894 active -> paused
2026-06-19 19:14:59 - huginn - INFO - State transition: db75c090-0218-4398-b917-8a081dcfd894 paused -> closed
2026-06-19 19:14:59 - huginn - INFO - EngagementDatabase connected: C:\Users\allie\AppData\Local\Temp\pytest-of-allie\pytest-39\test_all_valid_transitions_suc0\engagements\d57d40f1-2ed4-47ad-b419-7e4758d02844\engagement.db (pool_size=5)
2026-06-19 19:14:59 - huginn - INFO - EngagementDatabase schema created: C:\Users\allie\AppData\Local\Temp\pytest-of-allie\pytest-39\test_all_valid_transitions_suc0\engagements\d57d40f1-2ed4-47ad-b419-7e4758d02844\engagement.db
2026-06-19 19:14:59 - huginn - INFO - EngagementDatabase closed: C:\Users\allie\AppData\Local\Temp\pytest-of-allie\pytest-39\test_all_valid_transitions_suc0\engagements\d57d40f1-2ed4-47ad-b419-7e4758d02844\engagement.db (5 connections)
2026-06-19 19:14:59 - huginn - INFO - Engagement created: d57d40f1-2ed4-47ad-b419-7e4758d02844 (retest->reporting)
2026-06-19 19:14:59 - huginn - INFO - State transition: d57d40f1-2ed4-47ad-b419-7e4758d02844 draft -> scoping
2026-06-19 19:14:59 - huginn - INFO - State transition: d57d40f1-2ed4-47ad-b419-7e4758d02844 scoping -> active
2026-06-19 19:14:59 - huginn - INFO - State transition: d57d40f1-2ed4-47ad-b419-7e4758d02844 active -> retest
2026-06-19 19:14:59 - huginn - INFO - State transition: d57d40f1-2ed4-47ad-b419-7e4758d02844 retest -> reporting
2026-06-19 19:14:59 - huginn - INFO - EngagementDatabase connected: C:\Users\allie\AppData\Local\Temp\pytest-of-allie\pytest-39\test_all_valid_transitions_suc0\engagements\b2b5baf3-5879-4759-8f84-e6f2769b5efd\engagement.db (pool_size=5)
2026-06-19 19:14:59 - huginn - INFO - EngagementDatabase schema created: C:\Users\allie\AppData\Local\Temp\pytest-of-allie\pytest-39\test_all_valid_transitions_suc0\engagements\b2b5baf3-5879-4759-8f84-e6f2769b5efd\engagement.db
2026-06-19 19:14:59 - huginn - INFO - EngagementDatabase closed: C:\Users\allie\AppData\Local\Temp\pytest-of-allie\pytest-39\test_all_valid_transitions_suc0\engagements\b2b5baf3-5879-4759-8f84-e6f2769b5efd\engagement.db (5 connections)
2026-06-19 19:14:59 - huginn - INFO - Engagement created: b2b5baf3-5879-4759-8f84-e6f2769b5efd (retest->active)
2026-06-19 19:14:59 - huginn - INFO - State transition: b2b5baf3-5879-4759-8f84-e6f2769b5efd draft -> scoping
2026-06-19 19:14:59 - huginn - INFO - State transition: b2b5baf3-5879-4759-8f84-e6f2769b5efd scoping -> active
2026-06-19 19:14:59 - huginn - INFO - State transition: b2b5baf3-5879-4759-8f84-e6f2769b5efd active -> retest
2026-06-19 19:14:59 - huginn - INFO - State transition: b2b5baf3-5879-4759-8f84-e6f2769b5efd retest -> active
2026-06-19 19:14:59 - huginn - INFO - EngagementDatabase connected: C:\Users\allie\AppData\Local\Temp\pytest-of-allie\pytest-39\test_all_valid_transitions_suc0\engagements\0a4ed603-78a2-4c22-b2df-9ac946a28816\engagement.db (pool_size=5)
2026-06-19 19:14:59 - huginn - INFO - EngagementDatabase schema created: C:\Users\allie\AppData\Local\Temp\pytest-of-allie\pytest-39\test_all_valid_transitions_suc0\engagements\0a4ed603-78a2-4c22-b2df-9ac946a28816\engagement.db
2026-06-19 19:14:59 - huginn - INFO - EngagementDatabase closed: C:\Users\allie\AppData\Local\Temp\pytest-of-allie\pytest-39\test_all_valid_transitions_suc0\engagements\0a4ed603-78a2-4c22-b2df-9ac946a28816\engagement.db (5 connections)
2026-06-19 19:14:59 - huginn - INFO - Engagement created: 0a4ed603-78a2-4c22-b2df-9ac946a28816 (reporting->closed)
2026-06-19 19:14:59 - huginn - INFO - State transition: 0a4ed603-78a2-4c22-b2df-9ac946a28816 draft -> scoping
2026-06-19 19:14:59 - huginn - INFO - State transition: 0a4ed603-78a2-4c22-b2df-9ac946a28816 scoping -> active
2026-06-19 19:14:59 - huginn - INFO - State transition: 0a4ed603-78a2-4c22-b2df-9ac946a28816 active -> reporting
2026-06-19 19:14:59 - huginn - INFO - State transition: 0a4ed603-78a2-4c22-b2df-9ac946a28816 reporting -> closed
2026-06-19 19:14:59 - huginn - INFO - EngagementDatabase connected: C:\Users\allie\AppData\Local\Temp\pytest-of-allie\pytest-39\test_all_valid_transitions_suc0\engagements\e073a20b-0610-40e8-a2b7-3b196cb69676\engagement.db (pool_size=5)
2026-06-19 19:14:59 - huginn - INFO - EngagementDatabase schema created: C:\Users\allie\AppData\Local\Temp\pytest-of-allie\pytest-39\test_all_valid_transitions_suc0\engagements\e073a20b-0610-40e8-a2b7-3b196cb69676\engagement.db
2026-06-19 19:14:59 - huginn - INFO - EngagementDatabase closed: C:\Users\allie\AppData\Local\Temp\pytest-of-allie\pytest-39\test_all_valid_transitions_suc0\engagements\e073a20b-0610-40e8-a2b7-3b196cb69676\engagement.db (5 connections)
2026-06-19 19:14:59 - huginn - INFO - Engagement created: e073a20b-0610-40e8-a2b7-3b196cb69676 (reporting->retest)
2026-06-19 19:14:59 - huginn - INFO - State transition: e073a20b-0610-40e8-a2b7-3b196cb69676 draft -> scoping
2026-06-19 19:14:59 - huginn - INFO - State transition: e073a20b-0610-40e8-a2b7-3b196cb69676 scoping -> active
2026-06-19 19:14:59 - huginn - INFO - State transition: e073a20b-0610-40e8-a2b7-3b196cb69676 active -> reporting
2026-06-19 19:14:59 - huginn - INFO - State transition: e073a20b-0610-40e8-a2b7-3b196cb69676 reporting -> retest
2026-06-19 19:14:59 - huginn - INFO - EngagementManager closed.
2026-06-19 19:14:59 - huginn - INFO - Master index schema initialized.
2026-06-19 19:14:59 - huginn - INFO - EngagementDatabase connected: C:\Users\allie\AppData\Local\Temp\pytest-of-allie\pytest-39\test_open_engagement_success0\engagements\5a656c5d-27f0-433e-85cc-e80a315ce3fb\engagement.db (pool_size=5)
2026-06-19 19:14:59 - huginn - INFO - EngagementDatabase schema created: C:\Users\allie\AppData\Local\Temp\pytest-of-allie\pytest-39\test_open_engagement_success0\engagements\5a656c5d-27f0-433e-85cc-e80a315ce3fb\engagement.db
2026-06-19 19:14:59 - huginn - INFO - EngagementDatabase closed: C:\Users\allie\AppData\Local\Temp\pytest-of-allie\pytest-39\test_open_engagement_success0\engagements\5a656c5d-27f0-433e-85cc-e80a315ce3fb\engagement.db (5 connections)
2026-06-19 19:14:59 - huginn - INFO - Engagement created: 5a656c5d-27f0-433e-85cc-e80a315ce3fb (Open Test)
2026-06-19 19:14:59 - huginn - INFO - EngagementDatabase connected: C:\Users\allie\AppData\Local\Temp\pytest-of-allie\pytest-39\test_open_engagement_success0\engagements\5a656c5d-27f0-433e-85cc-e80a315ce3fb\engagement.db (pool_size=5)
2026-06-19 19:14:59 - huginn - INFO - Engagement opened: 5a656c5d-27f0-433e-85cc-e80a315ce3fb
2026-06-19 19:14:59 - huginn - INFO - EngagementDatabase closed: C:\Users\allie\AppData\Local\Temp\pytest-of-allie\pytest-39\test_open_engagement_success0\engagements\5a656c5d-27f0-433e-85cc-e80a315ce3fb\engagement.db (5 connections)
2026-06-19 19:14:59 - huginn - INFO - Active engagement closed.
2026-06-19 19:14:59 - huginn - INFO - EngagementManager closed.
2026-06-19 19:14:59 - huginn - INFO - Master index schema initialized.
2026-06-19 19:14:59 - huginn - ERROR - Engagement not found: nonexistent-id
2026-06-19 19:14:59 - huginn - INFO - EngagementManager closed.
2026-06-19 19:14:59 - huginn - INFO - Master index schema initialized.
2026-06-19 19:14:59 - huginn - INFO - EngagementDatabase connected: C:\Users\allie\AppData\Local\Temp\pytest-of-allie\pytest-39\test_open_closes_previous_enga0\engagements\e35ae6ec-426a-4102-8817-f265e9f480cd\engagement.db (pool_size=5)
2026-06-19 19:14:59 - huginn - INFO - EngagementDatabase schema created: C:\Users\allie\AppData\Local\Temp\pytest-of-allie\pytest-39\test_open_closes_previous_enga0\engagements\e35ae6ec-426a-4102-8817-f265e9f480cd\engagement.db
2026-06-19 19:14:59 - huginn - INFO - EngagementDatabase closed: C:\Users\allie\AppData\Local\Temp\pytest-of-allie\pytest-39\test_open_closes_previous_enga0\engagements\e35ae6ec-426a-4102-8817-f265e9f480cd\engagement.db (5 connections)
2026-06-19 19:14:59 - huginn - INFO - Engagement created: e35ae6ec-426a-4102-8817-f265e9f480cd (First)
2026-06-19 19:14:59 - huginn - INFO - EngagementDatabase connected: C:\Users\allie\AppData\Local\Temp\pytest-of-allie\pytest-39\test_open_closes_previous_enga0\engagements\cf261560-0421-45c4-a81a-b331abcca439\engagement.db (pool_size=5)
2026-06-19 19:14:59 - huginn - INFO - EngagementDatabase schema created: C:\Users\allie\AppData\Local\Temp\pytest-of-allie\pytest-39\test_open_closes_previous_enga0\engagements\cf261560-0421-45c4-a81a-b331abcca439\engagement.db
2026-06-19 19:14:59 - huginn - INFO - EngagementDatabase closed: C:\Users\allie\AppData\Local\Temp\pytest-of-allie\pytest-39\test_open_closes_previous_enga0\engagements\cf261560-0421-45c4-a81a-b331abcca439\engagement.db (5 connections)
2026-06-19 19:14:59 - huginn - INFO - Engagement created: cf261560-0421-45c4-a81a-b331abcca439 (Second)
2026-06-19 19:14:59 - huginn - INFO - EngagementDatabase connected: C:\Users\allie\AppData\Local\Temp\pytest-of-allie\pytest-39\test_open_closes_previous_enga0\engagements\e35ae6ec-426a-4102-8817-f265e9f480cd\engagement.db (pool_size=5)
2026-06-19 19:14:59 - huginn - INFO - Engagement opened: e35ae6ec-426a-4102-8817-f265e9f480cd
2026-06-19 19:14:59 - huginn - INFO - EngagementDatabase closed: C:\Users\allie\AppData\Local\Temp\pytest-of-allie\pytest-39\test_open_closes_previous_enga0\engagements\e35ae6ec-426a-4102-8817-f265e9f480cd\engagement.db (5 connections)
2026-06-19 19:14:59 - huginn - INFO - EngagementDatabase connected: C:\Users\allie\AppData\Local\Temp\pytest-of-allie\pytest-39\test_open_closes_previous_enga0\engagements\cf261560-0421-45c4-a81a-b331abcca439\engagement.db (pool_size=5)
2026-06-19 19:14:59 - huginn - INFO - Engagement opened: cf261560-0421-45c4-a81a-b331abcca439
2026-06-19 19:14:59 - huginn - INFO - EngagementDatabase closed: C:\Users\allie\AppData\Local\Temp\pytest-of-allie\pytest-39\test_open_closes_previous_enga0\engagements\cf261560-0421-45c4-a81a-b331abcca439\engagement.db (5 connections)
2026-06-19 19:14:59 - huginn - INFO - Active engagement closed.
2026-06-19 19:14:59 - huginn - INFO - EngagementManager closed.
2026-06-19 19:14:59 - huginn - INFO - Master index schema initialized.
2026-06-19 19:14:59 - huginn - INFO - EngagementDatabase connected: C:\Users\allie\AppData\Local\Temp\pytest-of-allie\pytest-39\test_add_and_get_document0\engagements\0815aa56-87f5-4551-8b3e-762bbeace2fb\engagement.db (pool_size=5)
2026-06-19 19:14:59 - huginn - INFO - EngagementDatabase schema created: C:\Users\allie\AppData\Local\Temp\pytest-of-allie\pytest-39\test_add_and_get_document0\engagements\0815aa56-87f5-4551-8b3e-762bbeace2fb\engagement.db
2026-06-19 19:14:59 - huginn - INFO - EngagementDatabase closed: C:\Users\allie\AppData\Local\Temp\pytest-of-allie\pytest-39\test_add_and_get_document0\engagements\0815aa56-87f5-4551-8b3e-762bbeace2fb\engagement.db (5 connections)
2026-06-19 19:14:59 - huginn - INFO - Engagement created: 0815aa56-87f5-4551-8b3e-762bbeace2fb (Doc Test)
2026-06-19 19:14:59 - huginn - INFO - EngagementDatabase connected: C:\Users\allie\AppData\Local\Temp\pytest-of-allie\pytest-39\test_add_and_get_document0\engagements\0815aa56-87f5-4551-8b3e-762bbeace2fb\engagement.db (pool_size=5)
2026-06-19 19:14:59 - huginn - INFO - Engagement opened: 0815aa56-87f5-4551-8b3e-762bbeace2fb
2026-06-19 19:14:59 - huginn - DEBUG - Document added: scope.pdf (type=scope)
2026-06-19 19:14:59 - huginn - INFO - EngagementDatabase closed: C:\Users\allie\AppData\Local\Temp\pytest-of-allie\pytest-39\test_add_and_get_document0\engagements\0815aa56-87f5-4551-8b3e-762bbeace2fb\engagement.db (5 connections)
2026-06-19 19:14:59 - huginn - INFO - Active engagement closed.
2026-06-19 19:14:59 - huginn - INFO - EngagementManager closed.
2026-06-19 19:14:59 - huginn - INFO - Master index schema initialized.
2026-06-19 19:14:59 - huginn - INFO - EngagementDatabase connected: C:\Users\allie\AppData\Local\Temp\pytest-of-allie\pytest-39\test_get_document_content0\engagements\114f7c58-3af4-4e78-a468-55bc4741e566\engagement.db (pool_size=5)
2026-06-19 19:14:59 - huginn - INFO - EngagementDatabase schema created: C:\Users\allie\AppData\Local\Temp\pytest-of-allie\pytest-39\test_get_document_content0\engagements\114f7c58-3af4-4e78-a468-55bc4741e566\engagement.db
2026-06-19 19:14:59 - huginn - INFO - EngagementDatabase closed: C:\Users\allie\AppData\Local\Temp\pytest-of-allie\pytest-39\test_get_document_content0\engagements\114f7c58-3af4-4e78-a468-55bc4741e566\engagement.db (5 connections)
2026-06-19 19:14:59 - huginn - INFO - Engagement created: 114f7c58-3af4-4e78-a468-55bc4741e566 (Doc Test)
2026-06-19 19:14:59 - huginn - INFO - EngagementDatabase connected: C:\Users\allie\AppData\Local\Temp\pytest-of-allie\pytest-39\test_get_document_content0\engagements\114f7c58-3af4-4e78-a468-55bc4741e566\engagement.db (pool_size=5)
2026-06-19 19:14:59 - huginn - INFO - Engagement opened: 114f7c58-3af4-4e78-a468-55bc4741e566
2026-06-19 19:14:59 - huginn - DEBUG - Document added: test.bin (type=other)
2026-06-19 19:14:59 - huginn - INFO - EngagementDatabase closed: C:\Users\allie\AppData\Local\Temp\pytest-of-allie\pytest-39\test_get_document_content0\engagements\114f7c58-3af4-4e78-a468-55bc4741e566\engagement.db (5 connections)
2026-06-19 19:14:59 - huginn - INFO - Active engagement closed.
2026-06-19 19:14:59 - huginn - INFO - EngagementManager closed.
2026-06-19 19:14:59 - huginn - INFO - Master index schema initialized.
2026-06-19 19:14:59 - huginn - INFO - EngagementDatabase connected: C:\Users\allie\AppData\Local\Temp\pytest-of-allie\pytest-39\test_filter_documents_by_type0\engagements\f76e43f8-a1a9-477c-aecc-8505c5a45777\engagement.db (pool_size=5)
2026-06-19 19:14:59 - huginn - INFO - EngagementDatabase schema created: C:\Users\allie\AppData\Local\Temp\pytest-of-allie\pytest-39\test_filter_documents_by_type0\engagements\f76e43f8-a1a9-477c-aecc-8505c5a45777\engagement.db
2026-06-19 19:14:59 - huginn - INFO - EngagementDatabase closed: C:\Users\allie\AppData\Local\Temp\pytest-of-allie\pytest-39\test_filter_documents_by_type0\engagements\f76e43f8-a1a9-477c-aecc-8505c5a45777\engagement.db (5 connections)
2026-06-19 19:14:59 - huginn - INFO - Engagement created: f76e43f8-a1a9-477c-aecc-8505c5a45777 (Doc Test)
2026-06-19 19:14:59 - huginn - INFO - EngagementDatabase connected: C:\Users\allie\AppData\Local\Temp\pytest-of-allie\pytest-39\test_filter_documents_by_type0\engagements\f76e43f8-a1a9-477c-aecc-8505c5a45777\engagement.db (pool_size=5)
2026-06-19 19:14:59 - huginn - INFO - Engagement opened: f76e43f8-a1a9-477c-aecc-8505c5a45777
2026-06-19 19:14:59 - huginn - DEBUG - Document added: scope.pdf (type=scope)
2026-06-19 19:14:59 - huginn - DEBUG - Document added: nda.pdf (type=nda)
2026-06-19 19:14:59 - huginn - INFO - EngagementDatabase closed: C:\Users\allie\AppData\Local\Temp\pytest-of-allie\pytest-39\test_filter_documents_by_type0\engagements\f76e43f8-a1a9-477c-aecc-8505c5a45777\engagement.db (5 connections)
2026-06-19 19:14:59 - huginn - INFO - Active engagement closed.
2026-06-19 19:14:59 - huginn - INFO - EngagementManager closed.
2026-06-19 19:14:59 - huginn - INFO - Master index schema initialized.
2026-06-19 19:14:59 - huginn - INFO - EngagementDatabase connected: C:\Users\allie\AppData\Local\Temp\pytest-of-allie\pytest-39\test_delete_document0\engagements\ded70ff0-06d9-43cf-9378-681d7c28103a\engagement.db (pool_size=5)
2026-06-19 19:14:59 - huginn - INFO - EngagementDatabase schema created: C:\Users\allie\AppData\Local\Temp\pytest-of-allie\pytest-39\test_delete_document0\engagements\ded70ff0-06d9-43cf-9378-681d7c28103a\engagement.db
2026-06-19 19:14:59 - huginn - INFO - EngagementDatabase closed: C:\Users\allie\AppData\Local\Temp\pytest-of-allie\pytest-39\test_delete_document0\engagements\ded70ff0-06d9-43cf-9378-681d7c28103a\engagement.db (5 connections)
2026-06-19 19:14:59 - huginn - INFO - Engagement created: ded70ff0-06d9-43cf-9378-681d7c28103a (Doc Test)
2026-06-19 19:14:59 - huginn - INFO - EngagementDatabase connected: C:\Users\allie\AppData\Local\Temp\pytest-of-allie\pytest-39\test_delete_document0\engagements\ded70ff0-06d9-43cf-9378-681d7c28103a\engagement.db (pool_size=5)
2026-06-19 19:14:59 - huginn - INFO - Engagement opened: ded70ff0-06d9-43cf-9378-681d7c28103a
2026-06-19 19:14:59 - huginn - DEBUG - Document added: del.pdf (type=other)
2026-06-19 19:14:59 - huginn - INFO - EngagementDatabase closed: C:\Users\allie\AppData\Local\Temp\pytest-of-allie\pytest-39\test_delete_document0\engagements\ded70ff0-06d9-43cf-9378-681d7c28103a\engagement.db (5 connections)
2026-06-19 19:14:59 - huginn - INFO - Active engagement closed.
2026-06-19 19:14:59 - huginn - INFO - EngagementManager closed.
2026-06-19 19:14:59 - huginn - INFO - Master index schema initialized.
2026-06-19 19:14:59 - huginn - INFO - EngagementDatabase connected: C:\Users\allie\AppData\Local\Temp\pytest-of-allie\pytest-39\test_add_and_list_contacts0\engagements\e3b98a67-8fdf-402e-b15b-8fb34545122d\engagement.db (pool_size=5)
2026-06-19 19:14:59 - huginn - INFO - EngagementDatabase schema created: C:\Users\allie\AppData\Local\Temp\pytest-of-allie\pytest-39\test_add_and_list_contacts0\engagements\e3b98a67-8fdf-402e-b15b-8fb34545122d\engagement.db
2026-06-19 19:14:59 - huginn - INFO - EngagementDatabase closed: C:\Users\allie\AppData\Local\Temp\pytest-of-allie\pytest-39\test_add_and_list_contacts0\engagements\e3b98a67-8fdf-402e-b15b-8fb34545122d\engagement.db (5 connections)
2026-06-19 19:14:59 - huginn - INFO - Engagement created: e3b98a67-8fdf-402e-b15b-8fb34545122d (Contact Test)
2026-06-19 19:14:59 - huginn - INFO - EngagementDatabase connected: C:\Users\allie\AppData\Local\Temp\pytest-of-allie\pytest-39\test_add_and_list_contacts0\engagements\e3b98a67-8fdf-402e-b15b-8fb34545122d\engagement.db (pool_size=5)
2026-06-19 19:14:59 - huginn - INFO - Engagement opened: e3b98a67-8fdf-402e-b15b-8fb34545122d
2026-06-19 19:14:59 - huginn - DEBUG - Contact added: John Doe (CTO)
2026-06-19 19:14:59 - huginn - INFO - EngagementDatabase closed: C:\Users\allie\AppData\Local\Temp\pytest-of-allie\pytest-39\test_add_and_list_contacts0\engagements\e3b98a67-8fdf-402e-b15b-8fb34545122d\engagement.db (5 connections)
2026-06-19 19:14:59 - huginn - INFO - Active engagement closed.
2026-06-19 19:14:59 - huginn - INFO - EngagementManager closed.
2026-06-19 19:14:59 - huginn - INFO - Master index schema initialized.
2026-06-19 19:14:59 - huginn - INFO - EngagementDatabase connected: C:\Users\allie\AppData\Local\Temp\pytest-of-allie\pytest-39\test_update_contact0\engagements\5f381cb1-ded1-4f95-bfa1-7b414d965381\engagement.db (pool_size=5)
2026-06-19 19:14:59 - huginn - INFO - EngagementDatabase schema created: C:\Users\allie\AppData\Local\Temp\pytest-of-allie\pytest-39\test_update_contact0\engagements\5f381cb1-ded1-4f95-bfa1-7b414d965381\engagement.db
2026-06-19 19:14:59 - huginn - INFO - EngagementDatabase closed: C:\Users\allie\AppData\Local\Temp\pytest-of-allie\pytest-39\test_update_contact0\engagements\5f381cb1-ded1-4f95-bfa1-7b414d965381\engagement.db (5 connections)
2026-06-19 19:14:59 - huginn - INFO - Engagement created: 5f381cb1-ded1-4f95-bfa1-7b414d965381 (Contact Test)
2026-06-19 19:14:59 - huginn - INFO - EngagementDatabase connected: C:\Users\allie\AppData\Local\Temp\pytest-of-allie\pytest-39\test_update_contact0\engagements\5f381cb1-ded1-4f95-bfa1-7b414d965381\engagement.db (pool_size=5)
2026-06-19 19:14:59 - huginn - INFO - Engagement opened: 5f381cb1-ded1-4f95-bfa1-7b414d965381
2026-06-19 19:14:59 - huginn - DEBUG - Contact added: Jane (PM)
2026-06-19 19:14:59 - huginn - INFO - EngagementDatabase closed: C:\Users\allie\AppData\Local\Temp\pytest-of-allie\pytest-39\test_update_contact0\engagements\5f381cb1-ded1-4f95-bfa1-7b414d965381\engagement.db (5 connections)
2026-06-19 19:14:59 - huginn - INFO - Active engagement closed.
2026-06-19 19:14:59 - huginn - INFO - EngagementManager closed.
2026-06-19 19:14:59 - huginn - INFO - Master index schema initialized.
2026-06-19 19:14:59 - huginn - INFO - EngagementDatabase connected: C:\Users\allie\AppData\Local\Temp\pytest-of-allie\pytest-39\test_delete_contact0\engagements\3af843fe-9226-4b7d-84e2-3e5ce78ab612\engagement.db (pool_size=5)
2026-06-19 19:14:59 - huginn - INFO - EngagementDatabase schema created: C:\Users\allie\AppData\Local\Temp\pytest-of-allie\pytest-39\test_delete_contact0\engagements\3af843fe-9226-4b7d-84e2-3e5ce78ab612\engagement.db
2026-06-19 19:14:59 - huginn - INFO - EngagementDatabase closed: C:\Users\allie\AppData\Local\Temp\pytest-of-allie\pytest-39\test_delete_contact0\engagements\3af843fe-9226-4b7d-84e2-3e5ce78ab612\engagement.db (5 connections)
2026-06-19 19:14:59 - huginn - INFO - Engagement created: 3af843fe-9226-4b7d-84e2-3e5ce78ab612 (Contact Test)
2026-06-19 19:14:59 - huginn - INFO - EngagementDatabase connected: C:\Users\allie\AppData\Local\Temp\pytest-of-allie\pytest-39\test_delete_contact0\engagements\3af843fe-9226-4b7d-84e2-3e5ce78ab612\engagement.db (pool_size=5)
2026-06-19 19:14:59 - huginn - INFO - Engagement opened: 3af843fe-9226-4b7d-84e2-3e5ce78ab612
2026-06-19 19:14:59 - huginn - DEBUG - Contact added: Delete Me (None)
2026-06-19 19:14:59 - huginn - INFO - EngagementDatabase closed: C:\Users\allie\AppData\Local\Temp\pytest-of-allie\pytest-39\test_delete_contact0\engagements\3af843fe-9226-4b7d-84e2-3e5ce78ab612\engagement.db (5 connections)
2026-06-19 19:14:59 - huginn - INFO - Active engagement closed.
2026-06-19 19:14:59 - huginn - INFO - EngagementManager closed.
2026-06-19 19:14:59 - huginn - INFO - Master index schema initialized.
2026-06-19 19:14:59 - huginn - INFO - EngagementDatabase connected: C:\Users\allie\AppData\Local\Temp\pytest-of-allie\pytest-39\test_set_and_get_roe0\engagements\80771c14-68e6-401e-a631-d0e642537865\engagement.db (pool_size=5)
2026-06-19 19:14:59 - huginn - INFO - EngagementDatabase schema created: C:\Users\allie\AppData\Local\Temp\pytest-of-allie\pytest-39\test_set_and_get_roe0\engagements\80771c14-68e6-401e-a631-d0e642537865\engagement.db
2026-06-19 19:14:59 - huginn - INFO - EngagementDatabase closed: C:\Users\allie\AppData\Local\Temp\pytest-of-allie\pytest-39\test_set_and_get_roe0\engagements\80771c14-68e6-401e-a631-d0e642537865\engagement.db (5 connections)
2026-06-19 19:14:59 - huginn - INFO - Engagement created: 80771c14-68e6-401e-a631-d0e642537865 (RoE Test)
2026-06-19 19:14:59 - huginn - INFO - EngagementDatabase connected: C:\Users\allie\AppData\Local\Temp\pytest-of-allie\pytest-39\test_set_and_get_roe0\engagements\80771c14-68e6-401e-a631-d0e642537865\engagement.db (pool_size=5)
2026-06-19 19:14:59 - huginn - INFO - Engagement opened: 80771c14-68e6-401e-a631-d0e642537865
2026-06-19 19:14:59 - huginn - INFO - EngagementDatabase closed: C:\Users\allie\AppData\Local\Temp\pytest-of-allie\pytest-39\test_set_and_get_roe0\engagements\80771c14-68e6-401e-a631-d0e642537865\engagement.db (5 connections)
2026-06-19 19:14:59 - huginn - INFO - Active engagement closed.
2026-06-19 19:14:59 - huginn - INFO - EngagementManager closed.
2026-06-19 19:14:59 - huginn - INFO - Master index schema initialized.
2026-06-19 19:14:59 - huginn - INFO - EngagementDatabase connected: C:\Users\allie\AppData\Local\Temp\pytest-of-allie\pytest-39\test_update_roe_overwrites0\engagements\d2ffe740-69dc-4abe-969a-ed9d9906fcd2\engagement.db (pool_size=5)
2026-06-19 19:14:59 - huginn - INFO - EngagementDatabase schema created: C:\Users\allie\AppData\Local\Temp\pytest-of-allie\pytest-39\test_update_roe_overwrites0\engagements\d2ffe740-69dc-4abe-969a-ed9d9906fcd2\engagement.db
2026-06-19 19:14:59 - huginn - INFO - EngagementDatabase closed: C:\Users\allie\AppData\Local\Temp\pytest-of-allie\pytest-39\test_update_roe_overwrites0\engagements\d2ffe740-69dc-4abe-969a-ed9d9906fcd2\engagement.db (5 connections)
2026-06-19 19:14:59 - huginn - INFO - Engagement created: d2ffe740-69dc-4abe-969a-ed9d9906fcd2 (RoE Test)
2026-06-19 19:14:59 - huginn - INFO - EngagementDatabase connected: C:\Users\allie\AppData\Local\Temp\pytest-of-allie\pytest-39\test_update_roe_overwrites0\engagements\d2ffe740-69dc-4abe-969a-ed9d9906fcd2\engagement.db (pool_size=5)
2026-06-19 19:14:59 - huginn - INFO - Engagement opened: d2ffe740-69dc-4abe-969a-ed9d9906fcd2
2026-06-19 19:14:59 - huginn - INFO - EngagementDatabase closed: C:\Users\allie\AppData\Local\Temp\pytest-of-allie\pytest-39\test_update_roe_overwrites0\engagements\d2ffe740-69dc-4abe-969a-ed9d9906fcd2\engagement.db (5 connections)
2026-06-19 19:14:59 - huginn - INFO - Active engagement closed.
2026-06-19 19:14:59 - huginn - INFO - EngagementManager closed.
2026-06-19 19:14:59 - huginn - INFO - Master index schema initialized.
2026-06-19 19:14:59 - huginn - INFO - EngagementDatabase connected: C:\Users\allie\AppData\Local\Temp\pytest-of-allie\pytest-39\test_get_roe_returns_none_when0\engagements\bdcbfca0-39df-4173-b7fa-d758029fedfe\engagement.db (pool_size=5)
2026-06-19 19:14:59 - huginn - INFO - EngagementDatabase schema created: C:\Users\allie\AppData\Local\Temp\pytest-of-allie\pytest-39\test_get_roe_returns_none_when0\engagements\bdcbfca0-39df-4173-b7fa-d758029fedfe\engagement.db
2026-06-19 19:14:59 - huginn - INFO - EngagementDatabase closed: C:\Users\allie\AppData\Local\Temp\pytest-of-allie\pytest-39\test_get_roe_returns_none_when0\engagements\bdcbfca0-39df-4173-b7fa-d758029fedfe\engagement.db (5 connections)
2026-06-19 19:14:59 - huginn - INFO - Engagement created: bdcbfca0-39df-4173-b7fa-d758029fedfe (RoE Test)
2026-06-19 19:14:59 - huginn - INFO - EngagementDatabase connected: C:\Users\allie\AppData\Local\Temp\pytest-of-allie\pytest-39\test_get_roe_returns_none_when0\engagements\bdcbfca0-39df-4173-b7fa-d758029fedfe\engagement.db (pool_size=5)
2026-06-19 19:14:59 - huginn - INFO - Engagement opened: bdcbfca0-39df-4173-b7fa-d758029fedfe
2026-06-19 19:14:59 - huginn - INFO - EngagementDatabase closed: C:\Users\allie\AppData\Local\Temp\pytest-of-allie\pytest-39\test_get_roe_returns_none_when0\engagements\bdcbfca0-39df-4173-b7fa-d758029fedfe\engagement.db (5 connections)
2026-06-19 19:14:59 - huginn - INFO - Active engagement closed.
2026-06-19 19:14:59 - huginn - INFO - EngagementManager closed.
2026-06-19 19:14:59 - huginn - INFO - Master index schema initialized.
2026-06-19 19:14:59 - huginn - INFO - EngagementDatabase connected: C:\Users\allie\AppData\Local\Temp\pytest-of-allie\pytest-39\test_add_and_list_milestones0\engagements\73f315ab-7ac5-4235-87f6-f7b3022dec5d\engagement.db (pool_size=5)
2026-06-19 19:14:59 - huginn - INFO - EngagementDatabase schema created: C:\Users\allie\AppData\Local\Temp\pytest-of-allie\pytest-39\test_add_and_list_milestones0\engagements\73f315ab-7ac5-4235-87f6-f7b3022dec5d\engagement.db
2026-06-19 19:14:59 - huginn - INFO - EngagementDatabase closed: C:\Users\allie\AppData\Local\Temp\pytest-of-allie\pytest-39\test_add_and_list_milestones0\engagements\73f315ab-7ac5-4235-87f6-f7b3022dec5d\engagement.db (5 connections)
2026-06-19 19:14:59 - huginn - INFO - Engagement created: 73f315ab-7ac5-4235-87f6-f7b3022dec5d (Milestone Test)
2026-06-19 19:14:59 - huginn - INFO - EngagementDatabase connected: C:\Users\allie\AppData\Local\Temp\pytest-of-allie\pytest-39\test_add_and_list_milestones0\engagements\73f315ab-7ac5-4235-87f6-f7b3022dec5d\engagement.db (pool_size=5)
2026-06-19 19:14:59 - huginn - INFO - Engagement opened: 73f315ab-7ac5-4235-87f6-f7b3022dec5d
2026-06-19 19:14:59 - huginn - DEBUG - Milestone added: Kickoff (planned_start)
2026-06-19 19:14:59 - huginn - INFO - EngagementDatabase closed: C:\Users\allie\AppData\Local\Temp\pytest-of-allie\pytest-39\test_add_and_list_milestones0\engagements\73f315ab-7ac5-4235-87f6-f7b3022dec5d\engagement.db (5 connections)
2026-06-19 19:14:59 - huginn - INFO - Active engagement closed.
2026-06-19 19:14:59 - huginn - INFO - EngagementManager closed.
2026-06-19 19:14:59 - huginn - INFO - Master index schema initialized.
2026-06-19 19:14:59 - huginn - INFO - EngagementDatabase connected: C:\Users\allie\AppData\Local\Temp\pytest-of-allie\pytest-39\test_milestones_ordered_by_dat0\engagements\8854e3c7-286e-4e9e-a917-5343476e3ad0\engagement.db (pool_size=5)
2026-06-19 19:14:59 - huginn - INFO - EngagementDatabase schema created: C:\Users\allie\AppData\Local\Temp\pytest-of-allie\pytest-39\test_milestones_ordered_by_dat0\engagements\8854e3c7-286e-4e9e-a917-5343476e3ad0\engagement.db
2026-06-19 19:14:59 - huginn - INFO - EngagementDatabase closed: C:\Users\allie\AppData\Local\Temp\pytest-of-allie\pytest-39\test_milestones_ordered_by_dat0\engagements\8854e3c7-286e-4e9e-a917-5343476e3ad0\engagement.db (5 connections)
2026-06-19 19:14:59 - huginn - INFO - Engagement created: 8854e3c7-286e-4e9e-a917-5343476e3ad0 (Milestone Test)
2026-06-19 19:14:59 - huginn - INFO - EngagementDatabase connected: C:\Users\allie\AppData\Local\Temp\pytest-of-allie\pytest-39\test_milestones_ordered_by_dat0\engagements\8854e3c7-286e-4e9e-a917-5343476e3ad0\engagement.db (pool_size=5)
2026-06-19 19:14:59 - huginn - INFO - Engagement opened: 8854e3c7-286e-4e9e-a917-5343476e3ad0
2026-06-19 19:14:59 - huginn - DEBUG - Milestone added: End (planned_end)
2026-06-19 19:14:59 - huginn - DEBUG - Milestone added: Start (planned_start)
2026-06-19 19:14:59 - huginn - DEBUG - Milestone added: Mid (checkpoint)
2026-06-19 19:14:59 - huginn - INFO - EngagementDatabase closed: C:\Users\allie\AppData\Local\Temp\pytest-of-allie\pytest-39\test_milestones_ordered_by_dat0\engagements\8854e3c7-286e-4e9e-a917-5343476e3ad0\engagement.db (5 connections)
2026-06-19 19:14:59 - huginn - INFO - Active engagement closed.
2026-06-19 19:15:00 - huginn - INFO - EngagementManager closed.
2026-06-19 19:15:00 - huginn - INFO - Master index schema initialized.
2026-06-19 19:15:00 - huginn - INFO - EngagementDatabase connected: C:\Users\allie\AppData\Local\Temp\pytest-of-allie\pytest-39\test_update_milestone0\engagements\ad05df64-0e9b-4fb4-a31b-5db4d76f0952\engagement.db (pool_size=5)
2026-06-19 19:15:00 - huginn - INFO - EngagementDatabase schema created: C:\Users\allie\AppData\Local\Temp\pytest-of-allie\pytest-39\test_update_milestone0\engagements\ad05df64-0e9b-4fb4-a31b-5db4d76f0952\engagement.db
2026-06-19 19:15:00 - huginn - INFO - EngagementDatabase closed: C:\Users\allie\AppData\Local\Temp\pytest-of-allie\pytest-39\test_update_milestone0\engagements\ad05df64-0e9b-4fb4-a31b-5db4d76f0952\engagement.db (5 connections)
2026-06-19 19:15:00 - huginn - INFO - Engagement created: ad05df64-0e9b-4fb4-a31b-5db4d76f0952 (Milestone Test)
2026-06-19 19:15:00 - huginn - INFO - EngagementDatabase connected: C:\Users\allie\AppData\Local\Temp\pytest-of-allie\pytest-39\test_update_milestone0\engagements\ad05df64-0e9b-4fb4-a31b-5db4d76f0952\engagement.db (pool_size=5)
2026-06-19 19:15:00 - huginn - INFO - Engagement opened: ad05df64-0e9b-4fb4-a31b-5db4d76f0952
2026-06-19 19:15:00 - huginn - DEBUG - Milestone added: Old Name (checkpoint)
2026-06-19 19:15:00 - huginn - INFO - EngagementDatabase closed: C:\Users\allie\AppData\Local\Temp\pytest-of-allie\pytest-39\test_update_milestone0\engagements\ad05df64-0e9b-4fb4-a31b-5db4d76f0952\engagement.db (5 connections)
2026-06-19 19:15:00 - huginn - INFO - Active engagement closed.
2026-06-19 19:15:00 - huginn - INFO - EngagementManager closed.
2026-06-19 19:15:00 - huginn - INFO - Master index schema initialized.
2026-06-19 19:15:00 - huginn - INFO - EngagementDatabase connected: C:\Users\allie\AppData\Local\Temp\pytest-of-allie\pytest-39\test_delete_milestone0\engagements\bf43fcc3-b4ca-4779-b313-77e3f5335292\engagement.db (pool_size=5)
2026-06-19 19:15:00 - huginn - INFO - EngagementDatabase schema created: C:\Users\allie\AppData\Local\Temp\pytest-of-allie\pytest-39\test_delete_milestone0\engagements\bf43fcc3-b4ca-4779-b313-77e3f5335292\engagement.db
2026-06-19 19:15:00 - huginn - INFO - EngagementDatabase closed: C:\Users\allie\AppData\Local\Temp\pytest-of-allie\pytest-39\test_delete_milestone0\engagements\bf43fcc3-b4ca-4779-b313-77e3f5335292\engagement.db (5 connections)
2026-06-19 19:15:00 - huginn - INFO - Engagement created: bf43fcc3-b4ca-4779-b313-77e3f5335292 (Milestone Test)
2026-06-19 19:15:00 - huginn - INFO - EngagementDatabase connected: C:\Users\allie\AppData\Local\Temp\pytest-of-allie\pytest-39\test_delete_milestone0\engagements\bf43fcc3-b4ca-4779-b313-77e3f5335292\engagement.db (pool_size=5)
2026-06-19 19:15:00 - huginn - INFO - Engagement opened: bf43fcc3-b4ca-4779-b313-77e3f5335292
2026-06-19 19:15:00 - huginn - DEBUG - Milestone added: Remove (checkpoint)
2026-06-19 19:15:00 - huginn - INFO - EngagementDatabase closed: C:\Users\allie\AppData\Local\Temp\pytest-of-allie\pytest-39\test_delete_milestone0\engagements\bf43fcc3-b4ca-4779-b313-77e3f5335292\engagement.db (5 connections)
2026-06-19 19:15:00 - huginn - INFO - Active engagement closed.
2026-06-19 19:15:00 - huginn - INFO - EngagementManager closed.
2026-06-19 19:15:00 - huginn - INFO - Master index schema initialized.
2026-06-19 19:15:00 - huginn - INFO - EngagementDatabase connected: C:\Users\allie\AppData\Local\Temp\pytest-of-allie\pytest-39\test_engagement_created_signal0\engagements\ad11a940-8593-493e-8bd3-76493e7ab6cd\engagement.db (pool_size=5)
2026-06-19 19:15:00 - huginn - INFO - EngagementDatabase schema created: C:\Users\allie\AppData\Local\Temp\pytest-of-allie\pytest-39\test_engagement_created_signal0\engagements\ad11a940-8593-493e-8bd3-76493e7ab6cd\engagement.db
2026-06-19 19:15:00 - huginn - INFO - EngagementDatabase closed: C:\Users\allie\AppData\Local\Temp\pytest-of-allie\pytest-39\test_engagement_created_signal0\engagements\ad11a940-8593-493e-8bd3-76493e7ab6cd\engagement.db (5 connections)
2026-06-19 19:15:00 - huginn - INFO - Engagement created: ad11a940-8593-493e-8bd3-76493e7ab6cd (Signal)
2026-06-19 19:15:00 - huginn - INFO - EngagementManager closed.
2026-06-19 19:15:00 - huginn - INFO - Master index schema initialized.
2026-06-19 19:15:00 - huginn - INFO - EngagementDatabase connected: C:\Users\allie\AppData\Local\Temp\pytest-of-allie\pytest-39\test_engagement_opened_signal0\engagements\61b38f69-c186-4bc8-ade1-803cb0239150\engagement.db (pool_size=5)
2026-06-19 19:15:00 - huginn - INFO - EngagementDatabase schema created: C:\Users\allie\AppData\Local\Temp\pytest-of-allie\pytest-39\test_engagement_opened_signal0\engagements\61b38f69-c186-4bc8-ade1-803cb0239150\engagement.db
2026-06-19 19:15:00 - huginn - INFO - EngagementDatabase closed: C:\Users\allie\AppData\Local\Temp\pytest-of-allie\pytest-39\test_engagement_opened_signal0\engagements\61b38f69-c186-4bc8-ade1-803cb0239150\engagement.db (5 connections)
2026-06-19 19:15:00 - huginn - INFO - Engagement created: 61b38f69-c186-4bc8-ade1-803cb0239150 (Signal Open)
2026-06-19 19:15:00 - huginn - INFO - EngagementDatabase connected: C:\Users\allie\AppData\Local\Temp\pytest-of-allie\pytest-39\test_engagement_opened_signal0\engagements\61b38f69-c186-4bc8-ade1-803cb0239150\engagement.db (pool_size=5)
2026-06-19 19:15:00 - huginn - INFO - Engagement opened: 61b38f69-c186-4bc8-ade1-803cb0239150
2026-06-19 19:15:00 - huginn - INFO - EngagementDatabase closed: C:\Users\allie\AppData\Local\Temp\pytest-of-allie\pytest-39\test_engagement_opened_signal0\engagements\61b38f69-c186-4bc8-ade1-803cb0239150\engagement.db (5 connections)
2026-06-19 19:15:00 - huginn - INFO - Active engagement closed.
2026-06-19 19:15:00 - huginn - INFO - EngagementManager closed.
2026-06-19 19:15:00 - huginn - INFO - Master index schema initialized.
2026-06-19 19:15:00 - huginn - INFO - EngagementDatabase connected: C:\Users\allie\AppData\Local\Temp\pytest-of-allie\pytest-39\test_state_changed_signal0\engagements\a4838b8b-6c79-4b32-b5c0-0e1a84443faa\engagement.db (pool_size=5)
2026-06-19 19:15:00 - huginn - INFO - EngagementDatabase schema created: C:\Users\allie\AppData\Local\Temp\pytest-of-allie\pytest-39\test_state_changed_signal0\engagements\a4838b8b-6c79-4b32-b5c0-0e1a84443faa\engagement.db
2026-06-19 19:15:00 - huginn - INFO - EngagementDatabase closed: C:\Users\allie\AppData\Local\Temp\pytest-of-allie\pytest-39\test_state_changed_signal0\engagements\a4838b8b-6c79-4b32-b5c0-0e1a84443faa\engagement.db (5 connections)
2026-06-19 19:15:00 - huginn - INFO - Engagement created: a4838b8b-6c79-4b32-b5c0-0e1a84443faa (Signal State)
2026-06-19 19:15:00 - huginn - INFO - State transition: a4838b8b-6c79-4b32-b5c0-0e1a84443faa draft -> scoping
2026-06-19 19:15:00 - huginn - INFO - EngagementManager closed.
2026-06-19 19:15:00 - huginn - INFO - Master index schema initialized.
2026-06-19 19:15:00 - huginn - INFO - EngagementManager closed.
2026-06-19 20:31:38 - huginn - INFO - License saved successfully
2026-06-19 20:31:38 - huginn - INFO - License loaded and validated successfully
2026-06-19 20:31:38 - huginn - INFO - Application starting...
2026-06-19 20:31:38 - huginn - INFO - Huginn version 1.0.0
2026-06-19 20:31:38 - huginn - INFO - Font loaded successfully
2026-06-19 20:31:38 - huginn - INFO - Stylesheet loaded successfully
2026-06-19 20:31:38 - huginn - INFO - Creating main window...
2026-06-19 20:31:38 - huginn - INFO - QThreadPool max threads set to 32 (CPUs: 32)
2026-06-19 20:31:38 - huginn - INFO - Custom font 'Neuropol X' loaded from C:\Users\allie\Coding Projects\huggin_suite\huginn\resources\fonts\neuropol.otf
2026-06-19 20:31:40 - huginn - INFO - Master index schema initialized.
2026-06-19 20:31:41 - huginn - DEBUG - [FeatureGapIntegration] Tenant→Engagement wiring connected.
2026-06-19 20:31:41 - huginn - INFO - [FeatureGapIntegration] All new modules integrated successfully.
2026-06-19 20:31:41 - huginn - INFO - Feature gap integration completed successfully
2026-06-19 20:31:52 - huginn - INFO - EngagementDatabase connected: C:\Users\allie\Coding Projects\huggin_suite\huginn\resources\engagements\f658aa60-dc87-447e-b412-978c8f3aa195\engagement.db (pool_size=5)
2026-06-19 20:31:52 - huginn - INFO - Engagement opened: f658aa60-dc87-447e-b412-978c8f3aa195
2026-06-19 20:31:52 - huginn - INFO - NoteSystem: database attached and FTS initialized.
2026-06-19 20:31:52 - huginn - INFO - RetestWorkflow: database attached.
2026-06-19 20:31:52 - huginn - INFO - [FeatureGapIntegration] Engagement opened by name via tenant change: Local LAB
2026-06-19 20:35:30 - huginn - DEBUG - Memory monitoring stopped
2026-06-19 20:35:30 - huginn - DEBUG - Connection pool closed all sessions
2026-06-19 20:36:43 - huginn - INFO - Using default configuration
2026-06-19 20:36:46 - huginn - INFO - License saved successfully
2026-06-19 20:36:46 - huginn - INFO - License loaded and validated successfully
2026-06-19 20:36:58 - huginn - INFO - Using default configuration
2026-06-19 20:37:00 - huginn - INFO - License saved successfully
2026-06-19 20:37:00 - huginn - INFO - License loaded and validated successfully
2026-06-19 20:37:09 - huginn - INFO - Using default configuration
2026-06-19 20:37:11 - huginn - INFO - License saved successfully
2026-06-19 20:37:11 - huginn - INFO - License loaded and validated successfully
2026-06-19 20:37:23 - huginn - INFO - Using default configuration
2026-06-19 20:37:25 - huginn - INFO - License saved successfully
2026-06-19 20:37:25 - huginn - INFO - License loaded and validated successfully
2026-06-19 20:37:44 - huginn - INFO - Using default configuration
2026-06-19 20:37:46 - huginn - INFO - License saved successfully
2026-06-19 20:37:46 - huginn - INFO - License loaded and validated successfully
2026-06-19 20:38:03 - huginn - INFO - Using default configuration
2026-06-19 20:38:05 - huginn - INFO - License saved successfully
2026-06-19 20:38:05 - huginn - INFO - License loaded and validated successfully
2026-06-19 20:38:34 - huginn - INFO - QThreadPool max threads set to 32 (CPUs: 32)
2026-06-19 20:38:34 - huginn - WARNING - Font loading failed - file not found or invalid: C:\Users\allie\Coding Projects\huggin_suite\huginn\tests\resources\fonts\neuropol.otf
2026-06-19 20:38:34 - huginn - INFO - License saved successfully
2026-06-19 20:38:34 - huginn - INFO - License loaded and validated successfully
2026-06-19 20:38:35 - huginn - INFO - Master index schema initialized.
2026-06-19 20:38:35 - huginn - INFO - EngagementDatabase connected: C:\Users\allie\AppData\Local\Temp\pytest-of-allie\pytest-40\test_create_engagement_returns0\engagements\57e3e261-c1d4-4bd3-867a-ff57d07afedf\engagement.db (pool_size=5)
2026-06-19 20:38:35 - huginn - INFO - EngagementDatabase schema created: C:\Users\allie\AppData\Local\Temp\pytest-of-allie\pytest-40\test_create_engagement_returns0\engagements\57e3e261-c1d4-4bd3-867a-ff57d07afedf\engagement.db
2026-06-19 20:38:35 - huginn - INFO - EngagementDatabase closed: C:\Users\allie\AppData\Local\Temp\pytest-of-allie\pytest-40\test_create_engagement_returns0\engagements\57e3e261-c1d4-4bd3-867a-ff57d07afedf\engagement.db (5 connections)
2026-06-19 20:38:35 - huginn - INFO - Engagement created: 57e3e261-c1d4-4bd3-867a-ff57d07afedf (Test Engagement)
2026-06-19 20:38:35 - huginn - INFO - EngagementManager closed.
2026-06-19 20:38:35 - huginn - INFO - Master index schema initialized.
2026-06-19 20:38:35 - huginn - INFO - EngagementDatabase connected: C:\Users\allie\AppData\Local\Temp\pytest-of-allie\pytest-40\test_create_engagement_creates0\engagements\a23bd424-1583-41be-b910-4e05ffcf8fe9\engagement.db (pool_size=5)
2026-06-19 20:38:35 - huginn - INFO - EngagementDatabase schema created: C:\Users\allie\AppData\Local\Temp\pytest-of-allie\pytest-40\test_create_engagement_creates0\engagements\a23bd424-1583-41be-b910-4e05ffcf8fe9\engagement.db
2026-06-19 20:38:35 - huginn - INFO - EngagementDatabase closed: C:\Users\allie\AppData\Local\Temp\pytest-of-allie\pytest-40\test_create_engagement_creates0\engagements\a23bd424-1583-41be-b910-4e05ffcf8fe9\engagement.db (5 connections)
2026-06-19 20:38:35 - huginn - INFO - Engagement created: a23bd424-1583-41be-b910-4e05ffcf8fe9 (DB File Test)
2026-06-19 20:38:35 - huginn - INFO - EngagementManager closed.
2026-06-19 20:38:35 - huginn - INFO - Master index schema initialized.
2026-06-19 20:38:35 - huginn - INFO - EngagementDatabase connected: C:\Users\allie\AppData\Local\Temp\pytest-of-allie\pytest-40\test_create_engagement_initial0\engagements\dcf6d34f-cb7a-4c78-a4af-75e24acc47f3\engagement.db (pool_size=5)
2026-06-19 20:38:35 - huginn - INFO - EngagementDatabase schema created: C:\Users\allie\AppData\Local\Temp\pytest-of-allie\pytest-40\test_create_engagement_initial0\engagements\dcf6d34f-cb7a-4c78-a4af-75e24acc47f3\engagement.db
2026-06-19 20:38:35 - huginn - INFO - EngagementDatabase closed: C:\Users\allie\AppData\Local\Temp\pytest-of-allie\pytest-40\test_create_engagement_initial0\engagements\dcf6d34f-cb7a-4c78-a4af-75e24acc47f3\engagement.db (5 connections)
2026-06-19 20:38:35 - huginn - INFO - Engagement created: dcf6d34f-cb7a-4c78-a4af-75e24acc47f3 (State Test)
2026-06-19 20:38:35 - huginn - INFO - EngagementManager closed.
2026-06-19 20:38:35 - huginn - INFO - Master index schema initialized.
2026-06-19 20:38:35 - huginn - INFO - EngagementDatabase connected: C:\Users\allie\AppData\Local\Temp\pytest-of-allie\pytest-40\test_create_multiple_engagemen0\engagements\8a643b8b-6b91-4748-a016-b31a486b2cb7\engagement.db (pool_size=5)
2026-06-19 20:38:35 - huginn - INFO - EngagementDatabase schema created: C:\Users\allie\AppData\Local\Temp\pytest-of-allie\pytest-40\test_create_multiple_engagemen0\engagements\8a643b8b-6b91-4748-a016-b31a486b2cb7\engagement.db
2026-06-19 20:38:35 - huginn - INFO - EngagementDatabase closed: C:\Users\allie\AppData\Local\Temp\pytest-of-allie\pytest-40\test_create_multiple_engagemen0\engagements\8a643b8b-6b91-4748-a016-b31a486b2cb7\engagement.db (5 connections)
2026-06-19 20:38:35 - huginn - INFO - Engagement created: 8a643b8b-6b91-4748-a016-b31a486b2cb7 (Engagement 0)
2026-06-19 20:38:35 - huginn - INFO - EngagementDatabase connected: C:\Users\allie\AppData\Local\Temp\pytest-of-allie\pytest-40\test_create_multiple_engagemen0\engagements\539da374-2e8b-45cc-b175-5cd68666f9ec\engagement.db (pool_size=5)
2026-06-19 20:38:35 - huginn - INFO - EngagementDatabase schema created: C:\Users\allie\AppData\Local\Temp\pytest-of-allie\pytest-40\test_create_multiple_engagemen0\engagements\539da374-2e8b-45cc-b175-5cd68666f9ec\engagement.db
2026-06-19 20:38:35 - huginn - INFO - EngagementDatabase closed: C:\Users\allie\AppData\Local\Temp\pytest-of-allie\pytest-40\test_create_multiple_engagemen0\engagements\539da374-2e8b-45cc-b175-5cd68666f9ec\engagement.db (5 connections)
2026-06-19 20:38:35 - huginn - INFO - Engagement created: 539da374-2e8b-45cc-b175-5cd68666f9ec (Engagement 1)
2026-06-19 20:38:35 - huginn - INFO - EngagementDatabase connected: C:\Users\allie\AppData\Local\Temp\pytest-of-allie\pytest-40\test_create_multiple_engagemen0\engagements\a504d141-1e74-44a8-a97d-efd4428ce01f\engagement.db (pool_size=5)
2026-06-19 20:38:35 - huginn - INFO - EngagementDatabase schema created: C:\Users\allie\AppData\Local\Temp\pytest-of-allie\pytest-40\test_create_multiple_engagemen0\engagements\a504d141-1e74-44a8-a97d-efd4428ce01f\engagement.db
2026-06-19 20:38:35 - huginn - INFO - EngagementDatabase closed: C:\Users\allie\AppData\Local\Temp\pytest-of-allie\pytest-40\test_create_multiple_engagemen0\engagements\a504d141-1e74-44a8-a97d-efd4428ce01f\engagement.db (5 connections)
2026-06-19 20:38:35 - huginn - INFO - Engagement created: a504d141-1e74-44a8-a97d-efd4428ce01f (Engagement 2)
2026-06-19 20:38:35 - huginn - INFO - EngagementDatabase connected: C:\Users\allie\AppData\Local\Temp\pytest-of-allie\pytest-40\test_create_multiple_engagemen0\engagements\709d50ed-4d0f-4dec-8618-607f98374150\engagement.db (pool_size=5)
2026-06-19 20:38:35 - huginn - INFO - EngagementDatabase schema created: C:\Users\allie\AppData\Local\Temp\pytest-of-allie\pytest-40\test_create_multiple_engagemen0\engagements\709d50ed-4d0f-4dec-8618-607f98374150\engagement.db
2026-06-19 20:38:35 - huginn - INFO - EngagementDatabase closed: C:\Users\allie\AppData\Local\Temp\pytest-of-allie\pytest-40\test_create_multiple_engagemen0\engagements\709d50ed-4d0f-4dec-8618-607f98374150\engagement.db (5 connections)
2026-06-19 20:38:35 - huginn - INFO - Engagement created: 709d50ed-4d0f-4dec-8618-607f98374150 (Engagement 3)
2026-06-19 20:38:35 - huginn - INFO - EngagementDatabase connected: C:\Users\allie\AppData\Local\Temp\pytest-of-allie\pytest-40\test_create_multiple_engagemen0\engagements\9239405c-bac6-4519-8688-230f5cb61ee0\engagement.db (pool_size=5)
2026-06-19 20:38:35 - huginn - INFO - EngagementDatabase schema created: C:\Users\allie\AppData\Local\Temp\pytest-of-allie\pytest-40\test_create_multiple_engagemen0\engagements\9239405c-bac6-4519-8688-230f5cb61ee0\engagement.db
2026-06-19 20:38:35 - huginn - INFO - EngagementDatabase closed: C:\Users\allie\AppData\Local\Temp\pytest-of-allie\pytest-40\test_create_multiple_engagemen0\engagements\9239405c-bac6-4519-8688-230f5cb61ee0\engagement.db (5 connections)
2026-06-19 20:38:35 - huginn - INFO - Engagement created: 9239405c-bac6-4519-8688-230f5cb61ee0 (Engagement 4)
2026-06-19 20:38:35 - huginn - INFO - EngagementDatabase connected: C:\Users\allie\AppData\Local\Temp\pytest-of-allie\pytest-40\test_create_multiple_engagemen0\engagements\1c7c6aea-529a-4cc2-96f1-2f3bbe9af596\engagement.db (pool_size=5)
2026-06-19 20:38:35 - huginn - INFO - EngagementDatabase schema created: C:\Users\allie\AppData\Local\Temp\pytest-of-allie\pytest-40\test_create_multiple_engagemen0\engagements\1c7c6aea-529a-4cc2-96f1-2f3bbe9af596\engagement.db
2026-06-19 20:38:35 - huginn - INFO - EngagementDatabase closed: C:\Users\allie\AppData\Local\Temp\pytest-of-allie\pytest-40\test_create_multiple_engagemen0\engagements\1c7c6aea-529a-4cc2-96f1-2f3bbe9af596\engagement.db (5 connections)
2026-06-19 20:38:35 - huginn - INFO - Engagement created: 1c7c6aea-529a-4cc2-96f1-2f3bbe9af596 (Engagement 5)
2026-06-19 20:38:35 - huginn - INFO - EngagementDatabase connected: C:\Users\allie\AppData\Local\Temp\pytest-of-allie\pytest-40\test_create_multiple_engagemen0\engagements\523e6caf-5b85-4d89-a680-a657b4efb54d\engagement.db (pool_size=5)
2026-06-19 20:38:35 - huginn - INFO - EngagementDatabase schema created: C:\Users\allie\AppData\Local\Temp\pytest-of-allie\pytest-40\test_create_multiple_engagemen0\engagements\523e6caf-5b85-4d89-a680-a657b4efb54d\engagement.db
2026-06-19 20:38:35 - huginn - INFO - EngagementDatabase closed: C:\Users\allie\AppData\Local\Temp\pytest-of-allie\pytest-40\test_create_multiple_engagemen0\engagements\523e6caf-5b85-4d89-a680-a657b4efb54d\engagement.db (5 connections)
2026-06-19 20:38:35 - huginn - INFO - Engagement created: 523e6caf-5b85-4d89-a680-a657b4efb54d (Engagement 6)
2026-06-19 20:38:35 - huginn - INFO - EngagementDatabase connected: C:\Users\allie\AppData\Local\Temp\pytest-of-allie\pytest-40\test_create_multiple_engagemen0\engagements\8421a320-4e25-4346-b50e-f7383bc1433d\engagement.db (pool_size=5)
2026-06-19 20:38:35 - huginn - INFO - EngagementDatabase schema created: C:\Users\allie\AppData\Local\Temp\pytest-of-allie\pytest-40\test_create_multiple_engagemen0\engagements\8421a320-4e25-4346-b50e-f7383bc1433d\engagement.db
2026-06-19 20:38:35 - huginn - INFO - EngagementDatabase closed: C:\Users\allie\AppData\Local\Temp\pytest-of-allie\pytest-40\test_create_multiple_engagemen0\engagements\8421a320-4e25-4346-b50e-f7383bc1433d\engagement.db (5 connections)
2026-06-19 20:38:35 - huginn - INFO - Engagement created: 8421a320-4e25-4346-b50e-f7383bc1433d (Engagement 7)
2026-06-19 20:38:35 - huginn - INFO - EngagementDatabase connected: C:\Users\allie\AppData\Local\Temp\pytest-of-allie\pytest-40\test_create_multiple_engagemen0\engagements\27dccd38-0ecc-47dc-8a0c-9e512b26fc0d\engagement.db (pool_size=5)
2026-06-19 20:38:35 - huginn - INFO - EngagementDatabase schema created: C:\Users\allie\AppData\Local\Temp\pytest-of-allie\pytest-40\test_create_multiple_engagemen0\engagements\27dccd38-0ecc-47dc-8a0c-9e512b26fc0d\engagement.db
2026-06-19 20:38:35 - huginn - INFO - EngagementDatabase closed: C:\Users\allie\AppData\Local\Temp\pytest-of-allie\pytest-40\test_create_multiple_engagemen0\engagements\27dccd38-0ecc-47dc-8a0c-9e512b26fc0d\engagement.db (5 connections)
2026-06-19 20:38:35 - huginn - INFO - Engagement created: 27dccd38-0ecc-47dc-8a0c-9e512b26fc0d (Engagement 8)
2026-06-19 20:38:35 - huginn - INFO - EngagementDatabase connected: C:\Users\allie\AppData\Local\Temp\pytest-of-allie\pytest-40\test_create_multiple_engagemen0\engagements\1ad29661-a899-4da5-b620-286fca221881\engagement.db (pool_size=5)
2026-06-19 20:38:35 - huginn - INFO - EngagementDatabase schema created: C:\Users\allie\AppData\Local\Temp\pytest-of-allie\pytest-40\test_create_multiple_engagemen0\engagements\1ad29661-a899-4da5-b620-286fca221881\engagement.db
2026-06-19 20:38:35 - huginn - INFO - EngagementDatabase closed: C:\Users\allie\AppData\Local\Temp\pytest-of-allie\pytest-40\test_create_multiple_engagemen0\engagements\1ad29661-a899-4da5-b620-286fca221881\engagement.db (5 connections)
2026-06-19 20:38:35 - huginn - INFO - Engagement created: 1ad29661-a899-4da5-b620-286fca221881 (Engagement 9)
2026-06-19 20:38:35 - huginn - INFO - EngagementManager closed.
2026-06-19 20:38:35 - huginn - INFO - Master index schema initialized.
2026-06-19 20:38:35 - huginn - INFO - EngagementDatabase connected: C:\Users\allie\AppData\Local\Temp\pytest-of-allie\pytest-40\test_get_engagement_returns_me0\engagements\ef39a37a-0c88-44d4-af97-84c68f0970fa\engagement.db (pool_size=5)
2026-06-19 20:38:35 - huginn - INFO - EngagementDatabase schema created: C:\Users\allie\AppData\Local\Temp\pytest-of-allie\pytest-40\test_get_engagement_returns_me0\engagements\ef39a37a-0c88-44d4-af97-84c68f0970fa\engagement.db
2026-06-19 20:38:35 - huginn - INFO - EngagementDatabase closed: C:\Users\allie\AppData\Local\Temp\pytest-of-allie\pytest-40\test_get_engagement_returns_me0\engagements\ef39a37a-0c88-44d4-af97-84c68f0970fa\engagement.db (5 connections)
2026-06-19 20:38:35 - huginn - INFO - Engagement created: ef39a37a-0c88-44d4-af97-84c68f0970fa (Metadata Test)
2026-06-19 20:38:35 - huginn - INFO - EngagementManager closed.
2026-06-19 20:38:35 - huginn - INFO - Master index schema initialized.
2026-06-19 20:38:35 - huginn - INFO - EngagementManager closed.
2026-06-19 20:38:35 - huginn - INFO - Master index schema initialized.
2026-06-19 20:38:35 - huginn - INFO - EngagementDatabase connected: C:\Users\allie\AppData\Local\Temp\pytest-of-allie\pytest-40\test_list_all_engagements0\engagements\f9f76086-d1e2-4c88-86b8-8eaa89bca49e\engagement.db (pool_size=5)
2026-06-19 20:38:35 - huginn - INFO - EngagementDatabase schema created: C:\Users\allie\AppData\Local\Temp\pytest-of-allie\pytest-40\test_list_all_engagements0\engagements\f9f76086-d1e2-4c88-86b8-8eaa89bca49e\engagement.db
2026-06-19 20:38:35 - huginn - INFO - EngagementDatabase closed: C:\Users\allie\AppData\Local\Temp\pytest-of-allie\pytest-40\test_list_all_engagements0\engagements\f9f76086-d1e2-4c88-86b8-8eaa89bca49e\engagement.db (5 connections)
2026-06-19 20:38:35 - huginn - INFO - Engagement created: f9f76086-d1e2-4c88-86b8-8eaa89bca49e (Eng 1)
2026-06-19 20:38:35 - huginn - INFO - EngagementDatabase connected: C:\Users\allie\AppData\Local\Temp\pytest-of-allie\pytest-40\test_list_all_engagements0\engagements\7a69d719-916b-4dee-be5f-cfc01dceb5e9\engagement.db (pool_size=5)
2026-06-19 20:38:35 - huginn - INFO - EngagementDatabase schema created: C:\Users\allie\AppData\Local\Temp\pytest-of-allie\pytest-40\test_list_all_engagements0\engagements\7a69d719-916b-4dee-be5f-cfc01dceb5e9\engagement.db
2026-06-19 20:38:35 - huginn - INFO - EngagementDatabase closed: C:\Users\allie\AppData\Local\Temp\pytest-of-allie\pytest-40\test_list_all_engagements0\engagements\7a69d719-916b-4dee-be5f-cfc01dceb5e9\engagement.db (5 connections)
2026-06-19 20:38:35 - huginn - INFO - Engagement created: 7a69d719-916b-4dee-be5f-cfc01dceb5e9 (Eng 2)
2026-06-19 20:38:35 - huginn - INFO - EngagementManager closed.
2026-06-19 20:38:35 - huginn - INFO - Master index schema initialized.
2026-06-19 20:38:35 - huginn - INFO - EngagementDatabase connected: C:\Users\allie\AppData\Local\Temp\pytest-of-allie\pytest-40\test_list_engagements_status_f0\engagements\e43daf4b-9247-4b44-8779-9c94317bb7f5\engagement.db (pool_size=5)
2026-06-19 20:38:35 - huginn - INFO - EngagementDatabase schema created: C:\Users\allie\AppData\Local\Temp\pytest-of-allie\pytest-40\test_list_engagements_status_f0\engagements\e43daf4b-9247-4b44-8779-9c94317bb7f5\engagement.db
2026-06-19 20:38:35 - huginn - INFO - EngagementDatabase closed: C:\Users\allie\AppData\Local\Temp\pytest-of-allie\pytest-40\test_list_engagements_status_f0\engagements\e43daf4b-9247-4b44-8779-9c94317bb7f5\engagement.db (5 connections)
2026-06-19 20:38:35 - huginn - INFO - Engagement created: e43daf4b-9247-4b44-8779-9c94317bb7f5 (Draft Eng)
2026-06-19 20:38:35 - huginn - INFO - EngagementDatabase connected: C:\Users\allie\AppData\Local\Temp\pytest-of-allie\pytest-40\test_list_engagements_status_f0\engagements\16c98398-92d0-4817-aaeb-f24a1b0cac67\engagement.db (pool_size=5)
2026-06-19 20:38:35 - huginn - INFO - EngagementDatabase schema created: C:\Users\allie\AppData\Local\Temp\pytest-of-allie\pytest-40\test_list_engagements_status_f0\engagements\16c98398-92d0-4817-aaeb-f24a1b0cac67\engagement.db
2026-06-19 20:38:35 - huginn - INFO - EngagementDatabase closed: C:\Users\allie\AppData\Local\Temp\pytest-of-allie\pytest-40\test_list_engagements_status_f0\engagements\16c98398-92d0-4817-aaeb-f24a1b0cac67\engagement.db (5 connections)
2026-06-19 20:38:35 - huginn - INFO - Engagement created: 16c98398-92d0-4817-aaeb-f24a1b0cac67 (Active Eng)
2026-06-19 20:38:35 - huginn - INFO - State transition: 16c98398-92d0-4817-aaeb-f24a1b0cac67 draft -> scoping
2026-06-19 20:38:35 - huginn - INFO - State transition: 16c98398-92d0-4817-aaeb-f24a1b0cac67 scoping -> active
2026-06-19 20:38:35 - huginn - INFO - EngagementManager closed.
2026-06-19 20:38:35 - huginn - INFO - Master index schema initialized.
2026-06-19 20:38:35 - huginn - INFO - EngagementDatabase connected: C:\Users\allie\AppData\Local\Temp\pytest-of-allie\pytest-40\test_list_engagements_search0\engagements\8cd91654-9f32-40dc-9ece-4c79118f87f4\engagement.db (pool_size=5)
2026-06-19 20:38:35 - huginn - INFO - EngagementDatabase schema created: C:\Users\allie\AppData\Local\Temp\pytest-of-allie\pytest-40\test_list_engagements_search0\engagements\8cd91654-9f32-40dc-9ece-4c79118f87f4\engagement.db
2026-06-19 20:38:35 - huginn - INFO - EngagementDatabase closed: C:\Users\allie\AppData\Local\Temp\pytest-of-allie\pytest-40\test_list_engagements_search0\engagements\8cd91654-9f32-40dc-9ece-4c79118f87f4\engagement.db (5 connections)
2026-06-19 20:38:35 - huginn - INFO - Engagement created: 8cd91654-9f32-40dc-9ece-4c79118f87f4 (Alpha Project)
2026-06-19 20:38:35 - huginn - INFO - EngagementDatabase connected: C:\Users\allie\AppData\Local\Temp\pytest-of-allie\pytest-40\test_list_engagements_search0\engagements\3bf53997-dc27-42b8-aa85-d87079b9322a\engagement.db (pool_size=5)
2026-06-19 20:38:35 - huginn - INFO - EngagementDatabase schema created: C:\Users\allie\AppData\Local\Temp\pytest-of-allie\pytest-40\test_list_engagements_search0\engagements\3bf53997-dc27-42b8-aa85-d87079b9322a\engagement.db
2026-06-19 20:38:35 - huginn - INFO - EngagementDatabase closed: C:\Users\allie\AppData\Local\Temp\pytest-of-allie\pytest-40\test_list_engagements_search0\engagements\3bf53997-dc27-42b8-aa85-d87079b9322a\engagement.db (5 connections)
2026-06-19 20:38:35 - huginn - INFO - Engagement created: 3bf53997-dc27-42b8-aa85-d87079b9322a (Beta Project)
2026-06-19 20:38:35 - huginn - INFO - EngagementManager closed.
2026-06-19 20:38:35 - huginn - INFO - Master index schema initialized.
2026-06-19 20:38:35 - huginn - INFO - EngagementDatabase connected: C:\Users\allie\AppData\Local\Temp\pytest-of-allie\pytest-40\test_valid_transitions_from_dr0\engagements\272833c1-1d69-446e-a8fb-062f799662d3\engagement.db (pool_size=5)
2026-06-19 20:38:35 - huginn - INFO - EngagementDatabase schema created: C:\Users\allie\AppData\Local\Temp\pytest-of-allie\pytest-40\test_valid_transitions_from_dr0\engagements\272833c1-1d69-446e-a8fb-062f799662d3\engagement.db
2026-06-19 20:38:35 - huginn - INFO - EngagementDatabase closed: C:\Users\allie\AppData\Local\Temp\pytest-of-allie\pytest-40\test_valid_transitions_from_dr0\engagements\272833c1-1d69-446e-a8fb-062f799662d3\engagement.db (5 connections)
2026-06-19 20:38:35 - huginn - INFO - Engagement created: 272833c1-1d69-446e-a8fb-062f799662d3 (SM Test)
2026-06-19 20:38:35 - huginn - INFO - State transition: 272833c1-1d69-446e-a8fb-062f799662d3 draft -> scoping
2026-06-19 20:38:35 - huginn - INFO - EngagementManager closed.
2026-06-19 20:38:35 - huginn - INFO - Master index schema initialized.
2026-06-19 20:38:35 - huginn - INFO - EngagementDatabase connected: C:\Users\allie\AppData\Local\Temp\pytest-of-allie\pytest-40\test_valid_full_lifecycle0\engagements\23e4b341-d11f-4f1d-82c2-ebd43e5bc33b\engagement.db (pool_size=5)
2026-06-19 20:38:35 - huginn - INFO - EngagementDatabase schema created: C:\Users\allie\AppData\Local\Temp\pytest-of-allie\pytest-40\test_valid_full_lifecycle0\engagements\23e4b341-d11f-4f1d-82c2-ebd43e5bc33b\engagement.db
2026-06-19 20:38:35 - huginn - INFO - EngagementDatabase closed: C:\Users\allie\AppData\Local\Temp\pytest-of-allie\pytest-40\test_valid_full_lifecycle0\engagements\23e4b341-d11f-4f1d-82c2-ebd43e5bc33b\engagement.db (5 connections)
2026-06-19 20:38:35 - huginn - INFO - Engagement created: 23e4b341-d11f-4f1d-82c2-ebd43e5bc33b (Lifecycle)
2026-06-19 20:38:35 - huginn - INFO - State transition: 23e4b341-d11f-4f1d-82c2-ebd43e5bc33b draft -> scoping
2026-06-19 20:38:35 - huginn - INFO - State transition: 23e4b341-d11f-4f1d-82c2-ebd43e5bc33b scoping -> active
2026-06-19 20:38:35 - huginn - INFO - State transition: 23e4b341-d11f-4f1d-82c2-ebd43e5bc33b active -> reporting
2026-06-19 20:38:35 - huginn - INFO - State transition: 23e4b341-d11f-4f1d-82c2-ebd43e5bc33b reporting -> closed
2026-06-19 20:38:35 - huginn - INFO - EngagementManager closed.
2026-06-19 20:38:35 - huginn - INFO - Master index schema initialized.
2026-06-19 20:38:35 - huginn - INFO - EngagementDatabase connected: C:\Users\allie\AppData\Local\Temp\pytest-of-allie\pytest-40\test_invalid_transition_reject0\engagements\9c3cc957-b60e-49e3-8d22-846a59ae9cd9\engagement.db (pool_size=5)
2026-06-19 20:38:35 - huginn - INFO - EngagementDatabase schema created: C:\Users\allie\AppData\Local\Temp\pytest-of-allie\pytest-40\test_invalid_transition_reject0\engagements\9c3cc957-b60e-49e3-8d22-846a59ae9cd9\engagement.db
2026-06-19 20:38:35 - huginn - INFO - EngagementDatabase closed: C:\Users\allie\AppData\Local\Temp\pytest-of-allie\pytest-40\test_invalid_transition_reject0\engagements\9c3cc957-b60e-49e3-8d22-846a59ae9cd9\engagement.db (5 connections)
2026-06-19 20:38:35 - huginn - INFO - Engagement created: 9c3cc957-b60e-49e3-8d22-846a59ae9cd9 (Invalid)
2026-06-19 20:38:35 - huginn - WARNING - Invalid state transition for 9c3cc957-b60e-49e3-8d22-846a59ae9cd9: draft -> active. Allowed: ['scoping']
2026-06-19 20:38:35 - huginn - INFO - EngagementManager closed.
2026-06-19 20:38:35 - huginn - INFO - Master index schema initialized.
2026-06-19 20:38:35 - huginn - INFO - EngagementDatabase connected: C:\Users\allie\AppData\Local\Temp\pytest-of-allie\pytest-40\test_closed_state_has_no_trans0\engagements\1c2b296f-d52e-487e-93f0-6a1e1f69355a\engagement.db (pool_size=5)
2026-06-19 20:38:35 - huginn - INFO - EngagementDatabase schema created: C:\Users\allie\AppData\Local\Temp\pytest-of-allie\pytest-40\test_closed_state_has_no_trans0\engagements\1c2b296f-d52e-487e-93f0-6a1e1f69355a\engagement.db
2026-06-19 20:38:35 - huginn - INFO - EngagementDatabase closed: C:\Users\allie\AppData\Local\Temp\pytest-of-allie\pytest-40\test_closed_state_has_no_trans0\engagements\1c2b296f-d52e-487e-93f0-6a1e1f69355a\engagement.db (5 connections)
2026-06-19 20:38:35 - huginn - INFO - Engagement created: 1c2b296f-d52e-487e-93f0-6a1e1f69355a (Closed)
2026-06-19 20:38:35 - huginn - INFO - State transition: 1c2b296f-d52e-487e-93f0-6a1e1f69355a draft -> scoping
2026-06-19 20:38:35 - huginn - INFO - State transition: 1c2b296f-d52e-487e-93f0-6a1e1f69355a scoping -> active
2026-06-19 20:38:35 - huginn - INFO - State transition: 1c2b296f-d52e-487e-93f0-6a1e1f69355a active -> reporting
2026-06-19 20:38:35 - huginn - INFO - State transition: 1c2b296f-d52e-487e-93f0-6a1e1f69355a reporting -> closed
2026-06-19 20:38:35 - huginn - WARNING - Invalid state transition for 1c2b296f-d52e-487e-93f0-6a1e1f69355a: closed -> draft. Allowed: []
2026-06-19 20:38:35 - huginn - WARNING - Invalid state transition for 1c2b296f-d52e-487e-93f0-6a1e1f69355a: closed -> scoping. Allowed: []
2026-06-19 20:38:35 - huginn - WARNING - Invalid state transition for 1c2b296f-d52e-487e-93f0-6a1e1f69355a: closed -> active. Allowed: []
2026-06-19 20:38:35 - huginn - WARNING - Invalid state transition for 1c2b296f-d52e-487e-93f0-6a1e1f69355a: closed -> paused. Allowed: []
2026-06-19 20:38:35 - huginn - WARNING - Invalid state transition for 1c2b296f-d52e-487e-93f0-6a1e1f69355a: closed -> retest. Allowed: []
2026-06-19 20:38:35 - huginn - WARNING - Invalid state transition for 1c2b296f-d52e-487e-93f0-6a1e1f69355a: closed -> reporting. Allowed: []
2026-06-19 20:38:35 - huginn - WARNING - Invalid state transition for 1c2b296f-d52e-487e-93f0-6a1e1f69355a: closed -> closed. Allowed: []
2026-06-19 20:38:35 - huginn - INFO - EngagementManager closed.
2026-06-19 20:38:35 - huginn - INFO - Master index schema initialized.
2026-06-19 20:38:35 - huginn - INFO - EngagementDatabase connected: C:\Users\allie\AppData\Local\Temp\pytest-of-allie\pytest-40\test_active_to_paused_and_back0\engagements\45139227-ec26-483e-8daa-c0cdf7522a2a\engagement.db (pool_size=5)
2026-06-19 20:38:35 - huginn - INFO - EngagementDatabase schema created: C:\Users\allie\AppData\Local\Temp\pytest-of-allie\pytest-40\test_active_to_paused_and_back0\engagements\45139227-ec26-483e-8daa-c0cdf7522a2a\engagement.db
2026-06-19 20:38:35 - huginn - INFO - EngagementDatabase closed: C:\Users\allie\AppData\Local\Temp\pytest-of-allie\pytest-40\test_active_to_paused_and_back0\engagements\45139227-ec26-483e-8daa-c0cdf7522a2a\engagement.db (5 connections)
2026-06-19 20:38:35 - huginn - INFO - Engagement created: 45139227-ec26-483e-8daa-c0cdf7522a2a (Pause)
2026-06-19 20:38:35 - huginn - INFO - State transition: 45139227-ec26-483e-8daa-c0cdf7522a2a draft -> scoping
2026-06-19 20:38:35 - huginn - INFO - State transition: 45139227-ec26-483e-8daa-c0cdf7522a2a scoping -> active
2026-06-19 20:38:35 - huginn - INFO - State transition: 45139227-ec26-483e-8daa-c0cdf7522a2a active -> paused
2026-06-19 20:38:35 - huginn - INFO - State transition: 45139227-ec26-483e-8daa-c0cdf7522a2a paused -> active
2026-06-19 20:38:35 - huginn - INFO - EngagementManager closed.
2026-06-19 20:38:35 - huginn - INFO - Master index schema initialized.
2026-06-19 20:38:35 - huginn - INFO - EngagementDatabase connected: C:\Users\allie\AppData\Local\Temp\pytest-of-allie\pytest-40\test_active_to_retest_and_repo0\engagements\23849d15-a0cc-4bb1-96b1-3e8d61b80c9e\engagement.db (pool_size=5)
2026-06-19 20:38:35 - huginn - INFO - EngagementDatabase schema created: C:\Users\allie\AppData\Local\Temp\pytest-of-allie\pytest-40\test_active_to_retest_and_repo0\engagements\23849d15-a0cc-4bb1-96b1-3e8d61b80c9e\engagement.db
2026-06-19 20:38:35 - huginn - INFO - EngagementDatabase closed: C:\Users\allie\AppData\Local\Temp\pytest-of-allie\pytest-40\test_active_to_retest_and_repo0\engagements\23849d15-a0cc-4bb1-96b1-3e8d61b80c9e\engagement.db (5 connections)
2026-06-19 20:38:35 - huginn - INFO - Engagement created: 23849d15-a0cc-4bb1-96b1-3e8d61b80c9e (Retest)
2026-06-19 20:38:35 - huginn - INFO - State transition: 23849d15-a0cc-4bb1-96b1-3e8d61b80c9e draft -> scoping
2026-06-19 20:38:35 - huginn - INFO - State transition: 23849d15-a0cc-4bb1-96b1-3e8d61b80c9e scoping -> active
2026-06-19 20:38:35 - huginn - INFO - State transition: 23849d15-a0cc-4bb1-96b1-3e8d61b80c9e active -> retest
2026-06-19 20:38:35 - huginn - INFO - State transition: 23849d15-a0cc-4bb1-96b1-3e8d61b80c9e retest -> reporting
2026-06-19 20:38:35 - huginn - INFO - EngagementManager closed.
2026-06-19 20:38:35 - huginn - INFO - Master index schema initialized.
2026-06-19 20:38:35 - huginn - INFO - EngagementDatabase connected: C:\Users\allie\AppData\Local\Temp\pytest-of-allie\pytest-40\test_transition_records_histor0\engagements\a4ad4069-6bb1-4d5e-b5ab-9b33d35ca8f9\engagement.db (pool_size=5)
2026-06-19 20:38:35 - huginn - INFO - EngagementDatabase schema created: C:\Users\allie\AppData\Local\Temp\pytest-of-allie\pytest-40\test_transition_records_histor0\engagements\a4ad4069-6bb1-4d5e-b5ab-9b33d35ca8f9\engagement.db
2026-06-19 20:38:35 - huginn - INFO - EngagementDatabase closed: C:\Users\allie\AppData\Local\Temp\pytest-of-allie\pytest-40\test_transition_records_histor0\engagements\a4ad4069-6bb1-4d5e-b5ab-9b33d35ca8f9\engagement.db (5 connections)
2026-06-19 20:38:35 - huginn - INFO - Engagement created: a4ad4069-6bb1-4d5e-b5ab-9b33d35ca8f9 (History)
2026-06-19 20:38:35 - huginn - INFO - State transition: a4ad4069-6bb1-4d5e-b5ab-9b33d35ca8f9 draft -> scoping
2026-06-19 20:38:35 - huginn - INFO - State transition: a4ad4069-6bb1-4d5e-b5ab-9b33d35ca8f9 scoping -> active
2026-06-19 20:38:35 - huginn - INFO - EngagementManager closed.
2026-06-19 20:38:35 - huginn - INFO - Master index schema initialized.
2026-06-19 20:38:35 - huginn - ERROR - Cannot transition state: engagement fake-id not found.
2026-06-19 20:38:35 - huginn - INFO - EngagementManager closed.
2026-06-19 20:38:35 - huginn - INFO - Master index schema initialized.
2026-06-19 20:38:36 - huginn - INFO - EngagementDatabase connected: C:\Users\allie\AppData\Local\Temp\pytest-of-allie\pytest-40\test_all_valid_transitions_suc0\engagements\1e0ab118-518c-4b6a-9060-1c601c85ab2a\engagement.db (pool_size=5)
2026-06-19 20:38:36 - huginn - INFO - EngagementDatabase schema created: C:\Users\allie\AppData\Local\Temp\pytest-of-allie\pytest-40\test_all_valid_transitions_suc0\engagements\1e0ab118-518c-4b6a-9060-1c601c85ab2a\engagement.db
2026-06-19 20:38:36 - huginn - INFO - EngagementDatabase closed: C:\Users\allie\AppData\Local\Temp\pytest-of-allie\pytest-40\test_all_valid_transitions_suc0\engagements\1e0ab118-518c-4b6a-9060-1c601c85ab2a\engagement.db (5 connections)
2026-06-19 20:38:36 - huginn - INFO - Engagement created: 1e0ab118-518c-4b6a-9060-1c601c85ab2a (draft->scoping)
2026-06-19 20:38:36 - huginn - INFO - State transition: 1e0ab118-518c-4b6a-9060-1c601c85ab2a draft -> scoping
2026-06-19 20:38:36 - huginn - INFO - EngagementDatabase connected: C:\Users\allie\AppData\Local\Temp\pytest-of-allie\pytest-40\test_all_valid_transitions_suc0\engagements\28a833d9-e478-4c3c-a689-82aafe6ff660\engagement.db (pool_size=5)
2026-06-19 20:38:36 - huginn - INFO - EngagementDatabase schema created: C:\Users\allie\AppData\Local\Temp\pytest-of-allie\pytest-40\test_all_valid_transitions_suc0\engagements\28a833d9-e478-4c3c-a689-82aafe6ff660\engagement.db
2026-06-19 20:38:36 - huginn - INFO - EngagementDatabase closed: C:\Users\allie\AppData\Local\Temp\pytest-of-allie\pytest-40\test_all_valid_transitions_suc0\engagements\28a833d9-e478-4c3c-a689-82aafe6ff660\engagement.db (5 connections)
2026-06-19 20:38:36 - huginn - INFO - Engagement created: 28a833d9-e478-4c3c-a689-82aafe6ff660 (scoping->active)
2026-06-19 20:38:36 - huginn - INFO - State transition: 28a833d9-e478-4c3c-a689-82aafe6ff660 draft -> scoping
2026-06-19 20:38:36 - huginn - INFO - State transition: 28a833d9-e478-4c3c-a689-82aafe6ff660 scoping -> active
2026-06-19 20:38:36 - huginn - INFO - EngagementDatabase connected: C:\Users\allie\AppData\Local\Temp\pytest-of-allie\pytest-40\test_all_valid_transitions_suc0\engagements\fc55a25a-8b40-42a5-a21d-e51b202009cd\engagement.db (pool_size=5)
2026-06-19 20:38:36 - huginn - INFO - EngagementDatabase schema created: C:\Users\allie\AppData\Local\Temp\pytest-of-allie\pytest-40\test_all_valid_transitions_suc0\engagements\fc55a25a-8b40-42a5-a21d-e51b202009cd\engagement.db
2026-06-19 20:38:36 - huginn - INFO - EngagementDatabase closed: C:\Users\allie\AppData\Local\Temp\pytest-of-allie\pytest-40\test_all_valid_transitions_suc0\engagements\fc55a25a-8b40-42a5-a21d-e51b202009cd\engagement.db (5 connections)
2026-06-19 20:38:36 - huginn - INFO - Engagement created: fc55a25a-8b40-42a5-a21d-e51b202009cd (active->paused)
2026-06-19 20:38:36 - huginn - INFO - State transition: fc55a25a-8b40-42a5-a21d-e51b202009cd draft -> scoping
2026-06-19 20:38:36 - huginn - INFO - State transition: fc55a25a-8b40-42a5-a21d-e51b202009cd scoping -> active
2026-06-19 20:38:36 - huginn - INFO - State transition: fc55a25a-8b40-42a5-a21d-e51b202009cd active -> paused
2026-06-19 20:38:36 - huginn - INFO - EngagementDatabase connected: C:\Users\allie\AppData\Local\Temp\pytest-of-allie\pytest-40\test_all_valid_transitions_suc0\engagements\b99dc7b6-f2e5-431b-9e93-be6c771cdcd3\engagement.db (pool_size=5)
2026-06-19 20:38:36 - huginn - INFO - EngagementDatabase schema created: C:\Users\allie\AppData\Local\Temp\pytest-of-allie\pytest-40\test_all_valid_transitions_suc0\engagements\b99dc7b6-f2e5-431b-9e93-be6c771cdcd3\engagement.db
2026-06-19 20:38:36 - huginn - INFO - EngagementDatabase closed: C:\Users\allie\AppData\Local\Temp\pytest-of-allie\pytest-40\test_all_valid_transitions_suc0\engagements\b99dc7b6-f2e5-431b-9e93-be6c771cdcd3\engagement.db (5 connections)
2026-06-19 20:38:36 - huginn - INFO - Engagement created: b99dc7b6-f2e5-431b-9e93-be6c771cdcd3 (active->retest)
2026-06-19 20:38:36 - huginn - INFO - State transition: b99dc7b6-f2e5-431b-9e93-be6c771cdcd3 draft -> scoping
2026-06-19 20:38:36 - huginn - INFO - State transition: b99dc7b6-f2e5-431b-9e93-be6c771cdcd3 scoping -> active
2026-06-19 20:38:36 - huginn - INFO - State transition: b99dc7b6-f2e5-431b-9e93-be6c771cdcd3 active -> retest
2026-06-19 20:38:36 - huginn - INFO - EngagementDatabase connected: C:\Users\allie\AppData\Local\Temp\pytest-of-allie\pytest-40\test_all_valid_transitions_suc0\engagements\3cee9876-f1fc-45d1-aba9-31fbb7ef56dc\engagement.db (pool_size=5)
2026-06-19 20:38:36 - huginn - INFO - EngagementDatabase schema created: C:\Users\allie\AppData\Local\Temp\pytest-of-allie\pytest-40\test_all_valid_transitions_suc0\engagements\3cee9876-f1fc-45d1-aba9-31fbb7ef56dc\engagement.db
2026-06-19 20:38:36 - huginn - INFO - EngagementDatabase closed: C:\Users\allie\AppData\Local\Temp\pytest-of-allie\pytest-40\test_all_valid_transitions_suc0\engagements\3cee9876-f1fc-45d1-aba9-31fbb7ef56dc\engagement.db (5 connections)
2026-06-19 20:38:36 - huginn - INFO - Engagement created: 3cee9876-f1fc-45d1-aba9-31fbb7ef56dc (active->reporting)
2026-06-19 20:38:36 - huginn - INFO - State transition: 3cee9876-f1fc-45d1-aba9-31fbb7ef56dc draft -> scoping
2026-06-19 20:38:36 - huginn - INFO - State transition: 3cee9876-f1fc-45d1-aba9-31fbb7ef56dc scoping -> active
2026-06-19 20:38:36 - huginn - INFO - State transition: 3cee9876-f1fc-45d1-aba9-31fbb7ef56dc active -> reporting
2026-06-19 20:38:36 - huginn - INFO - EngagementDatabase connected: C:\Users\allie\AppData\Local\Temp\pytest-of-allie\pytest-40\test_all_valid_transitions_suc0\engagements\72e05af1-17df-487b-b699-f0f505a8bbfa\engagement.db (pool_size=5)
2026-06-19 20:38:36 - huginn - INFO - EngagementDatabase schema created: C:\Users\allie\AppData\Local\Temp\pytest-of-allie\pytest-40\test_all_valid_transitions_suc0\engagements\72e05af1-17df-487b-b699-f0f505a8bbfa\engagement.db
2026-06-19 20:38:36 - huginn - INFO - EngagementDatabase closed: C:\Users\allie\AppData\Local\Temp\pytest-of-allie\pytest-40\test_all_valid_transitions_suc0\engagements\72e05af1-17df-487b-b699-f0f505a8bbfa\engagement.db (5 connections)
2026-06-19 20:38:36 - huginn - INFO - Engagement created: 72e05af1-17df-487b-b699-f0f505a8bbfa (paused->active)
2026-06-19 20:38:36 - huginn - INFO - State transition: 72e05af1-17df-487b-b699-f0f505a8bbfa draft -> scoping
2026-06-19 20:38:36 - huginn - INFO - State transition: 72e05af1-17df-487b-b699-f0f505a8bbfa scoping -> active
2026-06-19 20:38:36 - huginn - INFO - State transition: 72e05af1-17df-487b-b699-f0f505a8bbfa active -> paused
2026-06-19 20:38:36 - huginn - INFO - State transition: 72e05af1-17df-487b-b699-f0f505a8bbfa paused -> active
2026-06-19 20:38:36 - huginn - INFO - EngagementDatabase connected: C:\Users\allie\AppData\Local\Temp\pytest-of-allie\pytest-40\test_all_valid_transitions_suc0\engagements\6d66c549-bdcf-483c-9731-544c0fc88871\engagement.db (pool_size=5)
2026-06-19 20:38:36 - huginn - INFO - EngagementDatabase schema created: C:\Users\allie\AppData\Local\Temp\pytest-of-allie\pytest-40\test_all_valid_transitions_suc0\engagements\6d66c549-bdcf-483c-9731-544c0fc88871\engagement.db
2026-06-19 20:38:36 - huginn - INFO - EngagementDatabase closed: C:\Users\allie\AppData\Local\Temp\pytest-of-allie\pytest-40\test_all_valid_transitions_suc0\engagements\6d66c549-bdcf-483c-9731-544c0fc88871\engagement.db (5 connections)
2026-06-19 20:38:36 - huginn - INFO - Engagement created: 6d66c549-bdcf-483c-9731-544c0fc88871 (paused->closed)
2026-06-19 20:38:36 - huginn - INFO - State transition: 6d66c549-bdcf-483c-9731-544c0fc88871 draft -> scoping
2026-06-19 20:38:36 - huginn - INFO - State transition: 6d66c549-bdcf-483c-9731-544c0fc88871 scoping -> active
2026-06-19 20:38:36 - huginn - INFO - State transition: 6d66c549-bdcf-483c-9731-544c0fc88871 active -> paused
2026-06-19 20:38:36 - huginn - INFO - State transition: 6d66c549-bdcf-483c-9731-544c0fc88871 paused -> closed
2026-06-19 20:38:36 - huginn - INFO - EngagementDatabase connected: C:\Users\allie\AppData\Local\Temp\pytest-of-allie\pytest-40\test_all_valid_transitions_suc0\engagements\7069e6ed-773b-4146-9882-c6ffe770e42d\engagement.db (pool_size=5)
2026-06-19 20:38:36 - huginn - INFO - EngagementDatabase schema created: C:\Users\allie\AppData\Local\Temp\pytest-of-allie\pytest-40\test_all_valid_transitions_suc0\engagements\7069e6ed-773b-4146-9882-c6ffe770e42d\engagement.db
2026-06-19 20:38:36 - huginn - INFO - EngagementDatabase closed: C:\Users\allie\AppData\Local\Temp\pytest-of-allie\pytest-40\test_all_valid_transitions_suc0\engagements\7069e6ed-773b-4146-9882-c6ffe770e42d\engagement.db (5 connections)
2026-06-19 20:38:36 - huginn - INFO - Engagement created: 7069e6ed-773b-4146-9882-c6ffe770e42d (retest->reporting)
2026-06-19 20:38:36 - huginn - INFO - State transition: 7069e6ed-773b-4146-9882-c6ffe770e42d draft -> scoping
2026-06-19 20:38:36 - huginn - INFO - State transition: 7069e6ed-773b-4146-9882-c6ffe770e42d scoping -> active
2026-06-19 20:38:36 - huginn - INFO - State transition: 7069e6ed-773b-4146-9882-c6ffe770e42d active -> retest
2026-06-19 20:38:36 - huginn - INFO - State transition: 7069e6ed-773b-4146-9882-c6ffe770e42d retest -> reporting
2026-06-19 20:38:36 - huginn - INFO - EngagementDatabase connected: C:\Users\allie\AppData\Local\Temp\pytest-of-allie\pytest-40\test_all_valid_transitions_suc0\engagements\6316608a-2ea2-40df-b656-9dbabb048c0b\engagement.db (pool_size=5)
2026-06-19 20:38:36 - huginn - INFO - EngagementDatabase schema created: C:\Users\allie\AppData\Local\Temp\pytest-of-allie\pytest-40\test_all_valid_transitions_suc0\engagements\6316608a-2ea2-40df-b656-9dbabb048c0b\engagement.db
2026-06-19 20:38:36 - huginn - INFO - EngagementDatabase closed: C:\Users\allie\AppData\Local\Temp\pytest-of-allie\pytest-40\test_all_valid_transitions_suc0\engagements\6316608a-2ea2-40df-b656-9dbabb048c0b\engagement.db (5 connections)
2026-06-19 20:38:36 - huginn - INFO - Engagement created: 6316608a-2ea2-40df-b656-9dbabb048c0b (retest->active)
2026-06-19 20:38:36 - huginn - INFO - State transition: 6316608a-2ea2-40df-b656-9dbabb048c0b draft -> scoping
2026-06-19 20:38:36 - huginn - INFO - State transition: 6316608a-2ea2-40df-b656-9dbabb048c0b scoping -> active
2026-06-19 20:38:36 - huginn - INFO - State transition: 6316608a-2ea2-40df-b656-9dbabb048c0b active -> retest
2026-06-19 20:38:36 - huginn - INFO - State transition: 6316608a-2ea2-40df-b656-9dbabb048c0b retest -> active
2026-06-19 20:38:36 - huginn - INFO - EngagementDatabase connected: C:\Users\allie\AppData\Local\Temp\pytest-of-allie\pytest-40\test_all_valid_transitions_suc0\engagements\01f8a035-1f55-4f56-880d-b820022a722c\engagement.db (pool_size=5)
2026-06-19 20:38:36 - huginn - INFO - EngagementDatabase schema created: C:\Users\allie\AppData\Local\Temp\pytest-of-allie\pytest-40\test_all_valid_transitions_suc0\engagements\01f8a035-1f55-4f56-880d-b820022a722c\engagement.db
2026-06-19 20:38:36 - huginn - INFO - EngagementDatabase closed: C:\Users\allie\AppData\Local\Temp\pytest-of-allie\pytest-40\test_all_valid_transitions_suc0\engagements\01f8a035-1f55-4f56-880d-b820022a722c\engagement.db (5 connections)
2026-06-19 20:38:36 - huginn - INFO - Engagement created: 01f8a035-1f55-4f56-880d-b820022a722c (reporting->closed)
2026-06-19 20:38:36 - huginn - INFO - State transition: 01f8a035-1f55-4f56-880d-b820022a722c draft -> scoping
2026-06-19 20:38:36 - huginn - INFO - State transition: 01f8a035-1f55-4f56-880d-b820022a722c scoping -> active
2026-06-19 20:38:36 - huginn - INFO - State transition: 01f8a035-1f55-4f56-880d-b820022a722c active -> reporting
2026-06-19 20:38:36 - huginn - INFO - State transition: 01f8a035-1f55-4f56-880d-b820022a722c reporting -> closed
2026-06-19 20:38:36 - huginn - INFO - EngagementDatabase connected: C:\Users\allie\AppData\Local\Temp\pytest-of-allie\pytest-40\test_all_valid_transitions_suc0\engagements\5bf53188-2328-4e0c-9ef1-001853d0560f\engagement.db (pool_size=5)
2026-06-19 20:38:36 - huginn - INFO - EngagementDatabase schema created: C:\Users\allie\AppData\Local\Temp\pytest-of-allie\pytest-40\test_all_valid_transitions_suc0\engagements\5bf53188-2328-4e0c-9ef1-001853d0560f\engagement.db
2026-06-19 20:38:36 - huginn - INFO - EngagementDatabase closed: C:\Users\allie\AppData\Local\Temp\pytest-of-allie\pytest-40\test_all_valid_transitions_suc0\engagements\5bf53188-2328-4e0c-9ef1-001853d0560f\engagement.db (5 connections)
2026-06-19 20:38:36 - huginn - INFO - Engagement created: 5bf53188-2328-4e0c-9ef1-001853d0560f (reporting->retest)
2026-06-19 20:38:36 - huginn - INFO - State transition: 5bf53188-2328-4e0c-9ef1-001853d0560f draft -> scoping
2026-06-19 20:38:36 - huginn - INFO - State transition: 5bf53188-2328-4e0c-9ef1-001853d0560f scoping -> active
2026-06-19 20:38:36 - huginn - INFO - State transition: 5bf53188-2328-4e0c-9ef1-001853d0560f active -> reporting
2026-06-19 20:38:36 - huginn - INFO - State transition: 5bf53188-2328-4e0c-9ef1-001853d0560f reporting -> retest
2026-06-19 20:38:36 - huginn - INFO - EngagementManager closed.
2026-06-19 20:38:36 - huginn - INFO - Master index schema initialized.
2026-06-19 20:38:36 - huginn - INFO - EngagementDatabase connected: C:\Users\allie\AppData\Local\Temp\pytest-of-allie\pytest-40\test_open_engagement_success0\engagements\e6095a00-177b-40f9-b196-f813c6137c21\engagement.db (pool_size=5)
2026-06-19 20:38:36 - huginn - INFO - EngagementDatabase schema created: C:\Users\allie\AppData\Local\Temp\pytest-of-allie\pytest-40\test_open_engagement_success0\engagements\e6095a00-177b-40f9-b196-f813c6137c21\engagement.db
2026-06-19 20:38:36 - huginn - INFO - EngagementDatabase closed: C:\Users\allie\AppData\Local\Temp\pytest-of-allie\pytest-40\test_open_engagement_success0\engagements\e6095a00-177b-40f9-b196-f813c6137c21\engagement.db (5 connections)
2026-06-19 20:38:36 - huginn - INFO - Engagement created: e6095a00-177b-40f9-b196-f813c6137c21 (Open Test)
2026-06-19 20:38:36 - huginn - INFO - EngagementDatabase connected: C:\Users\allie\AppData\Local\Temp\pytest-of-allie\pytest-40\test_open_engagement_success0\engagements\e6095a00-177b-40f9-b196-f813c6137c21\engagement.db (pool_size=5)
2026-06-19 20:38:36 - huginn - INFO - Engagement opened: e6095a00-177b-40f9-b196-f813c6137c21
2026-06-19 20:38:36 - huginn - INFO - EngagementDatabase closed: C:\Users\allie\AppData\Local\Temp\pytest-of-allie\pytest-40\test_open_engagement_success0\engagements\e6095a00-177b-40f9-b196-f813c6137c21\engagement.db (5 connections)
2026-06-19 20:38:36 - huginn - INFO - Active engagement closed.
2026-06-19 20:38:36 - huginn - INFO - EngagementManager closed.
2026-06-19 20:38:36 - huginn - INFO - Master index schema initialized.
2026-06-19 20:38:36 - huginn - ERROR - Engagement not found: nonexistent-id
2026-06-19 20:38:36 - huginn - INFO - EngagementManager closed.
2026-06-19 20:38:36 - huginn - INFO - Master index schema initialized.
2026-06-19 20:38:36 - huginn - INFO - EngagementDatabase connected: C:\Users\allie\AppData\Local\Temp\pytest-of-allie\pytest-40\test_open_closes_previous_enga0\engagements\414ecf5d-d611-4962-a989-b984bea51fba\engagement.db (pool_size=5)
2026-06-19 20:38:36 - huginn - INFO - EngagementDatabase schema created: C:\Users\allie\AppData\Local\Temp\pytest-of-allie\pytest-40\test_open_closes_previous_enga0\engagements\414ecf5d-d611-4962-a989-b984bea51fba\engagement.db
2026-06-19 20:38:36 - huginn - INFO - EngagementDatabase closed: C:\Users\allie\AppData\Local\Temp\pytest-of-allie\pytest-40\test_open_closes_previous_enga0\engagements\414ecf5d-d611-4962-a989-b984bea51fba\engagement.db (5 connections)
2026-06-19 20:38:36 - huginn - INFO - Engagement created: 414ecf5d-d611-4962-a989-b984bea51fba (First)
2026-06-19 20:38:36 - huginn - INFO - EngagementDatabase connected: C:\Users\allie\AppData\Local\Temp\pytest-of-allie\pytest-40\test_open_closes_previous_enga0\engagements\5019e332-b416-47a7-bde2-95685dec666f\engagement.db (pool_size=5)
2026-06-19 20:38:36 - huginn - INFO - EngagementDatabase schema created: C:\Users\allie\AppData\Local\Temp\pytest-of-allie\pytest-40\test_open_closes_previous_enga0\engagements\5019e332-b416-47a7-bde2-95685dec666f\engagement.db
2026-06-19 20:38:36 - huginn - INFO - EngagementDatabase closed: C:\Users\allie\AppData\Local\Temp\pytest-of-allie\pytest-40\test_open_closes_previous_enga0\engagements\5019e332-b416-47a7-bde2-95685dec666f\engagement.db (5 connections)
2026-06-19 20:38:36 - huginn - INFO - Engagement created: 5019e332-b416-47a7-bde2-95685dec666f (Second)
2026-06-19 20:38:36 - huginn - INFO - EngagementDatabase connected: C:\Users\allie\AppData\Local\Temp\pytest-of-allie\pytest-40\test_open_closes_previous_enga0\engagements\414ecf5d-d611-4962-a989-b984bea51fba\engagement.db (pool_size=5)
2026-06-19 20:38:36 - huginn - INFO - Engagement opened: 414ecf5d-d611-4962-a989-b984bea51fba
2026-06-19 20:38:36 - huginn - INFO - EngagementDatabase closed: C:\Users\allie\AppData\Local\Temp\pytest-of-allie\pytest-40\test_open_closes_previous_enga0\engagements\414ecf5d-d611-4962-a989-b984bea51fba\engagement.db (5 connections)
2026-06-19 20:38:36 - huginn - INFO - EngagementDatabase connected: C:\Users\allie\AppData\Local\Temp\pytest-of-allie\pytest-40\test_open_closes_previous_enga0\engagements\5019e332-b416-47a7-bde2-95685dec666f\engagement.db (pool_size=5)
2026-06-19 20:38:36 - huginn - INFO - Engagement opened: 5019e332-b416-47a7-bde2-95685dec666f
2026-06-19 20:38:36 - huginn - INFO - EngagementDatabase closed: C:\Users\allie\AppData\Local\Temp\pytest-of-allie\pytest-40\test_open_closes_previous_enga0\engagements\5019e332-b416-47a7-bde2-95685dec666f\engagement.db (5 connections)
2026-06-19 20:38:36 - huginn - INFO - Active engagement closed.
2026-06-19 20:38:36 - huginn - INFO - EngagementManager closed.
2026-06-19 20:38:36 - huginn - INFO - Master index schema initialized.
2026-06-19 20:38:36 - huginn - INFO - EngagementDatabase connected: C:\Users\allie\AppData\Local\Temp\pytest-of-allie\pytest-40\test_add_and_get_document0\engagements\051b5abb-0cc9-4d40-b2a1-e87a71581430\engagement.db (pool_size=5)
2026-06-19 20:38:36 - huginn - INFO - EngagementDatabase schema created: C:\Users\allie\AppData\Local\Temp\pytest-of-allie\pytest-40\test_add_and_get_document0\engagements\051b5abb-0cc9-4d40-b2a1-e87a71581430\engagement.db
2026-06-19 20:38:36 - huginn - INFO - EngagementDatabase closed: C:\Users\allie\AppData\Local\Temp\pytest-of-allie\pytest-40\test_add_and_get_document0\engagements\051b5abb-0cc9-4d40-b2a1-e87a71581430\engagement.db (5 connections)
2026-06-19 20:38:36 - huginn - INFO - Engagement created: 051b5abb-0cc9-4d40-b2a1-e87a71581430 (Doc Test)
2026-06-19 20:38:36 - huginn - INFO - EngagementDatabase connected: C:\Users\allie\AppData\Local\Temp\pytest-of-allie\pytest-40\test_add_and_get_document0\engagements\051b5abb-0cc9-4d40-b2a1-e87a71581430\engagement.db (pool_size=5)
2026-06-19 20:38:36 - huginn - INFO - Engagement opened: 051b5abb-0cc9-4d40-b2a1-e87a71581430
2026-06-19 20:38:36 - huginn - DEBUG - Document added: scope.pdf (type=scope)
2026-06-19 20:38:36 - huginn - INFO - EngagementDatabase closed: C:\Users\allie\AppData\Local\Temp\pytest-of-allie\pytest-40\test_add_and_get_document0\engagements\051b5abb-0cc9-4d40-b2a1-e87a71581430\engagement.db (5 connections)
2026-06-19 20:38:36 - huginn - INFO - Active engagement closed.
2026-06-19 20:38:36 - huginn - INFO - EngagementManager closed.
2026-06-19 20:38:36 - huginn - INFO - Master index schema initialized.
2026-06-19 20:38:36 - huginn - INFO - EngagementDatabase connected: C:\Users\allie\AppData\Local\Temp\pytest-of-allie\pytest-40\test_get_document_content0\engagements\f8c7c7b8-7e41-4ee0-ab22-efaff7a3867f\engagement.db (pool_size=5)
2026-06-19 20:38:36 - huginn - INFO - EngagementDatabase schema created: C:\Users\allie\AppData\Local\Temp\pytest-of-allie\pytest-40\test_get_document_content0\engagements\f8c7c7b8-7e41-4ee0-ab22-efaff7a3867f\engagement.db
2026-06-19 20:38:36 - huginn - INFO - EngagementDatabase closed: C:\Users\allie\AppData\Local\Temp\pytest-of-allie\pytest-40\test_get_document_content0\engagements\f8c7c7b8-7e41-4ee0-ab22-efaff7a3867f\engagement.db (5 connections)
2026-06-19 20:38:36 - huginn - INFO - Engagement created: f8c7c7b8-7e41-4ee0-ab22-efaff7a3867f (Doc Test)
2026-06-19 20:38:36 - huginn - INFO - EngagementDatabase connected: C:\Users\allie\AppData\Local\Temp\pytest-of-allie\pytest-40\test_get_document_content0\engagements\f8c7c7b8-7e41-4ee0-ab22-efaff7a3867f\engagement.db (pool_size=5)
2026-06-19 20:38:36 - huginn - INFO - Engagement opened: f8c7c7b8-7e41-4ee0-ab22-efaff7a3867f
2026-06-19 20:38:36 - huginn - DEBUG - Document added: test.bin (type=other)
2026-06-19 20:38:36 - huginn - INFO - EngagementDatabase closed: C:\Users\allie\AppData\Local\Temp\pytest-of-allie\pytest-40\test_get_document_content0\engagements\f8c7c7b8-7e41-4ee0-ab22-efaff7a3867f\engagement.db (5 connections)
2026-06-19 20:38:36 - huginn - INFO - Active engagement closed.
2026-06-19 20:38:36 - huginn - INFO - EngagementManager closed.
2026-06-19 20:38:36 - huginn - INFO - Master index schema initialized.
2026-06-19 20:38:36 - huginn - INFO - EngagementDatabase connected: C:\Users\allie\AppData\Local\Temp\pytest-of-allie\pytest-40\test_filter_documents_by_type0\engagements\d8dc9124-d9bd-4a1e-8e36-0dc406e6f02d\engagement.db (pool_size=5)
2026-06-19 20:38:36 - huginn - INFO - EngagementDatabase schema created: C:\Users\allie\AppData\Local\Temp\pytest-of-allie\pytest-40\test_filter_documents_by_type0\engagements\d8dc9124-d9bd-4a1e-8e36-0dc406e6f02d\engagement.db
2026-06-19 20:38:36 - huginn - INFO - EngagementDatabase closed: C:\Users\allie\AppData\Local\Temp\pytest-of-allie\pytest-40\test_filter_documents_by_type0\engagements\d8dc9124-d9bd-4a1e-8e36-0dc406e6f02d\engagement.db (5 connections)
2026-06-19 20:38:36 - huginn - INFO - Engagement created: d8dc9124-d9bd-4a1e-8e36-0dc406e6f02d (Doc Test)
2026-06-19 20:38:36 - huginn - INFO - EngagementDatabase connected: C:\Users\allie\AppData\Local\Temp\pytest-of-allie\pytest-40\test_filter_documents_by_type0\engagements\d8dc9124-d9bd-4a1e-8e36-0dc406e6f02d\engagement.db (pool_size=5)
2026-06-19 20:38:36 - huginn - INFO - Engagement opened: d8dc9124-d9bd-4a1e-8e36-0dc406e6f02d
2026-06-19 20:38:36 - huginn - DEBUG - Document added: scope.pdf (type=scope)
2026-06-19 20:38:36 - huginn - DEBUG - Document added: nda.pdf (type=nda)
2026-06-19 20:38:36 - huginn - INFO - EngagementDatabase closed: C:\Users\allie\AppData\Local\Temp\pytest-of-allie\pytest-40\test_filter_documents_by_type0\engagements\d8dc9124-d9bd-4a1e-8e36-0dc406e6f02d\engagement.db (5 connections)
2026-06-19 20:38:36 - huginn - INFO - Active engagement closed.
2026-06-19 20:38:36 - huginn - INFO - EngagementManager closed.
2026-06-19 20:38:36 - huginn - INFO - Master index schema initialized.
2026-06-19 20:38:36 - huginn - INFO - EngagementDatabase connected: C:\Users\allie\AppData\Local\Temp\pytest-of-allie\pytest-40\test_delete_document0\engagements\442013c1-011d-4f4a-ae29-31504dcaa5cc\engagement.db (pool_size=5)
2026-06-19 20:38:36 - huginn - INFO - EngagementDatabase schema created: C:\Users\allie\AppData\Local\Temp\pytest-of-allie\pytest-40\test_delete_document0\engagements\442013c1-011d-4f4a-ae29-31504dcaa5cc\engagement.db
2026-06-19 20:38:36 - huginn - INFO - EngagementDatabase closed: C:\Users\allie\AppData\Local\Temp\pytest-of-allie\pytest-40\test_delete_document0\engagements\442013c1-011d-4f4a-ae29-31504dcaa5cc\engagement.db (5 connections)
2026-06-19 20:38:36 - huginn - INFO - Engagement created: 442013c1-011d-4f4a-ae29-31504dcaa5cc (Doc Test)
2026-06-19 20:38:36 - huginn - INFO - EngagementDatabase connected: C:\Users\allie\AppData\Local\Temp\pytest-of-allie\pytest-40\test_delete_document0\engagements\442013c1-011d-4f4a-ae29-31504dcaa5cc\engagement.db (pool_size=5)
2026-06-19 20:38:36 - huginn - INFO - Engagement opened: 442013c1-011d-4f4a-ae29-31504dcaa5cc
2026-06-19 20:38:36 - huginn - DEBUG - Document added: del.pdf (type=other)
2026-06-19 20:38:36 - huginn - INFO - EngagementDatabase closed: C:\Users\allie\AppData\Local\Temp\pytest-of-allie\pytest-40\test_delete_document0\engagements\442013c1-011d-4f4a-ae29-31504dcaa5cc\engagement.db (5 connections)
2026-06-19 20:38:36 - huginn - INFO - Active engagement closed.
2026-06-19 20:38:36 - huginn - INFO - EngagementManager closed.
2026-06-19 20:38:36 - huginn - INFO - Master index schema initialized.
2026-06-19 20:38:36 - huginn - INFO - EngagementDatabase connected: C:\Users\allie\AppData\Local\Temp\pytest-of-allie\pytest-40\test_add_and_list_contacts0\engagements\a8b60365-1068-44f5-bb73-7db423628221\engagement.db (pool_size=5)
2026-06-19 20:38:36 - huginn - INFO - EngagementDatabase schema created: C:\Users\allie\AppData\Local\Temp\pytest-of-allie\pytest-40\test_add_and_list_contacts0\engagements\a8b60365-1068-44f5-bb73-7db423628221\engagement.db
2026-06-19 20:38:36 - huginn - INFO - EngagementDatabase closed: C:\Users\allie\AppData\Local\Temp\pytest-of-allie\pytest-40\test_add_and_list_contacts0\engagements\a8b60365-1068-44f5-bb73-7db423628221\engagement.db (5 connections)
2026-06-19 20:38:36 - huginn - INFO - Engagement created: a8b60365-1068-44f5-bb73-7db423628221 (Contact Test)
2026-06-19 20:38:36 - huginn - INFO - EngagementDatabase connected: C:\Users\allie\AppData\Local\Temp\pytest-of-allie\pytest-40\test_add_and_list_contacts0\engagements\a8b60365-1068-44f5-bb73-7db423628221\engagement.db (pool_size=5)
2026-06-19 20:38:36 - huginn - INFO - Engagement opened: a8b60365-1068-44f5-bb73-7db423628221
2026-06-19 20:38:36 - huginn - DEBUG - Contact added: John Doe (CTO)
2026-06-19 20:38:36 - huginn - INFO - EngagementDatabase closed: C:\Users\allie\AppData\Local\Temp\pytest-of-allie\pytest-40\test_add_and_list_contacts0\engagements\a8b60365-1068-44f5-bb73-7db423628221\engagement.db (5 connections)
2026-06-19 20:38:36 - huginn - INFO - Active engagement closed.
2026-06-19 20:38:36 - huginn - INFO - EngagementManager closed.
2026-06-19 20:38:36 - huginn - INFO - Master index schema initialized.
2026-06-19 20:38:36 - huginn - INFO - EngagementDatabase connected: C:\Users\allie\AppData\Local\Temp\pytest-of-allie\pytest-40\test_update_contact0\engagements\9973c148-d912-460a-83c5-2ffc711825a5\engagement.db (pool_size=5)
2026-06-19 20:38:36 - huginn - INFO - EngagementDatabase schema created: C:\Users\allie\AppData\Local\Temp\pytest-of-allie\pytest-40\test_update_contact0\engagements\9973c148-d912-460a-83c5-2ffc711825a5\engagement.db
2026-06-19 20:38:36 - huginn - INFO - EngagementDatabase closed: C:\Users\allie\AppData\Local\Temp\pytest-of-allie\pytest-40\test_update_contact0\engagements\9973c148-d912-460a-83c5-2ffc711825a5\engagement.db (5 connections)
2026-06-19 20:38:36 - huginn - INFO - Engagement created: 9973c148-d912-460a-83c5-2ffc711825a5 (Contact Test)
2026-06-19 20:38:36 - huginn - INFO - EngagementDatabase connected: C:\Users\allie\AppData\Local\Temp\pytest-of-allie\pytest-40\test_update_contact0\engagements\9973c148-d912-460a-83c5-2ffc711825a5\engagement.db (pool_size=5)
2026-06-19 20:38:36 - huginn - INFO - Engagement opened: 9973c148-d912-460a-83c5-2ffc711825a5
2026-06-19 20:38:36 - huginn - DEBUG - Contact added: Jane (PM)
2026-06-19 20:38:36 - huginn - INFO - EngagementDatabase closed: C:\Users\allie\AppData\Local\Temp\pytest-of-allie\pytest-40\test_update_contact0\engagements\9973c148-d912-460a-83c5-2ffc711825a5\engagement.db (5 connections)
2026-06-19 20:38:36 - huginn - INFO - Active engagement closed.
2026-06-19 20:38:36 - huginn - INFO - EngagementManager closed.
2026-06-19 20:38:36 - huginn - INFO - Master index schema initialized.
2026-06-19 20:38:36 - huginn - INFO - EngagementDatabase connected: C:\Users\allie\AppData\Local\Temp\pytest-of-allie\pytest-40\test_delete_contact0\engagements\f5ecfc1d-84a0-444c-bb8d-3383601802a7\engagement.db (pool_size=5)
2026-06-19 20:38:36 - huginn - INFO - EngagementDatabase schema created: C:\Users\allie\AppData\Local\Temp\pytest-of-allie\pytest-40\test_delete_contact0\engagements\f5ecfc1d-84a0-444c-bb8d-3383601802a7\engagement.db
2026-06-19 20:38:36 - huginn - INFO - EngagementDatabase closed: C:\Users\allie\AppData\Local\Temp\pytest-of-allie\pytest-40\test_delete_contact0\engagements\f5ecfc1d-84a0-444c-bb8d-3383601802a7\engagement.db (5 connections)
2026-06-19 20:38:36 - huginn - INFO - Engagement created: f5ecfc1d-84a0-444c-bb8d-3383601802a7 (Contact Test)
2026-06-19 20:38:36 - huginn - INFO - EngagementDatabase connected: C:\Users\allie\AppData\Local\Temp\pytest-of-allie\pytest-40\test_delete_contact0\engagements\f5ecfc1d-84a0-444c-bb8d-3383601802a7\engagement.db (pool_size=5)
2026-06-19 20:38:36 - huginn - INFO - Engagement opened: f5ecfc1d-84a0-444c-bb8d-3383601802a7
2026-06-19 20:38:36 - huginn - DEBUG - Contact added: Delete Me (None)
2026-06-19 20:38:36 - huginn - INFO - EngagementDatabase closed: C:\Users\allie\AppData\Local\Temp\pytest-of-allie\pytest-40\test_delete_contact0\engagements\f5ecfc1d-84a0-444c-bb8d-3383601802a7\engagement.db (5 connections)
2026-06-19 20:38:36 - huginn - INFO - Active engagement closed.
2026-06-19 20:38:36 - huginn - INFO - EngagementManager closed.
2026-06-19 20:38:36 - huginn - INFO - Master index schema initialized.
2026-06-19 20:38:36 - huginn - INFO - EngagementDatabase connected: C:\Users\allie\AppData\Local\Temp\pytest-of-allie\pytest-40\test_set_and_get_roe0\engagements\868966cf-a4b6-4b12-b635-808ec2e18d05\engagement.db (pool_size=5)
2026-06-19 20:38:36 - huginn - INFO - EngagementDatabase schema created: C:\Users\allie\AppData\Local\Temp\pytest-of-allie\pytest-40\test_set_and_get_roe0\engagements\868966cf-a4b6-4b12-b635-808ec2e18d05\engagement.db
2026-06-19 20:38:36 - huginn - INFO - EngagementDatabase closed: C:\Users\allie\AppData\Local\Temp\pytest-of-allie\pytest-40\test_set_and_get_roe0\engagements\868966cf-a4b6-4b12-b635-808ec2e18d05\engagement.db (5 connections)
2026-06-19 20:38:36 - huginn - INFO - Engagement created: 868966cf-a4b6-4b12-b635-808ec2e18d05 (RoE Test)
2026-06-19 20:38:36 - huginn - INFO - EngagementDatabase connected: C:\Users\allie\AppData\Local\Temp\pytest-of-allie\pytest-40\test_set_and_get_roe0\engagements\868966cf-a4b6-4b12-b635-808ec2e18d05\engagement.db (pool_size=5)
2026-06-19 20:38:36 - huginn - INFO - Engagement opened: 868966cf-a4b6-4b12-b635-808ec2e18d05
2026-06-19 20:38:36 - huginn - INFO - EngagementDatabase closed: C:\Users\allie\AppData\Local\Temp\pytest-of-allie\pytest-40\test_set_and_get_roe0\engagements\868966cf-a4b6-4b12-b635-808ec2e18d05\engagement.db (5 connections)
2026-06-19 20:38:36 - huginn - INFO - Active engagement closed.
2026-06-19 20:38:36 - huginn - INFO - EngagementManager closed.
2026-06-19 20:38:36 - huginn - INFO - Master index schema initialized.
2026-06-19 20:38:36 - huginn - INFO - EngagementDatabase connected: C:\Users\allie\AppData\Local\Temp\pytest-of-allie\pytest-40\test_update_roe_overwrites0\engagements\4d0f01fc-338c-4c4d-8fc7-e633bbe3f721\engagement.db (pool_size=5)
2026-06-19 20:38:36 - huginn - INFO - EngagementDatabase schema created: C:\Users\allie\AppData\Local\Temp\pytest-of-allie\pytest-40\test_update_roe_overwrites0\engagements\4d0f01fc-338c-4c4d-8fc7-e633bbe3f721\engagement.db
2026-06-19 20:38:36 - huginn - INFO - EngagementDatabase closed: C:\Users\allie\AppData\Local\Temp\pytest-of-allie\pytest-40\test_update_roe_overwrites0\engagements\4d0f01fc-338c-4c4d-8fc7-e633bbe3f721\engagement.db (5 connections)
2026-06-19 20:38:36 - huginn - INFO - Engagement created: 4d0f01fc-338c-4c4d-8fc7-e633bbe3f721 (RoE Test)
2026-06-19 20:38:36 - huginn - INFO - EngagementDatabase connected: C:\Users\allie\AppData\Local\Temp\pytest-of-allie\pytest-40\test_update_roe_overwrites0\engagements\4d0f01fc-338c-4c4d-8fc7-e633bbe3f721\engagement.db (pool_size=5)
2026-06-19 20:38:36 - huginn - INFO - Engagement opened: 4d0f01fc-338c-4c4d-8fc7-e633bbe3f721
2026-06-19 20:38:36 - huginn - INFO - EngagementDatabase closed: C:\Users\allie\AppData\Local\Temp\pytest-of-allie\pytest-40\test_update_roe_overwrites0\engagements\4d0f01fc-338c-4c4d-8fc7-e633bbe3f721\engagement.db (5 connections)
2026-06-19 20:38:36 - huginn - INFO - Active engagement closed.
2026-06-19 20:38:36 - huginn - INFO - EngagementManager closed.
2026-06-19 20:38:36 - huginn - INFO - Master index schema initialized.
2026-06-19 20:38:36 - huginn - INFO - EngagementDatabase connected: C:\Users\allie\AppData\Local\Temp\pytest-of-allie\pytest-40\test_get_roe_returns_none_when0\engagements\099766e1-5376-4cab-8be8-a8715c3f341d\engagement.db (pool_size=5)
2026-06-19 20:38:36 - huginn - INFO - EngagementDatabase schema created: C:\Users\allie\AppData\Local\Temp\pytest-of-allie\pytest-40\test_get_roe_returns_none_when0\engagements\099766e1-5376-4cab-8be8-a8715c3f341d\engagement.db
2026-06-19 20:38:36 - huginn - INFO - EngagementDatabase closed: C:\Users\allie\AppData\Local\Temp\pytest-of-allie\pytest-40\test_get_roe_returns_none_when0\engagements\099766e1-5376-4cab-8be8-a8715c3f341d\engagement.db (5 connections)
2026-06-19 20:38:36 - huginn - INFO - Engagement created: 099766e1-5376-4cab-8be8-a8715c3f341d (RoE Test)
2026-06-19 20:38:36 - huginn - INFO - EngagementDatabase connected: C:\Users\allie\AppData\Local\Temp\pytest-of-allie\pytest-40\test_get_roe_returns_none_when0\engagements\099766e1-5376-4cab-8be8-a8715c3f341d\engagement.db (pool_size=5)
2026-06-19 20:38:36 - huginn - INFO - Engagement opened: 099766e1-5376-4cab-8be8-a8715c3f341d
2026-06-19 20:38:36 - huginn - INFO - EngagementDatabase closed: C:\Users\allie\AppData\Local\Temp\pytest-of-allie\pytest-40\test_get_roe_returns_none_when0\engagements\099766e1-5376-4cab-8be8-a8715c3f341d\engagement.db (5 connections)
2026-06-19 20:38:36 - huginn - INFO - Active engagement closed.
2026-06-19 20:38:36 - huginn - INFO - EngagementManager closed.
2026-06-19 20:38:36 - huginn - INFO - Master index schema initialized.
2026-06-19 20:38:36 - huginn - INFO - EngagementDatabase connected: C:\Users\allie\AppData\Local\Temp\pytest-of-allie\pytest-40\test_add_and_list_milestones0\engagements\553afb84-7272-43cf-92cf-4aeac22f5963\engagement.db (pool_size=5)
2026-06-19 20:38:36 - huginn - INFO - EngagementDatabase schema created: C:\Users\allie\AppData\Local\Temp\pytest-of-allie\pytest-40\test_add_and_list_milestones0\engagements\553afb84-7272-43cf-92cf-4aeac22f5963\engagement.db
2026-06-19 20:38:36 - huginn - INFO - EngagementDatabase closed: C:\Users\allie\AppData\Local\Temp\pytest-of-allie\pytest-40\test_add_and_list_milestones0\engagements\553afb84-7272-43cf-92cf-4aeac22f5963\engagement.db (5 connections)
2026-06-19 20:38:36 - huginn - INFO - Engagement created: 553afb84-7272-43cf-92cf-4aeac22f5963 (Milestone Test)
2026-06-19 20:38:36 - huginn - INFO - EngagementDatabase connected: C:\Users\allie\AppData\Local\Temp\pytest-of-allie\pytest-40\test_add_and_list_milestones0\engagements\553afb84-7272-43cf-92cf-4aeac22f5963\engagement.db (pool_size=5)
2026-06-19 20:38:36 - huginn - INFO - Engagement opened: 553afb84-7272-43cf-92cf-4aeac22f5963
2026-06-19 20:38:36 - huginn - DEBUG - Milestone added: Kickoff (planned_start)
2026-06-19 20:38:36 - huginn - INFO - EngagementDatabase closed: C:\Users\allie\AppData\Local\Temp\pytest-of-allie\pytest-40\test_add_and_list_milestones0\engagements\553afb84-7272-43cf-92cf-4aeac22f5963\engagement.db (5 connections)
2026-06-19 20:38:36 - huginn - INFO - Active engagement closed.
2026-06-19 20:38:36 - huginn - INFO - EngagementManager closed.
2026-06-19 20:38:36 - huginn - INFO - Master index schema initialized.
2026-06-19 20:38:36 - huginn - INFO - EngagementDatabase connected: C:\Users\allie\AppData\Local\Temp\pytest-of-allie\pytest-40\test_milestones_ordered_by_dat0\engagements\a0fca981-f340-4ead-b5f0-8c85463bf038\engagement.db (pool_size=5)
2026-06-19 20:38:36 - huginn - INFO - EngagementDatabase schema created: C:\Users\allie\AppData\Local\Temp\pytest-of-allie\pytest-40\test_milestones_ordered_by_dat0\engagements\a0fca981-f340-4ead-b5f0-8c85463bf038\engagement.db
2026-06-19 20:38:36 - huginn - INFO - EngagementDatabase closed: C:\Users\allie\AppData\Local\Temp\pytest-of-allie\pytest-40\test_milestones_ordered_by_dat0\engagements\a0fca981-f340-4ead-b5f0-8c85463bf038\engagement.db (5 connections)
2026-06-19 20:38:36 - huginn - INFO - Engagement created: a0fca981-f340-4ead-b5f0-8c85463bf038 (Milestone Test)
2026-06-19 20:38:36 - huginn - INFO - EngagementDatabase connected: C:\Users\allie\AppData\Local\Temp\pytest-of-allie\pytest-40\test_milestones_ordered_by_dat0\engagements\a0fca981-f340-4ead-b5f0-8c85463bf038\engagement.db (pool_size=5)
2026-06-19 20:38:36 - huginn - INFO - Engagement opened: a0fca981-f340-4ead-b5f0-8c85463bf038
2026-06-19 20:38:36 - huginn - DEBUG - Milestone added: End (planned_end)
2026-06-19 20:38:36 - huginn - DEBUG - Milestone added: Start (planned_start)
2026-06-19 20:38:36 - huginn - DEBUG - Milestone added: Mid (checkpoint)
2026-06-19 20:38:36 - huginn - INFO - EngagementDatabase closed: C:\Users\allie\AppData\Local\Temp\pytest-of-allie\pytest-40\test_milestones_ordered_by_dat0\engagements\a0fca981-f340-4ead-b5f0-8c85463bf038\engagement.db (5 connections)
2026-06-19 20:38:36 - huginn - INFO - Active engagement closed.
2026-06-19 20:38:36 - huginn - INFO - EngagementManager closed.
2026-06-19 20:38:36 - huginn - INFO - Master index schema initialized.
2026-06-19 20:38:36 - huginn - INFO - EngagementDatabase connected: C:\Users\allie\AppData\Local\Temp\pytest-of-allie\pytest-40\test_update_milestone0\engagements\f77d474e-613d-478e-8aeb-f9aa492512ec\engagement.db (pool_size=5)
2026-06-19 20:38:36 - huginn - INFO - EngagementDatabase schema created: C:\Users\allie\AppData\Local\Temp\pytest-of-allie\pytest-40\test_update_milestone0\engagements\f77d474e-613d-478e-8aeb-f9aa492512ec\engagement.db
2026-06-19 20:38:36 - huginn - INFO - EngagementDatabase closed: C:\Users\allie\AppData\Local\Temp\pytest-of-allie\pytest-40\test_update_milestone0\engagements\f77d474e-613d-478e-8aeb-f9aa492512ec\engagement.db (5 connections)
2026-06-19 20:38:36 - huginn - INFO - Engagement created: f77d474e-613d-478e-8aeb-f9aa492512ec (Milestone Test)
2026-06-19 20:38:36 - huginn - INFO - EngagementDatabase connected: C:\Users\allie\AppData\Local\Temp\pytest-of-allie\pytest-40\test_update_milestone0\engagements\f77d474e-613d-478e-8aeb-f9aa492512ec\engagement.db (pool_size=5)
2026-06-19 20:38:36 - huginn - INFO - Engagement opened: f77d474e-613d-478e-8aeb-f9aa492512ec
2026-06-19 20:38:36 - huginn - DEBUG - Milestone added: Old Name (checkpoint)
2026-06-19 20:38:36 - huginn - INFO - EngagementDatabase closed: C:\Users\allie\AppData\Local\Temp\pytest-of-allie\pytest-40\test_update_milestone0\engagements\f77d474e-613d-478e-8aeb-f9aa492512ec\engagement.db (5 connections)
2026-06-19 20:38:36 - huginn - INFO - Active engagement closed.
2026-06-19 20:38:36 - huginn - INFO - EngagementManager closed.
2026-06-19 20:38:36 - huginn - INFO - Master index schema initialized.
2026-06-19 20:38:36 - huginn - INFO - EngagementDatabase connected: C:\Users\allie\AppData\Local\Temp\pytest-of-allie\pytest-40\test_delete_milestone0\engagements\13e30b19-e7be-43d5-919a-116583658f8c\engagement.db (pool_size=5)
2026-06-19 20:38:36 - huginn - INFO - EngagementDatabase schema created: C:\Users\allie\AppData\Local\Temp\pytest-of-allie\pytest-40\test_delete_milestone0\engagements\13e30b19-e7be-43d5-919a-116583658f8c\engagement.db
2026-06-19 20:38:36 - huginn - INFO - EngagementDatabase closed: C:\Users\allie\AppData\Local\Temp\pytest-of-allie\pytest-40\test_delete_milestone0\engagements\13e30b19-e7be-43d5-919a-116583658f8c\engagement.db (5 connections)
2026-06-19 20:38:36 - huginn - INFO - Engagement created: 13e30b19-e7be-43d5-919a-116583658f8c (Milestone Test)
2026-06-19 20:38:36 - huginn - INFO - EngagementDatabase connected: C:\Users\allie\AppData\Local\Temp\pytest-of-allie\pytest-40\test_delete_milestone0\engagements\13e30b19-e7be-43d5-919a-116583658f8c\engagement.db (pool_size=5)
2026-06-19 20:38:36 - huginn - INFO - Engagement opened: 13e30b19-e7be-43d5-919a-116583658f8c
2026-06-19 20:38:36 - huginn - DEBUG - Milestone added: Remove (checkpoint)
2026-06-19 20:38:36 - huginn - INFO - EngagementDatabase closed: C:\Users\allie\AppData\Local\Temp\pytest-of-allie\pytest-40\test_delete_milestone0\engagements\13e30b19-e7be-43d5-919a-116583658f8c\engagement.db (5 connections)
2026-06-19 20:38:36 - huginn - INFO - Active engagement closed.
2026-06-19 20:38:37 - huginn - INFO - EngagementManager closed.
2026-06-19 20:38:37 - huginn - INFO - Master index schema initialized.
2026-06-19 20:38:37 - huginn - INFO - EngagementDatabase connected: C:\Users\allie\AppData\Local\Temp\pytest-of-allie\pytest-40\test_engagement_created_signal0\engagements\f542ff9d-498d-4dbb-a46c-362ac6772bfd\engagement.db (pool_size=5)
2026-06-19 20:38:37 - huginn - INFO - EngagementDatabase schema created: C:\Users\allie\AppData\Local\Temp\pytest-of-allie\pytest-40\test_engagement_created_signal0\engagements\f542ff9d-498d-4dbb-a46c-362ac6772bfd\engagement.db
2026-06-19 20:38:37 - huginn - INFO - EngagementDatabase closed: C:\Users\allie\AppData\Local\Temp\pytest-of-allie\pytest-40\test_engagement_created_signal0\engagements\f542ff9d-498d-4dbb-a46c-362ac6772bfd\engagement.db (5 connections)
2026-06-19 20:38:37 - huginn - INFO - Engagement created: f542ff9d-498d-4dbb-a46c-362ac6772bfd (Signal)
2026-06-19 20:38:37 - huginn - INFO - EngagementManager closed.
2026-06-19 20:38:37 - huginn - INFO - Master index schema initialized.
2026-06-19 20:38:37 - huginn - INFO - EngagementDatabase connected: C:\Users\allie\AppData\Local\Temp\pytest-of-allie\pytest-40\test_engagement_opened_signal0\engagements\dc9b8c44-a6af-4ae1-b75e-b5e691c4e751\engagement.db (pool_size=5)
2026-06-19 20:38:37 - huginn - INFO - EngagementDatabase schema created: C:\Users\allie\AppData\Local\Temp\pytest-of-allie\pytest-40\test_engagement_opened_signal0\engagements\dc9b8c44-a6af-4ae1-b75e-b5e691c4e751\engagement.db
2026-06-19 20:38:37 - huginn - INFO - EngagementDatabase closed: C:\Users\allie\AppData\Local\Temp\pytest-of-allie\pytest-40\test_engagement_opened_signal0\engagements\dc9b8c44-a6af-4ae1-b75e-b5e691c4e751\engagement.db (5 connections)
2026-06-19 20:38:37 - huginn - INFO - Engagement created: dc9b8c44-a6af-4ae1-b75e-b5e691c4e751 (Signal Open)
2026-06-19 20:38:37 - huginn - INFO - EngagementDatabase connected: C:\Users\allie\AppData\Local\Temp\pytest-of-allie\pytest-40\test_engagement_opened_signal0\engagements\dc9b8c44-a6af-4ae1-b75e-b5e691c4e751\engagement.db (pool_size=5)
2026-06-19 20:38:37 - huginn - INFO - Engagement opened: dc9b8c44-a6af-4ae1-b75e-b5e691c4e751
2026-06-19 20:38:37 - huginn - INFO - EngagementDatabase closed: C:\Users\allie\AppData\Local\Temp\pytest-of-allie\pytest-40\test_engagement_opened_signal0\engagements\dc9b8c44-a6af-4ae1-b75e-b5e691c4e751\engagement.db (5 connections)
2026-06-19 20:38:37 - huginn - INFO - Active engagement closed.
2026-06-19 20:38:37 - huginn - INFO - EngagementManager closed.
2026-06-19 20:38:37 - huginn - INFO - Master index schema initialized.
2026-06-19 20:38:37 - huginn - INFO - EngagementDatabase connected: C:\Users\allie\AppData\Local\Temp\pytest-of-allie\pytest-40\test_state_changed_signal0\engagements\e5b9a615-724c-4bf0-a557-e5e59d80dd48\engagement.db (pool_size=5)
2026-06-19 20:38:37 - huginn - INFO - EngagementDatabase schema created: C:\Users\allie\AppData\Local\Temp\pytest-of-allie\pytest-40\test_state_changed_signal0\engagements\e5b9a615-724c-4bf0-a557-e5e59d80dd48\engagement.db
2026-06-19 20:38:37 - huginn - INFO - EngagementDatabase closed: C:\Users\allie\AppData\Local\Temp\pytest-of-allie\pytest-40\test_state_changed_signal0\engagements\e5b9a615-724c-4bf0-a557-e5e59d80dd48\engagement.db (5 connections)
2026-06-19 20:38:37 - huginn - INFO - Engagement created: e5b9a615-724c-4bf0-a557-e5e59d80dd48 (Signal State)
2026-06-19 20:38:37 - huginn - INFO - State transition: e5b9a615-724c-4bf0-a557-e5e59d80dd48 draft -> scoping
2026-06-19 20:38:37 - huginn - INFO - EngagementManager closed.
2026-06-19 20:38:37 - huginn - INFO - Master index schema initialized.
2026-06-19 20:38:37 - huginn - INFO - EngagementManager closed.
2026-06-19 20:39:08 - huginn - INFO - Master index schema initialized.
2026-06-19 20:39:23 - huginn - INFO - QThreadPool max threads set to 32 (CPUs: 32)
2026-06-19 20:39:23 - huginn - WARNING - Font loading failed - file not found or invalid: C:\Users\allie\Coding Projects\huggin_suite\huginn\tests\resources\fonts\neuropol.otf
2026-06-19 20:39:24 - huginn - INFO - License saved successfully
2026-06-19 20:39:24 - huginn - INFO - License loaded and validated successfully
2026-06-19 20:39:24 - huginn - INFO - Master index schema initialized.
2026-06-19 20:39:24 - huginn - INFO - EngagementDatabase connected: C:\Users\allie\AppData\Local\Temp\pytest-of-allie\pytest-41\test_create_engagement_returns0\engagements\1197604a-31f5-4413-9256-80e95f8f9a45\engagement.db (pool_size=5)
2026-06-19 20:39:24 - huginn - INFO - EngagementDatabase schema created: C:\Users\allie\AppData\Local\Temp\pytest-of-allie\pytest-41\test_create_engagement_returns0\engagements\1197604a-31f5-4413-9256-80e95f8f9a45\engagement.db
2026-06-19 20:39:24 - huginn - INFO - EngagementDatabase closed: C:\Users\allie\AppData\Local\Temp\pytest-of-allie\pytest-41\test_create_engagement_returns0\engagements\1197604a-31f5-4413-9256-80e95f8f9a45\engagement.db (5 connections)
2026-06-19 20:39:24 - huginn - INFO - Engagement created: 1197604a-31f5-4413-9256-80e95f8f9a45 (Test Engagement)
2026-06-19 20:39:25 - huginn - INFO - EngagementManager closed.
2026-06-19 20:39:25 - huginn - INFO - Master index schema initialized.
2026-06-19 20:39:25 - huginn - INFO - EngagementDatabase connected: C:\Users\allie\AppData\Local\Temp\pytest-of-allie\pytest-41\test_create_engagement_creates0\engagements\8914ad20-4330-4d74-8b24-ebb9fe637ccd\engagement.db (pool_size=5)
2026-06-19 20:39:25 - huginn - INFO - EngagementDatabase schema created: C:\Users\allie\AppData\Local\Temp\pytest-of-allie\pytest-41\test_create_engagement_creates0\engagements\8914ad20-4330-4d74-8b24-ebb9fe637ccd\engagement.db
2026-06-19 20:39:25 - huginn - INFO - EngagementDatabase closed: C:\Users\allie\AppData\Local\Temp\pytest-of-allie\pytest-41\test_create_engagement_creates0\engagements\8914ad20-4330-4d74-8b24-ebb9fe637ccd\engagement.db (5 connections)
2026-06-19 20:39:25 - huginn - INFO - Engagement created: 8914ad20-4330-4d74-8b24-ebb9fe637ccd (DB File Test)
2026-06-19 20:39:25 - huginn - INFO - EngagementManager closed.
2026-06-19 20:39:25 - huginn - INFO - Master index schema initialized.
2026-06-19 20:39:25 - huginn - INFO - EngagementDatabase connected: C:\Users\allie\AppData\Local\Temp\pytest-of-allie\pytest-41\test_create_engagement_initial0\engagements\8fdf018f-728f-4b42-89bd-3f9fbc18ee72\engagement.db (pool_size=5)
2026-06-19 20:39:25 - huginn - INFO - EngagementDatabase schema created: C:\Users\allie\AppData\Local\Temp\pytest-of-allie\pytest-41\test_create_engagement_initial0\engagements\8fdf018f-728f-4b42-89bd-3f9fbc18ee72\engagement.db
2026-06-19 20:39:25 - huginn - INFO - EngagementDatabase closed: C:\Users\allie\AppData\Local\Temp\pytest-of-allie\pytest-41\test_create_engagement_initial0\engagements\8fdf018f-728f-4b42-89bd-3f9fbc18ee72\engagement.db (5 connections)
2026-06-19 20:39:25 - huginn - INFO - Engagement created: 8fdf018f-728f-4b42-89bd-3f9fbc18ee72 (State Test)
2026-06-19 20:39:25 - huginn - INFO - EngagementManager closed.
2026-06-19 20:39:25 - huginn - INFO - Master index schema initialized.
2026-06-19 20:39:25 - huginn - INFO - EngagementDatabase connected: C:\Users\allie\AppData\Local\Temp\pytest-of-allie\pytest-41\test_create_multiple_engagemen0\engagements\19c860e7-00f0-4540-82fa-a3dbc8749e33\engagement.db (pool_size=5)
2026-06-19 20:39:25 - huginn - INFO - EngagementDatabase schema created: C:\Users\allie\AppData\Local\Temp\pytest-of-allie\pytest-41\test_create_multiple_engagemen0\engagements\19c860e7-00f0-4540-82fa-a3dbc8749e33\engagement.db
2026-06-19 20:39:25 - huginn - INFO - EngagementDatabase closed: C:\Users\allie\AppData\Local\Temp\pytest-of-allie\pytest-41\test_create_multiple_engagemen0\engagements\19c860e7-00f0-4540-82fa-a3dbc8749e33\engagement.db (5 connections)
2026-06-19 20:39:25 - huginn - INFO - Engagement created: 19c860e7-00f0-4540-82fa-a3dbc8749e33 (Engagement 0)
2026-06-19 20:39:25 - huginn - INFO - EngagementDatabase connected: C:\Users\allie\AppData\Local\Temp\pytest-of-allie\pytest-41\test_create_multiple_engagemen0\engagements\25154880-1ccd-4a72-b45f-c2406a2cdfb9\engagement.db (pool_size=5)
2026-06-19 20:39:25 - huginn - INFO - EngagementDatabase schema created: C:\Users\allie\AppData\Local\Temp\pytest-of-allie\pytest-41\test_create_multiple_engagemen0\engagements\25154880-1ccd-4a72-b45f-c2406a2cdfb9\engagement.db
2026-06-19 20:39:25 - huginn - INFO - EngagementDatabase closed: C:\Users\allie\AppData\Local\Temp\pytest-of-allie\pytest-41\test_create_multiple_engagemen0\engagements\25154880-1ccd-4a72-b45f-c2406a2cdfb9\engagement.db (5 connections)
2026-06-19 20:39:25 - huginn - INFO - Engagement created: 25154880-1ccd-4a72-b45f-c2406a2cdfb9 (Engagement 1)
2026-06-19 20:39:25 - huginn - INFO - EngagementDatabase connected: C:\Users\allie\AppData\Local\Temp\pytest-of-allie\pytest-41\test_create_multiple_engagemen0\engagements\2263d0fe-203c-4bb7-a01d-130716543c53\engagement.db (pool_size=5)
2026-06-19 20:39:25 - huginn - INFO - EngagementDatabase schema created: C:\Users\allie\AppData\Local\Temp\pytest-of-allie\pytest-41\test_create_multiple_engagemen0\engagements\2263d0fe-203c-4bb7-a01d-130716543c53\engagement.db
2026-06-19 20:39:25 - huginn - INFO - EngagementDatabase closed: C:\Users\allie\AppData\Local\Temp\pytest-of-allie\pytest-41\test_create_multiple_engagemen0\engagements\2263d0fe-203c-4bb7-a01d-130716543c53\engagement.db (5 connections)
2026-06-19 20:39:25 - huginn - INFO - Engagement created: 2263d0fe-203c-4bb7-a01d-130716543c53 (Engagement 2)
2026-06-19 20:39:25 - huginn - INFO - EngagementDatabase connected: C:\Users\allie\AppData\Local\Temp\pytest-of-allie\pytest-41\test_create_multiple_engagemen0\engagements\b1bc4e43-e479-4401-ae5e-59be047c1b32\engagement.db (pool_size=5)
2026-06-19 20:39:25 - huginn - INFO - EngagementDatabase schema created: C:\Users\allie\AppData\Local\Temp\pytest-of-allie\pytest-41\test_create_multiple_engagemen0\engagements\b1bc4e43-e479-4401-ae5e-59be047c1b32\engagement.db
2026-06-19 20:39:25 - huginn - INFO - EngagementDatabase closed: C:\Users\allie\AppData\Local\Temp\pytest-of-allie\pytest-41\test_create_multiple_engagemen0\engagements\b1bc4e43-e479-4401-ae5e-59be047c1b32\engagement.db (5 connections)
2026-06-19 20:39:25 - huginn - INFO - Engagement created: b1bc4e43-e479-4401-ae5e-59be047c1b32 (Engagement 3)
2026-06-19 20:39:25 - huginn - INFO - EngagementDatabase connected: C:\Users\allie\AppData\Local\Temp\pytest-of-allie\pytest-41\test_create_multiple_engagemen0\engagements\3197ebf1-a301-4b8a-89ee-37c1810fecb4\engagement.db (pool_size=5)
2026-06-19 20:39:25 - huginn - INFO - EngagementDatabase schema created: C:\Users\allie\AppData\Local\Temp\pytest-of-allie\pytest-41\test_create_multiple_engagemen0\engagements\3197ebf1-a301-4b8a-89ee-37c1810fecb4\engagement.db
2026-06-19 20:39:25 - huginn - INFO - EngagementDatabase closed: C:\Users\allie\AppData\Local\Temp\pytest-of-allie\pytest-41\test_create_multiple_engagemen0\engagements\3197ebf1-a301-4b8a-89ee-37c1810fecb4\engagement.db (5 connections)
2026-06-19 20:39:25 - huginn - INFO - Engagement created: 3197ebf1-a301-4b8a-89ee-37c1810fecb4 (Engagement 4)
2026-06-19 20:39:25 - huginn - INFO - EngagementDatabase connected: C:\Users\allie\AppData\Local\Temp\pytest-of-allie\pytest-41\test_create_multiple_engagemen0\engagements\8920d2b0-4eb1-4ab9-960c-208f42814dc2\engagement.db (pool_size=5)
2026-06-19 20:39:25 - huginn - INFO - EngagementDatabase schema created: C:\Users\allie\AppData\Local\Temp\pytest-of-allie\pytest-41\test_create_multiple_engagemen0\engagements\8920d2b0-4eb1-4ab9-960c-208f42814dc2\engagement.db
2026-06-19 20:39:25 - huginn - INFO - EngagementDatabase closed: C:\Users\allie\AppData\Local\Temp\pytest-of-allie\pytest-41\test_create_multiple_engagemen0\engagements\8920d2b0-4eb1-4ab9-960c-208f42814dc2\engagement.db (5 connections)
2026-06-19 20:39:25 - huginn - INFO - Engagement created: 8920d2b0-4eb1-4ab9-960c-208f42814dc2 (Engagement 5)
2026-06-19 20:39:25 - huginn - INFO - EngagementDatabase connected: C:\Users\allie\AppData\Local\Temp\pytest-of-allie\pytest-41\test_create_multiple_engagemen0\engagements\0148574a-5f9d-4827-b61d-040c69102240\engagement.db (pool_size=5)
2026-06-19 20:39:25 - huginn - INFO - EngagementDatabase schema created: C:\Users\allie\AppData\Local\Temp\pytest-of-allie\pytest-41\test_create_multiple_engagemen0\engagements\0148574a-5f9d-4827-b61d-040c69102240\engagement.db
2026-06-19 20:39:25 - huginn - INFO - EngagementDatabase closed: C:\Users\allie\AppData\Local\Temp\pytest-of-allie\pytest-41\test_create_multiple_engagemen0\engagements\0148574a-5f9d-4827-b61d-040c69102240\engagement.db (5 connections)
2026-06-19 20:39:25 - huginn - INFO - Engagement created: 0148574a-5f9d-4827-b61d-040c69102240 (Engagement 6)
2026-06-19 20:39:25 - huginn - INFO - EngagementDatabase connected: C:\Users\allie\AppData\Local\Temp\pytest-of-allie\pytest-41\test_create_multiple_engagemen0\engagements\dfccb3cc-3dea-46e5-a261-be12f5f1e0b0\engagement.db (pool_size=5)
2026-06-19 20:39:25 - huginn - INFO - EngagementDatabase schema created: C:\Users\allie\AppData\Local\Temp\pytest-of-allie\pytest-41\test_create_multiple_engagemen0\engagements\dfccb3cc-3dea-46e5-a261-be12f5f1e0b0\engagement.db
2026-06-19 20:39:25 - huginn - INFO - EngagementDatabase closed: C:\Users\allie\AppData\Local\Temp\pytest-of-allie\pytest-41\test_create_multiple_engagemen0\engagements\dfccb3cc-3dea-46e5-a261-be12f5f1e0b0\engagement.db (5 connections)
2026-06-19 20:39:25 - huginn - INFO - Engagement created: dfccb3cc-3dea-46e5-a261-be12f5f1e0b0 (Engagement 7)
2026-06-19 20:39:25 - huginn - INFO - EngagementDatabase connected: C:\Users\allie\AppData\Local\Temp\pytest-of-allie\pytest-41\test_create_multiple_engagemen0\engagements\ab49d01a-a812-4c9e-85db-57b2d049a9be\engagement.db (pool_size=5)
2026-06-19 20:39:25 - huginn - INFO - EngagementDatabase schema created: C:\Users\allie\AppData\Local\Temp\pytest-of-allie\pytest-41\test_create_multiple_engagemen0\engagements\ab49d01a-a812-4c9e-85db-57b2d049a9be\engagement.db
2026-06-19 20:39:25 - huginn - INFO - EngagementDatabase closed: C:\Users\allie\AppData\Local\Temp\pytest-of-allie\pytest-41\test_create_multiple_engagemen0\engagements\ab49d01a-a812-4c9e-85db-57b2d049a9be\engagement.db (5 connections)
2026-06-19 20:39:25 - huginn - INFO - Engagement created: ab49d01a-a812-4c9e-85db-57b2d049a9be (Engagement 8)
2026-06-19 20:39:25 - huginn - INFO - EngagementDatabase connected: C:\Users\allie\AppData\Local\Temp\pytest-of-allie\pytest-41\test_create_multiple_engagemen0\engagements\1b1a9186-b049-4e23-856a-7936a775a4bf\engagement.db (pool_size=5)
2026-06-19 20:39:25 - huginn - INFO - EngagementDatabase schema created: C:\Users\allie\AppData\Local\Temp\pytest-of-allie\pytest-41\test_create_multiple_engagemen0\engagements\1b1a9186-b049-4e23-856a-7936a775a4bf\engagement.db
2026-06-19 20:39:25 - huginn - INFO - EngagementDatabase closed: C:\Users\allie\AppData\Local\Temp\pytest-of-allie\pytest-41\test_create_multiple_engagemen0\engagements\1b1a9186-b049-4e23-856a-7936a775a4bf\engagement.db (5 connections)
2026-06-19 20:39:25 - huginn - INFO - Engagement created: 1b1a9186-b049-4e23-856a-7936a775a4bf (Engagement 9)
2026-06-19 20:39:25 - huginn - INFO - EngagementManager closed.
2026-06-19 20:39:25 - huginn - INFO - Master index schema initialized.
2026-06-19 20:39:25 - huginn - INFO - EngagementDatabase connected: C:\Users\allie\AppData\Local\Temp\pytest-of-allie\pytest-41\test_get_engagement_returns_me0\engagements\07d077f9-3591-4bec-82a2-25d36ba594d9\engagement.db (pool_size=5)
2026-06-19 20:39:25 - huginn - INFO - EngagementDatabase schema created: C:\Users\allie\AppData\Local\Temp\pytest-of-allie\pytest-41\test_get_engagement_returns_me0\engagements\07d077f9-3591-4bec-82a2-25d36ba594d9\engagement.db
2026-06-19 20:39:25 - huginn - INFO - EngagementDatabase closed: C:\Users\allie\AppData\Local\Temp\pytest-of-allie\pytest-41\test_get_engagement_returns_me0\engagements\07d077f9-3591-4bec-82a2-25d36ba594d9\engagement.db (5 connections)
2026-06-19 20:39:25 - huginn - INFO - Engagement created: 07d077f9-3591-4bec-82a2-25d36ba594d9 (Metadata Test)
2026-06-19 20:39:25 - huginn - INFO - EngagementManager closed.
2026-06-19 20:39:25 - huginn - INFO - Master index schema initialized.
2026-06-19 20:39:25 - huginn - INFO - EngagementManager closed.
2026-06-19 20:39:25 - huginn - INFO - Master index schema initialized.
2026-06-19 20:39:25 - huginn - INFO - EngagementDatabase connected: C:\Users\allie\AppData\Local\Temp\pytest-of-allie\pytest-41\test_list_all_engagements0\engagements\863dce68-8e87-4346-b40b-819af67b5481\engagement.db (pool_size=5)
2026-06-19 20:39:25 - huginn - INFO - EngagementDatabase schema created: C:\Users\allie\AppData\Local\Temp\pytest-of-allie\pytest-41\test_list_all_engagements0\engagements\863dce68-8e87-4346-b40b-819af67b5481\engagement.db
2026-06-19 20:39:25 - huginn - INFO - EngagementDatabase closed: C:\Users\allie\AppData\Local\Temp\pytest-of-allie\pytest-41\test_list_all_engagements0\engagements\863dce68-8e87-4346-b40b-819af67b5481\engagement.db (5 connections)
2026-06-19 20:39:25 - huginn - INFO - Engagement created: 863dce68-8e87-4346-b40b-819af67b5481 (Eng 1)
2026-06-19 20:39:25 - huginn - INFO - EngagementDatabase connected: C:\Users\allie\AppData\Local\Temp\pytest-of-allie\pytest-41\test_list_all_engagements0\engagements\2c468f46-53c3-4da5-af65-77e9d80b1c74\engagement.db (pool_size=5)
2026-06-19 20:39:25 - huginn - INFO - EngagementDatabase schema created: C:\Users\allie\AppData\Local\Temp\pytest-of-allie\pytest-41\test_list_all_engagements0\engagements\2c468f46-53c3-4da5-af65-77e9d80b1c74\engagement.db
2026-06-19 20:39:25 - huginn - INFO - EngagementDatabase closed: C:\Users\allie\AppData\Local\Temp\pytest-of-allie\pytest-41\test_list_all_engagements0\engagements\2c468f46-53c3-4da5-af65-77e9d80b1c74\engagement.db (5 connections)
2026-06-19 20:39:25 - huginn - INFO - Engagement created: 2c468f46-53c3-4da5-af65-77e9d80b1c74 (Eng 2)
2026-06-19 20:39:25 - huginn - INFO - EngagementManager closed.
2026-06-19 20:39:25 - huginn - INFO - Master index schema initialized.
2026-06-19 20:39:25 - huginn - INFO - EngagementDatabase connected: C:\Users\allie\AppData\Local\Temp\pytest-of-allie\pytest-41\test_list_engagements_status_f0\engagements\565f089c-1ba6-4dd2-be06-26ec20c59dd0\engagement.db (pool_size=5)
2026-06-19 20:39:25 - huginn - INFO - EngagementDatabase schema created: C:\Users\allie\AppData\Local\Temp\pytest-of-allie\pytest-41\test_list_engagements_status_f0\engagements\565f089c-1ba6-4dd2-be06-26ec20c59dd0\engagement.db
2026-06-19 20:39:25 - huginn - INFO - EngagementDatabase closed: C:\Users\allie\AppData\Local\Temp\pytest-of-allie\pytest-41\test_list_engagements_status_f0\engagements\565f089c-1ba6-4dd2-be06-26ec20c59dd0\engagement.db (5 connections)
2026-06-19 20:39:25 - huginn - INFO - Engagement created: 565f089c-1ba6-4dd2-be06-26ec20c59dd0 (Draft Eng)
2026-06-19 20:39:25 - huginn - INFO - EngagementDatabase connected: C:\Users\allie\AppData\Local\Temp\pytest-of-allie\pytest-41\test_list_engagements_status_f0\engagements\82db03e2-cc8e-40c2-8681-48aaf2388e0f\engagement.db (pool_size=5)
2026-06-19 20:39:25 - huginn - INFO - EngagementDatabase schema created: C:\Users\allie\AppData\Local\Temp\pytest-of-allie\pytest-41\test_list_engagements_status_f0\engagements\82db03e2-cc8e-40c2-8681-48aaf2388e0f\engagement.db
2026-06-19 20:39:25 - huginn - INFO - EngagementDatabase closed: C:\Users\allie\AppData\Local\Temp\pytest-of-allie\pytest-41\test_list_engagements_status_f0\engagements\82db03e2-cc8e-40c2-8681-48aaf2388e0f\engagement.db (5 connections)
2026-06-19 20:39:25 - huginn - INFO - Engagement created: 82db03e2-cc8e-40c2-8681-48aaf2388e0f (Active Eng)
2026-06-19 20:39:25 - huginn - INFO - State transition: 82db03e2-cc8e-40c2-8681-48aaf2388e0f draft -> scoping
2026-06-19 20:39:25 - huginn - INFO - State transition: 82db03e2-cc8e-40c2-8681-48aaf2388e0f scoping -> active
2026-06-19 20:39:25 - huginn - INFO - EngagementManager closed.
2026-06-19 20:39:25 - huginn - INFO - Master index schema initialized.
2026-06-19 20:39:25 - huginn - INFO - EngagementDatabase connected: C:\Users\allie\AppData\Local\Temp\pytest-of-allie\pytest-41\test_list_engagements_search0\engagements\de3b3773-a886-4541-9463-dd60045f70a4\engagement.db (pool_size=5)
2026-06-19 20:39:25 - huginn - INFO - EngagementDatabase schema created: C:\Users\allie\AppData\Local\Temp\pytest-of-allie\pytest-41\test_list_engagements_search0\engagements\de3b3773-a886-4541-9463-dd60045f70a4\engagement.db
2026-06-19 20:39:25 - huginn - INFO - EngagementDatabase closed: C:\Users\allie\AppData\Local\Temp\pytest-of-allie\pytest-41\test_list_engagements_search0\engagements\de3b3773-a886-4541-9463-dd60045f70a4\engagement.db (5 connections)
2026-06-19 20:39:25 - huginn - INFO - Engagement created: de3b3773-a886-4541-9463-dd60045f70a4 (Alpha Project)
2026-06-19 20:39:25 - huginn - INFO - EngagementDatabase connected: C:\Users\allie\AppData\Local\Temp\pytest-of-allie\pytest-41\test_list_engagements_search0\engagements\34c0bd05-7049-49fc-846d-857aa6be5f1c\engagement.db (pool_size=5)
2026-06-19 20:39:25 - huginn - INFO - EngagementDatabase schema created: C:\Users\allie\AppData\Local\Temp\pytest-of-allie\pytest-41\test_list_engagements_search0\engagements\34c0bd05-7049-49fc-846d-857aa6be5f1c\engagement.db
2026-06-19 20:39:25 - huginn - INFO - EngagementDatabase closed: C:\Users\allie\AppData\Local\Temp\pytest-of-allie\pytest-41\test_list_engagements_search0\engagements\34c0bd05-7049-49fc-846d-857aa6be5f1c\engagement.db (5 connections)
2026-06-19 20:39:25 - huginn - INFO - Engagement created: 34c0bd05-7049-49fc-846d-857aa6be5f1c (Beta Project)
2026-06-19 20:39:25 - huginn - INFO - EngagementManager closed.
2026-06-19 20:39:25 - huginn - INFO - Master index schema initialized.
2026-06-19 20:39:25 - huginn - INFO - EngagementDatabase connected: C:\Users\allie\AppData\Local\Temp\pytest-of-allie\pytest-41\test_valid_transitions_from_dr0\engagements\9176c672-b852-4a1f-8f33-a0ed47eeff32\engagement.db (pool_size=5)
2026-06-19 20:39:25 - huginn - INFO - EngagementDatabase schema created: C:\Users\allie\AppData\Local\Temp\pytest-of-allie\pytest-41\test_valid_transitions_from_dr0\engagements\9176c672-b852-4a1f-8f33-a0ed47eeff32\engagement.db
2026-06-19 20:39:25 - huginn - INFO - EngagementDatabase closed: C:\Users\allie\AppData\Local\Temp\pytest-of-allie\pytest-41\test_valid_transitions_from_dr0\engagements\9176c672-b852-4a1f-8f33-a0ed47eeff32\engagement.db (5 connections)
2026-06-19 20:39:25 - huginn - INFO - Engagement created: 9176c672-b852-4a1f-8f33-a0ed47eeff32 (SM Test)
2026-06-19 20:39:25 - huginn - INFO - State transition: 9176c672-b852-4a1f-8f33-a0ed47eeff32 draft -> scoping
2026-06-19 20:39:25 - huginn - INFO - EngagementManager closed.
2026-06-19 20:39:25 - huginn - INFO - Master index schema initialized.
2026-06-19 20:39:25 - huginn - INFO - EngagementDatabase connected: C:\Users\allie\AppData\Local\Temp\pytest-of-allie\pytest-41\test_valid_full_lifecycle0\engagements\d939c1b7-c9bc-43d9-a3e4-41d69812f875\engagement.db (pool_size=5)
2026-06-19 20:39:25 - huginn - INFO - EngagementDatabase schema created: C:\Users\allie\AppData\Local\Temp\pytest-of-allie\pytest-41\test_valid_full_lifecycle0\engagements\d939c1b7-c9bc-43d9-a3e4-41d69812f875\engagement.db
2026-06-19 20:39:25 - huginn - INFO - EngagementDatabase closed: C:\Users\allie\AppData\Local\Temp\pytest-of-allie\pytest-41\test_valid_full_lifecycle0\engagements\d939c1b7-c9bc-43d9-a3e4-41d69812f875\engagement.db (5 connections)
2026-06-19 20:39:25 - huginn - INFO - Engagement created: d939c1b7-c9bc-43d9-a3e4-41d69812f875 (Lifecycle)
2026-06-19 20:39:25 - huginn - INFO - State transition: d939c1b7-c9bc-43d9-a3e4-41d69812f875 draft -> scoping
2026-06-19 20:39:25 - huginn - INFO - State transition: d939c1b7-c9bc-43d9-a3e4-41d69812f875 scoping -> active
2026-06-19 20:39:25 - huginn - INFO - State transition: d939c1b7-c9bc-43d9-a3e4-41d69812f875 active -> reporting
2026-06-19 20:39:25 - huginn - INFO - State transition: d939c1b7-c9bc-43d9-a3e4-41d69812f875 reporting -> closed
2026-06-19 20:39:25 - huginn - INFO - EngagementManager closed.
2026-06-19 20:39:25 - huginn - INFO - Master index schema initialized.
2026-06-19 20:39:25 - huginn - INFO - EngagementDatabase connected: C:\Users\allie\AppData\Local\Temp\pytest-of-allie\pytest-41\test_invalid_transition_reject0\engagements\79c6cb57-9bc8-4a73-9317-65eaed6544f2\engagement.db (pool_size=5)
2026-06-19 20:39:25 - huginn - INFO - EngagementDatabase schema created: C:\Users\allie\AppData\Local\Temp\pytest-of-allie\pytest-41\test_invalid_transition_reject0\engagements\79c6cb57-9bc8-4a73-9317-65eaed6544f2\engagement.db
2026-06-19 20:39:25 - huginn - INFO - EngagementDatabase closed: C:\Users\allie\AppData\Local\Temp\pytest-of-allie\pytest-41\test_invalid_transition_reject0\engagements\79c6cb57-9bc8-4a73-9317-65eaed6544f2\engagement.db (5 connections)
2026-06-19 20:39:25 - huginn - INFO - Engagement created: 79c6cb57-9bc8-4a73-9317-65eaed6544f2 (Invalid)
2026-06-19 20:39:25 - huginn - WARNING - Invalid state transition for 79c6cb57-9bc8-4a73-9317-65eaed6544f2: draft -> active. Allowed: ['scoping']
2026-06-19 20:39:25 - huginn - INFO - EngagementManager closed.
2026-06-19 20:39:25 - huginn - INFO - Master index schema initialized.
2026-06-19 20:39:25 - huginn - INFO - EngagementDatabase connected: C:\Users\allie\AppData\Local\Temp\pytest-of-allie\pytest-41\test_closed_state_has_no_trans0\engagements\332f8f34-b55d-4d70-b38d-dc29ec179a5e\engagement.db (pool_size=5)
2026-06-19 20:39:25 - huginn - INFO - EngagementDatabase schema created: C:\Users\allie\AppData\Local\Temp\pytest-of-allie\pytest-41\test_closed_state_has_no_trans0\engagements\332f8f34-b55d-4d70-b38d-dc29ec179a5e\engagement.db
2026-06-19 20:39:25 - huginn - INFO - EngagementDatabase closed: C:\Users\allie\AppData\Local\Temp\pytest-of-allie\pytest-41\test_closed_state_has_no_trans0\engagements\332f8f34-b55d-4d70-b38d-dc29ec179a5e\engagement.db (5 connections)
2026-06-19 20:39:25 - huginn - INFO - Engagement created: 332f8f34-b55d-4d70-b38d-dc29ec179a5e (Closed)
2026-06-19 20:39:25 - huginn - INFO - State transition: 332f8f34-b55d-4d70-b38d-dc29ec179a5e draft -> scoping
2026-06-19 20:39:25 - huginn - INFO - State transition: 332f8f34-b55d-4d70-b38d-dc29ec179a5e scoping -> active
2026-06-19 20:39:25 - huginn - INFO - State transition: 332f8f34-b55d-4d70-b38d-dc29ec179a5e active -> reporting
2026-06-19 20:39:25 - huginn - INFO - State transition: 332f8f34-b55d-4d70-b38d-dc29ec179a5e reporting -> closed
2026-06-19 20:39:25 - huginn - WARNING - Invalid state transition for 332f8f34-b55d-4d70-b38d-dc29ec179a5e: closed -> draft. Allowed: []
2026-06-19 20:39:25 - huginn - WARNING - Invalid state transition for 332f8f34-b55d-4d70-b38d-dc29ec179a5e: closed -> scoping. Allowed: []
2026-06-19 20:39:25 - huginn - WARNING - Invalid state transition for 332f8f34-b55d-4d70-b38d-dc29ec179a5e: closed -> active. Allowed: []
2026-06-19 20:39:25 - huginn - WARNING - Invalid state transition for 332f8f34-b55d-4d70-b38d-dc29ec179a5e: closed -> paused. Allowed: []
2026-06-19 20:39:25 - huginn - WARNING - Invalid state transition for 332f8f34-b55d-4d70-b38d-dc29ec179a5e: closed -> retest. Allowed: []
2026-06-19 20:39:25 - huginn - WARNING - Invalid state transition for 332f8f34-b55d-4d70-b38d-dc29ec179a5e: closed -> reporting. Allowed: []
2026-06-19 20:39:25 - huginn - WARNING - Invalid state transition for 332f8f34-b55d-4d70-b38d-dc29ec179a5e: closed -> closed. Allowed: []
2026-06-19 20:39:25 - huginn - INFO - EngagementManager closed.
2026-06-19 20:39:25 - huginn - INFO - Master index schema initialized.
2026-06-19 20:39:25 - huginn - INFO - EngagementDatabase connected: C:\Users\allie\AppData\Local\Temp\pytest-of-allie\pytest-41\test_active_to_paused_and_back0\engagements\dbd54b72-4e63-43b7-bdfa-9bb42899ea97\engagement.db (pool_size=5)
2026-06-19 20:39:25 - huginn - INFO - EngagementDatabase schema created: C:\Users\allie\AppData\Local\Temp\pytest-of-allie\pytest-41\test_active_to_paused_and_back0\engagements\dbd54b72-4e63-43b7-bdfa-9bb42899ea97\engagement.db
2026-06-19 20:39:25 - huginn - INFO - EngagementDatabase closed: C:\Users\allie\AppData\Local\Temp\pytest-of-allie\pytest-41\test_active_to_paused_and_back0\engagements\dbd54b72-4e63-43b7-bdfa-9bb42899ea97\engagement.db (5 connections)
2026-06-19 20:39:25 - huginn - INFO - Engagement created: dbd54b72-4e63-43b7-bdfa-9bb42899ea97 (Pause)
2026-06-19 20:39:25 - huginn - INFO - State transition: dbd54b72-4e63-43b7-bdfa-9bb42899ea97 draft -> scoping
2026-06-19 20:39:25 - huginn - INFO - State transition: dbd54b72-4e63-43b7-bdfa-9bb42899ea97 scoping -> active
2026-06-19 20:39:25 - huginn - INFO - State transition: dbd54b72-4e63-43b7-bdfa-9bb42899ea97 active -> paused
2026-06-19 20:39:25 - huginn - INFO - State transition: dbd54b72-4e63-43b7-bdfa-9bb42899ea97 paused -> active
2026-06-19 20:39:25 - huginn - INFO - EngagementManager closed.
2026-06-19 20:39:25 - huginn - INFO - Master index schema initialized.
2026-06-19 20:39:25 - huginn - INFO - EngagementDatabase connected: C:\Users\allie\AppData\Local\Temp\pytest-of-allie\pytest-41\test_active_to_retest_and_repo0\engagements\5a81e46d-8a91-4971-9343-abf9842d8efa\engagement.db (pool_size=5)
2026-06-19 20:39:25 - huginn - INFO - EngagementDatabase schema created: C:\Users\allie\AppData\Local\Temp\pytest-of-allie\pytest-41\test_active_to_retest_and_repo0\engagements\5a81e46d-8a91-4971-9343-abf9842d8efa\engagement.db
2026-06-19 20:39:25 - huginn - INFO - EngagementDatabase closed: C:\Users\allie\AppData\Local\Temp\pytest-of-allie\pytest-41\test_active_to_retest_and_repo0\engagements\5a81e46d-8a91-4971-9343-abf9842d8efa\engagement.db (5 connections)
2026-06-19 20:39:25 - huginn - INFO - Engagement created: 5a81e46d-8a91-4971-9343-abf9842d8efa (Retest)
2026-06-19 20:39:25 - huginn - INFO - State transition: 5a81e46d-8a91-4971-9343-abf9842d8efa draft -> scoping
2026-06-19 20:39:25 - huginn - INFO - State transition: 5a81e46d-8a91-4971-9343-abf9842d8efa scoping -> active
2026-06-19 20:39:25 - huginn - INFO - State transition: 5a81e46d-8a91-4971-9343-abf9842d8efa active -> retest
2026-06-19 20:39:25 - huginn - INFO - State transition: 5a81e46d-8a91-4971-9343-abf9842d8efa retest -> reporting
2026-06-19 20:39:25 - huginn - INFO - EngagementManager closed.
2026-06-19 20:39:25 - huginn - INFO - Master index schema initialized.
2026-06-19 20:39:25 - huginn - INFO - EngagementDatabase connected: C:\Users\allie\AppData\Local\Temp\pytest-of-allie\pytest-41\test_transition_records_histor0\engagements\ea9ad489-9446-45ac-9591-63fa21f9e371\engagement.db (pool_size=5)
2026-06-19 20:39:25 - huginn - INFO - EngagementDatabase schema created: C:\Users\allie\AppData\Local\Temp\pytest-of-allie\pytest-41\test_transition_records_histor0\engagements\ea9ad489-9446-45ac-9591-63fa21f9e371\engagement.db
2026-06-19 20:39:25 - huginn - INFO - EngagementDatabase closed: C:\Users\allie\AppData\Local\Temp\pytest-of-allie\pytest-41\test_transition_records_histor0\engagements\ea9ad489-9446-45ac-9591-63fa21f9e371\engagement.db (5 connections)
2026-06-19 20:39:25 - huginn - INFO - Engagement created: ea9ad489-9446-45ac-9591-63fa21f9e371 (History)
2026-06-19 20:39:25 - huginn - INFO - State transition: ea9ad489-9446-45ac-9591-63fa21f9e371 draft -> scoping
2026-06-19 20:39:25 - huginn - INFO - State transition: ea9ad489-9446-45ac-9591-63fa21f9e371 scoping -> active
2026-06-19 20:39:25 - huginn - INFO - EngagementManager closed.
2026-06-19 20:39:25 - huginn - INFO - Master index schema initialized.
2026-06-19 20:39:25 - huginn - ERROR - Cannot transition state: engagement fake-id not found.
2026-06-19 20:39:25 - huginn - INFO - EngagementManager closed.
2026-06-19 20:39:25 - huginn - INFO - Master index schema initialized.
2026-06-19 20:39:25 - huginn - INFO - EngagementDatabase connected: C:\Users\allie\AppData\Local\Temp\pytest-of-allie\pytest-41\test_all_valid_transitions_suc0\engagements\fc3cd503-10b7-4649-ad9a-96d211bc63d3\engagement.db (pool_size=5)
2026-06-19 20:39:25 - huginn - INFO - EngagementDatabase schema created: C:\Users\allie\AppData\Local\Temp\pytest-of-allie\pytest-41\test_all_valid_transitions_suc0\engagements\fc3cd503-10b7-4649-ad9a-96d211bc63d3\engagement.db
2026-06-19 20:39:25 - huginn - INFO - EngagementDatabase closed: C:\Users\allie\AppData\Local\Temp\pytest-of-allie\pytest-41\test_all_valid_transitions_suc0\engagements\fc3cd503-10b7-4649-ad9a-96d211bc63d3\engagement.db (5 connections)
2026-06-19 20:39:25 - huginn - INFO - Engagement created: fc3cd503-10b7-4649-ad9a-96d211bc63d3 (draft->scoping)
2026-06-19 20:39:25 - huginn - INFO - State transition: fc3cd503-10b7-4649-ad9a-96d211bc63d3 draft -> scoping
2026-06-19 20:39:25 - huginn - INFO - EngagementDatabase connected: C:\Users\allie\AppData\Local\Temp\pytest-of-allie\pytest-41\test_all_valid_transitions_suc0\engagements\1584939e-d70a-4d01-aea8-599de6fb11c2\engagement.db (pool_size=5)
2026-06-19 20:39:25 - huginn - INFO - EngagementDatabase schema created: C:\Users\allie\AppData\Local\Temp\pytest-of-allie\pytest-41\test_all_valid_transitions_suc0\engagements\1584939e-d70a-4d01-aea8-599de6fb11c2\engagement.db
2026-06-19 20:39:25 - huginn - INFO - EngagementDatabase closed: C:\Users\allie\AppData\Local\Temp\pytest-of-allie\pytest-41\test_all_valid_transitions_suc0\engagements\1584939e-d70a-4d01-aea8-599de6fb11c2\engagement.db (5 connections)
2026-06-19 20:39:25 - huginn - INFO - Engagement created: 1584939e-d70a-4d01-aea8-599de6fb11c2 (scoping->active)
2026-06-19 20:39:25 - huginn - INFO - State transition: 1584939e-d70a-4d01-aea8-599de6fb11c2 draft -> scoping
2026-06-19 20:39:25 - huginn - INFO - State transition: 1584939e-d70a-4d01-aea8-599de6fb11c2 scoping -> active
2026-06-19 20:39:25 - huginn - INFO - EngagementDatabase connected: C:\Users\allie\AppData\Local\Temp\pytest-of-allie\pytest-41\test_all_valid_transitions_suc0\engagements\9144f251-f950-4d4e-867d-732144a618cb\engagement.db (pool_size=5)
2026-06-19 20:39:25 - huginn - INFO - EngagementDatabase schema created: C:\Users\allie\AppData\Local\Temp\pytest-of-allie\pytest-41\test_all_valid_transitions_suc0\engagements\9144f251-f950-4d4e-867d-732144a618cb\engagement.db
2026-06-19 20:39:25 - huginn - INFO - EngagementDatabase closed: C:\Users\allie\AppData\Local\Temp\pytest-of-allie\pytest-41\test_all_valid_transitions_suc0\engagements\9144f251-f950-4d4e-867d-732144a618cb\engagement.db (5 connections)
2026-06-19 20:39:25 - huginn - INFO - Engagement created: 9144f251-f950-4d4e-867d-732144a618cb (active->paused)
2026-06-19 20:39:25 - huginn - INFO - State transition: 9144f251-f950-4d4e-867d-732144a618cb draft -> scoping
2026-06-19 20:39:25 - huginn - INFO - State transition: 9144f251-f950-4d4e-867d-732144a618cb scoping -> active
2026-06-19 20:39:25 - huginn - INFO - State transition: 9144f251-f950-4d4e-867d-732144a618cb active -> paused
2026-06-19 20:39:25 - huginn - INFO - EngagementDatabase connected: C:\Users\allie\AppData\Local\Temp\pytest-of-allie\pytest-41\test_all_valid_transitions_suc0\engagements\afc630ee-bfea-446a-8030-c2a429814275\engagement.db (pool_size=5)
2026-06-19 20:39:25 - huginn - INFO - EngagementDatabase schema created: C:\Users\allie\AppData\Local\Temp\pytest-of-allie\pytest-41\test_all_valid_transitions_suc0\engagements\afc630ee-bfea-446a-8030-c2a429814275\engagement.db
2026-06-19 20:39:25 - huginn - INFO - EngagementDatabase closed: C:\Users\allie\AppData\Local\Temp\pytest-of-allie\pytest-41\test_all_valid_transitions_suc0\engagements\afc630ee-bfea-446a-8030-c2a429814275\engagement.db (5 connections)
2026-06-19 20:39:25 - huginn - INFO - Engagement created: afc630ee-bfea-446a-8030-c2a429814275 (active->retest)
2026-06-19 20:39:25 - huginn - INFO - State transition: afc630ee-bfea-446a-8030-c2a429814275 draft -> scoping
2026-06-19 20:39:25 - huginn - INFO - State transition: afc630ee-bfea-446a-8030-c2a429814275 scoping -> active
2026-06-19 20:39:25 - huginn - INFO - State transition: afc630ee-bfea-446a-8030-c2a429814275 active -> retest
2026-06-19 20:39:25 - huginn - INFO - EngagementDatabase connected: C:\Users\allie\AppData\Local\Temp\pytest-of-allie\pytest-41\test_all_valid_transitions_suc0\engagements\dca758c7-037e-4c3a-93d3-4aaed51ba7cd\engagement.db (pool_size=5)
2026-06-19 20:39:25 - huginn - INFO - EngagementDatabase schema created: C:\Users\allie\AppData\Local\Temp\pytest-of-allie\pytest-41\test_all_valid_transitions_suc0\engagements\dca758c7-037e-4c3a-93d3-4aaed51ba7cd\engagement.db
2026-06-19 20:39:25 - huginn - INFO - EngagementDatabase closed: C:\Users\allie\AppData\Local\Temp\pytest-of-allie\pytest-41\test_all_valid_transitions_suc0\engagements\dca758c7-037e-4c3a-93d3-4aaed51ba7cd\engagement.db (5 connections)
2026-06-19 20:39:25 - huginn - INFO - Engagement created: dca758c7-037e-4c3a-93d3-4aaed51ba7cd (active->reporting)
2026-06-19 20:39:25 - huginn - INFO - State transition: dca758c7-037e-4c3a-93d3-4aaed51ba7cd draft -> scoping
2026-06-19 20:39:25 - huginn - INFO - State transition: dca758c7-037e-4c3a-93d3-4aaed51ba7cd scoping -> active
2026-06-19 20:39:25 - huginn - INFO - State transition: dca758c7-037e-4c3a-93d3-4aaed51ba7cd active -> reporting
2026-06-19 20:39:25 - huginn - INFO - EngagementDatabase connected: C:\Users\allie\AppData\Local\Temp\pytest-of-allie\pytest-41\test_all_valid_transitions_suc0\engagements\ced57606-9bcd-43f7-8cfa-a9de70b58b88\engagement.db (pool_size=5)
2026-06-19 20:39:25 - huginn - INFO - EngagementDatabase schema created: C:\Users\allie\AppData\Local\Temp\pytest-of-allie\pytest-41\test_all_valid_transitions_suc0\engagements\ced57606-9bcd-43f7-8cfa-a9de70b58b88\engagement.db
2026-06-19 20:39:25 - huginn - INFO - EngagementDatabase closed: C:\Users\allie\AppData\Local\Temp\pytest-of-allie\pytest-41\test_all_valid_transitions_suc0\engagements\ced57606-9bcd-43f7-8cfa-a9de70b58b88\engagement.db (5 connections)
2026-06-19 20:39:25 - huginn - INFO - Engagement created: ced57606-9bcd-43f7-8cfa-a9de70b58b88 (paused->active)
2026-06-19 20:39:25 - huginn - INFO - State transition: ced57606-9bcd-43f7-8cfa-a9de70b58b88 draft -> scoping
2026-06-19 20:39:25 - huginn - INFO - State transition: ced57606-9bcd-43f7-8cfa-a9de70b58b88 scoping -> active
2026-06-19 20:39:25 - huginn - INFO - State transition: ced57606-9bcd-43f7-8cfa-a9de70b58b88 active -> paused
2026-06-19 20:39:25 - huginn - INFO - State transition: ced57606-9bcd-43f7-8cfa-a9de70b58b88 paused -> active
2026-06-19 20:39:25 - huginn - INFO - EngagementDatabase connected: C:\Users\allie\AppData\Local\Temp\pytest-of-allie\pytest-41\test_all_valid_transitions_suc0\engagements\eeafbdd3-b1ba-470b-b3ff-67568fc9c4ca\engagement.db (pool_size=5)
2026-06-19 20:39:25 - huginn - INFO - EngagementDatabase schema created: C:\Users\allie\AppData\Local\Temp\pytest-of-allie\pytest-41\test_all_valid_transitions_suc0\engagements\eeafbdd3-b1ba-470b-b3ff-67568fc9c4ca\engagement.db
2026-06-19 20:39:25 - huginn - INFO - EngagementDatabase closed: C:\Users\allie\AppData\Local\Temp\pytest-of-allie\pytest-41\test_all_valid_transitions_suc0\engagements\eeafbdd3-b1ba-470b-b3ff-67568fc9c4ca\engagement.db (5 connections)
2026-06-19 20:39:25 - huginn - INFO - Engagement created: eeafbdd3-b1ba-470b-b3ff-67568fc9c4ca (paused->closed)
2026-06-19 20:39:25 - huginn - INFO - State transition: eeafbdd3-b1ba-470b-b3ff-67568fc9c4ca draft -> scoping
2026-06-19 20:39:25 - huginn - INFO - State transition: eeafbdd3-b1ba-470b-b3ff-67568fc9c4ca scoping -> active
2026-06-19 20:39:25 - huginn - INFO - State transition: eeafbdd3-b1ba-470b-b3ff-67568fc9c4ca active -> paused
2026-06-19 20:39:25 - huginn - INFO - State transition: eeafbdd3-b1ba-470b-b3ff-67568fc9c4ca paused -> closed
2026-06-19 20:39:25 - huginn - INFO - EngagementDatabase connected: C:\Users\allie\AppData\Local\Temp\pytest-of-allie\pytest-41\test_all_valid_transitions_suc0\engagements\d901b3b3-f47b-463c-bce2-cf1f8f8a1bca\engagement.db (pool_size=5)
2026-06-19 20:39:25 - huginn - INFO - EngagementDatabase schema created: C:\Users\allie\AppData\Local\Temp\pytest-of-allie\pytest-41\test_all_valid_transitions_suc0\engagements\d901b3b3-f47b-463c-bce2-cf1f8f8a1bca\engagement.db
2026-06-19 20:39:25 - huginn - INFO - EngagementDatabase closed: C:\Users\allie\AppData\Local\Temp\pytest-of-allie\pytest-41\test_all_valid_transitions_suc0\engagements\d901b3b3-f47b-463c-bce2-cf1f8f8a1bca\engagement.db (5 connections)
2026-06-19 20:39:25 - huginn - INFO - Engagement created: d901b3b3-f47b-463c-bce2-cf1f8f8a1bca (retest->reporting)
2026-06-19 20:39:25 - huginn - INFO - State transition: d901b3b3-f47b-463c-bce2-cf1f8f8a1bca draft -> scoping
2026-06-19 20:39:25 - huginn - INFO - State transition: d901b3b3-f47b-463c-bce2-cf1f8f8a1bca scoping -> active
2026-06-19 20:39:25 - huginn - INFO - State transition: d901b3b3-f47b-463c-bce2-cf1f8f8a1bca active -> retest
2026-06-19 20:39:25 - huginn - INFO - State transition: d901b3b3-f47b-463c-bce2-cf1f8f8a1bca retest -> reporting
2026-06-19 20:39:25 - huginn - INFO - EngagementDatabase connected: C:\Users\allie\AppData\Local\Temp\pytest-of-allie\pytest-41\test_all_valid_transitions_suc0\engagements\aaab71f5-0037-4550-a45a-740339ecf3a7\engagement.db (pool_size=5)
2026-06-19 20:39:25 - huginn - INFO - EngagementDatabase schema created: C:\Users\allie\AppData\Local\Temp\pytest-of-allie\pytest-41\test_all_valid_transitions_suc0\engagements\aaab71f5-0037-4550-a45a-740339ecf3a7\engagement.db
2026-06-19 20:39:25 - huginn - INFO - EngagementDatabase closed: C:\Users\allie\AppData\Local\Temp\pytest-of-allie\pytest-41\test_all_valid_transitions_suc0\engagements\aaab71f5-0037-4550-a45a-740339ecf3a7\engagement.db (5 connections)
2026-06-19 20:39:25 - huginn - INFO - Engagement created: aaab71f5-0037-4550-a45a-740339ecf3a7 (retest->active)
2026-06-19 20:39:25 - huginn - INFO - State transition: aaab71f5-0037-4550-a45a-740339ecf3a7 draft -> scoping
2026-06-19 20:39:25 - huginn - INFO - State transition: aaab71f5-0037-4550-a45a-740339ecf3a7 scoping -> active
2026-06-19 20:39:25 - huginn - INFO - State transition: aaab71f5-0037-4550-a45a-740339ecf3a7 active -> retest
2026-06-19 20:39:25 - huginn - INFO - State transition: aaab71f5-0037-4550-a45a-740339ecf3a7 retest -> active
2026-06-19 20:39:25 - huginn - INFO - EngagementDatabase connected: C:\Users\allie\AppData\Local\Temp\pytest-of-allie\pytest-41\test_all_valid_transitions_suc0\engagements\4d63adc3-acc4-47ad-82d2-d0192d961be7\engagement.db (pool_size=5)
2026-06-19 20:39:25 - huginn - INFO - EngagementDatabase schema created: C:\Users\allie\AppData\Local\Temp\pytest-of-allie\pytest-41\test_all_valid_transitions_suc0\engagements\4d63adc3-acc4-47ad-82d2-d0192d961be7\engagement.db
2026-06-19 20:39:25 - huginn - INFO - EngagementDatabase closed: C:\Users\allie\AppData\Local\Temp\pytest-of-allie\pytest-41\test_all_valid_transitions_suc0\engagements\4d63adc3-acc4-47ad-82d2-d0192d961be7\engagement.db (5 connections)
2026-06-19 20:39:25 - huginn - INFO - Engagement created: 4d63adc3-acc4-47ad-82d2-d0192d961be7 (reporting->closed)
2026-06-19 20:39:25 - huginn - INFO - State transition: 4d63adc3-acc4-47ad-82d2-d0192d961be7 draft -> scoping
2026-06-19 20:39:25 - huginn - INFO - State transition: 4d63adc3-acc4-47ad-82d2-d0192d961be7 scoping -> active
2026-06-19 20:39:25 - huginn - INFO - State transition: 4d63adc3-acc4-47ad-82d2-d0192d961be7 active -> reporting
2026-06-19 20:39:25 - huginn - INFO - State transition: 4d63adc3-acc4-47ad-82d2-d0192d961be7 reporting -> closed
2026-06-19 20:39:25 - huginn - INFO - EngagementDatabase connected: C:\Users\allie\AppData\Local\Temp\pytest-of-allie\pytest-41\test_all_valid_transitions_suc0\engagements\d2a63bb3-b9db-44b3-b0a4-36f1c798e371\engagement.db (pool_size=5)
2026-06-19 20:39:25 - huginn - INFO - EngagementDatabase schema created: C:\Users\allie\AppData\Local\Temp\pytest-of-allie\pytest-41\test_all_valid_transitions_suc0\engagements\d2a63bb3-b9db-44b3-b0a4-36f1c798e371\engagement.db
2026-06-19 20:39:25 - huginn - INFO - EngagementDatabase closed: C:\Users\allie\AppData\Local\Temp\pytest-of-allie\pytest-41\test_all_valid_transitions_suc0\engagements\d2a63bb3-b9db-44b3-b0a4-36f1c798e371\engagement.db (5 connections)
2026-06-19 20:39:25 - huginn - INFO - Engagement created: d2a63bb3-b9db-44b3-b0a4-36f1c798e371 (reporting->retest)
2026-06-19 20:39:25 - huginn - INFO - State transition: d2a63bb3-b9db-44b3-b0a4-36f1c798e371 draft -> scoping
2026-06-19 20:39:25 - huginn - INFO - State transition: d2a63bb3-b9db-44b3-b0a4-36f1c798e371 scoping -> active
2026-06-19 20:39:25 - huginn - INFO - State transition: d2a63bb3-b9db-44b3-b0a4-36f1c798e371 active -> reporting
2026-06-19 20:39:25 - huginn - INFO - State transition: d2a63bb3-b9db-44b3-b0a4-36f1c798e371 reporting -> retest
2026-06-19 20:39:25 - huginn - INFO - EngagementManager closed.
2026-06-19 20:39:25 - huginn - INFO - Master index schema initialized.
2026-06-19 20:39:26 - huginn - INFO - EngagementDatabase connected: C:\Users\allie\AppData\Local\Temp\pytest-of-allie\pytest-41\test_open_engagement_success0\engagements\eb6c45f0-fac9-4449-b874-b7107bffd5fc\engagement.db (pool_size=5)
2026-06-19 20:39:26 - huginn - INFO - EngagementDatabase schema created: C:\Users\allie\AppData\Local\Temp\pytest-of-allie\pytest-41\test_open_engagement_success0\engagements\eb6c45f0-fac9-4449-b874-b7107bffd5fc\engagement.db
2026-06-19 20:39:26 - huginn - INFO - EngagementDatabase closed: C:\Users\allie\AppData\Local\Temp\pytest-of-allie\pytest-41\test_open_engagement_success0\engagements\eb6c45f0-fac9-4449-b874-b7107bffd5fc\engagement.db (5 connections)
2026-06-19 20:39:26 - huginn - INFO - Engagement created: eb6c45f0-fac9-4449-b874-b7107bffd5fc (Open Test)
2026-06-19 20:39:26 - huginn - INFO - EngagementDatabase connected: C:\Users\allie\AppData\Local\Temp\pytest-of-allie\pytest-41\test_open_engagement_success0\engagements\eb6c45f0-fac9-4449-b874-b7107bffd5fc\engagement.db (pool_size=5)
2026-06-19 20:39:26 - huginn - INFO - Engagement opened: eb6c45f0-fac9-4449-b874-b7107bffd5fc
2026-06-19 20:39:26 - huginn - INFO - EngagementDatabase closed: C:\Users\allie\AppData\Local\Temp\pytest-of-allie\pytest-41\test_open_engagement_success0\engagements\eb6c45f0-fac9-4449-b874-b7107bffd5fc\engagement.db (5 connections)
2026-06-19 20:39:26 - huginn - INFO - Active engagement closed.
2026-06-19 20:39:26 - huginn - INFO - EngagementManager closed.
2026-06-19 20:39:26 - huginn - INFO - Master index schema initialized.
2026-06-19 20:39:26 - huginn - ERROR - Engagement not found: nonexistent-id
2026-06-19 20:39:26 - huginn - INFO - EngagementManager closed.
2026-06-19 20:39:26 - huginn - INFO - Master index schema initialized.
2026-06-19 20:39:26 - huginn - INFO - EngagementDatabase connected: C:\Users\allie\AppData\Local\Temp\pytest-of-allie\pytest-41\test_open_closes_previous_enga0\engagements\7d5e481f-2726-4486-9ec4-e5efb3da0800\engagement.db (pool_size=5)
2026-06-19 20:39:26 - huginn - INFO - EngagementDatabase schema created: C:\Users\allie\AppData\Local\Temp\pytest-of-allie\pytest-41\test_open_closes_previous_enga0\engagements\7d5e481f-2726-4486-9ec4-e5efb3da0800\engagement.db
2026-06-19 20:39:26 - huginn - INFO - EngagementDatabase closed: C:\Users\allie\AppData\Local\Temp\pytest-of-allie\pytest-41\test_open_closes_previous_enga0\engagements\7d5e481f-2726-4486-9ec4-e5efb3da0800\engagement.db (5 connections)
2026-06-19 20:39:26 - huginn - INFO - Engagement created: 7d5e481f-2726-4486-9ec4-e5efb3da0800 (First)
2026-06-19 20:39:26 - huginn - INFO - EngagementDatabase connected: C:\Users\allie\AppData\Local\Temp\pytest-of-allie\pytest-41\test_open_closes_previous_enga0\engagements\f0ecfdff-6427-47fa-98e9-dd06eee314fe\engagement.db (pool_size=5)
2026-06-19 20:39:26 - huginn - INFO - EngagementDatabase schema created: C:\Users\allie\AppData\Local\Temp\pytest-of-allie\pytest-41\test_open_closes_previous_enga0\engagements\f0ecfdff-6427-47fa-98e9-dd06eee314fe\engagement.db
2026-06-19 20:39:26 - huginn - INFO - EngagementDatabase closed: C:\Users\allie\AppData\Local\Temp\pytest-of-allie\pytest-41\test_open_closes_previous_enga0\engagements\f0ecfdff-6427-47fa-98e9-dd06eee314fe\engagement.db (5 connections)
2026-06-19 20:39:26 - huginn - INFO - Engagement created: f0ecfdff-6427-47fa-98e9-dd06eee314fe (Second)
2026-06-19 20:39:26 - huginn - INFO - EngagementDatabase connected: C:\Users\allie\AppData\Local\Temp\pytest-of-allie\pytest-41\test_open_closes_previous_enga0\engagements\7d5e481f-2726-4486-9ec4-e5efb3da0800\engagement.db (pool_size=5)
2026-06-19 20:39:26 - huginn - INFO - Engagement opened: 7d5e481f-2726-4486-9ec4-e5efb3da0800
2026-06-19 20:39:26 - huginn - INFO - EngagementDatabase closed: C:\Users\allie\AppData\Local\Temp\pytest-of-allie\pytest-41\test_open_closes_previous_enga0\engagements\7d5e481f-2726-4486-9ec4-e5efb3da0800\engagement.db (5 connections)
2026-06-19 20:39:26 - huginn - INFO - EngagementDatabase connected: C:\Users\allie\AppData\Local\Temp\pytest-of-allie\pytest-41\test_open_closes_previous_enga0\engagements\f0ecfdff-6427-47fa-98e9-dd06eee314fe\engagement.db (pool_size=5)
2026-06-19 20:39:26 - huginn - INFO - Engagement opened: f0ecfdff-6427-47fa-98e9-dd06eee314fe
2026-06-19 20:39:26 - huginn - INFO - EngagementDatabase closed: C:\Users\allie\AppData\Local\Temp\pytest-of-allie\pytest-41\test_open_closes_previous_enga0\engagements\f0ecfdff-6427-47fa-98e9-dd06eee314fe\engagement.db (5 connections)
2026-06-19 20:39:26 - huginn - INFO - Active engagement closed.
2026-06-19 20:39:26 - huginn - INFO - EngagementManager closed.
2026-06-19 20:39:26 - huginn - INFO - Master index schema initialized.
2026-06-19 20:39:26 - huginn - INFO - EngagementDatabase connected: C:\Users\allie\AppData\Local\Temp\pytest-of-allie\pytest-41\test_add_and_get_document0\engagements\8b4423e9-9535-4cb3-8132-6ddc2f181ed8\engagement.db (pool_size=5)
2026-06-19 20:39:26 - huginn - INFO - EngagementDatabase schema created: C:\Users\allie\AppData\Local\Temp\pytest-of-allie\pytest-41\test_add_and_get_document0\engagements\8b4423e9-9535-4cb3-8132-6ddc2f181ed8\engagement.db
2026-06-19 20:39:26 - huginn - INFO - EngagementDatabase closed: C:\Users\allie\AppData\Local\Temp\pytest-of-allie\pytest-41\test_add_and_get_document0\engagements\8b4423e9-9535-4cb3-8132-6ddc2f181ed8\engagement.db (5 connections)
2026-06-19 20:39:26 - huginn - INFO - Engagement created: 8b4423e9-9535-4cb3-8132-6ddc2f181ed8 (Doc Test)
2026-06-19 20:39:26 - huginn - INFO - EngagementDatabase connected: C:\Users\allie\AppData\Local\Temp\pytest-of-allie\pytest-41\test_add_and_get_document0\engagements\8b4423e9-9535-4cb3-8132-6ddc2f181ed8\engagement.db (pool_size=5)
2026-06-19 20:39:26 - huginn - INFO - Engagement opened: 8b4423e9-9535-4cb3-8132-6ddc2f181ed8
2026-06-19 20:39:26 - huginn - DEBUG - Document added: scope.pdf (type=scope)
2026-06-19 20:39:26 - huginn - INFO - EngagementDatabase closed: C:\Users\allie\AppData\Local\Temp\pytest-of-allie\pytest-41\test_add_and_get_document0\engagements\8b4423e9-9535-4cb3-8132-6ddc2f181ed8\engagement.db (5 connections)
2026-06-19 20:39:26 - huginn - INFO - Active engagement closed.
2026-06-19 20:39:26 - huginn - INFO - EngagementManager closed.
2026-06-19 20:39:26 - huginn - INFO - Master index schema initialized.
2026-06-19 20:39:26 - huginn - INFO - EngagementDatabase connected: C:\Users\allie\AppData\Local\Temp\pytest-of-allie\pytest-41\test_get_document_content0\engagements\58c09ac7-2ea3-410b-9edd-044a9a5de9dc\engagement.db (pool_size=5)
2026-06-19 20:39:26 - huginn - INFO - EngagementDatabase schema created: C:\Users\allie\AppData\Local\Temp\pytest-of-allie\pytest-41\test_get_document_content0\engagements\58c09ac7-2ea3-410b-9edd-044a9a5de9dc\engagement.db
2026-06-19 20:39:26 - huginn - INFO - EngagementDatabase closed: C:\Users\allie\AppData\Local\Temp\pytest-of-allie\pytest-41\test_get_document_content0\engagements\58c09ac7-2ea3-410b-9edd-044a9a5de9dc\engagement.db (5 connections)
2026-06-19 20:39:26 - huginn - INFO - Engagement created: 58c09ac7-2ea3-410b-9edd-044a9a5de9dc (Doc Test)
2026-06-19 20:39:26 - huginn - INFO - EngagementDatabase connected: C:\Users\allie\AppData\Local\Temp\pytest-of-allie\pytest-41\test_get_document_content0\engagements\58c09ac7-2ea3-410b-9edd-044a9a5de9dc\engagement.db (pool_size=5)
2026-06-19 20:39:26 - huginn - INFO - Engagement opened: 58c09ac7-2ea3-410b-9edd-044a9a5de9dc
2026-06-19 20:39:26 - huginn - DEBUG - Document added: test.bin (type=other)
2026-06-19 20:39:26 - huginn - INFO - EngagementDatabase closed: C:\Users\allie\AppData\Local\Temp\pytest-of-allie\pytest-41\test_get_document_content0\engagements\58c09ac7-2ea3-410b-9edd-044a9a5de9dc\engagement.db (5 connections)
2026-06-19 20:39:26 - huginn - INFO - Active engagement closed.
2026-06-19 20:39:26 - huginn - INFO - EngagementManager closed.
2026-06-19 20:39:26 - huginn - INFO - Master index schema initialized.
2026-06-19 20:39:26 - huginn - INFO - EngagementDatabase connected: C:\Users\allie\AppData\Local\Temp\pytest-of-allie\pytest-41\test_filter_documents_by_type0\engagements\6556696f-9feb-4b08-8219-0af2721f5f5f\engagement.db (pool_size=5)
2026-06-19 20:39:26 - huginn - INFO - EngagementDatabase schema created: C:\Users\allie\AppData\Local\Temp\pytest-of-allie\pytest-41\test_filter_documents_by_type0\engagements\6556696f-9feb-4b08-8219-0af2721f5f5f\engagement.db
2026-06-19 20:39:26 - huginn - INFO - EngagementDatabase closed: C:\Users\allie\AppData\Local\Temp\pytest-of-allie\pytest-41\test_filter_documents_by_type0\engagements\6556696f-9feb-4b08-8219-0af2721f5f5f\engagement.db (5 connections)
2026-06-19 20:39:26 - huginn - INFO - Engagement created: 6556696f-9feb-4b08-8219-0af2721f5f5f (Doc Test)
2026-06-19 20:39:26 - huginn - INFO - EngagementDatabase connected: C:\Users\allie\AppData\Local\Temp\pytest-of-allie\pytest-41\test_filter_documents_by_type0\engagements\6556696f-9feb-4b08-8219-0af2721f5f5f\engagement.db (pool_size=5)
2026-06-19 20:39:26 - huginn - INFO - Engagement opened: 6556696f-9feb-4b08-8219-0af2721f5f5f
2026-06-19 20:39:26 - huginn - DEBUG - Document added: scope.pdf (type=scope)
2026-06-19 20:39:26 - huginn - DEBUG - Document added: nda.pdf (type=nda)
2026-06-19 20:39:26 - huginn - INFO - EngagementDatabase closed: C:\Users\allie\AppData\Local\Temp\pytest-of-allie\pytest-41\test_filter_documents_by_type0\engagements\6556696f-9feb-4b08-8219-0af2721f5f5f\engagement.db (5 connections)
2026-06-19 20:39:26 - huginn - INFO - Active engagement closed.
2026-06-19 20:39:26 - huginn - INFO - EngagementManager closed.
2026-06-19 20:39:26 - huginn - INFO - Master index schema initialized.
2026-06-19 20:39:26 - huginn - INFO - EngagementDatabase connected: C:\Users\allie\AppData\Local\Temp\pytest-of-allie\pytest-41\test_delete_document0\engagements\7abbeba9-41a7-44ea-9f04-b2d648f27c34\engagement.db (pool_size=5)
2026-06-19 20:39:26 - huginn - INFO - EngagementDatabase schema created: C:\Users\allie\AppData\Local\Temp\pytest-of-allie\pytest-41\test_delete_document0\engagements\7abbeba9-41a7-44ea-9f04-b2d648f27c34\engagement.db
2026-06-19 20:39:26 - huginn - INFO - EngagementDatabase closed: C:\Users\allie\AppData\Local\Temp\pytest-of-allie\pytest-41\test_delete_document0\engagements\7abbeba9-41a7-44ea-9f04-b2d648f27c34\engagement.db (5 connections)
2026-06-19 20:39:26 - huginn - INFO - Engagement created: 7abbeba9-41a7-44ea-9f04-b2d648f27c34 (Doc Test)
2026-06-19 20:39:26 - huginn - INFO - EngagementDatabase connected: C:\Users\allie\AppData\Local\Temp\pytest-of-allie\pytest-41\test_delete_document0\engagements\7abbeba9-41a7-44ea-9f04-b2d648f27c34\engagement.db (pool_size=5)
2026-06-19 20:39:26 - huginn - INFO - Engagement opened: 7abbeba9-41a7-44ea-9f04-b2d648f27c34
2026-06-19 20:39:26 - huginn - DEBUG - Document added: del.pdf (type=other)
2026-06-19 20:39:26 - huginn - INFO - EngagementDatabase closed: C:\Users\allie\AppData\Local\Temp\pytest-of-allie\pytest-41\test_delete_document0\engagements\7abbeba9-41a7-44ea-9f04-b2d648f27c34\engagement.db (5 connections)
2026-06-19 20:39:26 - huginn - INFO - Active engagement closed.
2026-06-19 20:39:26 - huginn - INFO - EngagementManager closed.
2026-06-19 20:39:26 - huginn - INFO - Master index schema initialized.
2026-06-19 20:39:26 - huginn - INFO - EngagementDatabase connected: C:\Users\allie\AppData\Local\Temp\pytest-of-allie\pytest-41\test_add_and_list_contacts0\engagements\b1828667-2a4e-4be5-a8a9-1af233169161\engagement.db (pool_size=5)
2026-06-19 20:39:26 - huginn - INFO - EngagementDatabase schema created: C:\Users\allie\AppData\Local\Temp\pytest-of-allie\pytest-41\test_add_and_list_contacts0\engagements\b1828667-2a4e-4be5-a8a9-1af233169161\engagement.db
2026-06-19 20:39:26 - huginn - INFO - EngagementDatabase closed: C:\Users\allie\AppData\Local\Temp\pytest-of-allie\pytest-41\test_add_and_list_contacts0\engagements\b1828667-2a4e-4be5-a8a9-1af233169161\engagement.db (5 connections)
2026-06-19 20:39:26 - huginn - INFO - Engagement created: b1828667-2a4e-4be5-a8a9-1af233169161 (Contact Test)
2026-06-19 20:39:26 - huginn - INFO - EngagementDatabase connected: C:\Users\allie\AppData\Local\Temp\pytest-of-allie\pytest-41\test_add_and_list_contacts0\engagements\b1828667-2a4e-4be5-a8a9-1af233169161\engagement.db (pool_size=5)
2026-06-19 20:39:26 - huginn - INFO - Engagement opened: b1828667-2a4e-4be5-a8a9-1af233169161
2026-06-19 20:39:26 - huginn - DEBUG - Contact added: John Doe (CTO)
2026-06-19 20:39:26 - huginn - INFO - EngagementDatabase closed: C:\Users\allie\AppData\Local\Temp\pytest-of-allie\pytest-41\test_add_and_list_contacts0\engagements\b1828667-2a4e-4be5-a8a9-1af233169161\engagement.db (5 connections)
2026-06-19 20:39:26 - huginn - INFO - Active engagement closed.
2026-06-19 20:39:26 - huginn - INFO - EngagementManager closed.
2026-06-19 20:39:26 - huginn - INFO - Master index schema initialized.
2026-06-19 20:39:26 - huginn - INFO - EngagementDatabase connected: C:\Users\allie\AppData\Local\Temp\pytest-of-allie\pytest-41\test_update_contact0\engagements\831c47ba-7dc6-4be2-8ddd-0aa133d0ec4e\engagement.db (pool_size=5)
2026-06-19 20:39:26 - huginn - INFO - EngagementDatabase schema created: C:\Users\allie\AppData\Local\Temp\pytest-of-allie\pytest-41\test_update_contact0\engagements\831c47ba-7dc6-4be2-8ddd-0aa133d0ec4e\engagement.db
2026-06-19 20:39:26 - huginn - INFO - EngagementDatabase closed: C:\Users\allie\AppData\Local\Temp\pytest-of-allie\pytest-41\test_update_contact0\engagements\831c47ba-7dc6-4be2-8ddd-0aa133d0ec4e\engagement.db (5 connections)
2026-06-19 20:39:26 - huginn - INFO - Engagement created: 831c47ba-7dc6-4be2-8ddd-0aa133d0ec4e (Contact Test)
2026-06-19 20:39:26 - huginn - INFO - EngagementDatabase connected: C:\Users\allie\AppData\Local\Temp\pytest-of-allie\pytest-41\test_update_contact0\engagements\831c47ba-7dc6-4be2-8ddd-0aa133d0ec4e\engagement.db (pool_size=5)
2026-06-19 20:39:26 - huginn - INFO - Engagement opened: 831c47ba-7dc6-4be2-8ddd-0aa133d0ec4e
2026-06-19 20:39:26 - huginn - DEBUG - Contact added: Jane (PM)
2026-06-19 20:39:26 - huginn - INFO - EngagementDatabase closed: C:\Users\allie\AppData\Local\Temp\pytest-of-allie\pytest-41\test_update_contact0\engagements\831c47ba-7dc6-4be2-8ddd-0aa133d0ec4e\engagement.db (5 connections)
2026-06-19 20:39:26 - huginn - INFO - Active engagement closed.
2026-06-19 20:39:26 - huginn - INFO - EngagementManager closed.
2026-06-19 20:39:26 - huginn - INFO - Master index schema initialized.
2026-06-19 20:39:26 - huginn - INFO - EngagementDatabase connected: C:\Users\allie\AppData\Local\Temp\pytest-of-allie\pytest-41\test_delete_contact0\engagements\ff7a0943-b23a-4813-9b50-6a135393a2bf\engagement.db (pool_size=5)
2026-06-19 20:39:26 - huginn - INFO - EngagementDatabase schema created: C:\Users\allie\AppData\Local\Temp\pytest-of-allie\pytest-41\test_delete_contact0\engagements\ff7a0943-b23a-4813-9b50-6a135393a2bf\engagement.db
2026-06-19 20:39:26 - huginn - INFO - EngagementDatabase closed: C:\Users\allie\AppData\Local\Temp\pytest-of-allie\pytest-41\test_delete_contact0\engagements\ff7a0943-b23a-4813-9b50-6a135393a2bf\engagement.db (5 connections)
2026-06-19 20:39:26 - huginn - INFO - Engagement created: ff7a0943-b23a-4813-9b50-6a135393a2bf (Contact Test)
2026-06-19 20:39:26 - huginn - INFO - EngagementDatabase connected: C:\Users\allie\AppData\Local\Temp\pytest-of-allie\pytest-41\test_delete_contact0\engagements\ff7a0943-b23a-4813-9b50-6a135393a2bf\engagement.db (pool_size=5)
2026-06-19 20:39:26 - huginn - INFO - Engagement opened: ff7a0943-b23a-4813-9b50-6a135393a2bf
2026-06-19 20:39:26 - huginn - DEBUG - Contact added: Delete Me (None)
2026-06-19 20:39:26 - huginn - INFO - EngagementDatabase closed: C:\Users\allie\AppData\Local\Temp\pytest-of-allie\pytest-41\test_delete_contact0\engagements\ff7a0943-b23a-4813-9b50-6a135393a2bf\engagement.db (5 connections)
2026-06-19 20:39:26 - huginn - INFO - Active engagement closed.
2026-06-19 20:39:26 - huginn - INFO - EngagementManager closed.
2026-06-19 20:39:26 - huginn - INFO - Master index schema initialized.
2026-06-19 20:39:26 - huginn - INFO - EngagementDatabase connected: C:\Users\allie\AppData\Local\Temp\pytest-of-allie\pytest-41\test_set_and_get_roe0\engagements\f915da23-1018-49f0-b479-10f999f679dd\engagement.db (pool_size=5)
2026-06-19 20:39:26 - huginn - INFO - EngagementDatabase schema created: C:\Users\allie\AppData\Local\Temp\pytest-of-allie\pytest-41\test_set_and_get_roe0\engagements\f915da23-1018-49f0-b479-10f999f679dd\engagement.db
2026-06-19 20:39:26 - huginn - INFO - EngagementDatabase closed: C:\Users\allie\AppData\Local\Temp\pytest-of-allie\pytest-41\test_set_and_get_roe0\engagements\f915da23-1018-49f0-b479-10f999f679dd\engagement.db (5 connections)
2026-06-19 20:39:26 - huginn - INFO - Engagement created: f915da23-1018-49f0-b479-10f999f679dd (RoE Test)
2026-06-19 20:39:26 - huginn - INFO - EngagementDatabase connected: C:\Users\allie\AppData\Local\Temp\pytest-of-allie\pytest-41\test_set_and_get_roe0\engagements\f915da23-1018-49f0-b479-10f999f679dd\engagement.db (pool_size=5)
2026-06-19 20:39:26 - huginn - INFO - Engagement opened: f915da23-1018-49f0-b479-10f999f679dd
2026-06-19 20:39:26 - huginn - INFO - EngagementDatabase closed: C:\Users\allie\AppData\Local\Temp\pytest-of-allie\pytest-41\test_set_and_get_roe0\engagements\f915da23-1018-49f0-b479-10f999f679dd\engagement.db (5 connections)
2026-06-19 20:39:26 - huginn - INFO - Active engagement closed.
2026-06-19 20:39:26 - huginn - INFO - EngagementManager closed.
2026-06-19 20:39:26 - huginn - INFO - Master index schema initialized.
2026-06-19 20:39:26 - huginn - INFO - EngagementDatabase connected: C:\Users\allie\AppData\Local\Temp\pytest-of-allie\pytest-41\test_update_roe_overwrites0\engagements\a192e4de-9ebc-49a6-a0d1-2f4ed654934a\engagement.db (pool_size=5)
2026-06-19 20:39:26 - huginn - INFO - EngagementDatabase schema created: C:\Users\allie\AppData\Local\Temp\pytest-of-allie\pytest-41\test_update_roe_overwrites0\engagements\a192e4de-9ebc-49a6-a0d1-2f4ed654934a\engagement.db
2026-06-19 20:39:26 - huginn - INFO - EngagementDatabase closed: C:\Users\allie\AppData\Local\Temp\pytest-of-allie\pytest-41\test_update_roe_overwrites0\engagements\a192e4de-9ebc-49a6-a0d1-2f4ed654934a\engagement.db (5 connections)
2026-06-19 20:39:26 - huginn - INFO - Engagement created: a192e4de-9ebc-49a6-a0d1-2f4ed654934a (RoE Test)
2026-06-19 20:39:26 - huginn - INFO - EngagementDatabase connected: C:\Users\allie\AppData\Local\Temp\pytest-of-allie\pytest-41\test_update_roe_overwrites0\engagements\a192e4de-9ebc-49a6-a0d1-2f4ed654934a\engagement.db (pool_size=5)
2026-06-19 20:39:26 - huginn - INFO - Engagement opened: a192e4de-9ebc-49a6-a0d1-2f4ed654934a
2026-06-19 20:39:26 - huginn - INFO - EngagementDatabase closed: C:\Users\allie\AppData\Local\Temp\pytest-of-allie\pytest-41\test_update_roe_overwrites0\engagements\a192e4de-9ebc-49a6-a0d1-2f4ed654934a\engagement.db (5 connections)
2026-06-19 20:39:26 - huginn - INFO - Active engagement closed.
2026-06-19 20:39:26 - huginn - INFO - EngagementManager closed.
2026-06-19 20:39:26 - huginn - INFO - Master index schema initialized.
2026-06-19 20:39:26 - huginn - INFO - EngagementDatabase connected: C:\Users\allie\AppData\Local\Temp\pytest-of-allie\pytest-41\test_get_roe_returns_none_when0\engagements\0021744d-1862-4984-b0b5-2c44c951415d\engagement.db (pool_size=5)
2026-06-19 20:39:26 - huginn - INFO - EngagementDatabase schema created: C:\Users\allie\AppData\Local\Temp\pytest-of-allie\pytest-41\test_get_roe_returns_none_when0\engagements\0021744d-1862-4984-b0b5-2c44c951415d\engagement.db
2026-06-19 20:39:26 - huginn - INFO - EngagementDatabase closed: C:\Users\allie\AppData\Local\Temp\pytest-of-allie\pytest-41\test_get_roe_returns_none_when0\engagements\0021744d-1862-4984-b0b5-2c44c951415d\engagement.db (5 connections)
2026-06-19 20:39:26 - huginn - INFO - Engagement created: 0021744d-1862-4984-b0b5-2c44c951415d (RoE Test)
2026-06-19 20:39:26 - huginn - INFO - EngagementDatabase connected: C:\Users\allie\AppData\Local\Temp\pytest-of-allie\pytest-41\test_get_roe_returns_none_when0\engagements\0021744d-1862-4984-b0b5-2c44c951415d\engagement.db (pool_size=5)
2026-06-19 20:39:26 - huginn - INFO - Engagement opened: 0021744d-1862-4984-b0b5-2c44c951415d
2026-06-19 20:39:26 - huginn - INFO - EngagementDatabase closed: C:\Users\allie\AppData\Local\Temp\pytest-of-allie\pytest-41\test_get_roe_returns_none_when0\engagements\0021744d-1862-4984-b0b5-2c44c951415d\engagement.db (5 connections)
2026-06-19 20:39:26 - huginn - INFO - Active engagement closed.
2026-06-19 20:39:26 - huginn - INFO - EngagementManager closed.
2026-06-19 20:39:26 - huginn - INFO - Master index schema initialized.
2026-06-19 20:39:26 - huginn - INFO - EngagementDatabase connected: C:\Users\allie\AppData\Local\Temp\pytest-of-allie\pytest-41\test_add_and_list_milestones0\engagements\9e7c9ea8-e726-4c2b-9438-9584b002e3d3\engagement.db (pool_size=5)
2026-06-19 20:39:26 - huginn - INFO - EngagementDatabase schema created: C:\Users\allie\AppData\Local\Temp\pytest-of-allie\pytest-41\test_add_and_list_milestones0\engagements\9e7c9ea8-e726-4c2b-9438-9584b002e3d3\engagement.db
2026-06-19 20:39:26 - huginn - INFO - EngagementDatabase closed: C:\Users\allie\AppData\Local\Temp\pytest-of-allie\pytest-41\test_add_and_list_milestones0\engagements\9e7c9ea8-e726-4c2b-9438-9584b002e3d3\engagement.db (5 connections)
2026-06-19 20:39:26 - huginn - INFO - Engagement created: 9e7c9ea8-e726-4c2b-9438-9584b002e3d3 (Milestone Test)
2026-06-19 20:39:26 - huginn - INFO - EngagementDatabase connected: C:\Users\allie\AppData\Local\Temp\pytest-of-allie\pytest-41\test_add_and_list_milestones0\engagements\9e7c9ea8-e726-4c2b-9438-9584b002e3d3\engagement.db (pool_size=5)
2026-06-19 20:39:26 - huginn - INFO - Engagement opened: 9e7c9ea8-e726-4c2b-9438-9584b002e3d3
2026-06-19 20:39:26 - huginn - DEBUG - Milestone added: Kickoff (planned_start)
2026-06-19 20:39:26 - huginn - INFO - EngagementDatabase closed: C:\Users\allie\AppData\Local\Temp\pytest-of-allie\pytest-41\test_add_and_list_milestones0\engagements\9e7c9ea8-e726-4c2b-9438-9584b002e3d3\engagement.db (5 connections)
2026-06-19 20:39:26 - huginn - INFO - Active engagement closed.
2026-06-19 20:39:26 - huginn - INFO - EngagementManager closed.
2026-06-19 20:39:26 - huginn - INFO - Master index schema initialized.
2026-06-19 20:39:26 - huginn - INFO - EngagementDatabase connected: C:\Users\allie\AppData\Local\Temp\pytest-of-allie\pytest-41\test_milestones_ordered_by_dat0\engagements\2891eea7-20b4-4a8c-acbb-c85e27a14da4\engagement.db (pool_size=5)
2026-06-19 20:39:26 - huginn - INFO - EngagementDatabase schema created: C:\Users\allie\AppData\Local\Temp\pytest-of-allie\pytest-41\test_milestones_ordered_by_dat0\engagements\2891eea7-20b4-4a8c-acbb-c85e27a14da4\engagement.db
2026-06-19 20:39:26 - huginn - INFO - EngagementDatabase closed: C:\Users\allie\AppData\Local\Temp\pytest-of-allie\pytest-41\test_milestones_ordered_by_dat0\engagements\2891eea7-20b4-4a8c-acbb-c85e27a14da4\engagement.db (5 connections)
2026-06-19 20:39:26 - huginn - INFO - Engagement created: 2891eea7-20b4-4a8c-acbb-c85e27a14da4 (Milestone Test)
2026-06-19 20:39:26 - huginn - INFO - EngagementDatabase connected: C:\Users\allie\AppData\Local\Temp\pytest-of-allie\pytest-41\test_milestones_ordered_by_dat0\engagements\2891eea7-20b4-4a8c-acbb-c85e27a14da4\engagement.db (pool_size=5)
2026-06-19 20:39:26 - huginn - INFO - Engagement opened: 2891eea7-20b4-4a8c-acbb-c85e27a14da4
2026-06-19 20:39:26 - huginn - DEBUG - Milestone added: End (planned_end)
2026-06-19 20:39:26 - huginn - DEBUG - Milestone added: Start (planned_start)
2026-06-19 20:39:26 - huginn - DEBUG - Milestone added: Mid (checkpoint)
2026-06-19 20:39:26 - huginn - INFO - EngagementDatabase closed: C:\Users\allie\AppData\Local\Temp\pytest-of-allie\pytest-41\test_milestones_ordered_by_dat0\engagements\2891eea7-20b4-4a8c-acbb-c85e27a14da4\engagement.db (5 connections)
2026-06-19 20:39:26 - huginn - INFO - Active engagement closed.
2026-06-19 20:39:26 - huginn - INFO - EngagementManager closed.
2026-06-19 20:39:26 - huginn - INFO - Master index schema initialized.
2026-06-19 20:39:26 - huginn - INFO - EngagementDatabase connected: C:\Users\allie\AppData\Local\Temp\pytest-of-allie\pytest-41\test_update_milestone0\engagements\d39c28e2-4859-400b-adf1-b7484b410527\engagement.db (pool_size=5)
2026-06-19 20:39:26 - huginn - INFO - EngagementDatabase schema created: C:\Users\allie\AppData\Local\Temp\pytest-of-allie\pytest-41\test_update_milestone0\engagements\d39c28e2-4859-400b-adf1-b7484b410527\engagement.db
2026-06-19 20:39:26 - huginn - INFO - EngagementDatabase closed: C:\Users\allie\AppData\Local\Temp\pytest-of-allie\pytest-41\test_update_milestone0\engagements\d39c28e2-4859-400b-adf1-b7484b410527\engagement.db (5 connections)
2026-06-19 20:39:26 - huginn - INFO - Engagement created: d39c28e2-4859-400b-adf1-b7484b410527 (Milestone Test)
2026-06-19 20:39:26 - huginn - INFO - EngagementDatabase connected: C:\Users\allie\AppData\Local\Temp\pytest-of-allie\pytest-41\test_update_milestone0\engagements\d39c28e2-4859-400b-adf1-b7484b410527\engagement.db (pool_size=5)
2026-06-19 20:39:26 - huginn - INFO - Engagement opened: d39c28e2-4859-400b-adf1-b7484b410527
2026-06-19 20:39:26 - huginn - DEBUG - Milestone added: Old Name (checkpoint)
2026-06-19 20:39:26 - huginn - INFO - EngagementDatabase closed: C:\Users\allie\AppData\Local\Temp\pytest-of-allie\pytest-41\test_update_milestone0\engagements\d39c28e2-4859-400b-adf1-b7484b410527\engagement.db (5 connections)
2026-06-19 20:39:26 - huginn - INFO - Active engagement closed.
2026-06-19 20:39:26 - huginn - INFO - EngagementManager closed.
2026-06-19 20:39:26 - huginn - INFO - Master index schema initialized.
2026-06-19 20:39:26 - huginn - INFO - EngagementDatabase connected: C:\Users\allie\AppData\Local\Temp\pytest-of-allie\pytest-41\test_delete_milestone0\engagements\09cb2523-b2b4-4d0a-85f7-6b771807a66b\engagement.db (pool_size=5)
2026-06-19 20:39:26 - huginn - INFO - EngagementDatabase schema created: C:\Users\allie\AppData\Local\Temp\pytest-of-allie\pytest-41\test_delete_milestone0\engagements\09cb2523-b2b4-4d0a-85f7-6b771807a66b\engagement.db
2026-06-19 20:39:26 - huginn - INFO - EngagementDatabase closed: C:\Users\allie\AppData\Local\Temp\pytest-of-allie\pytest-41\test_delete_milestone0\engagements\09cb2523-b2b4-4d0a-85f7-6b771807a66b\engagement.db (5 connections)
2026-06-19 20:39:26 - huginn - INFO - Engagement created: 09cb2523-b2b4-4d0a-85f7-6b771807a66b (Milestone Test)
2026-06-19 20:39:26 - huginn - INFO - EngagementDatabase connected: C:\Users\allie\AppData\Local\Temp\pytest-of-allie\pytest-41\test_delete_milestone0\engagements\09cb2523-b2b4-4d0a-85f7-6b771807a66b\engagement.db (pool_size=5)
2026-06-19 20:39:26 - huginn - INFO - Engagement opened: 09cb2523-b2b4-4d0a-85f7-6b771807a66b
2026-06-19 20:39:26 - huginn - DEBUG - Milestone added: Remove (checkpoint)
2026-06-19 20:39:26 - huginn - INFO - EngagementDatabase closed: C:\Users\allie\AppData\Local\Temp\pytest-of-allie\pytest-41\test_delete_milestone0\engagements\09cb2523-b2b4-4d0a-85f7-6b771807a66b\engagement.db (5 connections)
2026-06-19 20:39:26 - huginn - INFO - Active engagement closed.
2026-06-19 20:39:26 - huginn - INFO - EngagementManager closed.
2026-06-19 20:39:26 - huginn - INFO - Master index schema initialized.
2026-06-19 20:39:26 - huginn - INFO - EngagementDatabase connected: C:\Users\allie\AppData\Local\Temp\pytest-of-allie\pytest-41\test_engagement_created_signal0\engagements\22b2df19-9f32-4283-bfda-88c199d292f8\engagement.db (pool_size=5)
2026-06-19 20:39:26 - huginn - INFO - EngagementDatabase schema created: C:\Users\allie\AppData\Local\Temp\pytest-of-allie\pytest-41\test_engagement_created_signal0\engagements\22b2df19-9f32-4283-bfda-88c199d292f8\engagement.db
2026-06-19 20:39:26 - huginn - INFO - EngagementDatabase closed: C:\Users\allie\AppData\Local\Temp\pytest-of-allie\pytest-41\test_engagement_created_signal0\engagements\22b2df19-9f32-4283-bfda-88c199d292f8\engagement.db (5 connections)
2026-06-19 20:39:26 - huginn - INFO - Engagement created: 22b2df19-9f32-4283-bfda-88c199d292f8 (Signal)
2026-06-19 20:39:26 - huginn - INFO - EngagementManager closed.
2026-06-19 20:39:26 - huginn - INFO - Master index schema initialized.
2026-06-19 20:39:26 - huginn - INFO - EngagementDatabase connected: C:\Users\allie\AppData\Local\Temp\pytest-of-allie\pytest-41\test_engagement_opened_signal0\engagements\cd877d0e-3d7d-4fbf-8192-9c30705612fd\engagement.db (pool_size=5)
2026-06-19 20:39:26 - huginn - INFO - EngagementDatabase schema created: C:\Users\allie\AppData\Local\Temp\pytest-of-allie\pytest-41\test_engagement_opened_signal0\engagements\cd877d0e-3d7d-4fbf-8192-9c30705612fd\engagement.db
2026-06-19 20:39:26 - huginn - INFO - EngagementDatabase closed: C:\Users\allie\AppData\Local\Temp\pytest-of-allie\pytest-41\test_engagement_opened_signal0\engagements\cd877d0e-3d7d-4fbf-8192-9c30705612fd\engagement.db (5 connections)
2026-06-19 20:39:26 - huginn - INFO - Engagement created: cd877d0e-3d7d-4fbf-8192-9c30705612fd (Signal Open)
2026-06-19 20:39:26 - huginn - INFO - EngagementDatabase connected: C:\Users\allie\AppData\Local\Temp\pytest-of-allie\pytest-41\test_engagement_opened_signal0\engagements\cd877d0e-3d7d-4fbf-8192-9c30705612fd\engagement.db (pool_size=5)
2026-06-19 20:39:26 - huginn - INFO - Engagement opened: cd877d0e-3d7d-4fbf-8192-9c30705612fd
2026-06-19 20:39:26 - huginn - INFO - EngagementDatabase closed: C:\Users\allie\AppData\Local\Temp\pytest-of-allie\pytest-41\test_engagement_opened_signal0\engagements\cd877d0e-3d7d-4fbf-8192-9c30705612fd\engagement.db (5 connections)
2026-06-19 20:39:26 - huginn - INFO - Active engagement closed.
2026-06-19 20:39:26 - huginn - INFO - EngagementManager closed.
2026-06-19 20:39:26 - huginn - INFO - Master index schema initialized.
2026-06-19 20:39:26 - huginn - INFO - EngagementDatabase connected: C:\Users\allie\AppData\Local\Temp\pytest-of-allie\pytest-41\test_state_changed_signal0\engagements\3214df35-c3c6-4dc8-98ad-c4930828da04\engagement.db (pool_size=5)
2026-06-19 20:39:26 - huginn - INFO - EngagementDatabase schema created: C:\Users\allie\AppData\Local\Temp\pytest-of-allie\pytest-41\test_state_changed_signal0\engagements\3214df35-c3c6-4dc8-98ad-c4930828da04\engagement.db
2026-06-19 20:39:26 - huginn - INFO - EngagementDatabase closed: C:\Users\allie\AppData\Local\Temp\pytest-of-allie\pytest-41\test_state_changed_signal0\engagements\3214df35-c3c6-4dc8-98ad-c4930828da04\engagement.db (5 connections)
2026-06-19 20:39:26 - huginn - INFO - Engagement created: 3214df35-c3c6-4dc8-98ad-c4930828da04 (Signal State)
2026-06-19 20:39:26 - huginn - INFO - State transition: 3214df35-c3c6-4dc8-98ad-c4930828da04 draft -> scoping
2026-06-19 20:39:26 - huginn - INFO - EngagementManager closed.
2026-06-19 20:39:26 - huginn - INFO - Master index schema initialized.
2026-06-19 20:39:26 - huginn - INFO - EngagementManager closed.
2026-06-19 20:39:26 - huginn - INFO - EngagementDatabase connected: C:\Users\allie\AppData\Local\Temp\pytest-of-allie\pytest-41\test_connect_creates_directory0\nested\dir\engagement.db (pool_size=5)
2026-06-19 20:39:26 - huginn - INFO - EngagementDatabase closed: C:\Users\allie\AppData\Local\Temp\pytest-of-allie\pytest-41\test_connect_creates_directory0\nested\dir\engagement.db (5 connections)
2026-06-19 20:39:26 - huginn - INFO - EngagementDatabase connected: C:\Users\allie\AppData\Local\Temp\pytest-of-allie\pytest-41\test_connect_idempotent0\engagement.db (pool_size=5)
2026-06-19 20:39:26 - huginn - INFO - EngagementDatabase schema created: C:\Users\allie\AppData\Local\Temp\pytest-of-allie\pytest-41\test_connect_idempotent0\engagement.db
2026-06-19 20:39:26 - huginn - DEBUG - EngagementDatabase already connected: C:\Users\allie\AppData\Local\Temp\pytest-of-allie\pytest-41\test_connect_idempotent0\engagement.db
2026-06-19 20:39:26 - huginn - INFO - EngagementDatabase closed: C:\Users\allie\AppData\Local\Temp\pytest-of-allie\pytest-41\test_connect_idempotent0\engagement.db (5 connections)
2026-06-19 20:39:26 - huginn - INFO - EngagementDatabase connected: C:\Users\allie\AppData\Local\Temp\pytest-of-allie\pytest-41\test_close_marks_disconnected0\engagement.db (pool_size=5)
2026-06-19 20:39:26 - huginn - INFO - EngagementDatabase closed: C:\Users\allie\AppData\Local\Temp\pytest-of-allie\pytest-41\test_close_marks_disconnected0\engagement.db (5 connections)
2026-06-19 20:39:26 - huginn - INFO - EngagementDatabase connected: C:\Users\allie\AppData\Local\Temp\pytest-of-allie\pytest-41\test_close_idempotent0\engagement.db (pool_size=5)
2026-06-19 20:39:26 - huginn - INFO - EngagementDatabase closed: C:\Users\allie\AppData\Local\Temp\pytest-of-allie\pytest-41\test_close_idempotent0\engagement.db (5 connections)
2026-06-19 20:39:26 - huginn - INFO - EngagementDatabase connected: C:\Users\allie\AppData\Local\Temp\pytest-of-allie\pytest-41\test_wal_mode_enabled0\engagement.db (pool_size=5)
2026-06-19 20:39:26 - huginn - INFO - EngagementDatabase schema created: C:\Users\allie\AppData\Local\Temp\pytest-of-allie\pytest-41\test_wal_mode_enabled0\engagement.db
2026-06-19 20:39:26 - huginn - INFO - EngagementDatabase closed: C:\Users\allie\AppData\Local\Temp\pytest-of-allie\pytest-41\test_wal_mode_enabled0\engagement.db (5 connections)
2026-06-19 20:39:26 - huginn - INFO - EngagementDatabase connected: C:\Users\allie\AppData\Local\Temp\pytest-of-allie\pytest-41\test_foreign_keys_enabled0\engagement.db (pool_size=5)
2026-06-19 20:39:26 - huginn - INFO - EngagementDatabase schema created: C:\Users\allie\AppData\Local\Temp\pytest-of-allie\pytest-41\test_foreign_keys_enabled0\engagement.db
2026-06-19 20:39:26 - huginn - INFO - EngagementDatabase closed: C:\Users\allie\AppData\Local\Temp\pytest-of-allie\pytest-41\test_foreign_keys_enabled0\engagement.db (5 connections)
2026-06-19 20:39:26 - huginn - INFO - EngagementDatabase connected: C:\Users\allie\AppData\Local\Temp\pytest-of-allie\pytest-41\test_all_tables_created0\engagement.db (pool_size=5)
2026-06-19 20:39:26 - huginn - INFO - EngagementDatabase schema created: C:\Users\allie\AppData\Local\Temp\pytest-of-allie\pytest-41\test_all_tables_created0\engagement.db
2026-06-19 20:39:26 - huginn - INFO - EngagementDatabase closed: C:\Users\allie\AppData\Local\Temp\pytest-of-allie\pytest-41\test_all_tables_created0\engagement.db (5 connections)
2026-06-19 20:39:26 - huginn - INFO - EngagementDatabase connected: C:\Users\allie\AppData\Local\Temp\pytest-of-allie\pytest-41\test_indexes_created0\engagement.db (pool_size=5)
2026-06-19 20:39:26 - huginn - INFO - EngagementDatabase schema created: C:\Users\allie\AppData\Local\Temp\pytest-of-allie\pytest-41\test_indexes_created0\engagement.db
2026-06-19 20:39:26 - huginn - INFO - EngagementDatabase closed: C:\Users\allie\AppData\Local\Temp\pytest-of-allie\pytest-41\test_indexes_created0\engagement.db (5 connections)
2026-06-19 20:39:26 - huginn - INFO - EngagementDatabase connected: C:\Users\allie\AppData\Local\Temp\pytest-of-allie\pytest-41\test_create_schema_idempotent0\engagement.db (pool_size=5)
2026-06-19 20:39:27 - huginn - INFO - EngagementDatabase schema created: C:\Users\allie\AppData\Local\Temp\pytest-of-allie\pytest-41\test_create_schema_idempotent0\engagement.db
2026-06-19 20:39:27 - huginn - INFO - EngagementDatabase schema created: C:\Users\allie\AppData\Local\Temp\pytest-of-allie\pytest-41\test_create_schema_idempotent0\engagement.db
2026-06-19 20:39:27 - huginn - INFO - EngagementDatabase closed: C:\Users\allie\AppData\Local\Temp\pytest-of-allie\pytest-41\test_create_schema_idempotent0\engagement.db (5 connections)
2026-06-19 20:39:27 - huginn - INFO - EngagementDatabase connected: C:\Users\allie\AppData\Local\Temp\pytest-of-allie\pytest-41\test_execute_write_and_query0\engagement.db (pool_size=5)
2026-06-19 20:39:27 - huginn - INFO - EngagementDatabase schema created: C:\Users\allie\AppData\Local\Temp\pytest-of-allie\pytest-41\test_execute_write_and_query0\engagement.db
2026-06-19 20:39:27 - huginn - INFO - EngagementDatabase closed: C:\Users\allie\AppData\Local\Temp\pytest-of-allie\pytest-41\test_execute_write_and_query0\engagement.db (5 connections)
2026-06-19 20:39:27 - huginn - INFO - EngagementDatabase connected: C:\Users\allie\AppData\Local\Temp\pytest-of-allie\pytest-41\test_execute_many0\engagement.db (pool_size=5)
2026-06-19 20:39:27 - huginn - INFO - EngagementDatabase schema created: C:\Users\allie\AppData\Local\Temp\pytest-of-allie\pytest-41\test_execute_many0\engagement.db
2026-06-19 20:39:27 - huginn - INFO - EngagementDatabase closed: C:\Users\allie\AppData\Local\Temp\pytest-of-allie\pytest-41\test_execute_many0\engagement.db (5 connections)
2026-06-19 20:39:27 - huginn - INFO - EngagementDatabase connected: C:\Users\allie\AppData\Local\Temp\pytest-of-allie\pytest-41\test_get_connection_context_ma0\engagement.db (pool_size=5)
2026-06-19 20:39:27 - huginn - INFO - EngagementDatabase schema created: C:\Users\allie\AppData\Local\Temp\pytest-of-allie\pytest-41\test_get_connection_context_ma0\engagement.db
2026-06-19 20:39:27 - huginn - INFO - EngagementDatabase closed: C:\Users\allie\AppData\Local\Temp\pytest-of-allie\pytest-41\test_get_connection_context_ma0\engagement.db (5 connections)
2026-06-19 20:39:27 - huginn - INFO - EngagementDatabase connected: C:\Users\allie\AppData\Local\Temp\pytest-of-allie\pytest-41\test_foreign_key_enforcement0\engagement.db (pool_size=5)
2026-06-19 20:39:27 - huginn - INFO - EngagementDatabase schema created: C:\Users\allie\AppData\Local\Temp\pytest-of-allie\pytest-41\test_foreign_key_enforcement0\engagement.db
2026-06-19 20:39:27 - huginn - INFO - EngagementDatabase closed: C:\Users\allie\AppData\Local\Temp\pytest-of-allie\pytest-41\test_foreign_key_enforcement0\engagement.db (5 connections)
2026-06-19 20:57:25 - huginn - INFO - License saved successfully
2026-06-19 20:57:25 - huginn - INFO - License loaded and validated successfully
2026-06-19 20:57:25 - huginn - INFO - Application starting...
2026-06-19 20:57:25 - huginn - INFO - Huginn version 1.0.0
2026-06-19 20:57:25 - huginn - INFO - Font loaded successfully
2026-06-19 20:57:25 - huginn - INFO - Stylesheet loaded successfully
2026-06-19 20:57:25 - huginn - INFO - Creating main window...
2026-06-19 20:57:25 - huginn - INFO - QThreadPool max threads set to 32 (CPUs: 32)
2026-06-19 20:57:25 - huginn - INFO - Custom font 'Neuropol X' loaded from C:\Users\allie\Coding Projects\huggin_suite\huginn\resources\fonts\neuropol.otf
2026-06-19 20:57:26 - huginn - INFO - Master index schema initialized.
2026-06-19 20:57:27 - huginn - DEBUG - [FeatureGapIntegration] Tenant→Engagement wiring connected.
2026-06-19 20:57:27 - huginn - INFO - [FeatureGapIntegration] All new modules integrated successfully.
2026-06-19 20:57:27 - huginn - INFO - Feature gap integration completed successfully
2026-06-19 20:57:35 - huginn - INFO - EngagementDatabase connected: C:\Users\allie\Coding Projects\huggin_suite\huginn\resources\engagements\f658aa60-dc87-447e-b412-978c8f3aa195\engagement.db (pool_size=5)
2026-06-19 20:57:35 - huginn - INFO - Engagement opened: f658aa60-dc87-447e-b412-978c8f3aa195
2026-06-19 20:57:35 - huginn - INFO - NoteSystem: database attached and FTS initialized.
2026-06-19 20:57:35 - huginn - INFO - RetestWorkflow: database attached.
2026-06-19 20:58:16 - huginn - INFO - EngagementDatabase connected: C:\Users\allie\Coding Projects\huggin_suite\huginn\resources\engagements\f5099d63-60f1-433a-9e73-1fc87e12032d\engagement.db (pool_size=5)
2026-06-19 20:58:16 - huginn - INFO - EngagementDatabase schema created: C:\Users\allie\Coding Projects\huggin_suite\huginn\resources\engagements\f5099d63-60f1-433a-9e73-1fc87e12032d\engagement.db
2026-06-19 20:58:16 - huginn - INFO - EngagementDatabase closed: C:\Users\allie\Coding Projects\huggin_suite\huginn\resources\engagements\f5099d63-60f1-433a-9e73-1fc87e12032d\engagement.db (5 connections)
2026-06-19 20:58:16 - huginn - INFO - Engagement created: f5099d63-60f1-433a-9e73-1fc87e12032d (My LAB2)
2026-06-19 20:58:16 - huginn - INFO - EngagementDatabase closed: C:\Users\allie\Coding Projects\huggin_suite\huginn\resources\engagements\f658aa60-dc87-447e-b412-978c8f3aa195\engagement.db (5 connections)
2026-06-19 20:58:16 - huginn - INFO - EngagementDatabase connected: C:\Users\allie\Coding Projects\huggin_suite\huginn\resources\engagements\f5099d63-60f1-433a-9e73-1fc87e12032d\engagement.db (pool_size=5)
2026-06-19 20:58:16 - huginn - INFO - Engagement opened: f5099d63-60f1-433a-9e73-1fc87e12032d
2026-06-19 20:58:16 - huginn - INFO - NoteSystem: database attached and FTS initialized.
2026-06-19 20:58:16 - huginn - INFO - RetestWorkflow: database attached.
2026-06-19 21:00:34 - huginn - INFO - Using default configuration
2026-06-19 21:00:36 - huginn - INFO - License saved successfully
2026-06-19 21:00:36 - huginn - INFO - License loaded and validated successfully
2026-06-19 21:04:25 - huginn - DEBUG - Memory monitoring stopped
2026-06-19 21:04:25 - huginn - DEBUG - Connection pool closed all sessions
2026-06-19 21:07:40 - huginn - INFO - Using default configuration
2026-06-19 21:07:42 - huginn - INFO - License saved successfully
2026-06-19 21:07:42 - huginn - INFO - License loaded and validated successfully
2026-06-19 21:07:58 - huginn - INFO - Using default configuration
2026-06-19 21:08:00 - huginn - INFO - License saved successfully
2026-06-19 21:08:00 - huginn - INFO - License loaded and validated successfully
2026-06-19 21:08:10 - huginn - INFO - Using default configuration
2026-06-19 21:08:12 - huginn - INFO - License saved successfully
2026-06-19 21:08:12 - huginn - INFO - License loaded and validated successfully
2026-06-19 21:08:51 - huginn - INFO - Using default configuration
2026-06-19 21:08:54 - huginn - INFO - License saved successfully
2026-06-19 21:08:54 - huginn - INFO - License loaded and validated successfully
2026-06-19 21:09:09 - huginn - INFO - Using default configuration
2026-06-19 21:09:11 - huginn - INFO - License saved successfully
2026-06-19 21:09:11 - huginn - INFO - License loaded and validated successfully
2026-06-19 21:09:25 - huginn - INFO - QThreadPool max threads set to 32 (CPUs: 32)
2026-06-19 21:09:25 - huginn - WARNING - Font loading failed - file not found or invalid: C:\Users\allie\Coding Projects\huggin_suite\huginn\tests\resources\fonts\neuropol.otf
2026-06-19 21:09:26 - huginn - INFO - License saved successfully
2026-06-19 21:09:26 - huginn - INFO - License loaded and validated successfully
2026-06-19 21:09:26 - huginn - INFO - Master index schema initialized.
2026-06-19 21:09:26 - huginn - INFO - EngagementDatabase connected: C:\Users\allie\AppData\Local\Temp\pytest-of-allie\pytest-42\test_create_engagement_returns0\engagements\dd841f76-c848-48f3-b77d-c5126231b0bd\engagement.db (pool_size=5)
2026-06-19 21:09:26 - huginn - INFO - EngagementDatabase schema created: C:\Users\allie\AppData\Local\Temp\pytest-of-allie\pytest-42\test_create_engagement_returns0\engagements\dd841f76-c848-48f3-b77d-c5126231b0bd\engagement.db
2026-06-19 21:09:26 - huginn - INFO - EngagementDatabase closed: C:\Users\allie\AppData\Local\Temp\pytest-of-allie\pytest-42\test_create_engagement_returns0\engagements\dd841f76-c848-48f3-b77d-c5126231b0bd\engagement.db (5 connections)
2026-06-19 21:09:26 - huginn - INFO - Engagement created: dd841f76-c848-48f3-b77d-c5126231b0bd (Test Engagement)
2026-06-19 21:09:26 - huginn - INFO - EngagementManager closed.
2026-06-19 21:09:26 - huginn - INFO - Master index schema initialized.
2026-06-19 21:09:26 - huginn - INFO - EngagementDatabase connected: C:\Users\allie\AppData\Local\Temp\pytest-of-allie\pytest-42\test_create_engagement_creates0\engagements\208ce601-af06-403c-a356-ad185d9f8ddd\engagement.db (pool_size=5)
2026-06-19 21:09:26 - huginn - INFO - EngagementDatabase schema created: C:\Users\allie\AppData\Local\Temp\pytest-of-allie\pytest-42\test_create_engagement_creates0\engagements\208ce601-af06-403c-a356-ad185d9f8ddd\engagement.db
2026-06-19 21:09:26 - huginn - INFO - EngagementDatabase closed: C:\Users\allie\AppData\Local\Temp\pytest-of-allie\pytest-42\test_create_engagement_creates0\engagements\208ce601-af06-403c-a356-ad185d9f8ddd\engagement.db (5 connections)
2026-06-19 21:09:26 - huginn - INFO - Engagement created: 208ce601-af06-403c-a356-ad185d9f8ddd (DB File Test)
2026-06-19 21:09:26 - huginn - INFO - EngagementManager closed.
2026-06-19 21:09:26 - huginn - INFO - Master index schema initialized.
2026-06-19 21:09:26 - huginn - INFO - EngagementDatabase connected: C:\Users\allie\AppData\Local\Temp\pytest-of-allie\pytest-42\test_create_engagement_initial0\engagements\3a7d5704-78c9-4394-b810-8d964d3e41c7\engagement.db (pool_size=5)
2026-06-19 21:09:26 - huginn - INFO - EngagementDatabase schema created: C:\Users\allie\AppData\Local\Temp\pytest-of-allie\pytest-42\test_create_engagement_initial0\engagements\3a7d5704-78c9-4394-b810-8d964d3e41c7\engagement.db
2026-06-19 21:09:26 - huginn - INFO - EngagementDatabase closed: C:\Users\allie\AppData\Local\Temp\pytest-of-allie\pytest-42\test_create_engagement_initial0\engagements\3a7d5704-78c9-4394-b810-8d964d3e41c7\engagement.db (5 connections)
2026-06-19 21:09:26 - huginn - INFO - Engagement created: 3a7d5704-78c9-4394-b810-8d964d3e41c7 (State Test)
2026-06-19 21:09:26 - huginn - INFO - EngagementManager closed.
2026-06-19 21:09:26 - huginn - INFO - Master index schema initialized.
2026-06-19 21:09:26 - huginn - INFO - EngagementDatabase connected: C:\Users\allie\AppData\Local\Temp\pytest-of-allie\pytest-42\test_create_multiple_engagemen0\engagements\79addf0d-e342-493a-9440-09330b031000\engagement.db (pool_size=5)
2026-06-19 21:09:26 - huginn - INFO - EngagementDatabase schema created: C:\Users\allie\AppData\Local\Temp\pytest-of-allie\pytest-42\test_create_multiple_engagemen0\engagements\79addf0d-e342-493a-9440-09330b031000\engagement.db
2026-06-19 21:09:26 - huginn - INFO - EngagementDatabase closed: C:\Users\allie\AppData\Local\Temp\pytest-of-allie\pytest-42\test_create_multiple_engagemen0\engagements\79addf0d-e342-493a-9440-09330b031000\engagement.db (5 connections)
2026-06-19 21:09:26 - huginn - INFO - Engagement created: 79addf0d-e342-493a-9440-09330b031000 (Engagement 0)
2026-06-19 21:09:26 - huginn - INFO - EngagementDatabase connected: C:\Users\allie\AppData\Local\Temp\pytest-of-allie\pytest-42\test_create_multiple_engagemen0\engagements\7553fdc1-e5af-4b5b-9cf9-523ccc2d17e7\engagement.db (pool_size=5)
2026-06-19 21:09:26 - huginn - INFO - EngagementDatabase schema created: C:\Users\allie\AppData\Local\Temp\pytest-of-allie\pytest-42\test_create_multiple_engagemen0\engagements\7553fdc1-e5af-4b5b-9cf9-523ccc2d17e7\engagement.db
2026-06-19 21:09:26 - huginn - INFO - EngagementDatabase closed: C:\Users\allie\AppData\Local\Temp\pytest-of-allie\pytest-42\test_create_multiple_engagemen0\engagements\7553fdc1-e5af-4b5b-9cf9-523ccc2d17e7\engagement.db (5 connections)
2026-06-19 21:09:26 - huginn - INFO - Engagement created: 7553fdc1-e5af-4b5b-9cf9-523ccc2d17e7 (Engagement 1)
2026-06-19 21:09:26 - huginn - INFO - EngagementDatabase connected: C:\Users\allie\AppData\Local\Temp\pytest-of-allie\pytest-42\test_create_multiple_engagemen0\engagements\c19389b6-0ca9-4b09-a500-9f2bcda96fcd\engagement.db (pool_size=5)
2026-06-19 21:09:26 - huginn - INFO - EngagementDatabase schema created: C:\Users\allie\AppData\Local\Temp\pytest-of-allie\pytest-42\test_create_multiple_engagemen0\engagements\c19389b6-0ca9-4b09-a500-9f2bcda96fcd\engagement.db
2026-06-19 21:09:26 - huginn - INFO - EngagementDatabase closed: C:\Users\allie\AppData\Local\Temp\pytest-of-allie\pytest-42\test_create_multiple_engagemen0\engagements\c19389b6-0ca9-4b09-a500-9f2bcda96fcd\engagement.db (5 connections)
2026-06-19 21:09:26 - huginn - INFO - Engagement created: c19389b6-0ca9-4b09-a500-9f2bcda96fcd (Engagement 2)
2026-06-19 21:09:26 - huginn - INFO - EngagementDatabase connected: C:\Users\allie\AppData\Local\Temp\pytest-of-allie\pytest-42\test_create_multiple_engagemen0\engagements\1b5858da-061f-4f42-a215-c39853a0aeb7\engagement.db (pool_size=5)
2026-06-19 21:09:26 - huginn - INFO - EngagementDatabase schema created: C:\Users\allie\AppData\Local\Temp\pytest-of-allie\pytest-42\test_create_multiple_engagemen0\engagements\1b5858da-061f-4f42-a215-c39853a0aeb7\engagement.db
2026-06-19 21:09:26 - huginn - INFO - EngagementDatabase closed: C:\Users\allie\AppData\Local\Temp\pytest-of-allie\pytest-42\test_create_multiple_engagemen0\engagements\1b5858da-061f-4f42-a215-c39853a0aeb7\engagement.db (5 connections)
2026-06-19 21:09:26 - huginn - INFO - Engagement created: 1b5858da-061f-4f42-a215-c39853a0aeb7 (Engagement 3)
2026-06-19 21:09:26 - huginn - INFO - EngagementDatabase connected: C:\Users\allie\AppData\Local\Temp\pytest-of-allie\pytest-42\test_create_multiple_engagemen0\engagements\1b2d9f9b-975d-4fbb-8027-db4d860598ba\engagement.db (pool_size=5)
2026-06-19 21:09:26 - huginn - INFO - EngagementDatabase schema created: C:\Users\allie\AppData\Local\Temp\pytest-of-allie\pytest-42\test_create_multiple_engagemen0\engagements\1b2d9f9b-975d-4fbb-8027-db4d860598ba\engagement.db
2026-06-19 21:09:26 - huginn - INFO - EngagementDatabase closed: C:\Users\allie\AppData\Local\Temp\pytest-of-allie\pytest-42\test_create_multiple_engagemen0\engagements\1b2d9f9b-975d-4fbb-8027-db4d860598ba\engagement.db (5 connections)
2026-06-19 21:09:26 - huginn - INFO - Engagement created: 1b2d9f9b-975d-4fbb-8027-db4d860598ba (Engagement 4)
2026-06-19 21:09:26 - huginn - INFO - EngagementDatabase connected: C:\Users\allie\AppData\Local\Temp\pytest-of-allie\pytest-42\test_create_multiple_engagemen0\engagements\04b3a880-fde6-43b3-89d0-02c758dd97de\engagement.db (pool_size=5)
2026-06-19 21:09:26 - huginn - INFO - EngagementDatabase schema created: C:\Users\allie\AppData\Local\Temp\pytest-of-allie\pytest-42\test_create_multiple_engagemen0\engagements\04b3a880-fde6-43b3-89d0-02c758dd97de\engagement.db
2026-06-19 21:09:26 - huginn - INFO - EngagementDatabase closed: C:\Users\allie\AppData\Local\Temp\pytest-of-allie\pytest-42\test_create_multiple_engagemen0\engagements\04b3a880-fde6-43b3-89d0-02c758dd97de\engagement.db (5 connections)
2026-06-19 21:09:26 - huginn - INFO - Engagement created: 04b3a880-fde6-43b3-89d0-02c758dd97de (Engagement 5)
2026-06-19 21:09:26 - huginn - INFO - EngagementDatabase connected: C:\Users\allie\AppData\Local\Temp\pytest-of-allie\pytest-42\test_create_multiple_engagemen0\engagements\b5127086-7923-49a6-9732-fc4a49d6fe7c\engagement.db (pool_size=5)
2026-06-19 21:09:26 - huginn - INFO - EngagementDatabase schema created: C:\Users\allie\AppData\Local\Temp\pytest-of-allie\pytest-42\test_create_multiple_engagemen0\engagements\b5127086-7923-49a6-9732-fc4a49d6fe7c\engagement.db
2026-06-19 21:09:26 - huginn - INFO - EngagementDatabase closed: C:\Users\allie\AppData\Local\Temp\pytest-of-allie\pytest-42\test_create_multiple_engagemen0\engagements\b5127086-7923-49a6-9732-fc4a49d6fe7c\engagement.db (5 connections)
2026-06-19 21:09:26 - huginn - INFO - Engagement created: b5127086-7923-49a6-9732-fc4a49d6fe7c (Engagement 6)
2026-06-19 21:09:27 - huginn - INFO - EngagementDatabase connected: C:\Users\allie\AppData\Local\Temp\pytest-of-allie\pytest-42\test_create_multiple_engagemen0\engagements\112c233d-0268-49c3-ac46-5ab700cdd5fa\engagement.db (pool_size=5)
2026-06-19 21:09:27 - huginn - INFO - EngagementDatabase schema created: C:\Users\allie\AppData\Local\Temp\pytest-of-allie\pytest-42\test_create_multiple_engagemen0\engagements\112c233d-0268-49c3-ac46-5ab700cdd5fa\engagement.db
2026-06-19 21:09:27 - huginn - INFO - EngagementDatabase closed: C:\Users\allie\AppData\Local\Temp\pytest-of-allie\pytest-42\test_create_multiple_engagemen0\engagements\112c233d-0268-49c3-ac46-5ab700cdd5fa\engagement.db (5 connections)
2026-06-19 21:09:27 - huginn - INFO - Engagement created: 112c233d-0268-49c3-ac46-5ab700cdd5fa (Engagement 7)
2026-06-19 21:09:27 - huginn - INFO - EngagementDatabase connected: C:\Users\allie\AppData\Local\Temp\pytest-of-allie\pytest-42\test_create_multiple_engagemen0\engagements\8d1fca0c-e594-4ba8-b9a2-94077c39fd11\engagement.db (pool_size=5)
2026-06-19 21:09:27 - huginn - INFO - EngagementDatabase schema created: C:\Users\allie\AppData\Local\Temp\pytest-of-allie\pytest-42\test_create_multiple_engagemen0\engagements\8d1fca0c-e594-4ba8-b9a2-94077c39fd11\engagement.db
2026-06-19 21:09:27 - huginn - INFO - EngagementDatabase closed: C:\Users\allie\AppData\Local\Temp\pytest-of-allie\pytest-42\test_create_multiple_engagemen0\engagements\8d1fca0c-e594-4ba8-b9a2-94077c39fd11\engagement.db (5 connections)
2026-06-19 21:09:27 - huginn - INFO - Engagement created: 8d1fca0c-e594-4ba8-b9a2-94077c39fd11 (Engagement 8)
2026-06-19 21:09:27 - huginn - INFO - EngagementDatabase connected: C:\Users\allie\AppData\Local\Temp\pytest-of-allie\pytest-42\test_create_multiple_engagemen0\engagements\d50783a0-d623-42ca-a852-f57597a52a35\engagement.db (pool_size=5)
2026-06-19 21:09:27 - huginn - INFO - EngagementDatabase schema created: C:\Users\allie\AppData\Local\Temp\pytest-of-allie\pytest-42\test_create_multiple_engagemen0\engagements\d50783a0-d623-42ca-a852-f57597a52a35\engagement.db
2026-06-19 21:09:27 - huginn - INFO - EngagementDatabase closed: C:\Users\allie\AppData\Local\Temp\pytest-of-allie\pytest-42\test_create_multiple_engagemen0\engagements\d50783a0-d623-42ca-a852-f57597a52a35\engagement.db (5 connections)
2026-06-19 21:09:27 - huginn - INFO - Engagement created: d50783a0-d623-42ca-a852-f57597a52a35 (Engagement 9)
2026-06-19 21:09:27 - huginn - INFO - EngagementManager closed.
2026-06-19 21:09:27 - huginn - INFO - Master index schema initialized.
2026-06-19 21:09:27 - huginn - INFO - EngagementDatabase connected: C:\Users\allie\AppData\Local\Temp\pytest-of-allie\pytest-42\test_get_engagement_returns_me0\engagements\4105ad04-3cc7-4dce-b195-890be00b80de\engagement.db (pool_size=5)
2026-06-19 21:09:27 - huginn - INFO - EngagementDatabase schema created: C:\Users\allie\AppData\Local\Temp\pytest-of-allie\pytest-42\test_get_engagement_returns_me0\engagements\4105ad04-3cc7-4dce-b195-890be00b80de\engagement.db
2026-06-19 21:09:27 - huginn - INFO - EngagementDatabase closed: C:\Users\allie\AppData\Local\Temp\pytest-of-allie\pytest-42\test_get_engagement_returns_me0\engagements\4105ad04-3cc7-4dce-b195-890be00b80de\engagement.db (5 connections)
2026-06-19 21:09:27 - huginn - INFO - Engagement created: 4105ad04-3cc7-4dce-b195-890be00b80de (Metadata Test)
2026-06-19 21:09:27 - huginn - INFO - EngagementManager closed.
2026-06-19 21:09:27 - huginn - INFO - Master index schema initialized.
2026-06-19 21:09:27 - huginn - INFO - EngagementManager closed.
2026-06-19 21:09:27 - huginn - INFO - Master index schema initialized.
2026-06-19 21:09:27 - huginn - INFO - EngagementDatabase connected: C:\Users\allie\AppData\Local\Temp\pytest-of-allie\pytest-42\test_list_all_engagements0\engagements\4429dcf2-b724-4039-b4c5-ce1a1831b5f1\engagement.db (pool_size=5)
2026-06-19 21:09:27 - huginn - INFO - EngagementDatabase schema created: C:\Users\allie\AppData\Local\Temp\pytest-of-allie\pytest-42\test_list_all_engagements0\engagements\4429dcf2-b724-4039-b4c5-ce1a1831b5f1\engagement.db
2026-06-19 21:09:27 - huginn - INFO - EngagementDatabase closed: C:\Users\allie\AppData\Local\Temp\pytest-of-allie\pytest-42\test_list_all_engagements0\engagements\4429dcf2-b724-4039-b4c5-ce1a1831b5f1\engagement.db (5 connections)
2026-06-19 21:09:27 - huginn - INFO - Engagement created: 4429dcf2-b724-4039-b4c5-ce1a1831b5f1 (Eng 1)
2026-06-19 21:09:27 - huginn - INFO - EngagementDatabase connected: C:\Users\allie\AppData\Local\Temp\pytest-of-allie\pytest-42\test_list_all_engagements0\engagements\28c9192d-b666-41f4-81dc-d1f6c7deb312\engagement.db (pool_size=5)
2026-06-19 21:09:27 - huginn - INFO - EngagementDatabase schema created: C:\Users\allie\AppData\Local\Temp\pytest-of-allie\pytest-42\test_list_all_engagements0\engagements\28c9192d-b666-41f4-81dc-d1f6c7deb312\engagement.db
2026-06-19 21:09:27 - huginn - INFO - EngagementDatabase closed: C:\Users\allie\AppData\Local\Temp\pytest-of-allie\pytest-42\test_list_all_engagements0\engagements\28c9192d-b666-41f4-81dc-d1f6c7deb312\engagement.db (5 connections)
2026-06-19 21:09:27 - huginn - INFO - Engagement created: 28c9192d-b666-41f4-81dc-d1f6c7deb312 (Eng 2)
2026-06-19 21:09:27 - huginn - INFO - EngagementManager closed.
2026-06-19 21:09:27 - huginn - INFO - Master index schema initialized.
2026-06-19 21:09:27 - huginn - INFO - EngagementDatabase connected: C:\Users\allie\AppData\Local\Temp\pytest-of-allie\pytest-42\test_list_engagements_status_f0\engagements\06674687-2bdb-4c6e-a1f5-25051de6ad4f\engagement.db (pool_size=5)
2026-06-19 21:09:27 - huginn - INFO - EngagementDatabase schema created: C:\Users\allie\AppData\Local\Temp\pytest-of-allie\pytest-42\test_list_engagements_status_f0\engagements\06674687-2bdb-4c6e-a1f5-25051de6ad4f\engagement.db
2026-06-19 21:09:27 - huginn - INFO - EngagementDatabase closed: C:\Users\allie\AppData\Local\Temp\pytest-of-allie\pytest-42\test_list_engagements_status_f0\engagements\06674687-2bdb-4c6e-a1f5-25051de6ad4f\engagement.db (5 connections)
2026-06-19 21:09:27 - huginn - INFO - Engagement created: 06674687-2bdb-4c6e-a1f5-25051de6ad4f (Draft Eng)
2026-06-19 21:09:27 - huginn - INFO - EngagementDatabase connected: C:\Users\allie\AppData\Local\Temp\pytest-of-allie\pytest-42\test_list_engagements_status_f0\engagements\d1c878d1-b3a4-44eb-85b4-fab39534ad90\engagement.db (pool_size=5)
2026-06-19 21:09:27 - huginn - INFO - EngagementDatabase schema created: C:\Users\allie\AppData\Local\Temp\pytest-of-allie\pytest-42\test_list_engagements_status_f0\engagements\d1c878d1-b3a4-44eb-85b4-fab39534ad90\engagement.db
2026-06-19 21:09:27 - huginn - INFO - EngagementDatabase closed: C:\Users\allie\AppData\Local\Temp\pytest-of-allie\pytest-42\test_list_engagements_status_f0\engagements\d1c878d1-b3a4-44eb-85b4-fab39534ad90\engagement.db (5 connections)
2026-06-19 21:09:27 - huginn - INFO - Engagement created: d1c878d1-b3a4-44eb-85b4-fab39534ad90 (Active Eng)
2026-06-19 21:09:27 - huginn - INFO - State transition: d1c878d1-b3a4-44eb-85b4-fab39534ad90 draft -> scoping
2026-06-19 21:09:27 - huginn - INFO - State transition: d1c878d1-b3a4-44eb-85b4-fab39534ad90 scoping -> active
2026-06-19 21:09:27 - huginn - INFO - EngagementManager closed.
2026-06-19 21:09:27 - huginn - INFO - Master index schema initialized.
2026-06-19 21:09:27 - huginn - INFO - EngagementDatabase connected: C:\Users\allie\AppData\Local\Temp\pytest-of-allie\pytest-42\test_list_engagements_search0\engagements\7458e174-01f0-4ab3-b32f-9e98010bc254\engagement.db (pool_size=5)
2026-06-19 21:09:27 - huginn - INFO - EngagementDatabase schema created: C:\Users\allie\AppData\Local\Temp\pytest-of-allie\pytest-42\test_list_engagements_search0\engagements\7458e174-01f0-4ab3-b32f-9e98010bc254\engagement.db
2026-06-19 21:09:27 - huginn - INFO - EngagementDatabase closed: C:\Users\allie\AppData\Local\Temp\pytest-of-allie\pytest-42\test_list_engagements_search0\engagements\7458e174-01f0-4ab3-b32f-9e98010bc254\engagement.db (5 connections)
2026-06-19 21:09:27 - huginn - INFO - Engagement created: 7458e174-01f0-4ab3-b32f-9e98010bc254 (Alpha Project)
2026-06-19 21:09:27 - huginn - INFO - EngagementDatabase connected: C:\Users\allie\AppData\Local\Temp\pytest-of-allie\pytest-42\test_list_engagements_search0\engagements\06eb9686-78ae-4aa5-a204-c4c2592c1159\engagement.db (pool_size=5)
2026-06-19 21:09:27 - huginn - INFO - EngagementDatabase schema created: C:\Users\allie\AppData\Local\Temp\pytest-of-allie\pytest-42\test_list_engagements_search0\engagements\06eb9686-78ae-4aa5-a204-c4c2592c1159\engagement.db
2026-06-19 21:09:27 - huginn - INFO - EngagementDatabase closed: C:\Users\allie\AppData\Local\Temp\pytest-of-allie\pytest-42\test_list_engagements_search0\engagements\06eb9686-78ae-4aa5-a204-c4c2592c1159\engagement.db (5 connections)
2026-06-19 21:09:27 - huginn - INFO - Engagement created: 06eb9686-78ae-4aa5-a204-c4c2592c1159 (Beta Project)
2026-06-19 21:09:27 - huginn - INFO - EngagementManager closed.
2026-06-19 21:09:27 - huginn - INFO - Master index schema initialized.
2026-06-19 21:09:27 - huginn - INFO - EngagementDatabase connected: C:\Users\allie\AppData\Local\Temp\pytest-of-allie\pytest-42\test_valid_transitions_from_dr0\engagements\3a41274d-45f2-4e31-9b0e-e49a2eed6dc7\engagement.db (pool_size=5)
2026-06-19 21:09:27 - huginn - INFO - EngagementDatabase schema created: C:\Users\allie\AppData\Local\Temp\pytest-of-allie\pytest-42\test_valid_transitions_from_dr0\engagements\3a41274d-45f2-4e31-9b0e-e49a2eed6dc7\engagement.db
2026-06-19 21:09:27 - huginn - INFO - EngagementDatabase closed: C:\Users\allie\AppData\Local\Temp\pytest-of-allie\pytest-42\test_valid_transitions_from_dr0\engagements\3a41274d-45f2-4e31-9b0e-e49a2eed6dc7\engagement.db (5 connections)
2026-06-19 21:09:27 - huginn - INFO - Engagement created: 3a41274d-45f2-4e31-9b0e-e49a2eed6dc7 (SM Test)
2026-06-19 21:09:27 - huginn - INFO - State transition: 3a41274d-45f2-4e31-9b0e-e49a2eed6dc7 draft -> scoping
2026-06-19 21:09:27 - huginn - INFO - EngagementManager closed.
2026-06-19 21:09:27 - huginn - INFO - Master index schema initialized.
2026-06-19 21:09:27 - huginn - INFO - EngagementDatabase connected: C:\Users\allie\AppData\Local\Temp\pytest-of-allie\pytest-42\test_valid_full_lifecycle0\engagements\7c250e96-130c-43fa-badf-323b6c323f87\engagement.db (pool_size=5)
2026-06-19 21:09:27 - huginn - INFO - EngagementDatabase schema created: C:\Users\allie\AppData\Local\Temp\pytest-of-allie\pytest-42\test_valid_full_lifecycle0\engagements\7c250e96-130c-43fa-badf-323b6c323f87\engagement.db
2026-06-19 21:09:27 - huginn - INFO - EngagementDatabase closed: C:\Users\allie\AppData\Local\Temp\pytest-of-allie\pytest-42\test_valid_full_lifecycle0\engagements\7c250e96-130c-43fa-badf-323b6c323f87\engagement.db (5 connections)
2026-06-19 21:09:27 - huginn - INFO - Engagement created: 7c250e96-130c-43fa-badf-323b6c323f87 (Lifecycle)
2026-06-19 21:09:27 - huginn - INFO - State transition: 7c250e96-130c-43fa-badf-323b6c323f87 draft -> scoping
2026-06-19 21:09:27 - huginn - INFO - State transition: 7c250e96-130c-43fa-badf-323b6c323f87 scoping -> active
2026-06-19 21:09:27 - huginn - INFO - State transition: 7c250e96-130c-43fa-badf-323b6c323f87 active -> reporting
2026-06-19 21:09:27 - huginn - INFO - State transition: 7c250e96-130c-43fa-badf-323b6c323f87 reporting -> closed
2026-06-19 21:09:27 - huginn - INFO - EngagementManager closed.
2026-06-19 21:09:27 - huginn - INFO - Master index schema initialized.
2026-06-19 21:09:27 - huginn - INFO - EngagementDatabase connected: C:\Users\allie\AppData\Local\Temp\pytest-of-allie\pytest-42\test_invalid_transition_reject0\engagements\480065df-488e-444b-96b8-5d6355760ba7\engagement.db (pool_size=5)
2026-06-19 21:09:27 - huginn - INFO - EngagementDatabase schema created: C:\Users\allie\AppData\Local\Temp\pytest-of-allie\pytest-42\test_invalid_transition_reject0\engagements\480065df-488e-444b-96b8-5d6355760ba7\engagement.db
2026-06-19 21:09:27 - huginn - INFO - EngagementDatabase closed: C:\Users\allie\AppData\Local\Temp\pytest-of-allie\pytest-42\test_invalid_transition_reject0\engagements\480065df-488e-444b-96b8-5d6355760ba7\engagement.db (5 connections)
2026-06-19 21:09:27 - huginn - INFO - Engagement created: 480065df-488e-444b-96b8-5d6355760ba7 (Invalid)
2026-06-19 21:09:27 - huginn - WARNING - Invalid state transition for 480065df-488e-444b-96b8-5d6355760ba7: draft -> active. Allowed: ['scoping']
2026-06-19 21:09:27 - huginn - INFO - EngagementManager closed.
2026-06-19 21:09:27 - huginn - INFO - Master index schema initialized.
2026-06-19 21:09:27 - huginn - INFO - EngagementDatabase connected: C:\Users\allie\AppData\Local\Temp\pytest-of-allie\pytest-42\test_closed_state_has_no_trans0\engagements\382ce2d2-6f4e-412f-baaa-9a03ac356e0f\engagement.db (pool_size=5)
2026-06-19 21:09:27 - huginn - INFO - EngagementDatabase schema created: C:\Users\allie\AppData\Local\Temp\pytest-of-allie\pytest-42\test_closed_state_has_no_trans0\engagements\382ce2d2-6f4e-412f-baaa-9a03ac356e0f\engagement.db
2026-06-19 21:09:27 - huginn - INFO - EngagementDatabase closed: C:\Users\allie\AppData\Local\Temp\pytest-of-allie\pytest-42\test_closed_state_has_no_trans0\engagements\382ce2d2-6f4e-412f-baaa-9a03ac356e0f\engagement.db (5 connections)
2026-06-19 21:09:27 - huginn - INFO - Engagement created: 382ce2d2-6f4e-412f-baaa-9a03ac356e0f (Closed)
2026-06-19 21:09:27 - huginn - INFO - State transition: 382ce2d2-6f4e-412f-baaa-9a03ac356e0f draft -> scoping
2026-06-19 21:09:27 - huginn - INFO - State transition: 382ce2d2-6f4e-412f-baaa-9a03ac356e0f scoping -> active
2026-06-19 21:09:27 - huginn - INFO - State transition: 382ce2d2-6f4e-412f-baaa-9a03ac356e0f active -> reporting
2026-06-19 21:09:27 - huginn - INFO - State transition: 382ce2d2-6f4e-412f-baaa-9a03ac356e0f reporting -> closed
2026-06-19 21:09:27 - huginn - WARNING - Invalid state transition for 382ce2d2-6f4e-412f-baaa-9a03ac356e0f: closed -> draft. Allowed: []
2026-06-19 21:09:27 - huginn - WARNING - Invalid state transition for 382ce2d2-6f4e-412f-baaa-9a03ac356e0f: closed -> scoping. Allowed: []
2026-06-19 21:09:27 - huginn - WARNING - Invalid state transition for 382ce2d2-6f4e-412f-baaa-9a03ac356e0f: closed -> active. Allowed: []
2026-06-19 21:09:27 - huginn - WARNING - Invalid state transition for 382ce2d2-6f4e-412f-baaa-9a03ac356e0f: closed -> paused. Allowed: []
2026-06-19 21:09:27 - huginn - WARNING - Invalid state transition for 382ce2d2-6f4e-412f-baaa-9a03ac356e0f: closed -> retest. Allowed: []
2026-06-19 21:09:27 - huginn - WARNING - Invalid state transition for 382ce2d2-6f4e-412f-baaa-9a03ac356e0f: closed -> reporting. Allowed: []
2026-06-19 21:09:27 - huginn - WARNING - Invalid state transition for 382ce2d2-6f4e-412f-baaa-9a03ac356e0f: closed -> closed. Allowed: []
2026-06-19 21:09:27 - huginn - INFO - EngagementManager closed.
2026-06-19 21:09:27 - huginn - INFO - Master index schema initialized.
2026-06-19 21:09:27 - huginn - INFO - EngagementDatabase connected: C:\Users\allie\AppData\Local\Temp\pytest-of-allie\pytest-42\test_active_to_paused_and_back0\engagements\017b82ec-0ff6-4dd8-bff2-61b3e032d91f\engagement.db (pool_size=5)
2026-06-19 21:09:27 - huginn - INFO - EngagementDatabase schema created: C:\Users\allie\AppData\Local\Temp\pytest-of-allie\pytest-42\test_active_to_paused_and_back0\engagements\017b82ec-0ff6-4dd8-bff2-61b3e032d91f\engagement.db
2026-06-19 21:09:27 - huginn - INFO - EngagementDatabase closed: C:\Users\allie\AppData\Local\Temp\pytest-of-allie\pytest-42\test_active_to_paused_and_back0\engagements\017b82ec-0ff6-4dd8-bff2-61b3e032d91f\engagement.db (5 connections)
2026-06-19 21:09:27 - huginn - INFO - Engagement created: 017b82ec-0ff6-4dd8-bff2-61b3e032d91f (Pause)
2026-06-19 21:09:27 - huginn - INFO - State transition: 017b82ec-0ff6-4dd8-bff2-61b3e032d91f draft -> scoping
2026-06-19 21:09:27 - huginn - INFO - State transition: 017b82ec-0ff6-4dd8-bff2-61b3e032d91f scoping -> active
2026-06-19 21:09:27 - huginn - INFO - State transition: 017b82ec-0ff6-4dd8-bff2-61b3e032d91f active -> paused
2026-06-19 21:09:27 - huginn - INFO - State transition: 017b82ec-0ff6-4dd8-bff2-61b3e032d91f paused -> active
2026-06-19 21:09:27 - huginn - INFO - EngagementManager closed.
2026-06-19 21:09:27 - huginn - INFO - Master index schema initialized.
2026-06-19 21:09:27 - huginn - INFO - EngagementDatabase connected: C:\Users\allie\AppData\Local\Temp\pytest-of-allie\pytest-42\test_active_to_retest_and_repo0\engagements\7c0be3b5-3751-46bc-9add-c12980e10fbe\engagement.db (pool_size=5)
2026-06-19 21:09:27 - huginn - INFO - EngagementDatabase schema created: C:\Users\allie\AppData\Local\Temp\pytest-of-allie\pytest-42\test_active_to_retest_and_repo0\engagements\7c0be3b5-3751-46bc-9add-c12980e10fbe\engagement.db
2026-06-19 21:09:27 - huginn - INFO - EngagementDatabase closed: C:\Users\allie\AppData\Local\Temp\pytest-of-allie\pytest-42\test_active_to_retest_and_repo0\engagements\7c0be3b5-3751-46bc-9add-c12980e10fbe\engagement.db (5 connections)
2026-06-19 21:09:27 - huginn - INFO - Engagement created: 7c0be3b5-3751-46bc-9add-c12980e10fbe (Retest)
2026-06-19 21:09:27 - huginn - INFO - State transition: 7c0be3b5-3751-46bc-9add-c12980e10fbe draft -> scoping
2026-06-19 21:09:27 - huginn - INFO - State transition: 7c0be3b5-3751-46bc-9add-c12980e10fbe scoping -> active
2026-06-19 21:09:27 - huginn - INFO - State transition: 7c0be3b5-3751-46bc-9add-c12980e10fbe active -> retest
2026-06-19 21:09:27 - huginn - INFO - State transition: 7c0be3b5-3751-46bc-9add-c12980e10fbe retest -> reporting
2026-06-19 21:09:27 - huginn - INFO - EngagementManager closed.
2026-06-19 21:09:27 - huginn - INFO - Master index schema initialized.
2026-06-19 21:09:27 - huginn - INFO - EngagementDatabase connected: C:\Users\allie\AppData\Local\Temp\pytest-of-allie\pytest-42\test_transition_records_histor0\engagements\f6b717fb-c32b-4d62-8dd8-8563066a823c\engagement.db (pool_size=5)
2026-06-19 21:09:27 - huginn - INFO - EngagementDatabase schema created: C:\Users\allie\AppData\Local\Temp\pytest-of-allie\pytest-42\test_transition_records_histor0\engagements\f6b717fb-c32b-4d62-8dd8-8563066a823c\engagement.db
2026-06-19 21:09:27 - huginn - INFO - EngagementDatabase closed: C:\Users\allie\AppData\Local\Temp\pytest-of-allie\pytest-42\test_transition_records_histor0\engagements\f6b717fb-c32b-4d62-8dd8-8563066a823c\engagement.db (5 connections)
2026-06-19 21:09:27 - huginn - INFO - Engagement created: f6b717fb-c32b-4d62-8dd8-8563066a823c (History)
2026-06-19 21:09:27 - huginn - INFO - State transition: f6b717fb-c32b-4d62-8dd8-8563066a823c draft -> scoping
2026-06-19 21:09:27 - huginn - INFO - State transition: f6b717fb-c32b-4d62-8dd8-8563066a823c scoping -> active
2026-06-19 21:09:27 - huginn - INFO - EngagementManager closed.
2026-06-19 21:09:27 - huginn - INFO - Master index schema initialized.
2026-06-19 21:09:27 - huginn - ERROR - Cannot transition state: engagement fake-id not found.
2026-06-19 21:09:27 - huginn - INFO - EngagementManager closed.
2026-06-19 21:09:27 - huginn - INFO - Master index schema initialized.
2026-06-19 21:09:27 - huginn - INFO - EngagementDatabase connected: C:\Users\allie\AppData\Local\Temp\pytest-of-allie\pytest-42\test_all_valid_transitions_suc0\engagements\7264694f-5942-4910-8a46-2686a73762d0\engagement.db (pool_size=5)
2026-06-19 21:09:27 - huginn - INFO - EngagementDatabase schema created: C:\Users\allie\AppData\Local\Temp\pytest-of-allie\pytest-42\test_all_valid_transitions_suc0\engagements\7264694f-5942-4910-8a46-2686a73762d0\engagement.db
2026-06-19 21:09:27 - huginn - INFO - EngagementDatabase closed: C:\Users\allie\AppData\Local\Temp\pytest-of-allie\pytest-42\test_all_valid_transitions_suc0\engagements\7264694f-5942-4910-8a46-2686a73762d0\engagement.db (5 connections)
2026-06-19 21:09:27 - huginn - INFO - Engagement created: 7264694f-5942-4910-8a46-2686a73762d0 (draft->scoping)
2026-06-19 21:09:27 - huginn - INFO - State transition: 7264694f-5942-4910-8a46-2686a73762d0 draft -> scoping
2026-06-19 21:09:27 - huginn - INFO - EngagementDatabase connected: C:\Users\allie\AppData\Local\Temp\pytest-of-allie\pytest-42\test_all_valid_transitions_suc0\engagements\0b3fb40e-ed0b-4d67-aef6-9b389bfe9b5e\engagement.db (pool_size=5)
2026-06-19 21:09:27 - huginn - INFO - EngagementDatabase schema created: C:\Users\allie\AppData\Local\Temp\pytest-of-allie\pytest-42\test_all_valid_transitions_suc0\engagements\0b3fb40e-ed0b-4d67-aef6-9b389bfe9b5e\engagement.db
2026-06-19 21:09:27 - huginn - INFO - EngagementDatabase closed: C:\Users\allie\AppData\Local\Temp\pytest-of-allie\pytest-42\test_all_valid_transitions_suc0\engagements\0b3fb40e-ed0b-4d67-aef6-9b389bfe9b5e\engagement.db (5 connections)
2026-06-19 21:09:27 - huginn - INFO - Engagement created: 0b3fb40e-ed0b-4d67-aef6-9b389bfe9b5e (scoping->active)
2026-06-19 21:09:27 - huginn - INFO - State transition: 0b3fb40e-ed0b-4d67-aef6-9b389bfe9b5e draft -> scoping
2026-06-19 21:09:27 - huginn - INFO - State transition: 0b3fb40e-ed0b-4d67-aef6-9b389bfe9b5e scoping -> active
2026-06-19 21:09:27 - huginn - INFO - EngagementDatabase connected: C:\Users\allie\AppData\Local\Temp\pytest-of-allie\pytest-42\test_all_valid_transitions_suc0\engagements\9d8f6a42-2eeb-41ec-ba87-3cf4f561c427\engagement.db (pool_size=5)
2026-06-19 21:09:27 - huginn - INFO - EngagementDatabase schema created: C:\Users\allie\AppData\Local\Temp\pytest-of-allie\pytest-42\test_all_valid_transitions_suc0\engagements\9d8f6a42-2eeb-41ec-ba87-3cf4f561c427\engagement.db
2026-06-19 21:09:27 - huginn - INFO - EngagementDatabase closed: C:\Users\allie\AppData\Local\Temp\pytest-of-allie\pytest-42\test_all_valid_transitions_suc0\engagements\9d8f6a42-2eeb-41ec-ba87-3cf4f561c427\engagement.db (5 connections)
2026-06-19 21:09:27 - huginn - INFO - Engagement created: 9d8f6a42-2eeb-41ec-ba87-3cf4f561c427 (active->paused)
2026-06-19 21:09:27 - huginn - INFO - State transition: 9d8f6a42-2eeb-41ec-ba87-3cf4f561c427 draft -> scoping
2026-06-19 21:09:27 - huginn - INFO - State transition: 9d8f6a42-2eeb-41ec-ba87-3cf4f561c427 scoping -> active
2026-06-19 21:09:27 - huginn - INFO - State transition: 9d8f6a42-2eeb-41ec-ba87-3cf4f561c427 active -> paused
2026-06-19 21:09:27 - huginn - INFO - EngagementDatabase connected: C:\Users\allie\AppData\Local\Temp\pytest-of-allie\pytest-42\test_all_valid_transitions_suc0\engagements\6e830341-966a-41ae-92fd-2f53bac31889\engagement.db (pool_size=5)
2026-06-19 21:09:27 - huginn - INFO - EngagementDatabase schema created: C:\Users\allie\AppData\Local\Temp\pytest-of-allie\pytest-42\test_all_valid_transitions_suc0\engagements\6e830341-966a-41ae-92fd-2f53bac31889\engagement.db
2026-06-19 21:09:27 - huginn - INFO - EngagementDatabase closed: C:\Users\allie\AppData\Local\Temp\pytest-of-allie\pytest-42\test_all_valid_transitions_suc0\engagements\6e830341-966a-41ae-92fd-2f53bac31889\engagement.db (5 connections)
2026-06-19 21:09:27 - huginn - INFO - Engagement created: 6e830341-966a-41ae-92fd-2f53bac31889 (active->retest)
2026-06-19 21:09:27 - huginn - INFO - State transition: 6e830341-966a-41ae-92fd-2f53bac31889 draft -> scoping
2026-06-19 21:09:27 - huginn - INFO - State transition: 6e830341-966a-41ae-92fd-2f53bac31889 scoping -> active
2026-06-19 21:09:27 - huginn - INFO - State transition: 6e830341-966a-41ae-92fd-2f53bac31889 active -> retest
2026-06-19 21:09:27 - huginn - INFO - EngagementDatabase connected: C:\Users\allie\AppData\Local\Temp\pytest-of-allie\pytest-42\test_all_valid_transitions_suc0\engagements\2c527de2-261a-4cc7-9019-c2a61b27686f\engagement.db (pool_size=5)
2026-06-19 21:09:27 - huginn - INFO - EngagementDatabase schema created: C:\Users\allie\AppData\Local\Temp\pytest-of-allie\pytest-42\test_all_valid_transitions_suc0\engagements\2c527de2-261a-4cc7-9019-c2a61b27686f\engagement.db
2026-06-19 21:09:27 - huginn - INFO - EngagementDatabase closed: C:\Users\allie\AppData\Local\Temp\pytest-of-allie\pytest-42\test_all_valid_transitions_suc0\engagements\2c527de2-261a-4cc7-9019-c2a61b27686f\engagement.db (5 connections)
2026-06-19 21:09:27 - huginn - INFO - Engagement created: 2c527de2-261a-4cc7-9019-c2a61b27686f (active->reporting)
2026-06-19 21:09:27 - huginn - INFO - State transition: 2c527de2-261a-4cc7-9019-c2a61b27686f draft -> scoping
2026-06-19 21:09:27 - huginn - INFO - State transition: 2c527de2-261a-4cc7-9019-c2a61b27686f scoping -> active
2026-06-19 21:09:27 - huginn - INFO - State transition: 2c527de2-261a-4cc7-9019-c2a61b27686f active -> reporting
2026-06-19 21:09:27 - huginn - INFO - EngagementDatabase connected: C:\Users\allie\AppData\Local\Temp\pytest-of-allie\pytest-42\test_all_valid_transitions_suc0\engagements\4eed2791-9045-4db7-9baf-b5f1cb875af7\engagement.db (pool_size=5)
2026-06-19 21:09:27 - huginn - INFO - EngagementDatabase schema created: C:\Users\allie\AppData\Local\Temp\pytest-of-allie\pytest-42\test_all_valid_transitions_suc0\engagements\4eed2791-9045-4db7-9baf-b5f1cb875af7\engagement.db
2026-06-19 21:09:27 - huginn - INFO - EngagementDatabase closed: C:\Users\allie\AppData\Local\Temp\pytest-of-allie\pytest-42\test_all_valid_transitions_suc0\engagements\4eed2791-9045-4db7-9baf-b5f1cb875af7\engagement.db (5 connections)
2026-06-19 21:09:27 - huginn - INFO - Engagement created: 4eed2791-9045-4db7-9baf-b5f1cb875af7 (paused->active)
2026-06-19 21:09:27 - huginn - INFO - State transition: 4eed2791-9045-4db7-9baf-b5f1cb875af7 draft -> scoping
2026-06-19 21:09:27 - huginn - INFO - State transition: 4eed2791-9045-4db7-9baf-b5f1cb875af7 scoping -> active
2026-06-19 21:09:27 - huginn - INFO - State transition: 4eed2791-9045-4db7-9baf-b5f1cb875af7 active -> paused
2026-06-19 21:09:27 - huginn - INFO - State transition: 4eed2791-9045-4db7-9baf-b5f1cb875af7 paused -> active
2026-06-19 21:09:27 - huginn - INFO - EngagementDatabase connected: C:\Users\allie\AppData\Local\Temp\pytest-of-allie\pytest-42\test_all_valid_transitions_suc0\engagements\c64448aa-e58f-498f-b390-1fb2fa1076bd\engagement.db (pool_size=5)
2026-06-19 21:09:27 - huginn - INFO - EngagementDatabase schema created: C:\Users\allie\AppData\Local\Temp\pytest-of-allie\pytest-42\test_all_valid_transitions_suc0\engagements\c64448aa-e58f-498f-b390-1fb2fa1076bd\engagement.db
2026-06-19 21:09:27 - huginn - INFO - EngagementDatabase closed: C:\Users\allie\AppData\Local\Temp\pytest-of-allie\pytest-42\test_all_valid_transitions_suc0\engagements\c64448aa-e58f-498f-b390-1fb2fa1076bd\engagement.db (5 connections)
2026-06-19 21:09:27 - huginn - INFO - Engagement created: c64448aa-e58f-498f-b390-1fb2fa1076bd (paused->closed)
2026-06-19 21:09:27 - huginn - INFO - State transition: c64448aa-e58f-498f-b390-1fb2fa1076bd draft -> scoping
2026-06-19 21:09:27 - huginn - INFO - State transition: c64448aa-e58f-498f-b390-1fb2fa1076bd scoping -> active
2026-06-19 21:09:27 - huginn - INFO - State transition: c64448aa-e58f-498f-b390-1fb2fa1076bd active -> paused
2026-06-19 21:09:27 - huginn - INFO - State transition: c64448aa-e58f-498f-b390-1fb2fa1076bd paused -> closed
2026-06-19 21:09:27 - huginn - INFO - EngagementDatabase connected: C:\Users\allie\AppData\Local\Temp\pytest-of-allie\pytest-42\test_all_valid_transitions_suc0\engagements\670b9d40-968e-43f7-a742-5b9e4738c473\engagement.db (pool_size=5)
2026-06-19 21:09:27 - huginn - INFO - EngagementDatabase schema created: C:\Users\allie\AppData\Local\Temp\pytest-of-allie\pytest-42\test_all_valid_transitions_suc0\engagements\670b9d40-968e-43f7-a742-5b9e4738c473\engagement.db
2026-06-19 21:09:27 - huginn - INFO - EngagementDatabase closed: C:\Users\allie\AppData\Local\Temp\pytest-of-allie\pytest-42\test_all_valid_transitions_suc0\engagements\670b9d40-968e-43f7-a742-5b9e4738c473\engagement.db (5 connections)
2026-06-19 21:09:27 - huginn - INFO - Engagement created: 670b9d40-968e-43f7-a742-5b9e4738c473 (retest->reporting)
2026-06-19 21:09:27 - huginn - INFO - State transition: 670b9d40-968e-43f7-a742-5b9e4738c473 draft -> scoping
2026-06-19 21:09:27 - huginn - INFO - State transition: 670b9d40-968e-43f7-a742-5b9e4738c473 scoping -> active
2026-06-19 21:09:27 - huginn - INFO - State transition: 670b9d40-968e-43f7-a742-5b9e4738c473 active -> retest
2026-06-19 21:09:27 - huginn - INFO - State transition: 670b9d40-968e-43f7-a742-5b9e4738c473 retest -> reporting
2026-06-19 21:09:27 - huginn - INFO - EngagementDatabase connected: C:\Users\allie\AppData\Local\Temp\pytest-of-allie\pytest-42\test_all_valid_transitions_suc0\engagements\d96e4569-baed-4593-abc1-a4f3f5a26f43\engagement.db (pool_size=5)
2026-06-19 21:09:27 - huginn - INFO - EngagementDatabase schema created: C:\Users\allie\AppData\Local\Temp\pytest-of-allie\pytest-42\test_all_valid_transitions_suc0\engagements\d96e4569-baed-4593-abc1-a4f3f5a26f43\engagement.db
2026-06-19 21:09:27 - huginn - INFO - EngagementDatabase closed: C:\Users\allie\AppData\Local\Temp\pytest-of-allie\pytest-42\test_all_valid_transitions_suc0\engagements\d96e4569-baed-4593-abc1-a4f3f5a26f43\engagement.db (5 connections)
2026-06-19 21:09:27 - huginn - INFO - Engagement created: d96e4569-baed-4593-abc1-a4f3f5a26f43 (retest->active)
2026-06-19 21:09:27 - huginn - INFO - State transition: d96e4569-baed-4593-abc1-a4f3f5a26f43 draft -> scoping
2026-06-19 21:09:27 - huginn - INFO - State transition: d96e4569-baed-4593-abc1-a4f3f5a26f43 scoping -> active
2026-06-19 21:09:27 - huginn - INFO - State transition: d96e4569-baed-4593-abc1-a4f3f5a26f43 active -> retest
2026-06-19 21:09:27 - huginn - INFO - State transition: d96e4569-baed-4593-abc1-a4f3f5a26f43 retest -> active
2026-06-19 21:09:27 - huginn - INFO - EngagementDatabase connected: C:\Users\allie\AppData\Local\Temp\pytest-of-allie\pytest-42\test_all_valid_transitions_suc0\engagements\bf68cd31-df81-4431-872a-0c74c8ff1524\engagement.db (pool_size=5)
2026-06-19 21:09:27 - huginn - INFO - EngagementDatabase schema created: C:\Users\allie\AppData\Local\Temp\pytest-of-allie\pytest-42\test_all_valid_transitions_suc0\engagements\bf68cd31-df81-4431-872a-0c74c8ff1524\engagement.db
2026-06-19 21:09:27 - huginn - INFO - EngagementDatabase closed: C:\Users\allie\AppData\Local\Temp\pytest-of-allie\pytest-42\test_all_valid_transitions_suc0\engagements\bf68cd31-df81-4431-872a-0c74c8ff1524\engagement.db (5 connections)
2026-06-19 21:09:27 - huginn - INFO - Engagement created: bf68cd31-df81-4431-872a-0c74c8ff1524 (reporting->closed)
2026-06-19 21:09:27 - huginn - INFO - State transition: bf68cd31-df81-4431-872a-0c74c8ff1524 draft -> scoping
2026-06-19 21:09:27 - huginn - INFO - State transition: bf68cd31-df81-4431-872a-0c74c8ff1524 scoping -> active
2026-06-19 21:09:27 - huginn - INFO - State transition: bf68cd31-df81-4431-872a-0c74c8ff1524 active -> reporting
2026-06-19 21:09:27 - huginn - INFO - State transition: bf68cd31-df81-4431-872a-0c74c8ff1524 reporting -> closed
2026-06-19 21:09:27 - huginn - INFO - EngagementDatabase connected: C:\Users\allie\AppData\Local\Temp\pytest-of-allie\pytest-42\test_all_valid_transitions_suc0\engagements\67c2a6ae-194f-4871-8167-6ec1d2c756e4\engagement.db (pool_size=5)
2026-06-19 21:09:27 - huginn - INFO - EngagementDatabase schema created: C:\Users\allie\AppData\Local\Temp\pytest-of-allie\pytest-42\test_all_valid_transitions_suc0\engagements\67c2a6ae-194f-4871-8167-6ec1d2c756e4\engagement.db
2026-06-19 21:09:27 - huginn - INFO - EngagementDatabase closed: C:\Users\allie\AppData\Local\Temp\pytest-of-allie\pytest-42\test_all_valid_transitions_suc0\engagements\67c2a6ae-194f-4871-8167-6ec1d2c756e4\engagement.db (5 connections)
2026-06-19 21:09:27 - huginn - INFO - Engagement created: 67c2a6ae-194f-4871-8167-6ec1d2c756e4 (reporting->retest)
2026-06-19 21:09:27 - huginn - INFO - State transition: 67c2a6ae-194f-4871-8167-6ec1d2c756e4 draft -> scoping
2026-06-19 21:09:27 - huginn - INFO - State transition: 67c2a6ae-194f-4871-8167-6ec1d2c756e4 scoping -> active
2026-06-19 21:09:27 - huginn - INFO - State transition: 67c2a6ae-194f-4871-8167-6ec1d2c756e4 active -> reporting
2026-06-19 21:09:27 - huginn - INFO - State transition: 67c2a6ae-194f-4871-8167-6ec1d2c756e4 reporting -> retest
2026-06-19 21:09:27 - huginn - INFO - EngagementManager closed.
2026-06-19 21:09:27 - huginn - INFO - Master index schema initialized.
2026-06-19 21:09:27 - huginn - INFO - EngagementDatabase connected: C:\Users\allie\AppData\Local\Temp\pytest-of-allie\pytest-42\test_open_engagement_success0\engagements\960dbb2a-be0d-4b14-86c1-63418e96c8ee\engagement.db (pool_size=5)
2026-06-19 21:09:27 - huginn - INFO - EngagementDatabase schema created: C:\Users\allie\AppData\Local\Temp\pytest-of-allie\pytest-42\test_open_engagement_success0\engagements\960dbb2a-be0d-4b14-86c1-63418e96c8ee\engagement.db
2026-06-19 21:09:27 - huginn - INFO - EngagementDatabase closed: C:\Users\allie\AppData\Local\Temp\pytest-of-allie\pytest-42\test_open_engagement_success0\engagements\960dbb2a-be0d-4b14-86c1-63418e96c8ee\engagement.db (5 connections)
2026-06-19 21:09:27 - huginn - INFO - Engagement created: 960dbb2a-be0d-4b14-86c1-63418e96c8ee (Open Test)
2026-06-19 21:09:27 - huginn - INFO - EngagementDatabase connected: C:\Users\allie\AppData\Local\Temp\pytest-of-allie\pytest-42\test_open_engagement_success0\engagements\960dbb2a-be0d-4b14-86c1-63418e96c8ee\engagement.db (pool_size=5)
2026-06-19 21:09:27 - huginn - INFO - Engagement opened: 960dbb2a-be0d-4b14-86c1-63418e96c8ee
2026-06-19 21:09:27 - huginn - INFO - EngagementDatabase closed: C:\Users\allie\AppData\Local\Temp\pytest-of-allie\pytest-42\test_open_engagement_success0\engagements\960dbb2a-be0d-4b14-86c1-63418e96c8ee\engagement.db (5 connections)
2026-06-19 21:09:27 - huginn - INFO - Active engagement closed.
2026-06-19 21:09:27 - huginn - INFO - EngagementManager closed.
2026-06-19 21:09:27 - huginn - INFO - Master index schema initialized.
2026-06-19 21:09:27 - huginn - ERROR - Engagement not found: nonexistent-id
2026-06-19 21:09:27 - huginn - INFO - EngagementManager closed.
2026-06-19 21:09:27 - huginn - INFO - Master index schema initialized.
2026-06-19 21:09:27 - huginn - INFO - EngagementDatabase connected: C:\Users\allie\AppData\Local\Temp\pytest-of-allie\pytest-42\test_open_closes_previous_enga0\engagements\79f97265-bc5c-4402-b8a5-8ab526121f2a\engagement.db (pool_size=5)
2026-06-19 21:09:27 - huginn - INFO - EngagementDatabase schema created: C:\Users\allie\AppData\Local\Temp\pytest-of-allie\pytest-42\test_open_closes_previous_enga0\engagements\79f97265-bc5c-4402-b8a5-8ab526121f2a\engagement.db
2026-06-19 21:09:27 - huginn - INFO - EngagementDatabase closed: C:\Users\allie\AppData\Local\Temp\pytest-of-allie\pytest-42\test_open_closes_previous_enga0\engagements\79f97265-bc5c-4402-b8a5-8ab526121f2a\engagement.db (5 connections)
2026-06-19 21:09:27 - huginn - INFO - Engagement created: 79f97265-bc5c-4402-b8a5-8ab526121f2a (First)
2026-06-19 21:09:27 - huginn - INFO - EngagementDatabase connected: C:\Users\allie\AppData\Local\Temp\pytest-of-allie\pytest-42\test_open_closes_previous_enga0\engagements\8b64c5dc-5b28-4a93-8010-4f0d21b8b59c\engagement.db (pool_size=5)
2026-06-19 21:09:27 - huginn - INFO - EngagementDatabase schema created: C:\Users\allie\AppData\Local\Temp\pytest-of-allie\pytest-42\test_open_closes_previous_enga0\engagements\8b64c5dc-5b28-4a93-8010-4f0d21b8b59c\engagement.db
2026-06-19 21:09:27 - huginn - INFO - EngagementDatabase closed: C:\Users\allie\AppData\Local\Temp\pytest-of-allie\pytest-42\test_open_closes_previous_enga0\engagements\8b64c5dc-5b28-4a93-8010-4f0d21b8b59c\engagement.db (5 connections)
2026-06-19 21:09:27 - huginn - INFO - Engagement created: 8b64c5dc-5b28-4a93-8010-4f0d21b8b59c (Second)
2026-06-19 21:09:27 - huginn - INFO - EngagementDatabase connected: C:\Users\allie\AppData\Local\Temp\pytest-of-allie\pytest-42\test_open_closes_previous_enga0\engagements\79f97265-bc5c-4402-b8a5-8ab526121f2a\engagement.db (pool_size=5)
2026-06-19 21:09:27 - huginn - INFO - Engagement opened: 79f97265-bc5c-4402-b8a5-8ab526121f2a
2026-06-19 21:09:27 - huginn - INFO - EngagementDatabase closed: C:\Users\allie\AppData\Local\Temp\pytest-of-allie\pytest-42\test_open_closes_previous_enga0\engagements\79f97265-bc5c-4402-b8a5-8ab526121f2a\engagement.db (5 connections)
2026-06-19 21:09:27 - huginn - INFO - EngagementDatabase connected: C:\Users\allie\AppData\Local\Temp\pytest-of-allie\pytest-42\test_open_closes_previous_enga0\engagements\8b64c5dc-5b28-4a93-8010-4f0d21b8b59c\engagement.db (pool_size=5)
2026-06-19 21:09:27 - huginn - INFO - Engagement opened: 8b64c5dc-5b28-4a93-8010-4f0d21b8b59c
2026-06-19 21:09:27 - huginn - INFO - EngagementDatabase closed: C:\Users\allie\AppData\Local\Temp\pytest-of-allie\pytest-42\test_open_closes_previous_enga0\engagements\8b64c5dc-5b28-4a93-8010-4f0d21b8b59c\engagement.db (5 connections)
2026-06-19 21:09:27 - huginn - INFO - Active engagement closed.
2026-06-19 21:09:27 - huginn - INFO - EngagementManager closed.
2026-06-19 21:09:27 - huginn - INFO - Master index schema initialized.
2026-06-19 21:09:27 - huginn - INFO - EngagementDatabase connected: C:\Users\allie\AppData\Local\Temp\pytest-of-allie\pytest-42\test_add_and_get_document0\engagements\ccd081f5-1284-43e8-90fc-874361086b9e\engagement.db (pool_size=5)
2026-06-19 21:09:27 - huginn - INFO - EngagementDatabase schema created: C:\Users\allie\AppData\Local\Temp\pytest-of-allie\pytest-42\test_add_and_get_document0\engagements\ccd081f5-1284-43e8-90fc-874361086b9e\engagement.db
2026-06-19 21:09:27 - huginn - INFO - EngagementDatabase closed: C:\Users\allie\AppData\Local\Temp\pytest-of-allie\pytest-42\test_add_and_get_document0\engagements\ccd081f5-1284-43e8-90fc-874361086b9e\engagement.db (5 connections)
2026-06-19 21:09:27 - huginn - INFO - Engagement created: ccd081f5-1284-43e8-90fc-874361086b9e (Doc Test)
2026-06-19 21:09:27 - huginn - INFO - EngagementDatabase connected: C:\Users\allie\AppData\Local\Temp\pytest-of-allie\pytest-42\test_add_and_get_document0\engagements\ccd081f5-1284-43e8-90fc-874361086b9e\engagement.db (pool_size=5)
2026-06-19 21:09:27 - huginn - INFO - Engagement opened: ccd081f5-1284-43e8-90fc-874361086b9e
2026-06-19 21:09:27 - huginn - DEBUG - Document added: scope.pdf (type=scope)
2026-06-19 21:09:27 - huginn - INFO - EngagementDatabase closed: C:\Users\allie\AppData\Local\Temp\pytest-of-allie\pytest-42\test_add_and_get_document0\engagements\ccd081f5-1284-43e8-90fc-874361086b9e\engagement.db (5 connections)
2026-06-19 21:09:27 - huginn - INFO - Active engagement closed.
2026-06-19 21:09:27 - huginn - INFO - EngagementManager closed.
2026-06-19 21:09:27 - huginn - INFO - Master index schema initialized.
2026-06-19 21:09:27 - huginn - INFO - EngagementDatabase connected: C:\Users\allie\AppData\Local\Temp\pytest-of-allie\pytest-42\test_get_document_content0\engagements\6073ba98-e534-484b-b212-47e133bdff02\engagement.db (pool_size=5)
2026-06-19 21:09:27 - huginn - INFO - EngagementDatabase schema created: C:\Users\allie\AppData\Local\Temp\pytest-of-allie\pytest-42\test_get_document_content0\engagements\6073ba98-e534-484b-b212-47e133bdff02\engagement.db
2026-06-19 21:09:27 - huginn - INFO - EngagementDatabase closed: C:\Users\allie\AppData\Local\Temp\pytest-of-allie\pytest-42\test_get_document_content0\engagements\6073ba98-e534-484b-b212-47e133bdff02\engagement.db (5 connections)
2026-06-19 21:09:27 - huginn - INFO - Engagement created: 6073ba98-e534-484b-b212-47e133bdff02 (Doc Test)
2026-06-19 21:09:27 - huginn - INFO - EngagementDatabase connected: C:\Users\allie\AppData\Local\Temp\pytest-of-allie\pytest-42\test_get_document_content0\engagements\6073ba98-e534-484b-b212-47e133bdff02\engagement.db (pool_size=5)
2026-06-19 21:09:27 - huginn - INFO - Engagement opened: 6073ba98-e534-484b-b212-47e133bdff02
2026-06-19 21:09:27 - huginn - DEBUG - Document added: test.bin (type=other)
2026-06-19 21:09:27 - huginn - INFO - EngagementDatabase closed: C:\Users\allie\AppData\Local\Temp\pytest-of-allie\pytest-42\test_get_document_content0\engagements\6073ba98-e534-484b-b212-47e133bdff02\engagement.db (5 connections)
2026-06-19 21:09:27 - huginn - INFO - Active engagement closed.
2026-06-19 21:09:27 - huginn - INFO - EngagementManager closed.
2026-06-19 21:09:28 - huginn - INFO - Master index schema initialized.
2026-06-19 21:09:28 - huginn - INFO - EngagementDatabase connected: C:\Users\allie\AppData\Local\Temp\pytest-of-allie\pytest-42\test_filter_documents_by_type0\engagements\ac46922a-0f62-4322-b05e-4a97e907fa5c\engagement.db (pool_size=5)
2026-06-19 21:09:28 - huginn - INFO - EngagementDatabase schema created: C:\Users\allie\AppData\Local\Temp\pytest-of-allie\pytest-42\test_filter_documents_by_type0\engagements\ac46922a-0f62-4322-b05e-4a97e907fa5c\engagement.db
2026-06-19 21:09:28 - huginn - INFO - EngagementDatabase closed: C:\Users\allie\AppData\Local\Temp\pytest-of-allie\pytest-42\test_filter_documents_by_type0\engagements\ac46922a-0f62-4322-b05e-4a97e907fa5c\engagement.db (5 connections)
2026-06-19 21:09:28 - huginn - INFO - Engagement created: ac46922a-0f62-4322-b05e-4a97e907fa5c (Doc Test)
2026-06-19 21:09:28 - huginn - INFO - EngagementDatabase connected: C:\Users\allie\AppData\Local\Temp\pytest-of-allie\pytest-42\test_filter_documents_by_type0\engagements\ac46922a-0f62-4322-b05e-4a97e907fa5c\engagement.db (pool_size=5)
2026-06-19 21:09:28 - huginn - INFO - Engagement opened: ac46922a-0f62-4322-b05e-4a97e907fa5c
2026-06-19 21:09:28 - huginn - DEBUG - Document added: scope.pdf (type=scope)
2026-06-19 21:09:28 - huginn - DEBUG - Document added: nda.pdf (type=nda)
2026-06-19 21:09:28 - huginn - INFO - EngagementDatabase closed: C:\Users\allie\AppData\Local\Temp\pytest-of-allie\pytest-42\test_filter_documents_by_type0\engagements\ac46922a-0f62-4322-b05e-4a97e907fa5c\engagement.db (5 connections)
2026-06-19 21:09:28 - huginn - INFO - Active engagement closed.
2026-06-19 21:09:28 - huginn - INFO - EngagementManager closed.
2026-06-19 21:09:28 - huginn - INFO - Master index schema initialized.
2026-06-19 21:09:28 - huginn - INFO - EngagementDatabase connected: C:\Users\allie\AppData\Local\Temp\pytest-of-allie\pytest-42\test_delete_document0\engagements\e2a007d5-18ac-4155-83a8-6b578e09a784\engagement.db (pool_size=5)
2026-06-19 21:09:28 - huginn - INFO - EngagementDatabase schema created: C:\Users\allie\AppData\Local\Temp\pytest-of-allie\pytest-42\test_delete_document0\engagements\e2a007d5-18ac-4155-83a8-6b578e09a784\engagement.db
2026-06-19 21:09:28 - huginn - INFO - EngagementDatabase closed: C:\Users\allie\AppData\Local\Temp\pytest-of-allie\pytest-42\test_delete_document0\engagements\e2a007d5-18ac-4155-83a8-6b578e09a784\engagement.db (5 connections)
2026-06-19 21:09:28 - huginn - INFO - Engagement created: e2a007d5-18ac-4155-83a8-6b578e09a784 (Doc Test)
2026-06-19 21:09:28 - huginn - INFO - EngagementDatabase connected: C:\Users\allie\AppData\Local\Temp\pytest-of-allie\pytest-42\test_delete_document0\engagements\e2a007d5-18ac-4155-83a8-6b578e09a784\engagement.db (pool_size=5)
2026-06-19 21:09:28 - huginn - INFO - Engagement opened: e2a007d5-18ac-4155-83a8-6b578e09a784
2026-06-19 21:09:28 - huginn - DEBUG - Document added: del.pdf (type=other)
2026-06-19 21:09:28 - huginn - INFO - EngagementDatabase closed: C:\Users\allie\AppData\Local\Temp\pytest-of-allie\pytest-42\test_delete_document0\engagements\e2a007d5-18ac-4155-83a8-6b578e09a784\engagement.db (5 connections)
2026-06-19 21:09:28 - huginn - INFO - Active engagement closed.
2026-06-19 21:09:28 - huginn - INFO - EngagementManager closed.
2026-06-19 21:09:28 - huginn - INFO - Master index schema initialized.
2026-06-19 21:09:28 - huginn - INFO - EngagementDatabase connected: C:\Users\allie\AppData\Local\Temp\pytest-of-allie\pytest-42\test_add_and_list_contacts0\engagements\446df290-4642-4192-8f00-b59f6545e373\engagement.db (pool_size=5)
2026-06-19 21:09:28 - huginn - INFO - EngagementDatabase schema created: C:\Users\allie\AppData\Local\Temp\pytest-of-allie\pytest-42\test_add_and_list_contacts0\engagements\446df290-4642-4192-8f00-b59f6545e373\engagement.db
2026-06-19 21:09:28 - huginn - INFO - EngagementDatabase closed: C:\Users\allie\AppData\Local\Temp\pytest-of-allie\pytest-42\test_add_and_list_contacts0\engagements\446df290-4642-4192-8f00-b59f6545e373\engagement.db (5 connections)
2026-06-19 21:09:28 - huginn - INFO - Engagement created: 446df290-4642-4192-8f00-b59f6545e373 (Contact Test)
2026-06-19 21:09:28 - huginn - INFO - EngagementDatabase connected: C:\Users\allie\AppData\Local\Temp\pytest-of-allie\pytest-42\test_add_and_list_contacts0\engagements\446df290-4642-4192-8f00-b59f6545e373\engagement.db (pool_size=5)
2026-06-19 21:09:28 - huginn - INFO - Engagement opened: 446df290-4642-4192-8f00-b59f6545e373
2026-06-19 21:09:28 - huginn - DEBUG - Contact added: John Doe (CTO)
2026-06-19 21:09:28 - huginn - INFO - EngagementDatabase closed: C:\Users\allie\AppData\Local\Temp\pytest-of-allie\pytest-42\test_add_and_list_contacts0\engagements\446df290-4642-4192-8f00-b59f6545e373\engagement.db (5 connections)
2026-06-19 21:09:28 - huginn - INFO - Active engagement closed.
2026-06-19 21:09:28 - huginn - INFO - EngagementManager closed.
2026-06-19 21:09:28 - huginn - INFO - Master index schema initialized.
2026-06-19 21:09:28 - huginn - INFO - EngagementDatabase connected: C:\Users\allie\AppData\Local\Temp\pytest-of-allie\pytest-42\test_update_contact0\engagements\14a499a8-c1a2-4a9f-9c06-709f958cea41\engagement.db (pool_size=5)
2026-06-19 21:09:28 - huginn - INFO - EngagementDatabase schema created: C:\Users\allie\AppData\Local\Temp\pytest-of-allie\pytest-42\test_update_contact0\engagements\14a499a8-c1a2-4a9f-9c06-709f958cea41\engagement.db
2026-06-19 21:09:28 - huginn - INFO - EngagementDatabase closed: C:\Users\allie\AppData\Local\Temp\pytest-of-allie\pytest-42\test_update_contact0\engagements\14a499a8-c1a2-4a9f-9c06-709f958cea41\engagement.db (5 connections)
2026-06-19 21:09:28 - huginn - INFO - Engagement created: 14a499a8-c1a2-4a9f-9c06-709f958cea41 (Contact Test)
2026-06-19 21:09:28 - huginn - INFO - EngagementDatabase connected: C:\Users\allie\AppData\Local\Temp\pytest-of-allie\pytest-42\test_update_contact0\engagements\14a499a8-c1a2-4a9f-9c06-709f958cea41\engagement.db (pool_size=5)
2026-06-19 21:09:28 - huginn - INFO - Engagement opened: 14a499a8-c1a2-4a9f-9c06-709f958cea41
2026-06-19 21:09:28 - huginn - DEBUG - Contact added: Jane (PM)
2026-06-19 21:09:28 - huginn - INFO - EngagementDatabase closed: C:\Users\allie\AppData\Local\Temp\pytest-of-allie\pytest-42\test_update_contact0\engagements\14a499a8-c1a2-4a9f-9c06-709f958cea41\engagement.db (5 connections)
2026-06-19 21:09:28 - huginn - INFO - Active engagement closed.
2026-06-19 21:09:28 - huginn - INFO - EngagementManager closed.
2026-06-19 21:09:28 - huginn - INFO - Master index schema initialized.
2026-06-19 21:09:28 - huginn - INFO - EngagementDatabase connected: C:\Users\allie\AppData\Local\Temp\pytest-of-allie\pytest-42\test_delete_contact0\engagements\2694f99d-de7e-421e-826b-07c649653ee8\engagement.db (pool_size=5)
2026-06-19 21:09:28 - huginn - INFO - EngagementDatabase schema created: C:\Users\allie\AppData\Local\Temp\pytest-of-allie\pytest-42\test_delete_contact0\engagements\2694f99d-de7e-421e-826b-07c649653ee8\engagement.db
2026-06-19 21:09:28 - huginn - INFO - EngagementDatabase closed: C:\Users\allie\AppData\Local\Temp\pytest-of-allie\pytest-42\test_delete_contact0\engagements\2694f99d-de7e-421e-826b-07c649653ee8\engagement.db (5 connections)
2026-06-19 21:09:28 - huginn - INFO - Engagement created: 2694f99d-de7e-421e-826b-07c649653ee8 (Contact Test)
2026-06-19 21:09:28 - huginn - INFO - EngagementDatabase connected: C:\Users\allie\AppData\Local\Temp\pytest-of-allie\pytest-42\test_delete_contact0\engagements\2694f99d-de7e-421e-826b-07c649653ee8\engagement.db (pool_size=5)
2026-06-19 21:09:28 - huginn - INFO - Engagement opened: 2694f99d-de7e-421e-826b-07c649653ee8
2026-06-19 21:09:28 - huginn - DEBUG - Contact added: Delete Me (None)
2026-06-19 21:09:28 - huginn - INFO - EngagementDatabase closed: C:\Users\allie\AppData\Local\Temp\pytest-of-allie\pytest-42\test_delete_contact0\engagements\2694f99d-de7e-421e-826b-07c649653ee8\engagement.db (5 connections)
2026-06-19 21:09:28 - huginn - INFO - Active engagement closed.
2026-06-19 21:09:28 - huginn - INFO - EngagementManager closed.
2026-06-19 21:09:28 - huginn - INFO - Master index schema initialized.
2026-06-19 21:09:28 - huginn - INFO - EngagementDatabase connected: C:\Users\allie\AppData\Local\Temp\pytest-of-allie\pytest-42\test_set_and_get_roe0\engagements\6e9a53cc-e190-407a-8765-ed37e6251aa1\engagement.db (pool_size=5)
2026-06-19 21:09:28 - huginn - INFO - EngagementDatabase schema created: C:\Users\allie\AppData\Local\Temp\pytest-of-allie\pytest-42\test_set_and_get_roe0\engagements\6e9a53cc-e190-407a-8765-ed37e6251aa1\engagement.db
2026-06-19 21:09:28 - huginn - INFO - EngagementDatabase closed: C:\Users\allie\AppData\Local\Temp\pytest-of-allie\pytest-42\test_set_and_get_roe0\engagements\6e9a53cc-e190-407a-8765-ed37e6251aa1\engagement.db (5 connections)
2026-06-19 21:09:28 - huginn - INFO - Engagement created: 6e9a53cc-e190-407a-8765-ed37e6251aa1 (RoE Test)
2026-06-19 21:09:28 - huginn - INFO - EngagementDatabase connected: C:\Users\allie\AppData\Local\Temp\pytest-of-allie\pytest-42\test_set_and_get_roe0\engagements\6e9a53cc-e190-407a-8765-ed37e6251aa1\engagement.db (pool_size=5)
2026-06-19 21:09:28 - huginn - INFO - Engagement opened: 6e9a53cc-e190-407a-8765-ed37e6251aa1
2026-06-19 21:09:28 - huginn - INFO - EngagementDatabase closed: C:\Users\allie\AppData\Local\Temp\pytest-of-allie\pytest-42\test_set_and_get_roe0\engagements\6e9a53cc-e190-407a-8765-ed37e6251aa1\engagement.db (5 connections)
2026-06-19 21:09:28 - huginn - INFO - Active engagement closed.
2026-06-19 21:09:28 - huginn - INFO - EngagementManager closed.
2026-06-19 21:09:28 - huginn - INFO - Master index schema initialized.
2026-06-19 21:09:28 - huginn - INFO - EngagementDatabase connected: C:\Users\allie\AppData\Local\Temp\pytest-of-allie\pytest-42\test_update_roe_overwrites0\engagements\ef967d61-fd3d-45e2-af63-591d924c0ff1\engagement.db (pool_size=5)
2026-06-19 21:09:28 - huginn - INFO - EngagementDatabase schema created: C:\Users\allie\AppData\Local\Temp\pytest-of-allie\pytest-42\test_update_roe_overwrites0\engagements\ef967d61-fd3d-45e2-af63-591d924c0ff1\engagement.db
2026-06-19 21:09:28 - huginn - INFO - EngagementDatabase closed: C:\Users\allie\AppData\Local\Temp\pytest-of-allie\pytest-42\test_update_roe_overwrites0\engagements\ef967d61-fd3d-45e2-af63-591d924c0ff1\engagement.db (5 connections)
2026-06-19 21:09:28 - huginn - INFO - Engagement created: ef967d61-fd3d-45e2-af63-591d924c0ff1 (RoE Test)
2026-06-19 21:09:28 - huginn - INFO - EngagementDatabase connected: C:\Users\allie\AppData\Local\Temp\pytest-of-allie\pytest-42\test_update_roe_overwrites0\engagements\ef967d61-fd3d-45e2-af63-591d924c0ff1\engagement.db (pool_size=5)
2026-06-19 21:09:28 - huginn - INFO - Engagement opened: ef967d61-fd3d-45e2-af63-591d924c0ff1
2026-06-19 21:09:28 - huginn - INFO - EngagementDatabase closed: C:\Users\allie\AppData\Local\Temp\pytest-of-allie\pytest-42\test_update_roe_overwrites0\engagements\ef967d61-fd3d-45e2-af63-591d924c0ff1\engagement.db (5 connections)
2026-06-19 21:09:28 - huginn - INFO - Active engagement closed.
2026-06-19 21:09:28 - huginn - INFO - EngagementManager closed.
2026-06-19 21:09:28 - huginn - INFO - Master index schema initialized.
2026-06-19 21:09:28 - huginn - INFO - EngagementDatabase connected: C:\Users\allie\AppData\Local\Temp\pytest-of-allie\pytest-42\test_get_roe_returns_none_when0\engagements\6fed7ac9-86f2-42e1-871c-cceaad3de89d\engagement.db (pool_size=5)
2026-06-19 21:09:28 - huginn - INFO - EngagementDatabase schema created: C:\Users\allie\AppData\Local\Temp\pytest-of-allie\pytest-42\test_get_roe_returns_none_when0\engagements\6fed7ac9-86f2-42e1-871c-cceaad3de89d\engagement.db
2026-06-19 21:09:28 - huginn - INFO - EngagementDatabase closed: C:\Users\allie\AppData\Local\Temp\pytest-of-allie\pytest-42\test_get_roe_returns_none_when0\engagements\6fed7ac9-86f2-42e1-871c-cceaad3de89d\engagement.db (5 connections)
2026-06-19 21:09:28 - huginn - INFO - Engagement created: 6fed7ac9-86f2-42e1-871c-cceaad3de89d (RoE Test)
2026-06-19 21:09:28 - huginn - INFO - EngagementDatabase connected: C:\Users\allie\AppData\Local\Temp\pytest-of-allie\pytest-42\test_get_roe_returns_none_when0\engagements\6fed7ac9-86f2-42e1-871c-cceaad3de89d\engagement.db (pool_size=5)
2026-06-19 21:09:28 - huginn - INFO - Engagement opened: 6fed7ac9-86f2-42e1-871c-cceaad3de89d
2026-06-19 21:09:28 - huginn - INFO - EngagementDatabase closed: C:\Users\allie\AppData\Local\Temp\pytest-of-allie\pytest-42\test_get_roe_returns_none_when0\engagements\6fed7ac9-86f2-42e1-871c-cceaad3de89d\engagement.db (5 connections)
2026-06-19 21:09:28 - huginn - INFO - Active engagement closed.
2026-06-19 21:09:28 - huginn - INFO - EngagementManager closed.
2026-06-19 21:09:28 - huginn - INFO - Master index schema initialized.
2026-06-19 21:09:28 - huginn - INFO - EngagementDatabase connected: C:\Users\allie\AppData\Local\Temp\pytest-of-allie\pytest-42\test_add_and_list_milestones0\engagements\a749852c-5186-49a6-bfbf-f755d7a18b9d\engagement.db (pool_size=5)
2026-06-19 21:09:28 - huginn - INFO - EngagementDatabase schema created: C:\Users\allie\AppData\Local\Temp\pytest-of-allie\pytest-42\test_add_and_list_milestones0\engagements\a749852c-5186-49a6-bfbf-f755d7a18b9d\engagement.db
2026-06-19 21:09:28 - huginn - INFO - EngagementDatabase closed: C:\Users\allie\AppData\Local\Temp\pytest-of-allie\pytest-42\test_add_and_list_milestones0\engagements\a749852c-5186-49a6-bfbf-f755d7a18b9d\engagement.db (5 connections)
2026-06-19 21:09:28 - huginn - INFO - Engagement created: a749852c-5186-49a6-bfbf-f755d7a18b9d (Milestone Test)
2026-06-19 21:09:28 - huginn - INFO - EngagementDatabase connected: C:\Users\allie\AppData\Local\Temp\pytest-of-allie\pytest-42\test_add_and_list_milestones0\engagements\a749852c-5186-49a6-bfbf-f755d7a18b9d\engagement.db (pool_size=5)
2026-06-19 21:09:28 - huginn - INFO - Engagement opened: a749852c-5186-49a6-bfbf-f755d7a18b9d
2026-06-19 21:09:28 - huginn - DEBUG - Milestone added: Kickoff (planned_start)
2026-06-19 21:09:28 - huginn - INFO - EngagementDatabase closed: C:\Users\allie\AppData\Local\Temp\pytest-of-allie\pytest-42\test_add_and_list_milestones0\engagements\a749852c-5186-49a6-bfbf-f755d7a18b9d\engagement.db (5 connections)
2026-06-19 21:09:28 - huginn - INFO - Active engagement closed.
2026-06-19 21:09:28 - huginn - INFO - EngagementManager closed.
2026-06-19 21:09:28 - huginn - INFO - Master index schema initialized.
2026-06-19 21:09:28 - huginn - INFO - EngagementDatabase connected: C:\Users\allie\AppData\Local\Temp\pytest-of-allie\pytest-42\test_milestones_ordered_by_dat0\engagements\4e7661b6-6302-4efb-b2f0-70ab271b7154\engagement.db (pool_size=5)
2026-06-19 21:09:28 - huginn - INFO - EngagementDatabase schema created: C:\Users\allie\AppData\Local\Temp\pytest-of-allie\pytest-42\test_milestones_ordered_by_dat0\engagements\4e7661b6-6302-4efb-b2f0-70ab271b7154\engagement.db
2026-06-19 21:09:28 - huginn - INFO - EngagementDatabase closed: C:\Users\allie\AppData\Local\Temp\pytest-of-allie\pytest-42\test_milestones_ordered_by_dat0\engagements\4e7661b6-6302-4efb-b2f0-70ab271b7154\engagement.db (5 connections)
2026-06-19 21:09:28 - huginn - INFO - Engagement created: 4e7661b6-6302-4efb-b2f0-70ab271b7154 (Milestone Test)
2026-06-19 21:09:28 - huginn - INFO - EngagementDatabase connected: C:\Users\allie\AppData\Local\Temp\pytest-of-allie\pytest-42\test_milestones_ordered_by_dat0\engagements\4e7661b6-6302-4efb-b2f0-70ab271b7154\engagement.db (pool_size=5)
2026-06-19 21:09:28 - huginn - INFO - Engagement opened: 4e7661b6-6302-4efb-b2f0-70ab271b7154
2026-06-19 21:09:28 - huginn - DEBUG - Milestone added: End (planned_end)
2026-06-19 21:09:28 - huginn - DEBUG - Milestone added: Start (planned_start)
2026-06-19 21:09:28 - huginn - DEBUG - Milestone added: Mid (checkpoint)
2026-06-19 21:09:28 - huginn - INFO - EngagementDatabase closed: C:\Users\allie\AppData\Local\Temp\pytest-of-allie\pytest-42\test_milestones_ordered_by_dat0\engagements\4e7661b6-6302-4efb-b2f0-70ab271b7154\engagement.db (5 connections)
2026-06-19 21:09:28 - huginn - INFO - Active engagement closed.
2026-06-19 21:09:28 - huginn - INFO - EngagementManager closed.
2026-06-19 21:09:28 - huginn - INFO - Master index schema initialized.
2026-06-19 21:09:28 - huginn - INFO - EngagementDatabase connected: C:\Users\allie\AppData\Local\Temp\pytest-of-allie\pytest-42\test_update_milestone0\engagements\d0ec0c7e-8f2c-40b1-b31d-35394fb5d738\engagement.db (pool_size=5)
2026-06-19 21:09:28 - huginn - INFO - EngagementDatabase schema created: C:\Users\allie\AppData\Local\Temp\pytest-of-allie\pytest-42\test_update_milestone0\engagements\d0ec0c7e-8f2c-40b1-b31d-35394fb5d738\engagement.db
2026-06-19 21:09:28 - huginn - INFO - EngagementDatabase closed: C:\Users\allie\AppData\Local\Temp\pytest-of-allie\pytest-42\test_update_milestone0\engagements\d0ec0c7e-8f2c-40b1-b31d-35394fb5d738\engagement.db (5 connections)
2026-06-19 21:09:28 - huginn - INFO - Engagement created: d0ec0c7e-8f2c-40b1-b31d-35394fb5d738 (Milestone Test)
2026-06-19 21:09:28 - huginn - INFO - EngagementDatabase connected: C:\Users\allie\AppData\Local\Temp\pytest-of-allie\pytest-42\test_update_milestone0\engagements\d0ec0c7e-8f2c-40b1-b31d-35394fb5d738\engagement.db (pool_size=5)
2026-06-19 21:09:28 - huginn - INFO - Engagement opened: d0ec0c7e-8f2c-40b1-b31d-35394fb5d738
2026-06-19 21:09:28 - huginn - DEBUG - Milestone added: Old Name (checkpoint)
2026-06-19 21:09:28 - huginn - INFO - EngagementDatabase closed: C:\Users\allie\AppData\Local\Temp\pytest-of-allie\pytest-42\test_update_milestone0\engagements\d0ec0c7e-8f2c-40b1-b31d-35394fb5d738\engagement.db (5 connections)
2026-06-19 21:09:28 - huginn - INFO - Active engagement closed.
2026-06-19 21:09:28 - huginn - INFO - EngagementManager closed.
2026-06-19 21:09:28 - huginn - INFO - Master index schema initialized.
2026-06-19 21:09:28 - huginn - INFO - EngagementDatabase connected: C:\Users\allie\AppData\Local\Temp\pytest-of-allie\pytest-42\test_delete_milestone0\engagements\48349b62-8e24-4028-a339-8f77f006fa8c\engagement.db (pool_size=5)
2026-06-19 21:09:28 - huginn - INFO - EngagementDatabase schema created: C:\Users\allie\AppData\Local\Temp\pytest-of-allie\pytest-42\test_delete_milestone0\engagements\48349b62-8e24-4028-a339-8f77f006fa8c\engagement.db
2026-06-19 21:09:28 - huginn - INFO - EngagementDatabase closed: C:\Users\allie\AppData\Local\Temp\pytest-of-allie\pytest-42\test_delete_milestone0\engagements\48349b62-8e24-4028-a339-8f77f006fa8c\engagement.db (5 connections)
2026-06-19 21:09:28 - huginn - INFO - Engagement created: 48349b62-8e24-4028-a339-8f77f006fa8c (Milestone Test)
2026-06-19 21:09:28 - huginn - INFO - EngagementDatabase connected: C:\Users\allie\AppData\Local\Temp\pytest-of-allie\pytest-42\test_delete_milestone0\engagements\48349b62-8e24-4028-a339-8f77f006fa8c\engagement.db (pool_size=5)
2026-06-19 21:09:28 - huginn - INFO - Engagement opened: 48349b62-8e24-4028-a339-8f77f006fa8c
2026-06-19 21:09:28 - huginn - DEBUG - Milestone added: Remove (checkpoint)
2026-06-19 21:09:28 - huginn - INFO - EngagementDatabase closed: C:\Users\allie\AppData\Local\Temp\pytest-of-allie\pytest-42\test_delete_milestone0\engagements\48349b62-8e24-4028-a339-8f77f006fa8c\engagement.db (5 connections)
2026-06-19 21:09:28 - huginn - INFO - Active engagement closed.
2026-06-19 21:09:28 - huginn - INFO - EngagementManager closed.
2026-06-19 21:09:28 - huginn - INFO - Master index schema initialized.
2026-06-19 21:09:28 - huginn - INFO - EngagementDatabase connected: C:\Users\allie\AppData\Local\Temp\pytest-of-allie\pytest-42\test_engagement_created_signal0\engagements\6b6a2077-1093-41c0-828f-e20b0f348c84\engagement.db (pool_size=5)
2026-06-19 21:09:28 - huginn - INFO - EngagementDatabase schema created: C:\Users\allie\AppData\Local\Temp\pytest-of-allie\pytest-42\test_engagement_created_signal0\engagements\6b6a2077-1093-41c0-828f-e20b0f348c84\engagement.db
2026-06-19 21:09:28 - huginn - INFO - EngagementDatabase closed: C:\Users\allie\AppData\Local\Temp\pytest-of-allie\pytest-42\test_engagement_created_signal0\engagements\6b6a2077-1093-41c0-828f-e20b0f348c84\engagement.db (5 connections)
2026-06-19 21:09:28 - huginn - INFO - Engagement created: 6b6a2077-1093-41c0-828f-e20b0f348c84 (Signal)
2026-06-19 21:09:28 - huginn - INFO - EngagementManager closed.
2026-06-19 21:09:28 - huginn - INFO - Master index schema initialized.
2026-06-19 21:09:28 - huginn - INFO - EngagementDatabase connected: C:\Users\allie\AppData\Local\Temp\pytest-of-allie\pytest-42\test_engagement_opened_signal0\engagements\4454b012-80bb-489a-bff8-ef410b15a1d0\engagement.db (pool_size=5)
2026-06-19 21:09:28 - huginn - INFO - EngagementDatabase schema created: C:\Users\allie\AppData\Local\Temp\pytest-of-allie\pytest-42\test_engagement_opened_signal0\engagements\4454b012-80bb-489a-bff8-ef410b15a1d0\engagement.db
2026-06-19 21:09:28 - huginn - INFO - EngagementDatabase closed: C:\Users\allie\AppData\Local\Temp\pytest-of-allie\pytest-42\test_engagement_opened_signal0\engagements\4454b012-80bb-489a-bff8-ef410b15a1d0\engagement.db (5 connections)
2026-06-19 21:09:28 - huginn - INFO - Engagement created: 4454b012-80bb-489a-bff8-ef410b15a1d0 (Signal Open)
2026-06-19 21:09:28 - huginn - INFO - EngagementDatabase connected: C:\Users\allie\AppData\Local\Temp\pytest-of-allie\pytest-42\test_engagement_opened_signal0\engagements\4454b012-80bb-489a-bff8-ef410b15a1d0\engagement.db (pool_size=5)
2026-06-19 21:09:28 - huginn - INFO - Engagement opened: 4454b012-80bb-489a-bff8-ef410b15a1d0
2026-06-19 21:09:28 - huginn - INFO - EngagementDatabase closed: C:\Users\allie\AppData\Local\Temp\pytest-of-allie\pytest-42\test_engagement_opened_signal0\engagements\4454b012-80bb-489a-bff8-ef410b15a1d0\engagement.db (5 connections)
2026-06-19 21:09:28 - huginn - INFO - Active engagement closed.
2026-06-19 21:09:28 - huginn - INFO - EngagementManager closed.
2026-06-19 21:09:28 - huginn - INFO - Master index schema initialized.
2026-06-19 21:09:28 - huginn - INFO - EngagementDatabase connected: C:\Users\allie\AppData\Local\Temp\pytest-of-allie\pytest-42\test_state_changed_signal0\engagements\3fcb730d-37f4-4626-ae00-337949c07c4e\engagement.db (pool_size=5)
2026-06-19 21:09:28 - huginn - INFO - EngagementDatabase schema created: C:\Users\allie\AppData\Local\Temp\pytest-of-allie\pytest-42\test_state_changed_signal0\engagements\3fcb730d-37f4-4626-ae00-337949c07c4e\engagement.db
2026-06-19 21:09:28 - huginn - INFO - EngagementDatabase closed: C:\Users\allie\AppData\Local\Temp\pytest-of-allie\pytest-42\test_state_changed_signal0\engagements\3fcb730d-37f4-4626-ae00-337949c07c4e\engagement.db (5 connections)
2026-06-19 21:09:28 - huginn - INFO - Engagement created: 3fcb730d-37f4-4626-ae00-337949c07c4e (Signal State)
2026-06-19 21:09:28 - huginn - INFO - State transition: 3fcb730d-37f4-4626-ae00-337949c07c4e draft -> scoping
2026-06-19 21:09:28 - huginn - INFO - EngagementManager closed.
2026-06-19 21:09:28 - huginn - INFO - Master index schema initialized.
2026-06-19 21:09:28 - huginn - INFO - EngagementManager closed.
2026-06-19 21:09:28 - huginn - INFO - EngagementDatabase connected: C:\Users\allie\AppData\Local\Temp\pytest-of-allie\pytest-42\test_connect_creates_directory0\nested\dir\engagement.db (pool_size=5)
2026-06-19 21:09:28 - huginn - INFO - EngagementDatabase closed: C:\Users\allie\AppData\Local\Temp\pytest-of-allie\pytest-42\test_connect_creates_directory0\nested\dir\engagement.db (5 connections)
2026-06-19 21:09:28 - huginn - INFO - EngagementDatabase connected: C:\Users\allie\AppData\Local\Temp\pytest-of-allie\pytest-42\test_connect_idempotent0\engagement.db (pool_size=5)
2026-06-19 21:09:28 - huginn - INFO - EngagementDatabase schema created: C:\Users\allie\AppData\Local\Temp\pytest-of-allie\pytest-42\test_connect_idempotent0\engagement.db
2026-06-19 21:09:28 - huginn - DEBUG - EngagementDatabase already connected: C:\Users\allie\AppData\Local\Temp\pytest-of-allie\pytest-42\test_connect_idempotent0\engagement.db
2026-06-19 21:09:28 - huginn - INFO - EngagementDatabase closed: C:\Users\allie\AppData\Local\Temp\pytest-of-allie\pytest-42\test_connect_idempotent0\engagement.db (5 connections)
2026-06-19 21:09:28 - huginn - INFO - EngagementDatabase connected: C:\Users\allie\AppData\Local\Temp\pytest-of-allie\pytest-42\test_close_marks_disconnected0\engagement.db (pool_size=5)
2026-06-19 21:09:28 - huginn - INFO - EngagementDatabase closed: C:\Users\allie\AppData\Local\Temp\pytest-of-allie\pytest-42\test_close_marks_disconnected0\engagement.db (5 connections)
2026-06-19 21:09:28 - huginn - INFO - EngagementDatabase connected: C:\Users\allie\AppData\Local\Temp\pytest-of-allie\pytest-42\test_close_idempotent0\engagement.db (pool_size=5)
2026-06-19 21:09:28 - huginn - INFO - EngagementDatabase closed: C:\Users\allie\AppData\Local\Temp\pytest-of-allie\pytest-42\test_close_idempotent0\engagement.db (5 connections)
2026-06-19 21:09:28 - huginn - INFO - EngagementDatabase connected: C:\Users\allie\AppData\Local\Temp\pytest-of-allie\pytest-42\test_wal_mode_enabled0\engagement.db (pool_size=5)
2026-06-19 21:09:28 - huginn - INFO - EngagementDatabase schema created: C:\Users\allie\AppData\Local\Temp\pytest-of-allie\pytest-42\test_wal_mode_enabled0\engagement.db
2026-06-19 21:09:28 - huginn - INFO - EngagementDatabase closed: C:\Users\allie\AppData\Local\Temp\pytest-of-allie\pytest-42\test_wal_mode_enabled0\engagement.db (5 connections)
2026-06-19 21:09:28 - huginn - INFO - EngagementDatabase connected: C:\Users\allie\AppData\Local\Temp\pytest-of-allie\pytest-42\test_foreign_keys_enabled0\engagement.db (pool_size=5)
2026-06-19 21:09:28 - huginn - INFO - EngagementDatabase schema created: C:\Users\allie\AppData\Local\Temp\pytest-of-allie\pytest-42\test_foreign_keys_enabled0\engagement.db
2026-06-19 21:09:28 - huginn - INFO - EngagementDatabase closed: C:\Users\allie\AppData\Local\Temp\pytest-of-allie\pytest-42\test_foreign_keys_enabled0\engagement.db (5 connections)
2026-06-19 21:09:28 - huginn - INFO - EngagementDatabase connected: C:\Users\allie\AppData\Local\Temp\pytest-of-allie\pytest-42\test_all_tables_created0\engagement.db (pool_size=5)
2026-06-19 21:09:28 - huginn - INFO - EngagementDatabase schema created: C:\Users\allie\AppData\Local\Temp\pytest-of-allie\pytest-42\test_all_tables_created0\engagement.db
2026-06-19 21:09:28 - huginn - INFO - EngagementDatabase closed: C:\Users\allie\AppData\Local\Temp\pytest-of-allie\pytest-42\test_all_tables_created0\engagement.db (5 connections)
2026-06-19 21:09:28 - huginn - INFO - EngagementDatabase connected: C:\Users\allie\AppData\Local\Temp\pytest-of-allie\pytest-42\test_indexes_created0\engagement.db (pool_size=5)
2026-06-19 21:09:28 - huginn - INFO - EngagementDatabase schema created: C:\Users\allie\AppData\Local\Temp\pytest-of-allie\pytest-42\test_indexes_created0\engagement.db
2026-06-19 21:09:28 - huginn - INFO - EngagementDatabase closed: C:\Users\allie\AppData\Local\Temp\pytest-of-allie\pytest-42\test_indexes_created0\engagement.db (5 connections)
2026-06-19 21:09:28 - huginn - INFO - EngagementDatabase connected: C:\Users\allie\AppData\Local\Temp\pytest-of-allie\pytest-42\test_create_schema_idempotent0\engagement.db (pool_size=5)
2026-06-19 21:09:28 - huginn - INFO - EngagementDatabase schema created: C:\Users\allie\AppData\Local\Temp\pytest-of-allie\pytest-42\test_create_schema_idempotent0\engagement.db
2026-06-19 21:09:28 - huginn - INFO - EngagementDatabase schema created: C:\Users\allie\AppData\Local\Temp\pytest-of-allie\pytest-42\test_create_schema_idempotent0\engagement.db
2026-06-19 21:09:28 - huginn - INFO - EngagementDatabase closed: C:\Users\allie\AppData\Local\Temp\pytest-of-allie\pytest-42\test_create_schema_idempotent0\engagement.db (5 connections)
2026-06-19 21:09:28 - huginn - INFO - EngagementDatabase connected: C:\Users\allie\AppData\Local\Temp\pytest-of-allie\pytest-42\test_execute_write_and_query0\engagement.db (pool_size=5)
2026-06-19 21:09:28 - huginn - INFO - EngagementDatabase schema created: C:\Users\allie\AppData\Local\Temp\pytest-of-allie\pytest-42\test_execute_write_and_query0\engagement.db
2026-06-19 21:09:28 - huginn - INFO - EngagementDatabase closed: C:\Users\allie\AppData\Local\Temp\pytest-of-allie\pytest-42\test_execute_write_and_query0\engagement.db (5 connections)
2026-06-19 21:09:28 - huginn - INFO - EngagementDatabase connected: C:\Users\allie\AppData\Local\Temp\pytest-of-allie\pytest-42\test_execute_many0\engagement.db (pool_size=5)
2026-06-19 21:09:28 - huginn - INFO - EngagementDatabase schema created: C:\Users\allie\AppData\Local\Temp\pytest-of-allie\pytest-42\test_execute_many0\engagement.db
2026-06-19 21:09:28 - huginn - INFO - EngagementDatabase closed: C:\Users\allie\AppData\Local\Temp\pytest-of-allie\pytest-42\test_execute_many0\engagement.db (5 connections)
2026-06-19 21:09:28 - huginn - INFO - EngagementDatabase connected: C:\Users\allie\AppData\Local\Temp\pytest-of-allie\pytest-42\test_get_connection_context_ma0\engagement.db (pool_size=5)
2026-06-19 21:09:28 - huginn - INFO - EngagementDatabase schema created: C:\Users\allie\AppData\Local\Temp\pytest-of-allie\pytest-42\test_get_connection_context_ma0\engagement.db
2026-06-19 21:09:28 - huginn - INFO - EngagementDatabase closed: C:\Users\allie\AppData\Local\Temp\pytest-of-allie\pytest-42\test_get_connection_context_ma0\engagement.db (5 connections)
2026-06-19 21:09:28 - huginn - INFO - EngagementDatabase connected: C:\Users\allie\AppData\Local\Temp\pytest-of-allie\pytest-42\test_foreign_key_enforcement0\engagement.db (pool_size=5)
2026-06-19 21:09:28 - huginn - INFO - EngagementDatabase schema created: C:\Users\allie\AppData\Local\Temp\pytest-of-allie\pytest-42\test_foreign_key_enforcement0\engagement.db
2026-06-19 21:09:28 - huginn - INFO - EngagementDatabase closed: C:\Users\allie\AppData\Local\Temp\pytest-of-allie\pytest-42\test_foreign_key_enforcement0\engagement.db (5 connections)
2026-06-19 21:34:30 - huginn - INFO - License saved successfully
2026-06-19 21:34:30 - huginn - INFO - License loaded and validated successfully
2026-06-19 21:34:30 - huginn - INFO - Application starting...
2026-06-19 21:34:30 - huginn - INFO - Huginn version 1.0.0
2026-06-19 21:34:30 - huginn - INFO - Font loaded successfully
2026-06-19 21:34:30 - huginn - INFO - Stylesheet loaded successfully
2026-06-19 21:34:30 - huginn - INFO - Creating main window...
2026-06-19 21:34:30 - huginn - INFO - QThreadPool max threads set to 32 (CPUs: 32)
2026-06-19 21:34:30 - huginn - INFO - Custom font 'Neuropol X' loaded from C:\Users\allie\Coding Projects\huggin_suite\huginn\resources\fonts\neuropol.otf
2026-06-19 21:34:31 - huginn - INFO - Master index schema initialized.
2026-06-19 21:34:31 - huginn - DEBUG - [FeatureGapIntegration] Tenant→Engagement wiring connected.
2026-06-19 21:34:31 - huginn - INFO - [FeatureGapIntegration] All new modules integrated successfully.
2026-06-19 21:34:31 - huginn - INFO - Feature gap integration completed successfully
2026-06-19 21:35:09 - huginn - INFO - EngagementDatabase connected: C:\Users\allie\Coding Projects\huggin_suite\huginn\resources\engagements\0dd0e320-52eb-474e-8f34-f1792e1bd047\engagement.db (pool_size=5)
2026-06-19 21:35:09 - huginn - INFO - EngagementDatabase schema created: C:\Users\allie\Coding Projects\huggin_suite\huginn\resources\engagements\0dd0e320-52eb-474e-8f34-f1792e1bd047\engagement.db
2026-06-19 21:35:09 - huginn - INFO - EngagementDatabase closed: C:\Users\allie\Coding Projects\huggin_suite\huginn\resources\engagements\0dd0e320-52eb-474e-8f34-f1792e1bd047\engagement.db (5 connections)
2026-06-19 21:35:09 - huginn - INFO - Engagement created: 0dd0e320-52eb-474e-8f34-f1792e1bd047 (Infomedia)
2026-06-19 21:35:09 - huginn - INFO - EngagementDatabase connected: C:\Users\allie\Coding Projects\huggin_suite\huginn\resources\engagements\0dd0e320-52eb-474e-8f34-f1792e1bd047\engagement.db (pool_size=5)
2026-06-19 21:35:09 - huginn - INFO - Engagement opened: 0dd0e320-52eb-474e-8f34-f1792e1bd047
2026-06-19 21:35:09 - huginn - INFO - NoteSystem: database attached and FTS initialized.
2026-06-19 21:35:09 - huginn - INFO - RetestWorkflow: database attached.
2026-06-19 21:37:00 - huginn - INFO - Using default configuration
2026-06-19 21:37:00 - huginn - INFO - DNS scan started - Target: infomedia.com.au, Wordlist: subdomains-top1000.txt, Types: ['A', 'AAAA', 'CNAME', 'MX', 'TXT', 'NS', 'SRV']
2026-06-19 21:37:06 - huginn - INFO - DNS scan started - Target: infomedia.com.au, Wordlist: subdomains-top1000.txt, Types: ['A', 'AAAA', 'CNAME', 'MX', 'TXT', 'NS', 'SRV']
2026-06-19 21:37:16 - huginn - INFO - DNS scan completed - Target: infomedia.com.au, Results: 8
2026-06-19 21:40:29 - huginn - INFO - EngagementDatabase closed: C:\Users\allie\Coding Projects\huggin_suite\huginn\resources\engagements\0dd0e320-52eb-474e-8f34-f1792e1bd047\engagement.db (5 connections)
2026-06-19 21:40:29 - huginn - INFO - EngagementDatabase connected: C:\Users\allie\Coding Projects\huggin_suite\huginn\resources\engagements\f5099d63-60f1-433a-9e73-1fc87e12032d\engagement.db (pool_size=5)
2026-06-19 21:40:29 - huginn - INFO - Engagement opened: f5099d63-60f1-433a-9e73-1fc87e12032d
2026-06-19 21:40:29 - huginn - INFO - NoteSystem: database attached and FTS initialized.
2026-06-19 21:40:29 - huginn - INFO - RetestWorkflow: database attached.
2026-06-19 21:40:29 - huginn - INFO - EngagementDatabase closed: C:\Users\allie\Coding Projects\huggin_suite\huginn\resources\engagements\f5099d63-60f1-433a-9e73-1fc87e12032d\engagement.db (5 connections)
2026-06-19 21:40:29 - huginn - INFO - EngagementDatabase connected: C:\Users\allie\Coding Projects\huggin_suite\huginn\resources\engagements\0dd0e320-52eb-474e-8f34-f1792e1bd047\engagement.db (pool_size=5)
2026-06-19 21:40:29 - huginn - INFO - Engagement opened: 0dd0e320-52eb-474e-8f34-f1792e1bd047
2026-06-19 21:40:29 - huginn - INFO - NoteSystem: database attached and FTS initialized.
2026-06-19 21:40:29 - huginn - INFO - RetestWorkflow: database attached.
2026-06-19 21:40:32 - huginn - INFO - EngagementDatabase closed: C:\Users\allie\Coding Projects\huggin_suite\huginn\resources\engagements\0dd0e320-52eb-474e-8f34-f1792e1bd047\engagement.db (5 connections)
2026-06-19 21:40:32 - huginn - INFO - EngagementDatabase connected: C:\Users\allie\Coding Projects\huggin_suite\huginn\resources\engagements\f5099d63-60f1-433a-9e73-1fc87e12032d\engagement.db (pool_size=5)
2026-06-19 21:40:32 - huginn - INFO - Engagement opened: f5099d63-60f1-433a-9e73-1fc87e12032d
2026-06-19 21:40:32 - huginn - INFO - NoteSystem: database attached and FTS initialized.
2026-06-19 21:40:32 - huginn - INFO - RetestWorkflow: database attached.
2026-06-19 21:40:32 - huginn - INFO - Engagement deleted: 0dd0e320-52eb-474e-8f34-f1792e1bd047
2026-06-19 21:40:33 - huginn - INFO - EngagementDatabase closed: C:\Users\allie\Coding Projects\huggin_suite\huginn\resources\engagements\f5099d63-60f1-433a-9e73-1fc87e12032d\engagement.db (5 connections)
2026-06-19 21:40:33 - huginn - INFO - EngagementDatabase connected: C:\Users\allie\Coding Projects\huggin_suite\huginn\resources\engagements\f5099d63-60f1-433a-9e73-1fc87e12032d\engagement.db (pool_size=5)
2026-06-19 21:40:33 - huginn - INFO - Engagement opened: f5099d63-60f1-433a-9e73-1fc87e12032d
2026-06-19 21:40:33 - huginn - INFO - NoteSystem: database attached and FTS initialized.
2026-06-19 21:40:33 - huginn - INFO - RetestWorkflow: database attached.
2026-06-19 21:40:35 - huginn - INFO - EngagementDatabase closed: C:\Users\allie\Coding Projects\huggin_suite\huginn\resources\engagements\f5099d63-60f1-433a-9e73-1fc87e12032d\engagement.db (5 connections)
2026-06-19 21:40:35 - huginn - INFO - EngagementDatabase connected: C:\Users\allie\Coding Projects\huggin_suite\huginn\resources\engagements\f658aa60-dc87-447e-b412-978c8f3aa195\engagement.db (pool_size=5)
2026-06-19 21:40:35 - huginn - INFO - Engagement opened: f658aa60-dc87-447e-b412-978c8f3aa195
2026-06-19 21:40:35 - huginn - INFO - NoteSystem: database attached and FTS initialized.
2026-06-19 21:40:35 - huginn - INFO - RetestWorkflow: database attached.
2026-06-19 21:40:35 - huginn - INFO - Engagement deleted: f5099d63-60f1-433a-9e73-1fc87e12032d
2026-06-19 21:40:36 - huginn - INFO - EngagementDatabase closed: C:\Users\allie\Coding Projects\huggin_suite\huginn\resources\engagements\f658aa60-dc87-447e-b412-978c8f3aa195\engagement.db (5 connections)
2026-06-19 21:40:36 - huginn - INFO - EngagementDatabase connected: C:\Users\allie\Coding Projects\huggin_suite\huginn\resources\engagements\f658aa60-dc87-447e-b412-978c8f3aa195\engagement.db (pool_size=5)
2026-06-19 21:40:36 - huginn - INFO - Engagement opened: f658aa60-dc87-447e-b412-978c8f3aa195
2026-06-19 21:40:36 - huginn - INFO - NoteSystem: database attached and FTS initialized.
2026-06-19 21:40:36 - huginn - INFO - RetestWorkflow: database attached.
2026-06-19 21:40:37 - huginn - INFO - EngagementDatabase closed: C:\Users\allie\Coding Projects\huggin_suite\huginn\resources\engagements\f658aa60-dc87-447e-b412-978c8f3aa195\engagement.db (5 connections)
2026-06-19 21:40:37 - huginn - INFO - EngagementDatabase connected: C:\Users\allie\Coding Projects\huggin_suite\huginn\resources\engagements\c113fb39-30ef-48b0-91af-c4751811afcb\engagement.db (pool_size=5)
2026-06-19 21:40:37 - huginn - INFO - Engagement opened: c113fb39-30ef-48b0-91af-c4751811afcb
2026-06-19 21:40:37 - huginn - INFO - NoteSystem: database attached and FTS initialized.
2026-06-19 21:40:37 - huginn - INFO - RetestWorkflow: database attached.
2026-06-19 21:40:37 - huginn - INFO - Engagement deleted: f658aa60-dc87-447e-b412-978c8f3aa195
2026-06-19 21:40:40 - huginn - DEBUG - Memory monitoring stopped
2026-06-19 21:40:40 - huginn - DEBUG - Connection pool closed all sessions
2026-06-19 21:42:35 - huginn - INFO - Using default configuration
2026-06-19 21:42:37 - huginn - INFO - License saved successfully
2026-06-19 21:42:37 - huginn - INFO - License loaded and validated successfully
2026-06-19 21:43:02 - huginn - INFO - Using default configuration
2026-06-19 21:43:04 - huginn - INFO - License saved successfully
2026-06-19 21:43:04 - huginn - INFO - License loaded and validated successfully
2026-06-19 21:43:16 - huginn - INFO - Using default configuration
2026-06-19 21:43:18 - huginn - INFO - License saved successfully
2026-06-19 21:43:18 - huginn - INFO - License loaded and validated successfully
2026-06-19 21:44:12 - huginn - INFO - Using default configuration
2026-06-19 21:44:14 - huginn - INFO - License saved successfully
2026-06-19 21:44:14 - huginn - INFO - License loaded and validated successfully
2026-06-19 21:44:26 - huginn - INFO - Using default configuration
2026-06-19 21:44:29 - huginn - INFO - License saved successfully
2026-06-19 21:44:29 - huginn - INFO - License loaded and validated successfully
2026-06-19 21:44:46 - huginn - INFO - Using default configuration
2026-06-19 21:44:48 - huginn - INFO - License saved successfully
2026-06-19 21:44:48 - huginn - INFO - License loaded and validated successfully
2026-06-19 21:45:05 - huginn - INFO - Using default configuration
2026-06-19 21:45:08 - huginn - INFO - License saved successfully
2026-06-19 21:45:08 - huginn - INFO - License loaded and validated successfully
2026-06-19 21:45:26 - huginn - INFO - Using default configuration
2026-06-19 21:45:28 - huginn - INFO - License saved successfully
2026-06-19 21:45:28 - huginn - INFO - License loaded and validated successfully
2026-06-19 21:45:46 - huginn - INFO - Using default configuration
2026-06-19 21:45:48 - huginn - INFO - License saved successfully
2026-06-19 21:45:48 - huginn - INFO - License loaded and validated successfully
2026-06-19 21:46:10 - huginn - INFO - Using default configuration
2026-06-19 21:46:12 - huginn - INFO - License saved successfully
2026-06-19 21:46:12 - huginn - INFO - License loaded and validated successfully
2026-06-19 22:07:49 - huginn - INFO - QThreadPool max threads set to 32 (CPUs: 32)
2026-06-19 22:07:49 - huginn - WARNING - Font loading failed - file not found or invalid: C:\Users\allie\Coding Projects\huggin_suite\huginn\tests\resources\fonts\neuropol.otf
2026-06-19 22:07:50 - huginn - INFO - License saved successfully
2026-06-19 22:07:50 - huginn - INFO - License loaded and validated successfully
2026-06-19 22:07:51 - huginn - INFO - Master index schema initialized.
2026-06-19 22:07:51 - huginn - INFO - EngagementDatabase connected: C:\Users\allie\AppData\Local\Temp\pytest-of-allie\pytest-43\test_create_engagement_returns0\engagements\fc91ed87-f136-474d-b8b0-db71246b6f10\engagement.db (pool_size=5)
2026-06-19 22:07:51 - huginn - INFO - EngagementDatabase schema created: C:\Users\allie\AppData\Local\Temp\pytest-of-allie\pytest-43\test_create_engagement_returns0\engagements\fc91ed87-f136-474d-b8b0-db71246b6f10\engagement.db
2026-06-19 22:07:51 - huginn - INFO - EngagementDatabase closed: C:\Users\allie\AppData\Local\Temp\pytest-of-allie\pytest-43\test_create_engagement_returns0\engagements\fc91ed87-f136-474d-b8b0-db71246b6f10\engagement.db (5 connections)
2026-06-19 22:07:51 - huginn - INFO - Engagement created: fc91ed87-f136-474d-b8b0-db71246b6f10 (Test Engagement)
2026-06-19 22:07:51 - huginn - INFO - EngagementManager closed.
2026-06-19 22:07:51 - huginn - INFO - Master index schema initialized.
2026-06-19 22:07:51 - huginn - INFO - EngagementDatabase connected: C:\Users\allie\AppData\Local\Temp\pytest-of-allie\pytest-43\test_create_engagement_creates0\engagements\4af3aefd-6cd6-460f-8acc-ce00ff07aff4\engagement.db (pool_size=5)
2026-06-19 22:07:51 - huginn - INFO - EngagementDatabase schema created: C:\Users\allie\AppData\Local\Temp\pytest-of-allie\pytest-43\test_create_engagement_creates0\engagements\4af3aefd-6cd6-460f-8acc-ce00ff07aff4\engagement.db
2026-06-19 22:07:51 - huginn - INFO - EngagementDatabase closed: C:\Users\allie\AppData\Local\Temp\pytest-of-allie\pytest-43\test_create_engagement_creates0\engagements\4af3aefd-6cd6-460f-8acc-ce00ff07aff4\engagement.db (5 connections)
2026-06-19 22:07:51 - huginn - INFO - Engagement created: 4af3aefd-6cd6-460f-8acc-ce00ff07aff4 (DB File Test)
2026-06-19 22:07:51 - huginn - INFO - EngagementManager closed.
2026-06-19 22:07:51 - huginn - INFO - Master index schema initialized.
2026-06-19 22:07:51 - huginn - INFO - EngagementDatabase connected: C:\Users\allie\AppData\Local\Temp\pytest-of-allie\pytest-43\test_create_engagement_initial0\engagements\1f19369f-94a8-421f-9d5b-7ba95095f78a\engagement.db (pool_size=5)
2026-06-19 22:07:51 - huginn - INFO - EngagementDatabase schema created: C:\Users\allie\AppData\Local\Temp\pytest-of-allie\pytest-43\test_create_engagement_initial0\engagements\1f19369f-94a8-421f-9d5b-7ba95095f78a\engagement.db
2026-06-19 22:07:51 - huginn - INFO - EngagementDatabase closed: C:\Users\allie\AppData\Local\Temp\pytest-of-allie\pytest-43\test_create_engagement_initial0\engagements\1f19369f-94a8-421f-9d5b-7ba95095f78a\engagement.db (5 connections)
2026-06-19 22:07:51 - huginn - INFO - Engagement created: 1f19369f-94a8-421f-9d5b-7ba95095f78a (State Test)
2026-06-19 22:07:51 - huginn - INFO - EngagementManager closed.
2026-06-19 22:07:51 - huginn - INFO - Master index schema initialized.
2026-06-19 22:07:51 - huginn - INFO - EngagementDatabase connected: C:\Users\allie\AppData\Local\Temp\pytest-of-allie\pytest-43\test_create_multiple_engagemen0\engagements\88d85f88-6dc6-4248-8fff-5c47f34a1dc6\engagement.db (pool_size=5)
2026-06-19 22:07:51 - huginn - INFO - EngagementDatabase schema created: C:\Users\allie\AppData\Local\Temp\pytest-of-allie\pytest-43\test_create_multiple_engagemen0\engagements\88d85f88-6dc6-4248-8fff-5c47f34a1dc6\engagement.db
2026-06-19 22:07:51 - huginn - INFO - EngagementDatabase closed: C:\Users\allie\AppData\Local\Temp\pytest-of-allie\pytest-43\test_create_multiple_engagemen0\engagements\88d85f88-6dc6-4248-8fff-5c47f34a1dc6\engagement.db (5 connections)
2026-06-19 22:07:51 - huginn - INFO - Engagement created: 88d85f88-6dc6-4248-8fff-5c47f34a1dc6 (Engagement 0)
2026-06-19 22:07:51 - huginn - INFO - EngagementDatabase connected: C:\Users\allie\AppData\Local\Temp\pytest-of-allie\pytest-43\test_create_multiple_engagemen0\engagements\06dac99c-ff5c-4325-9310-f50dd7dfc664\engagement.db (pool_size=5)
2026-06-19 22:07:51 - huginn - INFO - EngagementDatabase schema created: C:\Users\allie\AppData\Local\Temp\pytest-of-allie\pytest-43\test_create_multiple_engagemen0\engagements\06dac99c-ff5c-4325-9310-f50dd7dfc664\engagement.db
2026-06-19 22:07:51 - huginn - INFO - EngagementDatabase closed: C:\Users\allie\AppData\Local\Temp\pytest-of-allie\pytest-43\test_create_multiple_engagemen0\engagements\06dac99c-ff5c-4325-9310-f50dd7dfc664\engagement.db (5 connections)
2026-06-19 22:07:51 - huginn - INFO - Engagement created: 06dac99c-ff5c-4325-9310-f50dd7dfc664 (Engagement 1)
2026-06-19 22:07:51 - huginn - INFO - EngagementDatabase connected: C:\Users\allie\AppData\Local\Temp\pytest-of-allie\pytest-43\test_create_multiple_engagemen0\engagements\8ec2861d-bdcf-4d99-8a0b-e2262966a854\engagement.db (pool_size=5)
2026-06-19 22:07:51 - huginn - INFO - EngagementDatabase schema created: C:\Users\allie\AppData\Local\Temp\pytest-of-allie\pytest-43\test_create_multiple_engagemen0\engagements\8ec2861d-bdcf-4d99-8a0b-e2262966a854\engagement.db
2026-06-19 22:07:51 - huginn - INFO - EngagementDatabase closed: C:\Users\allie\AppData\Local\Temp\pytest-of-allie\pytest-43\test_create_multiple_engagemen0\engagements\8ec2861d-bdcf-4d99-8a0b-e2262966a854\engagement.db (5 connections)
2026-06-19 22:07:51 - huginn - INFO - Engagement created: 8ec2861d-bdcf-4d99-8a0b-e2262966a854 (Engagement 2)
2026-06-19 22:07:51 - huginn - INFO - EngagementDatabase connected: C:\Users\allie\AppData\Local\Temp\pytest-of-allie\pytest-43\test_create_multiple_engagemen0\engagements\4c12f703-c300-49a0-8081-ef7c8e7245ed\engagement.db (pool_size=5)
2026-06-19 22:07:51 - huginn - INFO - EngagementDatabase schema created: C:\Users\allie\AppData\Local\Temp\pytest-of-allie\pytest-43\test_create_multiple_engagemen0\engagements\4c12f703-c300-49a0-8081-ef7c8e7245ed\engagement.db
2026-06-19 22:07:51 - huginn - INFO - EngagementDatabase closed: C:\Users\allie\AppData\Local\Temp\pytest-of-allie\pytest-43\test_create_multiple_engagemen0\engagements\4c12f703-c300-49a0-8081-ef7c8e7245ed\engagement.db (5 connections)
2026-06-19 22:07:51 - huginn - INFO - Engagement created: 4c12f703-c300-49a0-8081-ef7c8e7245ed (Engagement 3)
2026-06-19 22:07:51 - huginn - INFO - EngagementDatabase connected: C:\Users\allie\AppData\Local\Temp\pytest-of-allie\pytest-43\test_create_multiple_engagemen0\engagements\f38c5fb3-645a-4d10-98f4-14aff1a9ba04\engagement.db (pool_size=5)
2026-06-19 22:07:51 - huginn - INFO - EngagementDatabase schema created: C:\Users\allie\AppData\Local\Temp\pytest-of-allie\pytest-43\test_create_multiple_engagemen0\engagements\f38c5fb3-645a-4d10-98f4-14aff1a9ba04\engagement.db
2026-06-19 22:07:51 - huginn - INFO - EngagementDatabase closed: C:\Users\allie\AppData\Local\Temp\pytest-of-allie\pytest-43\test_create_multiple_engagemen0\engagements\f38c5fb3-645a-4d10-98f4-14aff1a9ba04\engagement.db (5 connections)
2026-06-19 22:07:51 - huginn - INFO - Engagement created: f38c5fb3-645a-4d10-98f4-14aff1a9ba04 (Engagement 4)
2026-06-19 22:07:51 - huginn - INFO - EngagementDatabase connected: C:\Users\allie\AppData\Local\Temp\pytest-of-allie\pytest-43\test_create_multiple_engagemen0\engagements\944cefe9-1236-4baa-9ca9-c5e24423f416\engagement.db (pool_size=5)
2026-06-19 22:07:51 - huginn - INFO - EngagementDatabase schema created: C:\Users\allie\AppData\Local\Temp\pytest-of-allie\pytest-43\test_create_multiple_engagemen0\engagements\944cefe9-1236-4baa-9ca9-c5e24423f416\engagement.db
2026-06-19 22:07:51 - huginn - INFO - EngagementDatabase closed: C:\Users\allie\AppData\Local\Temp\pytest-of-allie\pytest-43\test_create_multiple_engagemen0\engagements\944cefe9-1236-4baa-9ca9-c5e24423f416\engagement.db (5 connections)
2026-06-19 22:07:51 - huginn - INFO - Engagement created: 944cefe9-1236-4baa-9ca9-c5e24423f416 (Engagement 5)
2026-06-19 22:07:51 - huginn - INFO - EngagementDatabase connected: C:\Users\allie\AppData\Local\Temp\pytest-of-allie\pytest-43\test_create_multiple_engagemen0\engagements\199d475b-793a-4525-8a17-b89a27b33da4\engagement.db (pool_size=5)
2026-06-19 22:07:51 - huginn - INFO - EngagementDatabase schema created: C:\Users\allie\AppData\Local\Temp\pytest-of-allie\pytest-43\test_create_multiple_engagemen0\engagements\199d475b-793a-4525-8a17-b89a27b33da4\engagement.db
2026-06-19 22:07:51 - huginn - INFO - EngagementDatabase closed: C:\Users\allie\AppData\Local\Temp\pytest-of-allie\pytest-43\test_create_multiple_engagemen0\engagements\199d475b-793a-4525-8a17-b89a27b33da4\engagement.db (5 connections)
2026-06-19 22:07:51 - huginn - INFO - Engagement created: 199d475b-793a-4525-8a17-b89a27b33da4 (Engagement 6)
2026-06-19 22:07:51 - huginn - INFO - EngagementDatabase connected: C:\Users\allie\AppData\Local\Temp\pytest-of-allie\pytest-43\test_create_multiple_engagemen0\engagements\f2d4ec1a-b1e9-45d5-a4c1-005ed88a1bc0\engagement.db (pool_size=5)
2026-06-19 22:07:51 - huginn - INFO - EngagementDatabase schema created: C:\Users\allie\AppData\Local\Temp\pytest-of-allie\pytest-43\test_create_multiple_engagemen0\engagements\f2d4ec1a-b1e9-45d5-a4c1-005ed88a1bc0\engagement.db
2026-06-19 22:07:51 - huginn - INFO - EngagementDatabase closed: C:\Users\allie\AppData\Local\Temp\pytest-of-allie\pytest-43\test_create_multiple_engagemen0\engagements\f2d4ec1a-b1e9-45d5-a4c1-005ed88a1bc0\engagement.db (5 connections)
2026-06-19 22:07:51 - huginn - INFO - Engagement created: f2d4ec1a-b1e9-45d5-a4c1-005ed88a1bc0 (Engagement 7)
2026-06-19 22:07:51 - huginn - INFO - EngagementDatabase connected: C:\Users\allie\AppData\Local\Temp\pytest-of-allie\pytest-43\test_create_multiple_engagemen0\engagements\9fc9cfa2-dd3b-41ba-9d4d-443a37de12a4\engagement.db (pool_size=5)
2026-06-19 22:07:51 - huginn - INFO - EngagementDatabase schema created: C:\Users\allie\AppData\Local\Temp\pytest-of-allie\pytest-43\test_create_multiple_engagemen0\engagements\9fc9cfa2-dd3b-41ba-9d4d-443a37de12a4\engagement.db
2026-06-19 22:07:51 - huginn - INFO - EngagementDatabase closed: C:\Users\allie\AppData\Local\Temp\pytest-of-allie\pytest-43\test_create_multiple_engagemen0\engagements\9fc9cfa2-dd3b-41ba-9d4d-443a37de12a4\engagement.db (5 connections)
2026-06-19 22:07:51 - huginn - INFO - Engagement created: 9fc9cfa2-dd3b-41ba-9d4d-443a37de12a4 (Engagement 8)
2026-06-19 22:07:51 - huginn - INFO - EngagementDatabase connected: C:\Users\allie\AppData\Local\Temp\pytest-of-allie\pytest-43\test_create_multiple_engagemen0\engagements\69a9892f-9ad2-4e4d-a3e8-d251ed380ad4\engagement.db (pool_size=5)
2026-06-19 22:07:51 - huginn - INFO - EngagementDatabase schema created: C:\Users\allie\AppData\Local\Temp\pytest-of-allie\pytest-43\test_create_multiple_engagemen0\engagements\69a9892f-9ad2-4e4d-a3e8-d251ed380ad4\engagement.db
2026-06-19 22:07:51 - huginn - INFO - EngagementDatabase closed: C:\Users\allie\AppData\Local\Temp\pytest-of-allie\pytest-43\test_create_multiple_engagemen0\engagements\69a9892f-9ad2-4e4d-a3e8-d251ed380ad4\engagement.db (5 connections)
2026-06-19 22:07:51 - huginn - INFO - Engagement created: 69a9892f-9ad2-4e4d-a3e8-d251ed380ad4 (Engagement 9)
2026-06-19 22:07:51 - huginn - INFO - EngagementManager closed.
2026-06-19 22:07:51 - huginn - INFO - Master index schema initialized.
2026-06-19 22:07:51 - huginn - INFO - EngagementDatabase connected: C:\Users\allie\AppData\Local\Temp\pytest-of-allie\pytest-43\test_get_engagement_returns_me0\engagements\be2b200d-555b-4d98-ab6d-1210f4f434e6\engagement.db (pool_size=5)
2026-06-19 22:07:51 - huginn - INFO - EngagementDatabase schema created: C:\Users\allie\AppData\Local\Temp\pytest-of-allie\pytest-43\test_get_engagement_returns_me0\engagements\be2b200d-555b-4d98-ab6d-1210f4f434e6\engagement.db
2026-06-19 22:07:51 - huginn - INFO - EngagementDatabase closed: C:\Users\allie\AppData\Local\Temp\pytest-of-allie\pytest-43\test_get_engagement_returns_me0\engagements\be2b200d-555b-4d98-ab6d-1210f4f434e6\engagement.db (5 connections)
2026-06-19 22:07:51 - huginn - INFO - Engagement created: be2b200d-555b-4d98-ab6d-1210f4f434e6 (Metadata Test)
2026-06-19 22:07:51 - huginn - INFO - EngagementManager closed.
2026-06-19 22:07:51 - huginn - INFO - Master index schema initialized.
2026-06-19 22:07:51 - huginn - INFO - EngagementManager closed.
2026-06-19 22:07:51 - huginn - INFO - Master index schema initialized.
2026-06-19 22:07:51 - huginn - INFO - EngagementDatabase connected: C:\Users\allie\AppData\Local\Temp\pytest-of-allie\pytest-43\test_list_all_engagements0\engagements\1e7be0d7-87e8-44c4-b045-338231b53850\engagement.db (pool_size=5)
2026-06-19 22:07:51 - huginn - INFO - EngagementDatabase schema created: C:\Users\allie\AppData\Local\Temp\pytest-of-allie\pytest-43\test_list_all_engagements0\engagements\1e7be0d7-87e8-44c4-b045-338231b53850\engagement.db
2026-06-19 22:07:51 - huginn - INFO - EngagementDatabase closed: C:\Users\allie\AppData\Local\Temp\pytest-of-allie\pytest-43\test_list_all_engagements0\engagements\1e7be0d7-87e8-44c4-b045-338231b53850\engagement.db (5 connections)
2026-06-19 22:07:51 - huginn - INFO - Engagement created: 1e7be0d7-87e8-44c4-b045-338231b53850 (Eng 1)
2026-06-19 22:07:51 - huginn - INFO - EngagementDatabase connected: C:\Users\allie\AppData\Local\Temp\pytest-of-allie\pytest-43\test_list_all_engagements0\engagements\0bfcdfdc-d07a-4c8d-825b-fcebadc42aea\engagement.db (pool_size=5)
2026-06-19 22:07:51 - huginn - INFO - EngagementDatabase schema created: C:\Users\allie\AppData\Local\Temp\pytest-of-allie\pytest-43\test_list_all_engagements0\engagements\0bfcdfdc-d07a-4c8d-825b-fcebadc42aea\engagement.db
2026-06-19 22:07:51 - huginn - INFO - EngagementDatabase closed: C:\Users\allie\AppData\Local\Temp\pytest-of-allie\pytest-43\test_list_all_engagements0\engagements\0bfcdfdc-d07a-4c8d-825b-fcebadc42aea\engagement.db (5 connections)
2026-06-19 22:07:51 - huginn - INFO - Engagement created: 0bfcdfdc-d07a-4c8d-825b-fcebadc42aea (Eng 2)
2026-06-19 22:07:51 - huginn - INFO - EngagementManager closed.
2026-06-19 22:07:51 - huginn - INFO - Master index schema initialized.
2026-06-19 22:07:51 - huginn - INFO - EngagementDatabase connected: C:\Users\allie\AppData\Local\Temp\pytest-of-allie\pytest-43\test_list_engagements_status_f0\engagements\811387a6-a7d7-4ffe-b3e9-a13ae9121e47\engagement.db (pool_size=5)
2026-06-19 22:07:51 - huginn - INFO - EngagementDatabase schema created: C:\Users\allie\AppData\Local\Temp\pytest-of-allie\pytest-43\test_list_engagements_status_f0\engagements\811387a6-a7d7-4ffe-b3e9-a13ae9121e47\engagement.db
2026-06-19 22:07:51 - huginn - INFO - EngagementDatabase closed: C:\Users\allie\AppData\Local\Temp\pytest-of-allie\pytest-43\test_list_engagements_status_f0\engagements\811387a6-a7d7-4ffe-b3e9-a13ae9121e47\engagement.db (5 connections)
2026-06-19 22:07:51 - huginn - INFO - Engagement created: 811387a6-a7d7-4ffe-b3e9-a13ae9121e47 (Draft Eng)
2026-06-19 22:07:51 - huginn - INFO - EngagementDatabase connected: C:\Users\allie\AppData\Local\Temp\pytest-of-allie\pytest-43\test_list_engagements_status_f0\engagements\2450cd9f-c3f0-4177-974e-3dd3f8492560\engagement.db (pool_size=5)
2026-06-19 22:07:51 - huginn - INFO - EngagementDatabase schema created: C:\Users\allie\AppData\Local\Temp\pytest-of-allie\pytest-43\test_list_engagements_status_f0\engagements\2450cd9f-c3f0-4177-974e-3dd3f8492560\engagement.db
2026-06-19 22:07:51 - huginn - INFO - EngagementDatabase closed: C:\Users\allie\AppData\Local\Temp\pytest-of-allie\pytest-43\test_list_engagements_status_f0\engagements\2450cd9f-c3f0-4177-974e-3dd3f8492560\engagement.db (5 connections)
2026-06-19 22:07:51 - huginn - INFO - Engagement created: 2450cd9f-c3f0-4177-974e-3dd3f8492560 (Active Eng)
2026-06-19 22:07:51 - huginn - INFO - State transition: 2450cd9f-c3f0-4177-974e-3dd3f8492560 draft -> scoping
2026-06-19 22:07:51 - huginn - INFO - State transition: 2450cd9f-c3f0-4177-974e-3dd3f8492560 scoping -> active
2026-06-19 22:07:51 - huginn - INFO - EngagementManager closed.
2026-06-19 22:07:51 - huginn - INFO - Master index schema initialized.
2026-06-19 22:07:51 - huginn - INFO - EngagementDatabase connected: C:\Users\allie\AppData\Local\Temp\pytest-of-allie\pytest-43\test_list_engagements_search0\engagements\72f8d72b-fd1f-48df-bef1-9fedbf00cd94\engagement.db (pool_size=5)
2026-06-19 22:07:51 - huginn - INFO - EngagementDatabase schema created: C:\Users\allie\AppData\Local\Temp\pytest-of-allie\pytest-43\test_list_engagements_search0\engagements\72f8d72b-fd1f-48df-bef1-9fedbf00cd94\engagement.db
2026-06-19 22:07:51 - huginn - INFO - EngagementDatabase closed: C:\Users\allie\AppData\Local\Temp\pytest-of-allie\pytest-43\test_list_engagements_search0\engagements\72f8d72b-fd1f-48df-bef1-9fedbf00cd94\engagement.db (5 connections)
2026-06-19 22:07:51 - huginn - INFO - Engagement created: 72f8d72b-fd1f-48df-bef1-9fedbf00cd94 (Alpha Project)
2026-06-19 22:07:51 - huginn - INFO - EngagementDatabase connected: C:\Users\allie\AppData\Local\Temp\pytest-of-allie\pytest-43\test_list_engagements_search0\engagements\e2e6d9f1-f107-4f43-8863-f8b0ede0e79a\engagement.db (pool_size=5)
2026-06-19 22:07:51 - huginn - INFO - EngagementDatabase schema created: C:\Users\allie\AppData\Local\Temp\pytest-of-allie\pytest-43\test_list_engagements_search0\engagements\e2e6d9f1-f107-4f43-8863-f8b0ede0e79a\engagement.db
2026-06-19 22:07:51 - huginn - INFO - EngagementDatabase closed: C:\Users\allie\AppData\Local\Temp\pytest-of-allie\pytest-43\test_list_engagements_search0\engagements\e2e6d9f1-f107-4f43-8863-f8b0ede0e79a\engagement.db (5 connections)
2026-06-19 22:07:51 - huginn - INFO - Engagement created: e2e6d9f1-f107-4f43-8863-f8b0ede0e79a (Beta Project)
2026-06-19 22:07:51 - huginn - INFO - EngagementManager closed.
2026-06-19 22:07:51 - huginn - INFO - Master index schema initialized.
2026-06-19 22:07:51 - huginn - INFO - EngagementDatabase connected: C:\Users\allie\AppData\Local\Temp\pytest-of-allie\pytest-43\test_valid_transitions_from_dr0\engagements\e68f2a9a-1b78-4e9d-8e9b-bdef0d811794\engagement.db (pool_size=5)
2026-06-19 22:07:51 - huginn - INFO - EngagementDatabase schema created: C:\Users\allie\AppData\Local\Temp\pytest-of-allie\pytest-43\test_valid_transitions_from_dr0\engagements\e68f2a9a-1b78-4e9d-8e9b-bdef0d811794\engagement.db
2026-06-19 22:07:51 - huginn - INFO - EngagementDatabase closed: C:\Users\allie\AppData\Local\Temp\pytest-of-allie\pytest-43\test_valid_transitions_from_dr0\engagements\e68f2a9a-1b78-4e9d-8e9b-bdef0d811794\engagement.db (5 connections)
2026-06-19 22:07:51 - huginn - INFO - Engagement created: e68f2a9a-1b78-4e9d-8e9b-bdef0d811794 (SM Test)
2026-06-19 22:07:51 - huginn - INFO - State transition: e68f2a9a-1b78-4e9d-8e9b-bdef0d811794 draft -> scoping
2026-06-19 22:07:51 - huginn - INFO - EngagementManager closed.
2026-06-19 22:07:51 - huginn - INFO - Master index schema initialized.
2026-06-19 22:07:51 - huginn - INFO - EngagementDatabase connected: C:\Users\allie\AppData\Local\Temp\pytest-of-allie\pytest-43\test_valid_full_lifecycle0\engagements\afa82a39-6c44-4846-9985-2569ae7a22ec\engagement.db (pool_size=5)
2026-06-19 22:07:51 - huginn - INFO - EngagementDatabase schema created: C:\Users\allie\AppData\Local\Temp\pytest-of-allie\pytest-43\test_valid_full_lifecycle0\engagements\afa82a39-6c44-4846-9985-2569ae7a22ec\engagement.db
2026-06-19 22:07:51 - huginn - INFO - EngagementDatabase closed: C:\Users\allie\AppData\Local\Temp\pytest-of-allie\pytest-43\test_valid_full_lifecycle0\engagements\afa82a39-6c44-4846-9985-2569ae7a22ec\engagement.db (5 connections)
2026-06-19 22:07:51 - huginn - INFO - Engagement created: afa82a39-6c44-4846-9985-2569ae7a22ec (Lifecycle)
2026-06-19 22:07:51 - huginn - INFO - State transition: afa82a39-6c44-4846-9985-2569ae7a22ec draft -> scoping
2026-06-19 22:07:51 - huginn - INFO - State transition: afa82a39-6c44-4846-9985-2569ae7a22ec scoping -> active
2026-06-19 22:07:51 - huginn - INFO - State transition: afa82a39-6c44-4846-9985-2569ae7a22ec active -> reporting
2026-06-19 22:07:51 - huginn - INFO - State transition: afa82a39-6c44-4846-9985-2569ae7a22ec reporting -> closed
2026-06-19 22:07:51 - huginn - INFO - EngagementManager closed.
2026-06-19 22:07:51 - huginn - INFO - Master index schema initialized.
2026-06-19 22:07:51 - huginn - INFO - EngagementDatabase connected: C:\Users\allie\AppData\Local\Temp\pytest-of-allie\pytest-43\test_invalid_transition_reject0\engagements\7d79ff3c-9ae5-43ae-9ac0-44adce195611\engagement.db (pool_size=5)
2026-06-19 22:07:51 - huginn - INFO - EngagementDatabase schema created: C:\Users\allie\AppData\Local\Temp\pytest-of-allie\pytest-43\test_invalid_transition_reject0\engagements\7d79ff3c-9ae5-43ae-9ac0-44adce195611\engagement.db
2026-06-19 22:07:51 - huginn - INFO - EngagementDatabase closed: C:\Users\allie\AppData\Local\Temp\pytest-of-allie\pytest-43\test_invalid_transition_reject0\engagements\7d79ff3c-9ae5-43ae-9ac0-44adce195611\engagement.db (5 connections)
2026-06-19 22:07:51 - huginn - INFO - Engagement created: 7d79ff3c-9ae5-43ae-9ac0-44adce195611 (Invalid)
2026-06-19 22:07:51 - huginn - WARNING - Invalid state transition for 7d79ff3c-9ae5-43ae-9ac0-44adce195611: draft -> active. Allowed: ['scoping']
2026-06-19 22:07:51 - huginn - INFO - EngagementManager closed.
2026-06-19 22:07:51 - huginn - INFO - Master index schema initialized.
2026-06-19 22:07:51 - huginn - INFO - EngagementDatabase connected: C:\Users\allie\AppData\Local\Temp\pytest-of-allie\pytest-43\test_closed_state_has_no_trans0\engagements\b5a8f17d-17e7-4401-bc66-295e4bc67f84\engagement.db (pool_size=5)
2026-06-19 22:07:51 - huginn - INFO - EngagementDatabase schema created: C:\Users\allie\AppData\Local\Temp\pytest-of-allie\pytest-43\test_closed_state_has_no_trans0\engagements\b5a8f17d-17e7-4401-bc66-295e4bc67f84\engagement.db
2026-06-19 22:07:51 - huginn - INFO - EngagementDatabase closed: C:\Users\allie\AppData\Local\Temp\pytest-of-allie\pytest-43\test_closed_state_has_no_trans0\engagements\b5a8f17d-17e7-4401-bc66-295e4bc67f84\engagement.db (5 connections)
2026-06-19 22:07:51 - huginn - INFO - Engagement created: b5a8f17d-17e7-4401-bc66-295e4bc67f84 (Closed)
2026-06-19 22:07:51 - huginn - INFO - State transition: b5a8f17d-17e7-4401-bc66-295e4bc67f84 draft -> scoping
2026-06-19 22:07:51 - huginn - INFO - State transition: b5a8f17d-17e7-4401-bc66-295e4bc67f84 scoping -> active
2026-06-19 22:07:51 - huginn - INFO - State transition: b5a8f17d-17e7-4401-bc66-295e4bc67f84 active -> reporting
2026-06-19 22:07:51 - huginn - INFO - State transition: b5a8f17d-17e7-4401-bc66-295e4bc67f84 reporting -> closed
2026-06-19 22:07:51 - huginn - WARNING - Invalid state transition for b5a8f17d-17e7-4401-bc66-295e4bc67f84: closed -> draft. Allowed: []
2026-06-19 22:07:51 - huginn - WARNING - Invalid state transition for b5a8f17d-17e7-4401-bc66-295e4bc67f84: closed -> scoping. Allowed: []
2026-06-19 22:07:51 - huginn - WARNING - Invalid state transition for b5a8f17d-17e7-4401-bc66-295e4bc67f84: closed -> active. Allowed: []
2026-06-19 22:07:51 - huginn - WARNING - Invalid state transition for b5a8f17d-17e7-4401-bc66-295e4bc67f84: closed -> paused. Allowed: []
2026-06-19 22:07:51 - huginn - WARNING - Invalid state transition for b5a8f17d-17e7-4401-bc66-295e4bc67f84: closed -> retest. Allowed: []
2026-06-19 22:07:51 - huginn - WARNING - Invalid state transition for b5a8f17d-17e7-4401-bc66-295e4bc67f84: closed -> reporting. Allowed: []
2026-06-19 22:07:51 - huginn - WARNING - Invalid state transition for b5a8f17d-17e7-4401-bc66-295e4bc67f84: closed -> closed. Allowed: []
2026-06-19 22:07:51 - huginn - INFO - EngagementManager closed.
2026-06-19 22:07:51 - huginn - INFO - Master index schema initialized.
2026-06-19 22:07:51 - huginn - INFO - EngagementDatabase connected: C:\Users\allie\AppData\Local\Temp\pytest-of-allie\pytest-43\test_active_to_paused_and_back0\engagements\a0f74092-7cf3-4566-8479-9d57c3d0a0d6\engagement.db (pool_size=5)
2026-06-19 22:07:51 - huginn - INFO - EngagementDatabase schema created: C:\Users\allie\AppData\Local\Temp\pytest-of-allie\pytest-43\test_active_to_paused_and_back0\engagements\a0f74092-7cf3-4566-8479-9d57c3d0a0d6\engagement.db
2026-06-19 22:07:51 - huginn - INFO - EngagementDatabase closed: C:\Users\allie\AppData\Local\Temp\pytest-of-allie\pytest-43\test_active_to_paused_and_back0\engagements\a0f74092-7cf3-4566-8479-9d57c3d0a0d6\engagement.db (5 connections)
2026-06-19 22:07:51 - huginn - INFO - Engagement created: a0f74092-7cf3-4566-8479-9d57c3d0a0d6 (Pause)
2026-06-19 22:07:51 - huginn - INFO - State transition: a0f74092-7cf3-4566-8479-9d57c3d0a0d6 draft -> scoping
2026-06-19 22:07:51 - huginn - INFO - State transition: a0f74092-7cf3-4566-8479-9d57c3d0a0d6 scoping -> active
2026-06-19 22:07:51 - huginn - INFO - State transition: a0f74092-7cf3-4566-8479-9d57c3d0a0d6 active -> paused
2026-06-19 22:07:51 - huginn - INFO - State transition: a0f74092-7cf3-4566-8479-9d57c3d0a0d6 paused -> active
2026-06-19 22:07:51 - huginn - INFO - EngagementManager closed.
2026-06-19 22:07:51 - huginn - INFO - Master index schema initialized.
2026-06-19 22:07:51 - huginn - INFO - EngagementDatabase connected: C:\Users\allie\AppData\Local\Temp\pytest-of-allie\pytest-43\test_active_to_retest_and_repo0\engagements\14f48a86-1d2f-417f-ac5d-45b0037a05f2\engagement.db (pool_size=5)
2026-06-19 22:07:51 - huginn - INFO - EngagementDatabase schema created: C:\Users\allie\AppData\Local\Temp\pytest-of-allie\pytest-43\test_active_to_retest_and_repo0\engagements\14f48a86-1d2f-417f-ac5d-45b0037a05f2\engagement.db
2026-06-19 22:07:51 - huginn - INFO - EngagementDatabase closed: C:\Users\allie\AppData\Local\Temp\pytest-of-allie\pytest-43\test_active_to_retest_and_repo0\engagements\14f48a86-1d2f-417f-ac5d-45b0037a05f2\engagement.db (5 connections)
2026-06-19 22:07:51 - huginn - INFO - Engagement created: 14f48a86-1d2f-417f-ac5d-45b0037a05f2 (Retest)
2026-06-19 22:07:51 - huginn - INFO - State transition: 14f48a86-1d2f-417f-ac5d-45b0037a05f2 draft -> scoping
2026-06-19 22:07:51 - huginn - INFO - State transition: 14f48a86-1d2f-417f-ac5d-45b0037a05f2 scoping -> active
2026-06-19 22:07:51 - huginn - INFO - State transition: 14f48a86-1d2f-417f-ac5d-45b0037a05f2 active -> retest
2026-06-19 22:07:51 - huginn - INFO - State transition: 14f48a86-1d2f-417f-ac5d-45b0037a05f2 retest -> reporting
2026-06-19 22:07:51 - huginn - INFO - EngagementManager closed.
2026-06-19 22:07:51 - huginn - INFO - Master index schema initialized.
2026-06-19 22:07:51 - huginn - INFO - EngagementDatabase connected: C:\Users\allie\AppData\Local\Temp\pytest-of-allie\pytest-43\test_transition_records_histor0\engagements\fc78fb6a-267f-4529-9e77-da03b2ab9e36\engagement.db (pool_size=5)
2026-06-19 22:07:51 - huginn - INFO - EngagementDatabase schema created: C:\Users\allie\AppData\Local\Temp\pytest-of-allie\pytest-43\test_transition_records_histor0\engagements\fc78fb6a-267f-4529-9e77-da03b2ab9e36\engagement.db
2026-06-19 22:07:51 - huginn - INFO - EngagementDatabase closed: C:\Users\allie\AppData\Local\Temp\pytest-of-allie\pytest-43\test_transition_records_histor0\engagements\fc78fb6a-267f-4529-9e77-da03b2ab9e36\engagement.db (5 connections)
2026-06-19 22:07:51 - huginn - INFO - Engagement created: fc78fb6a-267f-4529-9e77-da03b2ab9e36 (History)
2026-06-19 22:07:51 - huginn - INFO - State transition: fc78fb6a-267f-4529-9e77-da03b2ab9e36 draft -> scoping
2026-06-19 22:07:51 - huginn - INFO - State transition: fc78fb6a-267f-4529-9e77-da03b2ab9e36 scoping -> active
2026-06-19 22:07:51 - huginn - INFO - EngagementManager closed.
2026-06-19 22:07:51 - huginn - INFO - Master index schema initialized.
2026-06-19 22:07:51 - huginn - ERROR - Cannot transition state: engagement fake-id not found.
2026-06-19 22:07:51 - huginn - INFO - EngagementManager closed.
2026-06-19 22:07:51 - huginn - INFO - Master index schema initialized.
2026-06-19 22:07:51 - huginn - INFO - EngagementDatabase connected: C:\Users\allie\AppData\Local\Temp\pytest-of-allie\pytest-43\test_all_valid_transitions_suc0\engagements\06108919-9ea8-4d29-b78a-e2f6f94f4ae4\engagement.db (pool_size=5)
2026-06-19 22:07:51 - huginn - INFO - EngagementDatabase schema created: C:\Users\allie\AppData\Local\Temp\pytest-of-allie\pytest-43\test_all_valid_transitions_suc0\engagements\06108919-9ea8-4d29-b78a-e2f6f94f4ae4\engagement.db
2026-06-19 22:07:51 - huginn - INFO - EngagementDatabase closed: C:\Users\allie\AppData\Local\Temp\pytest-of-allie\pytest-43\test_all_valid_transitions_suc0\engagements\06108919-9ea8-4d29-b78a-e2f6f94f4ae4\engagement.db (5 connections)
2026-06-19 22:07:51 - huginn - INFO - Engagement created: 06108919-9ea8-4d29-b78a-e2f6f94f4ae4 (draft->scoping)
2026-06-19 22:07:51 - huginn - INFO - State transition: 06108919-9ea8-4d29-b78a-e2f6f94f4ae4 draft -> scoping
2026-06-19 22:07:51 - huginn - INFO - EngagementDatabase connected: C:\Users\allie\AppData\Local\Temp\pytest-of-allie\pytest-43\test_all_valid_transitions_suc0\engagements\c8cc863e-451b-4138-a345-725e654de91b\engagement.db (pool_size=5)
2026-06-19 22:07:51 - huginn - INFO - EngagementDatabase schema created: C:\Users\allie\AppData\Local\Temp\pytest-of-allie\pytest-43\test_all_valid_transitions_suc0\engagements\c8cc863e-451b-4138-a345-725e654de91b\engagement.db
2026-06-19 22:07:51 - huginn - INFO - EngagementDatabase closed: C:\Users\allie\AppData\Local\Temp\pytest-of-allie\pytest-43\test_all_valid_transitions_suc0\engagements\c8cc863e-451b-4138-a345-725e654de91b\engagement.db (5 connections)
2026-06-19 22:07:51 - huginn - INFO - Engagement created: c8cc863e-451b-4138-a345-725e654de91b (scoping->active)
2026-06-19 22:07:51 - huginn - INFO - State transition: c8cc863e-451b-4138-a345-725e654de91b draft -> scoping
2026-06-19 22:07:51 - huginn - INFO - State transition: c8cc863e-451b-4138-a345-725e654de91b scoping -> active
2026-06-19 22:07:51 - huginn - INFO - EngagementDatabase connected: C:\Users\allie\AppData\Local\Temp\pytest-of-allie\pytest-43\test_all_valid_transitions_suc0\engagements\dc784e8d-df13-4615-8dd6-6d81b6a01d3f\engagement.db (pool_size=5)
2026-06-19 22:07:51 - huginn - INFO - EngagementDatabase schema created: C:\Users\allie\AppData\Local\Temp\pytest-of-allie\pytest-43\test_all_valid_transitions_suc0\engagements\dc784e8d-df13-4615-8dd6-6d81b6a01d3f\engagement.db
2026-06-19 22:07:51 - huginn - INFO - EngagementDatabase closed: C:\Users\allie\AppData\Local\Temp\pytest-of-allie\pytest-43\test_all_valid_transitions_suc0\engagements\dc784e8d-df13-4615-8dd6-6d81b6a01d3f\engagement.db (5 connections)
2026-06-19 22:07:51 - huginn - INFO - Engagement created: dc784e8d-df13-4615-8dd6-6d81b6a01d3f (active->paused)
2026-06-19 22:07:51 - huginn - INFO - State transition: dc784e8d-df13-4615-8dd6-6d81b6a01d3f draft -> scoping
2026-06-19 22:07:51 - huginn - INFO - State transition: dc784e8d-df13-4615-8dd6-6d81b6a01d3f scoping -> active
2026-06-19 22:07:51 - huginn - INFO - State transition: dc784e8d-df13-4615-8dd6-6d81b6a01d3f active -> paused
2026-06-19 22:07:51 - huginn - INFO - EngagementDatabase connected: C:\Users\allie\AppData\Local\Temp\pytest-of-allie\pytest-43\test_all_valid_transitions_suc0\engagements\11047476-78eb-4b8f-84d9-67b66afcdba8\engagement.db (pool_size=5)
2026-06-19 22:07:51 - huginn - INFO - EngagementDatabase schema created: C:\Users\allie\AppData\Local\Temp\pytest-of-allie\pytest-43\test_all_valid_transitions_suc0\engagements\11047476-78eb-4b8f-84d9-67b66afcdba8\engagement.db
2026-06-19 22:07:51 - huginn - INFO - EngagementDatabase closed: C:\Users\allie\AppData\Local\Temp\pytest-of-allie\pytest-43\test_all_valid_transitions_suc0\engagements\11047476-78eb-4b8f-84d9-67b66afcdba8\engagement.db (5 connections)
2026-06-19 22:07:51 - huginn - INFO - Engagement created: 11047476-78eb-4b8f-84d9-67b66afcdba8 (active->retest)
2026-06-19 22:07:51 - huginn - INFO - State transition: 11047476-78eb-4b8f-84d9-67b66afcdba8 draft -> scoping
2026-06-19 22:07:51 - huginn - INFO - State transition: 11047476-78eb-4b8f-84d9-67b66afcdba8 scoping -> active
2026-06-19 22:07:51 - huginn - INFO - State transition: 11047476-78eb-4b8f-84d9-67b66afcdba8 active -> retest
2026-06-19 22:07:51 - huginn - INFO - EngagementDatabase connected: C:\Users\allie\AppData\Local\Temp\pytest-of-allie\pytest-43\test_all_valid_transitions_suc0\engagements\cd297218-3bf7-4191-9ab3-4b7d872353d5\engagement.db (pool_size=5)
2026-06-19 22:07:51 - huginn - INFO - EngagementDatabase schema created: C:\Users\allie\AppData\Local\Temp\pytest-of-allie\pytest-43\test_all_valid_transitions_suc0\engagements\cd297218-3bf7-4191-9ab3-4b7d872353d5\engagement.db
2026-06-19 22:07:51 - huginn - INFO - EngagementDatabase closed: C:\Users\allie\AppData\Local\Temp\pytest-of-allie\pytest-43\test_all_valid_transitions_suc0\engagements\cd297218-3bf7-4191-9ab3-4b7d872353d5\engagement.db (5 connections)
2026-06-19 22:07:51 - huginn - INFO - Engagement created: cd297218-3bf7-4191-9ab3-4b7d872353d5 (active->reporting)
2026-06-19 22:07:51 - huginn - INFO - State transition: cd297218-3bf7-4191-9ab3-4b7d872353d5 draft -> scoping
2026-06-19 22:07:51 - huginn - INFO - State transition: cd297218-3bf7-4191-9ab3-4b7d872353d5 scoping -> active
2026-06-19 22:07:51 - huginn - INFO - State transition: cd297218-3bf7-4191-9ab3-4b7d872353d5 active -> reporting
2026-06-19 22:07:51 - huginn - INFO - EngagementDatabase connected: C:\Users\allie\AppData\Local\Temp\pytest-of-allie\pytest-43\test_all_valid_transitions_suc0\engagements\519a9ec8-ad61-4d22-8bcf-8a2b462ba9a2\engagement.db (pool_size=5)
2026-06-19 22:07:51 - huginn - INFO - EngagementDatabase schema created: C:\Users\allie\AppData\Local\Temp\pytest-of-allie\pytest-43\test_all_valid_transitions_suc0\engagements\519a9ec8-ad61-4d22-8bcf-8a2b462ba9a2\engagement.db
2026-06-19 22:07:51 - huginn - INFO - EngagementDatabase closed: C:\Users\allie\AppData\Local\Temp\pytest-of-allie\pytest-43\test_all_valid_transitions_suc0\engagements\519a9ec8-ad61-4d22-8bcf-8a2b462ba9a2\engagement.db (5 connections)
2026-06-19 22:07:51 - huginn - INFO - Engagement created: 519a9ec8-ad61-4d22-8bcf-8a2b462ba9a2 (paused->active)
2026-06-19 22:07:51 - huginn - INFO - State transition: 519a9ec8-ad61-4d22-8bcf-8a2b462ba9a2 draft -> scoping
2026-06-19 22:07:51 - huginn - INFO - State transition: 519a9ec8-ad61-4d22-8bcf-8a2b462ba9a2 scoping -> active
2026-06-19 22:07:51 - huginn - INFO - State transition: 519a9ec8-ad61-4d22-8bcf-8a2b462ba9a2 active -> paused
2026-06-19 22:07:51 - huginn - INFO - State transition: 519a9ec8-ad61-4d22-8bcf-8a2b462ba9a2 paused -> active
2026-06-19 22:07:51 - huginn - INFO - EngagementDatabase connected: C:\Users\allie\AppData\Local\Temp\pytest-of-allie\pytest-43\test_all_valid_transitions_suc0\engagements\b7f6bd0c-ae8a-4f61-a5a8-4273f20e419a\engagement.db (pool_size=5)
2026-06-19 22:07:51 - huginn - INFO - EngagementDatabase schema created: C:\Users\allie\AppData\Local\Temp\pytest-of-allie\pytest-43\test_all_valid_transitions_suc0\engagements\b7f6bd0c-ae8a-4f61-a5a8-4273f20e419a\engagement.db
2026-06-19 22:07:51 - huginn - INFO - EngagementDatabase closed: C:\Users\allie\AppData\Local\Temp\pytest-of-allie\pytest-43\test_all_valid_transitions_suc0\engagements\b7f6bd0c-ae8a-4f61-a5a8-4273f20e419a\engagement.db (5 connections)
2026-06-19 22:07:51 - huginn - INFO - Engagement created: b7f6bd0c-ae8a-4f61-a5a8-4273f20e419a (paused->closed)
2026-06-19 22:07:51 - huginn - INFO - State transition: b7f6bd0c-ae8a-4f61-a5a8-4273f20e419a draft -> scoping
2026-06-19 22:07:51 - huginn - INFO - State transition: b7f6bd0c-ae8a-4f61-a5a8-4273f20e419a scoping -> active
2026-06-19 22:07:51 - huginn - INFO - State transition: b7f6bd0c-ae8a-4f61-a5a8-4273f20e419a active -> paused
2026-06-19 22:07:51 - huginn - INFO - State transition: b7f6bd0c-ae8a-4f61-a5a8-4273f20e419a paused -> closed
2026-06-19 22:07:51 - huginn - INFO - EngagementDatabase connected: C:\Users\allie\AppData\Local\Temp\pytest-of-allie\pytest-43\test_all_valid_transitions_suc0\engagements\97e9d663-db89-4964-8918-9fc319429777\engagement.db (pool_size=5)
2026-06-19 22:07:51 - huginn - INFO - EngagementDatabase schema created: C:\Users\allie\AppData\Local\Temp\pytest-of-allie\pytest-43\test_all_valid_transitions_suc0\engagements\97e9d663-db89-4964-8918-9fc319429777\engagement.db
2026-06-19 22:07:51 - huginn - INFO - EngagementDatabase closed: C:\Users\allie\AppData\Local\Temp\pytest-of-allie\pytest-43\test_all_valid_transitions_suc0\engagements\97e9d663-db89-4964-8918-9fc319429777\engagement.db (5 connections)
2026-06-19 22:07:51 - huginn - INFO - Engagement created: 97e9d663-db89-4964-8918-9fc319429777 (retest->reporting)
2026-06-19 22:07:51 - huginn - INFO - State transition: 97e9d663-db89-4964-8918-9fc319429777 draft -> scoping
2026-06-19 22:07:51 - huginn - INFO - State transition: 97e9d663-db89-4964-8918-9fc319429777 scoping -> active
2026-06-19 22:07:51 - huginn - INFO - State transition: 97e9d663-db89-4964-8918-9fc319429777 active -> retest
2026-06-19 22:07:51 - huginn - INFO - State transition: 97e9d663-db89-4964-8918-9fc319429777 retest -> reporting
2026-06-19 22:07:51 - huginn - INFO - EngagementDatabase connected: C:\Users\allie\AppData\Local\Temp\pytest-of-allie\pytest-43\test_all_valid_transitions_suc0\engagements\2e94855e-75f5-4e2d-8fc2-7edb5606d52f\engagement.db (pool_size=5)
2026-06-19 22:07:51 - huginn - INFO - EngagementDatabase schema created: C:\Users\allie\AppData\Local\Temp\pytest-of-allie\pytest-43\test_all_valid_transitions_suc0\engagements\2e94855e-75f5-4e2d-8fc2-7edb5606d52f\engagement.db
2026-06-19 22:07:51 - huginn - INFO - EngagementDatabase closed: C:\Users\allie\AppData\Local\Temp\pytest-of-allie\pytest-43\test_all_valid_transitions_suc0\engagements\2e94855e-75f5-4e2d-8fc2-7edb5606d52f\engagement.db (5 connections)
2026-06-19 22:07:51 - huginn - INFO - Engagement created: 2e94855e-75f5-4e2d-8fc2-7edb5606d52f (retest->active)
2026-06-19 22:07:51 - huginn - INFO - State transition: 2e94855e-75f5-4e2d-8fc2-7edb5606d52f draft -> scoping
2026-06-19 22:07:51 - huginn - INFO - State transition: 2e94855e-75f5-4e2d-8fc2-7edb5606d52f scoping -> active
2026-06-19 22:07:51 - huginn - INFO - State transition: 2e94855e-75f5-4e2d-8fc2-7edb5606d52f active -> retest
2026-06-19 22:07:51 - huginn - INFO - State transition: 2e94855e-75f5-4e2d-8fc2-7edb5606d52f retest -> active
2026-06-19 22:07:52 - huginn - INFO - EngagementDatabase connected: C:\Users\allie\AppData\Local\Temp\pytest-of-allie\pytest-43\test_all_valid_transitions_suc0\engagements\28ce3b50-e349-44ef-b1a8-4a41c4e33398\engagement.db (pool_size=5)
2026-06-19 22:07:52 - huginn - INFO - EngagementDatabase schema created: C:\Users\allie\AppData\Local\Temp\pytest-of-allie\pytest-43\test_all_valid_transitions_suc0\engagements\28ce3b50-e349-44ef-b1a8-4a41c4e33398\engagement.db
2026-06-19 22:07:52 - huginn - INFO - EngagementDatabase closed: C:\Users\allie\AppData\Local\Temp\pytest-of-allie\pytest-43\test_all_valid_transitions_suc0\engagements\28ce3b50-e349-44ef-b1a8-4a41c4e33398\engagement.db (5 connections)
2026-06-19 22:07:52 - huginn - INFO - Engagement created: 28ce3b50-e349-44ef-b1a8-4a41c4e33398 (reporting->closed)
2026-06-19 22:07:52 - huginn - INFO - State transition: 28ce3b50-e349-44ef-b1a8-4a41c4e33398 draft -> scoping
2026-06-19 22:07:52 - huginn - INFO - State transition: 28ce3b50-e349-44ef-b1a8-4a41c4e33398 scoping -> active
2026-06-19 22:07:52 - huginn - INFO - State transition: 28ce3b50-e349-44ef-b1a8-4a41c4e33398 active -> reporting
2026-06-19 22:07:52 - huginn - INFO - State transition: 28ce3b50-e349-44ef-b1a8-4a41c4e33398 reporting -> closed
2026-06-19 22:07:52 - huginn - INFO - EngagementDatabase connected: C:\Users\allie\AppData\Local\Temp\pytest-of-allie\pytest-43\test_all_valid_transitions_suc0\engagements\c1e91954-24a7-43a7-ab20-ffca918f41c0\engagement.db (pool_size=5)
2026-06-19 22:07:52 - huginn - INFO - EngagementDatabase schema created: C:\Users\allie\AppData\Local\Temp\pytest-of-allie\pytest-43\test_all_valid_transitions_suc0\engagements\c1e91954-24a7-43a7-ab20-ffca918f41c0\engagement.db
2026-06-19 22:07:52 - huginn - INFO - EngagementDatabase closed: C:\Users\allie\AppData\Local\Temp\pytest-of-allie\pytest-43\test_all_valid_transitions_suc0\engagements\c1e91954-24a7-43a7-ab20-ffca918f41c0\engagement.db (5 connections)
2026-06-19 22:07:52 - huginn - INFO - Engagement created: c1e91954-24a7-43a7-ab20-ffca918f41c0 (reporting->retest)
2026-06-19 22:07:52 - huginn - INFO - State transition: c1e91954-24a7-43a7-ab20-ffca918f41c0 draft -> scoping
2026-06-19 22:07:52 - huginn - INFO - State transition: c1e91954-24a7-43a7-ab20-ffca918f41c0 scoping -> active
2026-06-19 22:07:52 - huginn - INFO - State transition: c1e91954-24a7-43a7-ab20-ffca918f41c0 active -> reporting
2026-06-19 22:07:52 - huginn - INFO - State transition: c1e91954-24a7-43a7-ab20-ffca918f41c0 reporting -> retest
2026-06-19 22:07:52 - huginn - INFO - EngagementManager closed.
2026-06-19 22:07:52 - huginn - INFO - Master index schema initialized.
2026-06-19 22:07:52 - huginn - INFO - EngagementDatabase connected: C:\Users\allie\AppData\Local\Temp\pytest-of-allie\pytest-43\test_open_engagement_success0\engagements\c0b803c8-ff7f-451c-aee9-fca99ec7a5ea\engagement.db (pool_size=5)
2026-06-19 22:07:52 - huginn - INFO - EngagementDatabase schema created: C:\Users\allie\AppData\Local\Temp\pytest-of-allie\pytest-43\test_open_engagement_success0\engagements\c0b803c8-ff7f-451c-aee9-fca99ec7a5ea\engagement.db
2026-06-19 22:07:52 - huginn - INFO - EngagementDatabase closed: C:\Users\allie\AppData\Local\Temp\pytest-of-allie\pytest-43\test_open_engagement_success0\engagements\c0b803c8-ff7f-451c-aee9-fca99ec7a5ea\engagement.db (5 connections)
2026-06-19 22:07:52 - huginn - INFO - Engagement created: c0b803c8-ff7f-451c-aee9-fca99ec7a5ea (Open Test)
2026-06-19 22:07:52 - huginn - INFO - EngagementDatabase connected: C:\Users\allie\AppData\Local\Temp\pytest-of-allie\pytest-43\test_open_engagement_success0\engagements\c0b803c8-ff7f-451c-aee9-fca99ec7a5ea\engagement.db (pool_size=5)
2026-06-19 22:07:52 - huginn - INFO - Engagement opened: c0b803c8-ff7f-451c-aee9-fca99ec7a5ea
2026-06-19 22:07:52 - huginn - INFO - EngagementDatabase closed: C:\Users\allie\AppData\Local\Temp\pytest-of-allie\pytest-43\test_open_engagement_success0\engagements\c0b803c8-ff7f-451c-aee9-fca99ec7a5ea\engagement.db (5 connections)
2026-06-19 22:07:52 - huginn - INFO - Active engagement closed.
2026-06-19 22:07:52 - huginn - INFO - EngagementManager closed.
2026-06-19 22:07:52 - huginn - INFO - Master index schema initialized.
2026-06-19 22:07:52 - huginn - ERROR - Engagement not found: nonexistent-id
2026-06-19 22:07:52 - huginn - INFO - EngagementManager closed.
2026-06-19 22:07:52 - huginn - INFO - Master index schema initialized.
2026-06-19 22:07:52 - huginn - INFO - EngagementDatabase connected: C:\Users\allie\AppData\Local\Temp\pytest-of-allie\pytest-43\test_open_closes_previous_enga0\engagements\cebd2cd0-bffb-4333-8025-0160d60c4367\engagement.db (pool_size=5)
2026-06-19 22:07:52 - huginn - INFO - EngagementDatabase schema created: C:\Users\allie\AppData\Local\Temp\pytest-of-allie\pytest-43\test_open_closes_previous_enga0\engagements\cebd2cd0-bffb-4333-8025-0160d60c4367\engagement.db
2026-06-19 22:07:52 - huginn - INFO - EngagementDatabase closed: C:\Users\allie\AppData\Local\Temp\pytest-of-allie\pytest-43\test_open_closes_previous_enga0\engagements\cebd2cd0-bffb-4333-8025-0160d60c4367\engagement.db (5 connections)
2026-06-19 22:07:52 - huginn - INFO - Engagement created: cebd2cd0-bffb-4333-8025-0160d60c4367 (First)
2026-06-19 22:07:52 - huginn - INFO - EngagementDatabase connected: C:\Users\allie\AppData\Local\Temp\pytest-of-allie\pytest-43\test_open_closes_previous_enga0\engagements\2db3c823-382d-4af0-8bf9-728eb659f764\engagement.db (pool_size=5)
2026-06-19 22:07:52 - huginn - INFO - EngagementDatabase schema created: C:\Users\allie\AppData\Local\Temp\pytest-of-allie\pytest-43\test_open_closes_previous_enga0\engagements\2db3c823-382d-4af0-8bf9-728eb659f764\engagement.db
2026-06-19 22:07:52 - huginn - INFO - EngagementDatabase closed: C:\Users\allie\AppData\Local\Temp\pytest-of-allie\pytest-43\test_open_closes_previous_enga0\engagements\2db3c823-382d-4af0-8bf9-728eb659f764\engagement.db (5 connections)
2026-06-19 22:07:52 - huginn - INFO - Engagement created: 2db3c823-382d-4af0-8bf9-728eb659f764 (Second)
2026-06-19 22:07:52 - huginn - INFO - EngagementDatabase connected: C:\Users\allie\AppData\Local\Temp\pytest-of-allie\pytest-43\test_open_closes_previous_enga0\engagements\cebd2cd0-bffb-4333-8025-0160d60c4367\engagement.db (pool_size=5)
2026-06-19 22:07:52 - huginn - INFO - Engagement opened: cebd2cd0-bffb-4333-8025-0160d60c4367
2026-06-19 22:07:52 - huginn - INFO - EngagementDatabase closed: C:\Users\allie\AppData\Local\Temp\pytest-of-allie\pytest-43\test_open_closes_previous_enga0\engagements\cebd2cd0-bffb-4333-8025-0160d60c4367\engagement.db (5 connections)
2026-06-19 22:07:52 - huginn - INFO - EngagementDatabase connected: C:\Users\allie\AppData\Local\Temp\pytest-of-allie\pytest-43\test_open_closes_previous_enga0\engagements\2db3c823-382d-4af0-8bf9-728eb659f764\engagement.db (pool_size=5)
2026-06-19 22:07:52 - huginn - INFO - Engagement opened: 2db3c823-382d-4af0-8bf9-728eb659f764
2026-06-19 22:07:52 - huginn - INFO - EngagementDatabase closed: C:\Users\allie\AppData\Local\Temp\pytest-of-allie\pytest-43\test_open_closes_previous_enga0\engagements\2db3c823-382d-4af0-8bf9-728eb659f764\engagement.db (5 connections)
2026-06-19 22:07:52 - huginn - INFO - Active engagement closed.
2026-06-19 22:07:52 - huginn - INFO - EngagementManager closed.
2026-06-19 22:07:52 - huginn - INFO - Master index schema initialized.
2026-06-19 22:07:52 - huginn - INFO - EngagementDatabase connected: C:\Users\allie\AppData\Local\Temp\pytest-of-allie\pytest-43\test_add_and_get_document0\engagements\bf17a796-05bc-494c-87b4-052f172c2de2\engagement.db (pool_size=5)
2026-06-19 22:07:52 - huginn - INFO - EngagementDatabase schema created: C:\Users\allie\AppData\Local\Temp\pytest-of-allie\pytest-43\test_add_and_get_document0\engagements\bf17a796-05bc-494c-87b4-052f172c2de2\engagement.db
2026-06-19 22:07:52 - huginn - INFO - EngagementDatabase closed: C:\Users\allie\AppData\Local\Temp\pytest-of-allie\pytest-43\test_add_and_get_document0\engagements\bf17a796-05bc-494c-87b4-052f172c2de2\engagement.db (5 connections)
2026-06-19 22:07:52 - huginn - INFO - Engagement created: bf17a796-05bc-494c-87b4-052f172c2de2 (Doc Test)
2026-06-19 22:07:52 - huginn - INFO - EngagementDatabase connected: C:\Users\allie\AppData\Local\Temp\pytest-of-allie\pytest-43\test_add_and_get_document0\engagements\bf17a796-05bc-494c-87b4-052f172c2de2\engagement.db (pool_size=5)
2026-06-19 22:07:52 - huginn - INFO - Engagement opened: bf17a796-05bc-494c-87b4-052f172c2de2
2026-06-19 22:07:52 - huginn - DEBUG - Document added: scope.pdf (type=scope)
2026-06-19 22:07:52 - huginn - INFO - EngagementDatabase closed: C:\Users\allie\AppData\Local\Temp\pytest-of-allie\pytest-43\test_add_and_get_document0\engagements\bf17a796-05bc-494c-87b4-052f172c2de2\engagement.db (5 connections)
2026-06-19 22:07:52 - huginn - INFO - Active engagement closed.
2026-06-19 22:07:52 - huginn - INFO - EngagementManager closed.
2026-06-19 22:07:52 - huginn - INFO - Master index schema initialized.
2026-06-19 22:07:52 - huginn - INFO - EngagementDatabase connected: C:\Users\allie\AppData\Local\Temp\pytest-of-allie\pytest-43\test_get_document_content0\engagements\769641b3-7340-43f3-83ae-40844069c73a\engagement.db (pool_size=5)
2026-06-19 22:07:52 - huginn - INFO - EngagementDatabase schema created: C:\Users\allie\AppData\Local\Temp\pytest-of-allie\pytest-43\test_get_document_content0\engagements\769641b3-7340-43f3-83ae-40844069c73a\engagement.db
2026-06-19 22:07:52 - huginn - INFO - EngagementDatabase closed: C:\Users\allie\AppData\Local\Temp\pytest-of-allie\pytest-43\test_get_document_content0\engagements\769641b3-7340-43f3-83ae-40844069c73a\engagement.db (5 connections)
2026-06-19 22:07:52 - huginn - INFO - Engagement created: 769641b3-7340-43f3-83ae-40844069c73a (Doc Test)
2026-06-19 22:07:52 - huginn - INFO - EngagementDatabase connected: C:\Users\allie\AppData\Local\Temp\pytest-of-allie\pytest-43\test_get_document_content0\engagements\769641b3-7340-43f3-83ae-40844069c73a\engagement.db (pool_size=5)
2026-06-19 22:07:52 - huginn - INFO - Engagement opened: 769641b3-7340-43f3-83ae-40844069c73a
2026-06-19 22:07:52 - huginn - DEBUG - Document added: test.bin (type=other)
2026-06-19 22:07:52 - huginn - INFO - EngagementDatabase closed: C:\Users\allie\AppData\Local\Temp\pytest-of-allie\pytest-43\test_get_document_content0\engagements\769641b3-7340-43f3-83ae-40844069c73a\engagement.db (5 connections)
2026-06-19 22:07:52 - huginn - INFO - Active engagement closed.
2026-06-19 22:07:52 - huginn - INFO - EngagementManager closed.
2026-06-19 22:07:52 - huginn - INFO - Master index schema initialized.
2026-06-19 22:07:52 - huginn - INFO - EngagementDatabase connected: C:\Users\allie\AppData\Local\Temp\pytest-of-allie\pytest-43\test_filter_documents_by_type0\engagements\c270d385-d84a-4616-a190-f7f14a76890c\engagement.db (pool_size=5)
2026-06-19 22:07:52 - huginn - INFO - EngagementDatabase schema created: C:\Users\allie\AppData\Local\Temp\pytest-of-allie\pytest-43\test_filter_documents_by_type0\engagements\c270d385-d84a-4616-a190-f7f14a76890c\engagement.db
2026-06-19 22:07:52 - huginn - INFO - EngagementDatabase closed: C:\Users\allie\AppData\Local\Temp\pytest-of-allie\pytest-43\test_filter_documents_by_type0\engagements\c270d385-d84a-4616-a190-f7f14a76890c\engagement.db (5 connections)
2026-06-19 22:07:52 - huginn - INFO - Engagement created: c270d385-d84a-4616-a190-f7f14a76890c (Doc Test)
2026-06-19 22:07:52 - huginn - INFO - EngagementDatabase connected: C:\Users\allie\AppData\Local\Temp\pytest-of-allie\pytest-43\test_filter_documents_by_type0\engagements\c270d385-d84a-4616-a190-f7f14a76890c\engagement.db (pool_size=5)
2026-06-19 22:07:52 - huginn - INFO - Engagement opened: c270d385-d84a-4616-a190-f7f14a76890c
2026-06-19 22:07:52 - huginn - DEBUG - Document added: scope.pdf (type=scope)
2026-06-19 22:07:52 - huginn - DEBUG - Document added: nda.pdf (type=nda)
2026-06-19 22:07:52 - huginn - INFO - EngagementDatabase closed: C:\Users\allie\AppData\Local\Temp\pytest-of-allie\pytest-43\test_filter_documents_by_type0\engagements\c270d385-d84a-4616-a190-f7f14a76890c\engagement.db (5 connections)
2026-06-19 22:07:52 - huginn - INFO - Active engagement closed.
2026-06-19 22:07:52 - huginn - INFO - EngagementManager closed.
2026-06-19 22:07:52 - huginn - INFO - Master index schema initialized.
2026-06-19 22:07:52 - huginn - INFO - EngagementDatabase connected: C:\Users\allie\AppData\Local\Temp\pytest-of-allie\pytest-43\test_delete_document0\engagements\6b1765c8-b1da-4365-ae70-0c7c8bb9d4e3\engagement.db (pool_size=5)
2026-06-19 22:07:52 - huginn - INFO - EngagementDatabase schema created: C:\Users\allie\AppData\Local\Temp\pytest-of-allie\pytest-43\test_delete_document0\engagements\6b1765c8-b1da-4365-ae70-0c7c8bb9d4e3\engagement.db
2026-06-19 22:07:52 - huginn - INFO - EngagementDatabase closed: C:\Users\allie\AppData\Local\Temp\pytest-of-allie\pytest-43\test_delete_document0\engagements\6b1765c8-b1da-4365-ae70-0c7c8bb9d4e3\engagement.db (5 connections)
2026-06-19 22:07:52 - huginn - INFO - Engagement created: 6b1765c8-b1da-4365-ae70-0c7c8bb9d4e3 (Doc Test)
2026-06-19 22:07:52 - huginn - INFO - EngagementDatabase connected: C:\Users\allie\AppData\Local\Temp\pytest-of-allie\pytest-43\test_delete_document0\engagements\6b1765c8-b1da-4365-ae70-0c7c8bb9d4e3\engagement.db (pool_size=5)
2026-06-19 22:07:52 - huginn - INFO - Engagement opened: 6b1765c8-b1da-4365-ae70-0c7c8bb9d4e3
2026-06-19 22:07:52 - huginn - DEBUG - Document added: del.pdf (type=other)
2026-06-19 22:07:52 - huginn - INFO - EngagementDatabase closed: C:\Users\allie\AppData\Local\Temp\pytest-of-allie\pytest-43\test_delete_document0\engagements\6b1765c8-b1da-4365-ae70-0c7c8bb9d4e3\engagement.db (5 connections)
2026-06-19 22:07:52 - huginn - INFO - Active engagement closed.
2026-06-19 22:07:52 - huginn - INFO - EngagementManager closed.
2026-06-19 22:07:52 - huginn - INFO - Master index schema initialized.
2026-06-19 22:07:52 - huginn - INFO - EngagementDatabase connected: C:\Users\allie\AppData\Local\Temp\pytest-of-allie\pytest-43\test_add_and_list_contacts0\engagements\cbad8c4b-3a88-49b3-8c15-ab75ce5b15e3\engagement.db (pool_size=5)
2026-06-19 22:07:52 - huginn - INFO - EngagementDatabase schema created: C:\Users\allie\AppData\Local\Temp\pytest-of-allie\pytest-43\test_add_and_list_contacts0\engagements\cbad8c4b-3a88-49b3-8c15-ab75ce5b15e3\engagement.db
2026-06-19 22:07:52 - huginn - INFO - EngagementDatabase closed: C:\Users\allie\AppData\Local\Temp\pytest-of-allie\pytest-43\test_add_and_list_contacts0\engagements\cbad8c4b-3a88-49b3-8c15-ab75ce5b15e3\engagement.db (5 connections)
2026-06-19 22:07:52 - huginn - INFO - Engagement created: cbad8c4b-3a88-49b3-8c15-ab75ce5b15e3 (Contact Test)
2026-06-19 22:07:52 - huginn - INFO - EngagementDatabase connected: C:\Users\allie\AppData\Local\Temp\pytest-of-allie\pytest-43\test_add_and_list_contacts0\engagements\cbad8c4b-3a88-49b3-8c15-ab75ce5b15e3\engagement.db (pool_size=5)
2026-06-19 22:07:52 - huginn - INFO - Engagement opened: cbad8c4b-3a88-49b3-8c15-ab75ce5b15e3
2026-06-19 22:07:52 - huginn - DEBUG - Contact added: John Doe (CTO)
2026-06-19 22:07:52 - huginn - INFO - EngagementDatabase closed: C:\Users\allie\AppData\Local\Temp\pytest-of-allie\pytest-43\test_add_and_list_contacts0\engagements\cbad8c4b-3a88-49b3-8c15-ab75ce5b15e3\engagement.db (5 connections)
2026-06-19 22:07:52 - huginn - INFO - Active engagement closed.
2026-06-19 22:07:52 - huginn - INFO - EngagementManager closed.
2026-06-19 22:07:52 - huginn - INFO - Master index schema initialized.
2026-06-19 22:07:52 - huginn - INFO - EngagementDatabase connected: C:\Users\allie\AppData\Local\Temp\pytest-of-allie\pytest-43\test_update_contact0\engagements\81141481-e328-4996-b30f-ea8a6d2a5a02\engagement.db (pool_size=5)
2026-06-19 22:07:52 - huginn - INFO - EngagementDatabase schema created: C:\Users\allie\AppData\Local\Temp\pytest-of-allie\pytest-43\test_update_contact0\engagements\81141481-e328-4996-b30f-ea8a6d2a5a02\engagement.db
2026-06-19 22:07:52 - huginn - INFO - EngagementDatabase closed: C:\Users\allie\AppData\Local\Temp\pytest-of-allie\pytest-43\test_update_contact0\engagements\81141481-e328-4996-b30f-ea8a6d2a5a02\engagement.db (5 connections)
2026-06-19 22:07:52 - huginn - INFO - Engagement created: 81141481-e328-4996-b30f-ea8a6d2a5a02 (Contact Test)
2026-06-19 22:07:52 - huginn - INFO - EngagementDatabase connected: C:\Users\allie\AppData\Local\Temp\pytest-of-allie\pytest-43\test_update_contact0\engagements\81141481-e328-4996-b30f-ea8a6d2a5a02\engagement.db (pool_size=5)
2026-06-19 22:07:52 - huginn - INFO - Engagement opened: 81141481-e328-4996-b30f-ea8a6d2a5a02
2026-06-19 22:07:52 - huginn - DEBUG - Contact added: Jane (PM)
2026-06-19 22:07:52 - huginn - INFO - EngagementDatabase closed: C:\Users\allie\AppData\Local\Temp\pytest-of-allie\pytest-43\test_update_contact0\engagements\81141481-e328-4996-b30f-ea8a6d2a5a02\engagement.db (5 connections)
2026-06-19 22:07:52 - huginn - INFO - Active engagement closed.
2026-06-19 22:07:52 - huginn - INFO - EngagementManager closed.
2026-06-19 22:07:52 - huginn - INFO - Master index schema initialized.
2026-06-19 22:07:52 - huginn - INFO - EngagementDatabase connected: C:\Users\allie\AppData\Local\Temp\pytest-of-allie\pytest-43\test_delete_contact0\engagements\b25f0066-39c8-4a5e-baec-1e762abcefff\engagement.db (pool_size=5)
2026-06-19 22:07:52 - huginn - INFO - EngagementDatabase schema created: C:\Users\allie\AppData\Local\Temp\pytest-of-allie\pytest-43\test_delete_contact0\engagements\b25f0066-39c8-4a5e-baec-1e762abcefff\engagement.db
2026-06-19 22:07:52 - huginn - INFO - EngagementDatabase closed: C:\Users\allie\AppData\Local\Temp\pytest-of-allie\pytest-43\test_delete_contact0\engagements\b25f0066-39c8-4a5e-baec-1e762abcefff\engagement.db (5 connections)
2026-06-19 22:07:52 - huginn - INFO - Engagement created: b25f0066-39c8-4a5e-baec-1e762abcefff (Contact Test)
2026-06-19 22:07:52 - huginn - INFO - EngagementDatabase connected: C:\Users\allie\AppData\Local\Temp\pytest-of-allie\pytest-43\test_delete_contact0\engagements\b25f0066-39c8-4a5e-baec-1e762abcefff\engagement.db (pool_size=5)
2026-06-19 22:07:52 - huginn - INFO - Engagement opened: b25f0066-39c8-4a5e-baec-1e762abcefff
2026-06-19 22:07:52 - huginn - DEBUG - Contact added: Delete Me (None)
2026-06-19 22:07:52 - huginn - INFO - EngagementDatabase closed: C:\Users\allie\AppData\Local\Temp\pytest-of-allie\pytest-43\test_delete_contact0\engagements\b25f0066-39c8-4a5e-baec-1e762abcefff\engagement.db (5 connections)
2026-06-19 22:07:52 - huginn - INFO - Active engagement closed.
2026-06-19 22:07:52 - huginn - INFO - EngagementManager closed.
2026-06-19 22:07:52 - huginn - INFO - Master index schema initialized.
2026-06-19 22:07:52 - huginn - INFO - EngagementDatabase connected: C:\Users\allie\AppData\Local\Temp\pytest-of-allie\pytest-43\test_set_and_get_roe0\engagements\28144e02-172a-4eaf-8fb2-98f1b161071d\engagement.db (pool_size=5)
2026-06-19 22:07:52 - huginn - INFO - EngagementDatabase schema created: C:\Users\allie\AppData\Local\Temp\pytest-of-allie\pytest-43\test_set_and_get_roe0\engagements\28144e02-172a-4eaf-8fb2-98f1b161071d\engagement.db
2026-06-19 22:07:52 - huginn - INFO - EngagementDatabase closed: C:\Users\allie\AppData\Local\Temp\pytest-of-allie\pytest-43\test_set_and_get_roe0\engagements\28144e02-172a-4eaf-8fb2-98f1b161071d\engagement.db (5 connections)
2026-06-19 22:07:52 - huginn - INFO - Engagement created: 28144e02-172a-4eaf-8fb2-98f1b161071d (RoE Test)
2026-06-19 22:07:52 - huginn - INFO - EngagementDatabase connected: C:\Users\allie\AppData\Local\Temp\pytest-of-allie\pytest-43\test_set_and_get_roe0\engagements\28144e02-172a-4eaf-8fb2-98f1b161071d\engagement.db (pool_size=5)
2026-06-19 22:07:52 - huginn - INFO - Engagement opened: 28144e02-172a-4eaf-8fb2-98f1b161071d
2026-06-19 22:07:52 - huginn - INFO - EngagementDatabase closed: C:\Users\allie\AppData\Local\Temp\pytest-of-allie\pytest-43\test_set_and_get_roe0\engagements\28144e02-172a-4eaf-8fb2-98f1b161071d\engagement.db (5 connections)
2026-06-19 22:07:52 - huginn - INFO - Active engagement closed.
2026-06-19 22:07:52 - huginn - INFO - EngagementManager closed.
2026-06-19 22:07:52 - huginn - INFO - Master index schema initialized.
2026-06-19 22:07:52 - huginn - INFO - EngagementDatabase connected: C:\Users\allie\AppData\Local\Temp\pytest-of-allie\pytest-43\test_update_roe_overwrites0\engagements\a27a7af3-28db-4232-89e7-7e8da73f5fca\engagement.db (pool_size=5)
2026-06-19 22:07:52 - huginn - INFO - EngagementDatabase schema created: C:\Users\allie\AppData\Local\Temp\pytest-of-allie\pytest-43\test_update_roe_overwrites0\engagements\a27a7af3-28db-4232-89e7-7e8da73f5fca\engagement.db
2026-06-19 22:07:52 - huginn - INFO - EngagementDatabase closed: C:\Users\allie\AppData\Local\Temp\pytest-of-allie\pytest-43\test_update_roe_overwrites0\engagements\a27a7af3-28db-4232-89e7-7e8da73f5fca\engagement.db (5 connections)
2026-06-19 22:07:52 - huginn - INFO - Engagement created: a27a7af3-28db-4232-89e7-7e8da73f5fca (RoE Test)
2026-06-19 22:07:52 - huginn - INFO - EngagementDatabase connected: C:\Users\allie\AppData\Local\Temp\pytest-of-allie\pytest-43\test_update_roe_overwrites0\engagements\a27a7af3-28db-4232-89e7-7e8da73f5fca\engagement.db (pool_size=5)
2026-06-19 22:07:52 - huginn - INFO - Engagement opened: a27a7af3-28db-4232-89e7-7e8da73f5fca
2026-06-19 22:07:52 - huginn - INFO - EngagementDatabase closed: C:\Users\allie\AppData\Local\Temp\pytest-of-allie\pytest-43\test_update_roe_overwrites0\engagements\a27a7af3-28db-4232-89e7-7e8da73f5fca\engagement.db (5 connections)
2026-06-19 22:07:52 - huginn - INFO - Active engagement closed.
2026-06-19 22:07:52 - huginn - INFO - EngagementManager closed.
2026-06-19 22:07:52 - huginn - INFO - Master index schema initialized.
2026-06-19 22:07:52 - huginn - INFO - EngagementDatabase connected: C:\Users\allie\AppData\Local\Temp\pytest-of-allie\pytest-43\test_get_roe_returns_none_when0\engagements\e04f32c9-817a-463f-9b34-5b25b4648dce\engagement.db (pool_size=5)
2026-06-19 22:07:52 - huginn - INFO - EngagementDatabase schema created: C:\Users\allie\AppData\Local\Temp\pytest-of-allie\pytest-43\test_get_roe_returns_none_when0\engagements\e04f32c9-817a-463f-9b34-5b25b4648dce\engagement.db
2026-06-19 22:07:52 - huginn - INFO - EngagementDatabase closed: C:\Users\allie\AppData\Local\Temp\pytest-of-allie\pytest-43\test_get_roe_returns_none_when0\engagements\e04f32c9-817a-463f-9b34-5b25b4648dce\engagement.db (5 connections)
2026-06-19 22:07:52 - huginn - INFO - Engagement created: e04f32c9-817a-463f-9b34-5b25b4648dce (RoE Test)
2026-06-19 22:07:52 - huginn - INFO - EngagementDatabase connected: C:\Users\allie\AppData\Local\Temp\pytest-of-allie\pytest-43\test_get_roe_returns_none_when0\engagements\e04f32c9-817a-463f-9b34-5b25b4648dce\engagement.db (pool_size=5)
2026-06-19 22:07:52 - huginn - INFO - Engagement opened: e04f32c9-817a-463f-9b34-5b25b4648dce
2026-06-19 22:07:52 - huginn - INFO - EngagementDatabase closed: C:\Users\allie\AppData\Local\Temp\pytest-of-allie\pytest-43\test_get_roe_returns_none_when0\engagements\e04f32c9-817a-463f-9b34-5b25b4648dce\engagement.db (5 connections)
2026-06-19 22:07:52 - huginn - INFO - Active engagement closed.
2026-06-19 22:07:52 - huginn - INFO - EngagementManager closed.
2026-06-19 22:07:52 - huginn - INFO - Master index schema initialized.
2026-06-19 22:07:52 - huginn - INFO - EngagementDatabase connected: C:\Users\allie\AppData\Local\Temp\pytest-of-allie\pytest-43\test_add_and_list_milestones0\engagements\617eade3-cd78-4108-8f8d-fe6b206cf581\engagement.db (pool_size=5)
2026-06-19 22:07:52 - huginn - INFO - EngagementDatabase schema created: C:\Users\allie\AppData\Local\Temp\pytest-of-allie\pytest-43\test_add_and_list_milestones0\engagements\617eade3-cd78-4108-8f8d-fe6b206cf581\engagement.db
2026-06-19 22:07:52 - huginn - INFO - EngagementDatabase closed: C:\Users\allie\AppData\Local\Temp\pytest-of-allie\pytest-43\test_add_and_list_milestones0\engagements\617eade3-cd78-4108-8f8d-fe6b206cf581\engagement.db (5 connections)
2026-06-19 22:07:52 - huginn - INFO - Engagement created: 617eade3-cd78-4108-8f8d-fe6b206cf581 (Milestone Test)
2026-06-19 22:07:52 - huginn - INFO - EngagementDatabase connected: C:\Users\allie\AppData\Local\Temp\pytest-of-allie\pytest-43\test_add_and_list_milestones0\engagements\617eade3-cd78-4108-8f8d-fe6b206cf581\engagement.db (pool_size=5)
2026-06-19 22:07:52 - huginn - INFO - Engagement opened: 617eade3-cd78-4108-8f8d-fe6b206cf581
2026-06-19 22:07:52 - huginn - DEBUG - Milestone added: Kickoff (planned_start)
2026-06-19 22:07:52 - huginn - INFO - EngagementDatabase closed: C:\Users\allie\AppData\Local\Temp\pytest-of-allie\pytest-43\test_add_and_list_milestones0\engagements\617eade3-cd78-4108-8f8d-fe6b206cf581\engagement.db (5 connections)
2026-06-19 22:07:52 - huginn - INFO - Active engagement closed.
2026-06-19 22:07:52 - huginn - INFO - EngagementManager closed.
2026-06-19 22:07:52 - huginn - INFO - Master index schema initialized.
2026-06-19 22:07:52 - huginn - INFO - EngagementDatabase connected: C:\Users\allie\AppData\Local\Temp\pytest-of-allie\pytest-43\test_milestones_ordered_by_dat0\engagements\d1df1074-51bd-4b91-8647-ea80ddce1a98\engagement.db (pool_size=5)
2026-06-19 22:07:52 - huginn - INFO - EngagementDatabase schema created: C:\Users\allie\AppData\Local\Temp\pytest-of-allie\pytest-43\test_milestones_ordered_by_dat0\engagements\d1df1074-51bd-4b91-8647-ea80ddce1a98\engagement.db
2026-06-19 22:07:52 - huginn - INFO - EngagementDatabase closed: C:\Users\allie\AppData\Local\Temp\pytest-of-allie\pytest-43\test_milestones_ordered_by_dat0\engagements\d1df1074-51bd-4b91-8647-ea80ddce1a98\engagement.db (5 connections)
2026-06-19 22:07:52 - huginn - INFO - Engagement created: d1df1074-51bd-4b91-8647-ea80ddce1a98 (Milestone Test)
2026-06-19 22:07:52 - huginn - INFO - EngagementDatabase connected: C:\Users\allie\AppData\Local\Temp\pytest-of-allie\pytest-43\test_milestones_ordered_by_dat0\engagements\d1df1074-51bd-4b91-8647-ea80ddce1a98\engagement.db (pool_size=5)
2026-06-19 22:07:52 - huginn - INFO - Engagement opened: d1df1074-51bd-4b91-8647-ea80ddce1a98
2026-06-19 22:07:52 - huginn - DEBUG - Milestone added: End (planned_end)
2026-06-19 22:07:52 - huginn - DEBUG - Milestone added: Start (planned_start)
2026-06-19 22:07:52 - huginn - DEBUG - Milestone added: Mid (checkpoint)
2026-06-19 22:07:52 - huginn - INFO - EngagementDatabase closed: C:\Users\allie\AppData\Local\Temp\pytest-of-allie\pytest-43\test_milestones_ordered_by_dat0\engagements\d1df1074-51bd-4b91-8647-ea80ddce1a98\engagement.db (5 connections)
2026-06-19 22:07:52 - huginn - INFO - Active engagement closed.
2026-06-19 22:07:52 - huginn - INFO - EngagementManager closed.
2026-06-19 22:07:52 - huginn - INFO - Master index schema initialized.
2026-06-19 22:07:52 - huginn - INFO - EngagementDatabase connected: C:\Users\allie\AppData\Local\Temp\pytest-of-allie\pytest-43\test_update_milestone0\engagements\dd3e50f1-cacb-4140-81dc-da23edd906b5\engagement.db (pool_size=5)
2026-06-19 22:07:52 - huginn - INFO - EngagementDatabase schema created: C:\Users\allie\AppData\Local\Temp\pytest-of-allie\pytest-43\test_update_milestone0\engagements\dd3e50f1-cacb-4140-81dc-da23edd906b5\engagement.db
2026-06-19 22:07:52 - huginn - INFO - EngagementDatabase closed: C:\Users\allie\AppData\Local\Temp\pytest-of-allie\pytest-43\test_update_milestone0\engagements\dd3e50f1-cacb-4140-81dc-da23edd906b5\engagement.db (5 connections)
2026-06-19 22:07:52 - huginn - INFO - Engagement created: dd3e50f1-cacb-4140-81dc-da23edd906b5 (Milestone Test)
2026-06-19 22:07:52 - huginn - INFO - EngagementDatabase connected: C:\Users\allie\AppData\Local\Temp\pytest-of-allie\pytest-43\test_update_milestone0\engagements\dd3e50f1-cacb-4140-81dc-da23edd906b5\engagement.db (pool_size=5)
2026-06-19 22:07:52 - huginn - INFO - Engagement opened: dd3e50f1-cacb-4140-81dc-da23edd906b5
2026-06-19 22:07:52 - huginn - DEBUG - Milestone added: Old Name (checkpoint)
2026-06-19 22:07:52 - huginn - INFO - EngagementDatabase closed: C:\Users\allie\AppData\Local\Temp\pytest-of-allie\pytest-43\test_update_milestone0\engagements\dd3e50f1-cacb-4140-81dc-da23edd906b5\engagement.db (5 connections)
2026-06-19 22:07:52 - huginn - INFO - Active engagement closed.
2026-06-19 22:07:52 - huginn - INFO - EngagementManager closed.
2026-06-19 22:07:52 - huginn - INFO - Master index schema initialized.
2026-06-19 22:07:52 - huginn - INFO - EngagementDatabase connected: C:\Users\allie\AppData\Local\Temp\pytest-of-allie\pytest-43\test_delete_milestone0\engagements\9f606382-1c5b-4208-aff9-ebd681dfa74a\engagement.db (pool_size=5)
2026-06-19 22:07:52 - huginn - INFO - EngagementDatabase schema created: C:\Users\allie\AppData\Local\Temp\pytest-of-allie\pytest-43\test_delete_milestone0\engagements\9f606382-1c5b-4208-aff9-ebd681dfa74a\engagement.db
2026-06-19 22:07:52 - huginn - INFO - EngagementDatabase closed: C:\Users\allie\AppData\Local\Temp\pytest-of-allie\pytest-43\test_delete_milestone0\engagements\9f606382-1c5b-4208-aff9-ebd681dfa74a\engagement.db (5 connections)
2026-06-19 22:07:52 - huginn - INFO - Engagement created: 9f606382-1c5b-4208-aff9-ebd681dfa74a (Milestone Test)
2026-06-19 22:07:52 - huginn - INFO - EngagementDatabase connected: C:\Users\allie\AppData\Local\Temp\pytest-of-allie\pytest-43\test_delete_milestone0\engagements\9f606382-1c5b-4208-aff9-ebd681dfa74a\engagement.db (pool_size=5)
2026-06-19 22:07:52 - huginn - INFO - Engagement opened: 9f606382-1c5b-4208-aff9-ebd681dfa74a
2026-06-19 22:07:52 - huginn - DEBUG - Milestone added: Remove (checkpoint)
2026-06-19 22:07:52 - huginn - INFO - EngagementDatabase closed: C:\Users\allie\AppData\Local\Temp\pytest-of-allie\pytest-43\test_delete_milestone0\engagements\9f606382-1c5b-4208-aff9-ebd681dfa74a\engagement.db (5 connections)
2026-06-19 22:07:52 - huginn - INFO - Active engagement closed.
2026-06-19 22:07:52 - huginn - INFO - EngagementManager closed.
2026-06-19 22:07:52 - huginn - INFO - Master index schema initialized.
2026-06-19 22:07:52 - huginn - INFO - EngagementDatabase connected: C:\Users\allie\AppData\Local\Temp\pytest-of-allie\pytest-43\test_engagement_created_signal0\engagements\e34ac12d-c4ee-4020-a19d-d830a9a4b5b9\engagement.db (pool_size=5)
2026-06-19 22:07:52 - huginn - INFO - EngagementDatabase schema created: C:\Users\allie\AppData\Local\Temp\pytest-of-allie\pytest-43\test_engagement_created_signal0\engagements\e34ac12d-c4ee-4020-a19d-d830a9a4b5b9\engagement.db
2026-06-19 22:07:52 - huginn - INFO - EngagementDatabase closed: C:\Users\allie\AppData\Local\Temp\pytest-of-allie\pytest-43\test_engagement_created_signal0\engagements\e34ac12d-c4ee-4020-a19d-d830a9a4b5b9\engagement.db (5 connections)
2026-06-19 22:07:52 - huginn - INFO - Engagement created: e34ac12d-c4ee-4020-a19d-d830a9a4b5b9 (Signal)
2026-06-19 22:07:52 - huginn - INFO - EngagementManager closed.
2026-06-19 22:07:52 - huginn - INFO - Master index schema initialized.
2026-06-19 22:07:52 - huginn - INFO - EngagementDatabase connected: C:\Users\allie\AppData\Local\Temp\pytest-of-allie\pytest-43\test_engagement_opened_signal0\engagements\7fb59afc-db05-494e-a13e-156e3f7feb4b\engagement.db (pool_size=5)
2026-06-19 22:07:52 - huginn - INFO - EngagementDatabase schema created: C:\Users\allie\AppData\Local\Temp\pytest-of-allie\pytest-43\test_engagement_opened_signal0\engagements\7fb59afc-db05-494e-a13e-156e3f7feb4b\engagement.db
2026-06-19 22:07:52 - huginn - INFO - EngagementDatabase closed: C:\Users\allie\AppData\Local\Temp\pytest-of-allie\pytest-43\test_engagement_opened_signal0\engagements\7fb59afc-db05-494e-a13e-156e3f7feb4b\engagement.db (5 connections)
2026-06-19 22:07:52 - huginn - INFO - Engagement created: 7fb59afc-db05-494e-a13e-156e3f7feb4b (Signal Open)
2026-06-19 22:07:52 - huginn - INFO - EngagementDatabase connected: C:\Users\allie\AppData\Local\Temp\pytest-of-allie\pytest-43\test_engagement_opened_signal0\engagements\7fb59afc-db05-494e-a13e-156e3f7feb4b\engagement.db (pool_size=5)
2026-06-19 22:07:52 - huginn - INFO - Engagement opened: 7fb59afc-db05-494e-a13e-156e3f7feb4b
2026-06-19 22:07:52 - huginn - INFO - EngagementDatabase closed: C:\Users\allie\AppData\Local\Temp\pytest-of-allie\pytest-43\test_engagement_opened_signal0\engagements\7fb59afc-db05-494e-a13e-156e3f7feb4b\engagement.db (5 connections)
2026-06-19 22:07:52 - huginn - INFO - Active engagement closed.
2026-06-19 22:07:53 - huginn - INFO - EngagementManager closed.
2026-06-19 22:07:53 - huginn - INFO - Master index schema initialized.
2026-06-19 22:07:53 - huginn - INFO - EngagementDatabase connected: C:\Users\allie\AppData\Local\Temp\pytest-of-allie\pytest-43\test_state_changed_signal0\engagements\df134ca4-09f7-4ca8-a92b-5dcbad71f504\engagement.db (pool_size=5)
2026-06-19 22:07:53 - huginn - INFO - EngagementDatabase schema created: C:\Users\allie\AppData\Local\Temp\pytest-of-allie\pytest-43\test_state_changed_signal0\engagements\df134ca4-09f7-4ca8-a92b-5dcbad71f504\engagement.db
2026-06-19 22:07:53 - huginn - INFO - EngagementDatabase closed: C:\Users\allie\AppData\Local\Temp\pytest-of-allie\pytest-43\test_state_changed_signal0\engagements\df134ca4-09f7-4ca8-a92b-5dcbad71f504\engagement.db (5 connections)
2026-06-19 22:07:53 - huginn - INFO - Engagement created: df134ca4-09f7-4ca8-a92b-5dcbad71f504 (Signal State)
2026-06-19 22:07:53 - huginn - INFO - State transition: df134ca4-09f7-4ca8-a92b-5dcbad71f504 draft -> scoping
2026-06-19 22:07:53 - huginn - INFO - EngagementManager closed.
2026-06-19 22:07:53 - huginn - INFO - Master index schema initialized.
2026-06-19 22:07:53 - huginn - INFO - EngagementManager closed.
2026-06-19 22:07:53 - huginn - INFO - EngagementDatabase connected: C:\Users\allie\AppData\Local\Temp\pytest-of-allie\pytest-43\test_connect_creates_directory0\nested\dir\engagement.db (pool_size=5)
2026-06-19 22:07:53 - huginn - INFO - EngagementDatabase closed: C:\Users\allie\AppData\Local\Temp\pytest-of-allie\pytest-43\test_connect_creates_directory0\nested\dir\engagement.db (5 connections)
2026-06-19 22:07:53 - huginn - INFO - EngagementDatabase connected: C:\Users\allie\AppData\Local\Temp\pytest-of-allie\pytest-43\test_connect_idempotent0\engagement.db (pool_size=5)
2026-06-19 22:07:53 - huginn - INFO - EngagementDatabase schema created: C:\Users\allie\AppData\Local\Temp\pytest-of-allie\pytest-43\test_connect_idempotent0\engagement.db
2026-06-19 22:07:53 - huginn - DEBUG - EngagementDatabase already connected: C:\Users\allie\AppData\Local\Temp\pytest-of-allie\pytest-43\test_connect_idempotent0\engagement.db
2026-06-19 22:07:53 - huginn - INFO - EngagementDatabase closed: C:\Users\allie\AppData\Local\Temp\pytest-of-allie\pytest-43\test_connect_idempotent0\engagement.db (5 connections)
2026-06-19 22:07:53 - huginn - INFO - EngagementDatabase connected: C:\Users\allie\AppData\Local\Temp\pytest-of-allie\pytest-43\test_close_marks_disconnected0\engagement.db (pool_size=5)
2026-06-19 22:07:53 - huginn - INFO - EngagementDatabase closed: C:\Users\allie\AppData\Local\Temp\pytest-of-allie\pytest-43\test_close_marks_disconnected0\engagement.db (5 connections)
2026-06-19 22:07:53 - huginn - INFO - EngagementDatabase connected: C:\Users\allie\AppData\Local\Temp\pytest-of-allie\pytest-43\test_close_idempotent0\engagement.db (pool_size=5)
2026-06-19 22:07:53 - huginn - INFO - EngagementDatabase closed: C:\Users\allie\AppData\Local\Temp\pytest-of-allie\pytest-43\test_close_idempotent0\engagement.db (5 connections)
2026-06-19 22:07:53 - huginn - INFO - EngagementDatabase connected: C:\Users\allie\AppData\Local\Temp\pytest-of-allie\pytest-43\test_wal_mode_enabled0\engagement.db (pool_size=5)
2026-06-19 22:07:53 - huginn - INFO - EngagementDatabase schema created: C:\Users\allie\AppData\Local\Temp\pytest-of-allie\pytest-43\test_wal_mode_enabled0\engagement.db
2026-06-19 22:07:53 - huginn - INFO - EngagementDatabase closed: C:\Users\allie\AppData\Local\Temp\pytest-of-allie\pytest-43\test_wal_mode_enabled0\engagement.db (5 connections)
2026-06-19 22:07:53 - huginn - INFO - EngagementDatabase connected: C:\Users\allie\AppData\Local\Temp\pytest-of-allie\pytest-43\test_foreign_keys_enabled0\engagement.db (pool_size=5)
2026-06-19 22:07:53 - huginn - INFO - EngagementDatabase schema created: C:\Users\allie\AppData\Local\Temp\pytest-of-allie\pytest-43\test_foreign_keys_enabled0\engagement.db
2026-06-19 22:07:53 - huginn - INFO - EngagementDatabase closed: C:\Users\allie\AppData\Local\Temp\pytest-of-allie\pytest-43\test_foreign_keys_enabled0\engagement.db (5 connections)
2026-06-19 22:07:53 - huginn - INFO - EngagementDatabase connected: C:\Users\allie\AppData\Local\Temp\pytest-of-allie\pytest-43\test_all_tables_created0\engagement.db (pool_size=5)
2026-06-19 22:07:53 - huginn - INFO - EngagementDatabase schema created: C:\Users\allie\AppData\Local\Temp\pytest-of-allie\pytest-43\test_all_tables_created0\engagement.db
2026-06-19 22:07:53 - huginn - INFO - EngagementDatabase closed: C:\Users\allie\AppData\Local\Temp\pytest-of-allie\pytest-43\test_all_tables_created0\engagement.db (5 connections)
2026-06-19 22:07:53 - huginn - INFO - EngagementDatabase connected: C:\Users\allie\AppData\Local\Temp\pytest-of-allie\pytest-43\test_indexes_created0\engagement.db (pool_size=5)
2026-06-19 22:07:53 - huginn - INFO - EngagementDatabase schema created: C:\Users\allie\AppData\Local\Temp\pytest-of-allie\pytest-43\test_indexes_created0\engagement.db
2026-06-19 22:07:53 - huginn - INFO - EngagementDatabase closed: C:\Users\allie\AppData\Local\Temp\pytest-of-allie\pytest-43\test_indexes_created0\engagement.db (5 connections)
2026-06-19 22:07:53 - huginn - INFO - EngagementDatabase connected: C:\Users\allie\AppData\Local\Temp\pytest-of-allie\pytest-43\test_create_schema_idempotent0\engagement.db (pool_size=5)
2026-06-19 22:07:53 - huginn - INFO - EngagementDatabase schema created: C:\Users\allie\AppData\Local\Temp\pytest-of-allie\pytest-43\test_create_schema_idempotent0\engagement.db
2026-06-19 22:07:53 - huginn - INFO - EngagementDatabase schema created: C:\Users\allie\AppData\Local\Temp\pytest-of-allie\pytest-43\test_create_schema_idempotent0\engagement.db
2026-06-19 22:07:53 - huginn - INFO - EngagementDatabase closed: C:\Users\allie\AppData\Local\Temp\pytest-of-allie\pytest-43\test_create_schema_idempotent0\engagement.db (5 connections)
2026-06-19 22:07:53 - huginn - INFO - EngagementDatabase connected: C:\Users\allie\AppData\Local\Temp\pytest-of-allie\pytest-43\test_execute_write_and_query0\engagement.db (pool_size=5)
2026-06-19 22:07:53 - huginn - INFO - EngagementDatabase schema created: C:\Users\allie\AppData\Local\Temp\pytest-of-allie\pytest-43\test_execute_write_and_query0\engagement.db
2026-06-19 22:07:53 - huginn - INFO - EngagementDatabase closed: C:\Users\allie\AppData\Local\Temp\pytest-of-allie\pytest-43\test_execute_write_and_query0\engagement.db (5 connections)
2026-06-19 22:07:53 - huginn - INFO - EngagementDatabase connected: C:\Users\allie\AppData\Local\Temp\pytest-of-allie\pytest-43\test_execute_many0\engagement.db (pool_size=5)
2026-06-19 22:07:53 - huginn - INFO - EngagementDatabase schema created: C:\Users\allie\AppData\Local\Temp\pytest-of-allie\pytest-43\test_execute_many0\engagement.db
2026-06-19 22:07:53 - huginn - INFO - EngagementDatabase closed: C:\Users\allie\AppData\Local\Temp\pytest-of-allie\pytest-43\test_execute_many0\engagement.db (5 connections)
2026-06-19 22:07:53 - huginn - INFO - EngagementDatabase connected: C:\Users\allie\AppData\Local\Temp\pytest-of-allie\pytest-43\test_get_connection_context_ma0\engagement.db (pool_size=5)
2026-06-19 22:07:53 - huginn - INFO - EngagementDatabase schema created: C:\Users\allie\AppData\Local\Temp\pytest-of-allie\pytest-43\test_get_connection_context_ma0\engagement.db
2026-06-19 22:07:53 - huginn - INFO - EngagementDatabase closed: C:\Users\allie\AppData\Local\Temp\pytest-of-allie\pytest-43\test_get_connection_context_ma0\engagement.db (5 connections)
2026-06-19 22:07:53 - huginn - INFO - EngagementDatabase connected: C:\Users\allie\AppData\Local\Temp\pytest-of-allie\pytest-43\test_foreign_key_enforcement0\engagement.db (pool_size=5)
2026-06-19 22:07:53 - huginn - INFO - EngagementDatabase schema created: C:\Users\allie\AppData\Local\Temp\pytest-of-allie\pytest-43\test_foreign_key_enforcement0\engagement.db
2026-06-19 22:07:53 - huginn - INFO - EngagementDatabase closed: C:\Users\allie\AppData\Local\Temp\pytest-of-allie\pytest-43\test_foreign_key_enforcement0\engagement.db (5 connections)
2026-06-19 22:08:47 - huginn - INFO - License saved successfully
2026-06-19 22:08:47 - huginn - INFO - License loaded and validated successfully
2026-06-19 22:08:47 - huginn - INFO - Application starting...
2026-06-19 22:08:47 - huginn - INFO - Huginn version 1.0.0
2026-06-19 22:08:47 - huginn - INFO - Font loaded successfully
2026-06-19 22:08:47 - huginn - INFO - Stylesheet loaded successfully
2026-06-19 22:08:47 - huginn - INFO - Creating main window...
2026-06-19 22:08:47 - huginn - INFO - QThreadPool max threads set to 32 (CPUs: 32)
2026-06-19 22:08:47 - huginn - INFO - Custom font 'Neuropol X' loaded from C:\Users\allie\Coding Projects\huggin_suite\huginn\resources\fonts\neuropol.otf
2026-06-19 22:08:48 - huginn - INFO - Master index schema initialized.
2026-06-19 22:08:48 - huginn - DEBUG - [FeatureGapIntegration] Tenant→Engagement wiring connected.
2026-06-19 22:08:48 - huginn - INFO - [FeatureGapIntegration] All new modules integrated successfully.
2026-06-19 22:08:48 - huginn - INFO - Feature gap integration completed successfully
2026-06-19 22:09:12 - huginn - INFO - EngagementDatabase connected: C:\Users\allie\Coding Projects\huggin_suite\huginn\resources\engagements\bb3d4a1e-4dff-45e4-a981-d4f32e8a2d2b\engagement.db (pool_size=5)
2026-06-19 22:09:12 - huginn - INFO - EngagementDatabase schema created: C:\Users\allie\Coding Projects\huggin_suite\huginn\resources\engagements\bb3d4a1e-4dff-45e4-a981-d4f32e8a2d2b\engagement.db
2026-06-19 22:09:12 - huginn - INFO - EngagementDatabase closed: C:\Users\allie\Coding Projects\huggin_suite\huginn\resources\engagements\bb3d4a1e-4dff-45e4-a981-d4f32e8a2d2b\engagement.db (5 connections)
2026-06-19 22:09:12 - huginn - INFO - Engagement created: bb3d4a1e-4dff-45e4-a981-d4f32e8a2d2b (Infomedia)
2026-06-19 22:09:12 - huginn - INFO - EngagementDatabase connected: C:\Users\allie\Coding Projects\huggin_suite\huginn\resources\engagements\bb3d4a1e-4dff-45e4-a981-d4f32e8a2d2b\engagement.db (pool_size=5)
2026-06-19 22:09:12 - huginn - INFO - Engagement opened: bb3d4a1e-4dff-45e4-a981-d4f32e8a2d2b
2026-06-19 22:09:12 - huginn - INFO - NoteSystem: database attached and FTS initialized.
2026-06-19 22:09:12 - huginn - INFO - RetestWorkflow: database attached.
2026-06-19 22:09:53 - huginn - DEBUG - Suppressed exception
Traceback (most recent call last):
  File "C:\Users\allie\Coding Projects\huggin_suite\huginn\app\core\asset_manager.py", line 713, in _resolve_hostname_to_ip
    ip = socket.gethostbyname(identifier)
socket.gaierror: [Errno 11001] getaddrinfo failed
2026-06-19 22:09:53 - huginn - DEBUG - Suppressed exception
Traceback (most recent call last):
  File "C:\Users\allie\Coding Projects\huggin_suite\huginn\app\core\asset_manager.py", line 713, in _resolve_hostname_to_ip
    ip = socket.gethostbyname(identifier)
socket.gaierror: [Errno 11001] getaddrinfo failed
2026-06-19 22:09:53 - huginn - DEBUG - Suppressed exception
Traceback (most recent call last):
  File "C:\Users\allie\Coding Projects\huggin_suite\huginn\app\core\asset_manager.py", line 713, in _resolve_hostname_to_ip
    ip = socket.gethostbyname(identifier)
socket.gaierror: [Errno 11001] getaddrinfo failed
2026-06-19 22:09:53 - huginn - DEBUG - Suppressed exception
Traceback (most recent call last):
  File "C:\Users\allie\Coding Projects\huggin_suite\huginn\app\core\asset_manager.py", line 713, in _resolve_hostname_to_ip
    ip = socket.gethostbyname(identifier)
socket.gaierror: [Errno 11001] getaddrinfo failed
2026-06-19 22:09:53 - huginn - DEBUG - Suppressed exception
Traceback (most recent call last):
  File "C:\Users\allie\Coding Projects\huggin_suite\huginn\app\core\asset_manager.py", line 713, in _resolve_hostname_to_ip
    ip = socket.gethostbyname(identifier)
socket.gaierror: [Errno 11001] getaddrinfo failed
2026-06-19 22:09:53 - huginn - DEBUG - Suppressed exception
Traceback (most recent call last):
  File "C:\Users\allie\Coding Projects\huggin_suite\huginn\app\core\asset_manager.py", line 713, in _resolve_hostname_to_ip
    ip = socket.gethostbyname(identifier)
socket.gaierror: [Errno 11001] getaddrinfo failed
2026-06-19 22:09:53 - huginn - DEBUG - Suppressed exception
Traceback (most recent call last):
  File "C:\Users\allie\Coding Projects\huggin_suite\huginn\app\core\asset_manager.py", line 713, in _resolve_hostname_to_ip
    ip = socket.gethostbyname(identifier)
socket.gaierror: [Errno 11001] getaddrinfo failed
2026-06-19 22:09:53 - huginn - DEBUG - Suppressed exception
Traceback (most recent call last):
  File "C:\Users\allie\Coding Projects\huggin_suite\huginn\app\core\asset_manager.py", line 713, in _resolve_hostname_to_ip
    ip = socket.gethostbyname(identifier)
socket.gaierror: [Errno 11001] getaddrinfo failed
2026-06-19 22:09:53 - huginn - DEBUG - Suppressed exception
Traceback (most recent call last):
  File "C:\Users\allie\Coding Projects\huggin_suite\huginn\app\core\asset_manager.py", line 713, in _resolve_hostname_to_ip
    ip = socket.gethostbyname(identifier)
socket.gaierror: [Errno 11001] getaddrinfo failed
2026-06-19 22:09:53 - huginn - DEBUG - Suppressed exception
Traceback (most recent call last):
  File "C:\Users\allie\Coding Projects\huggin_suite\huginn\app\core\asset_manager.py", line 713, in _resolve_hostname_to_ip
    ip = socket.gethostbyname(identifier)
socket.gaierror: [Errno 11001] getaddrinfo failed
2026-06-19 22:09:53 - huginn - DEBUG - Suppressed exception
Traceback (most recent call last):
  File "C:\Users\allie\Coding Projects\huggin_suite\huginn\app\core\asset_manager.py", line 713, in _resolve_hostname_to_ip
    ip = socket.gethostbyname(identifier)
socket.gaierror: [Errno 11001] getaddrinfo failed
2026-06-19 22:09:53 - huginn - DEBUG - Suppressed exception
Traceback (most recent call last):
  File "C:\Users\allie\Coding Projects\huggin_suite\huginn\app\core\asset_manager.py", line 713, in _resolve_hostname_to_ip
    ip = socket.gethostbyname(identifier)
socket.gaierror: [Errno 11001] getaddrinfo failed
2026-06-19 22:09:53 - huginn - DEBUG - Suppressed exception
Traceback (most recent call last):
  File "C:\Users\allie\Coding Projects\huggin_suite\huginn\app\core\asset_manager.py", line 713, in _resolve_hostname_to_ip
    ip = socket.gethostbyname(identifier)
socket.gaierror: [Errno 11001] getaddrinfo failed
2026-06-19 22:09:53 - huginn - DEBUG - Suppressed exception
Traceback (most recent call last):
  File "C:\Users\allie\Coding Projects\huggin_suite\huginn\app\core\asset_manager.py", line 713, in _resolve_hostname_to_ip
    ip = socket.gethostbyname(identifier)
socket.gaierror: [Errno 11001] getaddrinfo failed
2026-06-19 22:09:53 - huginn - DEBUG - Suppressed exception
Traceback (most recent call last):
  File "C:\Users\allie\Coding Projects\huggin_suite\huginn\app\core\asset_manager.py", line 713, in _resolve_hostname_to_ip
    ip = socket.gethostbyname(identifier)
socket.gaierror: [Errno 11001] getaddrinfo failed
2026-06-19 22:09:53 - huginn - DEBUG - Suppressed exception
Traceback (most recent call last):
  File "C:\Users\allie\Coding Projects\huggin_suite\huginn\app\core\asset_manager.py", line 713, in _resolve_hostname_to_ip
    ip = socket.gethostbyname(identifier)
socket.gaierror: [Errno 11001] getaddrinfo failed
2026-06-19 22:09:53 - huginn - DEBUG - Suppressed exception
Traceback (most recent call last):
  File "C:\Users\allie\Coding Projects\huggin_suite\huginn\app\core\asset_manager.py", line 713, in _resolve_hostname_to_ip
    ip = socket.gethostbyname(identifier)
socket.gaierror: [Errno 11001] getaddrinfo failed
2026-06-19 22:09:53 - huginn - DEBUG - Suppressed exception
Traceback (most recent call last):
  File "C:\Users\allie\Coding Projects\huggin_suite\huginn\app\core\asset_manager.py", line 713, in _resolve_hostname_to_ip
    ip = socket.gethostbyname(identifier)
socket.gaierror: [Errno 11001] getaddrinfo failed
2026-06-19 22:09:53 - huginn - DEBUG - Suppressed exception
Traceback (most recent call last):
  File "C:\Users\allie\Coding Projects\huggin_suite\huginn\app\core\asset_manager.py", line 713, in _resolve_hostname_to_ip
    ip = socket.gethostbyname(identifier)
socket.gaierror: [Errno 11001] getaddrinfo failed
2026-06-19 22:09:53 - huginn - DEBUG - Suppressed exception
Traceback (most recent call last):
  File "C:\Users\allie\Coding Projects\huggin_suite\huginn\app\core\asset_manager.py", line 713, in _resolve_hostname_to_ip
    ip = socket.gethostbyname(identifier)
socket.gaierror: [Errno 11001] getaddrinfo failed
2026-06-19 22:09:53 - huginn - DEBUG - Suppressed exception
Traceback (most recent call last):
  File "C:\Users\allie\Coding Projects\huggin_suite\huginn\app\core\asset_manager.py", line 713, in _resolve_hostname_to_ip
    ip = socket.gethostbyname(identifier)
socket.gaierror: [Errno 11001] getaddrinfo failed
2026-06-19 22:09:54 - huginn - DEBUG - Suppressed exception
Traceback (most recent call last):
  File "C:\Users\allie\Coding Projects\huggin_suite\huginn\app\core\asset_manager.py", line 713, in _resolve_hostname_to_ip
    ip = socket.gethostbyname(identifier)
socket.gaierror: [Errno 11001] getaddrinfo failed
2026-06-19 22:09:54 - huginn - DEBUG - Suppressed exception
Traceback (most recent call last):
  File "C:\Users\allie\Coding Projects\huggin_suite\huginn\app\core\asset_manager.py", line 713, in _resolve_hostname_to_ip
    ip = socket.gethostbyname(identifier)
socket.gaierror: [Errno 11001] getaddrinfo failed
2026-06-19 22:09:54 - huginn - DEBUG - Suppressed exception
Traceback (most recent call last):
  File "C:\Users\allie\Coding Projects\huggin_suite\huginn\app\core\asset_manager.py", line 713, in _resolve_hostname_to_ip
    ip = socket.gethostbyname(identifier)
socket.gaierror: [Errno 11001] getaddrinfo failed
2026-06-19 22:09:54 - huginn - DEBUG - Suppressed exception
Traceback (most recent call last):
  File "C:\Users\allie\Coding Projects\huggin_suite\huginn\app\core\asset_manager.py", line 713, in _resolve_hostname_to_ip
    ip = socket.gethostbyname(identifier)
socket.gaierror: [Errno 11001] getaddrinfo failed
2026-06-19 22:09:54 - huginn - DEBUG - Suppressed exception
Traceback (most recent call last):
  File "C:\Users\allie\Coding Projects\huggin_suite\huginn\app\core\asset_manager.py", line 713, in _resolve_hostname_to_ip
    ip = socket.gethostbyname(identifier)
socket.gaierror: [Errno 11001] getaddrinfo failed
2026-06-19 22:09:54 - huginn - DEBUG - Suppressed exception
Traceback (most recent call last):
  File "C:\Users\allie\Coding Projects\huggin_suite\huginn\app\core\asset_manager.py", line 713, in _resolve_hostname_to_ip
    ip = socket.gethostbyname(identifier)
socket.gaierror: [Errno 11001] getaddrinfo failed
2026-06-19 22:09:54 - huginn - DEBUG - Suppressed exception
Traceback (most recent call last):
  File "C:\Users\allie\Coding Projects\huggin_suite\huginn\app\core\asset_manager.py", line 713, in _resolve_hostname_to_ip
    ip = socket.gethostbyname(identifier)
socket.gaierror: [Errno 11001] getaddrinfo failed
2026-06-19 22:09:54 - huginn - DEBUG - Suppressed exception
Traceback (most recent call last):
  File "C:\Users\allie\Coding Projects\huggin_suite\huginn\app\core\asset_manager.py", line 713, in _resolve_hostname_to_ip
    ip = socket.gethostbyname(identifier)
socket.gaierror: [Errno 11001] getaddrinfo failed
2026-06-19 22:09:54 - huginn - DEBUG - Suppressed exception
Traceback (most recent call last):
  File "C:\Users\allie\Coding Projects\huggin_suite\huginn\app\core\asset_manager.py", line 713, in _resolve_hostname_to_ip
    ip = socket.gethostbyname(identifier)
socket.gaierror: [Errno 11001] getaddrinfo failed
2026-06-19 22:09:54 - huginn - DEBUG - Suppressed exception
Traceback (most recent call last):
  File "C:\Users\allie\Coding Projects\huggin_suite\huginn\app\core\asset_manager.py", line 713, in _resolve_hostname_to_ip
    ip = socket.gethostbyname(identifier)
socket.gaierror: [Errno 11001] getaddrinfo failed
2026-06-19 22:09:54 - huginn - DEBUG - Suppressed exception
Traceback (most recent call last):
  File "C:\Users\allie\Coding Projects\huggin_suite\huginn\app\core\asset_manager.py", line 713, in _resolve_hostname_to_ip
    ip = socket.gethostbyname(identifier)
socket.gaierror: [Errno 11001] getaddrinfo failed
2026-06-19 22:09:54 - huginn - DEBUG - Suppressed exception
Traceback (most recent call last):
  File "C:\Users\allie\Coding Projects\huggin_suite\huginn\app\core\asset_manager.py", line 713, in _resolve_hostname_to_ip
    ip = socket.gethostbyname(identifier)
socket.gaierror: [Errno 11001] getaddrinfo failed
2026-06-19 22:09:54 - huginn - DEBUG - Suppressed exception
Traceback (most recent call last):
  File "C:\Users\allie\Coding Projects\huggin_suite\huginn\app\core\asset_manager.py", line 713, in _resolve_hostname_to_ip
    ip = socket.gethostbyname(identifier)
socket.gaierror: [Errno 11001] getaddrinfo failed
2026-06-19 22:09:54 - huginn - DEBUG - Suppressed exception
Traceback (most recent call last):
  File "C:\Users\allie\Coding Projects\huggin_suite\huginn\app\core\asset_manager.py", line 713, in _resolve_hostname_to_ip
    ip = socket.gethostbyname(identifier)
socket.gaierror: [Errno 11001] getaddrinfo failed
2026-06-19 22:09:54 - huginn - DEBUG - Suppressed exception
Traceback (most recent call last):
  File "C:\Users\allie\Coding Projects\huggin_suite\huginn\app\core\asset_manager.py", line 713, in _resolve_hostname_to_ip
    ip = socket.gethostbyname(identifier)
socket.gaierror: [Errno 11001] getaddrinfo failed
2026-06-19 22:09:54 - huginn - DEBUG - Suppressed exception
Traceback (most recent call last):
  File "C:\Users\allie\Coding Projects\huggin_suite\huginn\app\core\asset_manager.py", line 713, in _resolve_hostname_to_ip
    ip = socket.gethostbyname(identifier)
socket.gaierror: [Errno 11001] getaddrinfo failed
2026-06-19 22:14:10 - huginn - DEBUG - Memory monitoring stopped
2026-06-19 22:14:10 - huginn - DEBUG - Connection pool closed all sessions
2026-06-19 22:14:31 - huginn - INFO - Using default configuration
2026-06-19 22:14:33 - huginn - INFO - License saved successfully
2026-06-19 22:14:33 - huginn - INFO - License loaded and validated successfully
2026-06-19 22:14:42 - huginn - INFO - Using default configuration
2026-06-19 22:14:45 - huginn - INFO - License saved successfully
2026-06-19 22:14:45 - huginn - INFO - License loaded and validated successfully
2026-06-19 22:15:17 - huginn - INFO - Using default configuration
2026-06-19 22:15:20 - huginn - INFO - License saved successfully
2026-06-19 22:15:20 - huginn - INFO - License loaded and validated successfully
2026-06-19 22:15:31 - huginn - INFO - Using default configuration
2026-06-19 22:15:33 - huginn - INFO - License saved successfully
2026-06-19 22:15:33 - huginn - INFO - License loaded and validated successfully
2026-06-19 22:15:39 - huginn - INFO - Using default configuration
2026-06-19 22:15:42 - huginn - INFO - License saved successfully
2026-06-19 22:15:42 - huginn - INFO - License loaded and validated successfully
2026-06-19 22:15:46 - huginn - INFO - Using default configuration
2026-06-19 22:15:49 - huginn - INFO - License saved successfully
2026-06-19 22:15:49 - huginn - INFO - License loaded and validated successfully
2026-06-19 22:16:35 - huginn - INFO - QThreadPool max threads set to 32 (CPUs: 32)
2026-06-19 22:16:35 - huginn - WARNING - Font loading failed - file not found or invalid: C:\Users\allie\Coding Projects\huggin_suite\huginn\tests\resources\fonts\neuropol.otf
2026-06-19 22:16:36 - huginn - INFO - License saved successfully
2026-06-19 22:16:36 - huginn - INFO - License loaded and validated successfully
2026-06-19 22:16:36 - huginn - INFO - Master index schema initialized.
2026-06-19 22:16:36 - huginn - INFO - EngagementDatabase connected: C:\Users\allie\AppData\Local\Temp\pytest-of-allie\pytest-44\test_create_engagement_returns0\engagements\f19f9547-4feb-4db8-8aec-f1daabb9b4ea\engagement.db (pool_size=5)
2026-06-19 22:16:36 - huginn - INFO - EngagementDatabase schema created: C:\Users\allie\AppData\Local\Temp\pytest-of-allie\pytest-44\test_create_engagement_returns0\engagements\f19f9547-4feb-4db8-8aec-f1daabb9b4ea\engagement.db
2026-06-19 22:16:36 - huginn - INFO - EngagementDatabase closed: C:\Users\allie\AppData\Local\Temp\pytest-of-allie\pytest-44\test_create_engagement_returns0\engagements\f19f9547-4feb-4db8-8aec-f1daabb9b4ea\engagement.db (5 connections)
2026-06-19 22:16:36 - huginn - INFO - Engagement created: f19f9547-4feb-4db8-8aec-f1daabb9b4ea (Test Engagement)
2026-06-19 22:16:36 - huginn - INFO - EngagementManager closed.
2026-06-19 22:16:36 - huginn - INFO - Master index schema initialized.
2026-06-19 22:16:36 - huginn - INFO - EngagementDatabase connected: C:\Users\allie\AppData\Local\Temp\pytest-of-allie\pytest-44\test_create_engagement_creates0\engagements\32a334ae-c751-4e82-9f4f-7e9f3fe73197\engagement.db (pool_size=5)
2026-06-19 22:16:36 - huginn - INFO - EngagementDatabase schema created: C:\Users\allie\AppData\Local\Temp\pytest-of-allie\pytest-44\test_create_engagement_creates0\engagements\32a334ae-c751-4e82-9f4f-7e9f3fe73197\engagement.db
2026-06-19 22:16:36 - huginn - INFO - EngagementDatabase closed: C:\Users\allie\AppData\Local\Temp\pytest-of-allie\pytest-44\test_create_engagement_creates0\engagements\32a334ae-c751-4e82-9f4f-7e9f3fe73197\engagement.db (5 connections)
2026-06-19 22:16:36 - huginn - INFO - Engagement created: 32a334ae-c751-4e82-9f4f-7e9f3fe73197 (DB File Test)
2026-06-19 22:16:36 - huginn - INFO - EngagementManager closed.
2026-06-19 22:16:36 - huginn - INFO - Master index schema initialized.
2026-06-19 22:16:36 - huginn - INFO - EngagementDatabase connected: C:\Users\allie\AppData\Local\Temp\pytest-of-allie\pytest-44\test_create_engagement_initial0\engagements\17e6f1c3-73a6-48ee-89cd-01e75d59bd55\engagement.db (pool_size=5)
2026-06-19 22:16:36 - huginn - INFO - EngagementDatabase schema created: C:\Users\allie\AppData\Local\Temp\pytest-of-allie\pytest-44\test_create_engagement_initial0\engagements\17e6f1c3-73a6-48ee-89cd-01e75d59bd55\engagement.db
2026-06-19 22:16:36 - huginn - INFO - EngagementDatabase closed: C:\Users\allie\AppData\Local\Temp\pytest-of-allie\pytest-44\test_create_engagement_initial0\engagements\17e6f1c3-73a6-48ee-89cd-01e75d59bd55\engagement.db (5 connections)
2026-06-19 22:16:36 - huginn - INFO - Engagement created: 17e6f1c3-73a6-48ee-89cd-01e75d59bd55 (State Test)
2026-06-19 22:16:36 - huginn - INFO - EngagementManager closed.
2026-06-19 22:16:36 - huginn - INFO - Master index schema initialized.
2026-06-19 22:16:36 - huginn - INFO - EngagementDatabase connected: C:\Users\allie\AppData\Local\Temp\pytest-of-allie\pytest-44\test_create_multiple_engagemen0\engagements\670e30bf-b1cc-4ce8-b73f-f520399428c3\engagement.db (pool_size=5)
2026-06-19 22:16:36 - huginn - INFO - EngagementDatabase schema created: C:\Users\allie\AppData\Local\Temp\pytest-of-allie\pytest-44\test_create_multiple_engagemen0\engagements\670e30bf-b1cc-4ce8-b73f-f520399428c3\engagement.db
2026-06-19 22:16:36 - huginn - INFO - EngagementDatabase closed: C:\Users\allie\AppData\Local\Temp\pytest-of-allie\pytest-44\test_create_multiple_engagemen0\engagements\670e30bf-b1cc-4ce8-b73f-f520399428c3\engagement.db (5 connections)
2026-06-19 22:16:36 - huginn - INFO - Engagement created: 670e30bf-b1cc-4ce8-b73f-f520399428c3 (Engagement 0)
2026-06-19 22:16:36 - huginn - INFO - EngagementDatabase connected: C:\Users\allie\AppData\Local\Temp\pytest-of-allie\pytest-44\test_create_multiple_engagemen0\engagements\c97fedde-3d90-462d-9aa2-c48d416b1407\engagement.db (pool_size=5)
2026-06-19 22:16:36 - huginn - INFO - EngagementDatabase schema created: C:\Users\allie\AppData\Local\Temp\pytest-of-allie\pytest-44\test_create_multiple_engagemen0\engagements\c97fedde-3d90-462d-9aa2-c48d416b1407\engagement.db
2026-06-19 22:16:36 - huginn - INFO - EngagementDatabase closed: C:\Users\allie\AppData\Local\Temp\pytest-of-allie\pytest-44\test_create_multiple_engagemen0\engagements\c97fedde-3d90-462d-9aa2-c48d416b1407\engagement.db (5 connections)
2026-06-19 22:16:36 - huginn - INFO - Engagement created: c97fedde-3d90-462d-9aa2-c48d416b1407 (Engagement 1)
2026-06-19 22:16:37 - huginn - INFO - EngagementDatabase connected: C:\Users\allie\AppData\Local\Temp\pytest-of-allie\pytest-44\test_create_multiple_engagemen0\engagements\965f5957-ed4e-45d2-bad8-4a69070e2aeb\engagement.db (pool_size=5)
2026-06-19 22:16:37 - huginn - INFO - EngagementDatabase schema created: C:\Users\allie\AppData\Local\Temp\pytest-of-allie\pytest-44\test_create_multiple_engagemen0\engagements\965f5957-ed4e-45d2-bad8-4a69070e2aeb\engagement.db
2026-06-19 22:16:37 - huginn - INFO - EngagementDatabase closed: C:\Users\allie\AppData\Local\Temp\pytest-of-allie\pytest-44\test_create_multiple_engagemen0\engagements\965f5957-ed4e-45d2-bad8-4a69070e2aeb\engagement.db (5 connections)
2026-06-19 22:16:37 - huginn - INFO - Engagement created: 965f5957-ed4e-45d2-bad8-4a69070e2aeb (Engagement 2)
2026-06-19 22:16:37 - huginn - INFO - EngagementDatabase connected: C:\Users\allie\AppData\Local\Temp\pytest-of-allie\pytest-44\test_create_multiple_engagemen0\engagements\2974755b-4e4c-454b-9ccb-de4b4c0cc34d\engagement.db (pool_size=5)
2026-06-19 22:16:37 - huginn - INFO - EngagementDatabase schema created: C:\Users\allie\AppData\Local\Temp\pytest-of-allie\pytest-44\test_create_multiple_engagemen0\engagements\2974755b-4e4c-454b-9ccb-de4b4c0cc34d\engagement.db
2026-06-19 22:16:37 - huginn - INFO - EngagementDatabase closed: C:\Users\allie\AppData\Local\Temp\pytest-of-allie\pytest-44\test_create_multiple_engagemen0\engagements\2974755b-4e4c-454b-9ccb-de4b4c0cc34d\engagement.db (5 connections)
2026-06-19 22:16:37 - huginn - INFO - Engagement created: 2974755b-4e4c-454b-9ccb-de4b4c0cc34d (Engagement 3)
2026-06-19 22:16:37 - huginn - INFO - EngagementDatabase connected: C:\Users\allie\AppData\Local\Temp\pytest-of-allie\pytest-44\test_create_multiple_engagemen0\engagements\858f143f-3c29-4876-88ed-a3b1969bd899\engagement.db (pool_size=5)
2026-06-19 22:16:37 - huginn - INFO - EngagementDatabase schema created: C:\Users\allie\AppData\Local\Temp\pytest-of-allie\pytest-44\test_create_multiple_engagemen0\engagements\858f143f-3c29-4876-88ed-a3b1969bd899\engagement.db
2026-06-19 22:16:37 - huginn - INFO - EngagementDatabase closed: C:\Users\allie\AppData\Local\Temp\pytest-of-allie\pytest-44\test_create_multiple_engagemen0\engagements\858f143f-3c29-4876-88ed-a3b1969bd899\engagement.db (5 connections)
2026-06-19 22:16:37 - huginn - INFO - Engagement created: 858f143f-3c29-4876-88ed-a3b1969bd899 (Engagement 4)
2026-06-19 22:16:37 - huginn - INFO - EngagementDatabase connected: C:\Users\allie\AppData\Local\Temp\pytest-of-allie\pytest-44\test_create_multiple_engagemen0\engagements\fa8c02dc-714b-4fd9-a5cd-f1cc87901e42\engagement.db (pool_size=5)
2026-06-19 22:16:37 - huginn - INFO - EngagementDatabase schema created: C:\Users\allie\AppData\Local\Temp\pytest-of-allie\pytest-44\test_create_multiple_engagemen0\engagements\fa8c02dc-714b-4fd9-a5cd-f1cc87901e42\engagement.db
2026-06-19 22:16:37 - huginn - INFO - EngagementDatabase closed: C:\Users\allie\AppData\Local\Temp\pytest-of-allie\pytest-44\test_create_multiple_engagemen0\engagements\fa8c02dc-714b-4fd9-a5cd-f1cc87901e42\engagement.db (5 connections)
2026-06-19 22:16:37 - huginn - INFO - Engagement created: fa8c02dc-714b-4fd9-a5cd-f1cc87901e42 (Engagement 5)
2026-06-19 22:16:37 - huginn - INFO - EngagementDatabase connected: C:\Users\allie\AppData\Local\Temp\pytest-of-allie\pytest-44\test_create_multiple_engagemen0\engagements\22d80c1a-7c32-4d74-929a-4cff5a083002\engagement.db (pool_size=5)
2026-06-19 22:16:37 - huginn - INFO - EngagementDatabase schema created: C:\Users\allie\AppData\Local\Temp\pytest-of-allie\pytest-44\test_create_multiple_engagemen0\engagements\22d80c1a-7c32-4d74-929a-4cff5a083002\engagement.db
2026-06-19 22:16:37 - huginn - INFO - EngagementDatabase closed: C:\Users\allie\AppData\Local\Temp\pytest-of-allie\pytest-44\test_create_multiple_engagemen0\engagements\22d80c1a-7c32-4d74-929a-4cff5a083002\engagement.db (5 connections)
2026-06-19 22:16:37 - huginn - INFO - Engagement created: 22d80c1a-7c32-4d74-929a-4cff5a083002 (Engagement 6)
2026-06-19 22:16:37 - huginn - INFO - EngagementDatabase connected: C:\Users\allie\AppData\Local\Temp\pytest-of-allie\pytest-44\test_create_multiple_engagemen0\engagements\5d10011d-bcdb-4500-93f6-357b38566d5e\engagement.db (pool_size=5)
2026-06-19 22:16:37 - huginn - INFO - EngagementDatabase schema created: C:\Users\allie\AppData\Local\Temp\pytest-of-allie\pytest-44\test_create_multiple_engagemen0\engagements\5d10011d-bcdb-4500-93f6-357b38566d5e\engagement.db
2026-06-19 22:16:37 - huginn - INFO - EngagementDatabase closed: C:\Users\allie\AppData\Local\Temp\pytest-of-allie\pytest-44\test_create_multiple_engagemen0\engagements\5d10011d-bcdb-4500-93f6-357b38566d5e\engagement.db (5 connections)
2026-06-19 22:16:37 - huginn - INFO - Engagement created: 5d10011d-bcdb-4500-93f6-357b38566d5e (Engagement 7)
2026-06-19 22:16:37 - huginn - INFO - EngagementDatabase connected: C:\Users\allie\AppData\Local\Temp\pytest-of-allie\pytest-44\test_create_multiple_engagemen0\engagements\9c376472-c8a6-4109-b637-c3966bc6e4f0\engagement.db (pool_size=5)
2026-06-19 22:16:37 - huginn - INFO - EngagementDatabase schema created: C:\Users\allie\AppData\Local\Temp\pytest-of-allie\pytest-44\test_create_multiple_engagemen0\engagements\9c376472-c8a6-4109-b637-c3966bc6e4f0\engagement.db
2026-06-19 22:16:37 - huginn - INFO - EngagementDatabase closed: C:\Users\allie\AppData\Local\Temp\pytest-of-allie\pytest-44\test_create_multiple_engagemen0\engagements\9c376472-c8a6-4109-b637-c3966bc6e4f0\engagement.db (5 connections)
2026-06-19 22:16:37 - huginn - INFO - Engagement created: 9c376472-c8a6-4109-b637-c3966bc6e4f0 (Engagement 8)
2026-06-19 22:16:37 - huginn - INFO - EngagementDatabase connected: C:\Users\allie\AppData\Local\Temp\pytest-of-allie\pytest-44\test_create_multiple_engagemen0\engagements\201c4684-4557-46cc-92d4-dfbbb0fe5f6f\engagement.db (pool_size=5)
2026-06-19 22:16:37 - huginn - INFO - EngagementDatabase schema created: C:\Users\allie\AppData\Local\Temp\pytest-of-allie\pytest-44\test_create_multiple_engagemen0\engagements\201c4684-4557-46cc-92d4-dfbbb0fe5f6f\engagement.db
2026-06-19 22:16:37 - huginn - INFO - EngagementDatabase closed: C:\Users\allie\AppData\Local\Temp\pytest-of-allie\pytest-44\test_create_multiple_engagemen0\engagements\201c4684-4557-46cc-92d4-dfbbb0fe5f6f\engagement.db (5 connections)
2026-06-19 22:16:37 - huginn - INFO - Engagement created: 201c4684-4557-46cc-92d4-dfbbb0fe5f6f (Engagement 9)
2026-06-19 22:16:37 - huginn - INFO - EngagementManager closed.
2026-06-19 22:16:37 - huginn - INFO - Master index schema initialized.
2026-06-19 22:16:37 - huginn - INFO - EngagementDatabase connected: C:\Users\allie\AppData\Local\Temp\pytest-of-allie\pytest-44\test_get_engagement_returns_me0\engagements\32bd712a-3cf9-4a4c-ae04-b0bbd406ed62\engagement.db (pool_size=5)
2026-06-19 22:16:37 - huginn - INFO - EngagementDatabase schema created: C:\Users\allie\AppData\Local\Temp\pytest-of-allie\pytest-44\test_get_engagement_returns_me0\engagements\32bd712a-3cf9-4a4c-ae04-b0bbd406ed62\engagement.db
2026-06-19 22:16:37 - huginn - INFO - EngagementDatabase closed: C:\Users\allie\AppData\Local\Temp\pytest-of-allie\pytest-44\test_get_engagement_returns_me0\engagements\32bd712a-3cf9-4a4c-ae04-b0bbd406ed62\engagement.db (5 connections)
2026-06-19 22:16:37 - huginn - INFO - Engagement created: 32bd712a-3cf9-4a4c-ae04-b0bbd406ed62 (Metadata Test)
2026-06-19 22:16:37 - huginn - INFO - EngagementManager closed.
2026-06-19 22:16:37 - huginn - INFO - Master index schema initialized.
2026-06-19 22:16:37 - huginn - INFO - EngagementManager closed.
2026-06-19 22:16:37 - huginn - INFO - Master index schema initialized.
2026-06-19 22:16:37 - huginn - INFO - EngagementDatabase connected: C:\Users\allie\AppData\Local\Temp\pytest-of-allie\pytest-44\test_list_all_engagements0\engagements\e6e34062-f312-461b-ae0d-24aae28eeb11\engagement.db (pool_size=5)
2026-06-19 22:16:37 - huginn - INFO - EngagementDatabase schema created: C:\Users\allie\AppData\Local\Temp\pytest-of-allie\pytest-44\test_list_all_engagements0\engagements\e6e34062-f312-461b-ae0d-24aae28eeb11\engagement.db
2026-06-19 22:16:37 - huginn - INFO - EngagementDatabase closed: C:\Users\allie\AppData\Local\Temp\pytest-of-allie\pytest-44\test_list_all_engagements0\engagements\e6e34062-f312-461b-ae0d-24aae28eeb11\engagement.db (5 connections)
2026-06-19 22:16:37 - huginn - INFO - Engagement created: e6e34062-f312-461b-ae0d-24aae28eeb11 (Eng 1)
2026-06-19 22:16:37 - huginn - INFO - EngagementDatabase connected: C:\Users\allie\AppData\Local\Temp\pytest-of-allie\pytest-44\test_list_all_engagements0\engagements\c2e457b0-b085-4a28-ad47-7309bcf7cd80\engagement.db (pool_size=5)
2026-06-19 22:16:37 - huginn - INFO - EngagementDatabase schema created: C:\Users\allie\AppData\Local\Temp\pytest-of-allie\pytest-44\test_list_all_engagements0\engagements\c2e457b0-b085-4a28-ad47-7309bcf7cd80\engagement.db
2026-06-19 22:16:37 - huginn - INFO - EngagementDatabase closed: C:\Users\allie\AppData\Local\Temp\pytest-of-allie\pytest-44\test_list_all_engagements0\engagements\c2e457b0-b085-4a28-ad47-7309bcf7cd80\engagement.db (5 connections)
2026-06-19 22:16:37 - huginn - INFO - Engagement created: c2e457b0-b085-4a28-ad47-7309bcf7cd80 (Eng 2)
2026-06-19 22:16:37 - huginn - INFO - EngagementManager closed.
2026-06-19 22:16:37 - huginn - INFO - Master index schema initialized.
2026-06-19 22:16:37 - huginn - INFO - EngagementDatabase connected: C:\Users\allie\AppData\Local\Temp\pytest-of-allie\pytest-44\test_list_engagements_status_f0\engagements\9fa7018e-7b90-40ce-a423-38f30d13e6ce\engagement.db (pool_size=5)
2026-06-19 22:16:37 - huginn - INFO - EngagementDatabase schema created: C:\Users\allie\AppData\Local\Temp\pytest-of-allie\pytest-44\test_list_engagements_status_f0\engagements\9fa7018e-7b90-40ce-a423-38f30d13e6ce\engagement.db
2026-06-19 22:16:37 - huginn - INFO - EngagementDatabase closed: C:\Users\allie\AppData\Local\Temp\pytest-of-allie\pytest-44\test_list_engagements_status_f0\engagements\9fa7018e-7b90-40ce-a423-38f30d13e6ce\engagement.db (5 connections)
2026-06-19 22:16:37 - huginn - INFO - Engagement created: 9fa7018e-7b90-40ce-a423-38f30d13e6ce (Draft Eng)
2026-06-19 22:16:37 - huginn - INFO - EngagementDatabase connected: C:\Users\allie\AppData\Local\Temp\pytest-of-allie\pytest-44\test_list_engagements_status_f0\engagements\4ec963ee-0a0c-4a70-ab4f-6cf2a0285b77\engagement.db (pool_size=5)
2026-06-19 22:16:37 - huginn - INFO - EngagementDatabase schema created: C:\Users\allie\AppData\Local\Temp\pytest-of-allie\pytest-44\test_list_engagements_status_f0\engagements\4ec963ee-0a0c-4a70-ab4f-6cf2a0285b77\engagement.db
2026-06-19 22:16:37 - huginn - INFO - EngagementDatabase closed: C:\Users\allie\AppData\Local\Temp\pytest-of-allie\pytest-44\test_list_engagements_status_f0\engagements\4ec963ee-0a0c-4a70-ab4f-6cf2a0285b77\engagement.db (5 connections)
2026-06-19 22:16:37 - huginn - INFO - Engagement created: 4ec963ee-0a0c-4a70-ab4f-6cf2a0285b77 (Active Eng)
2026-06-19 22:16:37 - huginn - INFO - State transition: 4ec963ee-0a0c-4a70-ab4f-6cf2a0285b77 draft -> scoping
2026-06-19 22:16:37 - huginn - INFO - State transition: 4ec963ee-0a0c-4a70-ab4f-6cf2a0285b77 scoping -> active
2026-06-19 22:16:37 - huginn - INFO - EngagementManager closed.
2026-06-19 22:16:37 - huginn - INFO - Master index schema initialized.
2026-06-19 22:16:37 - huginn - INFO - EngagementDatabase connected: C:\Users\allie\AppData\Local\Temp\pytest-of-allie\pytest-44\test_list_engagements_search0\engagements\88333848-b82b-4423-9fbf-f5bc05c0022f\engagement.db (pool_size=5)
2026-06-19 22:16:37 - huginn - INFO - EngagementDatabase schema created: C:\Users\allie\AppData\Local\Temp\pytest-of-allie\pytest-44\test_list_engagements_search0\engagements\88333848-b82b-4423-9fbf-f5bc05c0022f\engagement.db
2026-06-19 22:16:37 - huginn - INFO - EngagementDatabase closed: C:\Users\allie\AppData\Local\Temp\pytest-of-allie\pytest-44\test_list_engagements_search0\engagements\88333848-b82b-4423-9fbf-f5bc05c0022f\engagement.db (5 connections)
2026-06-19 22:16:37 - huginn - INFO - Engagement created: 88333848-b82b-4423-9fbf-f5bc05c0022f (Alpha Project)
2026-06-19 22:16:37 - huginn - INFO - EngagementDatabase connected: C:\Users\allie\AppData\Local\Temp\pytest-of-allie\pytest-44\test_list_engagements_search0\engagements\e62f435b-8963-4a23-9cc7-ea5ad59ecaac\engagement.db (pool_size=5)
2026-06-19 22:16:37 - huginn - INFO - EngagementDatabase schema created: C:\Users\allie\AppData\Local\Temp\pytest-of-allie\pytest-44\test_list_engagements_search0\engagements\e62f435b-8963-4a23-9cc7-ea5ad59ecaac\engagement.db
2026-06-19 22:16:37 - huginn - INFO - EngagementDatabase closed: C:\Users\allie\AppData\Local\Temp\pytest-of-allie\pytest-44\test_list_engagements_search0\engagements\e62f435b-8963-4a23-9cc7-ea5ad59ecaac\engagement.db (5 connections)
2026-06-19 22:16:37 - huginn - INFO - Engagement created: e62f435b-8963-4a23-9cc7-ea5ad59ecaac (Beta Project)
2026-06-19 22:16:37 - huginn - INFO - EngagementManager closed.
2026-06-19 22:16:37 - huginn - INFO - Master index schema initialized.
2026-06-19 22:16:37 - huginn - INFO - EngagementDatabase connected: C:\Users\allie\AppData\Local\Temp\pytest-of-allie\pytest-44\test_valid_transitions_from_dr0\engagements\94954879-8169-4e13-bcfe-d80ccc8650ad\engagement.db (pool_size=5)
2026-06-19 22:16:37 - huginn - INFO - EngagementDatabase schema created: C:\Users\allie\AppData\Local\Temp\pytest-of-allie\pytest-44\test_valid_transitions_from_dr0\engagements\94954879-8169-4e13-bcfe-d80ccc8650ad\engagement.db
2026-06-19 22:16:37 - huginn - INFO - EngagementDatabase closed: C:\Users\allie\AppData\Local\Temp\pytest-of-allie\pytest-44\test_valid_transitions_from_dr0\engagements\94954879-8169-4e13-bcfe-d80ccc8650ad\engagement.db (5 connections)
2026-06-19 22:16:37 - huginn - INFO - Engagement created: 94954879-8169-4e13-bcfe-d80ccc8650ad (SM Test)
2026-06-19 22:16:37 - huginn - INFO - State transition: 94954879-8169-4e13-bcfe-d80ccc8650ad draft -> scoping
2026-06-19 22:16:37 - huginn - INFO - EngagementManager closed.
2026-06-19 22:16:37 - huginn - INFO - Master index schema initialized.
2026-06-19 22:16:37 - huginn - INFO - EngagementDatabase connected: C:\Users\allie\AppData\Local\Temp\pytest-of-allie\pytest-44\test_valid_full_lifecycle0\engagements\ce1203a8-c1f3-4b2a-a2a2-3ea780bfb521\engagement.db (pool_size=5)
2026-06-19 22:16:37 - huginn - INFO - EngagementDatabase schema created: C:\Users\allie\AppData\Local\Temp\pytest-of-allie\pytest-44\test_valid_full_lifecycle0\engagements\ce1203a8-c1f3-4b2a-a2a2-3ea780bfb521\engagement.db
2026-06-19 22:16:37 - huginn - INFO - EngagementDatabase closed: C:\Users\allie\AppData\Local\Temp\pytest-of-allie\pytest-44\test_valid_full_lifecycle0\engagements\ce1203a8-c1f3-4b2a-a2a2-3ea780bfb521\engagement.db (5 connections)
2026-06-19 22:16:37 - huginn - INFO - Engagement created: ce1203a8-c1f3-4b2a-a2a2-3ea780bfb521 (Lifecycle)
2026-06-19 22:16:37 - huginn - INFO - State transition: ce1203a8-c1f3-4b2a-a2a2-3ea780bfb521 draft -> scoping
2026-06-19 22:16:37 - huginn - INFO - State transition: ce1203a8-c1f3-4b2a-a2a2-3ea780bfb521 scoping -> active
2026-06-19 22:16:37 - huginn - INFO - State transition: ce1203a8-c1f3-4b2a-a2a2-3ea780bfb521 active -> reporting
2026-06-19 22:16:37 - huginn - INFO - State transition: ce1203a8-c1f3-4b2a-a2a2-3ea780bfb521 reporting -> closed
2026-06-19 22:16:37 - huginn - INFO - EngagementManager closed.
2026-06-19 22:16:37 - huginn - INFO - Master index schema initialized.
2026-06-19 22:16:37 - huginn - INFO - EngagementDatabase connected: C:\Users\allie\AppData\Local\Temp\pytest-of-allie\pytest-44\test_invalid_transition_reject0\engagements\ce5e06a1-2dce-4398-abc1-69485b6c58fd\engagement.db (pool_size=5)
2026-06-19 22:16:37 - huginn - INFO - EngagementDatabase schema created: C:\Users\allie\AppData\Local\Temp\pytest-of-allie\pytest-44\test_invalid_transition_reject0\engagements\ce5e06a1-2dce-4398-abc1-69485b6c58fd\engagement.db
2026-06-19 22:16:37 - huginn - INFO - EngagementDatabase closed: C:\Users\allie\AppData\Local\Temp\pytest-of-allie\pytest-44\test_invalid_transition_reject0\engagements\ce5e06a1-2dce-4398-abc1-69485b6c58fd\engagement.db (5 connections)
2026-06-19 22:16:37 - huginn - INFO - Engagement created: ce5e06a1-2dce-4398-abc1-69485b6c58fd (Invalid)
2026-06-19 22:16:37 - huginn - WARNING - Invalid state transition for ce5e06a1-2dce-4398-abc1-69485b6c58fd: draft -> active. Allowed: ['scoping']
2026-06-19 22:16:37 - huginn - INFO - EngagementManager closed.
2026-06-19 22:16:37 - huginn - INFO - Master index schema initialized.
2026-06-19 22:16:37 - huginn - INFO - EngagementDatabase connected: C:\Users\allie\AppData\Local\Temp\pytest-of-allie\pytest-44\test_closed_state_has_no_trans0\engagements\839e8b98-4c5b-464c-bd6b-b0953557e118\engagement.db (pool_size=5)
2026-06-19 22:16:37 - huginn - INFO - EngagementDatabase schema created: C:\Users\allie\AppData\Local\Temp\pytest-of-allie\pytest-44\test_closed_state_has_no_trans0\engagements\839e8b98-4c5b-464c-bd6b-b0953557e118\engagement.db
2026-06-19 22:16:37 - huginn - INFO - EngagementDatabase closed: C:\Users\allie\AppData\Local\Temp\pytest-of-allie\pytest-44\test_closed_state_has_no_trans0\engagements\839e8b98-4c5b-464c-bd6b-b0953557e118\engagement.db (5 connections)
2026-06-19 22:16:37 - huginn - INFO - Engagement created: 839e8b98-4c5b-464c-bd6b-b0953557e118 (Closed)
2026-06-19 22:16:37 - huginn - INFO - State transition: 839e8b98-4c5b-464c-bd6b-b0953557e118 draft -> scoping
2026-06-19 22:16:37 - huginn - INFO - State transition: 839e8b98-4c5b-464c-bd6b-b0953557e118 scoping -> active
2026-06-19 22:16:37 - huginn - INFO - State transition: 839e8b98-4c5b-464c-bd6b-b0953557e118 active -> reporting
2026-06-19 22:16:37 - huginn - INFO - State transition: 839e8b98-4c5b-464c-bd6b-b0953557e118 reporting -> closed
2026-06-19 22:16:37 - huginn - WARNING - Invalid state transition for 839e8b98-4c5b-464c-bd6b-b0953557e118: closed -> draft. Allowed: []
2026-06-19 22:16:37 - huginn - WARNING - Invalid state transition for 839e8b98-4c5b-464c-bd6b-b0953557e118: closed -> scoping. Allowed: []
2026-06-19 22:16:37 - huginn - WARNING - Invalid state transition for 839e8b98-4c5b-464c-bd6b-b0953557e118: closed -> active. Allowed: []
2026-06-19 22:16:37 - huginn - WARNING - Invalid state transition for 839e8b98-4c5b-464c-bd6b-b0953557e118: closed -> paused. Allowed: []
2026-06-19 22:16:37 - huginn - WARNING - Invalid state transition for 839e8b98-4c5b-464c-bd6b-b0953557e118: closed -> retest. Allowed: []
2026-06-19 22:16:37 - huginn - WARNING - Invalid state transition for 839e8b98-4c5b-464c-bd6b-b0953557e118: closed -> reporting. Allowed: []
2026-06-19 22:16:37 - huginn - WARNING - Invalid state transition for 839e8b98-4c5b-464c-bd6b-b0953557e118: closed -> closed. Allowed: []
2026-06-19 22:16:37 - huginn - INFO - EngagementManager closed.
2026-06-19 22:16:37 - huginn - INFO - Master index schema initialized.
2026-06-19 22:16:37 - huginn - INFO - EngagementDatabase connected: C:\Users\allie\AppData\Local\Temp\pytest-of-allie\pytest-44\test_active_to_paused_and_back0\engagements\2038753f-839b-4de6-b0bf-099975a98580\engagement.db (pool_size=5)
2026-06-19 22:16:37 - huginn - INFO - EngagementDatabase schema created: C:\Users\allie\AppData\Local\Temp\pytest-of-allie\pytest-44\test_active_to_paused_and_back0\engagements\2038753f-839b-4de6-b0bf-099975a98580\engagement.db
2026-06-19 22:16:37 - huginn - INFO - EngagementDatabase closed: C:\Users\allie\AppData\Local\Temp\pytest-of-allie\pytest-44\test_active_to_paused_and_back0\engagements\2038753f-839b-4de6-b0bf-099975a98580\engagement.db (5 connections)
2026-06-19 22:16:37 - huginn - INFO - Engagement created: 2038753f-839b-4de6-b0bf-099975a98580 (Pause)
2026-06-19 22:16:37 - huginn - INFO - State transition: 2038753f-839b-4de6-b0bf-099975a98580 draft -> scoping
2026-06-19 22:16:37 - huginn - INFO - State transition: 2038753f-839b-4de6-b0bf-099975a98580 scoping -> active
2026-06-19 22:16:37 - huginn - INFO - State transition: 2038753f-839b-4de6-b0bf-099975a98580 active -> paused
2026-06-19 22:16:37 - huginn - INFO - State transition: 2038753f-839b-4de6-b0bf-099975a98580 paused -> active
2026-06-19 22:16:37 - huginn - INFO - EngagementManager closed.
2026-06-19 22:16:37 - huginn - INFO - Master index schema initialized.
2026-06-19 22:16:37 - huginn - INFO - EngagementDatabase connected: C:\Users\allie\AppData\Local\Temp\pytest-of-allie\pytest-44\test_active_to_retest_and_repo0\engagements\694ffde7-95ec-4497-bf2d-bdc58ba936c6\engagement.db (pool_size=5)
2026-06-19 22:16:37 - huginn - INFO - EngagementDatabase schema created: C:\Users\allie\AppData\Local\Temp\pytest-of-allie\pytest-44\test_active_to_retest_and_repo0\engagements\694ffde7-95ec-4497-bf2d-bdc58ba936c6\engagement.db
2026-06-19 22:16:37 - huginn - INFO - EngagementDatabase closed: C:\Users\allie\AppData\Local\Temp\pytest-of-allie\pytest-44\test_active_to_retest_and_repo0\engagements\694ffde7-95ec-4497-bf2d-bdc58ba936c6\engagement.db (5 connections)
2026-06-19 22:16:37 - huginn - INFO - Engagement created: 694ffde7-95ec-4497-bf2d-bdc58ba936c6 (Retest)
2026-06-19 22:16:37 - huginn - INFO - State transition: 694ffde7-95ec-4497-bf2d-bdc58ba936c6 draft -> scoping
2026-06-19 22:16:37 - huginn - INFO - State transition: 694ffde7-95ec-4497-bf2d-bdc58ba936c6 scoping -> active
2026-06-19 22:16:37 - huginn - INFO - State transition: 694ffde7-95ec-4497-bf2d-bdc58ba936c6 active -> retest
2026-06-19 22:16:37 - huginn - INFO - State transition: 694ffde7-95ec-4497-bf2d-bdc58ba936c6 retest -> reporting
2026-06-19 22:16:37 - huginn - INFO - EngagementManager closed.
2026-06-19 22:16:37 - huginn - INFO - Master index schema initialized.
2026-06-19 22:16:37 - huginn - INFO - EngagementDatabase connected: C:\Users\allie\AppData\Local\Temp\pytest-of-allie\pytest-44\test_transition_records_histor0\engagements\1414607e-a658-4ca3-a574-dc8baa8d459b\engagement.db (pool_size=5)
2026-06-19 22:16:37 - huginn - INFO - EngagementDatabase schema created: C:\Users\allie\AppData\Local\Temp\pytest-of-allie\pytest-44\test_transition_records_histor0\engagements\1414607e-a658-4ca3-a574-dc8baa8d459b\engagement.db
2026-06-19 22:16:37 - huginn - INFO - EngagementDatabase closed: C:\Users\allie\AppData\Local\Temp\pytest-of-allie\pytest-44\test_transition_records_histor0\engagements\1414607e-a658-4ca3-a574-dc8baa8d459b\engagement.db (5 connections)
2026-06-19 22:16:37 - huginn - INFO - Engagement created: 1414607e-a658-4ca3-a574-dc8baa8d459b (History)
2026-06-19 22:16:37 - huginn - INFO - State transition: 1414607e-a658-4ca3-a574-dc8baa8d459b draft -> scoping
2026-06-19 22:16:37 - huginn - INFO - State transition: 1414607e-a658-4ca3-a574-dc8baa8d459b scoping -> active
2026-06-19 22:16:37 - huginn - INFO - EngagementManager closed.
2026-06-19 22:16:37 - huginn - INFO - Master index schema initialized.
2026-06-19 22:16:37 - huginn - ERROR - Cannot transition state: engagement fake-id not found.
2026-06-19 22:16:37 - huginn - INFO - EngagementManager closed.
2026-06-19 22:16:37 - huginn - INFO - Master index schema initialized.
2026-06-19 22:16:37 - huginn - INFO - EngagementDatabase connected: C:\Users\allie\AppData\Local\Temp\pytest-of-allie\pytest-44\test_all_valid_transitions_suc0\engagements\776cd225-ee9d-43bd-90f4-f4469212c55d\engagement.db (pool_size=5)
2026-06-19 22:16:37 - huginn - INFO - EngagementDatabase schema created: C:\Users\allie\AppData\Local\Temp\pytest-of-allie\pytest-44\test_all_valid_transitions_suc0\engagements\776cd225-ee9d-43bd-90f4-f4469212c55d\engagement.db
2026-06-19 22:16:37 - huginn - INFO - EngagementDatabase closed: C:\Users\allie\AppData\Local\Temp\pytest-of-allie\pytest-44\test_all_valid_transitions_suc0\engagements\776cd225-ee9d-43bd-90f4-f4469212c55d\engagement.db (5 connections)
2026-06-19 22:16:37 - huginn - INFO - Engagement created: 776cd225-ee9d-43bd-90f4-f4469212c55d (draft->scoping)
2026-06-19 22:16:37 - huginn - INFO - State transition: 776cd225-ee9d-43bd-90f4-f4469212c55d draft -> scoping
2026-06-19 22:16:37 - huginn - INFO - EngagementDatabase connected: C:\Users\allie\AppData\Local\Temp\pytest-of-allie\pytest-44\test_all_valid_transitions_suc0\engagements\c0bf70d0-41e9-469f-a4c9-54959f542621\engagement.db (pool_size=5)
2026-06-19 22:16:37 - huginn - INFO - EngagementDatabase schema created: C:\Users\allie\AppData\Local\Temp\pytest-of-allie\pytest-44\test_all_valid_transitions_suc0\engagements\c0bf70d0-41e9-469f-a4c9-54959f542621\engagement.db
2026-06-19 22:16:37 - huginn - INFO - EngagementDatabase closed: C:\Users\allie\AppData\Local\Temp\pytest-of-allie\pytest-44\test_all_valid_transitions_suc0\engagements\c0bf70d0-41e9-469f-a4c9-54959f542621\engagement.db (5 connections)
2026-06-19 22:16:37 - huginn - INFO - Engagement created: c0bf70d0-41e9-469f-a4c9-54959f542621 (scoping->active)
2026-06-19 22:16:37 - huginn - INFO - State transition: c0bf70d0-41e9-469f-a4c9-54959f542621 draft -> scoping
2026-06-19 22:16:37 - huginn - INFO - State transition: c0bf70d0-41e9-469f-a4c9-54959f542621 scoping -> active
2026-06-19 22:16:37 - huginn - INFO - EngagementDatabase connected: C:\Users\allie\AppData\Local\Temp\pytest-of-allie\pytest-44\test_all_valid_transitions_suc0\engagements\6b49e81a-e6c2-4924-ae5e-3fc4e484bebc\engagement.db (pool_size=5)
2026-06-19 22:16:37 - huginn - INFO - EngagementDatabase schema created: C:\Users\allie\AppData\Local\Temp\pytest-of-allie\pytest-44\test_all_valid_transitions_suc0\engagements\6b49e81a-e6c2-4924-ae5e-3fc4e484bebc\engagement.db
2026-06-19 22:16:37 - huginn - INFO - EngagementDatabase closed: C:\Users\allie\AppData\Local\Temp\pytest-of-allie\pytest-44\test_all_valid_transitions_suc0\engagements\6b49e81a-e6c2-4924-ae5e-3fc4e484bebc\engagement.db (5 connections)
2026-06-19 22:16:37 - huginn - INFO - Engagement created: 6b49e81a-e6c2-4924-ae5e-3fc4e484bebc (active->paused)
2026-06-19 22:16:37 - huginn - INFO - State transition: 6b49e81a-e6c2-4924-ae5e-3fc4e484bebc draft -> scoping
2026-06-19 22:16:37 - huginn - INFO - State transition: 6b49e81a-e6c2-4924-ae5e-3fc4e484bebc scoping -> active
2026-06-19 22:16:37 - huginn - INFO - State transition: 6b49e81a-e6c2-4924-ae5e-3fc4e484bebc active -> paused
2026-06-19 22:16:37 - huginn - INFO - EngagementDatabase connected: C:\Users\allie\AppData\Local\Temp\pytest-of-allie\pytest-44\test_all_valid_transitions_suc0\engagements\362c411a-75be-4b57-8371-4170682fa9cd\engagement.db (pool_size=5)
2026-06-19 22:16:37 - huginn - INFO - EngagementDatabase schema created: C:\Users\allie\AppData\Local\Temp\pytest-of-allie\pytest-44\test_all_valid_transitions_suc0\engagements\362c411a-75be-4b57-8371-4170682fa9cd\engagement.db
2026-06-19 22:16:37 - huginn - INFO - EngagementDatabase closed: C:\Users\allie\AppData\Local\Temp\pytest-of-allie\pytest-44\test_all_valid_transitions_suc0\engagements\362c411a-75be-4b57-8371-4170682fa9cd\engagement.db (5 connections)
2026-06-19 22:16:37 - huginn - INFO - Engagement created: 362c411a-75be-4b57-8371-4170682fa9cd (active->retest)
2026-06-19 22:16:37 - huginn - INFO - State transition: 362c411a-75be-4b57-8371-4170682fa9cd draft -> scoping
2026-06-19 22:16:37 - huginn - INFO - State transition: 362c411a-75be-4b57-8371-4170682fa9cd scoping -> active
2026-06-19 22:16:37 - huginn - INFO - State transition: 362c411a-75be-4b57-8371-4170682fa9cd active -> retest
2026-06-19 22:16:37 - huginn - INFO - EngagementDatabase connected: C:\Users\allie\AppData\Local\Temp\pytest-of-allie\pytest-44\test_all_valid_transitions_suc0\engagements\c0b9b739-99e3-4071-b063-9e29502e76bf\engagement.db (pool_size=5)
2026-06-19 22:16:37 - huginn - INFO - EngagementDatabase schema created: C:\Users\allie\AppData\Local\Temp\pytest-of-allie\pytest-44\test_all_valid_transitions_suc0\engagements\c0b9b739-99e3-4071-b063-9e29502e76bf\engagement.db
2026-06-19 22:16:37 - huginn - INFO - EngagementDatabase closed: C:\Users\allie\AppData\Local\Temp\pytest-of-allie\pytest-44\test_all_valid_transitions_suc0\engagements\c0b9b739-99e3-4071-b063-9e29502e76bf\engagement.db (5 connections)
2026-06-19 22:16:37 - huginn - INFO - Engagement created: c0b9b739-99e3-4071-b063-9e29502e76bf (active->reporting)
2026-06-19 22:16:37 - huginn - INFO - State transition: c0b9b739-99e3-4071-b063-9e29502e76bf draft -> scoping
2026-06-19 22:16:37 - huginn - INFO - State transition: c0b9b739-99e3-4071-b063-9e29502e76bf scoping -> active
2026-06-19 22:16:37 - huginn - INFO - State transition: c0b9b739-99e3-4071-b063-9e29502e76bf active -> reporting
2026-06-19 22:16:37 - huginn - INFO - EngagementDatabase connected: C:\Users\allie\AppData\Local\Temp\pytest-of-allie\pytest-44\test_all_valid_transitions_suc0\engagements\72fd00c6-eafe-4baa-b825-d981fd4f0d33\engagement.db (pool_size=5)
2026-06-19 22:16:37 - huginn - INFO - EngagementDatabase schema created: C:\Users\allie\AppData\Local\Temp\pytest-of-allie\pytest-44\test_all_valid_transitions_suc0\engagements\72fd00c6-eafe-4baa-b825-d981fd4f0d33\engagement.db
2026-06-19 22:16:37 - huginn - INFO - EngagementDatabase closed: C:\Users\allie\AppData\Local\Temp\pytest-of-allie\pytest-44\test_all_valid_transitions_suc0\engagements\72fd00c6-eafe-4baa-b825-d981fd4f0d33\engagement.db (5 connections)
2026-06-19 22:16:37 - huginn - INFO - Engagement created: 72fd00c6-eafe-4baa-b825-d981fd4f0d33 (paused->active)
2026-06-19 22:16:37 - huginn - INFO - State transition: 72fd00c6-eafe-4baa-b825-d981fd4f0d33 draft -> scoping
2026-06-19 22:16:37 - huginn - INFO - State transition: 72fd00c6-eafe-4baa-b825-d981fd4f0d33 scoping -> active
2026-06-19 22:16:37 - huginn - INFO - State transition: 72fd00c6-eafe-4baa-b825-d981fd4f0d33 active -> paused
2026-06-19 22:16:37 - huginn - INFO - State transition: 72fd00c6-eafe-4baa-b825-d981fd4f0d33 paused -> active
2026-06-19 22:16:37 - huginn - INFO - EngagementDatabase connected: C:\Users\allie\AppData\Local\Temp\pytest-of-allie\pytest-44\test_all_valid_transitions_suc0\engagements\33b03a0b-2765-4117-86c0-3cba11b5f876\engagement.db (pool_size=5)
2026-06-19 22:16:37 - huginn - INFO - EngagementDatabase schema created: C:\Users\allie\AppData\Local\Temp\pytest-of-allie\pytest-44\test_all_valid_transitions_suc0\engagements\33b03a0b-2765-4117-86c0-3cba11b5f876\engagement.db
2026-06-19 22:16:37 - huginn - INFO - EngagementDatabase closed: C:\Users\allie\AppData\Local\Temp\pytest-of-allie\pytest-44\test_all_valid_transitions_suc0\engagements\33b03a0b-2765-4117-86c0-3cba11b5f876\engagement.db (5 connections)
2026-06-19 22:16:37 - huginn - INFO - Engagement created: 33b03a0b-2765-4117-86c0-3cba11b5f876 (paused->closed)
2026-06-19 22:16:37 - huginn - INFO - State transition: 33b03a0b-2765-4117-86c0-3cba11b5f876 draft -> scoping
2026-06-19 22:16:37 - huginn - INFO - State transition: 33b03a0b-2765-4117-86c0-3cba11b5f876 scoping -> active
2026-06-19 22:16:37 - huginn - INFO - State transition: 33b03a0b-2765-4117-86c0-3cba11b5f876 active -> paused
2026-06-19 22:16:37 - huginn - INFO - State transition: 33b03a0b-2765-4117-86c0-3cba11b5f876 paused -> closed
2026-06-19 22:16:37 - huginn - INFO - EngagementDatabase connected: C:\Users\allie\AppData\Local\Temp\pytest-of-allie\pytest-44\test_all_valid_transitions_suc0\engagements\f8ce5a4e-bca4-448b-8b99-f6d6bfb3a79c\engagement.db (pool_size=5)
2026-06-19 22:16:37 - huginn - INFO - EngagementDatabase schema created: C:\Users\allie\AppData\Local\Temp\pytest-of-allie\pytest-44\test_all_valid_transitions_suc0\engagements\f8ce5a4e-bca4-448b-8b99-f6d6bfb3a79c\engagement.db
2026-06-19 22:16:37 - huginn - INFO - EngagementDatabase closed: C:\Users\allie\AppData\Local\Temp\pytest-of-allie\pytest-44\test_all_valid_transitions_suc0\engagements\f8ce5a4e-bca4-448b-8b99-f6d6bfb3a79c\engagement.db (5 connections)
2026-06-19 22:16:37 - huginn - INFO - Engagement created: f8ce5a4e-bca4-448b-8b99-f6d6bfb3a79c (retest->reporting)
2026-06-19 22:16:37 - huginn - INFO - State transition: f8ce5a4e-bca4-448b-8b99-f6d6bfb3a79c draft -> scoping
2026-06-19 22:16:37 - huginn - INFO - State transition: f8ce5a4e-bca4-448b-8b99-f6d6bfb3a79c scoping -> active
2026-06-19 22:16:37 - huginn - INFO - State transition: f8ce5a4e-bca4-448b-8b99-f6d6bfb3a79c active -> retest
2026-06-19 22:16:37 - huginn - INFO - State transition: f8ce5a4e-bca4-448b-8b99-f6d6bfb3a79c retest -> reporting
2026-06-19 22:16:37 - huginn - INFO - EngagementDatabase connected: C:\Users\allie\AppData\Local\Temp\pytest-of-allie\pytest-44\test_all_valid_transitions_suc0\engagements\ff231bdb-79be-457e-aa92-5a60437b5710\engagement.db (pool_size=5)
2026-06-19 22:16:37 - huginn - INFO - EngagementDatabase schema created: C:\Users\allie\AppData\Local\Temp\pytest-of-allie\pytest-44\test_all_valid_transitions_suc0\engagements\ff231bdb-79be-457e-aa92-5a60437b5710\engagement.db
2026-06-19 22:16:37 - huginn - INFO - EngagementDatabase closed: C:\Users\allie\AppData\Local\Temp\pytest-of-allie\pytest-44\test_all_valid_transitions_suc0\engagements\ff231bdb-79be-457e-aa92-5a60437b5710\engagement.db (5 connections)
2026-06-19 22:16:37 - huginn - INFO - Engagement created: ff231bdb-79be-457e-aa92-5a60437b5710 (retest->active)
2026-06-19 22:16:37 - huginn - INFO - State transition: ff231bdb-79be-457e-aa92-5a60437b5710 draft -> scoping
2026-06-19 22:16:37 - huginn - INFO - State transition: ff231bdb-79be-457e-aa92-5a60437b5710 scoping -> active
2026-06-19 22:16:37 - huginn - INFO - State transition: ff231bdb-79be-457e-aa92-5a60437b5710 active -> retest
2026-06-19 22:16:37 - huginn - INFO - State transition: ff231bdb-79be-457e-aa92-5a60437b5710 retest -> active
2026-06-19 22:16:37 - huginn - INFO - EngagementDatabase connected: C:\Users\allie\AppData\Local\Temp\pytest-of-allie\pytest-44\test_all_valid_transitions_suc0\engagements\2e42da79-d190-4cab-b6ce-5aa5fe1bc973\engagement.db (pool_size=5)
2026-06-19 22:16:37 - huginn - INFO - EngagementDatabase schema created: C:\Users\allie\AppData\Local\Temp\pytest-of-allie\pytest-44\test_all_valid_transitions_suc0\engagements\2e42da79-d190-4cab-b6ce-5aa5fe1bc973\engagement.db
2026-06-19 22:16:37 - huginn - INFO - EngagementDatabase closed: C:\Users\allie\AppData\Local\Temp\pytest-of-allie\pytest-44\test_all_valid_transitions_suc0\engagements\2e42da79-d190-4cab-b6ce-5aa5fe1bc973\engagement.db (5 connections)
2026-06-19 22:16:37 - huginn - INFO - Engagement created: 2e42da79-d190-4cab-b6ce-5aa5fe1bc973 (reporting->closed)
2026-06-19 22:16:37 - huginn - INFO - State transition: 2e42da79-d190-4cab-b6ce-5aa5fe1bc973 draft -> scoping
2026-06-19 22:16:37 - huginn - INFO - State transition: 2e42da79-d190-4cab-b6ce-5aa5fe1bc973 scoping -> active
2026-06-19 22:16:37 - huginn - INFO - State transition: 2e42da79-d190-4cab-b6ce-5aa5fe1bc973 active -> reporting
2026-06-19 22:16:37 - huginn - INFO - State transition: 2e42da79-d190-4cab-b6ce-5aa5fe1bc973 reporting -> closed
2026-06-19 22:16:37 - huginn - INFO - EngagementDatabase connected: C:\Users\allie\AppData\Local\Temp\pytest-of-allie\pytest-44\test_all_valid_transitions_suc0\engagements\68fd3623-fb31-4983-8614-87b11b2075de\engagement.db (pool_size=5)
2026-06-19 22:16:37 - huginn - INFO - EngagementDatabase schema created: C:\Users\allie\AppData\Local\Temp\pytest-of-allie\pytest-44\test_all_valid_transitions_suc0\engagements\68fd3623-fb31-4983-8614-87b11b2075de\engagement.db
2026-06-19 22:16:37 - huginn - INFO - EngagementDatabase closed: C:\Users\allie\AppData\Local\Temp\pytest-of-allie\pytest-44\test_all_valid_transitions_suc0\engagements\68fd3623-fb31-4983-8614-87b11b2075de\engagement.db (5 connections)
2026-06-19 22:16:37 - huginn - INFO - Engagement created: 68fd3623-fb31-4983-8614-87b11b2075de (reporting->retest)
2026-06-19 22:16:37 - huginn - INFO - State transition: 68fd3623-fb31-4983-8614-87b11b2075de draft -> scoping
2026-06-19 22:16:37 - huginn - INFO - State transition: 68fd3623-fb31-4983-8614-87b11b2075de scoping -> active
2026-06-19 22:16:37 - huginn - INFO - State transition: 68fd3623-fb31-4983-8614-87b11b2075de active -> reporting
2026-06-19 22:16:37 - huginn - INFO - State transition: 68fd3623-fb31-4983-8614-87b11b2075de reporting -> retest
2026-06-19 22:16:37 - huginn - INFO - EngagementManager closed.
2026-06-19 22:16:37 - huginn - INFO - Master index schema initialized.
2026-06-19 22:16:37 - huginn - INFO - EngagementDatabase connected: C:\Users\allie\AppData\Local\Temp\pytest-of-allie\pytest-44\test_open_engagement_success0\engagements\1d7a61b5-2e15-4a82-9034-045448c6a3bf\engagement.db (pool_size=5)
2026-06-19 22:16:37 - huginn - INFO - EngagementDatabase schema created: C:\Users\allie\AppData\Local\Temp\pytest-of-allie\pytest-44\test_open_engagement_success0\engagements\1d7a61b5-2e15-4a82-9034-045448c6a3bf\engagement.db
2026-06-19 22:16:37 - huginn - INFO - EngagementDatabase closed: C:\Users\allie\AppData\Local\Temp\pytest-of-allie\pytest-44\test_open_engagement_success0\engagements\1d7a61b5-2e15-4a82-9034-045448c6a3bf\engagement.db (5 connections)
2026-06-19 22:16:37 - huginn - INFO - Engagement created: 1d7a61b5-2e15-4a82-9034-045448c6a3bf (Open Test)
2026-06-19 22:16:37 - huginn - INFO - EngagementDatabase connected: C:\Users\allie\AppData\Local\Temp\pytest-of-allie\pytest-44\test_open_engagement_success0\engagements\1d7a61b5-2e15-4a82-9034-045448c6a3bf\engagement.db (pool_size=5)
2026-06-19 22:16:37 - huginn - INFO - Engagement opened: 1d7a61b5-2e15-4a82-9034-045448c6a3bf
2026-06-19 22:16:37 - huginn - INFO - EngagementDatabase closed: C:\Users\allie\AppData\Local\Temp\pytest-of-allie\pytest-44\test_open_engagement_success0\engagements\1d7a61b5-2e15-4a82-9034-045448c6a3bf\engagement.db (5 connections)
2026-06-19 22:16:37 - huginn - INFO - Active engagement closed.
2026-06-19 22:16:37 - huginn - INFO - EngagementManager closed.
2026-06-19 22:16:37 - huginn - INFO - Master index schema initialized.
2026-06-19 22:16:37 - huginn - ERROR - Engagement not found: nonexistent-id
2026-06-19 22:16:37 - huginn - INFO - EngagementManager closed.
2026-06-19 22:16:37 - huginn - INFO - Master index schema initialized.
2026-06-19 22:16:37 - huginn - INFO - EngagementDatabase connected: C:\Users\allie\AppData\Local\Temp\pytest-of-allie\pytest-44\test_open_closes_previous_enga0\engagements\351577bf-79d4-4c8c-8d11-7631e31279c1\engagement.db (pool_size=5)
2026-06-19 22:16:37 - huginn - INFO - EngagementDatabase schema created: C:\Users\allie\AppData\Local\Temp\pytest-of-allie\pytest-44\test_open_closes_previous_enga0\engagements\351577bf-79d4-4c8c-8d11-7631e31279c1\engagement.db
2026-06-19 22:16:37 - huginn - INFO - EngagementDatabase closed: C:\Users\allie\AppData\Local\Temp\pytest-of-allie\pytest-44\test_open_closes_previous_enga0\engagements\351577bf-79d4-4c8c-8d11-7631e31279c1\engagement.db (5 connections)
2026-06-19 22:16:37 - huginn - INFO - Engagement created: 351577bf-79d4-4c8c-8d11-7631e31279c1 (First)
2026-06-19 22:16:37 - huginn - INFO - EngagementDatabase connected: C:\Users\allie\AppData\Local\Temp\pytest-of-allie\pytest-44\test_open_closes_previous_enga0\engagements\911ab450-c5ac-4644-a180-f9c85dda6ec7\engagement.db (pool_size=5)
2026-06-19 22:16:37 - huginn - INFO - EngagementDatabase schema created: C:\Users\allie\AppData\Local\Temp\pytest-of-allie\pytest-44\test_open_closes_previous_enga0\engagements\911ab450-c5ac-4644-a180-f9c85dda6ec7\engagement.db
2026-06-19 22:16:37 - huginn - INFO - EngagementDatabase closed: C:\Users\allie\AppData\Local\Temp\pytest-of-allie\pytest-44\test_open_closes_previous_enga0\engagements\911ab450-c5ac-4644-a180-f9c85dda6ec7\engagement.db (5 connections)
2026-06-19 22:16:37 - huginn - INFO - Engagement created: 911ab450-c5ac-4644-a180-f9c85dda6ec7 (Second)
2026-06-19 22:16:37 - huginn - INFO - EngagementDatabase connected: C:\Users\allie\AppData\Local\Temp\pytest-of-allie\pytest-44\test_open_closes_previous_enga0\engagements\351577bf-79d4-4c8c-8d11-7631e31279c1\engagement.db (pool_size=5)
2026-06-19 22:16:37 - huginn - INFO - Engagement opened: 351577bf-79d4-4c8c-8d11-7631e31279c1
2026-06-19 22:16:37 - huginn - INFO - EngagementDatabase closed: C:\Users\allie\AppData\Local\Temp\pytest-of-allie\pytest-44\test_open_closes_previous_enga0\engagements\351577bf-79d4-4c8c-8d11-7631e31279c1\engagement.db (5 connections)
2026-06-19 22:16:37 - huginn - INFO - EngagementDatabase connected: C:\Users\allie\AppData\Local\Temp\pytest-of-allie\pytest-44\test_open_closes_previous_enga0\engagements\911ab450-c5ac-4644-a180-f9c85dda6ec7\engagement.db (pool_size=5)
2026-06-19 22:16:37 - huginn - INFO - Engagement opened: 911ab450-c5ac-4644-a180-f9c85dda6ec7
2026-06-19 22:16:37 - huginn - INFO - EngagementDatabase closed: C:\Users\allie\AppData\Local\Temp\pytest-of-allie\pytest-44\test_open_closes_previous_enga0\engagements\911ab450-c5ac-4644-a180-f9c85dda6ec7\engagement.db (5 connections)
2026-06-19 22:16:37 - huginn - INFO - Active engagement closed.
2026-06-19 22:16:37 - huginn - INFO - EngagementManager closed.
2026-06-19 22:16:37 - huginn - INFO - Master index schema initialized.
2026-06-19 22:16:38 - huginn - INFO - EngagementDatabase connected: C:\Users\allie\AppData\Local\Temp\pytest-of-allie\pytest-44\test_add_and_get_document0\engagements\6c55efdd-937c-4d15-9354-a804cc9322fb\engagement.db (pool_size=5)
2026-06-19 22:16:38 - huginn - INFO - EngagementDatabase schema created: C:\Users\allie\AppData\Local\Temp\pytest-of-allie\pytest-44\test_add_and_get_document0\engagements\6c55efdd-937c-4d15-9354-a804cc9322fb\engagement.db
2026-06-19 22:16:38 - huginn - INFO - EngagementDatabase closed: C:\Users\allie\AppData\Local\Temp\pytest-of-allie\pytest-44\test_add_and_get_document0\engagements\6c55efdd-937c-4d15-9354-a804cc9322fb\engagement.db (5 connections)
2026-06-19 22:16:38 - huginn - INFO - Engagement created: 6c55efdd-937c-4d15-9354-a804cc9322fb (Doc Test)
2026-06-19 22:16:38 - huginn - INFO - EngagementDatabase connected: C:\Users\allie\AppData\Local\Temp\pytest-of-allie\pytest-44\test_add_and_get_document0\engagements\6c55efdd-937c-4d15-9354-a804cc9322fb\engagement.db (pool_size=5)
2026-06-19 22:16:38 - huginn - INFO - Engagement opened: 6c55efdd-937c-4d15-9354-a804cc9322fb
2026-06-19 22:16:38 - huginn - DEBUG - Document added: scope.pdf (type=scope)
2026-06-19 22:16:38 - huginn - INFO - EngagementDatabase closed: C:\Users\allie\AppData\Local\Temp\pytest-of-allie\pytest-44\test_add_and_get_document0\engagements\6c55efdd-937c-4d15-9354-a804cc9322fb\engagement.db (5 connections)
2026-06-19 22:16:38 - huginn - INFO - Active engagement closed.
2026-06-19 22:16:38 - huginn - INFO - EngagementManager closed.
2026-06-19 22:16:38 - huginn - INFO - Master index schema initialized.
2026-06-19 22:16:38 - huginn - INFO - EngagementDatabase connected: C:\Users\allie\AppData\Local\Temp\pytest-of-allie\pytest-44\test_get_document_content0\engagements\9ef2a285-db26-4001-928b-e3674e66e26b\engagement.db (pool_size=5)
2026-06-19 22:16:38 - huginn - INFO - EngagementDatabase schema created: C:\Users\allie\AppData\Local\Temp\pytest-of-allie\pytest-44\test_get_document_content0\engagements\9ef2a285-db26-4001-928b-e3674e66e26b\engagement.db
2026-06-19 22:16:38 - huginn - INFO - EngagementDatabase closed: C:\Users\allie\AppData\Local\Temp\pytest-of-allie\pytest-44\test_get_document_content0\engagements\9ef2a285-db26-4001-928b-e3674e66e26b\engagement.db (5 connections)
2026-06-19 22:16:38 - huginn - INFO - Engagement created: 9ef2a285-db26-4001-928b-e3674e66e26b (Doc Test)
2026-06-19 22:16:38 - huginn - INFO - EngagementDatabase connected: C:\Users\allie\AppData\Local\Temp\pytest-of-allie\pytest-44\test_get_document_content0\engagements\9ef2a285-db26-4001-928b-e3674e66e26b\engagement.db (pool_size=5)
2026-06-19 22:16:38 - huginn - INFO - Engagement opened: 9ef2a285-db26-4001-928b-e3674e66e26b
2026-06-19 22:16:38 - huginn - DEBUG - Document added: test.bin (type=other)
2026-06-19 22:16:38 - huginn - INFO - EngagementDatabase closed: C:\Users\allie\AppData\Local\Temp\pytest-of-allie\pytest-44\test_get_document_content0\engagements\9ef2a285-db26-4001-928b-e3674e66e26b\engagement.db (5 connections)
2026-06-19 22:16:38 - huginn - INFO - Active engagement closed.
2026-06-19 22:16:38 - huginn - INFO - EngagementManager closed.
2026-06-19 22:16:38 - huginn - INFO - Master index schema initialized.
2026-06-19 22:16:38 - huginn - INFO - EngagementDatabase connected: C:\Users\allie\AppData\Local\Temp\pytest-of-allie\pytest-44\test_filter_documents_by_type0\engagements\d121960f-7926-49be-ae80-e7b51b89514c\engagement.db (pool_size=5)
2026-06-19 22:16:38 - huginn - INFO - EngagementDatabase schema created: C:\Users\allie\AppData\Local\Temp\pytest-of-allie\pytest-44\test_filter_documents_by_type0\engagements\d121960f-7926-49be-ae80-e7b51b89514c\engagement.db
2026-06-19 22:16:38 - huginn - INFO - EngagementDatabase closed: C:\Users\allie\AppData\Local\Temp\pytest-of-allie\pytest-44\test_filter_documents_by_type0\engagements\d121960f-7926-49be-ae80-e7b51b89514c\engagement.db (5 connections)
2026-06-19 22:16:38 - huginn - INFO - Engagement created: d121960f-7926-49be-ae80-e7b51b89514c (Doc Test)
2026-06-19 22:16:38 - huginn - INFO - EngagementDatabase connected: C:\Users\allie\AppData\Local\Temp\pytest-of-allie\pytest-44\test_filter_documents_by_type0\engagements\d121960f-7926-49be-ae80-e7b51b89514c\engagement.db (pool_size=5)
2026-06-19 22:16:38 - huginn - INFO - Engagement opened: d121960f-7926-49be-ae80-e7b51b89514c
2026-06-19 22:16:38 - huginn - DEBUG - Document added: scope.pdf (type=scope)
2026-06-19 22:16:38 - huginn - DEBUG - Document added: nda.pdf (type=nda)
2026-06-19 22:16:38 - huginn - INFO - EngagementDatabase closed: C:\Users\allie\AppData\Local\Temp\pytest-of-allie\pytest-44\test_filter_documents_by_type0\engagements\d121960f-7926-49be-ae80-e7b51b89514c\engagement.db (5 connections)
2026-06-19 22:16:38 - huginn - INFO - Active engagement closed.
2026-06-19 22:16:38 - huginn - INFO - EngagementManager closed.
2026-06-19 22:16:38 - huginn - INFO - Master index schema initialized.
2026-06-19 22:16:38 - huginn - INFO - EngagementDatabase connected: C:\Users\allie\AppData\Local\Temp\pytest-of-allie\pytest-44\test_delete_document0\engagements\56943455-b3ba-4c2f-97a7-4b62280166a4\engagement.db (pool_size=5)
2026-06-19 22:16:38 - huginn - INFO - EngagementDatabase schema created: C:\Users\allie\AppData\Local\Temp\pytest-of-allie\pytest-44\test_delete_document0\engagements\56943455-b3ba-4c2f-97a7-4b62280166a4\engagement.db
2026-06-19 22:16:38 - huginn - INFO - EngagementDatabase closed: C:\Users\allie\AppData\Local\Temp\pytest-of-allie\pytest-44\test_delete_document0\engagements\56943455-b3ba-4c2f-97a7-4b62280166a4\engagement.db (5 connections)
2026-06-19 22:16:38 - huginn - INFO - Engagement created: 56943455-b3ba-4c2f-97a7-4b62280166a4 (Doc Test)
2026-06-19 22:16:38 - huginn - INFO - EngagementDatabase connected: C:\Users\allie\AppData\Local\Temp\pytest-of-allie\pytest-44\test_delete_document0\engagements\56943455-b3ba-4c2f-97a7-4b62280166a4\engagement.db (pool_size=5)
2026-06-19 22:16:38 - huginn - INFO - Engagement opened: 56943455-b3ba-4c2f-97a7-4b62280166a4
2026-06-19 22:16:38 - huginn - DEBUG - Document added: del.pdf (type=other)
2026-06-19 22:16:38 - huginn - INFO - EngagementDatabase closed: C:\Users\allie\AppData\Local\Temp\pytest-of-allie\pytest-44\test_delete_document0\engagements\56943455-b3ba-4c2f-97a7-4b62280166a4\engagement.db (5 connections)
2026-06-19 22:16:38 - huginn - INFO - Active engagement closed.
2026-06-19 22:16:38 - huginn - INFO - EngagementManager closed.
2026-06-19 22:16:38 - huginn - INFO - Master index schema initialized.
2026-06-19 22:16:38 - huginn - INFO - EngagementDatabase connected: C:\Users\allie\AppData\Local\Temp\pytest-of-allie\pytest-44\test_add_and_list_contacts0\engagements\6fb9c32d-a653-4b54-9e61-6ce4d9402936\engagement.db (pool_size=5)
2026-06-19 22:16:38 - huginn - INFO - EngagementDatabase schema created: C:\Users\allie\AppData\Local\Temp\pytest-of-allie\pytest-44\test_add_and_list_contacts0\engagements\6fb9c32d-a653-4b54-9e61-6ce4d9402936\engagement.db
2026-06-19 22:16:38 - huginn - INFO - EngagementDatabase closed: C:\Users\allie\AppData\Local\Temp\pytest-of-allie\pytest-44\test_add_and_list_contacts0\engagements\6fb9c32d-a653-4b54-9e61-6ce4d9402936\engagement.db (5 connections)
2026-06-19 22:16:38 - huginn - INFO - Engagement created: 6fb9c32d-a653-4b54-9e61-6ce4d9402936 (Contact Test)
2026-06-19 22:16:38 - huginn - INFO - EngagementDatabase connected: C:\Users\allie\AppData\Local\Temp\pytest-of-allie\pytest-44\test_add_and_list_contacts0\engagements\6fb9c32d-a653-4b54-9e61-6ce4d9402936\engagement.db (pool_size=5)
2026-06-19 22:16:38 - huginn - INFO - Engagement opened: 6fb9c32d-a653-4b54-9e61-6ce4d9402936
2026-06-19 22:16:38 - huginn - DEBUG - Contact added: John Doe (CTO)
2026-06-19 22:16:38 - huginn - INFO - EngagementDatabase closed: C:\Users\allie\AppData\Local\Temp\pytest-of-allie\pytest-44\test_add_and_list_contacts0\engagements\6fb9c32d-a653-4b54-9e61-6ce4d9402936\engagement.db (5 connections)
2026-06-19 22:16:38 - huginn - INFO - Active engagement closed.
2026-06-19 22:16:38 - huginn - INFO - EngagementManager closed.
2026-06-19 22:16:38 - huginn - INFO - Master index schema initialized.
2026-06-19 22:16:38 - huginn - INFO - EngagementDatabase connected: C:\Users\allie\AppData\Local\Temp\pytest-of-allie\pytest-44\test_update_contact0\engagements\fb9809b9-7c2d-4a66-ac0d-488df67176ad\engagement.db (pool_size=5)
2026-06-19 22:16:38 - huginn - INFO - EngagementDatabase schema created: C:\Users\allie\AppData\Local\Temp\pytest-of-allie\pytest-44\test_update_contact0\engagements\fb9809b9-7c2d-4a66-ac0d-488df67176ad\engagement.db
2026-06-19 22:16:38 - huginn - INFO - EngagementDatabase closed: C:\Users\allie\AppData\Local\Temp\pytest-of-allie\pytest-44\test_update_contact0\engagements\fb9809b9-7c2d-4a66-ac0d-488df67176ad\engagement.db (5 connections)
2026-06-19 22:16:38 - huginn - INFO - Engagement created: fb9809b9-7c2d-4a66-ac0d-488df67176ad (Contact Test)
2026-06-19 22:16:38 - huginn - INFO - EngagementDatabase connected: C:\Users\allie\AppData\Local\Temp\pytest-of-allie\pytest-44\test_update_contact0\engagements\fb9809b9-7c2d-4a66-ac0d-488df67176ad\engagement.db (pool_size=5)
2026-06-19 22:16:38 - huginn - INFO - Engagement opened: fb9809b9-7c2d-4a66-ac0d-488df67176ad
2026-06-19 22:16:38 - huginn - DEBUG - Contact added: Jane (PM)
2026-06-19 22:16:38 - huginn - INFO - EngagementDatabase closed: C:\Users\allie\AppData\Local\Temp\pytest-of-allie\pytest-44\test_update_contact0\engagements\fb9809b9-7c2d-4a66-ac0d-488df67176ad\engagement.db (5 connections)
2026-06-19 22:16:38 - huginn - INFO - Active engagement closed.
2026-06-19 22:16:38 - huginn - INFO - EngagementManager closed.
2026-06-19 22:16:38 - huginn - INFO - Master index schema initialized.
2026-06-19 22:16:38 - huginn - INFO - EngagementDatabase connected: C:\Users\allie\AppData\Local\Temp\pytest-of-allie\pytest-44\test_delete_contact0\engagements\07e7a725-c4e6-4a52-af2f-0bcc49f92d2a\engagement.db (pool_size=5)
2026-06-19 22:16:38 - huginn - INFO - EngagementDatabase schema created: C:\Users\allie\AppData\Local\Temp\pytest-of-allie\pytest-44\test_delete_contact0\engagements\07e7a725-c4e6-4a52-af2f-0bcc49f92d2a\engagement.db
2026-06-19 22:16:38 - huginn - INFO - EngagementDatabase closed: C:\Users\allie\AppData\Local\Temp\pytest-of-allie\pytest-44\test_delete_contact0\engagements\07e7a725-c4e6-4a52-af2f-0bcc49f92d2a\engagement.db (5 connections)
2026-06-19 22:16:38 - huginn - INFO - Engagement created: 07e7a725-c4e6-4a52-af2f-0bcc49f92d2a (Contact Test)
2026-06-19 22:16:38 - huginn - INFO - EngagementDatabase connected: C:\Users\allie\AppData\Local\Temp\pytest-of-allie\pytest-44\test_delete_contact0\engagements\07e7a725-c4e6-4a52-af2f-0bcc49f92d2a\engagement.db (pool_size=5)
2026-06-19 22:16:38 - huginn - INFO - Engagement opened: 07e7a725-c4e6-4a52-af2f-0bcc49f92d2a
2026-06-19 22:16:38 - huginn - DEBUG - Contact added: Delete Me (None)
2026-06-19 22:16:38 - huginn - INFO - EngagementDatabase closed: C:\Users\allie\AppData\Local\Temp\pytest-of-allie\pytest-44\test_delete_contact0\engagements\07e7a725-c4e6-4a52-af2f-0bcc49f92d2a\engagement.db (5 connections)
2026-06-19 22:16:38 - huginn - INFO - Active engagement closed.
2026-06-19 22:16:38 - huginn - INFO - EngagementManager closed.
2026-06-19 22:16:38 - huginn - INFO - Master index schema initialized.
2026-06-19 22:16:38 - huginn - INFO - EngagementDatabase connected: C:\Users\allie\AppData\Local\Temp\pytest-of-allie\pytest-44\test_set_and_get_roe0\engagements\ada1b80d-a673-4d25-8109-9f12a2375726\engagement.db (pool_size=5)
2026-06-19 22:16:38 - huginn - INFO - EngagementDatabase schema created: C:\Users\allie\AppData\Local\Temp\pytest-of-allie\pytest-44\test_set_and_get_roe0\engagements\ada1b80d-a673-4d25-8109-9f12a2375726\engagement.db
2026-06-19 22:16:38 - huginn - INFO - EngagementDatabase closed: C:\Users\allie\AppData\Local\Temp\pytest-of-allie\pytest-44\test_set_and_get_roe0\engagements\ada1b80d-a673-4d25-8109-9f12a2375726\engagement.db (5 connections)
2026-06-19 22:16:38 - huginn - INFO - Engagement created: ada1b80d-a673-4d25-8109-9f12a2375726 (RoE Test)
2026-06-19 22:16:38 - huginn - INFO - EngagementDatabase connected: C:\Users\allie\AppData\Local\Temp\pytest-of-allie\pytest-44\test_set_and_get_roe0\engagements\ada1b80d-a673-4d25-8109-9f12a2375726\engagement.db (pool_size=5)
2026-06-19 22:16:38 - huginn - INFO - Engagement opened: ada1b80d-a673-4d25-8109-9f12a2375726
2026-06-19 22:16:38 - huginn - INFO - EngagementDatabase closed: C:\Users\allie\AppData\Local\Temp\pytest-of-allie\pytest-44\test_set_and_get_roe0\engagements\ada1b80d-a673-4d25-8109-9f12a2375726\engagement.db (5 connections)
2026-06-19 22:16:38 - huginn - INFO - Active engagement closed.
2026-06-19 22:16:38 - huginn - INFO - EngagementManager closed.
2026-06-19 22:16:38 - huginn - INFO - Master index schema initialized.
2026-06-19 22:16:38 - huginn - INFO - EngagementDatabase connected: C:\Users\allie\AppData\Local\Temp\pytest-of-allie\pytest-44\test_update_roe_overwrites0\engagements\170de496-8863-4230-aae2-eebf128ec32a\engagement.db (pool_size=5)
2026-06-19 22:16:38 - huginn - INFO - EngagementDatabase schema created: C:\Users\allie\AppData\Local\Temp\pytest-of-allie\pytest-44\test_update_roe_overwrites0\engagements\170de496-8863-4230-aae2-eebf128ec32a\engagement.db
2026-06-19 22:16:38 - huginn - INFO - EngagementDatabase closed: C:\Users\allie\AppData\Local\Temp\pytest-of-allie\pytest-44\test_update_roe_overwrites0\engagements\170de496-8863-4230-aae2-eebf128ec32a\engagement.db (5 connections)
2026-06-19 22:16:38 - huginn - INFO - Engagement created: 170de496-8863-4230-aae2-eebf128ec32a (RoE Test)
2026-06-19 22:16:38 - huginn - INFO - EngagementDatabase connected: C:\Users\allie\AppData\Local\Temp\pytest-of-allie\pytest-44\test_update_roe_overwrites0\engagements\170de496-8863-4230-aae2-eebf128ec32a\engagement.db (pool_size=5)
2026-06-19 22:16:38 - huginn - INFO - Engagement opened: 170de496-8863-4230-aae2-eebf128ec32a
2026-06-19 22:16:38 - huginn - INFO - EngagementDatabase closed: C:\Users\allie\AppData\Local\Temp\pytest-of-allie\pytest-44\test_update_roe_overwrites0\engagements\170de496-8863-4230-aae2-eebf128ec32a\engagement.db (5 connections)
2026-06-19 22:16:38 - huginn - INFO - Active engagement closed.
2026-06-19 22:16:38 - huginn - INFO - EngagementManager closed.
2026-06-19 22:16:38 - huginn - INFO - Master index schema initialized.
2026-06-19 22:16:38 - huginn - INFO - EngagementDatabase connected: C:\Users\allie\AppData\Local\Temp\pytest-of-allie\pytest-44\test_get_roe_returns_none_when0\engagements\ddedbbed-97d3-437f-8362-545356e374a5\engagement.db (pool_size=5)
2026-06-19 22:16:38 - huginn - INFO - EngagementDatabase schema created: C:\Users\allie\AppData\Local\Temp\pytest-of-allie\pytest-44\test_get_roe_returns_none_when0\engagements\ddedbbed-97d3-437f-8362-545356e374a5\engagement.db
2026-06-19 22:16:38 - huginn - INFO - EngagementDatabase closed: C:\Users\allie\AppData\Local\Temp\pytest-of-allie\pytest-44\test_get_roe_returns_none_when0\engagements\ddedbbed-97d3-437f-8362-545356e374a5\engagement.db (5 connections)
2026-06-19 22:16:38 - huginn - INFO - Engagement created: ddedbbed-97d3-437f-8362-545356e374a5 (RoE Test)
2026-06-19 22:16:38 - huginn - INFO - EngagementDatabase connected: C:\Users\allie\AppData\Local\Temp\pytest-of-allie\pytest-44\test_get_roe_returns_none_when0\engagements\ddedbbed-97d3-437f-8362-545356e374a5\engagement.db (pool_size=5)
2026-06-19 22:16:38 - huginn - INFO - Engagement opened: ddedbbed-97d3-437f-8362-545356e374a5
2026-06-19 22:16:38 - huginn - INFO - EngagementDatabase closed: C:\Users\allie\AppData\Local\Temp\pytest-of-allie\pytest-44\test_get_roe_returns_none_when0\engagements\ddedbbed-97d3-437f-8362-545356e374a5\engagement.db (5 connections)
2026-06-19 22:16:38 - huginn - INFO - Active engagement closed.
2026-06-19 22:16:38 - huginn - INFO - EngagementManager closed.
2026-06-19 22:16:38 - huginn - INFO - Master index schema initialized.
2026-06-19 22:16:38 - huginn - INFO - EngagementDatabase connected: C:\Users\allie\AppData\Local\Temp\pytest-of-allie\pytest-44\test_add_and_list_milestones0\engagements\cc332d4b-9c89-4ff7-aa82-32044cab19fc\engagement.db (pool_size=5)
2026-06-19 22:16:38 - huginn - INFO - EngagementDatabase schema created: C:\Users\allie\AppData\Local\Temp\pytest-of-allie\pytest-44\test_add_and_list_milestones0\engagements\cc332d4b-9c89-4ff7-aa82-32044cab19fc\engagement.db
2026-06-19 22:16:38 - huginn - INFO - EngagementDatabase closed: C:\Users\allie\AppData\Local\Temp\pytest-of-allie\pytest-44\test_add_and_list_milestones0\engagements\cc332d4b-9c89-4ff7-aa82-32044cab19fc\engagement.db (5 connections)
2026-06-19 22:16:38 - huginn - INFO - Engagement created: cc332d4b-9c89-4ff7-aa82-32044cab19fc (Milestone Test)
2026-06-19 22:16:38 - huginn - INFO - EngagementDatabase connected: C:\Users\allie\AppData\Local\Temp\pytest-of-allie\pytest-44\test_add_and_list_milestones0\engagements\cc332d4b-9c89-4ff7-aa82-32044cab19fc\engagement.db (pool_size=5)
2026-06-19 22:16:38 - huginn - INFO - Engagement opened: cc332d4b-9c89-4ff7-aa82-32044cab19fc
2026-06-19 22:16:38 - huginn - DEBUG - Milestone added: Kickoff (planned_start)
2026-06-19 22:16:38 - huginn - INFO - EngagementDatabase closed: C:\Users\allie\AppData\Local\Temp\pytest-of-allie\pytest-44\test_add_and_list_milestones0\engagements\cc332d4b-9c89-4ff7-aa82-32044cab19fc\engagement.db (5 connections)
2026-06-19 22:16:38 - huginn - INFO - Active engagement closed.
2026-06-19 22:16:38 - huginn - INFO - EngagementManager closed.
2026-06-19 22:16:38 - huginn - INFO - Master index schema initialized.
2026-06-19 22:16:38 - huginn - INFO - EngagementDatabase connected: C:\Users\allie\AppData\Local\Temp\pytest-of-allie\pytest-44\test_milestones_ordered_by_dat0\engagements\90b42b53-f7d3-44c0-bfbd-d5c32c8a44a6\engagement.db (pool_size=5)
2026-06-19 22:16:38 - huginn - INFO - EngagementDatabase schema created: C:\Users\allie\AppData\Local\Temp\pytest-of-allie\pytest-44\test_milestones_ordered_by_dat0\engagements\90b42b53-f7d3-44c0-bfbd-d5c32c8a44a6\engagement.db
2026-06-19 22:16:38 - huginn - INFO - EngagementDatabase closed: C:\Users\allie\AppData\Local\Temp\pytest-of-allie\pytest-44\test_milestones_ordered_by_dat0\engagements\90b42b53-f7d3-44c0-bfbd-d5c32c8a44a6\engagement.db (5 connections)
2026-06-19 22:16:38 - huginn - INFO - Engagement created: 90b42b53-f7d3-44c0-bfbd-d5c32c8a44a6 (Milestone Test)
2026-06-19 22:16:38 - huginn - INFO - EngagementDatabase connected: C:\Users\allie\AppData\Local\Temp\pytest-of-allie\pytest-44\test_milestones_ordered_by_dat0\engagements\90b42b53-f7d3-44c0-bfbd-d5c32c8a44a6\engagement.db (pool_size=5)
2026-06-19 22:16:38 - huginn - INFO - Engagement opened: 90b42b53-f7d3-44c0-bfbd-d5c32c8a44a6
2026-06-19 22:16:38 - huginn - DEBUG - Milestone added: End (planned_end)
2026-06-19 22:16:38 - huginn - DEBUG - Milestone added: Start (planned_start)
2026-06-19 22:16:38 - huginn - DEBUG - Milestone added: Mid (checkpoint)
2026-06-19 22:16:38 - huginn - INFO - EngagementDatabase closed: C:\Users\allie\AppData\Local\Temp\pytest-of-allie\pytest-44\test_milestones_ordered_by_dat0\engagements\90b42b53-f7d3-44c0-bfbd-d5c32c8a44a6\engagement.db (5 connections)
2026-06-19 22:16:38 - huginn - INFO - Active engagement closed.
2026-06-19 22:16:38 - huginn - INFO - EngagementManager closed.
2026-06-19 22:16:38 - huginn - INFO - Master index schema initialized.
2026-06-19 22:16:38 - huginn - INFO - EngagementDatabase connected: C:\Users\allie\AppData\Local\Temp\pytest-of-allie\pytest-44\test_update_milestone0\engagements\d6506c75-e93e-4a8d-a80a-d2862bab0490\engagement.db (pool_size=5)
2026-06-19 22:16:38 - huginn - INFO - EngagementDatabase schema created: C:\Users\allie\AppData\Local\Temp\pytest-of-allie\pytest-44\test_update_milestone0\engagements\d6506c75-e93e-4a8d-a80a-d2862bab0490\engagement.db
2026-06-19 22:16:38 - huginn - INFO - EngagementDatabase closed: C:\Users\allie\AppData\Local\Temp\pytest-of-allie\pytest-44\test_update_milestone0\engagements\d6506c75-e93e-4a8d-a80a-d2862bab0490\engagement.db (5 connections)
2026-06-19 22:16:38 - huginn - INFO - Engagement created: d6506c75-e93e-4a8d-a80a-d2862bab0490 (Milestone Test)
2026-06-19 22:16:38 - huginn - INFO - EngagementDatabase connected: C:\Users\allie\AppData\Local\Temp\pytest-of-allie\pytest-44\test_update_milestone0\engagements\d6506c75-e93e-4a8d-a80a-d2862bab0490\engagement.db (pool_size=5)
2026-06-19 22:16:38 - huginn - INFO - Engagement opened: d6506c75-e93e-4a8d-a80a-d2862bab0490
2026-06-19 22:16:38 - huginn - DEBUG - Milestone added: Old Name (checkpoint)
2026-06-19 22:16:38 - huginn - INFO - EngagementDatabase closed: C:\Users\allie\AppData\Local\Temp\pytest-of-allie\pytest-44\test_update_milestone0\engagements\d6506c75-e93e-4a8d-a80a-d2862bab0490\engagement.db (5 connections)
2026-06-19 22:16:38 - huginn - INFO - Active engagement closed.
2026-06-19 22:16:38 - huginn - INFO - EngagementManager closed.
2026-06-19 22:16:38 - huginn - INFO - Master index schema initialized.
2026-06-19 22:16:38 - huginn - INFO - EngagementDatabase connected: C:\Users\allie\AppData\Local\Temp\pytest-of-allie\pytest-44\test_delete_milestone0\engagements\d896f1fd-1655-4ca2-8914-9abbd44cb0e4\engagement.db (pool_size=5)
2026-06-19 22:16:38 - huginn - INFO - EngagementDatabase schema created: C:\Users\allie\AppData\Local\Temp\pytest-of-allie\pytest-44\test_delete_milestone0\engagements\d896f1fd-1655-4ca2-8914-9abbd44cb0e4\engagement.db
2026-06-19 22:16:38 - huginn - INFO - EngagementDatabase closed: C:\Users\allie\AppData\Local\Temp\pytest-of-allie\pytest-44\test_delete_milestone0\engagements\d896f1fd-1655-4ca2-8914-9abbd44cb0e4\engagement.db (5 connections)
2026-06-19 22:16:38 - huginn - INFO - Engagement created: d896f1fd-1655-4ca2-8914-9abbd44cb0e4 (Milestone Test)
2026-06-19 22:16:38 - huginn - INFO - EngagementDatabase connected: C:\Users\allie\AppData\Local\Temp\pytest-of-allie\pytest-44\test_delete_milestone0\engagements\d896f1fd-1655-4ca2-8914-9abbd44cb0e4\engagement.db (pool_size=5)
2026-06-19 22:16:38 - huginn - INFO - Engagement opened: d896f1fd-1655-4ca2-8914-9abbd44cb0e4
2026-06-19 22:16:38 - huginn - DEBUG - Milestone added: Remove (checkpoint)
2026-06-19 22:16:38 - huginn - INFO - EngagementDatabase closed: C:\Users\allie\AppData\Local\Temp\pytest-of-allie\pytest-44\test_delete_milestone0\engagements\d896f1fd-1655-4ca2-8914-9abbd44cb0e4\engagement.db (5 connections)
2026-06-19 22:16:38 - huginn - INFO - Active engagement closed.
2026-06-19 22:16:38 - huginn - INFO - EngagementManager closed.
2026-06-19 22:16:38 - huginn - INFO - Master index schema initialized.
2026-06-19 22:16:38 - huginn - INFO - EngagementDatabase connected: C:\Users\allie\AppData\Local\Temp\pytest-of-allie\pytest-44\test_engagement_created_signal0\engagements\330fae2e-2ceb-4372-9093-8b0f170d6cd8\engagement.db (pool_size=5)
2026-06-19 22:16:38 - huginn - INFO - EngagementDatabase schema created: C:\Users\allie\AppData\Local\Temp\pytest-of-allie\pytest-44\test_engagement_created_signal0\engagements\330fae2e-2ceb-4372-9093-8b0f170d6cd8\engagement.db
2026-06-19 22:16:38 - huginn - INFO - EngagementDatabase closed: C:\Users\allie\AppData\Local\Temp\pytest-of-allie\pytest-44\test_engagement_created_signal0\engagements\330fae2e-2ceb-4372-9093-8b0f170d6cd8\engagement.db (5 connections)
2026-06-19 22:16:38 - huginn - INFO - Engagement created: 330fae2e-2ceb-4372-9093-8b0f170d6cd8 (Signal)
2026-06-19 22:16:38 - huginn - INFO - EngagementManager closed.
2026-06-19 22:16:38 - huginn - INFO - Master index schema initialized.
2026-06-19 22:16:38 - huginn - INFO - EngagementDatabase connected: C:\Users\allie\AppData\Local\Temp\pytest-of-allie\pytest-44\test_engagement_opened_signal0\engagements\2deaac2e-2bde-43ea-9af0-844252951049\engagement.db (pool_size=5)
2026-06-19 22:16:38 - huginn - INFO - EngagementDatabase schema created: C:\Users\allie\AppData\Local\Temp\pytest-of-allie\pytest-44\test_engagement_opened_signal0\engagements\2deaac2e-2bde-43ea-9af0-844252951049\engagement.db
2026-06-19 22:16:38 - huginn - INFO - EngagementDatabase closed: C:\Users\allie\AppData\Local\Temp\pytest-of-allie\pytest-44\test_engagement_opened_signal0\engagements\2deaac2e-2bde-43ea-9af0-844252951049\engagement.db (5 connections)
2026-06-19 22:16:38 - huginn - INFO - Engagement created: 2deaac2e-2bde-43ea-9af0-844252951049 (Signal Open)
2026-06-19 22:16:38 - huginn - INFO - EngagementDatabase connected: C:\Users\allie\AppData\Local\Temp\pytest-of-allie\pytest-44\test_engagement_opened_signal0\engagements\2deaac2e-2bde-43ea-9af0-844252951049\engagement.db (pool_size=5)
2026-06-19 22:16:38 - huginn - INFO - Engagement opened: 2deaac2e-2bde-43ea-9af0-844252951049
2026-06-19 22:16:38 - huginn - INFO - EngagementDatabase closed: C:\Users\allie\AppData\Local\Temp\pytest-of-allie\pytest-44\test_engagement_opened_signal0\engagements\2deaac2e-2bde-43ea-9af0-844252951049\engagement.db (5 connections)
2026-06-19 22:16:38 - huginn - INFO - Active engagement closed.
2026-06-19 22:16:38 - huginn - INFO - EngagementManager closed.
2026-06-19 22:16:38 - huginn - INFO - Master index schema initialized.
2026-06-19 22:16:38 - huginn - INFO - EngagementDatabase connected: C:\Users\allie\AppData\Local\Temp\pytest-of-allie\pytest-44\test_state_changed_signal0\engagements\503ec930-9555-41c7-a89b-19f935ebd9ba\engagement.db (pool_size=5)
2026-06-19 22:16:38 - huginn - INFO - EngagementDatabase schema created: C:\Users\allie\AppData\Local\Temp\pytest-of-allie\pytest-44\test_state_changed_signal0\engagements\503ec930-9555-41c7-a89b-19f935ebd9ba\engagement.db
2026-06-19 22:16:38 - huginn - INFO - EngagementDatabase closed: C:\Users\allie\AppData\Local\Temp\pytest-of-allie\pytest-44\test_state_changed_signal0\engagements\503ec930-9555-41c7-a89b-19f935ebd9ba\engagement.db (5 connections)
2026-06-19 22:16:38 - huginn - INFO - Engagement created: 503ec930-9555-41c7-a89b-19f935ebd9ba (Signal State)
2026-06-19 22:16:38 - huginn - INFO - State transition: 503ec930-9555-41c7-a89b-19f935ebd9ba draft -> scoping
2026-06-19 22:16:38 - huginn - INFO - EngagementManager closed.
2026-06-19 22:16:38 - huginn - INFO - Master index schema initialized.
2026-06-19 22:16:38 - huginn - INFO - EngagementManager closed.
2026-06-19 22:17:31 - huginn - INFO - License saved successfully
2026-06-19 22:17:31 - huginn - INFO - License loaded and validated successfully
2026-06-19 22:17:31 - huginn - INFO - Application starting...
2026-06-19 22:17:31 - huginn - INFO - Huginn version 1.0.0
2026-06-19 22:17:31 - huginn - INFO - Font loaded successfully
2026-06-19 22:17:31 - huginn - INFO - Stylesheet loaded successfully
2026-06-19 22:17:31 - huginn - INFO - Creating main window...
2026-06-19 22:17:31 - huginn - INFO - QThreadPool max threads set to 32 (CPUs: 32)
2026-06-19 22:17:31 - huginn - INFO - Custom font 'Neuropol X' loaded from C:\Users\allie\Coding Projects\huggin_suite\huginn\resources\fonts\neuropol.otf
2026-06-19 22:17:32 - huginn - INFO - Master index schema initialized.
2026-06-19 22:17:32 - huginn - DEBUG - [FeatureGapIntegration] Tenant→Engagement wiring connected.
2026-06-19 22:17:32 - huginn - INFO - [FeatureGapIntegration] All new modules integrated successfully.
2026-06-19 22:17:32 - huginn - INFO - Feature gap integration completed successfully
2026-06-19 22:17:43 - huginn - INFO - EngagementDatabase connected: C:\Users\allie\Coding Projects\huggin_suite\huginn\resources\engagements\bb3d4a1e-4dff-45e4-a981-d4f32e8a2d2b\engagement.db (pool_size=5)
2026-06-19 22:17:43 - huginn - INFO - Engagement opened: bb3d4a1e-4dff-45e4-a981-d4f32e8a2d2b
2026-06-19 22:17:43 - huginn - INFO - NoteSystem: database attached and FTS initialized.
2026-06-19 22:17:43 - huginn - INFO - RetestWorkflow: database attached.
2026-06-19 22:23:36 - huginn - DEBUG - Memory monitoring stopped
2026-06-19 22:23:36 - huginn - DEBUG - Connection pool closed all sessions
2026-06-19 22:24:01 - huginn - INFO - Using default configuration
2026-06-19 22:24:04 - huginn - INFO - License saved successfully
2026-06-19 22:24:04 - huginn - INFO - License loaded and validated successfully
2026-06-19 22:24:24 - huginn - INFO - Using default configuration
2026-06-19 22:24:27 - huginn - INFO - License saved successfully
2026-06-19 22:24:27 - huginn - INFO - License loaded and validated successfully
2026-06-19 22:24:33 - huginn - INFO - Using default configuration
2026-06-19 22:24:35 - huginn - INFO - License saved successfully
2026-06-19 22:24:35 - huginn - INFO - License loaded and validated successfully
2026-06-19 22:24:46 - huginn - INFO - Using default configuration
2026-06-19 22:24:49 - huginn - INFO - License saved successfully
2026-06-19 22:24:49 - huginn - INFO - License loaded and validated successfully
2026-06-19 22:25:04 - huginn - INFO - Using default configuration
2026-06-19 22:25:06 - huginn - INFO - License saved successfully
2026-06-19 22:25:06 - huginn - INFO - License loaded and validated successfully
2026-06-19 22:25:48 - huginn - INFO - Using default configuration
2026-06-19 22:25:50 - huginn - INFO - License saved successfully
2026-06-19 22:25:50 - huginn - INFO - License loaded and validated successfully
2026-06-19 22:25:58 - huginn - INFO - Using default configuration
2026-06-19 22:26:00 - huginn - INFO - License saved successfully
2026-06-19 22:26:00 - huginn - INFO - License loaded and validated successfully
2026-06-19 22:26:35 - huginn - INFO - QThreadPool max threads set to 32 (CPUs: 32)
2026-06-19 22:26:35 - huginn - WARNING - Font loading failed - file not found or invalid: C:\Users\allie\Coding Projects\huggin_suite\huginn\tests\resources\fonts\neuropol.otf
2026-06-19 22:26:36 - huginn - INFO - License saved successfully
2026-06-19 22:26:36 - huginn - INFO - License loaded and validated successfully
2026-06-19 22:26:37 - huginn - INFO - Master index schema initialized.
2026-06-19 22:26:37 - huginn - INFO - EngagementDatabase connected: C:\Users\allie\AppData\Local\Temp\pytest-of-allie\pytest-45\test_create_engagement_returns0\engagements\ef121dbf-f5bf-402c-95a5-057294e8b1a4\engagement.db (pool_size=5)
2026-06-19 22:26:37 - huginn - INFO - EngagementDatabase schema created: C:\Users\allie\AppData\Local\Temp\pytest-of-allie\pytest-45\test_create_engagement_returns0\engagements\ef121dbf-f5bf-402c-95a5-057294e8b1a4\engagement.db
2026-06-19 22:26:37 - huginn - INFO - EngagementDatabase closed: C:\Users\allie\AppData\Local\Temp\pytest-of-allie\pytest-45\test_create_engagement_returns0\engagements\ef121dbf-f5bf-402c-95a5-057294e8b1a4\engagement.db (5 connections)
2026-06-19 22:26:37 - huginn - INFO - Engagement created: ef121dbf-f5bf-402c-95a5-057294e8b1a4 (Test Engagement)
2026-06-19 22:26:37 - huginn - INFO - EngagementManager closed.
2026-06-19 22:26:37 - huginn - INFO - Master index schema initialized.
2026-06-19 22:26:37 - huginn - INFO - EngagementDatabase connected: C:\Users\allie\AppData\Local\Temp\pytest-of-allie\pytest-45\test_create_engagement_creates0\engagements\998084e4-ec38-4f16-b6bd-525eb532dc2c\engagement.db (pool_size=5)
2026-06-19 22:26:37 - huginn - INFO - EngagementDatabase schema created: C:\Users\allie\AppData\Local\Temp\pytest-of-allie\pytest-45\test_create_engagement_creates0\engagements\998084e4-ec38-4f16-b6bd-525eb532dc2c\engagement.db
2026-06-19 22:26:37 - huginn - INFO - EngagementDatabase closed: C:\Users\allie\AppData\Local\Temp\pytest-of-allie\pytest-45\test_create_engagement_creates0\engagements\998084e4-ec38-4f16-b6bd-525eb532dc2c\engagement.db (5 connections)
2026-06-19 22:26:37 - huginn - INFO - Engagement created: 998084e4-ec38-4f16-b6bd-525eb532dc2c (DB File Test)
2026-06-19 22:26:37 - huginn - INFO - EngagementManager closed.
2026-06-19 22:26:37 - huginn - INFO - Master index schema initialized.
2026-06-19 22:26:37 - huginn - INFO - EngagementDatabase connected: C:\Users\allie\AppData\Local\Temp\pytest-of-allie\pytest-45\test_create_engagement_initial0\engagements\bce2b4c5-07b2-4627-a839-1acf4aa03add\engagement.db (pool_size=5)
2026-06-19 22:26:37 - huginn - INFO - EngagementDatabase schema created: C:\Users\allie\AppData\Local\Temp\pytest-of-allie\pytest-45\test_create_engagement_initial0\engagements\bce2b4c5-07b2-4627-a839-1acf4aa03add\engagement.db
2026-06-19 22:26:37 - huginn - INFO - EngagementDatabase closed: C:\Users\allie\AppData\Local\Temp\pytest-of-allie\pytest-45\test_create_engagement_initial0\engagements\bce2b4c5-07b2-4627-a839-1acf4aa03add\engagement.db (5 connections)
2026-06-19 22:26:37 - huginn - INFO - Engagement created: bce2b4c5-07b2-4627-a839-1acf4aa03add (State Test)
2026-06-19 22:26:37 - huginn - INFO - EngagementManager closed.
2026-06-19 22:26:37 - huginn - INFO - Master index schema initialized.
2026-06-19 22:26:37 - huginn - INFO - EngagementDatabase connected: C:\Users\allie\AppData\Local\Temp\pytest-of-allie\pytest-45\test_create_multiple_engagemen0\engagements\9db3d8d5-5cb0-47e6-a144-c038345afbd0\engagement.db (pool_size=5)
2026-06-19 22:26:37 - huginn - INFO - EngagementDatabase schema created: C:\Users\allie\AppData\Local\Temp\pytest-of-allie\pytest-45\test_create_multiple_engagemen0\engagements\9db3d8d5-5cb0-47e6-a144-c038345afbd0\engagement.db
2026-06-19 22:26:37 - huginn - INFO - EngagementDatabase closed: C:\Users\allie\AppData\Local\Temp\pytest-of-allie\pytest-45\test_create_multiple_engagemen0\engagements\9db3d8d5-5cb0-47e6-a144-c038345afbd0\engagement.db (5 connections)
2026-06-19 22:26:37 - huginn - INFO - Engagement created: 9db3d8d5-5cb0-47e6-a144-c038345afbd0 (Engagement 0)
2026-06-19 22:26:37 - huginn - INFO - EngagementDatabase connected: C:\Users\allie\AppData\Local\Temp\pytest-of-allie\pytest-45\test_create_multiple_engagemen0\engagements\95aa9cd0-d8cc-414e-b826-f3def7f05484\engagement.db (pool_size=5)
2026-06-19 22:26:37 - huginn - INFO - EngagementDatabase schema created: C:\Users\allie\AppData\Local\Temp\pytest-of-allie\pytest-45\test_create_multiple_engagemen0\engagements\95aa9cd0-d8cc-414e-b826-f3def7f05484\engagement.db
2026-06-19 22:26:37 - huginn - INFO - EngagementDatabase closed: C:\Users\allie\AppData\Local\Temp\pytest-of-allie\pytest-45\test_create_multiple_engagemen0\engagements\95aa9cd0-d8cc-414e-b826-f3def7f05484\engagement.db (5 connections)
2026-06-19 22:26:37 - huginn - INFO - Engagement created: 95aa9cd0-d8cc-414e-b826-f3def7f05484 (Engagement 1)
2026-06-19 22:26:37 - huginn - INFO - EngagementDatabase connected: C:\Users\allie\AppData\Local\Temp\pytest-of-allie\pytest-45\test_create_multiple_engagemen0\engagements\552e4c59-0d41-48ac-af2a-ecb882ab106a\engagement.db (pool_size=5)
2026-06-19 22:26:37 - huginn - INFO - EngagementDatabase schema created: C:\Users\allie\AppData\Local\Temp\pytest-of-allie\pytest-45\test_create_multiple_engagemen0\engagements\552e4c59-0d41-48ac-af2a-ecb882ab106a\engagement.db
2026-06-19 22:26:37 - huginn - INFO - EngagementDatabase closed: C:\Users\allie\AppData\Local\Temp\pytest-of-allie\pytest-45\test_create_multiple_engagemen0\engagements\552e4c59-0d41-48ac-af2a-ecb882ab106a\engagement.db (5 connections)
2026-06-19 22:26:37 - huginn - INFO - Engagement created: 552e4c59-0d41-48ac-af2a-ecb882ab106a (Engagement 2)
2026-06-19 22:26:37 - huginn - INFO - EngagementDatabase connected: C:\Users\allie\AppData\Local\Temp\pytest-of-allie\pytest-45\test_create_multiple_engagemen0\engagements\8e4b7594-259b-4ee9-a0c2-c546befc05dd\engagement.db (pool_size=5)
2026-06-19 22:26:37 - huginn - INFO - EngagementDatabase schema created: C:\Users\allie\AppData\Local\Temp\pytest-of-allie\pytest-45\test_create_multiple_engagemen0\engagements\8e4b7594-259b-4ee9-a0c2-c546befc05dd\engagement.db
2026-06-19 22:26:37 - huginn - INFO - EngagementDatabase closed: C:\Users\allie\AppData\Local\Temp\pytest-of-allie\pytest-45\test_create_multiple_engagemen0\engagements\8e4b7594-259b-4ee9-a0c2-c546befc05dd\engagement.db (5 connections)
2026-06-19 22:26:37 - huginn - INFO - Engagement created: 8e4b7594-259b-4ee9-a0c2-c546befc05dd (Engagement 3)
2026-06-19 22:26:37 - huginn - INFO - EngagementDatabase connected: C:\Users\allie\AppData\Local\Temp\pytest-of-allie\pytest-45\test_create_multiple_engagemen0\engagements\925c05be-9bf8-4bf8-83df-c25d9ec70af1\engagement.db (pool_size=5)
2026-06-19 22:26:37 - huginn - INFO - EngagementDatabase schema created: C:\Users\allie\AppData\Local\Temp\pytest-of-allie\pytest-45\test_create_multiple_engagemen0\engagements\925c05be-9bf8-4bf8-83df-c25d9ec70af1\engagement.db
2026-06-19 22:26:37 - huginn - INFO - EngagementDatabase closed: C:\Users\allie\AppData\Local\Temp\pytest-of-allie\pytest-45\test_create_multiple_engagemen0\engagements\925c05be-9bf8-4bf8-83df-c25d9ec70af1\engagement.db (5 connections)
2026-06-19 22:26:37 - huginn - INFO - Engagement created: 925c05be-9bf8-4bf8-83df-c25d9ec70af1 (Engagement 4)
2026-06-19 22:26:37 - huginn - INFO - EngagementDatabase connected: C:\Users\allie\AppData\Local\Temp\pytest-of-allie\pytest-45\test_create_multiple_engagemen0\engagements\c65d06b6-16f4-4603-8312-c46b2d73efea\engagement.db (pool_size=5)
2026-06-19 22:26:37 - huginn - INFO - EngagementDatabase schema created: C:\Users\allie\AppData\Local\Temp\pytest-of-allie\pytest-45\test_create_multiple_engagemen0\engagements\c65d06b6-16f4-4603-8312-c46b2d73efea\engagement.db
2026-06-19 22:26:37 - huginn - INFO - EngagementDatabase closed: C:\Users\allie\AppData\Local\Temp\pytest-of-allie\pytest-45\test_create_multiple_engagemen0\engagements\c65d06b6-16f4-4603-8312-c46b2d73efea\engagement.db (5 connections)
2026-06-19 22:26:37 - huginn - INFO - Engagement created: c65d06b6-16f4-4603-8312-c46b2d73efea (Engagement 5)
2026-06-19 22:26:37 - huginn - INFO - EngagementDatabase connected: C:\Users\allie\AppData\Local\Temp\pytest-of-allie\pytest-45\test_create_multiple_engagemen0\engagements\2404083a-dc3d-41dc-a16b-e577fcf1008b\engagement.db (pool_size=5)
2026-06-19 22:26:37 - huginn - INFO - EngagementDatabase schema created: C:\Users\allie\AppData\Local\Temp\pytest-of-allie\pytest-45\test_create_multiple_engagemen0\engagements\2404083a-dc3d-41dc-a16b-e577fcf1008b\engagement.db
2026-06-19 22:26:37 - huginn - INFO - EngagementDatabase closed: C:\Users\allie\AppData\Local\Temp\pytest-of-allie\pytest-45\test_create_multiple_engagemen0\engagements\2404083a-dc3d-41dc-a16b-e577fcf1008b\engagement.db (5 connections)
2026-06-19 22:26:37 - huginn - INFO - Engagement created: 2404083a-dc3d-41dc-a16b-e577fcf1008b (Engagement 6)
2026-06-19 22:26:37 - huginn - INFO - EngagementDatabase connected: C:\Users\allie\AppData\Local\Temp\pytest-of-allie\pytest-45\test_create_multiple_engagemen0\engagements\d43bb1c4-42a6-4f7b-8012-4ccb705db4ed\engagement.db (pool_size=5)
2026-06-19 22:26:37 - huginn - INFO - EngagementDatabase schema created: C:\Users\allie\AppData\Local\Temp\pytest-of-allie\pytest-45\test_create_multiple_engagemen0\engagements\d43bb1c4-42a6-4f7b-8012-4ccb705db4ed\engagement.db
2026-06-19 22:26:37 - huginn - INFO - EngagementDatabase closed: C:\Users\allie\AppData\Local\Temp\pytest-of-allie\pytest-45\test_create_multiple_engagemen0\engagements\d43bb1c4-42a6-4f7b-8012-4ccb705db4ed\engagement.db (5 connections)
2026-06-19 22:26:37 - huginn - INFO - Engagement created: d43bb1c4-42a6-4f7b-8012-4ccb705db4ed (Engagement 7)
2026-06-19 22:26:37 - huginn - INFO - EngagementDatabase connected: C:\Users\allie\AppData\Local\Temp\pytest-of-allie\pytest-45\test_create_multiple_engagemen0\engagements\99ffef70-c4d8-4328-85d8-8ce9b2e8fd14\engagement.db (pool_size=5)
2026-06-19 22:26:37 - huginn - INFO - EngagementDatabase schema created: C:\Users\allie\AppData\Local\Temp\pytest-of-allie\pytest-45\test_create_multiple_engagemen0\engagements\99ffef70-c4d8-4328-85d8-8ce9b2e8fd14\engagement.db
2026-06-19 22:26:37 - huginn - INFO - EngagementDatabase closed: C:\Users\allie\AppData\Local\Temp\pytest-of-allie\pytest-45\test_create_multiple_engagemen0\engagements\99ffef70-c4d8-4328-85d8-8ce9b2e8fd14\engagement.db (5 connections)
2026-06-19 22:26:37 - huginn - INFO - Engagement created: 99ffef70-c4d8-4328-85d8-8ce9b2e8fd14 (Engagement 8)
2026-06-19 22:26:37 - huginn - INFO - EngagementDatabase connected: C:\Users\allie\AppData\Local\Temp\pytest-of-allie\pytest-45\test_create_multiple_engagemen0\engagements\e183b41f-63e7-4f65-be0e-2bf55d04b043\engagement.db (pool_size=5)
2026-06-19 22:26:37 - huginn - INFO - EngagementDatabase schema created: C:\Users\allie\AppData\Local\Temp\pytest-of-allie\pytest-45\test_create_multiple_engagemen0\engagements\e183b41f-63e7-4f65-be0e-2bf55d04b043\engagement.db
2026-06-19 22:26:37 - huginn - INFO - EngagementDatabase closed: C:\Users\allie\AppData\Local\Temp\pytest-of-allie\pytest-45\test_create_multiple_engagemen0\engagements\e183b41f-63e7-4f65-be0e-2bf55d04b043\engagement.db (5 connections)
2026-06-19 22:26:37 - huginn - INFO - Engagement created: e183b41f-63e7-4f65-be0e-2bf55d04b043 (Engagement 9)
2026-06-19 22:26:37 - huginn - INFO - EngagementManager closed.
2026-06-19 22:26:37 - huginn - INFO - Master index schema initialized.
2026-06-19 22:26:37 - huginn - INFO - EngagementDatabase connected: C:\Users\allie\AppData\Local\Temp\pytest-of-allie\pytest-45\test_get_engagement_returns_me0\engagements\efd7ab92-999f-4537-a630-e2a22d0a968d\engagement.db (pool_size=5)
2026-06-19 22:26:37 - huginn - INFO - EngagementDatabase schema created: C:\Users\allie\AppData\Local\Temp\pytest-of-allie\pytest-45\test_get_engagement_returns_me0\engagements\efd7ab92-999f-4537-a630-e2a22d0a968d\engagement.db
2026-06-19 22:26:37 - huginn - INFO - EngagementDatabase closed: C:\Users\allie\AppData\Local\Temp\pytest-of-allie\pytest-45\test_get_engagement_returns_me0\engagements\efd7ab92-999f-4537-a630-e2a22d0a968d\engagement.db (5 connections)
2026-06-19 22:26:37 - huginn - INFO - Engagement created: efd7ab92-999f-4537-a630-e2a22d0a968d (Metadata Test)
2026-06-19 22:26:37 - huginn - INFO - EngagementManager closed.
2026-06-19 22:26:37 - huginn - INFO - Master index schema initialized.
2026-06-19 22:26:37 - huginn - INFO - EngagementManager closed.
2026-06-19 22:26:37 - huginn - INFO - Master index schema initialized.
2026-06-19 22:26:37 - huginn - INFO - EngagementDatabase connected: C:\Users\allie\AppData\Local\Temp\pytest-of-allie\pytest-45\test_list_all_engagements0\engagements\f7ba559c-3dfc-4fff-819e-f1eda84fa67b\engagement.db (pool_size=5)
2026-06-19 22:26:37 - huginn - INFO - EngagementDatabase schema created: C:\Users\allie\AppData\Local\Temp\pytest-of-allie\pytest-45\test_list_all_engagements0\engagements\f7ba559c-3dfc-4fff-819e-f1eda84fa67b\engagement.db
2026-06-19 22:26:37 - huginn - INFO - EngagementDatabase closed: C:\Users\allie\AppData\Local\Temp\pytest-of-allie\pytest-45\test_list_all_engagements0\engagements\f7ba559c-3dfc-4fff-819e-f1eda84fa67b\engagement.db (5 connections)
2026-06-19 22:26:37 - huginn - INFO - Engagement created: f7ba559c-3dfc-4fff-819e-f1eda84fa67b (Eng 1)
2026-06-19 22:26:37 - huginn - INFO - EngagementDatabase connected: C:\Users\allie\AppData\Local\Temp\pytest-of-allie\pytest-45\test_list_all_engagements0\engagements\40c6d47c-bbae-44d5-90d6-cb0012bcb1dd\engagement.db (pool_size=5)
2026-06-19 22:26:37 - huginn - INFO - EngagementDatabase schema created: C:\Users\allie\AppData\Local\Temp\pytest-of-allie\pytest-45\test_list_all_engagements0\engagements\40c6d47c-bbae-44d5-90d6-cb0012bcb1dd\engagement.db
2026-06-19 22:26:37 - huginn - INFO - EngagementDatabase closed: C:\Users\allie\AppData\Local\Temp\pytest-of-allie\pytest-45\test_list_all_engagements0\engagements\40c6d47c-bbae-44d5-90d6-cb0012bcb1dd\engagement.db (5 connections)
2026-06-19 22:26:37 - huginn - INFO - Engagement created: 40c6d47c-bbae-44d5-90d6-cb0012bcb1dd (Eng 2)
2026-06-19 22:26:37 - huginn - INFO - EngagementManager closed.
2026-06-19 22:26:37 - huginn - INFO - Master index schema initialized.
2026-06-19 22:26:37 - huginn - INFO - EngagementDatabase connected: C:\Users\allie\AppData\Local\Temp\pytest-of-allie\pytest-45\test_list_engagements_status_f0\engagements\bc4c1ea4-63bd-417b-9aa8-d785cda1f781\engagement.db (pool_size=5)
2026-06-19 22:26:37 - huginn - INFO - EngagementDatabase schema created: C:\Users\allie\AppData\Local\Temp\pytest-of-allie\pytest-45\test_list_engagements_status_f0\engagements\bc4c1ea4-63bd-417b-9aa8-d785cda1f781\engagement.db
2026-06-19 22:26:37 - huginn - INFO - EngagementDatabase closed: C:\Users\allie\AppData\Local\Temp\pytest-of-allie\pytest-45\test_list_engagements_status_f0\engagements\bc4c1ea4-63bd-417b-9aa8-d785cda1f781\engagement.db (5 connections)
2026-06-19 22:26:37 - huginn - INFO - Engagement created: bc4c1ea4-63bd-417b-9aa8-d785cda1f781 (Draft Eng)
2026-06-19 22:26:37 - huginn - INFO - EngagementDatabase connected: C:\Users\allie\AppData\Local\Temp\pytest-of-allie\pytest-45\test_list_engagements_status_f0\engagements\60f3fa5a-105a-4b91-a3d2-01ef910fb367\engagement.db (pool_size=5)
2026-06-19 22:26:37 - huginn - INFO - EngagementDatabase schema created: C:\Users\allie\AppData\Local\Temp\pytest-of-allie\pytest-45\test_list_engagements_status_f0\engagements\60f3fa5a-105a-4b91-a3d2-01ef910fb367\engagement.db
2026-06-19 22:26:37 - huginn - INFO - EngagementDatabase closed: C:\Users\allie\AppData\Local\Temp\pytest-of-allie\pytest-45\test_list_engagements_status_f0\engagements\60f3fa5a-105a-4b91-a3d2-01ef910fb367\engagement.db (5 connections)
2026-06-19 22:26:37 - huginn - INFO - Engagement created: 60f3fa5a-105a-4b91-a3d2-01ef910fb367 (Active Eng)
2026-06-19 22:26:37 - huginn - INFO - State transition: 60f3fa5a-105a-4b91-a3d2-01ef910fb367 draft -> scoping
2026-06-19 22:26:37 - huginn - INFO - State transition: 60f3fa5a-105a-4b91-a3d2-01ef910fb367 scoping -> active
2026-06-19 22:26:37 - huginn - INFO - EngagementManager closed.
2026-06-19 22:26:37 - huginn - INFO - Master index schema initialized.
2026-06-19 22:26:37 - huginn - INFO - EngagementDatabase connected: C:\Users\allie\AppData\Local\Temp\pytest-of-allie\pytest-45\test_list_engagements_search0\engagements\922ff5c0-5d55-45e6-804a-8d7a0e3229eb\engagement.db (pool_size=5)
2026-06-19 22:26:37 - huginn - INFO - EngagementDatabase schema created: C:\Users\allie\AppData\Local\Temp\pytest-of-allie\pytest-45\test_list_engagements_search0\engagements\922ff5c0-5d55-45e6-804a-8d7a0e3229eb\engagement.db
2026-06-19 22:26:37 - huginn - INFO - EngagementDatabase closed: C:\Users\allie\AppData\Local\Temp\pytest-of-allie\pytest-45\test_list_engagements_search0\engagements\922ff5c0-5d55-45e6-804a-8d7a0e3229eb\engagement.db (5 connections)
2026-06-19 22:26:37 - huginn - INFO - Engagement created: 922ff5c0-5d55-45e6-804a-8d7a0e3229eb (Alpha Project)
2026-06-19 22:26:37 - huginn - INFO - EngagementDatabase connected: C:\Users\allie\AppData\Local\Temp\pytest-of-allie\pytest-45\test_list_engagements_search0\engagements\013fb74c-2c05-468e-9ca8-d4bc2b1bbf6d\engagement.db (pool_size=5)
2026-06-19 22:26:37 - huginn - INFO - EngagementDatabase schema created: C:\Users\allie\AppData\Local\Temp\pytest-of-allie\pytest-45\test_list_engagements_search0\engagements\013fb74c-2c05-468e-9ca8-d4bc2b1bbf6d\engagement.db
2026-06-19 22:26:37 - huginn - INFO - EngagementDatabase closed: C:\Users\allie\AppData\Local\Temp\pytest-of-allie\pytest-45\test_list_engagements_search0\engagements\013fb74c-2c05-468e-9ca8-d4bc2b1bbf6d\engagement.db (5 connections)
2026-06-19 22:26:37 - huginn - INFO - Engagement created: 013fb74c-2c05-468e-9ca8-d4bc2b1bbf6d (Beta Project)
2026-06-19 22:26:37 - huginn - INFO - EngagementManager closed.
2026-06-19 22:26:37 - huginn - INFO - Master index schema initialized.
2026-06-19 22:26:37 - huginn - INFO - EngagementDatabase connected: C:\Users\allie\AppData\Local\Temp\pytest-of-allie\pytest-45\test_valid_transitions_from_dr0\engagements\5a298dfb-85dc-4c00-8cc1-bc422ce563d6\engagement.db (pool_size=5)
2026-06-19 22:26:37 - huginn - INFO - EngagementDatabase schema created: C:\Users\allie\AppData\Local\Temp\pytest-of-allie\pytest-45\test_valid_transitions_from_dr0\engagements\5a298dfb-85dc-4c00-8cc1-bc422ce563d6\engagement.db
2026-06-19 22:26:37 - huginn - INFO - EngagementDatabase closed: C:\Users\allie\AppData\Local\Temp\pytest-of-allie\pytest-45\test_valid_transitions_from_dr0\engagements\5a298dfb-85dc-4c00-8cc1-bc422ce563d6\engagement.db (5 connections)
2026-06-19 22:26:37 - huginn - INFO - Engagement created: 5a298dfb-85dc-4c00-8cc1-bc422ce563d6 (SM Test)
2026-06-19 22:26:37 - huginn - INFO - State transition: 5a298dfb-85dc-4c00-8cc1-bc422ce563d6 draft -> scoping
2026-06-19 22:26:37 - huginn - INFO - EngagementManager closed.
2026-06-19 22:26:37 - huginn - INFO - Master index schema initialized.
2026-06-19 22:26:37 - huginn - INFO - EngagementDatabase connected: C:\Users\allie\AppData\Local\Temp\pytest-of-allie\pytest-45\test_valid_full_lifecycle0\engagements\ca08e2ee-015a-433b-b78c-46abf1fd2574\engagement.db (pool_size=5)
2026-06-19 22:26:37 - huginn - INFO - EngagementDatabase schema created: C:\Users\allie\AppData\Local\Temp\pytest-of-allie\pytest-45\test_valid_full_lifecycle0\engagements\ca08e2ee-015a-433b-b78c-46abf1fd2574\engagement.db
2026-06-19 22:26:37 - huginn - INFO - EngagementDatabase closed: C:\Users\allie\AppData\Local\Temp\pytest-of-allie\pytest-45\test_valid_full_lifecycle0\engagements\ca08e2ee-015a-433b-b78c-46abf1fd2574\engagement.db (5 connections)
2026-06-19 22:26:37 - huginn - INFO - Engagement created: ca08e2ee-015a-433b-b78c-46abf1fd2574 (Lifecycle)
2026-06-19 22:26:37 - huginn - INFO - State transition: ca08e2ee-015a-433b-b78c-46abf1fd2574 draft -> scoping
2026-06-19 22:26:37 - huginn - INFO - State transition: ca08e2ee-015a-433b-b78c-46abf1fd2574 scoping -> active
2026-06-19 22:26:37 - huginn - INFO - State transition: ca08e2ee-015a-433b-b78c-46abf1fd2574 active -> reporting
2026-06-19 22:26:37 - huginn - INFO - State transition: ca08e2ee-015a-433b-b78c-46abf1fd2574 reporting -> closed
2026-06-19 22:26:37 - huginn - INFO - EngagementManager closed.
2026-06-19 22:26:37 - huginn - INFO - Master index schema initialized.
2026-06-19 22:26:37 - huginn - INFO - EngagementDatabase connected: C:\Users\allie\AppData\Local\Temp\pytest-of-allie\pytest-45\test_invalid_transition_reject0\engagements\519efe6e-a93c-42db-9b51-3dc765b01c60\engagement.db (pool_size=5)
2026-06-19 22:26:37 - huginn - INFO - EngagementDatabase schema created: C:\Users\allie\AppData\Local\Temp\pytest-of-allie\pytest-45\test_invalid_transition_reject0\engagements\519efe6e-a93c-42db-9b51-3dc765b01c60\engagement.db
2026-06-19 22:26:37 - huginn - INFO - EngagementDatabase closed: C:\Users\allie\AppData\Local\Temp\pytest-of-allie\pytest-45\test_invalid_transition_reject0\engagements\519efe6e-a93c-42db-9b51-3dc765b01c60\engagement.db (5 connections)
2026-06-19 22:26:37 - huginn - INFO - Engagement created: 519efe6e-a93c-42db-9b51-3dc765b01c60 (Invalid)
2026-06-19 22:26:37 - huginn - WARNING - Invalid state transition for 519efe6e-a93c-42db-9b51-3dc765b01c60: draft -> active. Allowed: ['scoping']
2026-06-19 22:26:37 - huginn - INFO - EngagementManager closed.
2026-06-19 22:26:37 - huginn - INFO - Master index schema initialized.
2026-06-19 22:26:37 - huginn - INFO - EngagementDatabase connected: C:\Users\allie\AppData\Local\Temp\pytest-of-allie\pytest-45\test_closed_state_has_no_trans0\engagements\56463cb7-6c80-42c2-a944-3fffb8ac61ac\engagement.db (pool_size=5)
2026-06-19 22:26:37 - huginn - INFO - EngagementDatabase schema created: C:\Users\allie\AppData\Local\Temp\pytest-of-allie\pytest-45\test_closed_state_has_no_trans0\engagements\56463cb7-6c80-42c2-a944-3fffb8ac61ac\engagement.db
2026-06-19 22:26:37 - huginn - INFO - EngagementDatabase closed: C:\Users\allie\AppData\Local\Temp\pytest-of-allie\pytest-45\test_closed_state_has_no_trans0\engagements\56463cb7-6c80-42c2-a944-3fffb8ac61ac\engagement.db (5 connections)
2026-06-19 22:26:37 - huginn - INFO - Engagement created: 56463cb7-6c80-42c2-a944-3fffb8ac61ac (Closed)
2026-06-19 22:26:37 - huginn - INFO - State transition: 56463cb7-6c80-42c2-a944-3fffb8ac61ac draft -> scoping
2026-06-19 22:26:37 - huginn - INFO - State transition: 56463cb7-6c80-42c2-a944-3fffb8ac61ac scoping -> active
2026-06-19 22:26:37 - huginn - INFO - State transition: 56463cb7-6c80-42c2-a944-3fffb8ac61ac active -> reporting
2026-06-19 22:26:37 - huginn - INFO - State transition: 56463cb7-6c80-42c2-a944-3fffb8ac61ac reporting -> closed
2026-06-19 22:26:37 - huginn - WARNING - Invalid state transition for 56463cb7-6c80-42c2-a944-3fffb8ac61ac: closed -> draft. Allowed: []
2026-06-19 22:26:37 - huginn - WARNING - Invalid state transition for 56463cb7-6c80-42c2-a944-3fffb8ac61ac: closed -> scoping. Allowed: []
2026-06-19 22:26:37 - huginn - WARNING - Invalid state transition for 56463cb7-6c80-42c2-a944-3fffb8ac61ac: closed -> active. Allowed: []
2026-06-19 22:26:37 - huginn - WARNING - Invalid state transition for 56463cb7-6c80-42c2-a944-3fffb8ac61ac: closed -> paused. Allowed: []
2026-06-19 22:26:37 - huginn - WARNING - Invalid state transition for 56463cb7-6c80-42c2-a944-3fffb8ac61ac: closed -> retest. Allowed: []
2026-06-19 22:26:37 - huginn - WARNING - Invalid state transition for 56463cb7-6c80-42c2-a944-3fffb8ac61ac: closed -> reporting. Allowed: []
2026-06-19 22:26:37 - huginn - WARNING - Invalid state transition for 56463cb7-6c80-42c2-a944-3fffb8ac61ac: closed -> closed. Allowed: []
2026-06-19 22:26:37 - huginn - INFO - EngagementManager closed.
2026-06-19 22:26:37 - huginn - INFO - Master index schema initialized.
2026-06-19 22:26:37 - huginn - INFO - EngagementDatabase connected: C:\Users\allie\AppData\Local\Temp\pytest-of-allie\pytest-45\test_active_to_paused_and_back0\engagements\a9621eb4-12dc-4f5c-a385-5f2d3b221b93\engagement.db (pool_size=5)
2026-06-19 22:26:37 - huginn - INFO - EngagementDatabase schema created: C:\Users\allie\AppData\Local\Temp\pytest-of-allie\pytest-45\test_active_to_paused_and_back0\engagements\a9621eb4-12dc-4f5c-a385-5f2d3b221b93\engagement.db
2026-06-19 22:26:37 - huginn - INFO - EngagementDatabase closed: C:\Users\allie\AppData\Local\Temp\pytest-of-allie\pytest-45\test_active_to_paused_and_back0\engagements\a9621eb4-12dc-4f5c-a385-5f2d3b221b93\engagement.db (5 connections)
2026-06-19 22:26:37 - huginn - INFO - Engagement created: a9621eb4-12dc-4f5c-a385-5f2d3b221b93 (Pause)
2026-06-19 22:26:37 - huginn - INFO - State transition: a9621eb4-12dc-4f5c-a385-5f2d3b221b93 draft -> scoping
2026-06-19 22:26:37 - huginn - INFO - State transition: a9621eb4-12dc-4f5c-a385-5f2d3b221b93 scoping -> active
2026-06-19 22:26:37 - huginn - INFO - State transition: a9621eb4-12dc-4f5c-a385-5f2d3b221b93 active -> paused
2026-06-19 22:26:37 - huginn - INFO - State transition: a9621eb4-12dc-4f5c-a385-5f2d3b221b93 paused -> active
2026-06-19 22:26:37 - huginn - INFO - EngagementManager closed.
2026-06-19 22:26:37 - huginn - INFO - Master index schema initialized.
2026-06-19 22:26:37 - huginn - INFO - EngagementDatabase connected: C:\Users\allie\AppData\Local\Temp\pytest-of-allie\pytest-45\test_active_to_retest_and_repo0\engagements\8e5fb9d0-f62b-4f46-9b09-97dd438661f5\engagement.db (pool_size=5)
2026-06-19 22:26:37 - huginn - INFO - EngagementDatabase schema created: C:\Users\allie\AppData\Local\Temp\pytest-of-allie\pytest-45\test_active_to_retest_and_repo0\engagements\8e5fb9d0-f62b-4f46-9b09-97dd438661f5\engagement.db
2026-06-19 22:26:37 - huginn - INFO - EngagementDatabase closed: C:\Users\allie\AppData\Local\Temp\pytest-of-allie\pytest-45\test_active_to_retest_and_repo0\engagements\8e5fb9d0-f62b-4f46-9b09-97dd438661f5\engagement.db (5 connections)
2026-06-19 22:26:37 - huginn - INFO - Engagement created: 8e5fb9d0-f62b-4f46-9b09-97dd438661f5 (Retest)
2026-06-19 22:26:37 - huginn - INFO - State transition: 8e5fb9d0-f62b-4f46-9b09-97dd438661f5 draft -> scoping
2026-06-19 22:26:37 - huginn - INFO - State transition: 8e5fb9d0-f62b-4f46-9b09-97dd438661f5 scoping -> active
2026-06-19 22:26:37 - huginn - INFO - State transition: 8e5fb9d0-f62b-4f46-9b09-97dd438661f5 active -> retest
2026-06-19 22:26:37 - huginn - INFO - State transition: 8e5fb9d0-f62b-4f46-9b09-97dd438661f5 retest -> reporting
2026-06-19 22:26:37 - huginn - INFO - EngagementManager closed.
2026-06-19 22:26:37 - huginn - INFO - Master index schema initialized.
2026-06-19 22:26:37 - huginn - INFO - EngagementDatabase connected: C:\Users\allie\AppData\Local\Temp\pytest-of-allie\pytest-45\test_transition_records_histor0\engagements\7336e904-2584-41e5-be7f-f3cfa5a63144\engagement.db (pool_size=5)
2026-06-19 22:26:37 - huginn - INFO - EngagementDatabase schema created: C:\Users\allie\AppData\Local\Temp\pytest-of-allie\pytest-45\test_transition_records_histor0\engagements\7336e904-2584-41e5-be7f-f3cfa5a63144\engagement.db
2026-06-19 22:26:37 - huginn - INFO - EngagementDatabase closed: C:\Users\allie\AppData\Local\Temp\pytest-of-allie\pytest-45\test_transition_records_histor0\engagements\7336e904-2584-41e5-be7f-f3cfa5a63144\engagement.db (5 connections)
2026-06-19 22:26:37 - huginn - INFO - Engagement created: 7336e904-2584-41e5-be7f-f3cfa5a63144 (History)
2026-06-19 22:26:37 - huginn - INFO - State transition: 7336e904-2584-41e5-be7f-f3cfa5a63144 draft -> scoping
2026-06-19 22:26:37 - huginn - INFO - State transition: 7336e904-2584-41e5-be7f-f3cfa5a63144 scoping -> active
2026-06-19 22:26:37 - huginn - INFO - EngagementManager closed.
2026-06-19 22:26:37 - huginn - INFO - Master index schema initialized.
2026-06-19 22:26:37 - huginn - ERROR - Cannot transition state: engagement fake-id not found.
2026-06-19 22:26:37 - huginn - INFO - EngagementManager closed.
2026-06-19 22:26:37 - huginn - INFO - Master index schema initialized.
2026-06-19 22:26:37 - huginn - INFO - EngagementDatabase connected: C:\Users\allie\AppData\Local\Temp\pytest-of-allie\pytest-45\test_all_valid_transitions_suc0\engagements\e2f9f362-d01c-4f99-bfee-11aa7da10332\engagement.db (pool_size=5)
2026-06-19 22:26:37 - huginn - INFO - EngagementDatabase schema created: C:\Users\allie\AppData\Local\Temp\pytest-of-allie\pytest-45\test_all_valid_transitions_suc0\engagements\e2f9f362-d01c-4f99-bfee-11aa7da10332\engagement.db
2026-06-19 22:26:37 - huginn - INFO - EngagementDatabase closed: C:\Users\allie\AppData\Local\Temp\pytest-of-allie\pytest-45\test_all_valid_transitions_suc0\engagements\e2f9f362-d01c-4f99-bfee-11aa7da10332\engagement.db (5 connections)
2026-06-19 22:26:37 - huginn - INFO - Engagement created: e2f9f362-d01c-4f99-bfee-11aa7da10332 (draft->scoping)
2026-06-19 22:26:37 - huginn - INFO - State transition: e2f9f362-d01c-4f99-bfee-11aa7da10332 draft -> scoping
2026-06-19 22:26:37 - huginn - INFO - EngagementDatabase connected: C:\Users\allie\AppData\Local\Temp\pytest-of-allie\pytest-45\test_all_valid_transitions_suc0\engagements\3dc05f5d-164c-498e-9cff-7e7f15d60d8e\engagement.db (pool_size=5)
2026-06-19 22:26:37 - huginn - INFO - EngagementDatabase schema created: C:\Users\allie\AppData\Local\Temp\pytest-of-allie\pytest-45\test_all_valid_transitions_suc0\engagements\3dc05f5d-164c-498e-9cff-7e7f15d60d8e\engagement.db
2026-06-19 22:26:37 - huginn - INFO - EngagementDatabase closed: C:\Users\allie\AppData\Local\Temp\pytest-of-allie\pytest-45\test_all_valid_transitions_suc0\engagements\3dc05f5d-164c-498e-9cff-7e7f15d60d8e\engagement.db (5 connections)
2026-06-19 22:26:37 - huginn - INFO - Engagement created: 3dc05f5d-164c-498e-9cff-7e7f15d60d8e (scoping->active)
2026-06-19 22:26:37 - huginn - INFO - State transition: 3dc05f5d-164c-498e-9cff-7e7f15d60d8e draft -> scoping
2026-06-19 22:26:37 - huginn - INFO - State transition: 3dc05f5d-164c-498e-9cff-7e7f15d60d8e scoping -> active
2026-06-19 22:26:37 - huginn - INFO - EngagementDatabase connected: C:\Users\allie\AppData\Local\Temp\pytest-of-allie\pytest-45\test_all_valid_transitions_suc0\engagements\247379ef-28b3-4475-9454-8a3782ff66a3\engagement.db (pool_size=5)
2026-06-19 22:26:37 - huginn - INFO - EngagementDatabase schema created: C:\Users\allie\AppData\Local\Temp\pytest-of-allie\pytest-45\test_all_valid_transitions_suc0\engagements\247379ef-28b3-4475-9454-8a3782ff66a3\engagement.db
2026-06-19 22:26:37 - huginn - INFO - EngagementDatabase closed: C:\Users\allie\AppData\Local\Temp\pytest-of-allie\pytest-45\test_all_valid_transitions_suc0\engagements\247379ef-28b3-4475-9454-8a3782ff66a3\engagement.db (5 connections)
2026-06-19 22:26:37 - huginn - INFO - Engagement created: 247379ef-28b3-4475-9454-8a3782ff66a3 (active->paused)
2026-06-19 22:26:37 - huginn - INFO - State transition: 247379ef-28b3-4475-9454-8a3782ff66a3 draft -> scoping
2026-06-19 22:26:37 - huginn - INFO - State transition: 247379ef-28b3-4475-9454-8a3782ff66a3 scoping -> active
2026-06-19 22:26:37 - huginn - INFO - State transition: 247379ef-28b3-4475-9454-8a3782ff66a3 active -> paused
2026-06-19 22:26:37 - huginn - INFO - EngagementDatabase connected: C:\Users\allie\AppData\Local\Temp\pytest-of-allie\pytest-45\test_all_valid_transitions_suc0\engagements\87da06b9-8183-4e4c-9d2d-e33fb5d1e0a2\engagement.db (pool_size=5)
2026-06-19 22:26:37 - huginn - INFO - EngagementDatabase schema created: C:\Users\allie\AppData\Local\Temp\pytest-of-allie\pytest-45\test_all_valid_transitions_suc0\engagements\87da06b9-8183-4e4c-9d2d-e33fb5d1e0a2\engagement.db
2026-06-19 22:26:37 - huginn - INFO - EngagementDatabase closed: C:\Users\allie\AppData\Local\Temp\pytest-of-allie\pytest-45\test_all_valid_transitions_suc0\engagements\87da06b9-8183-4e4c-9d2d-e33fb5d1e0a2\engagement.db (5 connections)
2026-06-19 22:26:37 - huginn - INFO - Engagement created: 87da06b9-8183-4e4c-9d2d-e33fb5d1e0a2 (active->retest)
2026-06-19 22:26:37 - huginn - INFO - State transition: 87da06b9-8183-4e4c-9d2d-e33fb5d1e0a2 draft -> scoping
2026-06-19 22:26:37 - huginn - INFO - State transition: 87da06b9-8183-4e4c-9d2d-e33fb5d1e0a2 scoping -> active
2026-06-19 22:26:37 - huginn - INFO - State transition: 87da06b9-8183-4e4c-9d2d-e33fb5d1e0a2 active -> retest
2026-06-19 22:26:37 - huginn - INFO - EngagementDatabase connected: C:\Users\allie\AppData\Local\Temp\pytest-of-allie\pytest-45\test_all_valid_transitions_suc0\engagements\14d212ef-4aef-42f9-b279-ca56b0915566\engagement.db (pool_size=5)
2026-06-19 22:26:37 - huginn - INFO - EngagementDatabase schema created: C:\Users\allie\AppData\Local\Temp\pytest-of-allie\pytest-45\test_all_valid_transitions_suc0\engagements\14d212ef-4aef-42f9-b279-ca56b0915566\engagement.db
2026-06-19 22:26:37 - huginn - INFO - EngagementDatabase closed: C:\Users\allie\AppData\Local\Temp\pytest-of-allie\pytest-45\test_all_valid_transitions_suc0\engagements\14d212ef-4aef-42f9-b279-ca56b0915566\engagement.db (5 connections)
2026-06-19 22:26:37 - huginn - INFO - Engagement created: 14d212ef-4aef-42f9-b279-ca56b0915566 (active->reporting)
2026-06-19 22:26:37 - huginn - INFO - State transition: 14d212ef-4aef-42f9-b279-ca56b0915566 draft -> scoping
2026-06-19 22:26:37 - huginn - INFO - State transition: 14d212ef-4aef-42f9-b279-ca56b0915566 scoping -> active
2026-06-19 22:26:37 - huginn - INFO - State transition: 14d212ef-4aef-42f9-b279-ca56b0915566 active -> reporting
2026-06-19 22:26:37 - huginn - INFO - EngagementDatabase connected: C:\Users\allie\AppData\Local\Temp\pytest-of-allie\pytest-45\test_all_valid_transitions_suc0\engagements\3b984913-e3a9-4fcc-9cb4-169025b73ace\engagement.db (pool_size=5)
2026-06-19 22:26:37 - huginn - INFO - EngagementDatabase schema created: C:\Users\allie\AppData\Local\Temp\pytest-of-allie\pytest-45\test_all_valid_transitions_suc0\engagements\3b984913-e3a9-4fcc-9cb4-169025b73ace\engagement.db
2026-06-19 22:26:37 - huginn - INFO - EngagementDatabase closed: C:\Users\allie\AppData\Local\Temp\pytest-of-allie\pytest-45\test_all_valid_transitions_suc0\engagements\3b984913-e3a9-4fcc-9cb4-169025b73ace\engagement.db (5 connections)
2026-06-19 22:26:37 - huginn - INFO - Engagement created: 3b984913-e3a9-4fcc-9cb4-169025b73ace (paused->active)
2026-06-19 22:26:37 - huginn - INFO - State transition: 3b984913-e3a9-4fcc-9cb4-169025b73ace draft -> scoping
2026-06-19 22:26:37 - huginn - INFO - State transition: 3b984913-e3a9-4fcc-9cb4-169025b73ace scoping -> active
2026-06-19 22:26:37 - huginn - INFO - State transition: 3b984913-e3a9-4fcc-9cb4-169025b73ace active -> paused
2026-06-19 22:26:37 - huginn - INFO - State transition: 3b984913-e3a9-4fcc-9cb4-169025b73ace paused -> active
2026-06-19 22:26:37 - huginn - INFO - EngagementDatabase connected: C:\Users\allie\AppData\Local\Temp\pytest-of-allie\pytest-45\test_all_valid_transitions_suc0\engagements\0a99dbe9-0329-408f-a8a3-d694d0850f15\engagement.db (pool_size=5)
2026-06-19 22:26:37 - huginn - INFO - EngagementDatabase schema created: C:\Users\allie\AppData\Local\Temp\pytest-of-allie\pytest-45\test_all_valid_transitions_suc0\engagements\0a99dbe9-0329-408f-a8a3-d694d0850f15\engagement.db
2026-06-19 22:26:37 - huginn - INFO - EngagementDatabase closed: C:\Users\allie\AppData\Local\Temp\pytest-of-allie\pytest-45\test_all_valid_transitions_suc0\engagements\0a99dbe9-0329-408f-a8a3-d694d0850f15\engagement.db (5 connections)
2026-06-19 22:26:37 - huginn - INFO - Engagement created: 0a99dbe9-0329-408f-a8a3-d694d0850f15 (paused->closed)
2026-06-19 22:26:37 - huginn - INFO - State transition: 0a99dbe9-0329-408f-a8a3-d694d0850f15 draft -> scoping
2026-06-19 22:26:37 - huginn - INFO - State transition: 0a99dbe9-0329-408f-a8a3-d694d0850f15 scoping -> active
2026-06-19 22:26:37 - huginn - INFO - State transition: 0a99dbe9-0329-408f-a8a3-d694d0850f15 active -> paused
2026-06-19 22:26:37 - huginn - INFO - State transition: 0a99dbe9-0329-408f-a8a3-d694d0850f15 paused -> closed
2026-06-19 22:26:37 - huginn - INFO - EngagementDatabase connected: C:\Users\allie\AppData\Local\Temp\pytest-of-allie\pytest-45\test_all_valid_transitions_suc0\engagements\a21fa6de-ce29-4c4e-a8f6-28ca30a845c4\engagement.db (pool_size=5)
2026-06-19 22:26:37 - huginn - INFO - EngagementDatabase schema created: C:\Users\allie\AppData\Local\Temp\pytest-of-allie\pytest-45\test_all_valid_transitions_suc0\engagements\a21fa6de-ce29-4c4e-a8f6-28ca30a845c4\engagement.db
2026-06-19 22:26:37 - huginn - INFO - EngagementDatabase closed: C:\Users\allie\AppData\Local\Temp\pytest-of-allie\pytest-45\test_all_valid_transitions_suc0\engagements\a21fa6de-ce29-4c4e-a8f6-28ca30a845c4\engagement.db (5 connections)
2026-06-19 22:26:37 - huginn - INFO - Engagement created: a21fa6de-ce29-4c4e-a8f6-28ca30a845c4 (retest->reporting)
2026-06-19 22:26:37 - huginn - INFO - State transition: a21fa6de-ce29-4c4e-a8f6-28ca30a845c4 draft -> scoping
2026-06-19 22:26:37 - huginn - INFO - State transition: a21fa6de-ce29-4c4e-a8f6-28ca30a845c4 scoping -> active
2026-06-19 22:26:37 - huginn - INFO - State transition: a21fa6de-ce29-4c4e-a8f6-28ca30a845c4 active -> retest
2026-06-19 22:26:37 - huginn - INFO - State transition: a21fa6de-ce29-4c4e-a8f6-28ca30a845c4 retest -> reporting
2026-06-19 22:26:37 - huginn - INFO - EngagementDatabase connected: C:\Users\allie\AppData\Local\Temp\pytest-of-allie\pytest-45\test_all_valid_transitions_suc0\engagements\a030133a-15c5-4fe3-96b7-03539f58455c\engagement.db (pool_size=5)
2026-06-19 22:26:37 - huginn - INFO - EngagementDatabase schema created: C:\Users\allie\AppData\Local\Temp\pytest-of-allie\pytest-45\test_all_valid_transitions_suc0\engagements\a030133a-15c5-4fe3-96b7-03539f58455c\engagement.db
2026-06-19 22:26:37 - huginn - INFO - EngagementDatabase closed: C:\Users\allie\AppData\Local\Temp\pytest-of-allie\pytest-45\test_all_valid_transitions_suc0\engagements\a030133a-15c5-4fe3-96b7-03539f58455c\engagement.db (5 connections)
2026-06-19 22:26:37 - huginn - INFO - Engagement created: a030133a-15c5-4fe3-96b7-03539f58455c (retest->active)
2026-06-19 22:26:37 - huginn - INFO - State transition: a030133a-15c5-4fe3-96b7-03539f58455c draft -> scoping
2026-06-19 22:26:37 - huginn - INFO - State transition: a030133a-15c5-4fe3-96b7-03539f58455c scoping -> active
2026-06-19 22:26:37 - huginn - INFO - State transition: a030133a-15c5-4fe3-96b7-03539f58455c active -> retest
2026-06-19 22:26:37 - huginn - INFO - State transition: a030133a-15c5-4fe3-96b7-03539f58455c retest -> active
2026-06-19 22:26:38 - huginn - INFO - EngagementDatabase connected: C:\Users\allie\AppData\Local\Temp\pytest-of-allie\pytest-45\test_all_valid_transitions_suc0\engagements\86b73b02-1ebf-42b6-a31a-bb916091138a\engagement.db (pool_size=5)
2026-06-19 22:26:38 - huginn - INFO - EngagementDatabase schema created: C:\Users\allie\AppData\Local\Temp\pytest-of-allie\pytest-45\test_all_valid_transitions_suc0\engagements\86b73b02-1ebf-42b6-a31a-bb916091138a\engagement.db
2026-06-19 22:26:38 - huginn - INFO - EngagementDatabase closed: C:\Users\allie\AppData\Local\Temp\pytest-of-allie\pytest-45\test_all_valid_transitions_suc0\engagements\86b73b02-1ebf-42b6-a31a-bb916091138a\engagement.db (5 connections)
2026-06-19 22:26:38 - huginn - INFO - Engagement created: 86b73b02-1ebf-42b6-a31a-bb916091138a (reporting->closed)
2026-06-19 22:26:38 - huginn - INFO - State transition: 86b73b02-1ebf-42b6-a31a-bb916091138a draft -> scoping
2026-06-19 22:26:38 - huginn - INFO - State transition: 86b73b02-1ebf-42b6-a31a-bb916091138a scoping -> active
2026-06-19 22:26:38 - huginn - INFO - State transition: 86b73b02-1ebf-42b6-a31a-bb916091138a active -> reporting
2026-06-19 22:26:38 - huginn - INFO - State transition: 86b73b02-1ebf-42b6-a31a-bb916091138a reporting -> closed
2026-06-19 22:26:38 - huginn - INFO - EngagementDatabase connected: C:\Users\allie\AppData\Local\Temp\pytest-of-allie\pytest-45\test_all_valid_transitions_suc0\engagements\338c766c-7e92-4829-9e38-8cb86c77928c\engagement.db (pool_size=5)
2026-06-19 22:26:38 - huginn - INFO - EngagementDatabase schema created: C:\Users\allie\AppData\Local\Temp\pytest-of-allie\pytest-45\test_all_valid_transitions_suc0\engagements\338c766c-7e92-4829-9e38-8cb86c77928c\engagement.db
2026-06-19 22:26:38 - huginn - INFO - EngagementDatabase closed: C:\Users\allie\AppData\Local\Temp\pytest-of-allie\pytest-45\test_all_valid_transitions_suc0\engagements\338c766c-7e92-4829-9e38-8cb86c77928c\engagement.db (5 connections)
2026-06-19 22:26:38 - huginn - INFO - Engagement created: 338c766c-7e92-4829-9e38-8cb86c77928c (reporting->retest)
2026-06-19 22:26:38 - huginn - INFO - State transition: 338c766c-7e92-4829-9e38-8cb86c77928c draft -> scoping
2026-06-19 22:26:38 - huginn - INFO - State transition: 338c766c-7e92-4829-9e38-8cb86c77928c scoping -> active
2026-06-19 22:26:38 - huginn - INFO - State transition: 338c766c-7e92-4829-9e38-8cb86c77928c active -> reporting
2026-06-19 22:26:38 - huginn - INFO - State transition: 338c766c-7e92-4829-9e38-8cb86c77928c reporting -> retest
2026-06-19 22:26:38 - huginn - INFO - EngagementManager closed.
2026-06-19 22:26:38 - huginn - INFO - Master index schema initialized.
2026-06-19 22:26:38 - huginn - INFO - EngagementDatabase connected: C:\Users\allie\AppData\Local\Temp\pytest-of-allie\pytest-45\test_open_engagement_success0\engagements\a8e34107-7800-4840-b466-ee15872633cf\engagement.db (pool_size=5)
2026-06-19 22:26:38 - huginn - INFO - EngagementDatabase schema created: C:\Users\allie\AppData\Local\Temp\pytest-of-allie\pytest-45\test_open_engagement_success0\engagements\a8e34107-7800-4840-b466-ee15872633cf\engagement.db
2026-06-19 22:26:38 - huginn - INFO - EngagementDatabase closed: C:\Users\allie\AppData\Local\Temp\pytest-of-allie\pytest-45\test_open_engagement_success0\engagements\a8e34107-7800-4840-b466-ee15872633cf\engagement.db (5 connections)
2026-06-19 22:26:38 - huginn - INFO - Engagement created: a8e34107-7800-4840-b466-ee15872633cf (Open Test)
2026-06-19 22:26:38 - huginn - INFO - EngagementDatabase connected: C:\Users\allie\AppData\Local\Temp\pytest-of-allie\pytest-45\test_open_engagement_success0\engagements\a8e34107-7800-4840-b466-ee15872633cf\engagement.db (pool_size=5)
2026-06-19 22:26:38 - huginn - INFO - Engagement opened: a8e34107-7800-4840-b466-ee15872633cf
2026-06-19 22:26:38 - huginn - INFO - EngagementDatabase closed: C:\Users\allie\AppData\Local\Temp\pytest-of-allie\pytest-45\test_open_engagement_success0\engagements\a8e34107-7800-4840-b466-ee15872633cf\engagement.db (5 connections)
2026-06-19 22:26:38 - huginn - INFO - Active engagement closed.
2026-06-19 22:26:38 - huginn - INFO - EngagementManager closed.
2026-06-19 22:26:38 - huginn - INFO - Master index schema initialized.
2026-06-19 22:26:38 - huginn - ERROR - Engagement not found: nonexistent-id
2026-06-19 22:26:38 - huginn - INFO - EngagementManager closed.
2026-06-19 22:26:38 - huginn - INFO - Master index schema initialized.
2026-06-19 22:26:38 - huginn - INFO - EngagementDatabase connected: C:\Users\allie\AppData\Local\Temp\pytest-of-allie\pytest-45\test_open_closes_previous_enga0\engagements\f140fc84-34ca-4b30-a38e-eba793c241e5\engagement.db (pool_size=5)
2026-06-19 22:26:38 - huginn - INFO - EngagementDatabase schema created: C:\Users\allie\AppData\Local\Temp\pytest-of-allie\pytest-45\test_open_closes_previous_enga0\engagements\f140fc84-34ca-4b30-a38e-eba793c241e5\engagement.db
2026-06-19 22:26:38 - huginn - INFO - EngagementDatabase closed: C:\Users\allie\AppData\Local\Temp\pytest-of-allie\pytest-45\test_open_closes_previous_enga0\engagements\f140fc84-34ca-4b30-a38e-eba793c241e5\engagement.db (5 connections)
2026-06-19 22:26:38 - huginn - INFO - Engagement created: f140fc84-34ca-4b30-a38e-eba793c241e5 (First)
2026-06-19 22:26:38 - huginn - INFO - EngagementDatabase connected: C:\Users\allie\AppData\Local\Temp\pytest-of-allie\pytest-45\test_open_closes_previous_enga0\engagements\5ab3f095-dfc8-43fc-b964-845a943b9069\engagement.db (pool_size=5)
2026-06-19 22:26:38 - huginn - INFO - EngagementDatabase schema created: C:\Users\allie\AppData\Local\Temp\pytest-of-allie\pytest-45\test_open_closes_previous_enga0\engagements\5ab3f095-dfc8-43fc-b964-845a943b9069\engagement.db
2026-06-19 22:26:38 - huginn - INFO - EngagementDatabase closed: C:\Users\allie\AppData\Local\Temp\pytest-of-allie\pytest-45\test_open_closes_previous_enga0\engagements\5ab3f095-dfc8-43fc-b964-845a943b9069\engagement.db (5 connections)
2026-06-19 22:26:38 - huginn - INFO - Engagement created: 5ab3f095-dfc8-43fc-b964-845a943b9069 (Second)
2026-06-19 22:26:38 - huginn - INFO - EngagementDatabase connected: C:\Users\allie\AppData\Local\Temp\pytest-of-allie\pytest-45\test_open_closes_previous_enga0\engagements\f140fc84-34ca-4b30-a38e-eba793c241e5\engagement.db (pool_size=5)
2026-06-19 22:26:38 - huginn - INFO - Engagement opened: f140fc84-34ca-4b30-a38e-eba793c241e5
2026-06-19 22:26:38 - huginn - INFO - EngagementDatabase closed: C:\Users\allie\AppData\Local\Temp\pytest-of-allie\pytest-45\test_open_closes_previous_enga0\engagements\f140fc84-34ca-4b30-a38e-eba793c241e5\engagement.db (5 connections)
2026-06-19 22:26:38 - huginn - INFO - EngagementDatabase connected: C:\Users\allie\AppData\Local\Temp\pytest-of-allie\pytest-45\test_open_closes_previous_enga0\engagements\5ab3f095-dfc8-43fc-b964-845a943b9069\engagement.db (pool_size=5)
2026-06-19 22:26:38 - huginn - INFO - Engagement opened: 5ab3f095-dfc8-43fc-b964-845a943b9069
2026-06-19 22:26:38 - huginn - INFO - EngagementDatabase closed: C:\Users\allie\AppData\Local\Temp\pytest-of-allie\pytest-45\test_open_closes_previous_enga0\engagements\5ab3f095-dfc8-43fc-b964-845a943b9069\engagement.db (5 connections)
2026-06-19 22:26:38 - huginn - INFO - Active engagement closed.
2026-06-19 22:26:38 - huginn - INFO - EngagementManager closed.
2026-06-19 22:26:38 - huginn - INFO - Master index schema initialized.
2026-06-19 22:26:38 - huginn - INFO - EngagementDatabase connected: C:\Users\allie\AppData\Local\Temp\pytest-of-allie\pytest-45\test_add_and_get_document0\engagements\993885f2-6b7e-4dfb-9867-a9d6e92c7cbe\engagement.db (pool_size=5)
2026-06-19 22:26:38 - huginn - INFO - EngagementDatabase schema created: C:\Users\allie\AppData\Local\Temp\pytest-of-allie\pytest-45\test_add_and_get_document0\engagements\993885f2-6b7e-4dfb-9867-a9d6e92c7cbe\engagement.db
2026-06-19 22:26:38 - huginn - INFO - EngagementDatabase closed: C:\Users\allie\AppData\Local\Temp\pytest-of-allie\pytest-45\test_add_and_get_document0\engagements\993885f2-6b7e-4dfb-9867-a9d6e92c7cbe\engagement.db (5 connections)
2026-06-19 22:26:38 - huginn - INFO - Engagement created: 993885f2-6b7e-4dfb-9867-a9d6e92c7cbe (Doc Test)
2026-06-19 22:26:38 - huginn - INFO - EngagementDatabase connected: C:\Users\allie\AppData\Local\Temp\pytest-of-allie\pytest-45\test_add_and_get_document0\engagements\993885f2-6b7e-4dfb-9867-a9d6e92c7cbe\engagement.db (pool_size=5)
2026-06-19 22:26:38 - huginn - INFO - Engagement opened: 993885f2-6b7e-4dfb-9867-a9d6e92c7cbe
2026-06-19 22:26:38 - huginn - DEBUG - Document added: scope.pdf (type=scope)
2026-06-19 22:26:38 - huginn - INFO - EngagementDatabase closed: C:\Users\allie\AppData\Local\Temp\pytest-of-allie\pytest-45\test_add_and_get_document0\engagements\993885f2-6b7e-4dfb-9867-a9d6e92c7cbe\engagement.db (5 connections)
2026-06-19 22:26:38 - huginn - INFO - Active engagement closed.
2026-06-19 22:26:38 - huginn - INFO - EngagementManager closed.
2026-06-19 22:26:38 - huginn - INFO - Master index schema initialized.
2026-06-19 22:26:38 - huginn - INFO - EngagementDatabase connected: C:\Users\allie\AppData\Local\Temp\pytest-of-allie\pytest-45\test_get_document_content0\engagements\cd6a227e-62df-43ef-af09-21cf81c6073e\engagement.db (pool_size=5)
2026-06-19 22:26:38 - huginn - INFO - EngagementDatabase schema created: C:\Users\allie\AppData\Local\Temp\pytest-of-allie\pytest-45\test_get_document_content0\engagements\cd6a227e-62df-43ef-af09-21cf81c6073e\engagement.db
2026-06-19 22:26:38 - huginn - INFO - EngagementDatabase closed: C:\Users\allie\AppData\Local\Temp\pytest-of-allie\pytest-45\test_get_document_content0\engagements\cd6a227e-62df-43ef-af09-21cf81c6073e\engagement.db (5 connections)
2026-06-19 22:26:38 - huginn - INFO - Engagement created: cd6a227e-62df-43ef-af09-21cf81c6073e (Doc Test)
2026-06-19 22:26:38 - huginn - INFO - EngagementDatabase connected: C:\Users\allie\AppData\Local\Temp\pytest-of-allie\pytest-45\test_get_document_content0\engagements\cd6a227e-62df-43ef-af09-21cf81c6073e\engagement.db (pool_size=5)
2026-06-19 22:26:38 - huginn - INFO - Engagement opened: cd6a227e-62df-43ef-af09-21cf81c6073e
2026-06-19 22:26:38 - huginn - DEBUG - Document added: test.bin (type=other)
2026-06-19 22:26:38 - huginn - INFO - EngagementDatabase closed: C:\Users\allie\AppData\Local\Temp\pytest-of-allie\pytest-45\test_get_document_content0\engagements\cd6a227e-62df-43ef-af09-21cf81c6073e\engagement.db (5 connections)
2026-06-19 22:26:38 - huginn - INFO - Active engagement closed.
2026-06-19 22:26:38 - huginn - INFO - EngagementManager closed.
2026-06-19 22:26:38 - huginn - INFO - Master index schema initialized.
2026-06-19 22:26:38 - huginn - INFO - EngagementDatabase connected: C:\Users\allie\AppData\Local\Temp\pytest-of-allie\pytest-45\test_filter_documents_by_type0\engagements\c982aa75-a768-4d5d-aa6d-c72937b963d4\engagement.db (pool_size=5)
2026-06-19 22:26:38 - huginn - INFO - EngagementDatabase schema created: C:\Users\allie\AppData\Local\Temp\pytest-of-allie\pytest-45\test_filter_documents_by_type0\engagements\c982aa75-a768-4d5d-aa6d-c72937b963d4\engagement.db
2026-06-19 22:26:38 - huginn - INFO - EngagementDatabase closed: C:\Users\allie\AppData\Local\Temp\pytest-of-allie\pytest-45\test_filter_documents_by_type0\engagements\c982aa75-a768-4d5d-aa6d-c72937b963d4\engagement.db (5 connections)
2026-06-19 22:26:38 - huginn - INFO - Engagement created: c982aa75-a768-4d5d-aa6d-c72937b963d4 (Doc Test)
2026-06-19 22:26:38 - huginn - INFO - EngagementDatabase connected: C:\Users\allie\AppData\Local\Temp\pytest-of-allie\pytest-45\test_filter_documents_by_type0\engagements\c982aa75-a768-4d5d-aa6d-c72937b963d4\engagement.db (pool_size=5)
2026-06-19 22:26:38 - huginn - INFO - Engagement opened: c982aa75-a768-4d5d-aa6d-c72937b963d4
2026-06-19 22:26:38 - huginn - DEBUG - Document added: scope.pdf (type=scope)
2026-06-19 22:26:38 - huginn - DEBUG - Document added: nda.pdf (type=nda)
2026-06-19 22:26:38 - huginn - INFO - EngagementDatabase closed: C:\Users\allie\AppData\Local\Temp\pytest-of-allie\pytest-45\test_filter_documents_by_type0\engagements\c982aa75-a768-4d5d-aa6d-c72937b963d4\engagement.db (5 connections)
2026-06-19 22:26:38 - huginn - INFO - Active engagement closed.
2026-06-19 22:26:38 - huginn - INFO - EngagementManager closed.
2026-06-19 22:26:38 - huginn - INFO - Master index schema initialized.
2026-06-19 22:26:38 - huginn - INFO - EngagementDatabase connected: C:\Users\allie\AppData\Local\Temp\pytest-of-allie\pytest-45\test_delete_document0\engagements\4a989c2c-0182-41d6-9df7-14d8f70d836b\engagement.db (pool_size=5)
2026-06-19 22:26:38 - huginn - INFO - EngagementDatabase schema created: C:\Users\allie\AppData\Local\Temp\pytest-of-allie\pytest-45\test_delete_document0\engagements\4a989c2c-0182-41d6-9df7-14d8f70d836b\engagement.db
2026-06-19 22:26:38 - huginn - INFO - EngagementDatabase closed: C:\Users\allie\AppData\Local\Temp\pytest-of-allie\pytest-45\test_delete_document0\engagements\4a989c2c-0182-41d6-9df7-14d8f70d836b\engagement.db (5 connections)
2026-06-19 22:26:38 - huginn - INFO - Engagement created: 4a989c2c-0182-41d6-9df7-14d8f70d836b (Doc Test)
2026-06-19 22:26:38 - huginn - INFO - EngagementDatabase connected: C:\Users\allie\AppData\Local\Temp\pytest-of-allie\pytest-45\test_delete_document0\engagements\4a989c2c-0182-41d6-9df7-14d8f70d836b\engagement.db (pool_size=5)
2026-06-19 22:26:38 - huginn - INFO - Engagement opened: 4a989c2c-0182-41d6-9df7-14d8f70d836b
2026-06-19 22:26:38 - huginn - DEBUG - Document added: del.pdf (type=other)
2026-06-19 22:26:38 - huginn - INFO - EngagementDatabase closed: C:\Users\allie\AppData\Local\Temp\pytest-of-allie\pytest-45\test_delete_document0\engagements\4a989c2c-0182-41d6-9df7-14d8f70d836b\engagement.db (5 connections)
2026-06-19 22:26:38 - huginn - INFO - Active engagement closed.
2026-06-19 22:26:38 - huginn - INFO - EngagementManager closed.
2026-06-19 22:26:38 - huginn - INFO - Master index schema initialized.
2026-06-19 22:26:38 - huginn - INFO - EngagementDatabase connected: C:\Users\allie\AppData\Local\Temp\pytest-of-allie\pytest-45\test_add_and_list_contacts0\engagements\fa58f6b0-de4c-4e9e-b234-c34219fce8cf\engagement.db (pool_size=5)
2026-06-19 22:26:38 - huginn - INFO - EngagementDatabase schema created: C:\Users\allie\AppData\Local\Temp\pytest-of-allie\pytest-45\test_add_and_list_contacts0\engagements\fa58f6b0-de4c-4e9e-b234-c34219fce8cf\engagement.db
2026-06-19 22:26:38 - huginn - INFO - EngagementDatabase closed: C:\Users\allie\AppData\Local\Temp\pytest-of-allie\pytest-45\test_add_and_list_contacts0\engagements\fa58f6b0-de4c-4e9e-b234-c34219fce8cf\engagement.db (5 connections)
2026-06-19 22:26:38 - huginn - INFO - Engagement created: fa58f6b0-de4c-4e9e-b234-c34219fce8cf (Contact Test)
2026-06-19 22:26:38 - huginn - INFO - EngagementDatabase connected: C:\Users\allie\AppData\Local\Temp\pytest-of-allie\pytest-45\test_add_and_list_contacts0\engagements\fa58f6b0-de4c-4e9e-b234-c34219fce8cf\engagement.db (pool_size=5)
2026-06-19 22:26:38 - huginn - INFO - Engagement opened: fa58f6b0-de4c-4e9e-b234-c34219fce8cf
2026-06-19 22:26:38 - huginn - DEBUG - Contact added: John Doe (CTO)
2026-06-19 22:26:38 - huginn - INFO - EngagementDatabase closed: C:\Users\allie\AppData\Local\Temp\pytest-of-allie\pytest-45\test_add_and_list_contacts0\engagements\fa58f6b0-de4c-4e9e-b234-c34219fce8cf\engagement.db (5 connections)
2026-06-19 22:26:38 - huginn - INFO - Active engagement closed.
2026-06-19 22:26:38 - huginn - INFO - EngagementManager closed.
2026-06-19 22:26:38 - huginn - INFO - Master index schema initialized.
2026-06-19 22:26:38 - huginn - INFO - EngagementDatabase connected: C:\Users\allie\AppData\Local\Temp\pytest-of-allie\pytest-45\test_update_contact0\engagements\c906e69f-0fae-4178-99b0-3fe92be241ed\engagement.db (pool_size=5)
2026-06-19 22:26:38 - huginn - INFO - EngagementDatabase schema created: C:\Users\allie\AppData\Local\Temp\pytest-of-allie\pytest-45\test_update_contact0\engagements\c906e69f-0fae-4178-99b0-3fe92be241ed\engagement.db
2026-06-19 22:26:38 - huginn - INFO - EngagementDatabase closed: C:\Users\allie\AppData\Local\Temp\pytest-of-allie\pytest-45\test_update_contact0\engagements\c906e69f-0fae-4178-99b0-3fe92be241ed\engagement.db (5 connections)
2026-06-19 22:26:38 - huginn - INFO - Engagement created: c906e69f-0fae-4178-99b0-3fe92be241ed (Contact Test)
2026-06-19 22:26:38 - huginn - INFO - EngagementDatabase connected: C:\Users\allie\AppData\Local\Temp\pytest-of-allie\pytest-45\test_update_contact0\engagements\c906e69f-0fae-4178-99b0-3fe92be241ed\engagement.db (pool_size=5)
2026-06-19 22:26:38 - huginn - INFO - Engagement opened: c906e69f-0fae-4178-99b0-3fe92be241ed
2026-06-19 22:26:38 - huginn - DEBUG - Contact added: Jane (PM)
2026-06-19 22:26:38 - huginn - INFO - EngagementDatabase closed: C:\Users\allie\AppData\Local\Temp\pytest-of-allie\pytest-45\test_update_contact0\engagements\c906e69f-0fae-4178-99b0-3fe92be241ed\engagement.db (5 connections)
2026-06-19 22:26:38 - huginn - INFO - Active engagement closed.
2026-06-19 22:26:38 - huginn - INFO - EngagementManager closed.
2026-06-19 22:26:38 - huginn - INFO - Master index schema initialized.
2026-06-19 22:26:38 - huginn - INFO - EngagementDatabase connected: C:\Users\allie\AppData\Local\Temp\pytest-of-allie\pytest-45\test_delete_contact0\engagements\1aa0c4a8-b93b-47ff-a9a6-4c3b1eb9951f\engagement.db (pool_size=5)
2026-06-19 22:26:38 - huginn - INFO - EngagementDatabase schema created: C:\Users\allie\AppData\Local\Temp\pytest-of-allie\pytest-45\test_delete_contact0\engagements\1aa0c4a8-b93b-47ff-a9a6-4c3b1eb9951f\engagement.db
2026-06-19 22:26:38 - huginn - INFO - EngagementDatabase closed: C:\Users\allie\AppData\Local\Temp\pytest-of-allie\pytest-45\test_delete_contact0\engagements\1aa0c4a8-b93b-47ff-a9a6-4c3b1eb9951f\engagement.db (5 connections)
2026-06-19 22:26:38 - huginn - INFO - Engagement created: 1aa0c4a8-b93b-47ff-a9a6-4c3b1eb9951f (Contact Test)
2026-06-19 22:26:38 - huginn - INFO - EngagementDatabase connected: C:\Users\allie\AppData\Local\Temp\pytest-of-allie\pytest-45\test_delete_contact0\engagements\1aa0c4a8-b93b-47ff-a9a6-4c3b1eb9951f\engagement.db (pool_size=5)
2026-06-19 22:26:38 - huginn - INFO - Engagement opened: 1aa0c4a8-b93b-47ff-a9a6-4c3b1eb9951f
2026-06-19 22:26:38 - huginn - DEBUG - Contact added: Delete Me (None)
2026-06-19 22:26:38 - huginn - INFO - EngagementDatabase closed: C:\Users\allie\AppData\Local\Temp\pytest-of-allie\pytest-45\test_delete_contact0\engagements\1aa0c4a8-b93b-47ff-a9a6-4c3b1eb9951f\engagement.db (5 connections)
2026-06-19 22:26:38 - huginn - INFO - Active engagement closed.
2026-06-19 22:26:38 - huginn - INFO - EngagementManager closed.
2026-06-19 22:26:38 - huginn - INFO - Master index schema initialized.
2026-06-19 22:26:38 - huginn - INFO - EngagementDatabase connected: C:\Users\allie\AppData\Local\Temp\pytest-of-allie\pytest-45\test_set_and_get_roe0\engagements\27d24b1e-0455-4e5a-9c9a-5eb2745c8157\engagement.db (pool_size=5)
2026-06-19 22:26:38 - huginn - INFO - EngagementDatabase schema created: C:\Users\allie\AppData\Local\Temp\pytest-of-allie\pytest-45\test_set_and_get_roe0\engagements\27d24b1e-0455-4e5a-9c9a-5eb2745c8157\engagement.db
2026-06-19 22:26:38 - huginn - INFO - EngagementDatabase closed: C:\Users\allie\AppData\Local\Temp\pytest-of-allie\pytest-45\test_set_and_get_roe0\engagements\27d24b1e-0455-4e5a-9c9a-5eb2745c8157\engagement.db (5 connections)
2026-06-19 22:26:38 - huginn - INFO - Engagement created: 27d24b1e-0455-4e5a-9c9a-5eb2745c8157 (RoE Test)
2026-06-19 22:26:38 - huginn - INFO - EngagementDatabase connected: C:\Users\allie\AppData\Local\Temp\pytest-of-allie\pytest-45\test_set_and_get_roe0\engagements\27d24b1e-0455-4e5a-9c9a-5eb2745c8157\engagement.db (pool_size=5)
2026-06-19 22:26:38 - huginn - INFO - Engagement opened: 27d24b1e-0455-4e5a-9c9a-5eb2745c8157
2026-06-19 22:26:38 - huginn - INFO - EngagementDatabase closed: C:\Users\allie\AppData\Local\Temp\pytest-of-allie\pytest-45\test_set_and_get_roe0\engagements\27d24b1e-0455-4e5a-9c9a-5eb2745c8157\engagement.db (5 connections)
2026-06-19 22:26:38 - huginn - INFO - Active engagement closed.
2026-06-19 22:26:38 - huginn - INFO - EngagementManager closed.
2026-06-19 22:26:38 - huginn - INFO - Master index schema initialized.
2026-06-19 22:26:38 - huginn - INFO - EngagementDatabase connected: C:\Users\allie\AppData\Local\Temp\pytest-of-allie\pytest-45\test_update_roe_overwrites0\engagements\950bf53c-7f20-45dd-94af-ed7645c00416\engagement.db (pool_size=5)
2026-06-19 22:26:38 - huginn - INFO - EngagementDatabase schema created: C:\Users\allie\AppData\Local\Temp\pytest-of-allie\pytest-45\test_update_roe_overwrites0\engagements\950bf53c-7f20-45dd-94af-ed7645c00416\engagement.db
2026-06-19 22:26:38 - huginn - INFO - EngagementDatabase closed: C:\Users\allie\AppData\Local\Temp\pytest-of-allie\pytest-45\test_update_roe_overwrites0\engagements\950bf53c-7f20-45dd-94af-ed7645c00416\engagement.db (5 connections)
2026-06-19 22:26:38 - huginn - INFO - Engagement created: 950bf53c-7f20-45dd-94af-ed7645c00416 (RoE Test)
2026-06-19 22:26:38 - huginn - INFO - EngagementDatabase connected: C:\Users\allie\AppData\Local\Temp\pytest-of-allie\pytest-45\test_update_roe_overwrites0\engagements\950bf53c-7f20-45dd-94af-ed7645c00416\engagement.db (pool_size=5)
2026-06-19 22:26:38 - huginn - INFO - Engagement opened: 950bf53c-7f20-45dd-94af-ed7645c00416
2026-06-19 22:26:38 - huginn - INFO - EngagementDatabase closed: C:\Users\allie\AppData\Local\Temp\pytest-of-allie\pytest-45\test_update_roe_overwrites0\engagements\950bf53c-7f20-45dd-94af-ed7645c00416\engagement.db (5 connections)
2026-06-19 22:26:38 - huginn - INFO - Active engagement closed.
2026-06-19 22:26:38 - huginn - INFO - EngagementManager closed.
2026-06-19 22:26:38 - huginn - INFO - Master index schema initialized.
2026-06-19 22:26:38 - huginn - INFO - EngagementDatabase connected: C:\Users\allie\AppData\Local\Temp\pytest-of-allie\pytest-45\test_get_roe_returns_none_when0\engagements\098ba826-9f4e-4543-805e-650ec3f53694\engagement.db (pool_size=5)
2026-06-19 22:26:38 - huginn - INFO - EngagementDatabase schema created: C:\Users\allie\AppData\Local\Temp\pytest-of-allie\pytest-45\test_get_roe_returns_none_when0\engagements\098ba826-9f4e-4543-805e-650ec3f53694\engagement.db
2026-06-19 22:26:38 - huginn - INFO - EngagementDatabase closed: C:\Users\allie\AppData\Local\Temp\pytest-of-allie\pytest-45\test_get_roe_returns_none_when0\engagements\098ba826-9f4e-4543-805e-650ec3f53694\engagement.db (5 connections)
2026-06-19 22:26:38 - huginn - INFO - Engagement created: 098ba826-9f4e-4543-805e-650ec3f53694 (RoE Test)
2026-06-19 22:26:38 - huginn - INFO - EngagementDatabase connected: C:\Users\allie\AppData\Local\Temp\pytest-of-allie\pytest-45\test_get_roe_returns_none_when0\engagements\098ba826-9f4e-4543-805e-650ec3f53694\engagement.db (pool_size=5)
2026-06-19 22:26:38 - huginn - INFO - Engagement opened: 098ba826-9f4e-4543-805e-650ec3f53694
2026-06-19 22:26:38 - huginn - INFO - EngagementDatabase closed: C:\Users\allie\AppData\Local\Temp\pytest-of-allie\pytest-45\test_get_roe_returns_none_when0\engagements\098ba826-9f4e-4543-805e-650ec3f53694\engagement.db (5 connections)
2026-06-19 22:26:38 - huginn - INFO - Active engagement closed.
2026-06-19 22:26:38 - huginn - INFO - EngagementManager closed.
2026-06-19 22:26:38 - huginn - INFO - Master index schema initialized.
2026-06-19 22:26:38 - huginn - INFO - EngagementDatabase connected: C:\Users\allie\AppData\Local\Temp\pytest-of-allie\pytest-45\test_add_and_list_milestones0\engagements\3b726822-0dff-40d2-af4d-609952ec66fb\engagement.db (pool_size=5)
2026-06-19 22:26:38 - huginn - INFO - EngagementDatabase schema created: C:\Users\allie\AppData\Local\Temp\pytest-of-allie\pytest-45\test_add_and_list_milestones0\engagements\3b726822-0dff-40d2-af4d-609952ec66fb\engagement.db
2026-06-19 22:26:38 - huginn - INFO - EngagementDatabase closed: C:\Users\allie\AppData\Local\Temp\pytest-of-allie\pytest-45\test_add_and_list_milestones0\engagements\3b726822-0dff-40d2-af4d-609952ec66fb\engagement.db (5 connections)
2026-06-19 22:26:38 - huginn - INFO - Engagement created: 3b726822-0dff-40d2-af4d-609952ec66fb (Milestone Test)
2026-06-19 22:26:38 - huginn - INFO - EngagementDatabase connected: C:\Users\allie\AppData\Local\Temp\pytest-of-allie\pytest-45\test_add_and_list_milestones0\engagements\3b726822-0dff-40d2-af4d-609952ec66fb\engagement.db (pool_size=5)
2026-06-19 22:26:38 - huginn - INFO - Engagement opened: 3b726822-0dff-40d2-af4d-609952ec66fb
2026-06-19 22:26:38 - huginn - DEBUG - Milestone added: Kickoff (planned_start)
2026-06-19 22:26:38 - huginn - INFO - EngagementDatabase closed: C:\Users\allie\AppData\Local\Temp\pytest-of-allie\pytest-45\test_add_and_list_milestones0\engagements\3b726822-0dff-40d2-af4d-609952ec66fb\engagement.db (5 connections)
2026-06-19 22:26:38 - huginn - INFO - Active engagement closed.
2026-06-19 22:26:38 - huginn - INFO - EngagementManager closed.
2026-06-19 22:26:38 - huginn - INFO - Master index schema initialized.
2026-06-19 22:26:38 - huginn - INFO - EngagementDatabase connected: C:\Users\allie\AppData\Local\Temp\pytest-of-allie\pytest-45\test_milestones_ordered_by_dat0\engagements\4f59d393-e9c6-453b-bee6-d1ee6b5b697b\engagement.db (pool_size=5)
2026-06-19 22:26:38 - huginn - INFO - EngagementDatabase schema created: C:\Users\allie\AppData\Local\Temp\pytest-of-allie\pytest-45\test_milestones_ordered_by_dat0\engagements\4f59d393-e9c6-453b-bee6-d1ee6b5b697b\engagement.db
2026-06-19 22:26:38 - huginn - INFO - EngagementDatabase closed: C:\Users\allie\AppData\Local\Temp\pytest-of-allie\pytest-45\test_milestones_ordered_by_dat0\engagements\4f59d393-e9c6-453b-bee6-d1ee6b5b697b\engagement.db (5 connections)
2026-06-19 22:26:38 - huginn - INFO - Engagement created: 4f59d393-e9c6-453b-bee6-d1ee6b5b697b (Milestone Test)
2026-06-19 22:26:38 - huginn - INFO - EngagementDatabase connected: C:\Users\allie\AppData\Local\Temp\pytest-of-allie\pytest-45\test_milestones_ordered_by_dat0\engagements\4f59d393-e9c6-453b-bee6-d1ee6b5b697b\engagement.db (pool_size=5)
2026-06-19 22:26:38 - huginn - INFO - Engagement opened: 4f59d393-e9c6-453b-bee6-d1ee6b5b697b
2026-06-19 22:26:38 - huginn - DEBUG - Milestone added: End (planned_end)
2026-06-19 22:26:38 - huginn - DEBUG - Milestone added: Start (planned_start)
2026-06-19 22:26:38 - huginn - DEBUG - Milestone added: Mid (checkpoint)
2026-06-19 22:26:38 - huginn - INFO - EngagementDatabase closed: C:\Users\allie\AppData\Local\Temp\pytest-of-allie\pytest-45\test_milestones_ordered_by_dat0\engagements\4f59d393-e9c6-453b-bee6-d1ee6b5b697b\engagement.db (5 connections)
2026-06-19 22:26:38 - huginn - INFO - Active engagement closed.
2026-06-19 22:26:38 - huginn - INFO - EngagementManager closed.
2026-06-19 22:26:38 - huginn - INFO - Master index schema initialized.
2026-06-19 22:26:38 - huginn - INFO - EngagementDatabase connected: C:\Users\allie\AppData\Local\Temp\pytest-of-allie\pytest-45\test_update_milestone0\engagements\b749a872-2ba7-4697-a11a-c890af55daf8\engagement.db (pool_size=5)
2026-06-19 22:26:38 - huginn - INFO - EngagementDatabase schema created: C:\Users\allie\AppData\Local\Temp\pytest-of-allie\pytest-45\test_update_milestone0\engagements\b749a872-2ba7-4697-a11a-c890af55daf8\engagement.db
2026-06-19 22:26:38 - huginn - INFO - EngagementDatabase closed: C:\Users\allie\AppData\Local\Temp\pytest-of-allie\pytest-45\test_update_milestone0\engagements\b749a872-2ba7-4697-a11a-c890af55daf8\engagement.db (5 connections)
2026-06-19 22:26:38 - huginn - INFO - Engagement created: b749a872-2ba7-4697-a11a-c890af55daf8 (Milestone Test)
2026-06-19 22:26:38 - huginn - INFO - EngagementDatabase connected: C:\Users\allie\AppData\Local\Temp\pytest-of-allie\pytest-45\test_update_milestone0\engagements\b749a872-2ba7-4697-a11a-c890af55daf8\engagement.db (pool_size=5)
2026-06-19 22:26:38 - huginn - INFO - Engagement opened: b749a872-2ba7-4697-a11a-c890af55daf8
2026-06-19 22:26:38 - huginn - DEBUG - Milestone added: Old Name (checkpoint)
2026-06-19 22:26:38 - huginn - INFO - EngagementDatabase closed: C:\Users\allie\AppData\Local\Temp\pytest-of-allie\pytest-45\test_update_milestone0\engagements\b749a872-2ba7-4697-a11a-c890af55daf8\engagement.db (5 connections)
2026-06-19 22:26:38 - huginn - INFO - Active engagement closed.
2026-06-19 22:26:38 - huginn - INFO - EngagementManager closed.
2026-06-19 22:26:38 - huginn - INFO - Master index schema initialized.
2026-06-19 22:26:38 - huginn - INFO - EngagementDatabase connected: C:\Users\allie\AppData\Local\Temp\pytest-of-allie\pytest-45\test_delete_milestone0\engagements\d7ce5572-8c54-47aa-8f5b-dfb00096e225\engagement.db (pool_size=5)
2026-06-19 22:26:38 - huginn - INFO - EngagementDatabase schema created: C:\Users\allie\AppData\Local\Temp\pytest-of-allie\pytest-45\test_delete_milestone0\engagements\d7ce5572-8c54-47aa-8f5b-dfb00096e225\engagement.db
2026-06-19 22:26:38 - huginn - INFO - EngagementDatabase closed: C:\Users\allie\AppData\Local\Temp\pytest-of-allie\pytest-45\test_delete_milestone0\engagements\d7ce5572-8c54-47aa-8f5b-dfb00096e225\engagement.db (5 connections)
2026-06-19 22:26:38 - huginn - INFO - Engagement created: d7ce5572-8c54-47aa-8f5b-dfb00096e225 (Milestone Test)
2026-06-19 22:26:38 - huginn - INFO - EngagementDatabase connected: C:\Users\allie\AppData\Local\Temp\pytest-of-allie\pytest-45\test_delete_milestone0\engagements\d7ce5572-8c54-47aa-8f5b-dfb00096e225\engagement.db (pool_size=5)
2026-06-19 22:26:38 - huginn - INFO - Engagement opened: d7ce5572-8c54-47aa-8f5b-dfb00096e225
2026-06-19 22:26:38 - huginn - DEBUG - Milestone added: Remove (checkpoint)
2026-06-19 22:26:38 - huginn - INFO - EngagementDatabase closed: C:\Users\allie\AppData\Local\Temp\pytest-of-allie\pytest-45\test_delete_milestone0\engagements\d7ce5572-8c54-47aa-8f5b-dfb00096e225\engagement.db (5 connections)
2026-06-19 22:26:38 - huginn - INFO - Active engagement closed.
2026-06-19 22:26:38 - huginn - INFO - EngagementManager closed.
2026-06-19 22:26:38 - huginn - INFO - Master index schema initialized.
2026-06-19 22:26:38 - huginn - INFO - EngagementDatabase connected: C:\Users\allie\AppData\Local\Temp\pytest-of-allie\pytest-45\test_engagement_created_signal0\engagements\b5043b22-72ec-4b18-b52f-b8cb0036545b\engagement.db (pool_size=5)
2026-06-19 22:26:38 - huginn - INFO - EngagementDatabase schema created: C:\Users\allie\AppData\Local\Temp\pytest-of-allie\pytest-45\test_engagement_created_signal0\engagements\b5043b22-72ec-4b18-b52f-b8cb0036545b\engagement.db
2026-06-19 22:26:38 - huginn - INFO - EngagementDatabase closed: C:\Users\allie\AppData\Local\Temp\pytest-of-allie\pytest-45\test_engagement_created_signal0\engagements\b5043b22-72ec-4b18-b52f-b8cb0036545b\engagement.db (5 connections)
2026-06-19 22:26:38 - huginn - INFO - Engagement created: b5043b22-72ec-4b18-b52f-b8cb0036545b (Signal)
2026-06-19 22:26:38 - huginn - INFO - EngagementManager closed.
2026-06-19 22:26:38 - huginn - INFO - Master index schema initialized.
2026-06-19 22:26:38 - huginn - INFO - EngagementDatabase connected: C:\Users\allie\AppData\Local\Temp\pytest-of-allie\pytest-45\test_engagement_opened_signal0\engagements\d59183d9-0ba5-4302-81d8-051a8aa60841\engagement.db (pool_size=5)
2026-06-19 22:26:38 - huginn - INFO - EngagementDatabase schema created: C:\Users\allie\AppData\Local\Temp\pytest-of-allie\pytest-45\test_engagement_opened_signal0\engagements\d59183d9-0ba5-4302-81d8-051a8aa60841\engagement.db
2026-06-19 22:26:38 - huginn - INFO - EngagementDatabase closed: C:\Users\allie\AppData\Local\Temp\pytest-of-allie\pytest-45\test_engagement_opened_signal0\engagements\d59183d9-0ba5-4302-81d8-051a8aa60841\engagement.db (5 connections)
2026-06-19 22:26:38 - huginn - INFO - Engagement created: d59183d9-0ba5-4302-81d8-051a8aa60841 (Signal Open)
2026-06-19 22:26:38 - huginn - INFO - EngagementDatabase connected: C:\Users\allie\AppData\Local\Temp\pytest-of-allie\pytest-45\test_engagement_opened_signal0\engagements\d59183d9-0ba5-4302-81d8-051a8aa60841\engagement.db (pool_size=5)
2026-06-19 22:26:38 - huginn - INFO - Engagement opened: d59183d9-0ba5-4302-81d8-051a8aa60841
2026-06-19 22:26:38 - huginn - INFO - EngagementDatabase closed: C:\Users\allie\AppData\Local\Temp\pytest-of-allie\pytest-45\test_engagement_opened_signal0\engagements\d59183d9-0ba5-4302-81d8-051a8aa60841\engagement.db (5 connections)
2026-06-19 22:26:38 - huginn - INFO - Active engagement closed.
2026-06-19 22:26:38 - huginn - INFO - EngagementManager closed.
2026-06-19 22:26:38 - huginn - INFO - Master index schema initialized.
2026-06-19 22:26:39 - huginn - INFO - EngagementDatabase connected: C:\Users\allie\AppData\Local\Temp\pytest-of-allie\pytest-45\test_state_changed_signal0\engagements\558e52b3-eeb4-401a-8d7c-bb8a3a60cef5\engagement.db (pool_size=5)
2026-06-19 22:26:39 - huginn - INFO - EngagementDatabase schema created: C:\Users\allie\AppData\Local\Temp\pytest-of-allie\pytest-45\test_state_changed_signal0\engagements\558e52b3-eeb4-401a-8d7c-bb8a3a60cef5\engagement.db
2026-06-19 22:26:39 - huginn - INFO - EngagementDatabase closed: C:\Users\allie\AppData\Local\Temp\pytest-of-allie\pytest-45\test_state_changed_signal0\engagements\558e52b3-eeb4-401a-8d7c-bb8a3a60cef5\engagement.db (5 connections)
2026-06-19 22:26:39 - huginn - INFO - Engagement created: 558e52b3-eeb4-401a-8d7c-bb8a3a60cef5 (Signal State)
2026-06-19 22:26:39 - huginn - INFO - State transition: 558e52b3-eeb4-401a-8d7c-bb8a3a60cef5 draft -> scoping
2026-06-19 22:26:39 - huginn - INFO - EngagementManager closed.
2026-06-19 22:26:39 - huginn - INFO - Master index schema initialized.
2026-06-19 22:26:39 - huginn - INFO - EngagementManager closed.
2026-06-19 22:27:28 - huginn - INFO - License saved successfully
2026-06-19 22:27:28 - huginn - INFO - License loaded and validated successfully
2026-06-19 22:27:28 - huginn - INFO - Application starting...
2026-06-19 22:27:28 - huginn - INFO - Huginn version 1.0.0
2026-06-19 22:27:28 - huginn - INFO - Font loaded successfully
2026-06-19 22:27:28 - huginn - INFO - Stylesheet loaded successfully
2026-06-19 22:27:28 - huginn - INFO - Creating main window...
2026-06-19 22:27:28 - huginn - INFO - QThreadPool max threads set to 32 (CPUs: 32)
2026-06-19 22:27:28 - huginn - INFO - Custom font 'Neuropol X' loaded from C:\Users\allie\Coding Projects\huggin_suite\huginn\resources\fonts\neuropol.otf
2026-06-19 22:27:29 - huginn - INFO - Master index schema initialized.
2026-06-19 22:27:30 - huginn - DEBUG - [FeatureGapIntegration] Tenant→Engagement wiring connected.
2026-06-19 22:27:30 - huginn - INFO - [FeatureGapIntegration] All new modules integrated successfully.
2026-06-19 22:27:30 - huginn - INFO - Feature gap integration completed successfully
2026-06-19 22:27:33 - huginn - INFO - EngagementDatabase connected: C:\Users\allie\Coding Projects\huggin_suite\huginn\resources\engagements\bb3d4a1e-4dff-45e4-a981-d4f32e8a2d2b\engagement.db (pool_size=5)
2026-06-19 22:27:33 - huginn - INFO - Engagement opened: bb3d4a1e-4dff-45e4-a981-d4f32e8a2d2b
2026-06-19 22:27:33 - huginn - INFO - NoteSystem: database attached and FTS initialized.
2026-06-19 22:27:33 - huginn - INFO - RetestWorkflow: database attached.
2026-06-19 22:39:04 - huginn - DEBUG - Memory monitoring stopped
2026-06-19 22:39:04 - huginn - DEBUG - Connection pool closed all sessions
2026-06-19 22:39:09 - huginn - INFO - Using default configuration
2026-06-19 22:39:09 - huginn - INFO - License saved successfully
2026-06-19 22:39:09 - huginn - INFO - License loaded and validated successfully
2026-06-19 22:39:09 - huginn - INFO - Application starting...
2026-06-19 22:39:09 - huginn - INFO - Huginn version 1.0.0
2026-06-19 22:39:09 - huginn - INFO - Font loaded successfully
2026-06-19 22:39:09 - huginn - INFO - Stylesheet loaded successfully
2026-06-19 22:39:09 - huginn - INFO - Creating main window...
2026-06-19 22:39:09 - huginn - INFO - QThreadPool max threads set to 32 (CPUs: 32)
2026-06-19 22:39:09 - huginn - INFO - Custom font 'Neuropol X' loaded from C:\Users\allie\Coding Projects\huggin_suite\huginn\resources\fonts\neuropol.otf
2026-06-19 22:39:10 - huginn - INFO - Master index schema initialized.
2026-06-19 22:39:11 - huginn - DEBUG - [FeatureGapIntegration] Tenant→Engagement wiring connected.
2026-06-19 22:39:11 - huginn - INFO - [FeatureGapIntegration] All new modules integrated successfully.
2026-06-19 22:39:11 - huginn - INFO - Feature gap integration completed successfully
2026-06-19 22:39:11 - huginn - INFO - License saved successfully
2026-06-19 22:39:11 - huginn - INFO - License loaded and validated successfully
2026-06-19 22:39:14 - huginn - INFO - EngagementDatabase connected: C:\Users\allie\Coding Projects\huggin_suite\huginn\resources\engagements\bb3d4a1e-4dff-45e4-a981-d4f32e8a2d2b\engagement.db (pool_size=5)
2026-06-19 22:39:14 - huginn - INFO - Engagement opened: bb3d4a1e-4dff-45e4-a981-d4f32e8a2d2b
2026-06-19 22:39:14 - huginn - INFO - NoteSystem: database attached and FTS initialized.
2026-06-19 22:39:14 - huginn - INFO - RetestWorkflow: database attached.
2026-06-19 22:39:18 - huginn - INFO - EngagementDatabase closed: C:\Users\allie\Coding Projects\huggin_suite\huginn\resources\engagements\bb3d4a1e-4dff-45e4-a981-d4f32e8a2d2b\engagement.db (5 connections)
2026-06-19 22:39:18 - huginn - INFO - EngagementDatabase connected: C:\Users\allie\Coding Projects\huggin_suite\huginn\resources\engagements\bb3d4a1e-4dff-45e4-a981-d4f32e8a2d2b\engagement.db (pool_size=5)
2026-06-19 22:39:18 - huginn - INFO - Engagement opened: bb3d4a1e-4dff-45e4-a981-d4f32e8a2d2b
2026-06-19 22:39:18 - huginn - INFO - NoteSystem: database attached and FTS initialized.
2026-06-19 22:39:18 - huginn - INFO - RetestWorkflow: database attached.
2026-06-19 22:40:12 - huginn - DEBUG - Memory monitoring stopped
2026-06-19 22:40:12 - huginn - DEBUG - Connection pool closed all sessions
2026-06-19 22:41:23 - huginn - INFO - License saved successfully
2026-06-19 22:41:23 - huginn - INFO - License loaded and validated successfully
2026-06-19 22:41:23 - huginn - INFO - Application starting...
2026-06-19 22:41:23 - huginn - INFO - Huginn version 1.0.0
2026-06-19 22:41:23 - huginn - INFO - Font loaded successfully
2026-06-19 22:41:23 - huginn - INFO - Stylesheet loaded successfully
2026-06-19 22:41:23 - huginn - INFO - Creating main window...
2026-06-19 22:41:23 - huginn - INFO - QThreadPool max threads set to 32 (CPUs: 32)
2026-06-19 22:41:23 - huginn - INFO - Custom font 'Neuropol X' loaded from C:\Users\allie\Coding Projects\huggin_suite\huginn\resources\fonts\neuropol.otf
2026-06-19 22:41:24 - huginn - INFO - Master index schema initialized.
2026-06-19 22:41:25 - huginn - DEBUG - [FeatureGapIntegration] Tenant→Engagement wiring connected.
2026-06-19 22:41:25 - huginn - INFO - [FeatureGapIntegration] All new modules integrated successfully.
2026-06-19 22:41:25 - huginn - INFO - Feature gap integration completed successfully
2026-06-19 22:41:29 - huginn - INFO - EngagementDatabase connected: C:\Users\allie\Coding Projects\huggin_suite\huginn\resources\engagements\c113fb39-30ef-48b0-91af-c4751811afcb\engagement.db (pool_size=5)
2026-06-19 22:41:29 - huginn - INFO - Engagement opened: c113fb39-30ef-48b0-91af-c4751811afcb
2026-06-19 22:41:29 - huginn - INFO - NoteSystem: database attached and FTS initialized.
2026-06-19 22:41:29 - huginn - INFO - RetestWorkflow: database attached.
2026-06-19 22:43:09 - huginn - INFO - Using default configuration
2026-06-19 22:43:12 - huginn - INFO - License saved successfully
2026-06-19 22:43:12 - huginn - INFO - License loaded and validated successfully
2026-06-19 22:43:12 - huginn - DEBUG - Memory monitoring stopped
2026-06-19 22:43:12 - huginn - DEBUG - Connection pool closed all sessions
2026-06-19 22:43:15 - huginn - INFO - Using default configuration
2026-06-19 22:43:16 - huginn - INFO - License saved successfully
2026-06-19 22:43:16 - huginn - INFO - License loaded and validated successfully
2026-06-19 22:43:17 - huginn - INFO - Application starting...
2026-06-19 22:43:17 - huginn - INFO - Huginn version 1.0.0
2026-06-19 22:43:17 - huginn - INFO - Font loaded successfully
2026-06-19 22:43:17 - huginn - INFO - Stylesheet loaded successfully
2026-06-19 22:43:17 - huginn - INFO - Creating main window...
2026-06-19 22:43:17 - huginn - INFO - QThreadPool max threads set to 32 (CPUs: 32)
2026-06-19 22:43:17 - huginn - INFO - Custom font 'Neuropol X' loaded from C:\Users\allie\Coding Projects\huggin_suite\huginn\resources\fonts\neuropol.otf
2026-06-19 22:43:17 - huginn - INFO - License saved successfully
2026-06-19 22:43:17 - huginn - INFO - License loaded and validated successfully
2026-06-19 22:43:18 - huginn - INFO - Master index schema initialized.
2026-06-19 22:43:18 - huginn - DEBUG - [FeatureGapIntegration] Tenant→Engagement wiring connected.
2026-06-19 22:43:18 - huginn - INFO - [FeatureGapIntegration] All new modules integrated successfully.
2026-06-19 22:43:18 - huginn - INFO - Feature gap integration completed successfully
2026-06-19 22:43:21 - huginn - INFO - EngagementDatabase connected: C:\Users\allie\Coding Projects\huggin_suite\huginn\resources\engagements\c113fb39-30ef-48b0-91af-c4751811afcb\engagement.db (pool_size=5)
2026-06-19 22:43:21 - huginn - INFO - Engagement opened: c113fb39-30ef-48b0-91af-c4751811afcb
2026-06-19 22:43:21 - huginn - INFO - NoteSystem: database attached and FTS initialized.
2026-06-19 22:43:21 - huginn - INFO - RetestWorkflow: database attached.
2026-06-19 22:49:12 - huginn - DEBUG - Memory monitoring stopped
2026-06-19 22:49:12 - huginn - DEBUG - Connection pool closed all sessions
2026-06-19 22:52:44 - huginn - INFO - Using default configuration
2026-06-19 22:52:45 - huginn - INFO - License saved successfully
2026-06-19 22:52:45 - huginn - INFO - License loaded and validated successfully
2026-06-19 22:52:45 - huginn - INFO - Application starting...
2026-06-19 22:52:45 - huginn - INFO - Huginn version 1.0.0
2026-06-19 22:52:45 - huginn - INFO - Font loaded successfully
2026-06-19 22:52:45 - huginn - INFO - Stylesheet loaded successfully
2026-06-19 22:52:45 - huginn - INFO - Creating main window...
2026-06-19 22:52:45 - huginn - INFO - QThreadPool max threads set to 32 (CPUs: 32)
2026-06-19 22:52:45 - huginn - INFO - Custom font 'Neuropol X' loaded from C:\Users\allie\Coding Projects\huggin_suite\huginn\resources\fonts\neuropol.otf
2026-06-19 22:52:46 - huginn - INFO - Master index schema initialized.
2026-06-19 22:52:46 - huginn - INFO - License saved successfully
2026-06-19 22:52:46 - huginn - INFO - License loaded and validated successfully
2026-06-19 22:52:46 - huginn - DEBUG - [FeatureGapIntegration] Tenant→Engagement wiring connected.
2026-06-19 22:52:46 - huginn - INFO - [FeatureGapIntegration] All new modules integrated successfully.
2026-06-19 22:52:46 - huginn - INFO - Feature gap integration completed successfully
2026-06-19 22:52:49 - huginn - INFO - EngagementDatabase connected: C:\Users\allie\Coding Projects\huggin_suite\huginn\resources\engagements\c113fb39-30ef-48b0-91af-c4751811afcb\engagement.db (pool_size=5)
2026-06-19 22:52:49 - huginn - INFO - Engagement opened: c113fb39-30ef-48b0-91af-c4751811afcb
2026-06-19 22:52:49 - huginn - INFO - NoteSystem: database attached and FTS initialized.
2026-06-19 22:52:49 - huginn - INFO - RetestWorkflow: database attached.
2026-06-19 22:54:12 - huginn - INFO - Using default configuration
2026-06-19 22:54:14 - huginn - INFO - License saved successfully
2026-06-19 22:54:14 - huginn - INFO - License loaded and validated successfully
2026-06-19 22:54:15 - huginn - DEBUG - Memory monitoring stopped
2026-06-19 22:54:15 - huginn - DEBUG - Connection pool closed all sessions
2026-06-19 22:54:19 - huginn - INFO - License saved successfully
2026-06-19 22:54:19 - huginn - INFO - License loaded and validated successfully
2026-06-19 22:54:19 - huginn - INFO - Application starting...
2026-06-19 22:54:19 - huginn - INFO - Huginn version 1.0.0
2026-06-19 22:54:19 - huginn - INFO - Font loaded successfully
2026-06-19 22:54:19 - huginn - INFO - Stylesheet loaded successfully
2026-06-19 22:54:19 - huginn - INFO - Creating main window...
2026-06-19 22:54:19 - huginn - INFO - QThreadPool max threads set to 32 (CPUs: 32)
2026-06-19 22:54:19 - huginn - INFO - Custom font 'Neuropol X' loaded from C:\Users\allie\Coding Projects\huggin_suite\huginn\resources\fonts\neuropol.otf
2026-06-19 22:54:20 - huginn - INFO - Master index schema initialized.
2026-06-19 22:54:20 - huginn - DEBUG - [FeatureGapIntegration] Tenant→Engagement wiring connected.
2026-06-19 22:54:20 - huginn - INFO - [FeatureGapIntegration] All new modules integrated successfully.
2026-06-19 22:54:20 - huginn - INFO - Feature gap integration completed successfully
2026-06-19 22:54:22 - huginn - INFO - EngagementDatabase connected: C:\Users\allie\Coding Projects\huggin_suite\huginn\resources\engagements\c113fb39-30ef-48b0-91af-c4751811afcb\engagement.db (pool_size=5)
2026-06-19 22:54:22 - huginn - INFO - Engagement opened: c113fb39-30ef-48b0-91af-c4751811afcb
2026-06-19 22:54:22 - huginn - INFO - NoteSystem: database attached and FTS initialized.
2026-06-19 22:54:22 - huginn - INFO - RetestWorkflow: database attached.
2026-06-19 23:00:36 - huginn - DEBUG - Memory monitoring stopped
2026-06-19 23:00:36 - huginn - DEBUG - Connection pool closed all sessions
2026-06-19 23:03:01 - huginn - INFO - Using default configuration
2026-06-19 23:03:02 - huginn - INFO - License saved successfully
2026-06-19 23:03:02 - huginn - INFO - License loaded and validated successfully
2026-06-19 23:03:02 - huginn - INFO - Application starting...
2026-06-19 23:03:02 - huginn - INFO - Huginn version 1.0.0
2026-06-19 23:03:02 - huginn - INFO - Font loaded successfully
2026-06-19 23:03:02 - huginn - INFO - Stylesheet loaded successfully
2026-06-19 23:03:02 - huginn - INFO - Creating main window...
2026-06-19 23:03:02 - huginn - INFO - QThreadPool max threads set to 32 (CPUs: 32)
2026-06-19 23:03:02 - huginn - INFO - Custom font 'Neuropol X' loaded from C:\Users\allie\Coding Projects\huggin_suite\huginn\resources\fonts\neuropol.otf
2026-06-19 23:03:04 - huginn - INFO - License saved successfully
2026-06-19 23:03:04 - huginn - INFO - License loaded and validated successfully
2026-06-19 23:03:04 - huginn - INFO - Master index schema initialized.
2026-06-19 23:03:04 - huginn - DEBUG - [FeatureGapIntegration] Tenant→Engagement wiring connected.
2026-06-19 23:03:04 - huginn - INFO - [FeatureGapIntegration] All new modules integrated successfully.
2026-06-19 23:03:04 - huginn - INFO - Feature gap integration completed successfully
2026-06-19 23:03:06 - huginn - INFO - EngagementDatabase connected: C:\Users\allie\Coding Projects\huggin_suite\huginn\resources\engagements\c113fb39-30ef-48b0-91af-c4751811afcb\engagement.db (pool_size=5)
2026-06-19 23:03:06 - huginn - INFO - Engagement opened: c113fb39-30ef-48b0-91af-c4751811afcb
2026-06-19 23:03:06 - huginn - INFO - NoteSystem: database attached and FTS initialized.
2026-06-19 23:03:06 - huginn - INFO - RetestWorkflow: database attached.
2026-06-19 23:03:26 - huginn - INFO - EngagementDatabase closed: C:\Users\allie\Coding Projects\huggin_suite\huginn\resources\engagements\c113fb39-30ef-48b0-91af-c4751811afcb\engagement.db (5 connections)
2026-06-19 23:03:26 - huginn - INFO - EngagementDatabase connected: C:\Users\allie\Coding Projects\huggin_suite\huginn\resources\engagements\bb3d4a1e-4dff-45e4-a981-d4f32e8a2d2b\engagement.db (pool_size=5)
2026-06-19 23:03:26 - huginn - INFO - Engagement opened: bb3d4a1e-4dff-45e4-a981-d4f32e8a2d2b
2026-06-19 23:03:26 - huginn - INFO - NoteSystem: database attached and FTS initialized.
2026-06-19 23:03:26 - huginn - INFO - RetestWorkflow: database attached.
2026-06-19 23:25:20 - huginn - DEBUG - Memory monitoring stopped
2026-06-19 23:25:20 - huginn - DEBUG - Connection pool closed all sessions
2026-06-19 23:28:13 - huginn - INFO - Using default configuration
2026-06-19 23:28:15 - huginn - INFO - License saved successfully
2026-06-19 23:28:15 - huginn - INFO - License loaded and validated successfully
2026-06-19 23:28:15 - huginn - INFO - Application starting...
2026-06-19 23:28:15 - huginn - INFO - Huginn version 1.0.0
2026-06-19 23:28:15 - huginn - INFO - Font loaded successfully
2026-06-19 23:28:15 - huginn - INFO - Stylesheet loaded successfully
2026-06-19 23:28:15 - huginn - INFO - Creating main window...
2026-06-19 23:28:15 - huginn - INFO - QThreadPool max threads set to 32 (CPUs: 32)
2026-06-19 23:28:15 - huginn - INFO - Custom font 'Neuropol X' loaded from C:\Users\allie\Coding Projects\huggin_suite\huginn\resources\fonts\neuropol.otf
2026-06-19 23:28:15 - huginn - INFO - License saved successfully
2026-06-19 23:28:15 - huginn - INFO - License loaded and validated successfully
2026-06-19 23:28:16 - huginn - INFO - Master index schema initialized.
2026-06-19 23:28:16 - huginn - DEBUG - [FeatureGapIntegration] Tenant→Engagement wiring connected.
2026-06-19 23:28:16 - huginn - INFO - [FeatureGapIntegration] All new modules integrated successfully.
2026-06-19 23:28:16 - huginn - INFO - Feature gap integration completed successfully
2026-06-19 23:28:23 - huginn - INFO - EngagementDatabase connected: C:\Users\allie\Coding Projects\huggin_suite\huginn\resources\engagements\bb3d4a1e-4dff-45e4-a981-d4f32e8a2d2b\engagement.db (pool_size=5)
2026-06-19 23:28:23 - huginn - INFO - Engagement opened: bb3d4a1e-4dff-45e4-a981-d4f32e8a2d2b
2026-06-19 23:28:23 - huginn - INFO - NoteSystem: database attached and FTS initialized.
2026-06-19 23:28:23 - huginn - INFO - RetestWorkflow: database attached.
2026-06-19 23:40:33 - huginn - DEBUG - Memory monitoring stopped
2026-06-19 23:40:33 - huginn - DEBUG - Connection pool closed all sessions
2026-06-19 23:40:39 - huginn - INFO - Using default configuration
2026-06-19 23:40:42 - huginn - INFO - License saved successfully
2026-06-19 23:40:42 - huginn - INFO - License loaded and validated successfully
2026-06-19 23:40:44 - huginn - INFO - Using default configuration
2026-06-19 23:40:47 - huginn - INFO - License saved successfully
2026-06-19 23:40:47 - huginn - INFO - License loaded and validated successfully
2026-06-19 23:40:47 - huginn - INFO - License saved successfully
2026-06-19 23:40:47 - huginn - INFO - License loaded and validated successfully
2026-06-19 23:40:47 - huginn - INFO - Application starting...
2026-06-19 23:40:47 - huginn - INFO - Huginn version 1.0.0
2026-06-19 23:40:47 - huginn - INFO - Font loaded successfully
2026-06-19 23:40:47 - huginn - INFO - Stylesheet loaded successfully
2026-06-19 23:40:47 - huginn - INFO - Creating main window...
2026-06-19 23:40:47 - huginn - INFO - QThreadPool max threads set to 32 (CPUs: 32)
2026-06-19 23:40:47 - huginn - INFO - Custom font 'Neuropol X' loaded from C:\Users\allie\Coding Projects\huggin_suite\huginn\resources\fonts\neuropol.otf
2026-06-19 23:40:48 - huginn - INFO - Master index schema initialized.
2026-06-19 23:40:48 - huginn - DEBUG - [FeatureGapIntegration] Tenant→Engagement wiring connected.
2026-06-19 23:40:48 - huginn - INFO - [FeatureGapIntegration] All new modules integrated successfully.
2026-06-19 23:40:48 - huginn - INFO - Feature gap integration completed successfully
2026-06-19 23:40:51 - huginn - INFO - EngagementDatabase connected: C:\Users\allie\Coding Projects\huggin_suite\huginn\resources\engagements\dc13fe76-b8f6-4f00-b9f9-00a18fb0388e\engagement.db (pool_size=5)
2026-06-19 23:40:51 - huginn - INFO - Engagement opened: dc13fe76-b8f6-4f00-b9f9-00a18fb0388e
2026-06-19 23:40:51 - huginn - INFO - NoteSystem: database attached and FTS initialized.
2026-06-19 23:40:51 - huginn - INFO - RetestWorkflow: database attached.
2026-06-19 23:40:53 - huginn - INFO - EngagementDatabase closed: C:\Users\allie\Coding Projects\huggin_suite\huginn\resources\engagements\dc13fe76-b8f6-4f00-b9f9-00a18fb0388e\engagement.db (5 connections)
2026-06-19 23:40:53 - huginn - INFO - EngagementDatabase connected: C:\Users\allie\Coding Projects\huggin_suite\huginn\resources\engagements\bb3d4a1e-4dff-45e4-a981-d4f32e8a2d2b\engagement.db (pool_size=5)
2026-06-19 23:40:53 - huginn - INFO - Engagement opened: bb3d4a1e-4dff-45e4-a981-d4f32e8a2d2b
2026-06-19 23:40:53 - huginn - INFO - NoteSystem: database attached and FTS initialized.
2026-06-19 23:40:53 - huginn - INFO - RetestWorkflow: database attached.
2026-06-19 23:41:33 - huginn - INFO - EngagementDatabase closed: C:\Users\allie\Coding Projects\huggin_suite\huginn\resources\engagements\bb3d4a1e-4dff-45e4-a981-d4f32e8a2d2b\engagement.db (5 connections)
2026-06-19 23:41:33 - huginn - INFO - EngagementDatabase connected: C:\Users\allie\Coding Projects\huggin_suite\huginn\resources\engagements\dc13fe76-b8f6-4f00-b9f9-00a18fb0388e\engagement.db (pool_size=5)
2026-06-19 23:41:33 - huginn - INFO - Engagement opened: dc13fe76-b8f6-4f00-b9f9-00a18fb0388e
2026-06-19 23:41:33 - huginn - INFO - NoteSystem: database attached and FTS initialized.
2026-06-19 23:41:33 - huginn - INFO - RetestWorkflow: database attached.
2026-06-19 23:42:21 - huginn - DEBUG - Memory monitoring stopped
2026-06-19 23:42:21 - huginn - DEBUG - Connection pool closed all sessions
2026-06-19 23:46:30 - huginn - INFO - Using default configuration
2026-06-19 23:46:32 - huginn - INFO - License saved successfully
2026-06-19 23:46:32 - huginn - INFO - License loaded and validated successfully
2026-06-19 23:46:34 - huginn - INFO - License saved successfully
2026-06-19 23:46:34 - huginn - INFO - License loaded and validated successfully
2026-06-19 23:46:34 - huginn - INFO - Application starting...
2026-06-19 23:46:34 - huginn - INFO - Huginn version 1.0.0
2026-06-19 23:46:34 - huginn - INFO - Font loaded successfully
2026-06-19 23:46:34 - huginn - INFO - Stylesheet loaded successfully
2026-06-19 23:46:34 - huginn - INFO - Creating main window...
2026-06-19 23:46:34 - huginn - INFO - QThreadPool max threads set to 32 (CPUs: 32)
2026-06-19 23:46:34 - huginn - INFO - Custom font 'Neuropol X' loaded from C:\Users\allie\Coding Projects\huggin_suite\huginn\resources\fonts\neuropol.otf
2026-06-19 23:46:35 - huginn - INFO - Master index schema initialized.
2026-06-19 23:46:35 - huginn - DEBUG - [FeatureGapIntegration] Tenant→Engagement wiring connected.
2026-06-19 23:46:35 - huginn - INFO - [FeatureGapIntegration] All new modules integrated successfully.
2026-06-19 23:46:35 - huginn - INFO - Feature gap integration completed successfully
2026-06-19 23:46:37 - huginn - INFO - EngagementDatabase connected: C:\Users\allie\Coding Projects\huggin_suite\huginn\resources\engagements\dc13fe76-b8f6-4f00-b9f9-00a18fb0388e\engagement.db (pool_size=5)
2026-06-19 23:46:37 - huginn - INFO - Engagement opened: dc13fe76-b8f6-4f00-b9f9-00a18fb0388e
2026-06-19 23:46:37 - huginn - INFO - NoteSystem: database attached and FTS initialized.
2026-06-19 23:46:37 - huginn - INFO - RetestWorkflow: database attached.
2026-06-19 23:47:26 - huginn - DEBUG - Memory monitoring stopped
2026-06-19 23:47:26 - huginn - DEBUG - Connection pool closed all sessions
2026-06-19 23:49:21 - huginn - INFO - Using default configuration
2026-06-19 23:49:24 - huginn - INFO - License saved successfully
2026-06-19 23:49:24 - huginn - INFO - License loaded and validated successfully
2026-06-19 23:49:24 - huginn - INFO - Application starting...
2026-06-19 23:49:24 - huginn - INFO - Huginn version 1.0.0
2026-06-19 23:49:24 - huginn - INFO - Font loaded successfully
2026-06-19 23:49:24 - huginn - INFO - Stylesheet loaded successfully
2026-06-19 23:49:24 - huginn - INFO - Creating main window...
2026-06-19 23:49:24 - huginn - INFO - QThreadPool max threads set to 32 (CPUs: 32)
2026-06-19 23:49:24 - huginn - INFO - Custom font 'Neuropol X' loaded from C:\Users\allie\Coding Projects\huggin_suite\huginn\resources\fonts\neuropol.otf
2026-06-19 23:49:24 - huginn - INFO - License saved successfully
2026-06-19 23:49:24 - huginn - INFO - License loaded and validated successfully
2026-06-19 23:49:25 - huginn - INFO - Master index schema initialized.
2026-06-19 23:49:25 - huginn - DEBUG - [FeatureGapIntegration] Tenant→Engagement wiring connected.
2026-06-19 23:49:25 - huginn - INFO - [FeatureGapIntegration] All new modules integrated successfully.
2026-06-19 23:49:25 - huginn - INFO - Feature gap integration completed successfully
2026-06-19 23:49:28 - huginn - INFO - EngagementDatabase connected: C:\Users\allie\Coding Projects\huggin_suite\huginn\resources\engagements\dc13fe76-b8f6-4f00-b9f9-00a18fb0388e\engagement.db (pool_size=5)
2026-06-19 23:49:28 - huginn - INFO - Engagement opened: dc13fe76-b8f6-4f00-b9f9-00a18fb0388e
2026-06-19 23:49:28 - huginn - INFO - NoteSystem: database attached and FTS initialized.
2026-06-19 23:49:28 - huginn - INFO - RetestWorkflow: database attached.
2026-06-19 23:49:44 - huginn - INFO - EngagementDatabase closed: C:\Users\allie\Coding Projects\huggin_suite\huginn\resources\engagements\dc13fe76-b8f6-4f00-b9f9-00a18fb0388e\engagement.db (5 connections)
2026-06-19 23:49:44 - huginn - INFO - EngagementDatabase connected: C:\Users\allie\Coding Projects\huggin_suite\huginn\resources\engagements\c113fb39-30ef-48b0-91af-c4751811afcb\engagement.db (pool_size=5)
2026-06-19 23:49:44 - huginn - INFO - Engagement opened: c113fb39-30ef-48b0-91af-c4751811afcb
2026-06-19 23:49:44 - huginn - INFO - NoteSystem: database attached and FTS initialized.
2026-06-19 23:49:44 - huginn - INFO - RetestWorkflow: database attached.
2026-06-19 23:49:57 - huginn - INFO - EngagementDatabase closed: C:\Users\allie\Coding Projects\huggin_suite\huginn\resources\engagements\c113fb39-30ef-48b0-91af-c4751811afcb\engagement.db (5 connections)
2026-06-19 23:49:57 - huginn - INFO - EngagementDatabase connected: C:\Users\allie\Coding Projects\huggin_suite\huginn\resources\engagements\bb3d4a1e-4dff-45e4-a981-d4f32e8a2d2b\engagement.db (pool_size=5)
2026-06-19 23:49:57 - huginn - INFO - Engagement opened: bb3d4a1e-4dff-45e4-a981-d4f32e8a2d2b
2026-06-19 23:49:57 - huginn - INFO - NoteSystem: database attached and FTS initialized.
2026-06-19 23:49:57 - huginn - INFO - RetestWorkflow: database attached.
2026-06-19 23:50:26 - huginn - DEBUG - Memory monitoring stopped
2026-06-19 23:50:26 - huginn - DEBUG - Connection pool closed all sessions
2026-06-19 23:51:34 - huginn - INFO - Using default configuration
2026-06-19 23:51:36 - huginn - INFO - License saved successfully
2026-06-19 23:51:36 - huginn - INFO - License loaded and validated successfully
2026-06-19 23:51:37 - huginn - INFO - License saved successfully
2026-06-19 23:51:37 - huginn - INFO - License loaded and validated successfully
2026-06-19 23:51:37 - huginn - INFO - Application starting...
2026-06-19 23:51:37 - huginn - INFO - Huginn version 1.0.0
2026-06-19 23:51:37 - huginn - INFO - Font loaded successfully
2026-06-19 23:51:37 - huginn - INFO - Stylesheet loaded successfully
2026-06-19 23:51:37 - huginn - INFO - Creating main window...
2026-06-19 23:51:37 - huginn - INFO - QThreadPool max threads set to 32 (CPUs: 32)
2026-06-19 23:51:37 - huginn - INFO - Custom font 'Neuropol X' loaded from C:\Users\allie\Coding Projects\huggin_suite\huginn\resources\fonts\neuropol.otf
2026-06-19 23:51:38 - huginn - INFO - Master index schema initialized.
2026-06-19 23:51:39 - huginn - DEBUG - [FeatureGapIntegration] Tenant→Engagement wiring connected.
2026-06-19 23:51:39 - huginn - INFO - [FeatureGapIntegration] All new modules integrated successfully.
2026-06-19 23:51:39 - huginn - INFO - Feature gap integration completed successfully
2026-06-19 23:51:44 - huginn - INFO - EngagementDatabase connected: C:\Users\allie\Coding Projects\huggin_suite\huginn\resources\engagements\c113fb39-30ef-48b0-91af-c4751811afcb\engagement.db (pool_size=5)
2026-06-19 23:51:44 - huginn - INFO - Engagement opened: c113fb39-30ef-48b0-91af-c4751811afcb
2026-06-19 23:51:44 - huginn - INFO - NoteSystem: database attached and FTS initialized.
2026-06-19 23:51:44 - huginn - INFO - RetestWorkflow: database attached.
2026-06-19 23:51:58 - huginn - DEBUG - Memory monitoring stopped
2026-06-19 23:51:58 - huginn - DEBUG - Connection pool closed all sessions
2026-06-19 23:54:02 - huginn - INFO - Using default configuration
2026-06-19 23:54:05 - huginn - INFO - License saved successfully
2026-06-19 23:54:05 - huginn - INFO - License loaded and validated successfully
2026-06-19 23:54:38 - huginn - INFO - Using default configuration
2026-06-19 23:54:40 - huginn - INFO - License saved successfully
2026-06-19 23:54:40 - huginn - INFO - License loaded and validated successfully
2026-06-19 23:57:59 - huginn - INFO - Using default configuration
2026-06-19 23:58:01 - huginn - INFO - License saved successfully
2026-06-19 23:58:01 - huginn - INFO - License loaded and validated successfully
2026-06-19 23:58:02 - huginn - INFO - License saved successfully
2026-06-19 23:58:02 - huginn - INFO - License loaded and validated successfully
2026-06-19 23:58:02 - huginn - INFO - Application starting...
2026-06-19 23:58:02 - huginn - INFO - Huginn version 1.0.0
2026-06-19 23:58:02 - huginn - INFO - Font loaded successfully
2026-06-19 23:58:02 - huginn - INFO - Stylesheet loaded successfully
2026-06-19 23:58:02 - huginn - INFO - Creating main window...
2026-06-19 23:58:02 - huginn - INFO - QThreadPool max threads set to 32 (CPUs: 32)
2026-06-19 23:58:02 - huginn - INFO - Custom font 'Neuropol X' loaded from C:\Users\allie\Coding Projects\huggin_suite\huginn\resources\fonts\neuropol.otf
2026-06-19 23:58:03 - huginn - INFO - Master index schema initialized.
2026-06-19 23:58:03 - huginn - DEBUG - [FeatureGapIntegration] Tenant→Engagement wiring connected.
2026-06-19 23:58:03 - huginn - INFO - [FeatureGapIntegration] All new modules integrated successfully.
2026-06-19 23:58:03 - huginn - INFO - Feature gap integration completed successfully
2026-06-19 23:58:05 - huginn - INFO - EngagementDatabase connected: C:\Users\allie\Coding Projects\huggin_suite\huginn\resources\engagements\c113fb39-30ef-48b0-91af-c4751811afcb\engagement.db (pool_size=5)
2026-06-19 23:58:05 - huginn - INFO - Engagement opened: c113fb39-30ef-48b0-91af-c4751811afcb
2026-06-19 23:58:05 - huginn - INFO - NoteSystem: database attached and FTS initialized.
2026-06-19 23:58:05 - huginn - INFO - RetestWorkflow: database attached.
2026-06-19 23:58:24 - huginn - INFO - EngagementDatabase closed: C:\Users\allie\Coding Projects\huggin_suite\huginn\resources\engagements\c113fb39-30ef-48b0-91af-c4751811afcb\engagement.db (5 connections)
2026-06-19 23:58:24 - huginn - INFO - EngagementDatabase connected: C:\Users\allie\Coding Projects\huggin_suite\huginn\resources\engagements\bb3d4a1e-4dff-45e4-a981-d4f32e8a2d2b\engagement.db (pool_size=5)
2026-06-19 23:58:24 - huginn - INFO - Engagement opened: bb3d4a1e-4dff-45e4-a981-d4f32e8a2d2b
2026-06-19 23:58:24 - huginn - INFO - NoteSystem: database attached and FTS initialized.
2026-06-19 23:58:24 - huginn - INFO - RetestWorkflow: database attached.
2026-06-19 23:58:34 - huginn - INFO - EngagementDatabase closed: C:\Users\allie\Coding Projects\huggin_suite\huginn\resources\engagements\bb3d4a1e-4dff-45e4-a981-d4f32e8a2d2b\engagement.db (5 connections)
2026-06-19 23:58:34 - huginn - INFO - EngagementDatabase connected: C:\Users\allie\Coding Projects\huggin_suite\huginn\resources\engagements\dc13fe76-b8f6-4f00-b9f9-00a18fb0388e\engagement.db (pool_size=5)
2026-06-19 23:58:34 - huginn - INFO - Engagement opened: dc13fe76-b8f6-4f00-b9f9-00a18fb0388e
2026-06-19 23:58:34 - huginn - INFO - NoteSystem: database attached and FTS initialized.
2026-06-19 23:58:34 - huginn - INFO - RetestWorkflow: database attached.
2026-06-20 00:02:40 - huginn - DEBUG - Memory monitoring stopped
2026-06-20 00:02:40 - huginn - DEBUG - Connection pool closed all sessions
