2026-05-19 00:04:29 - huginn - DEBUG - Suppressed exception
Traceback (most recent call last):
  File "c:\Users\allie\Coding Projects\huggin_suite\huginn\app\core\asset_manager.py", line 101, in init_database
    conn.execute("ALTER TABLE assets ADD COLUMN fqdn TEXT DEFAULT ''")
    ~~~~~~~~~~~~^^^^^^^^^^^^^^^^^^^^^^^^^^^^^^^^^^^^^^^^^^^^^^^^^^^^^^
sqlite3.OperationalError: duplicate column name: fqdn
2026-05-19 00:04:29 - huginn - DEBUG - Suppressed exception
Traceback (most recent call last):
  File "c:\Users\allie\Coding Projects\huggin_suite\huginn\app\core\asset_manager.py", line 108, in init_database
    conn.execute("ALTER TABLE assets ADD COLUMN mac_address TEXT DEFAULT ''")
    ~~~~~~~~~~~~^^^^^^^^^^^^^^^^^^^^^^^^^^^^^^^^^^^^^^^^^^^^^^^^^^^^^^^^^^^^^
sqlite3.OperationalError: duplicate column name: mac_address
2026-05-19 00:04:29 - huginn - DEBUG - Suppressed exception
Traceback (most recent call last):
  File "c:\Users\allie\Coding Projects\huggin_suite\huginn\app\core\asset_manager.py", line 115, in init_database
    conn.execute("ALTER TABLE assets ADD COLUMN vendor TEXT DEFAULT ''")
    ~~~~~~~~~~~~^^^^^^^^^^^^^^^^^^^^^^^^^^^^^^^^^^^^^^^^^^^^^^^^^^^^^^^^
sqlite3.OperationalError: duplicate column name: vendor
2026-05-19 00:04:29 - huginn - DEBUG - Suppressed exception
Traceback (most recent call last):
  File "c:\Users\allie\Coding Projects\huggin_suite\huginn\app\core\asset_manager.py", line 122, in init_database
    conn.execute("ALTER TABLE assets ADD COLUMN notes TEXT DEFAULT ''")
    ~~~~~~~~~~~~^^^^^^^^^^^^^^^^^^^^^^^^^^^^^^^^^^^^^^^^^^^^^^^^^^^^^^^
sqlite3.OperationalError: duplicate column name: notes
2026-05-19 00:04:29 - huginn - INFO - Using default configuration
2026-05-19 00:04:32 - huginn - INFO - License saved successfully
2026-05-19 00:04:32 - huginn - INFO - License loaded and validated successfully
2026-05-19 00:04:45 - huginn - DEBUG - Suppressed exception
Traceback (most recent call last):
  File "c:\Users\allie\Coding Projects\huggin_suite\huginn\app\core\asset_manager.py", line 101, in init_database
    conn.execute("ALTER TABLE assets ADD COLUMN fqdn TEXT DEFAULT ''")
    ~~~~~~~~~~~~^^^^^^^^^^^^^^^^^^^^^^^^^^^^^^^^^^^^^^^^^^^^^^^^^^^^^^
sqlite3.OperationalError: duplicate column name: fqdn
2026-05-19 00:04:45 - huginn - DEBUG - Suppressed exception
Traceback (most recent call last):
  File "c:\Users\allie\Coding Projects\huggin_suite\huginn\app\core\asset_manager.py", line 108, in init_database
    conn.execute("ALTER TABLE assets ADD COLUMN mac_address TEXT DEFAULT ''")
    ~~~~~~~~~~~~^^^^^^^^^^^^^^^^^^^^^^^^^^^^^^^^^^^^^^^^^^^^^^^^^^^^^^^^^^^^^
sqlite3.OperationalError: duplicate column name: mac_address
2026-05-19 00:04:45 - huginn - DEBUG - Suppressed exception
Traceback (most recent call last):
  File "c:\Users\allie\Coding Projects\huggin_suite\huginn\app\core\asset_manager.py", line 115, in init_database
    conn.execute("ALTER TABLE assets ADD COLUMN vendor TEXT DEFAULT ''")
    ~~~~~~~~~~~~^^^^^^^^^^^^^^^^^^^^^^^^^^^^^^^^^^^^^^^^^^^^^^^^^^^^^^^^
sqlite3.OperationalError: duplicate column name: vendor
2026-05-19 00:04:45 - huginn - DEBUG - Suppressed exception
Traceback (most recent call last):
  File "c:\Users\allie\Coding Projects\huggin_suite\huginn\app\core\asset_manager.py", line 122, in init_database
    conn.execute("ALTER TABLE assets ADD COLUMN notes TEXT DEFAULT ''")
    ~~~~~~~~~~~~^^^^^^^^^^^^^^^^^^^^^^^^^^^^^^^^^^^^^^^^^^^^^^^^^^^^^^^
sqlite3.OperationalError: duplicate column name: notes
2026-05-19 00:04:45 - huginn - INFO - Using default configuration
2026-05-19 00:04:48 - huginn - INFO - License saved successfully
2026-05-19 00:04:48 - huginn - INFO - License loaded and validated successfully
2026-05-19 00:05:10 - huginn - DEBUG - Suppressed exception
Traceback (most recent call last):
  File "c:\Users\allie\Coding Projects\huggin_suite\huginn\app\core\asset_manager.py", line 101, in init_database
    conn.execute("ALTER TABLE assets ADD COLUMN fqdn TEXT DEFAULT ''")
    ~~~~~~~~~~~~^^^^^^^^^^^^^^^^^^^^^^^^^^^^^^^^^^^^^^^^^^^^^^^^^^^^^^
sqlite3.OperationalError: duplicate column name: fqdn
2026-05-19 00:05:10 - huginn - DEBUG - Suppressed exception
Traceback (most recent call last):
  File "c:\Users\allie\Coding Projects\huggin_suite\huginn\app\core\asset_manager.py", line 108, in init_database
    conn.execute("ALTER TABLE assets ADD COLUMN mac_address TEXT DEFAULT ''")
    ~~~~~~~~~~~~^^^^^^^^^^^^^^^^^^^^^^^^^^^^^^^^^^^^^^^^^^^^^^^^^^^^^^^^^^^^^
sqlite3.OperationalError: duplicate column name: mac_address
2026-05-19 00:05:10 - huginn - DEBUG - Suppressed exception
Traceback (most recent call last):
  File "c:\Users\allie\Coding Projects\huggin_suite\huginn\app\core\asset_manager.py", line 115, in init_database
    conn.execute("ALTER TABLE assets ADD COLUMN vendor TEXT DEFAULT ''")
    ~~~~~~~~~~~~^^^^^^^^^^^^^^^^^^^^^^^^^^^^^^^^^^^^^^^^^^^^^^^^^^^^^^^^
sqlite3.OperationalError: duplicate column name: vendor
2026-05-19 00:05:10 - huginn - DEBUG - Suppressed exception
Traceback (most recent call last):
  File "c:\Users\allie\Coding Projects\huggin_suite\huginn\app\core\asset_manager.py", line 122, in init_database
    conn.execute("ALTER TABLE assets ADD COLUMN notes TEXT DEFAULT ''")
    ~~~~~~~~~~~~^^^^^^^^^^^^^^^^^^^^^^^^^^^^^^^^^^^^^^^^^^^^^^^^^^^^^^^
sqlite3.OperationalError: duplicate column name: notes
2026-05-19 00:05:10 - huginn - INFO - Using default configuration
2026-05-19 00:05:12 - huginn - INFO - License saved successfully
2026-05-19 00:05:12 - huginn - INFO - License loaded and validated successfully
2026-05-19 08:09:37 - huginn - INFO - License saved successfully
2026-05-19 08:09:37 - huginn - INFO - License loaded and validated successfully
2026-05-19 08:09:37 - huginn - INFO - Application starting...
2026-05-19 08:09:37 - huginn - INFO - Font loaded successfully
2026-05-19 08:09:37 - huginn - INFO - Stylesheet loaded successfully
2026-05-19 08:09:37 - huginn - INFO - Creating main window...
2026-05-19 08:09:37 - huginn - INFO - QThreadPool max threads set to 32 (CPUs: 32)
2026-05-19 08:09:37 - huginn - INFO - Custom font 'Neuropol X' loaded from C:\Users\allie\Coding Projects\huggin_suite\huginn\resources\fonts\neuropol.otf
2026-05-19 08:09:37 - huginn - DEBUG - Suppressed exception
Traceback (most recent call last):
  File "C:\Users\allie\Coding Projects\huggin_suite\huginn\app\pages\page_registry.py", line 45, in register_all_pages
    from app.pages.db_attacks_page import DBAttacksPage
ImportError: cannot import name 'DBAttacksPage' from 'app.pages.db_attacks_page' (C:\Users\allie\Coding Projects\huggin_suite\huginn\app\pages\db_attacks_page.py)
2026-05-19 08:10:23 - huginn - DEBUG - Memory monitoring stopped
2026-05-19 08:10:23 - huginn - DEBUG - Connection pool closed all sessions
2026-05-19 08:10:27 - huginn - DEBUG - Memory monitoring stopped
2026-05-19 08:10:27 - huginn - DEBUG - Connection pool closed all sessions
2026-05-19 08:10:27 - huginn - INFO - Update manager stopped during cleanup
2026-05-19 08:13:46 - huginn - INFO - License saved successfully
2026-05-19 08:13:46 - huginn - INFO - License loaded and validated successfully
2026-05-19 08:13:47 - huginn - INFO - Application starting...
2026-05-19 08:13:47 - huginn - INFO - Font loaded successfully
2026-05-19 08:13:47 - huginn - INFO - Stylesheet loaded successfully
2026-05-19 08:13:47 - huginn - INFO - Creating main window...
2026-05-19 08:13:47 - huginn - INFO - QThreadPool max threads set to 32 (CPUs: 32)
2026-05-19 08:13:47 - huginn - INFO - Custom font 'Neuropol X' loaded from C:\Users\allie\Coding Projects\huggin_suite\huginn\resources\fonts\neuropol.otf
2026-05-19 08:13:47 - huginn - DEBUG - Suppressed exception
Traceback (most recent call last):
  File "C:\Users\allie\Coding Projects\huggin_suite\huginn\app\pages\page_registry.py", line 45, in register_all_pages
    from app.pages.db_attacks_page import DBAttacksPage
ImportError: cannot import name 'DBAttacksPage' from 'app.pages.db_attacks_page' (C:\Users\allie\Coding Projects\huggin_suite\huginn\app\pages\db_attacks_page.py)
2026-05-19 08:14:10 - huginn - INFO - Local DNS server started on port 53530
2026-05-19 08:14:44 - huginn - INFO - Local DNS server stopped
2026-05-19 08:14:44 - huginn - INFO - local_dns_server stopped
2026-05-19 08:14:44 - huginn - DEBUG - Memory monitoring stopped
2026-05-19 08:14:44 - huginn - DEBUG - Connection pool closed all sessions
2026-05-19 08:14:44 - huginn - INFO - Update manager stopped during cleanup
2026-05-19 08:17:15 - huginn - DEBUG - Suppressed exception
Traceback (most recent call last):
  File "c:\Users\allie\Coding Projects\huggin_suite\huginn\app\core\asset_manager.py", line 101, in init_database
    conn.execute("ALTER TABLE assets ADD COLUMN fqdn TEXT DEFAULT ''")
    ~~~~~~~~~~~~^^^^^^^^^^^^^^^^^^^^^^^^^^^^^^^^^^^^^^^^^^^^^^^^^^^^^^
sqlite3.OperationalError: duplicate column name: fqdn
2026-05-19 08:17:15 - huginn - DEBUG - Suppressed exception
Traceback (most recent call last):
  File "c:\Users\allie\Coding Projects\huggin_suite\huginn\app\core\asset_manager.py", line 108, in init_database
    conn.execute("ALTER TABLE assets ADD COLUMN mac_address TEXT DEFAULT ''")
    ~~~~~~~~~~~~^^^^^^^^^^^^^^^^^^^^^^^^^^^^^^^^^^^^^^^^^^^^^^^^^^^^^^^^^^^^^
sqlite3.OperationalError: duplicate column name: mac_address
2026-05-19 08:17:15 - huginn - DEBUG - Suppressed exception
Traceback (most recent call last):
  File "c:\Users\allie\Coding Projects\huggin_suite\huginn\app\core\asset_manager.py", line 115, in init_database
    conn.execute("ALTER TABLE assets ADD COLUMN vendor TEXT DEFAULT ''")
    ~~~~~~~~~~~~^^^^^^^^^^^^^^^^^^^^^^^^^^^^^^^^^^^^^^^^^^^^^^^^^^^^^^^^
sqlite3.OperationalError: duplicate column name: vendor
2026-05-19 08:17:15 - huginn - DEBUG - Suppressed exception
Traceback (most recent call last):
  File "c:\Users\allie\Coding Projects\huggin_suite\huginn\app\core\asset_manager.py", line 122, in init_database
    conn.execute("ALTER TABLE assets ADD COLUMN notes TEXT DEFAULT ''")
    ~~~~~~~~~~~~^^^^^^^^^^^^^^^^^^^^^^^^^^^^^^^^^^^^^^^^^^^^^^^^^^^^^^^
sqlite3.OperationalError: duplicate column name: notes
2026-05-19 08:17:15 - huginn - INFO - Using default configuration
2026-05-19 08:17:18 - huginn - INFO - License saved successfully
2026-05-19 08:17:18 - huginn - INFO - License loaded and validated successfully
2026-05-19 08:39:04 - huginn - INFO - License saved successfully
2026-05-19 08:39:04 - huginn - INFO - License loaded and validated successfully
2026-05-19 08:39:05 - huginn - INFO - Application starting...
2026-05-19 08:39:05 - huginn - INFO - Font loaded successfully
2026-05-19 08:39:05 - huginn - INFO - Stylesheet loaded successfully
2026-05-19 08:39:05 - huginn - INFO - Creating main window...
2026-05-19 08:39:05 - huginn - INFO - QThreadPool max threads set to 32 (CPUs: 32)
2026-05-19 08:39:05 - huginn - INFO - Custom font 'Neuropol X' loaded from C:\Users\allie\Coding Projects\huggin_suite\huginn\resources\fonts\neuropol.otf
2026-05-19 08:39:05 - huginn - DEBUG - Suppressed exception
Traceback (most recent call last):
  File "C:\Users\allie\Coding Projects\huggin_suite\huginn\app\pages\page_registry.py", line 45, in register_all_pages
    from app.pages.db_attacks_page import DBAttacksPage
ImportError: cannot import name 'DBAttacksPage' from 'app.pages.db_attacks_page' (C:\Users\allie\Coding Projects\huggin_suite\huginn\app\pages\db_attacks_page.py)
2026-05-19 08:41:07 - huginn - DEBUG - Memory monitoring stopped
2026-05-19 08:41:07 - huginn - DEBUG - Connection pool closed all sessions
2026-05-19 08:41:07 - huginn - INFO - Update manager stopped during cleanup
2026-05-19 08:41:08 - huginn - DEBUG - Suppressed exception
Traceback (most recent call last):
  File "c:\Users\allie\Coding Projects\huggin_suite\huginn\app\core\asset_manager.py", line 101, in init_database
    conn.execute("ALTER TABLE assets ADD COLUMN fqdn TEXT DEFAULT ''")
    ~~~~~~~~~~~~^^^^^^^^^^^^^^^^^^^^^^^^^^^^^^^^^^^^^^^^^^^^^^^^^^^^^^
sqlite3.OperationalError: duplicate column name: fqdn
2026-05-19 08:41:08 - huginn - DEBUG - Suppressed exception
Traceback (most recent call last):
  File "c:\Users\allie\Coding Projects\huggin_suite\huginn\app\core\asset_manager.py", line 108, in init_database
    conn.execute("ALTER TABLE assets ADD COLUMN mac_address TEXT DEFAULT ''")
    ~~~~~~~~~~~~^^^^^^^^^^^^^^^^^^^^^^^^^^^^^^^^^^^^^^^^^^^^^^^^^^^^^^^^^^^^^
sqlite3.OperationalError: duplicate column name: mac_address
2026-05-19 08:41:08 - huginn - DEBUG - Suppressed exception
Traceback (most recent call last):
  File "c:\Users\allie\Coding Projects\huggin_suite\huginn\app\core\asset_manager.py", line 115, in init_database
    conn.execute("ALTER TABLE assets ADD COLUMN vendor TEXT DEFAULT ''")
    ~~~~~~~~~~~~^^^^^^^^^^^^^^^^^^^^^^^^^^^^^^^^^^^^^^^^^^^^^^^^^^^^^^^^
sqlite3.OperationalError: duplicate column name: vendor
2026-05-19 08:41:08 - huginn - DEBUG - Suppressed exception
Traceback (most recent call last):
  File "c:\Users\allie\Coding Projects\huggin_suite\huginn\app\core\asset_manager.py", line 122, in init_database
    conn.execute("ALTER TABLE assets ADD COLUMN notes TEXT DEFAULT ''")
    ~~~~~~~~~~~~^^^^^^^^^^^^^^^^^^^^^^^^^^^^^^^^^^^^^^^^^^^^^^^^^^^^^^^
sqlite3.OperationalError: duplicate column name: notes
2026-05-19 08:41:08 - huginn - INFO - Using default configuration
2026-05-19 08:41:10 - huginn - INFO - License saved successfully
2026-05-19 08:41:10 - huginn - INFO - License loaded and validated successfully
2026-05-19 08:41:18 - huginn - INFO - License saved successfully
2026-05-19 08:41:18 - huginn - INFO - License loaded and validated successfully
2026-05-19 08:41:18 - huginn - INFO - Application starting...
2026-05-19 08:41:18 - huginn - INFO - Font loaded successfully
2026-05-19 08:41:18 - huginn - INFO - Stylesheet loaded successfully
2026-05-19 08:41:18 - huginn - INFO - Creating main window...
2026-05-19 08:41:18 - huginn - INFO - QThreadPool max threads set to 32 (CPUs: 32)
2026-05-19 08:41:18 - huginn - INFO - Custom font 'Neuropol X' loaded from C:\Users\allie\Coding Projects\huggin_suite\huginn\resources\fonts\neuropol.otf
2026-05-19 08:41:18 - huginn - DEBUG - Suppressed exception
Traceback (most recent call last):
  File "C:\Users\allie\Coding Projects\huggin_suite\huginn\app\pages\page_registry.py", line 45, in register_all_pages
    from app.pages.db_attacks_page import DBAttacksPage
ImportError: cannot import name 'DBAttacksPage' from 'app.pages.db_attacks_page' (C:\Users\allie\Coding Projects\huggin_suite\huginn\app\pages\db_attacks_page.py)
2026-05-19 08:41:49 - huginn - DEBUG - Memory monitoring stopped
2026-05-19 08:41:49 - huginn - DEBUG - Connection pool closed all sessions
2026-05-19 08:41:49 - huginn - INFO - Update manager stopped during cleanup
2026-05-19 08:42:44 - huginn - DEBUG - Suppressed exception
Traceback (most recent call last):
  File "c:\Users\allie\Coding Projects\huggin_suite\huginn\app\core\asset_manager.py", line 101, in init_database
    conn.execute("ALTER TABLE assets ADD COLUMN fqdn TEXT DEFAULT ''")
    ~~~~~~~~~~~~^^^^^^^^^^^^^^^^^^^^^^^^^^^^^^^^^^^^^^^^^^^^^^^^^^^^^^
sqlite3.OperationalError: duplicate column name: fqdn
2026-05-19 08:42:44 - huginn - DEBUG - Suppressed exception
Traceback (most recent call last):
  File "c:\Users\allie\Coding Projects\huggin_suite\huginn\app\core\asset_manager.py", line 108, in init_database
    conn.execute("ALTER TABLE assets ADD COLUMN mac_address TEXT DEFAULT ''")
    ~~~~~~~~~~~~^^^^^^^^^^^^^^^^^^^^^^^^^^^^^^^^^^^^^^^^^^^^^^^^^^^^^^^^^^^^^
sqlite3.OperationalError: duplicate column name: mac_address
2026-05-19 08:42:44 - huginn - DEBUG - Suppressed exception
Traceback (most recent call last):
  File "c:\Users\allie\Coding Projects\huggin_suite\huginn\app\core\asset_manager.py", line 115, in init_database
    conn.execute("ALTER TABLE assets ADD COLUMN vendor TEXT DEFAULT ''")
    ~~~~~~~~~~~~^^^^^^^^^^^^^^^^^^^^^^^^^^^^^^^^^^^^^^^^^^^^^^^^^^^^^^^^
sqlite3.OperationalError: duplicate column name: vendor
2026-05-19 08:42:44 - huginn - DEBUG - Suppressed exception
Traceback (most recent call last):
  File "c:\Users\allie\Coding Projects\huggin_suite\huginn\app\core\asset_manager.py", line 122, in init_database
    conn.execute("ALTER TABLE assets ADD COLUMN notes TEXT DEFAULT ''")
    ~~~~~~~~~~~~^^^^^^^^^^^^^^^^^^^^^^^^^^^^^^^^^^^^^^^^^^^^^^^^^^^^^^^
sqlite3.OperationalError: duplicate column name: notes
2026-05-19 08:42:45 - huginn - INFO - Using default configuration
2026-05-19 08:42:47 - huginn - INFO - License saved successfully
2026-05-19 08:42:47 - huginn - INFO - License loaded and validated successfully
2026-05-19 08:42:48 - huginn - DEBUG - Suppressed exception
Traceback (most recent call last):
  File "c:\Users\allie\Coding Projects\huggin_suite\huginn\app\core\asset_manager.py", line 101, in init_database
    conn.execute("ALTER TABLE assets ADD COLUMN fqdn TEXT DEFAULT ''")
    ~~~~~~~~~~~~^^^^^^^^^^^^^^^^^^^^^^^^^^^^^^^^^^^^^^^^^^^^^^^^^^^^^^
sqlite3.OperationalError: duplicate column name: fqdn
2026-05-19 08:42:48 - huginn - DEBUG - Suppressed exception
Traceback (most recent call last):
  File "c:\Users\allie\Coding Projects\huggin_suite\huginn\app\core\asset_manager.py", line 108, in init_database
    conn.execute("ALTER TABLE assets ADD COLUMN mac_address TEXT DEFAULT ''")
    ~~~~~~~~~~~~^^^^^^^^^^^^^^^^^^^^^^^^^^^^^^^^^^^^^^^^^^^^^^^^^^^^^^^^^^^^^
sqlite3.OperationalError: duplicate column name: mac_address
2026-05-19 08:42:48 - huginn - DEBUG - Suppressed exception
Traceback (most recent call last):
  File "c:\Users\allie\Coding Projects\huggin_suite\huginn\app\core\asset_manager.py", line 115, in init_database
    conn.execute("ALTER TABLE assets ADD COLUMN vendor TEXT DEFAULT ''")
    ~~~~~~~~~~~~^^^^^^^^^^^^^^^^^^^^^^^^^^^^^^^^^^^^^^^^^^^^^^^^^^^^^^^^
sqlite3.OperationalError: duplicate column name: vendor
2026-05-19 08:42:48 - huginn - DEBUG - Suppressed exception
Traceback (most recent call last):
  File "c:\Users\allie\Coding Projects\huggin_suite\huginn\app\core\asset_manager.py", line 122, in init_database
    conn.execute("ALTER TABLE assets ADD COLUMN notes TEXT DEFAULT ''")
    ~~~~~~~~~~~~^^^^^^^^^^^^^^^^^^^^^^^^^^^^^^^^^^^^^^^^^^^^^^^^^^^^^^^
sqlite3.OperationalError: duplicate column name: notes
2026-05-19 08:42:49 - huginn - INFO - Using default configuration
2026-05-19 08:42:49 - huginn - INFO - License saved successfully
2026-05-19 08:42:49 - huginn - INFO - License loaded and validated successfully
2026-05-19 08:42:50 - huginn - INFO - Application starting...
2026-05-19 08:42:50 - huginn - INFO - Font loaded successfully
2026-05-19 08:42:50 - huginn - INFO - Stylesheet loaded successfully
2026-05-19 08:42:50 - huginn - INFO - Creating main window...
2026-05-19 08:42:50 - huginn - INFO - QThreadPool max threads set to 32 (CPUs: 32)
2026-05-19 08:42:50 - huginn - INFO - Custom font 'Neuropol X' loaded from C:\Users\allie\Coding Projects\huggin_suite\huginn\resources\fonts\neuropol.otf
2026-05-19 08:42:50 - huginn - DEBUG - Suppressed exception
Traceback (most recent call last):
  File "C:\Users\allie\Coding Projects\huggin_suite\huginn\app\pages\page_registry.py", line 45, in register_all_pages
    from app.pages.db_attacks_page import DBAttacksPage
ImportError: cannot import name 'DBAttacksPage' from 'app.pages.db_attacks_page' (C:\Users\allie\Coding Projects\huggin_suite\huginn\app\pages\db_attacks_page.py)
2026-05-19 08:42:51 - huginn - INFO - License saved successfully
2026-05-19 08:42:51 - huginn - INFO - License loaded and validated successfully
2026-05-19 08:44:37 - huginn - DEBUG - Memory monitoring stopped
2026-05-19 08:44:37 - huginn - DEBUG - Connection pool closed all sessions
2026-05-19 08:44:37 - huginn - INFO - Update manager stopped during cleanup
2026-05-19 08:44:46 - huginn - DEBUG - Suppressed exception
Traceback (most recent call last):
  File "c:\Users\allie\Coding Projects\huggin_suite\huginn\app\core\asset_manager.py", line 101, in init_database
    conn.execute("ALTER TABLE assets ADD COLUMN fqdn TEXT DEFAULT ''")
    ~~~~~~~~~~~~^^^^^^^^^^^^^^^^^^^^^^^^^^^^^^^^^^^^^^^^^^^^^^^^^^^^^^
sqlite3.OperationalError: duplicate column name: fqdn
2026-05-19 08:44:46 - huginn - DEBUG - Suppressed exception
Traceback (most recent call last):
  File "c:\Users\allie\Coding Projects\huggin_suite\huginn\app\core\asset_manager.py", line 108, in init_database
    conn.execute("ALTER TABLE assets ADD COLUMN mac_address TEXT DEFAULT ''")
    ~~~~~~~~~~~~^^^^^^^^^^^^^^^^^^^^^^^^^^^^^^^^^^^^^^^^^^^^^^^^^^^^^^^^^^^^^
sqlite3.OperationalError: duplicate column name: mac_address
2026-05-19 08:44:46 - huginn - DEBUG - Suppressed exception
Traceback (most recent call last):
  File "c:\Users\allie\Coding Projects\huggin_suite\huginn\app\core\asset_manager.py", line 115, in init_database
    conn.execute("ALTER TABLE assets ADD COLUMN vendor TEXT DEFAULT ''")
    ~~~~~~~~~~~~^^^^^^^^^^^^^^^^^^^^^^^^^^^^^^^^^^^^^^^^^^^^^^^^^^^^^^^^
sqlite3.OperationalError: duplicate column name: vendor
2026-05-19 08:44:46 - huginn - DEBUG - Suppressed exception
Traceback (most recent call last):
  File "c:\Users\allie\Coding Projects\huggin_suite\huginn\app\core\asset_manager.py", line 122, in init_database
    conn.execute("ALTER TABLE assets ADD COLUMN notes TEXT DEFAULT ''")
    ~~~~~~~~~~~~^^^^^^^^^^^^^^^^^^^^^^^^^^^^^^^^^^^^^^^^^^^^^^^^^^^^^^^
sqlite3.OperationalError: duplicate column name: notes
2026-05-19 08:44:46 - huginn - INFO - Using default configuration
2026-05-19 08:44:48 - huginn - INFO - License saved successfully
2026-05-19 08:44:48 - huginn - INFO - License loaded and validated successfully
2026-05-19 08:45:03 - huginn - DEBUG - Suppressed exception
Traceback (most recent call last):
  File "c:\Users\allie\Coding Projects\huggin_suite\huginn\app\core\asset_manager.py", line 101, in init_database
    conn.execute("ALTER TABLE assets ADD COLUMN fqdn TEXT DEFAULT ''")
    ~~~~~~~~~~~~^^^^^^^^^^^^^^^^^^^^^^^^^^^^^^^^^^^^^^^^^^^^^^^^^^^^^^
sqlite3.OperationalError: duplicate column name: fqdn
2026-05-19 08:45:03 - huginn - DEBUG - Suppressed exception
Traceback (most recent call last):
  File "c:\Users\allie\Coding Projects\huggin_suite\huginn\app\core\asset_manager.py", line 108, in init_database
    conn.execute("ALTER TABLE assets ADD COLUMN mac_address TEXT DEFAULT ''")
    ~~~~~~~~~~~~^^^^^^^^^^^^^^^^^^^^^^^^^^^^^^^^^^^^^^^^^^^^^^^^^^^^^^^^^^^^^
sqlite3.OperationalError: duplicate column name: mac_address
2026-05-19 08:45:03 - huginn - DEBUG - Suppressed exception
Traceback (most recent call last):
  File "c:\Users\allie\Coding Projects\huggin_suite\huginn\app\core\asset_manager.py", line 115, in init_database
    conn.execute("ALTER TABLE assets ADD COLUMN vendor TEXT DEFAULT ''")
    ~~~~~~~~~~~~^^^^^^^^^^^^^^^^^^^^^^^^^^^^^^^^^^^^^^^^^^^^^^^^^^^^^^^^
sqlite3.OperationalError: duplicate column name: vendor
2026-05-19 08:45:03 - huginn - DEBUG - Suppressed exception
Traceback (most recent call last):
  File "c:\Users\allie\Coding Projects\huggin_suite\huginn\app\core\asset_manager.py", line 122, in init_database
    conn.execute("ALTER TABLE assets ADD COLUMN notes TEXT DEFAULT ''")
    ~~~~~~~~~~~~^^^^^^^^^^^^^^^^^^^^^^^^^^^^^^^^^^^^^^^^^^^^^^^^^^^^^^^
sqlite3.OperationalError: duplicate column name: notes
2026-05-19 08:45:03 - huginn - INFO - Using default configuration
2026-05-19 08:45:05 - huginn - INFO - License saved successfully
2026-05-19 08:45:05 - huginn - INFO - License loaded and validated successfully
2026-05-19 08:45:22 - huginn - DEBUG - Suppressed exception
Traceback (most recent call last):
  File "c:\Users\allie\Coding Projects\huggin_suite\huginn\app\core\asset_manager.py", line 101, in init_database
    conn.execute("ALTER TABLE assets ADD COLUMN fqdn TEXT DEFAULT ''")
    ~~~~~~~~~~~~^^^^^^^^^^^^^^^^^^^^^^^^^^^^^^^^^^^^^^^^^^^^^^^^^^^^^^
sqlite3.OperationalError: duplicate column name: fqdn
2026-05-19 08:45:22 - huginn - DEBUG - Suppressed exception
Traceback (most recent call last):
  File "c:\Users\allie\Coding Projects\huggin_suite\huginn\app\core\asset_manager.py", line 108, in init_database
    conn.execute("ALTER TABLE assets ADD COLUMN mac_address TEXT DEFAULT ''")
    ~~~~~~~~~~~~^^^^^^^^^^^^^^^^^^^^^^^^^^^^^^^^^^^^^^^^^^^^^^^^^^^^^^^^^^^^^
sqlite3.OperationalError: duplicate column name: mac_address
2026-05-19 08:45:22 - huginn - DEBUG - Suppressed exception
Traceback (most recent call last):
  File "c:\Users\allie\Coding Projects\huggin_suite\huginn\app\core\asset_manager.py", line 115, in init_database
    conn.execute("ALTER TABLE assets ADD COLUMN vendor TEXT DEFAULT ''")
    ~~~~~~~~~~~~^^^^^^^^^^^^^^^^^^^^^^^^^^^^^^^^^^^^^^^^^^^^^^^^^^^^^^^^
sqlite3.OperationalError: duplicate column name: vendor
2026-05-19 08:45:22 - huginn - DEBUG - Suppressed exception
Traceback (most recent call last):
  File "c:\Users\allie\Coding Projects\huggin_suite\huginn\app\core\asset_manager.py", line 122, in init_database
    conn.execute("ALTER TABLE assets ADD COLUMN notes TEXT DEFAULT ''")
    ~~~~~~~~~~~~^^^^^^^^^^^^^^^^^^^^^^^^^^^^^^^^^^^^^^^^^^^^^^^^^^^^^^^
sqlite3.OperationalError: duplicate column name: notes
2026-05-19 08:45:22 - huginn - INFO - Using default configuration
2026-05-19 08:45:25 - huginn - INFO - License saved successfully
2026-05-19 08:45:25 - huginn - INFO - License loaded and validated successfully
2026-05-19 08:45:55 - huginn - INFO - License saved successfully
2026-05-19 08:45:55 - huginn - INFO - License loaded and validated successfully
2026-05-19 08:45:55 - huginn - INFO - Application starting...
2026-05-19 08:45:55 - huginn - INFO - Font loaded successfully
2026-05-19 08:45:55 - huginn - INFO - Stylesheet loaded successfully
2026-05-19 08:45:55 - huginn - INFO - Creating main window...
2026-05-19 08:45:55 - huginn - INFO - QThreadPool max threads set to 32 (CPUs: 32)
2026-05-19 08:45:55 - huginn - INFO - Custom font 'Neuropol X' loaded from C:\Users\allie\Coding Projects\huggin_suite\huginn\resources\fonts\neuropol.otf
2026-05-19 08:45:55 - huginn - DEBUG - Suppressed exception
Traceback (most recent call last):
  File "C:\Users\allie\Coding Projects\huggin_suite\huginn\app\pages\page_registry.py", line 45, in register_all_pages
    from app.pages.db_attacks_page import DBAttacksPage
ImportError: cannot import name 'DBAttacksPage' from 'app.pages.db_attacks_page' (C:\Users\allie\Coding Projects\huggin_suite\huginn\app\pages\db_attacks_page.py)
2026-05-19 08:47:29 - huginn - DEBUG - Suppressed exception
Traceback (most recent call last):
  File "c:\Users\allie\Coding Projects\huggin_suite\huginn\app\core\asset_manager.py", line 101, in init_database
    conn.execute("ALTER TABLE assets ADD COLUMN fqdn TEXT DEFAULT ''")
    ~~~~~~~~~~~~^^^^^^^^^^^^^^^^^^^^^^^^^^^^^^^^^^^^^^^^^^^^^^^^^^^^^^
sqlite3.OperationalError: duplicate column name: fqdn
2026-05-19 08:47:29 - huginn - DEBUG - Suppressed exception
Traceback (most recent call last):
  File "c:\Users\allie\Coding Projects\huggin_suite\huginn\app\core\asset_manager.py", line 108, in init_database
    conn.execute("ALTER TABLE assets ADD COLUMN mac_address TEXT DEFAULT ''")
    ~~~~~~~~~~~~^^^^^^^^^^^^^^^^^^^^^^^^^^^^^^^^^^^^^^^^^^^^^^^^^^^^^^^^^^^^^
sqlite3.OperationalError: duplicate column name: mac_address
2026-05-19 08:47:29 - huginn - DEBUG - Suppressed exception
Traceback (most recent call last):
  File "c:\Users\allie\Coding Projects\huggin_suite\huginn\app\core\asset_manager.py", line 115, in init_database
    conn.execute("ALTER TABLE assets ADD COLUMN vendor TEXT DEFAULT ''")
    ~~~~~~~~~~~~^^^^^^^^^^^^^^^^^^^^^^^^^^^^^^^^^^^^^^^^^^^^^^^^^^^^^^^^
sqlite3.OperationalError: duplicate column name: vendor
2026-05-19 08:47:29 - huginn - DEBUG - Suppressed exception
Traceback (most recent call last):
  File "c:\Users\allie\Coding Projects\huggin_suite\huginn\app\core\asset_manager.py", line 122, in init_database
    conn.execute("ALTER TABLE assets ADD COLUMN notes TEXT DEFAULT ''")
    ~~~~~~~~~~~~^^^^^^^^^^^^^^^^^^^^^^^^^^^^^^^^^^^^^^^^^^^^^^^^^^^^^^^
sqlite3.OperationalError: duplicate column name: notes
2026-05-19 08:47:29 - huginn - INFO - Using default configuration
2026-05-19 08:47:31 - huginn - INFO - License saved successfully
2026-05-19 08:47:31 - huginn - INFO - License loaded and validated successfully
2026-05-19 08:47:35 - huginn - DEBUG - Memory monitoring stopped
2026-05-19 08:47:35 - huginn - DEBUG - Connection pool closed all sessions
2026-05-19 08:47:35 - huginn - INFO - Update manager stopped during cleanup
2026-05-19 08:47:38 - huginn - INFO - License saved successfully
2026-05-19 08:47:38 - huginn - INFO - License loaded and validated successfully
2026-05-19 08:47:39 - huginn - INFO - Application starting...
2026-05-19 08:47:39 - huginn - INFO - Font loaded successfully
2026-05-19 08:47:39 - huginn - INFO - Stylesheet loaded successfully
2026-05-19 08:47:39 - huginn - INFO - Creating main window...
2026-05-19 08:47:39 - huginn - INFO - QThreadPool max threads set to 32 (CPUs: 32)
2026-05-19 08:47:39 - huginn - INFO - Custom font 'Neuropol X' loaded from C:\Users\allie\Coding Projects\huggin_suite\huginn\resources\fonts\neuropol.otf
2026-05-19 08:47:39 - huginn - DEBUG - Suppressed exception
Traceback (most recent call last):
  File "C:\Users\allie\Coding Projects\huggin_suite\huginn\app\pages\page_registry.py", line 45, in register_all_pages
    from app.pages.db_attacks_page import DBAttacksPage
ImportError: cannot import name 'DBAttacksPage' from 'app.pages.db_attacks_page' (C:\Users\allie\Coding Projects\huggin_suite\huginn\app\pages\db_attacks_page.py)
2026-05-19 08:47:51 - huginn - DEBUG - Memory monitoring stopped
2026-05-19 08:47:51 - huginn - DEBUG - Connection pool closed all sessions
2026-05-19 08:47:51 - huginn - INFO - Update manager stopped during cleanup
2026-05-19 08:48:02 - huginn - DEBUG - Suppressed exception
Traceback (most recent call last):
  File "c:\Users\allie\Coding Projects\huggin_suite\huginn\app\core\asset_manager.py", line 101, in init_database
    conn.execute("ALTER TABLE assets ADD COLUMN fqdn TEXT DEFAULT ''")
    ~~~~~~~~~~~~^^^^^^^^^^^^^^^^^^^^^^^^^^^^^^^^^^^^^^^^^^^^^^^^^^^^^^
sqlite3.OperationalError: duplicate column name: fqdn
2026-05-19 08:48:02 - huginn - DEBUG - Suppressed exception
Traceback (most recent call last):
  File "c:\Users\allie\Coding Projects\huggin_suite\huginn\app\core\asset_manager.py", line 108, in init_database
    conn.execute("ALTER TABLE assets ADD COLUMN mac_address TEXT DEFAULT ''")
    ~~~~~~~~~~~~^^^^^^^^^^^^^^^^^^^^^^^^^^^^^^^^^^^^^^^^^^^^^^^^^^^^^^^^^^^^^
sqlite3.OperationalError: duplicate column name: mac_address
2026-05-19 08:48:02 - huginn - DEBUG - Suppressed exception
Traceback (most recent call last):
  File "c:\Users\allie\Coding Projects\huggin_suite\huginn\app\core\asset_manager.py", line 115, in init_database
    conn.execute("ALTER TABLE assets ADD COLUMN vendor TEXT DEFAULT ''")
    ~~~~~~~~~~~~^^^^^^^^^^^^^^^^^^^^^^^^^^^^^^^^^^^^^^^^^^^^^^^^^^^^^^^^
sqlite3.OperationalError: duplicate column name: vendor
2026-05-19 08:48:02 - huginn - DEBUG - Suppressed exception
Traceback (most recent call last):
  File "c:\Users\allie\Coding Projects\huggin_suite\huginn\app\core\asset_manager.py", line 122, in init_database
    conn.execute("ALTER TABLE assets ADD COLUMN notes TEXT DEFAULT ''")
    ~~~~~~~~~~~~^^^^^^^^^^^^^^^^^^^^^^^^^^^^^^^^^^^^^^^^^^^^^^^^^^^^^^^
sqlite3.OperationalError: duplicate column name: notes
2026-05-19 08:48:02 - huginn - INFO - Using default configuration
2026-05-19 08:48:04 - huginn - INFO - License saved successfully
2026-05-19 08:48:04 - huginn - INFO - License loaded and validated successfully
2026-05-19 08:48:04 - huginn - INFO - Application starting...
2026-05-19 08:48:04 - huginn - INFO - Font loaded successfully
2026-05-19 08:48:04 - huginn - INFO - Stylesheet loaded successfully
2026-05-19 08:48:04 - huginn - INFO - Creating main window...
2026-05-19 08:48:04 - huginn - INFO - QThreadPool max threads set to 32 (CPUs: 32)
2026-05-19 08:48:04 - huginn - INFO - Custom font 'Neuropol X' loaded from C:\Users\allie\Coding Projects\huggin_suite\huginn\resources\fonts\neuropol.otf
2026-05-19 08:48:04 - huginn - DEBUG - Suppressed exception
Traceback (most recent call last):
  File "C:\Users\allie\Coding Projects\huggin_suite\huginn\app\pages\page_registry.py", line 45, in register_all_pages
    from app.pages.db_attacks_page import DBAttacksPage
ImportError: cannot import name 'DBAttacksPage' from 'app.pages.db_attacks_page' (C:\Users\allie\Coding Projects\huggin_suite\huginn\app\pages\db_attacks_page.py)
2026-05-19 08:48:04 - huginn - INFO - License saved successfully
2026-05-19 08:48:04 - huginn - INFO - License loaded and validated successfully
2026-05-19 08:48:23 - huginn - INFO - VPN connection terminated
2026-05-19 08:48:23 - huginn - INFO - OpenVPN connection started with config: C:/Users/allie/Downloads/machines_au-1 (1).ovpn
2026-05-19 08:48:23 - huginn - DEBUG - OpenVPN: 2026-05-19 08:48:23 Note: --data-ciphers-fallback with cipher 'AES-128-CBC' disables data channel offload.
2026-05-19 08:48:23 - huginn - DEBUG - OpenVPN: 2026-05-19 08:48:23 OpenVPN 2.6.14 [git:none/0169b4ad2bb35d2c] Windows [SSL (OpenSSL)] [LZO] [LZ4] [PKCS11] [AEAD] [DCO] built on Jun 19 2025
2026-05-19 08:48:23 - huginn - DEBUG - OpenVPN: 2026-05-19 08:48:23 Windows version 10.0 (Windows 10 or greater), amd64 executable
2026-05-19 08:48:23 - huginn - DEBUG - OpenVPN: 2026-05-19 08:48:23 library versions: OpenSSL 3.5.0 8 Apr 2025, LZO 2.10
2026-05-19 08:48:23 - huginn - DEBUG - OpenVPN: 2026-05-19 08:48:23 DCO version: N/A
2026-05-19 08:48:23 - huginn - DEBUG - OpenVPN: 2026-05-19 08:48:23 TCP/UDP: Preserving recently used remote address: [AF_INET]206.148.40.161:1337
2026-05-19 08:48:23 - huginn - DEBUG - OpenVPN: 2026-05-19 08:48:23 Socket Buffers: R=[65536->65536] S=[65536->65536]
2026-05-19 08:48:23 - huginn - DEBUG - OpenVPN: 2026-05-19 08:48:23 UDPv4 link local: (not bound)
2026-05-19 08:48:23 - huginn - DEBUG - OpenVPN: 2026-05-19 08:48:23 UDPv4 link remote: [AF_INET]206.148.40.161:1337
2026-05-19 08:48:23 - huginn - DEBUG - OpenVPN: 2026-05-19 08:48:23 TLS: Initial packet from [AF_INET]206.148.40.161:1337, sid=40f99139 80d7ae03
2026-05-19 08:48:23 - huginn - DEBUG - OpenVPN: 2026-05-19 08:48:23 VERIFY OK: depth=2, C=GR, O=Hack The Box, OU=Systems, CN=HTB VPN: Root Certificate Authority
2026-05-19 08:48:23 - huginn - DEBUG - OpenVPN: 2026-05-19 08:48:23 VERIFY OK: depth=1, C=GR, O=Hack The Box, OU=Systems, CN=HTB VPN: au-free-1 Issuing CA
2026-05-19 08:48:23 - huginn - DEBUG - OpenVPN: 2026-05-19 08:48:23 VERIFY KU OK
2026-05-19 08:48:23 - huginn - DEBUG - OpenVPN: 2026-05-19 08:48:23 Validating certificate extended key usage
2026-05-19 08:48:23 - huginn - DEBUG - OpenVPN: 2026-05-19 08:48:23 ++ Certificate has EKU (str) TLS Web Client Authentication, expects TLS Web Server Authentication
2026-05-19 08:48:23 - huginn - DEBUG - OpenVPN: 2026-05-19 08:48:23 ++ Certificate has EKU (oid) 1.3.6.1.5.5.7.3.2, expects TLS Web Server Authentication
2026-05-19 08:48:23 - huginn - DEBUG - OpenVPN: 2026-05-19 08:48:23 ++ Certificate has EKU (str) TLS Web Server Authentication, expects TLS Web Server Authentication
2026-05-19 08:48:23 - huginn - DEBUG - OpenVPN: 2026-05-19 08:48:23 VERIFY EKU OK
2026-05-19 08:48:23 - huginn - DEBUG - OpenVPN: 2026-05-19 08:48:23 VERIFY OK: depth=0, C=GR, O=Hack The Box, OU=Systems, CN=au-free-1
2026-05-19 08:48:24 - huginn - DEBUG - OpenVPN: 2026-05-19 08:48:24 Control Channel: TLSv1.3, cipher TLSv1.3 TLS_AES_256_GCM_SHA384, peer certificate: 256 bits ED25519, signature: ED25519, peer temporary key: 253 bits X25519
2026-05-19 08:48:24 - huginn - DEBUG - OpenVPN: 2026-05-19 08:48:24 [au-free-1] Peer Connection Initiated with [AF_INET]206.148.40.161:1337
2026-05-19 08:48:24 - huginn - DEBUG - OpenVPN: 2026-05-19 08:48:24 TLS: move_session: dest=TM_ACTIVE src=TM_INITIAL reinit_src=1
2026-05-19 08:48:24 - huginn - DEBUG - OpenVPN: 2026-05-19 08:48:24 TLS: tls_multi_process: initial untrusted session promoted to trusted
2026-05-19 08:48:24 - huginn - DEBUG - OpenVPN: 2026-05-19 08:48:25 SENT CONTROL [au-free-1]: 'PUSH_REQUEST' (status=1)
2026-05-19 08:48:24 - huginn - DEBUG - OpenVPN: 2026-05-19 08:48:25 PUSH: Received control message: 'PUSH_REPLY,route 10.10.8.0 255.255.252.0,route 10.129.0.0 255.255.0.0,route-ipv6 dead:beef::/64,explicit-exit-notify,tun-ipv6,route-gateway 10.10.14.1,topology subnet,ping 10,ping-restart 120,ifconfig-ipv6 dead:beef:2::1016/64 dead:beef:2::1,ifconfig 10.10.14.24 255.255.254.0,peer-id 4,cipher AES-256-CBC,protocol-flags cc-exit tls-ekm dyn-tls-crypt,tun-mtu 1500'
2026-05-19 08:48:24 - huginn - DEBUG - OpenVPN: 2026-05-19 08:48:25 OPTIONS IMPORT: --ifconfig/up options modified
2026-05-19 08:48:24 - huginn - DEBUG - OpenVPN: 2026-05-19 08:48:25 OPTIONS IMPORT: route options modified
2026-05-19 08:48:24 - huginn - DEBUG - OpenVPN: 2026-05-19 08:48:25 OPTIONS IMPORT: route-related options modified
2026-05-19 08:48:24 - huginn - DEBUG - OpenVPN: 2026-05-19 08:48:25 OPTIONS IMPORT: tun-mtu set to 1500
2026-05-19 08:48:24 - huginn - DEBUG - OpenVPN: 2026-05-19 08:48:25 interactive service msg_channel=0
2026-05-19 08:48:24 - huginn - DEBUG - OpenVPN: 2026-05-19 08:48:25 ROUTE_GATEWAY 192.168.1.1/255.255.255.0 I=23 HWADDR=88:d8:2e:79:0c:48
2026-05-19 08:48:24 - huginn - DEBUG - OpenVPN: 2026-05-19 08:48:25 GDG6: remote_host_ipv6=n/a
2026-05-19 08:48:24 - huginn - DEBUG - OpenVPN: 2026-05-19 08:48:25 NOTE: GetBestInterfaceEx returned error: Element not found.   (code=1168)
2026-05-19 08:48:24 - huginn - DEBUG - OpenVPN: 2026-05-19 08:48:25 ROUTE6: default_gateway=UNDEF
2026-05-19 08:48:24 - huginn - DEBUG - OpenVPN: 2026-05-19 08:48:25 open_tun
2026-05-19 08:48:24 - huginn - DEBUG - OpenVPN: 2026-05-19 08:48:25 tap-windows6 device [OpenVPN TAP-Windows6] opened
2026-05-19 08:48:24 - huginn - DEBUG - OpenVPN: 2026-05-19 08:48:25 TAP-Windows Driver Version 9.27
2026-05-19 08:48:24 - huginn - DEBUG - OpenVPN: 2026-05-19 08:48:25 Set TAP-Windows TUN subnet mode network/local/netmask = 10.10.14.0/10.10.14.24/255.255.254.0 [SUCCEEDED]
2026-05-19 08:48:24 - huginn - DEBUG - OpenVPN: 2026-05-19 08:48:25 Notified TAP-Windows driver to set a DHCP IP/netmask of 10.10.14.24/255.255.254.0 on interface {9624926F-3F6E-402F-BBEF-68BB8BB5B777} [DHCP-serv: 10.10.14.0, lease-time: 31536000]
2026-05-19 08:48:24 - huginn - DEBUG - OpenVPN: 2026-05-19 08:48:25 Successful ARP Flush on interface [18] {9624926F-3F6E-402F-BBEF-68BB8BB5B777}
2026-05-19 08:48:24 - huginn - DEBUG - OpenVPN: 2026-05-19 08:48:25 IPv4 MTU set to 1500 on interface 18 using SetIpInterfaceEntry()
2026-05-19 08:48:24 - huginn - DEBUG - OpenVPN: 2026-05-19 08:48:25 NETSH: C:\WINDOWS\system32\netsh.exe interface ipv6 set address 18 dead:beef:2::1016/128 store=active
2026-05-19 08:48:25 - huginn - DEBUG - OpenVPN: 2026-05-19 08:48:25 add_route_ipv6(dead:beef:2::/64 -> dead:beef:2::1016 metric 0) IF 18
2026-05-19 08:48:25 - huginn - DEBUG - OpenVPN: 2026-05-19 08:48:25 IPv6 route addition using ipapi failed because route exists
2026-05-19 08:48:25 - huginn - DEBUG - OpenVPN: 2026-05-19 08:48:25 NETSH: C:\WINDOWS\system32\netsh.exe interface ipv6 delete dns 18 all
2026-05-19 08:48:25 - huginn - DEBUG - OpenVPN: 2026-05-19 08:48:25 IPv6 MTU set to 1500 on interface 18 using SetIpInterfaceEntry()
2026-05-19 08:48:25 - huginn - DEBUG - OpenVPN: 2026-05-19 08:48:25 Data Channel: cipher 'AES-256-CBC', auth 'SHA256', peer-id: 4, compression: 'lzo'
2026-05-19 08:48:25 - huginn - DEBUG - OpenVPN: 2026-05-19 08:48:25 Timers: ping 10, ping-restart 120
2026-05-19 08:48:25 - huginn - DEBUG - OpenVPN: 2026-05-19 08:48:25 Protocol options: explicit-exit-notify 1, protocol-flags cc-exit tls-ekm dyn-tls-crypt
2026-05-19 08:48:30 - huginn - DEBUG - OpenVPN: 2026-05-19 08:48:30 TEST ROUTES: 2/2 succeeded len=2 ret=1 a=0 u/d=up
2026-05-19 08:48:30 - huginn - DEBUG - OpenVPN: 2026-05-19 08:48:30 C:\WINDOWS\system32\route.exe ADD 10.10.8.0 MASK 255.255.252.0 10.10.14.1
2026-05-19 08:48:30 - huginn - DEBUG - OpenVPN: 2026-05-19 08:48:30 Route addition via ipapi [adaptive] failed because route exists
2026-05-19 08:48:30 - huginn - DEBUG - OpenVPN: 2026-05-19 08:48:30 C:\WINDOWS\system32\route.exe ADD 10.129.0.0 MASK 255.255.0.0 10.10.14.1
2026-05-19 08:48:30 - huginn - DEBUG - OpenVPN: 2026-05-19 08:48:30 Route addition via ipapi [adaptive] failed because route exists
2026-05-19 08:48:30 - huginn - DEBUG - OpenVPN: 2026-05-19 08:48:30 add_route_ipv6(dead:beef::/64 -> dead:beef:2::1 metric -1) IF 18
2026-05-19 08:48:30 - huginn - DEBUG - OpenVPN: 2026-05-19 08:48:30 IPv6 route addition using ipapi failed because route exists
2026-05-19 08:48:30 - huginn - DEBUG - OpenVPN: 2026-05-19 08:48:30 Initialization Sequence Completed
2026-05-19 08:49:55 - huginn - INFO - VPN connection terminated
2026-05-19 08:49:55 - huginn - INFO - vpn_manager disconnected
2026-05-19 08:49:55 - huginn - DEBUG - Memory monitoring stopped
2026-05-19 08:49:55 - huginn - DEBUG - Connection pool closed all sessions
2026-05-19 08:49:56 - huginn - INFO - Update manager stopped during cleanup
2026-05-19 08:50:25 - huginn - DEBUG - Suppressed exception
Traceback (most recent call last):
  File "c:\Users\allie\Coding Projects\huggin_suite\huginn\app\core\asset_manager.py", line 101, in init_database
    conn.execute("ALTER TABLE assets ADD COLUMN fqdn TEXT DEFAULT ''")
    ~~~~~~~~~~~~^^^^^^^^^^^^^^^^^^^^^^^^^^^^^^^^^^^^^^^^^^^^^^^^^^^^^^
sqlite3.OperationalError: duplicate column name: fqdn
2026-05-19 08:50:25 - huginn - DEBUG - Suppressed exception
Traceback (most recent call last):
  File "c:\Users\allie\Coding Projects\huggin_suite\huginn\app\core\asset_manager.py", line 108, in init_database
    conn.execute("ALTER TABLE assets ADD COLUMN mac_address TEXT DEFAULT ''")
    ~~~~~~~~~~~~^^^^^^^^^^^^^^^^^^^^^^^^^^^^^^^^^^^^^^^^^^^^^^^^^^^^^^^^^^^^^
sqlite3.OperationalError: duplicate column name: mac_address
2026-05-19 08:50:25 - huginn - DEBUG - Suppressed exception
Traceback (most recent call last):
  File "c:\Users\allie\Coding Projects\huggin_suite\huginn\app\core\asset_manager.py", line 115, in init_database
    conn.execute("ALTER TABLE assets ADD COLUMN vendor TEXT DEFAULT ''")
    ~~~~~~~~~~~~^^^^^^^^^^^^^^^^^^^^^^^^^^^^^^^^^^^^^^^^^^^^^^^^^^^^^^^^
sqlite3.OperationalError: duplicate column name: vendor
2026-05-19 08:50:25 - huginn - DEBUG - Suppressed exception
Traceback (most recent call last):
  File "c:\Users\allie\Coding Projects\huggin_suite\huginn\app\core\asset_manager.py", line 122, in init_database
    conn.execute("ALTER TABLE assets ADD COLUMN notes TEXT DEFAULT ''")
    ~~~~~~~~~~~~^^^^^^^^^^^^^^^^^^^^^^^^^^^^^^^^^^^^^^^^^^^^^^^^^^^^^^^
sqlite3.OperationalError: duplicate column name: notes
2026-05-19 08:50:25 - huginn - INFO - Using default configuration
2026-05-19 08:50:27 - huginn - INFO - License saved successfully
2026-05-19 08:50:27 - huginn - INFO - License loaded and validated successfully
2026-05-19 08:50:36 - huginn - INFO - License saved successfully
2026-05-19 08:50:36 - huginn - INFO - License loaded and validated successfully
2026-05-19 08:50:36 - huginn - INFO - Application starting...
2026-05-19 08:50:36 - huginn - INFO - Font loaded successfully
2026-05-19 08:50:36 - huginn - INFO - Stylesheet loaded successfully
2026-05-19 08:50:36 - huginn - INFO - Creating main window...
2026-05-19 08:50:36 - huginn - INFO - QThreadPool max threads set to 32 (CPUs: 32)
2026-05-19 08:50:36 - huginn - INFO - Custom font 'Neuropol X' loaded from C:\Users\allie\Coding Projects\huggin_suite\huginn\resources\fonts\neuropol.otf
2026-05-19 08:50:36 - huginn - DEBUG - Suppressed exception
Traceback (most recent call last):
  File "C:\Users\allie\Coding Projects\huggin_suite\huginn\app\pages\page_registry.py", line 45, in register_all_pages
    from app.pages.db_attacks_page import DBAttacksPage
ImportError: cannot import name 'DBAttacksPage' from 'app.pages.db_attacks_page' (C:\Users\allie\Coding Projects\huggin_suite\huginn\app\pages\db_attacks_page.py)
2026-05-19 08:50:48 - huginn - INFO - VPN connection terminated
2026-05-19 08:50:48 - huginn - INFO - OpenVPN connection started with config: C:/Users/allie/Downloads/machines_au-1 (1).ovpn
2026-05-19 08:50:48 - huginn - DEBUG - OpenVPN: 2026-05-19 08:50:48 Note: --data-ciphers-fallback with cipher 'AES-128-CBC' disables data channel offload.
2026-05-19 08:50:48 - huginn - DEBUG - OpenVPN: 2026-05-19 08:50:48 OpenVPN 2.6.14 [git:none/0169b4ad2bb35d2c] Windows [SSL (OpenSSL)] [LZO] [LZ4] [PKCS11] [AEAD] [DCO] built on Jun 19 2025
2026-05-19 08:50:48 - huginn - DEBUG - OpenVPN: 2026-05-19 08:50:48 Windows version 10.0 (Windows 10 or greater), amd64 executable
2026-05-19 08:50:48 - huginn - DEBUG - OpenVPN: 2026-05-19 08:50:48 library versions: OpenSSL 3.5.0 8 Apr 2025, LZO 2.10
2026-05-19 08:50:48 - huginn - DEBUG - OpenVPN: 2026-05-19 08:50:48 DCO version: N/A
2026-05-19 08:50:48 - huginn - DEBUG - OpenVPN: 2026-05-19 08:50:48 TCP/UDP: Preserving recently used remote address: [AF_INET]206.148.40.161:1337
2026-05-19 08:50:48 - huginn - DEBUG - OpenVPN: 2026-05-19 08:50:48 Socket Buffers: R=[65536->65536] S=[65536->65536]
2026-05-19 08:50:48 - huginn - DEBUG - OpenVPN: 2026-05-19 08:50:48 UDPv4 link local: (not bound)
2026-05-19 08:50:48 - huginn - DEBUG - OpenVPN: 2026-05-19 08:50:48 UDPv4 link remote: [AF_INET]206.148.40.161:1337
2026-05-19 08:50:48 - huginn - DEBUG - OpenVPN: 2026-05-19 08:50:48 TLS: Initial packet from [AF_INET]206.148.40.161:1337, sid=c5ef9104 373e8f25
2026-05-19 08:50:48 - huginn - DEBUG - OpenVPN: 2026-05-19 08:50:48 VERIFY OK: depth=2, C=GR, O=Hack The Box, OU=Systems, CN=HTB VPN: Root Certificate Authority
2026-05-19 08:50:48 - huginn - DEBUG - OpenVPN: 2026-05-19 08:50:48 VERIFY OK: depth=1, C=GR, O=Hack The Box, OU=Systems, CN=HTB VPN: au-free-1 Issuing CA
2026-05-19 08:50:48 - huginn - DEBUG - OpenVPN: 2026-05-19 08:50:48 VERIFY KU OK
2026-05-19 08:50:48 - huginn - DEBUG - OpenVPN: 2026-05-19 08:50:48 Validating certificate extended key usage
2026-05-19 08:50:48 - huginn - DEBUG - OpenVPN: 2026-05-19 08:50:48 ++ Certificate has EKU (str) TLS Web Client Authentication, expects TLS Web Server Authentication
2026-05-19 08:50:48 - huginn - DEBUG - OpenVPN: 2026-05-19 08:50:48 ++ Certificate has EKU (oid) 1.3.6.1.5.5.7.3.2, expects TLS Web Server Authentication
2026-05-19 08:50:48 - huginn - DEBUG - OpenVPN: 2026-05-19 08:50:48 ++ Certificate has EKU (str) TLS Web Server Authentication, expects TLS Web Server Authentication
2026-05-19 08:50:48 - huginn - DEBUG - OpenVPN: 2026-05-19 08:50:48 VERIFY EKU OK
2026-05-19 08:50:48 - huginn - DEBUG - OpenVPN: 2026-05-19 08:50:48 VERIFY OK: depth=0, C=GR, O=Hack The Box, OU=Systems, CN=au-free-1
2026-05-19 08:50:49 - huginn - DEBUG - OpenVPN: 2026-05-19 08:50:49 Control Channel: TLSv1.3, cipher TLSv1.3 TLS_AES_256_GCM_SHA384, peer certificate: 256 bits ED25519, signature: ED25519, peer temporary key: 253 bits X25519
2026-05-19 08:50:49 - huginn - DEBUG - OpenVPN: 2026-05-19 08:50:49 [au-free-1] Peer Connection Initiated with [AF_INET]206.148.40.161:1337
2026-05-19 08:50:49 - huginn - DEBUG - OpenVPN: 2026-05-19 08:50:49 TLS: move_session: dest=TM_ACTIVE src=TM_INITIAL reinit_src=1
2026-05-19 08:50:49 - huginn - DEBUG - OpenVPN: 2026-05-19 08:50:49 TLS: tls_multi_process: initial untrusted session promoted to trusted
2026-05-19 08:50:50 - huginn - DEBUG - OpenVPN: 2026-05-19 08:50:50 SENT CONTROL [au-free-1]: 'PUSH_REQUEST' (status=1)
2026-05-19 08:50:50 - huginn - DEBUG - OpenVPN: 2026-05-19 08:50:50 PUSH: Received control message: 'PUSH_REPLY,route 10.10.8.0 255.255.252.0,route 10.129.0.0 255.255.0.0,route-ipv6 dead:beef::/64,explicit-exit-notify,tun-ipv6,route-gateway 10.10.14.1,topology subnet,ping 10,ping-restart 120,ifconfig-ipv6 dead:beef:2::1016/64 dead:beef:2::1,ifconfig 10.10.14.24 255.255.254.0,peer-id 2,cipher AES-256-CBC,protocol-flags cc-exit tls-ekm dyn-tls-crypt,tun-mtu 1500'
2026-05-19 08:50:50 - huginn - DEBUG - OpenVPN: 2026-05-19 08:50:50 OPTIONS IMPORT: --ifconfig/up options modified
2026-05-19 08:50:50 - huginn - DEBUG - OpenVPN: 2026-05-19 08:50:50 OPTIONS IMPORT: route options modified
2026-05-19 08:50:50 - huginn - DEBUG - OpenVPN: 2026-05-19 08:50:50 OPTIONS IMPORT: route-related options modified
2026-05-19 08:50:50 - huginn - DEBUG - OpenVPN: 2026-05-19 08:50:50 OPTIONS IMPORT: tun-mtu set to 1500
2026-05-19 08:50:50 - huginn - DEBUG - OpenVPN: 2026-05-19 08:50:50 interactive service msg_channel=0
2026-05-19 08:50:50 - huginn - DEBUG - OpenVPN: 2026-05-19 08:50:50 ROUTE_GATEWAY 192.168.1.1/255.255.255.0 I=23 HWADDR=88:d8:2e:79:0c:48
2026-05-19 08:50:50 - huginn - DEBUG - OpenVPN: 2026-05-19 08:50:50 GDG6: remote_host_ipv6=n/a
2026-05-19 08:50:50 - huginn - DEBUG - OpenVPN: 2026-05-19 08:50:50 NOTE: GetBestInterfaceEx returned error: Element not found.   (code=1168)
2026-05-19 08:50:50 - huginn - DEBUG - OpenVPN: 2026-05-19 08:50:50 ROUTE6: default_gateway=UNDEF
2026-05-19 08:50:50 - huginn - DEBUG - OpenVPN: 2026-05-19 08:50:50 open_tun
2026-05-19 08:50:50 - huginn - DEBUG - OpenVPN: 2026-05-19 08:50:50 tap-windows6 device [OpenVPN TAP-Windows6] opened
2026-05-19 08:50:50 - huginn - DEBUG - OpenVPN: 2026-05-19 08:50:50 TAP-Windows Driver Version 9.27
2026-05-19 08:50:50 - huginn - DEBUG - OpenVPN: 2026-05-19 08:50:50 Set TAP-Windows TUN subnet mode network/local/netmask = 10.10.14.0/10.10.14.24/255.255.254.0 [SUCCEEDED]
2026-05-19 08:50:50 - huginn - DEBUG - OpenVPN: 2026-05-19 08:50:50 Notified TAP-Windows driver to set a DHCP IP/netmask of 10.10.14.24/255.255.254.0 on interface {9624926F-3F6E-402F-BBEF-68BB8BB5B777} [DHCP-serv: 10.10.14.0, lease-time: 31536000]
2026-05-19 08:50:50 - huginn - DEBUG - OpenVPN: 2026-05-19 08:50:50 Successful ARP Flush on interface [18] {9624926F-3F6E-402F-BBEF-68BB8BB5B777}
2026-05-19 08:50:50 - huginn - DEBUG - OpenVPN: 2026-05-19 08:50:50 IPv4 MTU set to 1500 on interface 18 using SetIpInterfaceEntry()
2026-05-19 08:50:50 - huginn - DEBUG - OpenVPN: 2026-05-19 08:50:50 NETSH: C:\WINDOWS\system32\netsh.exe interface ipv6 set address 18 dead:beef:2::1016/128 store=active
2026-05-19 08:50:50 - huginn - DEBUG - OpenVPN: 2026-05-19 08:50:50 add_route_ipv6(dead:beef:2::/64 -> dead:beef:2::1016 metric 0) IF 18
2026-05-19 08:50:50 - huginn - DEBUG - OpenVPN: 2026-05-19 08:50:50 IPv6 route addition using ipapi failed because route exists
2026-05-19 08:50:50 - huginn - DEBUG - OpenVPN: 2026-05-19 08:50:50 NETSH: C:\WINDOWS\system32\netsh.exe interface ipv6 delete dns 18 all
2026-05-19 08:50:50 - huginn - DEBUG - OpenVPN: 2026-05-19 08:50:50 IPv6 MTU set to 1500 on interface 18 using SetIpInterfaceEntry()
2026-05-19 08:50:50 - huginn - DEBUG - OpenVPN: 2026-05-19 08:50:50 Data Channel: cipher 'AES-256-CBC', auth 'SHA256', peer-id: 2, compression: 'lzo'
2026-05-19 08:50:50 - huginn - DEBUG - OpenVPN: 2026-05-19 08:50:50 Timers: ping 10, ping-restart 120
2026-05-19 08:50:50 - huginn - DEBUG - OpenVPN: 2026-05-19 08:50:50 Protocol options: explicit-exit-notify 1, protocol-flags cc-exit tls-ekm dyn-tls-crypt
2026-05-19 08:50:55 - huginn - DEBUG - OpenVPN: 2026-05-19 08:50:55 TEST ROUTES: 2/2 succeeded len=2 ret=1 a=0 u/d=up
2026-05-19 08:50:55 - huginn - DEBUG - OpenVPN: 2026-05-19 08:50:55 C:\WINDOWS\system32\route.exe ADD 10.10.8.0 MASK 255.255.252.0 10.10.14.1
2026-05-19 08:50:55 - huginn - DEBUG - OpenVPN: 2026-05-19 08:50:55 Route addition via ipapi [adaptive] failed because route exists
2026-05-19 08:50:55 - huginn - DEBUG - OpenVPN: 2026-05-19 08:50:55 C:\WINDOWS\system32\route.exe ADD 10.129.0.0 MASK 255.255.0.0 10.10.14.1
2026-05-19 08:50:55 - huginn - DEBUG - OpenVPN: 2026-05-19 08:50:55 Route addition via ipapi [adaptive] failed because route exists
2026-05-19 08:50:55 - huginn - DEBUG - OpenVPN: 2026-05-19 08:50:55 add_route_ipv6(dead:beef::/64 -> dead:beef:2::1 metric -1) IF 18
2026-05-19 08:50:55 - huginn - DEBUG - OpenVPN: 2026-05-19 08:50:55 IPv6 route addition using ipapi failed because route exists
2026-05-19 08:50:55 - huginn - DEBUG - OpenVPN: 2026-05-19 08:50:55 Initialization Sequence Completed
2026-05-19 08:51:27 - huginn - INFO - VPN connection terminated
2026-05-19 08:51:27 - huginn - ERROR - OpenVPN monitor error: 'NoneType' object has no attribute 'poll'
2026-05-19 08:51:34 - huginn - DEBUG - Suppressed exception
Traceback (most recent call last):
  File "c:\Users\allie\Coding Projects\huggin_suite\huginn\app\core\asset_manager.py", line 101, in init_database
    conn.execute("ALTER TABLE assets ADD COLUMN fqdn TEXT DEFAULT ''")
    ~~~~~~~~~~~~^^^^^^^^^^^^^^^^^^^^^^^^^^^^^^^^^^^^^^^^^^^^^^^^^^^^^^
sqlite3.OperationalError: duplicate column name: fqdn
2026-05-19 08:51:34 - huginn - DEBUG - Suppressed exception
Traceback (most recent call last):
  File "c:\Users\allie\Coding Projects\huggin_suite\huginn\app\core\asset_manager.py", line 108, in init_database
    conn.execute("ALTER TABLE assets ADD COLUMN mac_address TEXT DEFAULT ''")
    ~~~~~~~~~~~~^^^^^^^^^^^^^^^^^^^^^^^^^^^^^^^^^^^^^^^^^^^^^^^^^^^^^^^^^^^^^
sqlite3.OperationalError: duplicate column name: mac_address
2026-05-19 08:51:34 - huginn - DEBUG - Suppressed exception
Traceback (most recent call last):
  File "c:\Users\allie\Coding Projects\huggin_suite\huginn\app\core\asset_manager.py", line 115, in init_database
    conn.execute("ALTER TABLE assets ADD COLUMN vendor TEXT DEFAULT ''")
    ~~~~~~~~~~~~^^^^^^^^^^^^^^^^^^^^^^^^^^^^^^^^^^^^^^^^^^^^^^^^^^^^^^^^
sqlite3.OperationalError: duplicate column name: vendor
2026-05-19 08:51:34 - huginn - DEBUG - Suppressed exception
Traceback (most recent call last):
  File "c:\Users\allie\Coding Projects\huggin_suite\huginn\app\core\asset_manager.py", line 122, in init_database
    conn.execute("ALTER TABLE assets ADD COLUMN notes TEXT DEFAULT ''")
    ~~~~~~~~~~~~^^^^^^^^^^^^^^^^^^^^^^^^^^^^^^^^^^^^^^^^^^^^^^^^^^^^^^^
sqlite3.OperationalError: duplicate column name: notes
2026-05-19 08:51:34 - huginn - INFO - Using default configuration
2026-05-19 08:51:36 - huginn - INFO - License saved successfully
2026-05-19 08:51:36 - huginn - INFO - License loaded and validated successfully
2026-05-19 08:51:42 - huginn - DEBUG - Memory monitoring stopped
2026-05-19 08:51:42 - huginn - DEBUG - Connection pool closed all sessions
2026-05-19 08:51:42 - huginn - INFO - Update manager stopped during cleanup
2026-05-19 08:52:10 - huginn - DEBUG - Suppressed exception
Traceback (most recent call last):
  File "c:\Users\allie\Coding Projects\huggin_suite\huginn\app\core\asset_manager.py", line 101, in init_database
    conn.execute("ALTER TABLE assets ADD COLUMN fqdn TEXT DEFAULT ''")
    ~~~~~~~~~~~~^^^^^^^^^^^^^^^^^^^^^^^^^^^^^^^^^^^^^^^^^^^^^^^^^^^^^^
sqlite3.OperationalError: duplicate column name: fqdn
2026-05-19 08:52:10 - huginn - DEBUG - Suppressed exception
Traceback (most recent call last):
  File "c:\Users\allie\Coding Projects\huggin_suite\huginn\app\core\asset_manager.py", line 108, in init_database
    conn.execute("ALTER TABLE assets ADD COLUMN mac_address TEXT DEFAULT ''")
    ~~~~~~~~~~~~^^^^^^^^^^^^^^^^^^^^^^^^^^^^^^^^^^^^^^^^^^^^^^^^^^^^^^^^^^^^^
sqlite3.OperationalError: duplicate column name: mac_address
2026-05-19 08:52:10 - huginn - DEBUG - Suppressed exception
Traceback (most recent call last):
  File "c:\Users\allie\Coding Projects\huggin_suite\huginn\app\core\asset_manager.py", line 115, in init_database
    conn.execute("ALTER TABLE assets ADD COLUMN vendor TEXT DEFAULT ''")
    ~~~~~~~~~~~~^^^^^^^^^^^^^^^^^^^^^^^^^^^^^^^^^^^^^^^^^^^^^^^^^^^^^^^^
sqlite3.OperationalError: duplicate column name: vendor
2026-05-19 08:52:10 - huginn - DEBUG - Suppressed exception
Traceback (most recent call last):
  File "c:\Users\allie\Coding Projects\huggin_suite\huginn\app\core\asset_manager.py", line 122, in init_database
    conn.execute("ALTER TABLE assets ADD COLUMN notes TEXT DEFAULT ''")
    ~~~~~~~~~~~~^^^^^^^^^^^^^^^^^^^^^^^^^^^^^^^^^^^^^^^^^^^^^^^^^^^^^^^
sqlite3.OperationalError: duplicate column name: notes
2026-05-19 08:52:10 - huginn - INFO - Using default configuration
2026-05-19 08:52:13 - huginn - INFO - License saved successfully
2026-05-19 08:52:13 - huginn - INFO - License loaded and validated successfully
2026-05-19 08:52:22 - huginn - INFO - License saved successfully
2026-05-19 08:52:22 - huginn - INFO - License loaded and validated successfully
2026-05-19 08:52:22 - huginn - INFO - Application starting...
2026-05-19 08:52:22 - huginn - INFO - Font loaded successfully
2026-05-19 08:52:22 - huginn - INFO - Stylesheet loaded successfully
2026-05-19 08:52:22 - huginn - INFO - Creating main window...
2026-05-19 08:52:22 - huginn - INFO - QThreadPool max threads set to 32 (CPUs: 32)
2026-05-19 08:52:22 - huginn - INFO - Custom font 'Neuropol X' loaded from C:\Users\allie\Coding Projects\huggin_suite\huginn\resources\fonts\neuropol.otf
2026-05-19 08:52:22 - huginn - DEBUG - Suppressed exception
Traceback (most recent call last):
  File "C:\Users\allie\Coding Projects\huggin_suite\huginn\app\pages\page_registry.py", line 45, in register_all_pages
    from app.pages.db_attacks_page import DBAttacksPage
ImportError: cannot import name 'DBAttacksPage' from 'app.pages.db_attacks_page' (C:\Users\allie\Coding Projects\huggin_suite\huginn\app\pages\db_attacks_page.py)
2026-05-19 08:52:34 - huginn - INFO - VPN connection terminated
2026-05-19 08:52:34 - huginn - INFO - OpenVPN connection started with config: C:/Users/allie/Downloads/machines_au-1 (1).ovpn
2026-05-19 08:52:35 - huginn - DEBUG - OpenVPN: 2026-05-19 08:52:34 Note: --data-ciphers-fallback with cipher 'AES-128-CBC' disables data channel offload.
2026-05-19 08:52:35 - huginn - DEBUG - OpenVPN: 2026-05-19 08:52:34 OpenVPN 2.6.14 [git:none/0169b4ad2bb35d2c] Windows [SSL (OpenSSL)] [LZO] [LZ4] [PKCS11] [AEAD] [DCO] built on Jun 19 2025
2026-05-19 08:52:35 - huginn - DEBUG - OpenVPN: 2026-05-19 08:52:34 Windows version 10.0 (Windows 10 or greater), amd64 executable
2026-05-19 08:52:35 - huginn - DEBUG - OpenVPN: 2026-05-19 08:52:34 library versions: OpenSSL 3.5.0 8 Apr 2025, LZO 2.10
2026-05-19 08:52:35 - huginn - DEBUG - OpenVPN: 2026-05-19 08:52:34 DCO version: N/A
2026-05-19 08:52:35 - huginn - DEBUG - OpenVPN: 2026-05-19 08:52:34 TCP/UDP: Preserving recently used remote address: [AF_INET]206.148.40.161:1337
2026-05-19 08:52:35 - huginn - DEBUG - OpenVPN: 2026-05-19 08:52:34 Socket Buffers: R=[65536->65536] S=[65536->65536]
2026-05-19 08:52:35 - huginn - DEBUG - OpenVPN: 2026-05-19 08:52:34 UDPv4 link local: (not bound)
2026-05-19 08:52:35 - huginn - DEBUG - OpenVPN: 2026-05-19 08:52:34 UDPv4 link remote: [AF_INET]206.148.40.161:1337
2026-05-19 08:52:35 - huginn - DEBUG - OpenVPN: 2026-05-19 08:52:34 TLS: Initial packet from [AF_INET]206.148.40.161:1337, sid=8f7a2869 c8bb045f
2026-05-19 08:52:35 - huginn - DEBUG - OpenVPN: 2026-05-19 08:52:34 VERIFY OK: depth=2, C=GR, O=Hack The Box, OU=Systems, CN=HTB VPN: Root Certificate Authority
2026-05-19 08:52:35 - huginn - DEBUG - OpenVPN: 2026-05-19 08:52:34 VERIFY OK: depth=1, C=GR, O=Hack The Box, OU=Systems, CN=HTB VPN: au-free-1 Issuing CA
2026-05-19 08:52:35 - huginn - DEBUG - OpenVPN: 2026-05-19 08:52:34 VERIFY KU OK
2026-05-19 08:52:35 - huginn - DEBUG - OpenVPN: 2026-05-19 08:52:34 Validating certificate extended key usage
2026-05-19 08:52:35 - huginn - DEBUG - OpenVPN: 2026-05-19 08:52:34 ++ Certificate has EKU (str) TLS Web Client Authentication, expects TLS Web Server Authentication
2026-05-19 08:52:35 - huginn - DEBUG - OpenVPN: 2026-05-19 08:52:34 ++ Certificate has EKU (oid) 1.3.6.1.5.5.7.3.2, expects TLS Web Server Authentication
2026-05-19 08:52:35 - huginn - DEBUG - OpenVPN: 2026-05-19 08:52:34 ++ Certificate has EKU (str) TLS Web Server Authentication, expects TLS Web Server Authentication
2026-05-19 08:52:35 - huginn - DEBUG - OpenVPN: 2026-05-19 08:52:34 VERIFY EKU OK
2026-05-19 08:52:35 - huginn - DEBUG - OpenVPN: 2026-05-19 08:52:34 VERIFY OK: depth=0, C=GR, O=Hack The Box, OU=Systems, CN=au-free-1
2026-05-19 08:52:35 - huginn - DEBUG - OpenVPN: 2026-05-19 08:52:34 Control Channel: TLSv1.3, cipher TLSv1.3 TLS_AES_256_GCM_SHA384, peer certificate: 256 bits ED25519, signature: ED25519, peer temporary key: 253 bits X25519
2026-05-19 08:52:35 - huginn - DEBUG - OpenVPN: 2026-05-19 08:52:34 [au-free-1] Peer Connection Initiated with [AF_INET]206.148.40.161:1337
2026-05-19 08:52:35 - huginn - DEBUG - OpenVPN: 2026-05-19 08:52:34 TLS: move_session: dest=TM_ACTIVE src=TM_INITIAL reinit_src=1
2026-05-19 08:52:35 - huginn - DEBUG - OpenVPN: 2026-05-19 08:52:34 TLS: tls_multi_process: initial untrusted session promoted to trusted
2026-05-19 08:52:36 - huginn - DEBUG - OpenVPN: 2026-05-19 08:52:35 SENT CONTROL [au-free-1]: 'PUSH_REQUEST' (status=1)
2026-05-19 08:52:36 - huginn - DEBUG - OpenVPN: 2026-05-19 08:52:35 PUSH: Received control message: 'PUSH_REPLY,route 10.10.8.0 255.255.252.0,route 10.129.0.0 255.255.0.0,route-ipv6 dead:beef::/64,explicit-exit-notify,tun-ipv6,route-gateway 10.10.14.1,topology subnet,ping 10,ping-restart 120,ifconfig-ipv6 dead:beef:2::1016/64 dead:beef:2::1,ifconfig 10.10.14.24 255.255.254.0,peer-id 4,cipher AES-256-CBC,protocol-flags cc-exit tls-ekm dyn-tls-crypt,tun-mtu 1500'
2026-05-19 08:52:36 - huginn - DEBUG - OpenVPN: 2026-05-19 08:52:35 OPTIONS IMPORT: --ifconfig/up options modified
2026-05-19 08:52:36 - huginn - DEBUG - OpenVPN: 2026-05-19 08:52:35 OPTIONS IMPORT: route options modified
2026-05-19 08:52:36 - huginn - DEBUG - OpenVPN: 2026-05-19 08:52:35 OPTIONS IMPORT: route-related options modified
2026-05-19 08:52:36 - huginn - DEBUG - OpenVPN: 2026-05-19 08:52:35 OPTIONS IMPORT: tun-mtu set to 1500
2026-05-19 08:52:36 - huginn - DEBUG - OpenVPN: 2026-05-19 08:52:35 interactive service msg_channel=0
2026-05-19 08:52:36 - huginn - DEBUG - OpenVPN: 2026-05-19 08:52:35 ROUTE_GATEWAY 192.168.1.1/255.255.255.0 I=23 HWADDR=88:d8:2e:79:0c:48
2026-05-19 08:52:36 - huginn - DEBUG - OpenVPN: 2026-05-19 08:52:35 GDG6: remote_host_ipv6=n/a
2026-05-19 08:52:36 - huginn - DEBUG - OpenVPN: 2026-05-19 08:52:35 NOTE: GetBestInterfaceEx returned error: Element not found.   (code=1168)
2026-05-19 08:52:36 - huginn - DEBUG - OpenVPN: 2026-05-19 08:52:35 ROUTE6: default_gateway=UNDEF
2026-05-19 08:52:36 - huginn - DEBUG - OpenVPN: 2026-05-19 08:52:35 open_tun
2026-05-19 08:52:36 - huginn - DEBUG - OpenVPN: 2026-05-19 08:52:35 tap-windows6 device [OpenVPN TAP-Windows6] opened
2026-05-19 08:52:36 - huginn - DEBUG - OpenVPN: 2026-05-19 08:52:35 TAP-Windows Driver Version 9.27
2026-05-19 08:52:36 - huginn - DEBUG - OpenVPN: 2026-05-19 08:52:35 Set TAP-Windows TUN subnet mode network/local/netmask = 10.10.14.0/10.10.14.24/255.255.254.0 [SUCCEEDED]
2026-05-19 08:52:36 - huginn - DEBUG - OpenVPN: 2026-05-19 08:52:35 Notified TAP-Windows driver to set a DHCP IP/netmask of 10.10.14.24/255.255.254.0 on interface {9624926F-3F6E-402F-BBEF-68BB8BB5B777} [DHCP-serv: 10.10.14.0, lease-time: 31536000]
2026-05-19 08:52:36 - huginn - DEBUG - OpenVPN: 2026-05-19 08:52:35 Successful ARP Flush on interface [18] {9624926F-3F6E-402F-BBEF-68BB8BB5B777}
2026-05-19 08:52:36 - huginn - DEBUG - OpenVPN: 2026-05-19 08:52:35 IPv4 MTU set to 1500 on interface 18 using SetIpInterfaceEntry()
2026-05-19 08:52:36 - huginn - DEBUG - OpenVPN: 2026-05-19 08:52:35 NETSH: C:\WINDOWS\system32\netsh.exe interface ipv6 set address 18 dead:beef:2::1016/128 store=active
2026-05-19 08:52:36 - huginn - DEBUG - OpenVPN: 2026-05-19 08:52:35 add_route_ipv6(dead:beef:2::/64 -> dead:beef:2::1016 metric 0) IF 18
2026-05-19 08:52:36 - huginn - DEBUG - OpenVPN: 2026-05-19 08:52:35 IPv6 route addition using ipapi failed because route exists
2026-05-19 08:52:36 - huginn - DEBUG - OpenVPN: 2026-05-19 08:52:35 NETSH: C:\WINDOWS\system32\netsh.exe interface ipv6 delete dns 18 all
2026-05-19 08:52:36 - huginn - DEBUG - OpenVPN: 2026-05-19 08:52:35 IPv6 MTU set to 1500 on interface 18 using SetIpInterfaceEntry()
2026-05-19 08:52:36 - huginn - DEBUG - OpenVPN: 2026-05-19 08:52:35 Data Channel: cipher 'AES-256-CBC', auth 'SHA256', peer-id: 4, compression: 'lzo'
2026-05-19 08:52:36 - huginn - DEBUG - OpenVPN: 2026-05-19 08:52:35 Timers: ping 10, ping-restart 120
2026-05-19 08:52:36 - huginn - DEBUG - OpenVPN: 2026-05-19 08:52:35 Protocol options: explicit-exit-notify 1, protocol-flags cc-exit tls-ekm dyn-tls-crypt
2026-05-19 08:52:40 - huginn - DEBUG - OpenVPN: 2026-05-19 08:52:40 TEST ROUTES: 2/2 succeeded len=2 ret=1 a=0 u/d=up
2026-05-19 08:52:40 - huginn - DEBUG - OpenVPN: 2026-05-19 08:52:40 C:\WINDOWS\system32\route.exe ADD 10.10.8.0 MASK 255.255.252.0 10.10.14.1
2026-05-19 08:52:40 - huginn - DEBUG - OpenVPN: 2026-05-19 08:52:40 Route addition via ipapi [adaptive] failed because route exists
2026-05-19 08:52:40 - huginn - DEBUG - OpenVPN: 2026-05-19 08:52:40 C:\WINDOWS\system32\route.exe ADD 10.129.0.0 MASK 255.255.0.0 10.10.14.1
2026-05-19 08:52:40 - huginn - DEBUG - OpenVPN: 2026-05-19 08:52:40 Route addition via ipapi [adaptive] failed because route exists
2026-05-19 08:52:40 - huginn - DEBUG - OpenVPN: 2026-05-19 08:52:40 add_route_ipv6(dead:beef::/64 -> dead:beef:2::1 metric -1) IF 18
2026-05-19 08:52:40 - huginn - DEBUG - OpenVPN: 2026-05-19 08:52:40 IPv6 route addition using ipapi failed because route exists
2026-05-19 08:52:40 - huginn - DEBUG - OpenVPN: 2026-05-19 08:52:40 Initialization Sequence Completed
2026-05-19 08:53:00 - huginn - INFO - VPN connection terminated
2026-05-19 08:53:15 - huginn - INFO - VPN connection terminated
2026-05-19 08:53:15 - huginn - INFO - OpenVPN connection started with config: C:/Users/allie/Downloads/machines_au-1 (1).ovpn
2026-05-19 08:53:15 - huginn - DEBUG - OpenVPN: 2026-05-19 08:53:15 Note: --data-ciphers-fallback with cipher 'AES-128-CBC' disables data channel offload.
2026-05-19 08:53:15 - huginn - DEBUG - OpenVPN: 2026-05-19 08:53:15 OpenVPN 2.6.14 [git:none/0169b4ad2bb35d2c] Windows [SSL (OpenSSL)] [LZO] [LZ4] [PKCS11] [AEAD] [DCO] built on Jun 19 2025
2026-05-19 08:53:15 - huginn - DEBUG - OpenVPN: 2026-05-19 08:53:15 Windows version 10.0 (Windows 10 or greater), amd64 executable
2026-05-19 08:53:15 - huginn - DEBUG - OpenVPN: 2026-05-19 08:53:15 library versions: OpenSSL 3.5.0 8 Apr 2025, LZO 2.10
2026-05-19 08:53:15 - huginn - DEBUG - OpenVPN: 2026-05-19 08:53:15 DCO version: N/A
2026-05-19 08:53:15 - huginn - DEBUG - OpenVPN: 2026-05-19 08:53:15 TCP/UDP: Preserving recently used remote address: [AF_INET]206.148.40.161:1337
2026-05-19 08:53:15 - huginn - DEBUG - OpenVPN: 2026-05-19 08:53:15 Socket Buffers: R=[65536->65536] S=[65536->65536]
2026-05-19 08:53:15 - huginn - DEBUG - OpenVPN: 2026-05-19 08:53:15 UDPv4 link local: (not bound)
2026-05-19 08:53:15 - huginn - DEBUG - OpenVPN: 2026-05-19 08:53:15 UDPv4 link remote: [AF_INET]206.148.40.161:1337
2026-05-19 08:53:15 - huginn - DEBUG - OpenVPN: 2026-05-19 08:53:15 TLS: Initial packet from [AF_INET]206.148.40.161:1337, sid=224335e0 739d7f33
2026-05-19 08:53:15 - huginn - DEBUG - OpenVPN: 2026-05-19 08:53:15 VERIFY OK: depth=2, C=GR, O=Hack The Box, OU=Systems, CN=HTB VPN: Root Certificate Authority
2026-05-19 08:53:15 - huginn - DEBUG - OpenVPN: 2026-05-19 08:53:15 VERIFY OK: depth=1, C=GR, O=Hack The Box, OU=Systems, CN=HTB VPN: au-free-1 Issuing CA
2026-05-19 08:53:15 - huginn - DEBUG - OpenVPN: 2026-05-19 08:53:15 VERIFY KU OK
2026-05-19 08:53:15 - huginn - DEBUG - OpenVPN: 2026-05-19 08:53:15 Validating certificate extended key usage
2026-05-19 08:53:15 - huginn - DEBUG - OpenVPN: 2026-05-19 08:53:15 ++ Certificate has EKU (str) TLS Web Client Authentication, expects TLS Web Server Authentication
2026-05-19 08:53:15 - huginn - DEBUG - OpenVPN: 2026-05-19 08:53:15 ++ Certificate has EKU (oid) 1.3.6.1.5.5.7.3.2, expects TLS Web Server Authentication
2026-05-19 08:53:15 - huginn - DEBUG - OpenVPN: 2026-05-19 08:53:15 ++ Certificate has EKU (str) TLS Web Server Authentication, expects TLS Web Server Authentication
2026-05-19 08:53:15 - huginn - DEBUG - OpenVPN: 2026-05-19 08:53:15 VERIFY EKU OK
2026-05-19 08:53:15 - huginn - DEBUG - OpenVPN: 2026-05-19 08:53:15 VERIFY OK: depth=0, C=GR, O=Hack The Box, OU=Systems, CN=au-free-1
2026-05-19 08:53:16 - huginn - DEBUG - OpenVPN: 2026-05-19 08:53:16 Control Channel: TLSv1.3, cipher TLSv1.3 TLS_AES_256_GCM_SHA384, peer certificate: 256 bits ED25519, signature: ED25519, peer temporary key: 253 bits X25519
2026-05-19 08:53:16 - huginn - DEBUG - OpenVPN: 2026-05-19 08:53:16 [au-free-1] Peer Connection Initiated with [AF_INET]206.148.40.161:1337
2026-05-19 08:53:16 - huginn - DEBUG - OpenVPN: 2026-05-19 08:53:16 TLS: move_session: dest=TM_ACTIVE src=TM_INITIAL reinit_src=1
2026-05-19 08:53:16 - huginn - DEBUG - OpenVPN: 2026-05-19 08:53:16 TLS: tls_multi_process: initial untrusted session promoted to trusted
2026-05-19 08:53:17 - huginn - DEBUG - OpenVPN: 2026-05-19 08:53:17 SENT CONTROL [au-free-1]: 'PUSH_REQUEST' (status=1)
2026-05-19 08:53:17 - huginn - DEBUG - OpenVPN: 2026-05-19 08:53:17 PUSH: Received control message: 'PUSH_REPLY,route 10.10.8.0 255.255.252.0,route 10.129.0.0 255.255.0.0,route-ipv6 dead:beef::/64,explicit-exit-notify,tun-ipv6,route-gateway 10.10.14.1,topology subnet,ping 10,ping-restart 120,ifconfig-ipv6 dead:beef:2::1016/64 dead:beef:2::1,ifconfig 10.10.14.24 255.255.254.0,peer-id 2,cipher AES-256-CBC,protocol-flags cc-exit tls-ekm dyn-tls-crypt,tun-mtu 1500'
2026-05-19 08:53:17 - huginn - DEBUG - OpenVPN: 2026-05-19 08:53:17 OPTIONS IMPORT: --ifconfig/up options modified
2026-05-19 08:53:17 - huginn - DEBUG - OpenVPN: 2026-05-19 08:53:17 OPTIONS IMPORT: route options modified
2026-05-19 08:53:17 - huginn - DEBUG - OpenVPN: 2026-05-19 08:53:17 OPTIONS IMPORT: route-related options modified
2026-05-19 08:53:17 - huginn - DEBUG - OpenVPN: 2026-05-19 08:53:17 OPTIONS IMPORT: tun-mtu set to 1500
2026-05-19 08:53:17 - huginn - DEBUG - OpenVPN: 2026-05-19 08:53:17 interactive service msg_channel=0
2026-05-19 08:53:17 - huginn - DEBUG - OpenVPN: 2026-05-19 08:53:17 ROUTE_GATEWAY 192.168.1.1/255.255.255.0 I=23 HWADDR=88:d8:2e:79:0c:48
2026-05-19 08:53:17 - huginn - DEBUG - OpenVPN: 2026-05-19 08:53:17 GDG6: remote_host_ipv6=n/a
2026-05-19 08:53:17 - huginn - DEBUG - OpenVPN: 2026-05-19 08:53:17 NOTE: GetBestInterfaceEx returned error: Element not found.   (code=1168)
2026-05-19 08:53:17 - huginn - DEBUG - OpenVPN: 2026-05-19 08:53:17 ROUTE6: default_gateway=UNDEF
2026-05-19 08:53:17 - huginn - DEBUG - OpenVPN: 2026-05-19 08:53:17 open_tun
2026-05-19 08:53:17 - huginn - DEBUG - OpenVPN: 2026-05-19 08:53:17 tap-windows6 device [OpenVPN TAP-Windows6] opened
2026-05-19 08:53:17 - huginn - DEBUG - OpenVPN: 2026-05-19 08:53:17 TAP-Windows Driver Version 9.27
2026-05-19 08:53:17 - huginn - DEBUG - OpenVPN: 2026-05-19 08:53:17 Set TAP-Windows TUN subnet mode network/local/netmask = 10.10.14.0/10.10.14.24/255.255.254.0 [SUCCEEDED]
2026-05-19 08:53:17 - huginn - DEBUG - OpenVPN: 2026-05-19 08:53:17 Notified TAP-Windows driver to set a DHCP IP/netmask of 10.10.14.24/255.255.254.0 on interface {9624926F-3F6E-402F-BBEF-68BB8BB5B777} [DHCP-serv: 10.10.14.0, lease-time: 31536000]
2026-05-19 08:53:17 - huginn - DEBUG - OpenVPN: 2026-05-19 08:53:17 Successful ARP Flush on interface [18] {9624926F-3F6E-402F-BBEF-68BB8BB5B777}
2026-05-19 08:53:17 - huginn - DEBUG - OpenVPN: 2026-05-19 08:53:17 IPv4 MTU set to 1500 on interface 18 using SetIpInterfaceEntry()
2026-05-19 08:53:17 - huginn - DEBUG - OpenVPN: 2026-05-19 08:53:17 NETSH: C:\WINDOWS\system32\netsh.exe interface ipv6 set address 18 dead:beef:2::1016/128 store=active
2026-05-19 08:53:17 - huginn - DEBUG - OpenVPN: 2026-05-19 08:53:17 add_route_ipv6(dead:beef:2::/64 -> dead:beef:2::1016 metric 0) IF 18
2026-05-19 08:53:17 - huginn - DEBUG - OpenVPN: 2026-05-19 08:53:17 IPv6 route addition using ipapi failed because route exists
2026-05-19 08:53:17 - huginn - DEBUG - OpenVPN: 2026-05-19 08:53:17 NETSH: C:\WINDOWS\system32\netsh.exe interface ipv6 delete dns 18 all
2026-05-19 08:53:17 - huginn - DEBUG - OpenVPN: 2026-05-19 08:53:17 IPv6 MTU set to 1500 on interface 18 using SetIpInterfaceEntry()
2026-05-19 08:53:17 - huginn - DEBUG - OpenVPN: 2026-05-19 08:53:17 Data Channel: cipher 'AES-256-CBC', auth 'SHA256', peer-id: 2, compression: 'lzo'
2026-05-19 08:53:17 - huginn - DEBUG - OpenVPN: 2026-05-19 08:53:17 Timers: ping 10, ping-restart 120
2026-05-19 08:53:17 - huginn - DEBUG - OpenVPN: 2026-05-19 08:53:17 Protocol options: explicit-exit-notify 1, protocol-flags cc-exit tls-ekm dyn-tls-crypt
2026-05-19 08:53:23 - huginn - DEBUG - OpenVPN: 2026-05-19 08:53:23 TEST ROUTES: 2/2 succeeded len=2 ret=1 a=0 u/d=up
2026-05-19 08:53:23 - huginn - DEBUG - OpenVPN: 2026-05-19 08:53:23 C:\WINDOWS\system32\route.exe ADD 10.10.8.0 MASK 255.255.252.0 10.10.14.1
2026-05-19 08:53:23 - huginn - DEBUG - OpenVPN: 2026-05-19 08:53:23 Route addition via ipapi [adaptive] failed because route exists
2026-05-19 08:53:23 - huginn - DEBUG - OpenVPN: 2026-05-19 08:53:23 C:\WINDOWS\system32\route.exe ADD 10.129.0.0 MASK 255.255.0.0 10.10.14.1
2026-05-19 08:53:23 - huginn - DEBUG - OpenVPN: 2026-05-19 08:53:23 Route addition via ipapi [adaptive] failed because route exists
2026-05-19 08:53:23 - huginn - DEBUG - OpenVPN: 2026-05-19 08:53:23 add_route_ipv6(dead:beef::/64 -> dead:beef:2::1 metric -1) IF 18
2026-05-19 08:53:23 - huginn - DEBUG - OpenVPN: 2026-05-19 08:53:23 IPv6 route addition using ipapi failed because route exists
2026-05-19 08:53:23 - huginn - DEBUG - OpenVPN: 2026-05-19 08:53:23 Initialization Sequence Completed
2026-05-19 08:53:32 - huginn - INFO - Local DNS server started on port 53530
2026-05-19 08:53:35 - huginn - INFO - DNS server changed to: LocalDNS
2026-05-19 08:53:39 - huginn - DEBUG - Wireless security tab unavailable
Traceback (most recent call last):
  File "C:\Users\allie\Coding Projects\huggin_suite\huginn\app\pages\recon_enumeration_page.py", line 99, in setup_ui
    wireless_tab = WirelessSecurityWidget(self)
  File "C:\Users\allie\Coding Projects\huggin_suite\huginn\app\widgets\wireless_security_widget.py", line 52, in __init__
    self.connect_signals()
    ~~~~~~~~~~~~~~~~~~~~^^
  File "C:\Users\allie\Coding Projects\huggin_suite\huginn\app\widgets\wireless_security_widget.py", line 303, in connect_signals
    self.generate_report_btn.clicked.connect(self.generate_report)
    ^^^^^^^^^^^^^^^^^^^^^^^^
AttributeError: 'WirelessSecurityWidget' object has no attribute 'generate_report_btn'. Did you mean: 'generate_report'?
2026-05-19 08:53:51 - huginn - DEBUG - Suppressed exception
Traceback (most recent call last):
  File "C:\Users\allie\Coding Projects\huggin_suite\huginn\app\core\asset_manager.py", line 101, in init_database
    conn.execute("ALTER TABLE assets ADD COLUMN fqdn TEXT DEFAULT ''")
    ~~~~~~~~~~~~^^^^^^^^^^^^^^^^^^^^^^^^^^^^^^^^^^^^^^^^^^^^^^^^^^^^^^
sqlite3.OperationalError: duplicate column name: fqdn
2026-05-19 08:53:51 - huginn - DEBUG - Suppressed exception
Traceback (most recent call last):
  File "C:\Users\allie\Coding Projects\huggin_suite\huginn\app\core\asset_manager.py", line 108, in init_database
    conn.execute("ALTER TABLE assets ADD COLUMN mac_address TEXT DEFAULT ''")
    ~~~~~~~~~~~~^^^^^^^^^^^^^^^^^^^^^^^^^^^^^^^^^^^^^^^^^^^^^^^^^^^^^^^^^^^^^
sqlite3.OperationalError: duplicate column name: mac_address
2026-05-19 08:53:51 - huginn - DEBUG - Suppressed exception
Traceback (most recent call last):
  File "C:\Users\allie\Coding Projects\huggin_suite\huginn\app\core\asset_manager.py", line 115, in init_database
    conn.execute("ALTER TABLE assets ADD COLUMN vendor TEXT DEFAULT ''")
    ~~~~~~~~~~~~^^^^^^^^^^^^^^^^^^^^^^^^^^^^^^^^^^^^^^^^^^^^^^^^^^^^^^^^
sqlite3.OperationalError: duplicate column name: vendor
2026-05-19 08:53:51 - huginn - DEBUG - Suppressed exception
Traceback (most recent call last):
  File "C:\Users\allie\Coding Projects\huggin_suite\huginn\app\core\asset_manager.py", line 122, in init_database
    conn.execute("ALTER TABLE assets ADD COLUMN notes TEXT DEFAULT ''")
    ~~~~~~~~~~~~^^^^^^^^^^^^^^^^^^^^^^^^^^^^^^^^^^^^^^^^^^^^^^^^^^^^^^^
sqlite3.OperationalError: duplicate column name: notes
2026-05-19 09:01:31 - huginn - DEBUG - Suppressed exception
Traceback (most recent call last):
  File "c:\Users\allie\Coding Projects\huggin_suite\huginn\app\core\asset_manager.py", line 101, in init_database
    conn.execute("ALTER TABLE assets ADD COLUMN fqdn TEXT DEFAULT ''")
    ~~~~~~~~~~~~^^^^^^^^^^^^^^^^^^^^^^^^^^^^^^^^^^^^^^^^^^^^^^^^^^^^^^
sqlite3.OperationalError: duplicate column name: fqdn
2026-05-19 09:01:31 - huginn - DEBUG - Suppressed exception
Traceback (most recent call last):
  File "c:\Users\allie\Coding Projects\huggin_suite\huginn\app\core\asset_manager.py", line 108, in init_database
    conn.execute("ALTER TABLE assets ADD COLUMN mac_address TEXT DEFAULT ''")
    ~~~~~~~~~~~~^^^^^^^^^^^^^^^^^^^^^^^^^^^^^^^^^^^^^^^^^^^^^^^^^^^^^^^^^^^^^
sqlite3.OperationalError: duplicate column name: mac_address
2026-05-19 09:01:31 - huginn - DEBUG - Suppressed exception
Traceback (most recent call last):
  File "c:\Users\allie\Coding Projects\huggin_suite\huginn\app\core\asset_manager.py", line 115, in init_database
    conn.execute("ALTER TABLE assets ADD COLUMN vendor TEXT DEFAULT ''")
    ~~~~~~~~~~~~^^^^^^^^^^^^^^^^^^^^^^^^^^^^^^^^^^^^^^^^^^^^^^^^^^^^^^^^
sqlite3.OperationalError: duplicate column name: vendor
2026-05-19 09:01:31 - huginn - DEBUG - Suppressed exception
Traceback (most recent call last):
  File "c:\Users\allie\Coding Projects\huggin_suite\huginn\app\core\asset_manager.py", line 122, in init_database
    conn.execute("ALTER TABLE assets ADD COLUMN notes TEXT DEFAULT ''")
    ~~~~~~~~~~~~^^^^^^^^^^^^^^^^^^^^^^^^^^^^^^^^^^^^^^^^^^^^^^^^^^^^^^^
sqlite3.OperationalError: duplicate column name: notes
2026-05-19 09:01:31 - huginn - INFO - Using default configuration
2026-05-19 09:01:34 - huginn - INFO - License saved successfully
2026-05-19 09:01:34 - huginn - INFO - License loaded and validated successfully
2026-05-19 09:01:39 - huginn - DEBUG - Suppressed exception
Traceback (most recent call last):
  File "c:\Users\allie\Coding Projects\huggin_suite\huginn\app\core\asset_manager.py", line 101, in init_database
    conn.execute("ALTER TABLE assets ADD COLUMN fqdn TEXT DEFAULT ''")
    ~~~~~~~~~~~~^^^^^^^^^^^^^^^^^^^^^^^^^^^^^^^^^^^^^^^^^^^^^^^^^^^^^^
sqlite3.OperationalError: duplicate column name: fqdn
2026-05-19 09:01:39 - huginn - DEBUG - Suppressed exception
Traceback (most recent call last):
  File "c:\Users\allie\Coding Projects\huggin_suite\huginn\app\core\asset_manager.py", line 108, in init_database
    conn.execute("ALTER TABLE assets ADD COLUMN mac_address TEXT DEFAULT ''")
    ~~~~~~~~~~~~^^^^^^^^^^^^^^^^^^^^^^^^^^^^^^^^^^^^^^^^^^^^^^^^^^^^^^^^^^^^^
sqlite3.OperationalError: duplicate column name: mac_address
2026-05-19 09:01:39 - huginn - DEBUG - Suppressed exception
Traceback (most recent call last):
  File "c:\Users\allie\Coding Projects\huggin_suite\huginn\app\core\asset_manager.py", line 115, in init_database
    conn.execute("ALTER TABLE assets ADD COLUMN vendor TEXT DEFAULT ''")
    ~~~~~~~~~~~~^^^^^^^^^^^^^^^^^^^^^^^^^^^^^^^^^^^^^^^^^^^^^^^^^^^^^^^^
sqlite3.OperationalError: duplicate column name: vendor
2026-05-19 09:01:39 - huginn - DEBUG - Suppressed exception
Traceback (most recent call last):
  File "c:\Users\allie\Coding Projects\huggin_suite\huginn\app\core\asset_manager.py", line 122, in init_database
    conn.execute("ALTER TABLE assets ADD COLUMN notes TEXT DEFAULT ''")
    ~~~~~~~~~~~~^^^^^^^^^^^^^^^^^^^^^^^^^^^^^^^^^^^^^^^^^^^^^^^^^^^^^^^
sqlite3.OperationalError: duplicate column name: notes
2026-05-19 09:01:39 - huginn - INFO - Using default configuration
2026-05-19 09:01:42 - huginn - INFO - License saved successfully
2026-05-19 09:01:42 - huginn - INFO - License loaded and validated successfully
2026-05-19 09:01:47 - huginn - DEBUG - Suppressed exception
Traceback (most recent call last):
  File "c:\Users\allie\Coding Projects\huggin_suite\huginn\app\core\asset_manager.py", line 101, in init_database
    conn.execute("ALTER TABLE assets ADD COLUMN fqdn TEXT DEFAULT ''")
    ~~~~~~~~~~~~^^^^^^^^^^^^^^^^^^^^^^^^^^^^^^^^^^^^^^^^^^^^^^^^^^^^^^
sqlite3.OperationalError: duplicate column name: fqdn
2026-05-19 09:01:47 - huginn - DEBUG - Suppressed exception
Traceback (most recent call last):
  File "c:\Users\allie\Coding Projects\huggin_suite\huginn\app\core\asset_manager.py", line 108, in init_database
    conn.execute("ALTER TABLE assets ADD COLUMN mac_address TEXT DEFAULT ''")
    ~~~~~~~~~~~~^^^^^^^^^^^^^^^^^^^^^^^^^^^^^^^^^^^^^^^^^^^^^^^^^^^^^^^^^^^^^
sqlite3.OperationalError: duplicate column name: mac_address
2026-05-19 09:01:47 - huginn - DEBUG - Suppressed exception
Traceback (most recent call last):
  File "c:\Users\allie\Coding Projects\huggin_suite\huginn\app\core\asset_manager.py", line 115, in init_database
    conn.execute("ALTER TABLE assets ADD COLUMN vendor TEXT DEFAULT ''")
    ~~~~~~~~~~~~^^^^^^^^^^^^^^^^^^^^^^^^^^^^^^^^^^^^^^^^^^^^^^^^^^^^^^^^
sqlite3.OperationalError: duplicate column name: vendor
2026-05-19 09:01:47 - huginn - DEBUG - Suppressed exception
Traceback (most recent call last):
  File "c:\Users\allie\Coding Projects\huggin_suite\huginn\app\core\asset_manager.py", line 122, in init_database
    conn.execute("ALTER TABLE assets ADD COLUMN notes TEXT DEFAULT ''")
    ~~~~~~~~~~~~^^^^^^^^^^^^^^^^^^^^^^^^^^^^^^^^^^^^^^^^^^^^^^^^^^^^^^^
sqlite3.OperationalError: duplicate column name: notes
2026-05-19 09:01:47 - huginn - INFO - Using default configuration
2026-05-19 09:01:49 - huginn - INFO - License saved successfully
2026-05-19 09:01:49 - huginn - INFO - License loaded and validated successfully
2026-05-19 09:01:56 - huginn - DEBUG - Suppressed exception
Traceback (most recent call last):
  File "c:\Users\allie\Coding Projects\huggin_suite\huginn\app\core\asset_manager.py", line 101, in init_database
    conn.execute("ALTER TABLE assets ADD COLUMN fqdn TEXT DEFAULT ''")
    ~~~~~~~~~~~~^^^^^^^^^^^^^^^^^^^^^^^^^^^^^^^^^^^^^^^^^^^^^^^^^^^^^^
sqlite3.OperationalError: duplicate column name: fqdn
2026-05-19 09:01:56 - huginn - DEBUG - Suppressed exception
Traceback (most recent call last):
  File "c:\Users\allie\Coding Projects\huggin_suite\huginn\app\core\asset_manager.py", line 108, in init_database
    conn.execute("ALTER TABLE assets ADD COLUMN mac_address TEXT DEFAULT ''")
    ~~~~~~~~~~~~^^^^^^^^^^^^^^^^^^^^^^^^^^^^^^^^^^^^^^^^^^^^^^^^^^^^^^^^^^^^^
sqlite3.OperationalError: duplicate column name: mac_address
2026-05-19 09:01:56 - huginn - DEBUG - Suppressed exception
Traceback (most recent call last):
  File "c:\Users\allie\Coding Projects\huggin_suite\huginn\app\core\asset_manager.py", line 115, in init_database
    conn.execute("ALTER TABLE assets ADD COLUMN vendor TEXT DEFAULT ''")
    ~~~~~~~~~~~~^^^^^^^^^^^^^^^^^^^^^^^^^^^^^^^^^^^^^^^^^^^^^^^^^^^^^^^^
sqlite3.OperationalError: duplicate column name: vendor
2026-05-19 09:01:56 - huginn - DEBUG - Suppressed exception
Traceback (most recent call last):
  File "c:\Users\allie\Coding Projects\huggin_suite\huginn\app\core\asset_manager.py", line 122, in init_database
    conn.execute("ALTER TABLE assets ADD COLUMN notes TEXT DEFAULT ''")
    ~~~~~~~~~~~~^^^^^^^^^^^^^^^^^^^^^^^^^^^^^^^^^^^^^^^^^^^^^^^^^^^^^^^
sqlite3.OperationalError: duplicate column name: notes
2026-05-19 09:01:56 - huginn - INFO - Using default configuration
2026-05-19 09:01:58 - huginn - INFO - License saved successfully
2026-05-19 09:01:58 - huginn - INFO - License loaded and validated successfully
2026-05-19 09:02:06 - huginn - INFO - Local DNS server stopped
2026-05-19 09:02:06 - huginn - INFO - local_dns_server stopped
2026-05-19 09:02:06 - huginn - INFO - VPN connection terminated
2026-05-19 09:02:06 - huginn - INFO - vpn_manager disconnected
2026-05-19 09:02:06 - huginn - DEBUG - Memory monitoring stopped
2026-05-19 09:02:06 - huginn - DEBUG - Connection pool closed all sessions
2026-05-19 09:02:06 - huginn - INFO - Update manager stopped during cleanup
2026-05-19 09:02:33 - huginn - INFO - License saved successfully
2026-05-19 09:02:33 - huginn - INFO - License loaded and validated successfully
2026-05-19 09:02:33 - huginn - INFO - Application starting...
2026-05-19 09:02:33 - huginn - INFO - Font loaded successfully
2026-05-19 09:02:33 - huginn - INFO - Stylesheet loaded successfully
2026-05-19 09:02:33 - huginn - INFO - Creating main window...
2026-05-19 09:02:33 - huginn - INFO - QThreadPool max threads set to 32 (CPUs: 32)
2026-05-19 09:02:33 - huginn - INFO - Custom font 'Neuropol X' loaded from C:\Users\allie\Coding Projects\huggin_suite\huginn\resources\fonts\neuropol.otf
2026-05-19 09:02:33 - huginn - DEBUG - Suppressed exception
Traceback (most recent call last):
  File "C:\Users\allie\Coding Projects\huggin_suite\huginn\app\pages\page_registry.py", line 45, in register_all_pages
    from app.pages.db_attacks_page import DBAttacksPage
ImportError: cannot import name 'DBAttacksPage' from 'app.pages.db_attacks_page' (C:\Users\allie\Coding Projects\huggin_suite\huginn\app\pages\db_attacks_page.py)
2026-05-19 09:02:44 - huginn - INFO - VPN connection terminated
2026-05-19 09:02:44 - huginn - INFO - OpenVPN connection started with config: C:/Users/allie/Downloads/machines_au-1 (1).ovpn
2026-05-19 09:02:45 - huginn - DEBUG - OpenVPN: 2026-05-19 09:02:44 Note: --data-ciphers-fallback with cipher 'AES-128-CBC' disables data channel offload.
2026-05-19 09:02:45 - huginn - DEBUG - OpenVPN: 2026-05-19 09:02:44 OpenVPN 2.6.14 [git:none/0169b4ad2bb35d2c] Windows [SSL (OpenSSL)] [LZO] [LZ4] [PKCS11] [AEAD] [DCO] built on Jun 19 2025
2026-05-19 09:02:45 - huginn - DEBUG - OpenVPN: 2026-05-19 09:02:44 Windows version 10.0 (Windows 10 or greater), amd64 executable
2026-05-19 09:02:45 - huginn - DEBUG - OpenVPN: 2026-05-19 09:02:44 library versions: OpenSSL 3.5.0 8 Apr 2025, LZO 2.10
2026-05-19 09:02:45 - huginn - DEBUG - OpenVPN: 2026-05-19 09:02:44 DCO version: N/A
2026-05-19 09:02:45 - huginn - DEBUG - OpenVPN: 2026-05-19 09:02:44 TCP/UDP: Preserving recently used remote address: [AF_INET]206.148.40.161:1337
2026-05-19 09:02:45 - huginn - DEBUG - OpenVPN: 2026-05-19 09:02:44 Socket Buffers: R=[65536->65536] S=[65536->65536]
2026-05-19 09:02:45 - huginn - DEBUG - OpenVPN: 2026-05-19 09:02:44 UDPv4 link local: (not bound)
2026-05-19 09:02:45 - huginn - DEBUG - OpenVPN: 2026-05-19 09:02:44 UDPv4 link remote: [AF_INET]206.148.40.161:1337
2026-05-19 09:02:45 - huginn - DEBUG - OpenVPN: 2026-05-19 09:02:44 TLS: Initial packet from [AF_INET]206.148.40.161:1337, sid=25cd6ddd c2a96d83
2026-05-19 09:02:45 - huginn - DEBUG - OpenVPN: 2026-05-19 09:02:44 VERIFY OK: depth=2, C=GR, O=Hack The Box, OU=Systems, CN=HTB VPN: Root Certificate Authority
2026-05-19 09:02:45 - huginn - DEBUG - OpenVPN: 2026-05-19 09:02:44 VERIFY OK: depth=1, C=GR, O=Hack The Box, OU=Systems, CN=HTB VPN: au-free-1 Issuing CA
2026-05-19 09:02:45 - huginn - DEBUG - OpenVPN: 2026-05-19 09:02:44 VERIFY KU OK
2026-05-19 09:02:45 - huginn - DEBUG - OpenVPN: 2026-05-19 09:02:44 Validating certificate extended key usage
2026-05-19 09:02:45 - huginn - DEBUG - OpenVPN: 2026-05-19 09:02:44 ++ Certificate has EKU (str) TLS Web Client Authentication, expects TLS Web Server Authentication
2026-05-19 09:02:45 - huginn - DEBUG - OpenVPN: 2026-05-19 09:02:44 ++ Certificate has EKU (oid) 1.3.6.1.5.5.7.3.2, expects TLS Web Server Authentication
2026-05-19 09:02:45 - huginn - DEBUG - OpenVPN: 2026-05-19 09:02:44 ++ Certificate has EKU (str) TLS Web Server Authentication, expects TLS Web Server Authentication
2026-05-19 09:02:45 - huginn - DEBUG - OpenVPN: 2026-05-19 09:02:44 VERIFY EKU OK
2026-05-19 09:02:45 - huginn - DEBUG - OpenVPN: 2026-05-19 09:02:44 VERIFY OK: depth=0, C=GR, O=Hack The Box, OU=Systems, CN=au-free-1
2026-05-19 09:02:45 - huginn - DEBUG - OpenVPN: 2026-05-19 09:02:45 Control Channel: TLSv1.3, cipher TLSv1.3 TLS_AES_256_GCM_SHA384, peer certificate: 256 bits ED25519, signature: ED25519, peer temporary key: 253 bits X25519
2026-05-19 09:02:45 - huginn - DEBUG - OpenVPN: 2026-05-19 09:02:45 [au-free-1] Peer Connection Initiated with [AF_INET]206.148.40.161:1337
2026-05-19 09:02:45 - huginn - DEBUG - OpenVPN: 2026-05-19 09:02:45 TLS: move_session: dest=TM_ACTIVE src=TM_INITIAL reinit_src=1
2026-05-19 09:02:45 - huginn - DEBUG - OpenVPN: 2026-05-19 09:02:45 TLS: tls_multi_process: initial untrusted session promoted to trusted
2026-05-19 09:02:46 - huginn - DEBUG - OpenVPN: 2026-05-19 09:02:46 SENT CONTROL [au-free-1]: 'PUSH_REQUEST' (status=1)
2026-05-19 09:02:46 - huginn - DEBUG - OpenVPN: 2026-05-19 09:02:46 PUSH: Received control message: 'PUSH_REPLY,route 10.10.8.0 255.255.252.0,route 10.129.0.0 255.255.0.0,route-ipv6 dead:beef::/64,explicit-exit-notify,tun-ipv6,route-gateway 10.10.14.1,topology subnet,ping 10,ping-restart 120,ifconfig-ipv6 dead:beef:2::1016/64 dead:beef:2::1,ifconfig 10.10.14.24 255.255.254.0,peer-id 8,cipher AES-256-CBC,protocol-flags cc-exit tls-ekm dyn-tls-crypt,tun-mtu 1500'
2026-05-19 09:02:46 - huginn - DEBUG - OpenVPN: 2026-05-19 09:02:46 OPTIONS IMPORT: --ifconfig/up options modified
2026-05-19 09:02:46 - huginn - DEBUG - OpenVPN: 2026-05-19 09:02:46 OPTIONS IMPORT: route options modified
2026-05-19 09:02:46 - huginn - DEBUG - OpenVPN: 2026-05-19 09:02:46 OPTIONS IMPORT: route-related options modified
2026-05-19 09:02:46 - huginn - DEBUG - OpenVPN: 2026-05-19 09:02:46 OPTIONS IMPORT: tun-mtu set to 1500
2026-05-19 09:02:46 - huginn - DEBUG - OpenVPN: 2026-05-19 09:02:46 interactive service msg_channel=0
2026-05-19 09:02:46 - huginn - DEBUG - OpenVPN: 2026-05-19 09:02:46 ROUTE_GATEWAY 192.168.1.1/255.255.255.0 I=23 HWADDR=88:d8:2e:79:0c:48
2026-05-19 09:02:46 - huginn - DEBUG - OpenVPN: 2026-05-19 09:02:46 GDG6: remote_host_ipv6=n/a
2026-05-19 09:02:46 - huginn - DEBUG - OpenVPN: 2026-05-19 09:02:46 NOTE: GetBestInterfaceEx returned error: Element not found.   (code=1168)
2026-05-19 09:02:46 - huginn - DEBUG - OpenVPN: 2026-05-19 09:02:46 ROUTE6: default_gateway=UNDEF
2026-05-19 09:02:46 - huginn - DEBUG - OpenVPN: 2026-05-19 09:02:46 open_tun
2026-05-19 09:02:46 - huginn - DEBUG - OpenVPN: 2026-05-19 09:02:46 tap-windows6 device [OpenVPN TAP-Windows6] opened
2026-05-19 09:02:46 - huginn - DEBUG - OpenVPN: 2026-05-19 09:02:46 TAP-Windows Driver Version 9.27
2026-05-19 09:02:46 - huginn - DEBUG - OpenVPN: 2026-05-19 09:02:46 Set TAP-Windows TUN subnet mode network/local/netmask = 10.10.14.0/10.10.14.24/255.255.254.0 [SUCCEEDED]
2026-05-19 09:02:46 - huginn - DEBUG - OpenVPN: 2026-05-19 09:02:46 Notified TAP-Windows driver to set a DHCP IP/netmask of 10.10.14.24/255.255.254.0 on interface {9624926F-3F6E-402F-BBEF-68BB8BB5B777} [DHCP-serv: 10.10.14.0, lease-time: 31536000]
2026-05-19 09:02:46 - huginn - DEBUG - OpenVPN: 2026-05-19 09:02:46 Successful ARP Flush on interface [18] {9624926F-3F6E-402F-BBEF-68BB8BB5B777}
2026-05-19 09:02:46 - huginn - DEBUG - OpenVPN: 2026-05-19 09:02:46 IPv4 MTU set to 1500 on interface 18 using SetIpInterfaceEntry()
2026-05-19 09:02:46 - huginn - DEBUG - OpenVPN: 2026-05-19 09:02:46 NETSH: C:\WINDOWS\system32\netsh.exe interface ipv6 set address 18 dead:beef:2::1016/128 store=active
2026-05-19 09:02:47 - huginn - DEBUG - OpenVPN: 2026-05-19 09:02:46 add_route_ipv6(dead:beef:2::/64 -> dead:beef:2::1016 metric 0) IF 18
2026-05-19 09:02:47 - huginn - DEBUG - OpenVPN: 2026-05-19 09:02:46 IPv6 route addition using ipapi failed because route exists
2026-05-19 09:02:47 - huginn - DEBUG - OpenVPN: 2026-05-19 09:02:46 NETSH: C:\WINDOWS\system32\netsh.exe interface ipv6 delete dns 18 all
2026-05-19 09:02:47 - huginn - DEBUG - OpenVPN: 2026-05-19 09:02:46 IPv6 MTU set to 1500 on interface 18 using SetIpInterfaceEntry()
2026-05-19 09:02:47 - huginn - DEBUG - OpenVPN: 2026-05-19 09:02:46 Data Channel: cipher 'AES-256-CBC', auth 'SHA256', peer-id: 8, compression: 'lzo'
2026-05-19 09:02:47 - huginn - DEBUG - OpenVPN: 2026-05-19 09:02:46 Timers: ping 10, ping-restart 120
2026-05-19 09:02:47 - huginn - DEBUG - OpenVPN: 2026-05-19 09:02:46 Protocol options: explicit-exit-notify 1, protocol-flags cc-exit tls-ekm dyn-tls-crypt
2026-05-19 09:02:51 - huginn - DEBUG - OpenVPN: 2026-05-19 09:02:51 TEST ROUTES: 2/2 succeeded len=2 ret=1 a=0 u/d=up
2026-05-19 09:02:51 - huginn - DEBUG - OpenVPN: 2026-05-19 09:02:51 C:\WINDOWS\system32\route.exe ADD 10.10.8.0 MASK 255.255.252.0 10.10.14.1
2026-05-19 09:02:51 - huginn - DEBUG - OpenVPN: 2026-05-19 09:02:51 Route addition via ipapi [adaptive] failed because route exists
2026-05-19 09:02:51 - huginn - DEBUG - OpenVPN: 2026-05-19 09:02:51 C:\WINDOWS\system32\route.exe ADD 10.129.0.0 MASK 255.255.0.0 10.10.14.1
2026-05-19 09:02:51 - huginn - DEBUG - OpenVPN: 2026-05-19 09:02:51 Route addition via ipapi [adaptive] failed because route exists
2026-05-19 09:02:51 - huginn - DEBUG - OpenVPN: 2026-05-19 09:02:51 add_route_ipv6(dead:beef::/64 -> dead:beef:2::1 metric -1) IF 18
2026-05-19 09:02:51 - huginn - DEBUG - OpenVPN: 2026-05-19 09:02:51 IPv6 route addition using ipapi failed because route exists
2026-05-19 09:02:51 - huginn - DEBUG - OpenVPN: 2026-05-19 09:02:51 Initialization Sequence Completed
2026-05-19 09:02:57 - huginn - INFO - DNS server changed to: LocalDNS
2026-05-19 09:02:57 - huginn - INFO - Local DNS server started on port 53530
2026-05-19 09:03:03 - huginn - DEBUG - Wireless security tab unavailable
Traceback (most recent call last):
  File "C:\Users\allie\Coding Projects\huggin_suite\huginn\app\pages\recon_enumeration_page.py", line 99, in setup_ui
    wireless_tab = WirelessSecurityWidget(self)
  File "C:\Users\allie\Coding Projects\huggin_suite\huginn\app\widgets\wireless_security_widget.py", line 52, in __init__
    self.connect_signals()
    ~~~~~~~~~~~~~~~~~~~~^^
  File "C:\Users\allie\Coding Projects\huggin_suite\huginn\app\widgets\wireless_security_widget.py", line 303, in connect_signals
    self.generate_report_btn.clicked.connect(self.generate_report)
    ^^^^^^^^^^^^^^^^^^^^^^^^
AttributeError: 'WirelessSecurityWidget' object has no attribute 'generate_report_btn'. Did you mean: 'generate_report'?
2026-05-19 09:03:04 - huginn - DEBUG - Suppressed exception
Traceback (most recent call last):
  File "C:\Users\allie\Coding Projects\huggin_suite\huginn\app\core\asset_manager.py", line 101, in init_database
    conn.execute("ALTER TABLE assets ADD COLUMN fqdn TEXT DEFAULT ''")
    ~~~~~~~~~~~~^^^^^^^^^^^^^^^^^^^^^^^^^^^^^^^^^^^^^^^^^^^^^^^^^^^^^^
sqlite3.OperationalError: duplicate column name: fqdn
2026-05-19 09:03:04 - huginn - DEBUG - Suppressed exception
Traceback (most recent call last):
  File "C:\Users\allie\Coding Projects\huggin_suite\huginn\app\core\asset_manager.py", line 108, in init_database
    conn.execute("ALTER TABLE assets ADD COLUMN mac_address TEXT DEFAULT ''")
    ~~~~~~~~~~~~^^^^^^^^^^^^^^^^^^^^^^^^^^^^^^^^^^^^^^^^^^^^^^^^^^^^^^^^^^^^^
sqlite3.OperationalError: duplicate column name: mac_address
2026-05-19 09:03:04 - huginn - DEBUG - Suppressed exception
Traceback (most recent call last):
  File "C:\Users\allie\Coding Projects\huggin_suite\huginn\app\core\asset_manager.py", line 115, in init_database
    conn.execute("ALTER TABLE assets ADD COLUMN vendor TEXT DEFAULT ''")
    ~~~~~~~~~~~~^^^^^^^^^^^^^^^^^^^^^^^^^^^^^^^^^^^^^^^^^^^^^^^^^^^^^^^^
sqlite3.OperationalError: duplicate column name: vendor
2026-05-19 09:03:04 - huginn - DEBUG - Suppressed exception
Traceback (most recent call last):
  File "C:\Users\allie\Coding Projects\huggin_suite\huginn\app\core\asset_manager.py", line 122, in init_database
    conn.execute("ALTER TABLE assets ADD COLUMN notes TEXT DEFAULT ''")
    ~~~~~~~~~~~~^^^^^^^^^^^^^^^^^^^^^^^^^^^^^^^^^^^^^^^^^^^^^^^^^^^^^^^
sqlite3.OperationalError: duplicate column name: notes
2026-05-19 09:05:37 - huginn - DEBUG - Suppressed exception
Traceback (most recent call last):
  File "c:\Users\allie\Coding Projects\huggin_suite\huginn\app\core\asset_manager.py", line 101, in init_database
    conn.execute("ALTER TABLE assets ADD COLUMN fqdn TEXT DEFAULT ''")
    ~~~~~~~~~~~~^^^^^^^^^^^^^^^^^^^^^^^^^^^^^^^^^^^^^^^^^^^^^^^^^^^^^^
sqlite3.OperationalError: duplicate column name: fqdn
2026-05-19 09:05:37 - huginn - DEBUG - Suppressed exception
Traceback (most recent call last):
  File "c:\Users\allie\Coding Projects\huggin_suite\huginn\app\core\asset_manager.py", line 108, in init_database
    conn.execute("ALTER TABLE assets ADD COLUMN mac_address TEXT DEFAULT ''")
    ~~~~~~~~~~~~^^^^^^^^^^^^^^^^^^^^^^^^^^^^^^^^^^^^^^^^^^^^^^^^^^^^^^^^^^^^^
sqlite3.OperationalError: duplicate column name: mac_address
2026-05-19 09:05:37 - huginn - DEBUG - Suppressed exception
Traceback (most recent call last):
  File "c:\Users\allie\Coding Projects\huggin_suite\huginn\app\core\asset_manager.py", line 115, in init_database
    conn.execute("ALTER TABLE assets ADD COLUMN vendor TEXT DEFAULT ''")
    ~~~~~~~~~~~~^^^^^^^^^^^^^^^^^^^^^^^^^^^^^^^^^^^^^^^^^^^^^^^^^^^^^^^^
sqlite3.OperationalError: duplicate column name: vendor
2026-05-19 09:05:37 - huginn - DEBUG - Suppressed exception
Traceback (most recent call last):
  File "c:\Users\allie\Coding Projects\huggin_suite\huginn\app\core\asset_manager.py", line 122, in init_database
    conn.execute("ALTER TABLE assets ADD COLUMN notes TEXT DEFAULT ''")
    ~~~~~~~~~~~~^^^^^^^^^^^^^^^^^^^^^^^^^^^^^^^^^^^^^^^^^^^^^^^^^^^^^^^
sqlite3.OperationalError: duplicate column name: notes
2026-05-19 09:05:37 - huginn - INFO - Using default configuration
2026-05-19 09:05:39 - huginn - INFO - License saved successfully
2026-05-19 09:05:39 - huginn - INFO - License loaded and validated successfully
2026-05-19 09:05:50 - huginn - DEBUG - Suppressed exception
Traceback (most recent call last):
  File "c:\Users\allie\Coding Projects\huggin_suite\huginn\app\core\asset_manager.py", line 101, in init_database
    conn.execute("ALTER TABLE assets ADD COLUMN fqdn TEXT DEFAULT ''")
    ~~~~~~~~~~~~^^^^^^^^^^^^^^^^^^^^^^^^^^^^^^^^^^^^^^^^^^^^^^^^^^^^^^
sqlite3.OperationalError: duplicate column name: fqdn
2026-05-19 09:05:50 - huginn - DEBUG - Suppressed exception
Traceback (most recent call last):
  File "c:\Users\allie\Coding Projects\huggin_suite\huginn\app\core\asset_manager.py", line 108, in init_database
    conn.execute("ALTER TABLE assets ADD COLUMN mac_address TEXT DEFAULT ''")
    ~~~~~~~~~~~~^^^^^^^^^^^^^^^^^^^^^^^^^^^^^^^^^^^^^^^^^^^^^^^^^^^^^^^^^^^^^
sqlite3.OperationalError: duplicate column name: mac_address
2026-05-19 09:05:50 - huginn - DEBUG - Suppressed exception
Traceback (most recent call last):
  File "c:\Users\allie\Coding Projects\huggin_suite\huginn\app\core\asset_manager.py", line 115, in init_database
    conn.execute("ALTER TABLE assets ADD COLUMN vendor TEXT DEFAULT ''")
    ~~~~~~~~~~~~^^^^^^^^^^^^^^^^^^^^^^^^^^^^^^^^^^^^^^^^^^^^^^^^^^^^^^^^
sqlite3.OperationalError: duplicate column name: vendor
2026-05-19 09:05:50 - huginn - DEBUG - Suppressed exception
Traceback (most recent call last):
  File "c:\Users\allie\Coding Projects\huggin_suite\huginn\app\core\asset_manager.py", line 122, in init_database
    conn.execute("ALTER TABLE assets ADD COLUMN notes TEXT DEFAULT ''")
    ~~~~~~~~~~~~^^^^^^^^^^^^^^^^^^^^^^^^^^^^^^^^^^^^^^^^^^^^^^^^^^^^^^^
sqlite3.OperationalError: duplicate column name: notes
2026-05-19 09:05:50 - huginn - INFO - Using default configuration
2026-05-19 09:05:52 - huginn - INFO - License saved successfully
2026-05-19 09:05:52 - huginn - INFO - License loaded and validated successfully
2026-05-19 09:06:58 - huginn - DEBUG - OpenVPN: 2026-05-19 09:06:58 [au-free-1] Inactivity timeout (--ping-restart), restarting
2026-05-19 09:06:58 - huginn - DEBUG - OpenVPN: 2026-05-19 09:06:58 SIGUSR1[soft,ping-restart] received, process restarting
2026-05-19 09:06:58 - huginn - DEBUG - OpenVPN: 2026-05-19 09:06:58 Restart pause, 1 second(s)
2026-05-19 09:06:59 - huginn - DEBUG - OpenVPN: 2026-05-19 09:06:59 TCP/UDP: Preserving recently used remote address: [AF_INET]206.148.40.161:1337
2026-05-19 09:06:59 - huginn - DEBUG - OpenVPN: 2026-05-19 09:06:59 Socket Buffers: R=[65536->65536] S=[65536->65536]
2026-05-19 09:06:59 - huginn - DEBUG - OpenVPN: 2026-05-19 09:06:59 UDPv4 link local: (not bound)
2026-05-19 09:06:59 - huginn - DEBUG - OpenVPN: 2026-05-19 09:06:59 UDPv4 link remote: [AF_INET]206.148.40.161:1337
2026-05-19 09:06:59 - huginn - DEBUG - OpenVPN: 2026-05-19 09:06:59 TLS: Initial packet from [AF_INET]206.148.40.161:1337, sid=59269036 75a34c20
2026-05-19 09:06:59 - huginn - DEBUG - OpenVPN: 2026-05-19 09:06:59 VERIFY OK: depth=2, C=GR, O=Hack The Box, OU=Systems, CN=HTB VPN: Root Certificate Authority
2026-05-19 09:06:59 - huginn - DEBUG - OpenVPN: 2026-05-19 09:06:59 VERIFY OK: depth=1, C=GR, O=Hack The Box, OU=Systems, CN=HTB VPN: au-free-1 Issuing CA
2026-05-19 09:06:59 - huginn - DEBUG - OpenVPN: 2026-05-19 09:06:59 VERIFY KU OK
2026-05-19 09:06:59 - huginn - DEBUG - OpenVPN: 2026-05-19 09:06:59 Validating certificate extended key usage
2026-05-19 09:06:59 - huginn - DEBUG - OpenVPN: 2026-05-19 09:06:59 ++ Certificate has EKU (str) TLS Web Client Authentication, expects TLS Web Server Authentication
2026-05-19 09:06:59 - huginn - DEBUG - OpenVPN: 2026-05-19 09:06:59 ++ Certificate has EKU (oid) 1.3.6.1.5.5.7.3.2, expects TLS Web Server Authentication
2026-05-19 09:06:59 - huginn - DEBUG - OpenVPN: 2026-05-19 09:06:59 ++ Certificate has EKU (str) TLS Web Server Authentication, expects TLS Web Server Authentication
2026-05-19 09:06:59 - huginn - DEBUG - OpenVPN: 2026-05-19 09:06:59 VERIFY EKU OK
2026-05-19 09:06:59 - huginn - DEBUG - OpenVPN: 2026-05-19 09:06:59 VERIFY OK: depth=0, C=GR, O=Hack The Box, OU=Systems, CN=au-free-1
2026-05-19 09:07:00 - huginn - DEBUG - OpenVPN: 2026-05-19 09:07:00 Control Channel: TLSv1.3, cipher TLSv1.3 TLS_AES_256_GCM_SHA384, peer certificate: 256 bits ED25519, signature: ED25519, peer temporary key: 253 bits X25519
2026-05-19 09:07:00 - huginn - DEBUG - OpenVPN: 2026-05-19 09:07:00 [au-free-1] Peer Connection Initiated with [AF_INET]206.148.40.161:1337
2026-05-19 09:07:00 - huginn - DEBUG - OpenVPN: 2026-05-19 09:07:00 TLS: move_session: dest=TM_ACTIVE src=TM_INITIAL reinit_src=1
2026-05-19 09:07:00 - huginn - DEBUG - OpenVPN: 2026-05-19 09:07:00 TLS: tls_multi_process: initial untrusted session promoted to trusted
2026-05-19 09:07:00 - huginn - INFO - Local DNS server stopped
2026-05-19 09:07:00 - huginn - INFO - local_dns_server stopped
2026-05-19 09:07:00 - huginn - INFO - VPN connection terminated
2026-05-19 09:07:00 - huginn - INFO - vpn_manager disconnected
2026-05-19 09:07:00 - huginn - DEBUG - Memory monitoring stopped
2026-05-19 09:07:00 - huginn - DEBUG - Connection pool closed all sessions
2026-05-19 09:07:00 - huginn - INFO - Update manager stopped during cleanup
2026-05-19 09:07:38 - huginn - INFO - License saved successfully
2026-05-19 09:07:38 - huginn - INFO - License loaded and validated successfully
2026-05-19 09:07:38 - huginn - INFO - Application starting...
2026-05-19 09:07:38 - huginn - INFO - Font loaded successfully
2026-05-19 09:07:38 - huginn - INFO - Stylesheet loaded successfully
2026-05-19 09:07:38 - huginn - INFO - Creating main window...
2026-05-19 09:07:38 - huginn - INFO - QThreadPool max threads set to 32 (CPUs: 32)
2026-05-19 09:07:38 - huginn - INFO - Custom font 'Neuropol X' loaded from C:\Users\allie\Coding Projects\huggin_suite\huginn\resources\fonts\neuropol.otf
2026-05-19 09:07:38 - huginn - DEBUG - Suppressed exception
Traceback (most recent call last):
  File "C:\Users\allie\Coding Projects\huggin_suite\huginn\app\pages\page_registry.py", line 45, in register_all_pages
    from app.pages.db_attacks_page import DBAttacksPage
ImportError: cannot import name 'DBAttacksPage' from 'app.pages.db_attacks_page' (C:\Users\allie\Coding Projects\huggin_suite\huginn\app\pages\db_attacks_page.py)
2026-05-19 09:07:42 - huginn - DEBUG - Wireless security tab unavailable
Traceback (most recent call last):
  File "C:\Users\allie\Coding Projects\huggin_suite\huginn\app\pages\recon_enumeration_page.py", line 99, in setup_ui
    wireless_tab = WirelessSecurityWidget(self)
  File "C:\Users\allie\Coding Projects\huggin_suite\huginn\app\widgets\wireless_security_widget.py", line 52, in __init__
    self.connect_signals()
    ~~~~~~~~~~~~~~~~~~~~^^
  File "C:\Users\allie\Coding Projects\huggin_suite\huginn\app\widgets\wireless_security_widget.py", line 303, in connect_signals
    self.generate_report_btn.clicked.connect(self.generate_report)
    ^^^^^^^^^^^^^^^^^^^^^^^^
AttributeError: 'WirelessSecurityWidget' object has no attribute 'generate_report_btn'. Did you mean: 'generate_report'?
2026-05-19 09:07:43 - huginn - DEBUG - Suppressed exception
Traceback (most recent call last):
  File "C:\Users\allie\Coding Projects\huggin_suite\huginn\app\core\asset_manager.py", line 101, in init_database
    conn.execute("ALTER TABLE assets ADD COLUMN fqdn TEXT DEFAULT ''")
    ~~~~~~~~~~~~^^^^^^^^^^^^^^^^^^^^^^^^^^^^^^^^^^^^^^^^^^^^^^^^^^^^^^
sqlite3.OperationalError: duplicate column name: fqdn
2026-05-19 09:07:43 - huginn - DEBUG - Suppressed exception
Traceback (most recent call last):
  File "C:\Users\allie\Coding Projects\huggin_suite\huginn\app\core\asset_manager.py", line 108, in init_database
    conn.execute("ALTER TABLE assets ADD COLUMN mac_address TEXT DEFAULT ''")
    ~~~~~~~~~~~~^^^^^^^^^^^^^^^^^^^^^^^^^^^^^^^^^^^^^^^^^^^^^^^^^^^^^^^^^^^^^
sqlite3.OperationalError: duplicate column name: mac_address
2026-05-19 09:07:43 - huginn - DEBUG - Suppressed exception
Traceback (most recent call last):
  File "C:\Users\allie\Coding Projects\huggin_suite\huginn\app\core\asset_manager.py", line 115, in init_database
    conn.execute("ALTER TABLE assets ADD COLUMN vendor TEXT DEFAULT ''")
    ~~~~~~~~~~~~^^^^^^^^^^^^^^^^^^^^^^^^^^^^^^^^^^^^^^^^^^^^^^^^^^^^^^^^
sqlite3.OperationalError: duplicate column name: vendor
2026-05-19 09:07:43 - huginn - DEBUG - Suppressed exception
Traceback (most recent call last):
  File "C:\Users\allie\Coding Projects\huggin_suite\huginn\app\core\asset_manager.py", line 122, in init_database
    conn.execute("ALTER TABLE assets ADD COLUMN notes TEXT DEFAULT ''")
    ~~~~~~~~~~~~^^^^^^^^^^^^^^^^^^^^^^^^^^^^^^^^^^^^^^^^^^^^^^^^^^^^^^^
sqlite3.OperationalError: duplicate column name: notes
2026-05-19 09:08:59 - huginn - DEBUG - Memory monitoring stopped
2026-05-19 09:08:59 - huginn - DEBUG - Connection pool closed all sessions
2026-05-19 09:08:59 - huginn - INFO - Update manager stopped during cleanup
2026-05-19 09:09:20 - huginn - DEBUG - Suppressed exception
Traceback (most recent call last):
  File "c:\Users\allie\Coding Projects\huggin_suite\huginn\app\core\asset_manager.py", line 101, in init_database
    conn.execute("ALTER TABLE assets ADD COLUMN fqdn TEXT DEFAULT ''")
    ~~~~~~~~~~~~^^^^^^^^^^^^^^^^^^^^^^^^^^^^^^^^^^^^^^^^^^^^^^^^^^^^^^
sqlite3.OperationalError: duplicate column name: fqdn
2026-05-19 09:09:20 - huginn - DEBUG - Suppressed exception
Traceback (most recent call last):
  File "c:\Users\allie\Coding Projects\huggin_suite\huginn\app\core\asset_manager.py", line 108, in init_database
    conn.execute("ALTER TABLE assets ADD COLUMN mac_address TEXT DEFAULT ''")
    ~~~~~~~~~~~~^^^^^^^^^^^^^^^^^^^^^^^^^^^^^^^^^^^^^^^^^^^^^^^^^^^^^^^^^^^^^
sqlite3.OperationalError: duplicate column name: mac_address
2026-05-19 09:09:20 - huginn - DEBUG - Suppressed exception
Traceback (most recent call last):
  File "c:\Users\allie\Coding Projects\huggin_suite\huginn\app\core\asset_manager.py", line 115, in init_database
    conn.execute("ALTER TABLE assets ADD COLUMN vendor TEXT DEFAULT ''")
    ~~~~~~~~~~~~^^^^^^^^^^^^^^^^^^^^^^^^^^^^^^^^^^^^^^^^^^^^^^^^^^^^^^^^
sqlite3.OperationalError: duplicate column name: vendor
2026-05-19 09:09:20 - huginn - DEBUG - Suppressed exception
Traceback (most recent call last):
  File "c:\Users\allie\Coding Projects\huggin_suite\huginn\app\core\asset_manager.py", line 122, in init_database
    conn.execute("ALTER TABLE assets ADD COLUMN notes TEXT DEFAULT ''")
    ~~~~~~~~~~~~^^^^^^^^^^^^^^^^^^^^^^^^^^^^^^^^^^^^^^^^^^^^^^^^^^^^^^^
sqlite3.OperationalError: duplicate column name: notes
2026-05-19 09:09:20 - huginn - INFO - Using default configuration
2026-05-19 09:09:23 - huginn - INFO - License saved successfully
2026-05-19 09:09:23 - huginn - INFO - License loaded and validated successfully
2026-05-19 09:09:49 - huginn - DEBUG - Suppressed exception
Traceback (most recent call last):
  File "c:\Users\allie\Coding Projects\huggin_suite\huginn\app\core\asset_manager.py", line 101, in init_database
    conn.execute("ALTER TABLE assets ADD COLUMN fqdn TEXT DEFAULT ''")
    ~~~~~~~~~~~~^^^^^^^^^^^^^^^^^^^^^^^^^^^^^^^^^^^^^^^^^^^^^^^^^^^^^^
sqlite3.OperationalError: duplicate column name: fqdn
2026-05-19 09:09:49 - huginn - DEBUG - Suppressed exception
Traceback (most recent call last):
  File "c:\Users\allie\Coding Projects\huggin_suite\huginn\app\core\asset_manager.py", line 108, in init_database
    conn.execute("ALTER TABLE assets ADD COLUMN mac_address TEXT DEFAULT ''")
    ~~~~~~~~~~~~^^^^^^^^^^^^^^^^^^^^^^^^^^^^^^^^^^^^^^^^^^^^^^^^^^^^^^^^^^^^^
sqlite3.OperationalError: duplicate column name: mac_address
2026-05-19 09:09:49 - huginn - DEBUG - Suppressed exception
Traceback (most recent call last):
  File "c:\Users\allie\Coding Projects\huggin_suite\huginn\app\core\asset_manager.py", line 115, in init_database
    conn.execute("ALTER TABLE assets ADD COLUMN vendor TEXT DEFAULT ''")
    ~~~~~~~~~~~~^^^^^^^^^^^^^^^^^^^^^^^^^^^^^^^^^^^^^^^^^^^^^^^^^^^^^^^^
sqlite3.OperationalError: duplicate column name: vendor
2026-05-19 09:09:49 - huginn - DEBUG - Suppressed exception
Traceback (most recent call last):
  File "c:\Users\allie\Coding Projects\huggin_suite\huginn\app\core\asset_manager.py", line 122, in init_database
    conn.execute("ALTER TABLE assets ADD COLUMN notes TEXT DEFAULT ''")
    ~~~~~~~~~~~~^^^^^^^^^^^^^^^^^^^^^^^^^^^^^^^^^^^^^^^^^^^^^^^^^^^^^^^
sqlite3.OperationalError: duplicate column name: notes
2026-05-19 09:09:49 - huginn - INFO - Using default configuration
2026-05-19 09:09:51 - huginn - INFO - License saved successfully
2026-05-19 09:09:51 - huginn - INFO - License loaded and validated successfully
2026-05-19 09:10:09 - huginn - DEBUG - Suppressed exception
Traceback (most recent call last):
  File "c:\Users\allie\Coding Projects\huggin_suite\huginn\app\core\asset_manager.py", line 101, in init_database
    conn.execute("ALTER TABLE assets ADD COLUMN fqdn TEXT DEFAULT ''")
    ~~~~~~~~~~~~^^^^^^^^^^^^^^^^^^^^^^^^^^^^^^^^^^^^^^^^^^^^^^^^^^^^^^
sqlite3.OperationalError: duplicate column name: fqdn
2026-05-19 09:10:09 - huginn - DEBUG - Suppressed exception
Traceback (most recent call last):
  File "c:\Users\allie\Coding Projects\huggin_suite\huginn\app\core\asset_manager.py", line 108, in init_database
    conn.execute("ALTER TABLE assets ADD COLUMN mac_address TEXT DEFAULT ''")
    ~~~~~~~~~~~~^^^^^^^^^^^^^^^^^^^^^^^^^^^^^^^^^^^^^^^^^^^^^^^^^^^^^^^^^^^^^
sqlite3.OperationalError: duplicate column name: mac_address
2026-05-19 09:10:09 - huginn - DEBUG - Suppressed exception
Traceback (most recent call last):
  File "c:\Users\allie\Coding Projects\huggin_suite\huginn\app\core\asset_manager.py", line 115, in init_database
    conn.execute("ALTER TABLE assets ADD COLUMN vendor TEXT DEFAULT ''")
    ~~~~~~~~~~~~^^^^^^^^^^^^^^^^^^^^^^^^^^^^^^^^^^^^^^^^^^^^^^^^^^^^^^^^
sqlite3.OperationalError: duplicate column name: vendor
2026-05-19 09:10:09 - huginn - DEBUG - Suppressed exception
Traceback (most recent call last):
  File "c:\Users\allie\Coding Projects\huggin_suite\huginn\app\core\asset_manager.py", line 122, in init_database
    conn.execute("ALTER TABLE assets ADD COLUMN notes TEXT DEFAULT ''")
    ~~~~~~~~~~~~^^^^^^^^^^^^^^^^^^^^^^^^^^^^^^^^^^^^^^^^^^^^^^^^^^^^^^^
sqlite3.OperationalError: duplicate column name: notes
2026-05-19 09:10:09 - huginn - INFO - Using default configuration
2026-05-19 09:10:12 - huginn - INFO - License saved successfully
2026-05-19 09:10:12 - huginn - INFO - License loaded and validated successfully
2026-05-19 09:11:05 - huginn - DEBUG - Suppressed exception
Traceback (most recent call last):
  File "c:\Users\allie\Coding Projects\huggin_suite\huginn\app\core\asset_manager.py", line 101, in init_database
    conn.execute("ALTER TABLE assets ADD COLUMN fqdn TEXT DEFAULT ''")
    ~~~~~~~~~~~~^^^^^^^^^^^^^^^^^^^^^^^^^^^^^^^^^^^^^^^^^^^^^^^^^^^^^^
sqlite3.OperationalError: duplicate column name: fqdn
2026-05-19 09:11:05 - huginn - DEBUG - Suppressed exception
Traceback (most recent call last):
  File "c:\Users\allie\Coding Projects\huggin_suite\huginn\app\core\asset_manager.py", line 108, in init_database
    conn.execute("ALTER TABLE assets ADD COLUMN mac_address TEXT DEFAULT ''")
    ~~~~~~~~~~~~^^^^^^^^^^^^^^^^^^^^^^^^^^^^^^^^^^^^^^^^^^^^^^^^^^^^^^^^^^^^^
sqlite3.OperationalError: duplicate column name: mac_address
2026-05-19 09:11:05 - huginn - DEBUG - Suppressed exception
Traceback (most recent call last):
  File "c:\Users\allie\Coding Projects\huggin_suite\huginn\app\core\asset_manager.py", line 115, in init_database
    conn.execute("ALTER TABLE assets ADD COLUMN vendor TEXT DEFAULT ''")
    ~~~~~~~~~~~~^^^^^^^^^^^^^^^^^^^^^^^^^^^^^^^^^^^^^^^^^^^^^^^^^^^^^^^^
sqlite3.OperationalError: duplicate column name: vendor
2026-05-19 09:11:05 - huginn - DEBUG - Suppressed exception
Traceback (most recent call last):
  File "c:\Users\allie\Coding Projects\huggin_suite\huginn\app\core\asset_manager.py", line 122, in init_database
    conn.execute("ALTER TABLE assets ADD COLUMN notes TEXT DEFAULT ''")
    ~~~~~~~~~~~~^^^^^^^^^^^^^^^^^^^^^^^^^^^^^^^^^^^^^^^^^^^^^^^^^^^^^^^
sqlite3.OperationalError: duplicate column name: notes
2026-05-19 09:11:05 - huginn - INFO - Using default configuration
2026-05-19 09:11:07 - huginn - INFO - License saved successfully
2026-05-19 09:11:07 - huginn - INFO - License loaded and validated successfully
2026-05-19 09:11:30 - huginn - DEBUG - Suppressed exception
Traceback (most recent call last):
  File "c:\Users\allie\Coding Projects\huggin_suite\huginn\app\core\asset_manager.py", line 101, in init_database
    conn.execute("ALTER TABLE assets ADD COLUMN fqdn TEXT DEFAULT ''")
    ~~~~~~~~~~~~^^^^^^^^^^^^^^^^^^^^^^^^^^^^^^^^^^^^^^^^^^^^^^^^^^^^^^
sqlite3.OperationalError: duplicate column name: fqdn
2026-05-19 09:11:30 - huginn - DEBUG - Suppressed exception
Traceback (most recent call last):
  File "c:\Users\allie\Coding Projects\huggin_suite\huginn\app\core\asset_manager.py", line 108, in init_database
    conn.execute("ALTER TABLE assets ADD COLUMN mac_address TEXT DEFAULT ''")
    ~~~~~~~~~~~~^^^^^^^^^^^^^^^^^^^^^^^^^^^^^^^^^^^^^^^^^^^^^^^^^^^^^^^^^^^^^
sqlite3.OperationalError: duplicate column name: mac_address
2026-05-19 09:11:30 - huginn - DEBUG - Suppressed exception
Traceback (most recent call last):
  File "c:\Users\allie\Coding Projects\huggin_suite\huginn\app\core\asset_manager.py", line 115, in init_database
    conn.execute("ALTER TABLE assets ADD COLUMN vendor TEXT DEFAULT ''")
    ~~~~~~~~~~~~^^^^^^^^^^^^^^^^^^^^^^^^^^^^^^^^^^^^^^^^^^^^^^^^^^^^^^^^
sqlite3.OperationalError: duplicate column name: vendor
2026-05-19 09:11:30 - huginn - DEBUG - Suppressed exception
Traceback (most recent call last):
  File "c:\Users\allie\Coding Projects\huggin_suite\huginn\app\core\asset_manager.py", line 122, in init_database
    conn.execute("ALTER TABLE assets ADD COLUMN notes TEXT DEFAULT ''")
    ~~~~~~~~~~~~^^^^^^^^^^^^^^^^^^^^^^^^^^^^^^^^^^^^^^^^^^^^^^^^^^^^^^^
sqlite3.OperationalError: duplicate column name: notes
2026-05-19 09:11:30 - huginn - INFO - Using default configuration
2026-05-19 09:11:32 - huginn - INFO - License saved successfully
2026-05-19 09:11:32 - huginn - INFO - License loaded and validated successfully
2026-05-19 09:11:45 - huginn - DEBUG - Suppressed exception
Traceback (most recent call last):
  File "c:\Users\allie\Coding Projects\huggin_suite\huginn\app\core\asset_manager.py", line 101, in init_database
    conn.execute("ALTER TABLE assets ADD COLUMN fqdn TEXT DEFAULT ''")
    ~~~~~~~~~~~~^^^^^^^^^^^^^^^^^^^^^^^^^^^^^^^^^^^^^^^^^^^^^^^^^^^^^^
sqlite3.OperationalError: duplicate column name: fqdn
2026-05-19 09:11:45 - huginn - DEBUG - Suppressed exception
Traceback (most recent call last):
  File "c:\Users\allie\Coding Projects\huggin_suite\huginn\app\core\asset_manager.py", line 108, in init_database
    conn.execute("ALTER TABLE assets ADD COLUMN mac_address TEXT DEFAULT ''")
    ~~~~~~~~~~~~^^^^^^^^^^^^^^^^^^^^^^^^^^^^^^^^^^^^^^^^^^^^^^^^^^^^^^^^^^^^^
sqlite3.OperationalError: duplicate column name: mac_address
2026-05-19 09:11:45 - huginn - DEBUG - Suppressed exception
Traceback (most recent call last):
  File "c:\Users\allie\Coding Projects\huggin_suite\huginn\app\core\asset_manager.py", line 115, in init_database
    conn.execute("ALTER TABLE assets ADD COLUMN vendor TEXT DEFAULT ''")
    ~~~~~~~~~~~~^^^^^^^^^^^^^^^^^^^^^^^^^^^^^^^^^^^^^^^^^^^^^^^^^^^^^^^^
sqlite3.OperationalError: duplicate column name: vendor
2026-05-19 09:11:45 - huginn - DEBUG - Suppressed exception
Traceback (most recent call last):
  File "c:\Users\allie\Coding Projects\huggin_suite\huginn\app\core\asset_manager.py", line 122, in init_database
    conn.execute("ALTER TABLE assets ADD COLUMN notes TEXT DEFAULT ''")
    ~~~~~~~~~~~~^^^^^^^^^^^^^^^^^^^^^^^^^^^^^^^^^^^^^^^^^^^^^^^^^^^^^^^
sqlite3.OperationalError: duplicate column name: notes
2026-05-19 09:11:46 - huginn - INFO - Using default configuration
2026-05-19 09:11:48 - huginn - INFO - License saved successfully
2026-05-19 09:11:48 - huginn - INFO - License loaded and validated successfully
2026-05-19 09:13:05 - huginn - INFO - License saved successfully
2026-05-19 09:13:05 - huginn - INFO - License loaded and validated successfully
2026-05-19 09:13:05 - huginn - INFO - Application starting...
2026-05-19 09:13:05 - huginn - INFO - Font loaded successfully
2026-05-19 09:13:05 - huginn - INFO - Stylesheet loaded successfully
2026-05-19 09:13:05 - huginn - INFO - Creating main window...
2026-05-19 09:13:05 - huginn - INFO - QThreadPool max threads set to 32 (CPUs: 32)
2026-05-19 09:13:05 - huginn - INFO - Custom font 'Neuropol X' loaded from C:\Users\allie\Coding Projects\huggin_suite\huginn\resources\fonts\neuropol.otf
2026-05-19 09:13:05 - huginn - DEBUG - Suppressed exception
Traceback (most recent call last):
  File "C:\Users\allie\Coding Projects\huggin_suite\huginn\app\pages\page_registry.py", line 45, in register_all_pages
    from app.pages.db_attacks_page import DBAttacksPage
ImportError: cannot import name 'DBAttacksPage' from 'app.pages.db_attacks_page' (C:\Users\allie\Coding Projects\huggin_suite\huginn\app\pages\db_attacks_page.py)
2026-05-19 09:13:20 - huginn - INFO - VPN connection terminated
2026-05-19 09:13:20 - huginn - INFO - OpenVPN connection started with config: C:/Users/allie/Downloads/machines_au-1 (1).ovpn
2026-05-19 09:13:21 - huginn - DEBUG - OpenVPN: 2026-05-19 09:13:20 Note: --data-ciphers-fallback with cipher 'AES-128-CBC' disables data channel offload.
2026-05-19 09:13:21 - huginn - DEBUG - OpenVPN: 2026-05-19 09:13:20 OpenVPN 2.6.14 [git:none/0169b4ad2bb35d2c] Windows [SSL (OpenSSL)] [LZO] [LZ4] [PKCS11] [AEAD] [DCO] built on Jun 19 2025
2026-05-19 09:13:21 - huginn - DEBUG - OpenVPN: 2026-05-19 09:13:20 Windows version 10.0 (Windows 10 or greater), amd64 executable
2026-05-19 09:13:21 - huginn - DEBUG - OpenVPN: 2026-05-19 09:13:20 library versions: OpenSSL 3.5.0 8 Apr 2025, LZO 2.10
2026-05-19 09:13:21 - huginn - DEBUG - OpenVPN: 2026-05-19 09:13:20 DCO version: N/A
2026-05-19 09:13:21 - huginn - DEBUG - OpenVPN: 2026-05-19 09:13:20 TCP/UDP: Preserving recently used remote address: [AF_INET]206.148.40.161:1337
2026-05-19 09:13:21 - huginn - DEBUG - OpenVPN: 2026-05-19 09:13:20 Socket Buffers: R=[65536->65536] S=[65536->65536]
2026-05-19 09:13:21 - huginn - DEBUG - OpenVPN: 2026-05-19 09:13:20 UDPv4 link local: (not bound)
2026-05-19 09:13:21 - huginn - DEBUG - OpenVPN: 2026-05-19 09:13:20 UDPv4 link remote: [AF_INET]206.148.40.161:1337
2026-05-19 09:13:21 - huginn - DEBUG - OpenVPN: 2026-05-19 09:13:20 TLS: Initial packet from [AF_INET]206.148.40.161:1337, sid=b630e7e7 30c5ea8e
2026-05-19 09:13:21 - huginn - DEBUG - OpenVPN: 2026-05-19 09:13:20 VERIFY OK: depth=2, C=GR, O=Hack The Box, OU=Systems, CN=HTB VPN: Root Certificate Authority
2026-05-19 09:13:21 - huginn - DEBUG - OpenVPN: 2026-05-19 09:13:20 VERIFY OK: depth=1, C=GR, O=Hack The Box, OU=Systems, CN=HTB VPN: au-free-1 Issuing CA
2026-05-19 09:13:21 - huginn - DEBUG - OpenVPN: 2026-05-19 09:13:20 VERIFY KU OK
2026-05-19 09:13:21 - huginn - DEBUG - OpenVPN: 2026-05-19 09:13:20 Validating certificate extended key usage
2026-05-19 09:13:21 - huginn - DEBUG - OpenVPN: 2026-05-19 09:13:20 ++ Certificate has EKU (str) TLS Web Client Authentication, expects TLS Web Server Authentication
2026-05-19 09:13:21 - huginn - DEBUG - OpenVPN: 2026-05-19 09:13:20 ++ Certificate has EKU (oid) 1.3.6.1.5.5.7.3.2, expects TLS Web Server Authentication
2026-05-19 09:13:21 - huginn - DEBUG - OpenVPN: 2026-05-19 09:13:20 ++ Certificate has EKU (str) TLS Web Server Authentication, expects TLS Web Server Authentication
2026-05-19 09:13:21 - huginn - DEBUG - OpenVPN: 2026-05-19 09:13:20 VERIFY EKU OK
2026-05-19 09:13:21 - huginn - DEBUG - OpenVPN: 2026-05-19 09:13:20 VERIFY OK: depth=0, C=GR, O=Hack The Box, OU=Systems, CN=au-free-1
2026-05-19 09:13:21 - huginn - DEBUG - OpenVPN: 2026-05-19 09:13:20 Control Channel: TLSv1.3, cipher TLSv1.3 TLS_AES_256_GCM_SHA384, peer certificate: 256 bits ED25519, signature: ED25519, peer temporary key: 253 bits X25519
2026-05-19 09:13:21 - huginn - DEBUG - OpenVPN: 2026-05-19 09:13:20 [au-free-1] Peer Connection Initiated with [AF_INET]206.148.40.161:1337
2026-05-19 09:13:21 - huginn - DEBUG - OpenVPN: 2026-05-19 09:13:20 TLS: move_session: dest=TM_ACTIVE src=TM_INITIAL reinit_src=1
2026-05-19 09:13:21 - huginn - DEBUG - OpenVPN: 2026-05-19 09:13:20 TLS: tls_multi_process: initial untrusted session promoted to trusted
2026-05-19 09:13:22 - huginn - DEBUG - OpenVPN: 2026-05-19 09:13:21 SENT CONTROL [au-free-1]: 'PUSH_REQUEST' (status=1)
2026-05-19 09:13:22 - huginn - DEBUG - OpenVPN: 2026-05-19 09:13:21 PUSH: Received control message: 'PUSH_REPLY,route 10.10.8.0 255.255.252.0,route 10.129.0.0 255.255.0.0,route-ipv6 dead:beef::/64,explicit-exit-notify,tun-ipv6,route-gateway 10.10.14.1,topology subnet,ping 10,ping-restart 120,ifconfig-ipv6 dead:beef:2::1016/64 dead:beef:2::1,ifconfig 10.10.14.24 255.255.254.0,peer-id 4,cipher AES-256-CBC,protocol-flags cc-exit tls-ekm dyn-tls-crypt,tun-mtu 1500'
2026-05-19 09:13:22 - huginn - DEBUG - OpenVPN: 2026-05-19 09:13:21 OPTIONS IMPORT: --ifconfig/up options modified
2026-05-19 09:13:22 - huginn - DEBUG - OpenVPN: 2026-05-19 09:13:21 OPTIONS IMPORT: route options modified
2026-05-19 09:13:22 - huginn - DEBUG - OpenVPN: 2026-05-19 09:13:21 OPTIONS IMPORT: route-related options modified
2026-05-19 09:13:22 - huginn - DEBUG - OpenVPN: 2026-05-19 09:13:21 OPTIONS IMPORT: tun-mtu set to 1500
2026-05-19 09:13:22 - huginn - DEBUG - OpenVPN: 2026-05-19 09:13:21 interactive service msg_channel=0
2026-05-19 09:13:22 - huginn - DEBUG - OpenVPN: 2026-05-19 09:13:21 ROUTE_GATEWAY 192.168.1.1/255.255.255.0 I=23 HWADDR=88:d8:2e:79:0c:48
2026-05-19 09:13:22 - huginn - DEBUG - OpenVPN: 2026-05-19 09:13:21 GDG6: remote_host_ipv6=n/a
2026-05-19 09:13:22 - huginn - DEBUG - OpenVPN: 2026-05-19 09:13:21 NOTE: GetBestInterfaceEx returned error: Element not found.   (code=1168)
2026-05-19 09:13:22 - huginn - DEBUG - OpenVPN: 2026-05-19 09:13:21 ROUTE6: default_gateway=UNDEF
2026-05-19 09:13:22 - huginn - DEBUG - OpenVPN: 2026-05-19 09:13:21 open_tun
2026-05-19 09:13:22 - huginn - DEBUG - OpenVPN: 2026-05-19 09:13:21 tap-windows6 device [OpenVPN TAP-Windows6] opened
2026-05-19 09:13:22 - huginn - DEBUG - OpenVPN: 2026-05-19 09:13:21 TAP-Windows Driver Version 9.27
2026-05-19 09:13:22 - huginn - DEBUG - OpenVPN: 2026-05-19 09:13:21 Set TAP-Windows TUN subnet mode network/local/netmask = 10.10.14.0/10.10.14.24/255.255.254.0 [SUCCEEDED]
2026-05-19 09:13:22 - huginn - DEBUG - OpenVPN: 2026-05-19 09:13:21 Notified TAP-Windows driver to set a DHCP IP/netmask of 10.10.14.24/255.255.254.0 on interface {9624926F-3F6E-402F-BBEF-68BB8BB5B777} [DHCP-serv: 10.10.14.0, lease-time: 31536000]
2026-05-19 09:13:22 - huginn - DEBUG - OpenVPN: 2026-05-19 09:13:21 Successful ARP Flush on interface [18] {9624926F-3F6E-402F-BBEF-68BB8BB5B777}
2026-05-19 09:13:22 - huginn - DEBUG - OpenVPN: 2026-05-19 09:13:21 IPv4 MTU set to 1500 on interface 18 using SetIpInterfaceEntry()
2026-05-19 09:13:22 - huginn - DEBUG - OpenVPN: 2026-05-19 09:13:21 NETSH: C:\WINDOWS\system32\netsh.exe interface ipv6 set address 18 dead:beef:2::1016/128 store=active
2026-05-19 09:13:22 - huginn - DEBUG - OpenVPN: 2026-05-19 09:13:21 add_route_ipv6(dead:beef:2::/64 -> dead:beef:2::1016 metric 0) IF 18
2026-05-19 09:13:22 - huginn - DEBUG - OpenVPN: 2026-05-19 09:13:21 IPv6 route addition using ipapi failed because route exists
2026-05-19 09:13:22 - huginn - DEBUG - OpenVPN: 2026-05-19 09:13:21 NETSH: C:\WINDOWS\system32\netsh.exe interface ipv6 delete dns 18 all
2026-05-19 09:13:22 - huginn - DEBUG - OpenVPN: 2026-05-19 09:13:21 IPv6 MTU set to 1500 on interface 18 using SetIpInterfaceEntry()
2026-05-19 09:13:22 - huginn - DEBUG - OpenVPN: 2026-05-19 09:13:21 Data Channel: cipher 'AES-256-CBC', auth 'SHA256', peer-id: 4, compression: 'lzo'
2026-05-19 09:13:22 - huginn - DEBUG - OpenVPN: 2026-05-19 09:13:21 Timers: ping 10, ping-restart 120
2026-05-19 09:13:22 - huginn - DEBUG - OpenVPN: 2026-05-19 09:13:21 Protocol options: explicit-exit-notify 1, protocol-flags cc-exit tls-ekm dyn-tls-crypt
2026-05-19 09:13:26 - huginn - DEBUG - OpenVPN: 2026-05-19 09:13:26 TEST ROUTES: 2/2 succeeded len=2 ret=1 a=0 u/d=up
2026-05-19 09:13:26 - huginn - DEBUG - OpenVPN: 2026-05-19 09:13:26 C:\WINDOWS\system32\route.exe ADD 10.10.8.0 MASK 255.255.252.0 10.10.14.1
2026-05-19 09:13:26 - huginn - DEBUG - OpenVPN: 2026-05-19 09:13:26 Route addition via ipapi [adaptive] failed because route exists
2026-05-19 09:13:26 - huginn - DEBUG - OpenVPN: 2026-05-19 09:13:26 C:\WINDOWS\system32\route.exe ADD 10.129.0.0 MASK 255.255.0.0 10.10.14.1
2026-05-19 09:13:26 - huginn - DEBUG - OpenVPN: 2026-05-19 09:13:26 Route addition via ipapi [adaptive] failed because route exists
2026-05-19 09:13:26 - huginn - DEBUG - OpenVPN: 2026-05-19 09:13:26 add_route_ipv6(dead:beef::/64 -> dead:beef:2::1 metric -1) IF 18
2026-05-19 09:13:26 - huginn - DEBUG - OpenVPN: 2026-05-19 09:13:26 IPv6 route addition using ipapi failed because route exists
2026-05-19 09:13:26 - huginn - DEBUG - OpenVPN: 2026-05-19 09:13:26 Initialization Sequence Completed
2026-05-19 09:13:35 - huginn - INFO - DNS server changed to: LocalDNS
2026-05-19 09:13:36 - huginn - INFO - Local DNS server started on port 53530
2026-05-19 09:13:40 - huginn - DEBUG - Suppressed exception
Traceback (most recent call last):
  File "C:\Users\allie\Coding Projects\huggin_suite\huginn\app\core\asset_manager.py", line 101, in init_database
    conn.execute("ALTER TABLE assets ADD COLUMN fqdn TEXT DEFAULT ''")
    ~~~~~~~~~~~~^^^^^^^^^^^^^^^^^^^^^^^^^^^^^^^^^^^^^^^^^^^^^^^^^^^^^^
sqlite3.OperationalError: duplicate column name: fqdn
2026-05-19 09:13:40 - huginn - DEBUG - Suppressed exception
Traceback (most recent call last):
  File "C:\Users\allie\Coding Projects\huggin_suite\huginn\app\core\asset_manager.py", line 108, in init_database
    conn.execute("ALTER TABLE assets ADD COLUMN mac_address TEXT DEFAULT ''")
    ~~~~~~~~~~~~^^^^^^^^^^^^^^^^^^^^^^^^^^^^^^^^^^^^^^^^^^^^^^^^^^^^^^^^^^^^^
sqlite3.OperationalError: duplicate column name: mac_address
2026-05-19 09:13:40 - huginn - DEBUG - Suppressed exception
Traceback (most recent call last):
  File "C:\Users\allie\Coding Projects\huggin_suite\huginn\app\core\asset_manager.py", line 115, in init_database
    conn.execute("ALTER TABLE assets ADD COLUMN vendor TEXT DEFAULT ''")
    ~~~~~~~~~~~~^^^^^^^^^^^^^^^^^^^^^^^^^^^^^^^^^^^^^^^^^^^^^^^^^^^^^^^^
sqlite3.OperationalError: duplicate column name: vendor
2026-05-19 09:13:40 - huginn - DEBUG - Suppressed exception
Traceback (most recent call last):
  File "C:\Users\allie\Coding Projects\huggin_suite\huginn\app\core\asset_manager.py", line 122, in init_database
    conn.execute("ALTER TABLE assets ADD COLUMN notes TEXT DEFAULT ''")
    ~~~~~~~~~~~~^^^^^^^^^^^^^^^^^^^^^^^^^^^^^^^^^^^^^^^^^^^^^^^^^^^^^^^
sqlite3.OperationalError: duplicate column name: notes
2026-05-19 09:14:30 - huginn - DEBUG - Suppressed exception
Traceback (most recent call last):
  File "C:\Users\allie\Coding Projects\huggin_suite\huginn\app\core\dns_resolver.py", line 14, in resolve_hostname
    ipaddress.ip_address(hostname)
    ~~~~~~~~~~~~~~~~~~~~^^^^^^^^^^
  File "C:\Users\allie\anaconda3\Lib\ipaddress.py", line 54, in ip_address
    raise ValueError(f'{address!r} does not appear to be an IPv4 or IPv6 address')
ValueError: 'staging.silentium.htb' does not appear to be an IPv4 or IPv6 address
2026-05-19 09:15:27 - huginn - DEBUG - Suppressed exception
Traceback (most recent call last):
  File "C:\Users\allie\Coding Projects\huggin_suite\huginn\app\core\dns_resolver.py", line 14, in resolve_hostname
    ipaddress.ip_address(hostname)
    ~~~~~~~~~~~~~~~~~~~~^^^^^^^^^^
  File "C:\Users\allie\anaconda3\Lib\ipaddress.py", line 54, in ip_address
    raise ValueError(f'{address!r} does not appear to be an IPv4 or IPv6 address')
ValueError: 'staging.silentium.htb' does not appear to be an IPv4 or IPv6 address
2026-05-19 09:15:44 - huginn - DEBUG - Wireless security tab unavailable
Traceback (most recent call last):
  File "C:\Users\allie\Coding Projects\huggin_suite\huginn\app\pages\recon_enumeration_page.py", line 99, in setup_ui
    wireless_tab = WirelessSecurityWidget(self)
  File "C:\Users\allie\Coding Projects\huggin_suite\huginn\app\widgets\wireless_security_widget.py", line 52, in __init__
    self.connect_signals()
    ~~~~~~~~~~~~~~~~~~~~^^
  File "C:\Users\allie\Coding Projects\huggin_suite\huginn\app\widgets\wireless_security_widget.py", line 303, in connect_signals
    self.generate_report_btn.clicked.connect(self.generate_report)
    ^^^^^^^^^^^^^^^^^^^^^^^^
AttributeError: 'WirelessSecurityWidget' object has no attribute 'generate_report_btn'. Did you mean: 'generate_report'?
2026-05-19 09:16:50 - huginn - INFO - Using default configuration
2026-05-19 09:16:50 - huginn - DEBUG - Suppressed exception
Traceback (most recent call last):
  File "C:\Users\allie\Coding Projects\huggin_suite\huginn\app\core\dns_resolver.py", line 14, in resolve_hostname
    ipaddress.ip_address(hostname)
    ~~~~~~~~~~~~~~~~~~~~^^^^^^^^^^
  File "C:\Users\allie\anaconda3\Lib\ipaddress.py", line 54, in ip_address
    raise ValueError(f'{address!r} does not appear to be an IPv4 or IPv6 address')
ValueError: 'staging.silentium.htb' does not appear to be an IPv4 or IPv6 address
2026-05-19 09:17:55 - huginn - DEBUG - Suppressed exception
Traceback (most recent call last):
  File "C:\Users\allie\Coding Projects\huggin_suite\huginn\app\core\dns_resolver.py", line 14, in resolve_hostname
    ipaddress.ip_address(hostname)
    ~~~~~~~~~~~~~~~~~~~~^^^^^^^^^^
  File "C:\Users\allie\anaconda3\Lib\ipaddress.py", line 54, in ip_address
    raise ValueError(f'{address!r} does not appear to be an IPv4 or IPv6 address')
ValueError: 'staging.silentium.htb' does not appear to be an IPv4 or IPv6 address
2026-05-19 09:18:03 - huginn - DEBUG - Suppressed exception
Traceback (most recent call last):
  File "C:\Users\allie\Coding Projects\huggin_suite\huginn\app\core\dns_resolver.py", line 14, in resolve_hostname
    ipaddress.ip_address(hostname)
    ~~~~~~~~~~~~~~~~~~~~^^^^^^^^^^
  File "C:\Users\allie\anaconda3\Lib\ipaddress.py", line 54, in ip_address
    raise ValueError(f'{address!r} does not appear to be an IPv4 or IPv6 address')
ValueError: 'staging.silentium.htb' does not appear to be an IPv4 or IPv6 address
2026-05-19 09:18:08 - huginn - DEBUG - Suppressed exception
Traceback (most recent call last):
  File "C:\Users\allie\Coding Projects\huggin_suite\huginn\app\core\dns_resolver.py", line 14, in resolve_hostname
    ipaddress.ip_address(hostname)
    ~~~~~~~~~~~~~~~~~~~~^^^^^^^^^^
  File "C:\Users\allie\anaconda3\Lib\ipaddress.py", line 54, in ip_address
    raise ValueError(f'{address!r} does not appear to be an IPv4 or IPv6 address')
ValueError: 'staging.silentium.htb' does not appear to be an IPv4 or IPv6 address
2026-05-19 09:18:27 - huginn - INFO - Removed DNS record: silentium.htb A 10.129.230.225
2026-05-19 09:18:30 - huginn - INFO - Removed DNS record: staging.silentium.htb A 10.129.230.225
2026-05-19 09:18:38 - huginn - INFO - Added DNS record: silentium A 10.129.229.187
2026-05-19 09:18:49 - huginn - INFO - Added DNS record: staging.silentium A 10.129.229.187
2026-05-19 09:18:55 - huginn - INFO - Local DNS server stopped
2026-05-19 09:18:55 - huginn - INFO - Local DNS server started on port 53530
2026-05-19 09:19:02 - huginn - DEBUG - Suppressed exception
Traceback (most recent call last):
  File "C:\Users\allie\Coding Projects\huggin_suite\huginn\app\core\dns_resolver.py", line 14, in resolve_hostname
    ipaddress.ip_address(hostname)
    ~~~~~~~~~~~~~~~~~~~~^^^^^^^^^^
  File "C:\Users\allie\anaconda3\Lib\ipaddress.py", line 54, in ip_address
    raise ValueError(f'{address!r} does not appear to be an IPv4 or IPv6 address')
ValueError: 'staging.silentium' does not appear to be an IPv4 or IPv6 address
2026-05-19 09:19:47 - huginn - DEBUG - Suppressed exception
Traceback (most recent call last):
  File "C:\Users\allie\Coding Projects\huggin_suite\huginn\app\core\dns_resolver.py", line 14, in resolve_hostname
    ipaddress.ip_address(hostname)
    ~~~~~~~~~~~~~~~~~~~~^^^^^^^^^^
  File "C:\Users\allie\anaconda3\Lib\ipaddress.py", line 54, in ip_address
    raise ValueError(f'{address!r} does not appear to be an IPv4 or IPv6 address')
ValueError: 'silentium' does not appear to be an IPv4 or IPv6 address
2026-05-19 09:20:19 - huginn - DEBUG - Suppressed exception
Traceback (most recent call last):
  File "C:\Users\allie\Coding Projects\huggin_suite\huginn\app\core\dns_resolver.py", line 14, in resolve_hostname
    ipaddress.ip_address(hostname)
    ~~~~~~~~~~~~~~~~~~~~^^^^^^^^^^
  File "C:\Users\allie\anaconda3\Lib\ipaddress.py", line 54, in ip_address
    raise ValueError(f'{address!r} does not appear to be an IPv4 or IPv6 address')
ValueError: 'silentium.htb' does not appear to be an IPv4 or IPv6 address
2026-05-19 09:20:45 - huginn - INFO - Removed DNS record: silentium A 10.129.229.187
2026-05-19 09:20:55 - huginn - INFO - Added DNS record: silentium.htb A 10.129.229.187
2026-05-19 09:21:02 - huginn - INFO - Removed DNS record: staging.silentium A 10.129.229.187
2026-05-19 09:21:12 - huginn - INFO - Added DNS record: staging.silentium.htb A 10.129.229.187
2026-05-19 09:21:21 - huginn - DEBUG - Suppressed exception
Traceback (most recent call last):
  File "C:\Users\allie\Coding Projects\huggin_suite\huginn\app\core\dns_resolver.py", line 14, in resolve_hostname
    ipaddress.ip_address(hostname)
    ~~~~~~~~~~~~~~~~~~~~^^^^^^^^^^
  File "C:\Users\allie\anaconda3\Lib\ipaddress.py", line 54, in ip_address
    raise ValueError(f'{address!r} does not appear to be an IPv4 or IPv6 address')
ValueError: 'staging.silentium.htb' does not appear to be an IPv4 or IPv6 address
2026-05-19 09:21:21 - huginn - DEBUG - Suppressed exception
Traceback (most recent call last):
  File "C:\Users\allie\AppData\Roaming\Python\Python313\site-packages\urllib3\connection.py", line 198, in _new_conn
    sock = connection.create_connection(
        (self._dns_host, self.port),
    ...<2 lines>...
        socket_options=self.socket_options,
    )
  File "C:\Users\allie\AppData\Roaming\Python\Python313\site-packages\urllib3\util\connection.py", line 60, in create_connection
    for res in socket.getaddrinfo(host, port, family, socket.SOCK_STREAM):
               ~~~~~~~~~~~~~~~~~~^^^^^^^^^^^^^^^^^^^^^^^^^^^^^^^^^^^^^^^^
  File "C:\Users\allie\anaconda3\Lib\socket.py", line 977, in getaddrinfo
    for res in _socket.getaddrinfo(host, port, family, type, proto, flags):
               ~~~~~~~~~~~~~~~~~~~^^^^^^^^^^^^^^^^^^^^^^^^^^^^^^^^^^^^^^^^
socket.gaierror: [Errno 11001] getaddrinfo failed

The above exception was the direct cause of the following exception:

Traceback (most recent call last):
  File "C:\Users\allie\AppData\Roaming\Python\Python313\site-packages\urllib3\connectionpool.py", line 787, in urlopen
    response = self._make_request(
        conn,
    ...<10 lines>...
        **response_kw,
    )
  File "C:\Users\allie\AppData\Roaming\Python\Python313\site-packages\urllib3\connectionpool.py", line 493, in _make_request
    conn.request(
    ~~~~~~~~~~~~^
        method,
        ^^^^^^^
    ...<6 lines>...
        enforce_content_length=enforce_content_length,
        ^^^^^^^^^^^^^^^^^^^^^^^^^^^^^^^^^^^^^^^^^^^^^^
    )
    ^
  File "C:\Users\allie\AppData\Roaming\Python\Python313\site-packages\urllib3\connection.py", line 494, in request
    self.endheaders()
    ~~~~~~~~~~~~~~~^^
  File "C:\Users\allie\anaconda3\Lib\http\client.py", line 1333, in endheaders
    self._send_output(message_body, encode_chunked=encode_chunked)
    ~~~~~~~~~~~~~~~~~^^^^^^^^^^^^^^^^^^^^^^^^^^^^^^^^^^^^^^^^^^^^^
  File "C:\Users\allie\anaconda3\Lib\http\client.py", line 1093, in _send_output
    self.send(msg)
    ~~~~~~~~~^^^^^
  File "C:\Users\allie\anaconda3\Lib\http\client.py", line 1037, in send
    self.connect()
    ~~~~~~~~~~~~^^
  File "C:\Users\allie\AppData\Roaming\Python\Python313\site-packages\urllib3\connection.py", line 325, in connect
    self.sock = self._new_conn()
                ~~~~~~~~~~~~~~^^
  File "C:\Users\allie\AppData\Roaming\Python\Python313\site-packages\urllib3\connection.py", line 205, in _new_conn
    raise NameResolutionError(self.host, self, e) from e
urllib3.exceptions.NameResolutionError: <urllib3.connection.HTTPConnection object at 0x000001AA484206B0>: Failed to resolve 'staging.silentium.htb' ([Errno 11001] getaddrinfo failed)

The above exception was the direct cause of the following exception:

Traceback (most recent call last):
  File "C:\Users\allie\AppData\Roaming\Python\Python313\site-packages\requests\adapters.py", line 667, in send
    resp = conn.urlopen(
        method=request.method,
    ...<9 lines>...
        chunked=chunked,
    )
  File "C:\Users\allie\AppData\Roaming\Python\Python313\site-packages\urllib3\connectionpool.py", line 841, in urlopen
    retries = retries.increment(
        method, url, error=new_e, _pool=self, _stacktrace=sys.exc_info()[2]
    )
  File "C:\Users\allie\AppData\Roaming\Python\Python313\site-packages\urllib3\util\retry.py", line 519, in increment
    raise MaxRetryError(_pool, url, reason) from reason  # type: ignore[arg-type]
    ^^^^^^^^^^^^^^^^^^^^^^^^^^^^^^^^^^^^^^^^^^^^^^^^^^^
urllib3.exceptions.MaxRetryError: HTTPConnectionPool(host='staging.silentium.htb', port=80): Max retries exceeded with url: /rttnvfpnbzgkbsr.html (Caused by NameResolutionError("<urllib3.connection.HTTPConnection object at 0x000001AA484206B0>: Failed to resolve 'staging.silentium.htb' ([Errno 11001] getaddrinfo failed)"))

During handling of the above exception, another exception occurred:

Traceback (most recent call last):
  File "C:\Users\allie\Coding Projects\huggin_suite\huginn\app\tools\http_scanner.py", line 1050, in _check_source_files
    test_response = session.get(test_url, timeout=5)
  File "C:\Users\allie\AppData\Roaming\Python\Python313\site-packages\requests\sessions.py", line 602, in get
    return self.request("GET", url, **kwargs)
           ~~~~~~~~~~~~^^^^^^^^^^^^^^^^^^^^^^
  File "C:\Users\allie\AppData\Roaming\Python\Python313\site-packages\requests\sessions.py", line 589, in request
    resp = self.send(prep, **send_kwargs)
  File "C:\Users\allie\AppData\Roaming\Python\Python313\site-packages\requests\sessions.py", line 703, in send
    r = adapter.send(request, **kwargs)
  File "C:\Users\allie\AppData\Roaming\Python\Python313\site-packages\requests\adapters.py", line 700, in send
    raise ConnectionError(e, request=request)
requests.exceptions.ConnectionError: HTTPConnectionPool(host='staging.silentium.htb', port=80): Max retries exceeded with url: /rttnvfpnbzgkbsr.html (Caused by NameResolutionError("<urllib3.connection.HTTPConnection object at 0x000001AA484206B0>: Failed to resolve 'staging.silentium.htb' ([Errno 11001] getaddrinfo failed)"))
2026-05-19 09:22:14 - huginn - DEBUG - Suppressed exception
Traceback (most recent call last):
  File "C:\Users\allie\Coding Projects\huggin_suite\huginn\app\core\dns_resolver.py", line 14, in resolve_hostname
    ipaddress.ip_address(hostname)
    ~~~~~~~~~~~~~~~~~~~~^^^^^^^^^^
  File "C:\Users\allie\anaconda3\Lib\ipaddress.py", line 54, in ip_address
    raise ValueError(f'{address!r} does not appear to be an IPv4 or IPv6 address')
ValueError: 'staging.silentium.htb' does not appear to be an IPv4 or IPv6 address
2026-05-19 09:22:45 - huginn - DEBUG - Suppressed exception
Traceback (most recent call last):
  File "C:\Users\allie\Coding Projects\huggin_suite\huginn\app\core\dns_resolver.py", line 14, in resolve_hostname
    ipaddress.ip_address(hostname)
    ~~~~~~~~~~~~~~~~~~~~^^^^^^^^^^
  File "C:\Users\allie\anaconda3\Lib\ipaddress.py", line 54, in ip_address
    raise ValueError(f'{address!r} does not appear to be an IPv4 or IPv6 address')
ValueError: 'staging.silentium.htb' does not appear to be an IPv4 or IPv6 address
2026-05-19 09:22:45 - huginn - DEBUG - Suppressed exception
Traceback (most recent call last):
  File "C:\Users\allie\Coding Projects\huggin_suite\huginn\app\tools\enterprise_fingerprint.py", line 35, in _load_device_db
    return json.load(f)
           ~~~~~~~~~^^^
  File "C:\Users\allie\anaconda3\Lib\json\__init__.py", line 293, in load
    return loads(fp.read(),
        cls=cls, object_hook=object_hook,
        parse_float=parse_float, parse_int=parse_int,
        parse_constant=parse_constant, object_pairs_hook=object_pairs_hook, **kw)
  File "C:\Users\allie\anaconda3\Lib\json\__init__.py", line 346, in loads
    return _default_decoder.decode(s)
           ~~~~~~~~~~~~~~~~~~~~~~~^^^
  File "C:\Users\allie\anaconda3\Lib\json\decoder.py", line 345, in decode
    obj, end = self.raw_decode(s, idx=_w(s, 0).end())
               ~~~~~~~~~~~~~~~^^^^^^^^^^^^^^^^^^^^^^^
  File "C:\Users\allie\anaconda3\Lib\json\decoder.py", line 361, in raw_decode
    obj, end = self.scan_once(s, idx)
               ~~~~~~~~~~~~~~^^^^^^^^
json.decoder.JSONDecodeError: Expecting ',' delimiter: line 98 column 39 (char 3561)
2026-05-19 09:22:45 - huginn - DEBUG - Suppressed exception
Traceback (most recent call last):
  File "C:\Users\allie\AppData\Roaming\Python\Python313\site-packages\urllib3\connection.py", line 198, in _new_conn
    sock = connection.create_connection(
        (self._dns_host, self.port),
    ...<2 lines>...
        socket_options=self.socket_options,
    )
  File "C:\Users\allie\AppData\Roaming\Python\Python313\site-packages\urllib3\util\connection.py", line 60, in create_connection
    for res in socket.getaddrinfo(host, port, family, socket.SOCK_STREAM):
               ~~~~~~~~~~~~~~~~~~^^^^^^^^^^^^^^^^^^^^^^^^^^^^^^^^^^^^^^^^
  File "C:\Users\allie\anaconda3\Lib\socket.py", line 977, in getaddrinfo
    for res in _socket.getaddrinfo(host, port, family, type, proto, flags):
               ~~~~~~~~~~~~~~~~~~~^^^^^^^^^^^^^^^^^^^^^^^^^^^^^^^^^^^^^^^^
socket.gaierror: [Errno 11001] getaddrinfo failed

The above exception was the direct cause of the following exception:

Traceback (most recent call last):
  File "C:\Users\allie\AppData\Roaming\Python\Python313\site-packages\urllib3\connectionpool.py", line 787, in urlopen
    response = self._make_request(
        conn,
    ...<10 lines>...
        **response_kw,
    )
  File "C:\Users\allie\AppData\Roaming\Python\Python313\site-packages\urllib3\connectionpool.py", line 493, in _make_request
    conn.request(
    ~~~~~~~~~~~~^
        method,
        ^^^^^^^
    ...<6 lines>...
        enforce_content_length=enforce_content_length,
        ^^^^^^^^^^^^^^^^^^^^^^^^^^^^^^^^^^^^^^^^^^^^^^
    )
    ^
  File "C:\Users\allie\AppData\Roaming\Python\Python313\site-packages\urllib3\connection.py", line 494, in request
    self.endheaders()
    ~~~~~~~~~~~~~~~^^
  File "C:\Users\allie\anaconda3\Lib\http\client.py", line 1333, in endheaders
    self._send_output(message_body, encode_chunked=encode_chunked)
    ~~~~~~~~~~~~~~~~~^^^^^^^^^^^^^^^^^^^^^^^^^^^^^^^^^^^^^^^^^^^^^
  File "C:\Users\allie\anaconda3\Lib\http\client.py", line 1093, in _send_output
    self.send(msg)
    ~~~~~~~~~^^^^^
  File "C:\Users\allie\anaconda3\Lib\http\client.py", line 1037, in send
    self.connect()
    ~~~~~~~~~~~~^^
  File "C:\Users\allie\AppData\Roaming\Python\Python313\site-packages\urllib3\connection.py", line 325, in connect
    self.sock = self._new_conn()
                ~~~~~~~~~~~~~~^^
  File "C:\Users\allie\AppData\Roaming\Python\Python313\site-packages\urllib3\connection.py", line 205, in _new_conn
    raise NameResolutionError(self.host, self, e) from e
urllib3.exceptions.NameResolutionError: <urllib3.connection.HTTPConnection object at 0x000001AA7087C270>: Failed to resolve 'staging.silentium.htb' ([Errno 11001] getaddrinfo failed)

The above exception was the direct cause of the following exception:

Traceback (most recent call last):
  File "C:\Users\allie\AppData\Roaming\Python\Python313\site-packages\requests\adapters.py", line 667, in send
    resp = conn.urlopen(
        method=request.method,
    ...<9 lines>...
        chunked=chunked,
    )
  File "C:\Users\allie\AppData\Roaming\Python\Python313\site-packages\urllib3\connectionpool.py", line 841, in urlopen
    retries = retries.increment(
        method, url, error=new_e, _pool=self, _stacktrace=sys.exc_info()[2]
    )
  File "C:\Users\allie\AppData\Roaming\Python\Python313\site-packages\urllib3\util\retry.py", line 519, in increment
    raise MaxRetryError(_pool, url, reason) from reason  # type: ignore[arg-type]
    ^^^^^^^^^^^^^^^^^^^^^^^^^^^^^^^^^^^^^^^^^^^^^^^^^^^
urllib3.exceptions.MaxRetryError: HTTPConnectionPool(host='staging.silentium.htb', port=80): Max retries exceeded with url: /njfoosxtimbfbff (Caused by NameResolutionError("<urllib3.connection.HTTPConnection object at 0x000001AA7087C270>: Failed to resolve 'staging.silentium.htb' ([Errno 11001] getaddrinfo failed)"))

During handling of the above exception, another exception occurred:

Traceback (most recent call last):
  File "C:\Users\allie\Coding Projects\huggin_suite\huginn\app\tools\enterprise_fingerprint.py", line 405, in _index_surface
    test_response = self.session.get(test_url, timeout=5, allow_redirects=False)
  File "C:\Users\allie\AppData\Roaming\Python\Python313\site-packages\requests\sessions.py", line 602, in get
    return self.request("GET", url, **kwargs)
           ~~~~~~~~~~~~^^^^^^^^^^^^^^^^^^^^^^
  File "C:\Users\allie\AppData\Roaming\Python\Python313\site-packages\requests\sessions.py", line 589, in request
    resp = self.send(prep, **send_kwargs)
  File "C:\Users\allie\AppData\Roaming\Python\Python313\site-packages\requests\sessions.py", line 703, in send
    r = adapter.send(request, **kwargs)
  File "C:\Users\allie\AppData\Roaming\Python\Python313\site-packages\requests\adapters.py", line 700, in send
    raise ConnectionError(e, request=request)
requests.exceptions.ConnectionError: HTTPConnectionPool(host='staging.silentium.htb', port=80): Max retries exceeded with url: /njfoosxtimbfbff (Caused by NameResolutionError("<urllib3.connection.HTTPConnection object at 0x000001AA7087C270>: Failed to resolve 'staging.silentium.htb' ([Errno 11001] getaddrinfo failed)"))
2026-05-19 09:22:45 - huginn - DEBUG - Suppressed exception
Traceback (most recent call last):
  File "C:\Users\allie\AppData\Roaming\Python\Python313\site-packages\urllib3\connection.py", line 198, in _new_conn
    sock = connection.create_connection(
        (self._dns_host, self.port),
    ...<2 lines>...
        socket_options=self.socket_options,
    )
  File "C:\Users\allie\AppData\Roaming\Python\Python313\site-packages\urllib3\util\connection.py", line 60, in create_connection
    for res in socket.getaddrinfo(host, port, family, socket.SOCK_STREAM):
               ~~~~~~~~~~~~~~~~~~^^^^^^^^^^^^^^^^^^^^^^^^^^^^^^^^^^^^^^^^
  File "C:\Users\allie\anaconda3\Lib\socket.py", line 977, in getaddrinfo
    for res in _socket.getaddrinfo(host, port, family, type, proto, flags):
               ~~~~~~~~~~~~~~~~~~~^^^^^^^^^^^^^^^^^^^^^^^^^^^^^^^^^^^^^^^^
socket.gaierror: [Errno 11001] getaddrinfo failed

The above exception was the direct cause of the following exception:

Traceback (most recent call last):
  File "C:\Users\allie\AppData\Roaming\Python\Python313\site-packages\urllib3\connectionpool.py", line 787, in urlopen
    response = self._make_request(
        conn,
    ...<10 lines>...
        **response_kw,
    )
  File "C:\Users\allie\AppData\Roaming\Python\Python313\site-packages\urllib3\connectionpool.py", line 493, in _make_request
    conn.request(
    ~~~~~~~~~~~~^
        method,
        ^^^^^^^
    ...<6 lines>...
        enforce_content_length=enforce_content_length,
        ^^^^^^^^^^^^^^^^^^^^^^^^^^^^^^^^^^^^^^^^^^^^^^
    )
    ^
  File "C:\Users\allie\AppData\Roaming\Python\Python313\site-packages\urllib3\connection.py", line 494, in request
    self.endheaders()
    ~~~~~~~~~~~~~~~^^
  File "C:\Users\allie\anaconda3\Lib\http\client.py", line 1333, in endheaders
    self._send_output(message_body, encode_chunked=encode_chunked)
    ~~~~~~~~~~~~~~~~~^^^^^^^^^^^^^^^^^^^^^^^^^^^^^^^^^^^^^^^^^^^^^
  File "C:\Users\allie\anaconda3\Lib\http\client.py", line 1093, in _send_output
    self.send(msg)
    ~~~~~~~~~^^^^^
  File "C:\Users\allie\anaconda3\Lib\http\client.py", line 1037, in send
    self.connect()
    ~~~~~~~~~~~~^^
  File "C:\Users\allie\AppData\Roaming\Python\Python313\site-packages\urllib3\connection.py", line 325, in connect
    self.sock = self._new_conn()
                ~~~~~~~~~~~~~~^^
  File "C:\Users\allie\AppData\Roaming\Python\Python313\site-packages\urllib3\connection.py", line 205, in _new_conn
    raise NameResolutionError(self.host, self, e) from e
urllib3.exceptions.NameResolutionError: <urllib3.connection.HTTPConnection object at 0x000001AA7087C7C0>: Failed to resolve 'staging.silentium.htb' ([Errno 11001] getaddrinfo failed)

The above exception was the direct cause of the following exception:

Traceback (most recent call last):
  File "C:\Users\allie\AppData\Roaming\Python\Python313\site-packages\requests\adapters.py", line 667, in send
    resp = conn.urlopen(
        method=request.method,
    ...<9 lines>...
        chunked=chunked,
    )
  File "C:\Users\allie\AppData\Roaming\Python\Python313\site-packages\urllib3\connectionpool.py", line 841, in urlopen
    retries = retries.increment(
        method, url, error=new_e, _pool=self, _stacktrace=sys.exc_info()[2]
    )
  File "C:\Users\allie\AppData\Roaming\Python\Python313\site-packages\urllib3\util\retry.py", line 519, in increment
    raise MaxRetryError(_pool, url, reason) from reason  # type: ignore[arg-type]
    ^^^^^^^^^^^^^^^^^^^^^^^^^^^^^^^^^^^^^^^^^^^^^^^^^^^
urllib3.exceptions.MaxRetryError: HTTPConnectionPool(host='staging.silentium.htb', port=80): Max retries exceeded with url: /admin (Caused by NameResolutionError("<urllib3.connection.HTTPConnection object at 0x000001AA7087C7C0>: Failed to resolve 'staging.silentium.htb' ([Errno 11001] getaddrinfo failed)"))

During handling of the above exception, another exception occurred:

Traceback (most recent call last):
  File "C:\Users\allie\Coding Projects\huggin_suite\huginn\app\tools\enterprise_fingerprint.py", line 432, in _index_surface
    response = self.session.get(url, timeout=5, allow_redirects=False)
  File "C:\Users\allie\AppData\Roaming\Python\Python313\site-packages\requests\sessions.py", line 602, in get
    return self.request("GET", url, **kwargs)
           ~~~~~~~~~~~~^^^^^^^^^^^^^^^^^^^^^^
  File "C:\Users\allie\AppData\Roaming\Python\Python313\site-packages\requests\sessions.py", line 589, in request
    resp = self.send(prep, **send_kwargs)
  File "C:\Users\allie\AppData\Roaming\Python\Python313\site-packages\requests\sessions.py", line 703, in send
    r = adapter.send(request, **kwargs)
  File "C:\Users\allie\AppData\Roaming\Python\Python313\site-packages\requests\adapters.py", line 700, in send
    raise ConnectionError(e, request=request)
requests.exceptions.ConnectionError: HTTPConnectionPool(host='staging.silentium.htb', port=80): Max retries exceeded with url: /admin (Caused by NameResolutionError("<urllib3.connection.HTTPConnection object at 0x000001AA7087C7C0>: Failed to resolve 'staging.silentium.htb' ([Errno 11001] getaddrinfo failed)"))
2026-05-19 09:22:45 - huginn - DEBUG - Suppressed exception
Traceback (most recent call last):
  File "C:\Users\allie\AppData\Roaming\Python\Python313\site-packages\urllib3\connection.py", line 198, in _new_conn
    sock = connection.create_connection(
        (self._dns_host, self.port),
    ...<2 lines>...
        socket_options=self.socket_options,
    )
  File "C:\Users\allie\AppData\Roaming\Python\Python313\site-packages\urllib3\util\connection.py", line 60, in create_connection
    for res in socket.getaddrinfo(host, port, family, socket.SOCK_STREAM):
               ~~~~~~~~~~~~~~~~~~^^^^^^^^^^^^^^^^^^^^^^^^^^^^^^^^^^^^^^^^
  File "C:\Users\allie\anaconda3\Lib\socket.py", line 977, in getaddrinfo
    for res in _socket.getaddrinfo(host, port, family, type, proto, flags):
               ~~~~~~~~~~~~~~~~~~~^^^^^^^^^^^^^^^^^^^^^^^^^^^^^^^^^^^^^^^^
socket.gaierror: [Errno 11001] getaddrinfo failed

The above exception was the direct cause of the following exception:

Traceback (most recent call last):
  File "C:\Users\allie\AppData\Roaming\Python\Python313\site-packages\urllib3\connectionpool.py", line 787, in urlopen
    response = self._make_request(
        conn,
    ...<10 lines>...
        **response_kw,
    )
  File "C:\Users\allie\AppData\Roaming\Python\Python313\site-packages\urllib3\connectionpool.py", line 493, in _make_request
    conn.request(
    ~~~~~~~~~~~~^
        method,
        ^^^^^^^
    ...<6 lines>...
        enforce_content_length=enforce_content_length,
        ^^^^^^^^^^^^^^^^^^^^^^^^^^^^^^^^^^^^^^^^^^^^^^
    )
    ^
  File "C:\Users\allie\AppData\Roaming\Python\Python313\site-packages\urllib3\connection.py", line 494, in request
    self.endheaders()
    ~~~~~~~~~~~~~~~^^
  File "C:\Users\allie\anaconda3\Lib\http\client.py", line 1333, in endheaders
    self._send_output(message_body, encode_chunked=encode_chunked)
    ~~~~~~~~~~~~~~~~~^^^^^^^^^^^^^^^^^^^^^^^^^^^^^^^^^^^^^^^^^^^^^
  File "C:\Users\allie\anaconda3\Lib\http\client.py", line 1093, in _send_output
    self.send(msg)
    ~~~~~~~~~^^^^^
  File "C:\Users\allie\anaconda3\Lib\http\client.py", line 1037, in send
    self.connect()
    ~~~~~~~~~~~~^^
  File "C:\Users\allie\AppData\Roaming\Python\Python313\site-packages\urllib3\connection.py", line 325, in connect
    self.sock = self._new_conn()
                ~~~~~~~~~~~~~~^^
  File "C:\Users\allie\AppData\Roaming\Python\Python313\site-packages\urllib3\connection.py", line 205, in _new_conn
    raise NameResolutionError(self.host, self, e) from e
urllib3.exceptions.NameResolutionError: <urllib3.connection.HTTPConnection object at 0x000001AA7087C490>: Failed to resolve 'staging.silentium.htb' ([Errno 11001] getaddrinfo failed)

The above exception was the direct cause of the following exception:

Traceback (most recent call last):
  File "C:\Users\allie\AppData\Roaming\Python\Python313\site-packages\requests\adapters.py", line 667, in send
    resp = conn.urlopen(
        method=request.method,
    ...<9 lines>...
        chunked=chunked,
    )
  File "C:\Users\allie\AppData\Roaming\Python\Python313\site-packages\urllib3\connectionpool.py", line 841, in urlopen
    retries = retries.increment(
        method, url, error=new_e, _pool=self, _stacktrace=sys.exc_info()[2]
    )
  File "C:\Users\allie\AppData\Roaming\Python\Python313\site-packages\urllib3\util\retry.py", line 519, in increment
    raise MaxRetryError(_pool, url, reason) from reason  # type: ignore[arg-type]
    ^^^^^^^^^^^^^^^^^^^^^^^^^^^^^^^^^^^^^^^^^^^^^^^^^^^
urllib3.exceptions.MaxRetryError: HTTPConnectionPool(host='staging.silentium.htb', port=80): Max retries exceeded with url: /login (Caused by NameResolutionError("<urllib3.connection.HTTPConnection object at 0x000001AA7087C490>: Failed to resolve 'staging.silentium.htb' ([Errno 11001] getaddrinfo failed)"))

During handling of the above exception, another exception occurred:

Traceback (most recent call last):
  File "C:\Users\allie\Coding Projects\huggin_suite\huginn\app\tools\enterprise_fingerprint.py", line 432, in _index_surface
    response = self.session.get(url, timeout=5, allow_redirects=False)
  File "C:\Users\allie\AppData\Roaming\Python\Python313\site-packages\requests\sessions.py", line 602, in get
    return self.request("GET", url, **kwargs)
           ~~~~~~~~~~~~^^^^^^^^^^^^^^^^^^^^^^
  File "C:\Users\allie\AppData\Roaming\Python\Python313\site-packages\requests\sessions.py", line 589, in request
    resp = self.send(prep, **send_kwargs)
  File "C:\Users\allie\AppData\Roaming\Python\Python313\site-packages\requests\sessions.py", line 703, in send
    r = adapter.send(request, **kwargs)
  File "C:\Users\allie\AppData\Roaming\Python\Python313\site-packages\requests\adapters.py", line 700, in send
    raise ConnectionError(e, request=request)
requests.exceptions.ConnectionError: HTTPConnectionPool(host='staging.silentium.htb', port=80): Max retries exceeded with url: /login (Caused by NameResolutionError("<urllib3.connection.HTTPConnection object at 0x000001AA7087C490>: Failed to resolve 'staging.silentium.htb' ([Errno 11001] getaddrinfo failed)"))
2026-05-19 09:22:45 - huginn - DEBUG - Suppressed exception
Traceback (most recent call last):
  File "C:\Users\allie\AppData\Roaming\Python\Python313\site-packages\urllib3\connection.py", line 198, in _new_conn
    sock = connection.create_connection(
        (self._dns_host, self.port),
    ...<2 lines>...
        socket_options=self.socket_options,
    )
  File "C:\Users\allie\AppData\Roaming\Python\Python313\site-packages\urllib3\util\connection.py", line 60, in create_connection
    for res in socket.getaddrinfo(host, port, family, socket.SOCK_STREAM):
               ~~~~~~~~~~~~~~~~~~^^^^^^^^^^^^^^^^^^^^^^^^^^^^^^^^^^^^^^^^
  File "C:\Users\allie\anaconda3\Lib\socket.py", line 977, in getaddrinfo
    for res in _socket.getaddrinfo(host, port, family, type, proto, flags):
               ~~~~~~~~~~~~~~~~~~~^^^^^^^^^^^^^^^^^^^^^^^^^^^^^^^^^^^^^^^^
socket.gaierror: [Errno 11001] getaddrinfo failed

The above exception was the direct cause of the following exception:

Traceback (most recent call last):
  File "C:\Users\allie\AppData\Roaming\Python\Python313\site-packages\urllib3\connectionpool.py", line 787, in urlopen
    response = self._make_request(
        conn,
    ...<10 lines>...
        **response_kw,
    )
  File "C:\Users\allie\AppData\Roaming\Python\Python313\site-packages\urllib3\connectionpool.py", line 493, in _make_request
    conn.request(
    ~~~~~~~~~~~~^
        method,
        ^^^^^^^
    ...<6 lines>...
        enforce_content_length=enforce_content_length,
        ^^^^^^^^^^^^^^^^^^^^^^^^^^^^^^^^^^^^^^^^^^^^^^
    )
    ^
  File "C:\Users\allie\AppData\Roaming\Python\Python313\site-packages\urllib3\connection.py", line 494, in request
    self.endheaders()
    ~~~~~~~~~~~~~~~^^
  File "C:\Users\allie\anaconda3\Lib\http\client.py", line 1333, in endheaders
    self._send_output(message_body, encode_chunked=encode_chunked)
    ~~~~~~~~~~~~~~~~~^^^^^^^^^^^^^^^^^^^^^^^^^^^^^^^^^^^^^^^^^^^^^
  File "C:\Users\allie\anaconda3\Lib\http\client.py", line 1093, in _send_output
    self.send(msg)
    ~~~~~~~~~^^^^^
  File "C:\Users\allie\anaconda3\Lib\http\client.py", line 1037, in send
    self.connect()
    ~~~~~~~~~~~~^^
  File "C:\Users\allie\AppData\Roaming\Python\Python313\site-packages\urllib3\connection.py", line 325, in connect
    self.sock = self._new_conn()
                ~~~~~~~~~~~~~~^^
  File "C:\Users\allie\AppData\Roaming\Python\Python313\site-packages\urllib3\connection.py", line 205, in _new_conn
    raise NameResolutionError(self.host, self, e) from e
urllib3.exceptions.NameResolutionError: <urllib3.connection.HTTPConnection object at 0x000001AA7087C380>: Failed to resolve 'staging.silentium.htb' ([Errno 11001] getaddrinfo failed)

The above exception was the direct cause of the following exception:

Traceback (most recent call last):
  File "C:\Users\allie\AppData\Roaming\Python\Python313\site-packages\requests\adapters.py", line 667, in send
    resp = conn.urlopen(
        method=request.method,
    ...<9 lines>...
        chunked=chunked,
    )
  File "C:\Users\allie\AppData\Roaming\Python\Python313\site-packages\urllib3\connectionpool.py", line 841, in urlopen
    retries = retries.increment(
        method, url, error=new_e, _pool=self, _stacktrace=sys.exc_info()[2]
    )
  File "C:\Users\allie\AppData\Roaming\Python\Python313\site-packages\urllib3\util\retry.py", line 519, in increment
    raise MaxRetryError(_pool, url, reason) from reason  # type: ignore[arg-type]
    ^^^^^^^^^^^^^^^^^^^^^^^^^^^^^^^^^^^^^^^^^^^^^^^^^^^
urllib3.exceptions.MaxRetryError: HTTPConnectionPool(host='staging.silentium.htb', port=80): Max retries exceeded with url: /user (Caused by NameResolutionError("<urllib3.connection.HTTPConnection object at 0x000001AA7087C380>: Failed to resolve 'staging.silentium.htb' ([Errno 11001] getaddrinfo failed)"))

During handling of the above exception, another exception occurred:

Traceback (most recent call last):
  File "C:\Users\allie\Coding Projects\huggin_suite\huginn\app\tools\enterprise_fingerprint.py", line 432, in _index_surface
    response = self.session.get(url, timeout=5, allow_redirects=False)
  File "C:\Users\allie\AppData\Roaming\Python\Python313\site-packages\requests\sessions.py", line 602, in get
    return self.request("GET", url, **kwargs)
           ~~~~~~~~~~~~^^^^^^^^^^^^^^^^^^^^^^
  File "C:\Users\allie\AppData\Roaming\Python\Python313\site-packages\requests\sessions.py", line 589, in request
    resp = self.send(prep, **send_kwargs)
  File "C:\Users\allie\AppData\Roaming\Python\Python313\site-packages\requests\sessions.py", line 703, in send
    r = adapter.send(request, **kwargs)
  File "C:\Users\allie\AppData\Roaming\Python\Python313\site-packages\requests\adapters.py", line 700, in send
    raise ConnectionError(e, request=request)
requests.exceptions.ConnectionError: HTTPConnectionPool(host='staging.silentium.htb', port=80): Max retries exceeded with url: /user (Caused by NameResolutionError("<urllib3.connection.HTTPConnection object at 0x000001AA7087C380>: Failed to resolve 'staging.silentium.htb' ([Errno 11001] getaddrinfo failed)"))
2026-05-19 09:22:45 - huginn - DEBUG - Suppressed exception
Traceback (most recent call last):
  File "C:\Users\allie\AppData\Roaming\Python\Python313\site-packages\urllib3\connection.py", line 198, in _new_conn
    sock = connection.create_connection(
        (self._dns_host, self.port),
    ...<2 lines>...
        socket_options=self.socket_options,
    )
  File "C:\Users\allie\AppData\Roaming\Python\Python313\site-packages\urllib3\util\connection.py", line 60, in create_connection
    for res in socket.getaddrinfo(host, port, family, socket.SOCK_STREAM):
               ~~~~~~~~~~~~~~~~~~^^^^^^^^^^^^^^^^^^^^^^^^^^^^^^^^^^^^^^^^
  File "C:\Users\allie\anaconda3\Lib\socket.py", line 977, in getaddrinfo
    for res in _socket.getaddrinfo(host, port, family, type, proto, flags):
               ~~~~~~~~~~~~~~~~~~~^^^^^^^^^^^^^^^^^^^^^^^^^^^^^^^^^^^^^^^^
socket.gaierror: [Errno 11001] getaddrinfo failed

The above exception was the direct cause of the following exception:

Traceback (most recent call last):
  File "C:\Users\allie\AppData\Roaming\Python\Python313\site-packages\urllib3\connectionpool.py", line 787, in urlopen
    response = self._make_request(
        conn,
    ...<10 lines>...
        **response_kw,
    )
  File "C:\Users\allie\AppData\Roaming\Python\Python313\site-packages\urllib3\connectionpool.py", line 493, in _make_request
    conn.request(
    ~~~~~~~~~~~~^
        method,
        ^^^^^^^
    ...<6 lines>...
        enforce_content_length=enforce_content_length,
        ^^^^^^^^^^^^^^^^^^^^^^^^^^^^^^^^^^^^^^^^^^^^^^
    )
    ^
  File "C:\Users\allie\AppData\Roaming\Python\Python313\site-packages\urllib3\connection.py", line 494, in request
    self.endheaders()
    ~~~~~~~~~~~~~~~^^
  File "C:\Users\allie\anaconda3\Lib\http\client.py", line 1333, in endheaders
    self._send_output(message_body, encode_chunked=encode_chunked)
    ~~~~~~~~~~~~~~~~~^^^^^^^^^^^^^^^^^^^^^^^^^^^^^^^^^^^^^^^^^^^^^
  File "C:\Users\allie\anaconda3\Lib\http\client.py", line 1093, in _send_output
    self.send(msg)
    ~~~~~~~~~^^^^^
  File "C:\Users\allie\anaconda3\Lib\http\client.py", line 1037, in send
    self.connect()
    ~~~~~~~~~~~~^^
  File "C:\Users\allie\AppData\Roaming\Python\Python313\site-packages\urllib3\connection.py", line 325, in connect
    self.sock = self._new_conn()
                ~~~~~~~~~~~~~~^^
  File "C:\Users\allie\AppData\Roaming\Python\Python313\site-packages\urllib3\connection.py", line 205, in _new_conn
    raise NameResolutionError(self.host, self, e) from e
urllib3.exceptions.NameResolutionError: <urllib3.connection.HTTPConnection object at 0x000001AA7087CAF0>: Failed to resolve 'staging.silentium.htb' ([Errno 11001] getaddrinfo failed)

The above exception was the direct cause of the following exception:

Traceback (most recent call last):
  File "C:\Users\allie\AppData\Roaming\Python\Python313\site-packages\requests\adapters.py", line 667, in send
    resp = conn.urlopen(
        method=request.method,
    ...<9 lines>...
        chunked=chunked,
    )
  File "C:\Users\allie\AppData\Roaming\Python\Python313\site-packages\urllib3\connectionpool.py", line 841, in urlopen
    retries = retries.increment(
        method, url, error=new_e, _pool=self, _stacktrace=sys.exc_info()[2]
    )
  File "C:\Users\allie\AppData\Roaming\Python\Python313\site-packages\urllib3\util\retry.py", line 519, in increment
    raise MaxRetryError(_pool, url, reason) from reason  # type: ignore[arg-type]
    ^^^^^^^^^^^^^^^^^^^^^^^^^^^^^^^^^^^^^^^^^^^^^^^^^^^
urllib3.exceptions.MaxRetryError: HTTPConnectionPool(host='staging.silentium.htb', port=80): Max retries exceeded with url: /cgi-bin/ (Caused by NameResolutionError("<urllib3.connection.HTTPConnection object at 0x000001AA7087CAF0>: Failed to resolve 'staging.silentium.htb' ([Errno 11001] getaddrinfo failed)"))

During handling of the above exception, another exception occurred:

Traceback (most recent call last):
  File "C:\Users\allie\Coding Projects\huggin_suite\huginn\app\tools\enterprise_fingerprint.py", line 432, in _index_surface
    response = self.session.get(url, timeout=5, allow_redirects=False)
  File "C:\Users\allie\AppData\Roaming\Python\Python313\site-packages\requests\sessions.py", line 602, in get
    return self.request("GET", url, **kwargs)
           ~~~~~~~~~~~~^^^^^^^^^^^^^^^^^^^^^^
  File "C:\Users\allie\AppData\Roaming\Python\Python313\site-packages\requests\sessions.py", line 589, in request
    resp = self.send(prep, **send_kwargs)
  File "C:\Users\allie\AppData\Roaming\Python\Python313\site-packages\requests\sessions.py", line 703, in send
    r = adapter.send(request, **kwargs)
  File "C:\Users\allie\AppData\Roaming\Python\Python313\site-packages\requests\adapters.py", line 700, in send
    raise ConnectionError(e, request=request)
requests.exceptions.ConnectionError: HTTPConnectionPool(host='staging.silentium.htb', port=80): Max retries exceeded with url: /cgi-bin/ (Caused by NameResolutionError("<urllib3.connection.HTTPConnection object at 0x000001AA7087CAF0>: Failed to resolve 'staging.silentium.htb' ([Errno 11001] getaddrinfo failed)"))
2026-05-19 09:22:45 - huginn - DEBUG - Suppressed exception
Traceback (most recent call last):
  File "C:\Users\allie\AppData\Roaming\Python\Python313\site-packages\urllib3\connection.py", line 198, in _new_conn
    sock = connection.create_connection(
        (self._dns_host, self.port),
    ...<2 lines>...
        socket_options=self.socket_options,
    )
  File "C:\Users\allie\AppData\Roaming\Python\Python313\site-packages\urllib3\util\connection.py", line 60, in create_connection
    for res in socket.getaddrinfo(host, port, family, socket.SOCK_STREAM):
               ~~~~~~~~~~~~~~~~~~^^^^^^^^^^^^^^^^^^^^^^^^^^^^^^^^^^^^^^^^
  File "C:\Users\allie\anaconda3\Lib\socket.py", line 977, in getaddrinfo
    for res in _socket.getaddrinfo(host, port, family, type, proto, flags):
               ~~~~~~~~~~~~~~~~~~~^^^^^^^^^^^^^^^^^^^^^^^^^^^^^^^^^^^^^^^^
socket.gaierror: [Errno 11001] getaddrinfo failed

The above exception was the direct cause of the following exception:

Traceback (most recent call last):
  File "C:\Users\allie\AppData\Roaming\Python\Python313\site-packages\urllib3\connectionpool.py", line 787, in urlopen
    response = self._make_request(
        conn,
    ...<10 lines>...
        **response_kw,
    )
  File "C:\Users\allie\AppData\Roaming\Python\Python313\site-packages\urllib3\connectionpool.py", line 493, in _make_request
    conn.request(
    ~~~~~~~~~~~~^
        method,
        ^^^^^^^
    ...<6 lines>...
        enforce_content_length=enforce_content_length,
        ^^^^^^^^^^^^^^^^^^^^^^^^^^^^^^^^^^^^^^^^^^^^^^
    )
    ^
  File "C:\Users\allie\AppData\Roaming\Python\Python313\site-packages\urllib3\connection.py", line 494, in request
    self.endheaders()
    ~~~~~~~~~~~~~~~^^
  File "C:\Users\allie\anaconda3\Lib\http\client.py", line 1333, in endheaders
    self._send_output(message_body, encode_chunked=encode_chunked)
    ~~~~~~~~~~~~~~~~~^^^^^^^^^^^^^^^^^^^^^^^^^^^^^^^^^^^^^^^^^^^^^
  File "C:\Users\allie\anaconda3\Lib\http\client.py", line 1093, in _send_output
    self.send(msg)
    ~~~~~~~~~^^^^^
  File "C:\Users\allie\anaconda3\Lib\http\client.py", line 1037, in send
    self.connect()
    ~~~~~~~~~~~~^^
  File "C:\Users\allie\AppData\Roaming\Python\Python313\site-packages\urllib3\connection.py", line 325, in connect
    self.sock = self._new_conn()
                ~~~~~~~~~~~~~~^^
  File "C:\Users\allie\AppData\Roaming\Python\Python313\site-packages\urllib3\connection.py", line 205, in _new_conn
    raise NameResolutionError(self.host, self, e) from e
urllib3.exceptions.NameResolutionError: <urllib3.connection.HTTPConnection object at 0x000001AA7087CD10>: Failed to resolve 'staging.silentium.htb' ([Errno 11001] getaddrinfo failed)

The above exception was the direct cause of the following exception:

Traceback (most recent call last):
  File "C:\Users\allie\AppData\Roaming\Python\Python313\site-packages\requests\adapters.py", line 667, in send
    resp = conn.urlopen(
        method=request.method,
    ...<9 lines>...
        chunked=chunked,
    )
  File "C:\Users\allie\AppData\Roaming\Python\Python313\site-packages\urllib3\connectionpool.py", line 841, in urlopen
    retries = retries.increment(
        method, url, error=new_e, _pool=self, _stacktrace=sys.exc_info()[2]
    )
  File "C:\Users\allie\AppData\Roaming\Python\Python313\site-packages\urllib3\util\retry.py", line 519, in increment
    raise MaxRetryError(_pool, url, reason) from reason  # type: ignore[arg-type]
    ^^^^^^^^^^^^^^^^^^^^^^^^^^^^^^^^^^^^^^^^^^^^^^^^^^^
urllib3.exceptions.MaxRetryError: HTTPConnectionPool(host='staging.silentium.htb', port=80): Max retries exceeded with url: /setup (Caused by NameResolutionError("<urllib3.connection.HTTPConnection object at 0x000001AA7087CD10>: Failed to resolve 'staging.silentium.htb' ([Errno 11001] getaddrinfo failed)"))

During handling of the above exception, another exception occurred:

Traceback (most recent call last):
  File "C:\Users\allie\Coding Projects\huggin_suite\huginn\app\tools\enterprise_fingerprint.py", line 432, in _index_surface
    response = self.session.get(url, timeout=5, allow_redirects=False)
  File "C:\Users\allie\AppData\Roaming\Python\Python313\site-packages\requests\sessions.py", line 602, in get
    return self.request("GET", url, **kwargs)
           ~~~~~~~~~~~~^^^^^^^^^^^^^^^^^^^^^^
  File "C:\Users\allie\AppData\Roaming\Python\Python313\site-packages\requests\sessions.py", line 589, in request
    resp = self.send(prep, **send_kwargs)
  File "C:\Users\allie\AppData\Roaming\Python\Python313\site-packages\requests\sessions.py", line 703, in send
    r = adapter.send(request, **kwargs)
  File "C:\Users\allie\AppData\Roaming\Python\Python313\site-packages\requests\adapters.py", line 700, in send
    raise ConnectionError(e, request=request)
requests.exceptions.ConnectionError: HTTPConnectionPool(host='staging.silentium.htb', port=80): Max retries exceeded with url: /setup (Caused by NameResolutionError("<urllib3.connection.HTTPConnection object at 0x000001AA7087CD10>: Failed to resolve 'staging.silentium.htb' ([Errno 11001] getaddrinfo failed)"))
2026-05-19 09:22:45 - huginn - DEBUG - Suppressed exception
Traceback (most recent call last):
  File "C:\Users\allie\AppData\Roaming\Python\Python313\site-packages\urllib3\connection.py", line 198, in _new_conn
    sock = connection.create_connection(
        (self._dns_host, self.port),
    ...<2 lines>...
        socket_options=self.socket_options,
    )
  File "C:\Users\allie\AppData\Roaming\Python\Python313\site-packages\urllib3\util\connection.py", line 60, in create_connection
    for res in socket.getaddrinfo(host, port, family, socket.SOCK_STREAM):
               ~~~~~~~~~~~~~~~~~~^^^^^^^^^^^^^^^^^^^^^^^^^^^^^^^^^^^^^^^^
  File "C:\Users\allie\anaconda3\Lib\socket.py", line 977, in getaddrinfo
    for res in _socket.getaddrinfo(host, port, family, type, proto, flags):
               ~~~~~~~~~~~~~~~~~~~^^^^^^^^^^^^^^^^^^^^^^^^^^^^^^^^^^^^^^^^
socket.gaierror: [Errno 11001] getaddrinfo failed

The above exception was the direct cause of the following exception:

Traceback (most recent call last):
  File "C:\Users\allie\AppData\Roaming\Python\Python313\site-packages\urllib3\connectionpool.py", line 787, in urlopen
    response = self._make_request(
        conn,
    ...<10 lines>...
        **response_kw,
    )
  File "C:\Users\allie\AppData\Roaming\Python\Python313\site-packages\urllib3\connectionpool.py", line 493, in _make_request
    conn.request(
    ~~~~~~~~~~~~^
        method,
        ^^^^^^^
    ...<6 lines>...
        enforce_content_length=enforce_content_length,
        ^^^^^^^^^^^^^^^^^^^^^^^^^^^^^^^^^^^^^^^^^^^^^^
    )
    ^
  File "C:\Users\allie\AppData\Roaming\Python\Python313\site-packages\urllib3\connection.py", line 494, in request
    self.endheaders()
    ~~~~~~~~~~~~~~~^^
  File "C:\Users\allie\anaconda3\Lib\http\client.py", line 1333, in endheaders
    self._send_output(message_body, encode_chunked=encode_chunked)
    ~~~~~~~~~~~~~~~~~^^^^^^^^^^^^^^^^^^^^^^^^^^^^^^^^^^^^^^^^^^^^^
  File "C:\Users\allie\anaconda3\Lib\http\client.py", line 1093, in _send_output
    self.send(msg)
    ~~~~~~~~~^^^^^
  File "C:\Users\allie\anaconda3\Lib\http\client.py", line 1037, in send
    self.connect()
    ~~~~~~~~~~~~^^
  File "C:\Users\allie\AppData\Roaming\Python\Python313\site-packages\urllib3\connection.py", line 325, in connect
    self.sock = self._new_conn()
                ~~~~~~~~~~~~~~^^
  File "C:\Users\allie\AppData\Roaming\Python\Python313\site-packages\urllib3\connection.py", line 205, in _new_conn
    raise NameResolutionError(self.host, self, e) from e
urllib3.exceptions.NameResolutionError: <urllib3.connection.HTTPConnection object at 0x000001AA7087CF30>: Failed to resolve 'staging.silentium.htb' ([Errno 11001] getaddrinfo failed)

The above exception was the direct cause of the following exception:

Traceback (most recent call last):
  File "C:\Users\allie\AppData\Roaming\Python\Python313\site-packages\requests\adapters.py", line 667, in send
    resp = conn.urlopen(
        method=request.method,
    ...<9 lines>...
        chunked=chunked,
    )
  File "C:\Users\allie\AppData\Roaming\Python\Python313\site-packages\urllib3\connectionpool.py", line 841, in urlopen
    retries = retries.increment(
        method, url, error=new_e, _pool=self, _stacktrace=sys.exc_info()[2]
    )
  File "C:\Users\allie\AppData\Roaming\Python\Python313\site-packages\urllib3\util\retry.py", line 519, in increment
    raise MaxRetryError(_pool, url, reason) from reason  # type: ignore[arg-type]
    ^^^^^^^^^^^^^^^^^^^^^^^^^^^^^^^^^^^^^^^^^^^^^^^^^^^
urllib3.exceptions.MaxRetryError: HTTPConnectionPool(host='staging.silentium.htb', port=80): Max retries exceeded with url: /config (Caused by NameResolutionError("<urllib3.connection.HTTPConnection object at 0x000001AA7087CF30>: Failed to resolve 'staging.silentium.htb' ([Errno 11001] getaddrinfo failed)"))

During handling of the above exception, another exception occurred:

Traceback (most recent call last):
  File "C:\Users\allie\Coding Projects\huggin_suite\huginn\app\tools\enterprise_fingerprint.py", line 432, in _index_surface
    response = self.session.get(url, timeout=5, allow_redirects=False)
  File "C:\Users\allie\AppData\Roaming\Python\Python313\site-packages\requests\sessions.py", line 602, in get
    return self.request("GET", url, **kwargs)
           ~~~~~~~~~~~~^^^^^^^^^^^^^^^^^^^^^^
  File "C:\Users\allie\AppData\Roaming\Python\Python313\site-packages\requests\sessions.py", line 589, in request
    resp = self.send(prep, **send_kwargs)
  File "C:\Users\allie\AppData\Roaming\Python\Python313\site-packages\requests\sessions.py", line 703, in send
    r = adapter.send(request, **kwargs)
  File "C:\Users\allie\AppData\Roaming\Python\Python313\site-packages\requests\adapters.py", line 700, in send
    raise ConnectionError(e, request=request)
requests.exceptions.ConnectionError: HTTPConnectionPool(host='staging.silentium.htb', port=80): Max retries exceeded with url: /config (Caused by NameResolutionError("<urllib3.connection.HTTPConnection object at 0x000001AA7087CF30>: Failed to resolve 'staging.silentium.htb' ([Errno 11001] getaddrinfo failed)"))
2026-05-19 09:22:45 - huginn - DEBUG - Suppressed exception
Traceback (most recent call last):
  File "C:\Users\allie\AppData\Roaming\Python\Python313\site-packages\urllib3\connection.py", line 198, in _new_conn
    sock = connection.create_connection(
        (self._dns_host, self.port),
    ...<2 lines>...
        socket_options=self.socket_options,
    )
  File "C:\Users\allie\AppData\Roaming\Python\Python313\site-packages\urllib3\util\connection.py", line 60, in create_connection
    for res in socket.getaddrinfo(host, port, family, socket.SOCK_STREAM):
               ~~~~~~~~~~~~~~~~~~^^^^^^^^^^^^^^^^^^^^^^^^^^^^^^^^^^^^^^^^
  File "C:\Users\allie\anaconda3\Lib\socket.py", line 977, in getaddrinfo
    for res in _socket.getaddrinfo(host, port, family, type, proto, flags):
               ~~~~~~~~~~~~~~~~~~~^^^^^^^^^^^^^^^^^^^^^^^^^^^^^^^^^^^^^^^^
socket.gaierror: [Errno 11001] getaddrinfo failed

The above exception was the direct cause of the following exception:

Traceback (most recent call last):
  File "C:\Users\allie\AppData\Roaming\Python\Python313\site-packages\urllib3\connectionpool.py", line 787, in urlopen
    response = self._make_request(
        conn,
    ...<10 lines>...
        **response_kw,
    )
  File "C:\Users\allie\AppData\Roaming\Python\Python313\site-packages\urllib3\connectionpool.py", line 493, in _make_request
    conn.request(
    ~~~~~~~~~~~~^
        method,
        ^^^^^^^
    ...<6 lines>...
        enforce_content_length=enforce_content_length,
        ^^^^^^^^^^^^^^^^^^^^^^^^^^^^^^^^^^^^^^^^^^^^^^
    )
    ^
  File "C:\Users\allie\AppData\Roaming\Python\Python313\site-packages\urllib3\connection.py", line 494, in request
    self.endheaders()
    ~~~~~~~~~~~~~~~^^
  File "C:\Users\allie\anaconda3\Lib\http\client.py", line 1333, in endheaders
    self._send_output(message_body, encode_chunked=encode_chunked)
    ~~~~~~~~~~~~~~~~~^^^^^^^^^^^^^^^^^^^^^^^^^^^^^^^^^^^^^^^^^^^^^
  File "C:\Users\allie\anaconda3\Lib\http\client.py", line 1093, in _send_output
    self.send(msg)
    ~~~~~~~~~^^^^^
  File "C:\Users\allie\anaconda3\Lib\http\client.py", line 1037, in send
    self.connect()
    ~~~~~~~~~~~~^^
  File "C:\Users\allie\AppData\Roaming\Python\Python313\site-packages\urllib3\connection.py", line 325, in connect
    self.sock = self._new_conn()
                ~~~~~~~~~~~~~~^^
  File "C:\Users\allie\AppData\Roaming\Python\Python313\site-packages\urllib3\connection.py", line 205, in _new_conn
    raise NameResolutionError(self.host, self, e) from e
urllib3.exceptions.NameResolutionError: <urllib3.connection.HTTPConnection object at 0x000001AA7087D150>: Failed to resolve 'staging.silentium.htb' ([Errno 11001] getaddrinfo failed)

The above exception was the direct cause of the following exception:

Traceback (most recent call last):
  File "C:\Users\allie\AppData\Roaming\Python\Python313\site-packages\requests\adapters.py", line 667, in send
    resp = conn.urlopen(
        method=request.method,
    ...<9 lines>...
        chunked=chunked,
    )
  File "C:\Users\allie\AppData\Roaming\Python\Python313\site-packages\urllib3\connectionpool.py", line 841, in urlopen
    retries = retries.increment(
        method, url, error=new_e, _pool=self, _stacktrace=sys.exc_info()[2]
    )
  File "C:\Users\allie\AppData\Roaming\Python\Python313\site-packages\urllib3\util\retry.py", line 519, in increment
    raise MaxRetryError(_pool, url, reason) from reason  # type: ignore[arg-type]
    ^^^^^^^^^^^^^^^^^^^^^^^^^^^^^^^^^^^^^^^^^^^^^^^^^^^
urllib3.exceptions.MaxRetryError: HTTPConnectionPool(host='staging.silentium.htb', port=80): Max retries exceeded with url: /status (Caused by NameResolutionError("<urllib3.connection.HTTPConnection object at 0x000001AA7087D150>: Failed to resolve 'staging.silentium.htb' ([Errno 11001] getaddrinfo failed)"))

During handling of the above exception, another exception occurred:

Traceback (most recent call last):
  File "C:\Users\allie\Coding Projects\huggin_suite\huginn\app\tools\enterprise_fingerprint.py", line 432, in _index_surface
    response = self.session.get(url, timeout=5, allow_redirects=False)
  File "C:\Users\allie\AppData\Roaming\Python\Python313\site-packages\requests\sessions.py", line 602, in get
    return self.request("GET", url, **kwargs)
           ~~~~~~~~~~~~^^^^^^^^^^^^^^^^^^^^^^
  File "C:\Users\allie\AppData\Roaming\Python\Python313\site-packages\requests\sessions.py", line 589, in request
    resp = self.send(prep, **send_kwargs)
  File "C:\Users\allie\AppData\Roaming\Python\Python313\site-packages\requests\sessions.py", line 703, in send
    r = adapter.send(request, **kwargs)
  File "C:\Users\allie\AppData\Roaming\Python\Python313\site-packages\requests\adapters.py", line 700, in send
    raise ConnectionError(e, request=request)
requests.exceptions.ConnectionError: HTTPConnectionPool(host='staging.silentium.htb', port=80): Max retries exceeded with url: /status (Caused by NameResolutionError("<urllib3.connection.HTTPConnection object at 0x000001AA7087D150>: Failed to resolve 'staging.silentium.htb' ([Errno 11001] getaddrinfo failed)"))
2026-05-19 09:22:45 - huginn - DEBUG - Suppressed exception
Traceback (most recent call last):
  File "C:\Users\allie\AppData\Roaming\Python\Python313\site-packages\urllib3\connection.py", line 198, in _new_conn
    sock = connection.create_connection(
        (self._dns_host, self.port),
    ...<2 lines>...
        socket_options=self.socket_options,
    )
  File "C:\Users\allie\AppData\Roaming\Python\Python313\site-packages\urllib3\util\connection.py", line 60, in create_connection
    for res in socket.getaddrinfo(host, port, family, socket.SOCK_STREAM):
               ~~~~~~~~~~~~~~~~~~^^^^^^^^^^^^^^^^^^^^^^^^^^^^^^^^^^^^^^^^
  File "C:\Users\allie\anaconda3\Lib\socket.py", line 977, in getaddrinfo
    for res in _socket.getaddrinfo(host, port, family, type, proto, flags):
               ~~~~~~~~~~~~~~~~~~~^^^^^^^^^^^^^^^^^^^^^^^^^^^^^^^^^^^^^^^^
socket.gaierror: [Errno 11001] getaddrinfo failed

The above exception was the direct cause of the following exception:

Traceback (most recent call last):
  File "C:\Users\allie\AppData\Roaming\Python\Python313\site-packages\urllib3\connectionpool.py", line 787, in urlopen
    response = self._make_request(
        conn,
    ...<10 lines>...
        **response_kw,
    )
  File "C:\Users\allie\AppData\Roaming\Python\Python313\site-packages\urllib3\connectionpool.py", line 493, in _make_request
    conn.request(
    ~~~~~~~~~~~~^
        method,
        ^^^^^^^
    ...<6 lines>...
        enforce_content_length=enforce_content_length,
        ^^^^^^^^^^^^^^^^^^^^^^^^^^^^^^^^^^^^^^^^^^^^^^
    )
    ^
  File "C:\Users\allie\AppData\Roaming\Python\Python313\site-packages\urllib3\connection.py", line 494, in request
    self.endheaders()
    ~~~~~~~~~~~~~~~^^
  File "C:\Users\allie\anaconda3\Lib\http\client.py", line 1333, in endheaders
    self._send_output(message_body, encode_chunked=encode_chunked)
    ~~~~~~~~~~~~~~~~~^^^^^^^^^^^^^^^^^^^^^^^^^^^^^^^^^^^^^^^^^^^^^
  File "C:\Users\allie\anaconda3\Lib\http\client.py", line 1093, in _send_output
    self.send(msg)
    ~~~~~~~~~^^^^^
  File "C:\Users\allie\anaconda3\Lib\http\client.py", line 1037, in send
    self.connect()
    ~~~~~~~~~~~~^^
  File "C:\Users\allie\AppData\Roaming\Python\Python313\site-packages\urllib3\connection.py", line 325, in connect
    self.sock = self._new_conn()
                ~~~~~~~~~~~~~~^^
  File "C:\Users\allie\AppData\Roaming\Python\Python313\site-packages\urllib3\connection.py", line 205, in _new_conn
    raise NameResolutionError(self.host, self, e) from e
urllib3.exceptions.NameResolutionError: <urllib3.connection.HTTPConnection object at 0x000001AA7087D370>: Failed to resolve 'staging.silentium.htb' ([Errno 11001] getaddrinfo failed)

The above exception was the direct cause of the following exception:

Traceback (most recent call last):
  File "C:\Users\allie\AppData\Roaming\Python\Python313\site-packages\requests\adapters.py", line 667, in send
    resp = conn.urlopen(
        method=request.method,
    ...<9 lines>...
        chunked=chunked,
    )
  File "C:\Users\allie\AppData\Roaming\Python\Python313\site-packages\urllib3\connectionpool.py", line 841, in urlopen
    retries = retries.increment(
        method, url, error=new_e, _pool=self, _stacktrace=sys.exc_info()[2]
    )
  File "C:\Users\allie\AppData\Roaming\Python\Python313\site-packages\urllib3\util\retry.py", line 519, in increment
    raise MaxRetryError(_pool, url, reason) from reason  # type: ignore[arg-type]
    ^^^^^^^^^^^^^^^^^^^^^^^^^^^^^^^^^^^^^^^^^^^^^^^^^^^
urllib3.exceptions.MaxRetryError: HTTPConnectionPool(host='staging.silentium.htb', port=80): Max retries exceeded with url: /web (Caused by NameResolutionError("<urllib3.connection.HTTPConnection object at 0x000001AA7087D370>: Failed to resolve 'staging.silentium.htb' ([Errno 11001] getaddrinfo failed)"))

During handling of the above exception, another exception occurred:

Traceback (most recent call last):
  File "C:\Users\allie\Coding Projects\huggin_suite\huginn\app\tools\enterprise_fingerprint.py", line 432, in _index_surface
    response = self.session.get(url, timeout=5, allow_redirects=False)
  File "C:\Users\allie\AppData\Roaming\Python\Python313\site-packages\requests\sessions.py", line 602, in get
    return self.request("GET", url, **kwargs)
           ~~~~~~~~~~~~^^^^^^^^^^^^^^^^^^^^^^
  File "C:\Users\allie\AppData\Roaming\Python\Python313\site-packages\requests\sessions.py", line 589, in request
    resp = self.send(prep, **send_kwargs)
  File "C:\Users\allie\AppData\Roaming\Python\Python313\site-packages\requests\sessions.py", line 703, in send
    r = adapter.send(request, **kwargs)
  File "C:\Users\allie\AppData\Roaming\Python\Python313\site-packages\requests\adapters.py", line 700, in send
    raise ConnectionError(e, request=request)
requests.exceptions.ConnectionError: HTTPConnectionPool(host='staging.silentium.htb', port=80): Max retries exceeded with url: /web (Caused by NameResolutionError("<urllib3.connection.HTTPConnection object at 0x000001AA7087D370>: Failed to resolve 'staging.silentium.htb' ([Errno 11001] getaddrinfo failed)"))
2026-05-19 09:22:45 - huginn - DEBUG - Suppressed exception
Traceback (most recent call last):
  File "C:\Users\allie\AppData\Roaming\Python\Python313\site-packages\urllib3\connection.py", line 198, in _new_conn
    sock = connection.create_connection(
        (self._dns_host, self.port),
    ...<2 lines>...
        socket_options=self.socket_options,
    )
  File "C:\Users\allie\AppData\Roaming\Python\Python313\site-packages\urllib3\util\connection.py", line 60, in create_connection
    for res in socket.getaddrinfo(host, port, family, socket.SOCK_STREAM):
               ~~~~~~~~~~~~~~~~~~^^^^^^^^^^^^^^^^^^^^^^^^^^^^^^^^^^^^^^^^
  File "C:\Users\allie\anaconda3\Lib\socket.py", line 977, in getaddrinfo
    for res in _socket.getaddrinfo(host, port, family, type, proto, flags):
               ~~~~~~~~~~~~~~~~~~~^^^^^^^^^^^^^^^^^^^^^^^^^^^^^^^^^^^^^^^^
socket.gaierror: [Errno 11001] getaddrinfo failed

The above exception was the direct cause of the following exception:

Traceback (most recent call last):
  File "C:\Users\allie\AppData\Roaming\Python\Python313\site-packages\urllib3\connectionpool.py", line 787, in urlopen
    response = self._make_request(
        conn,
    ...<10 lines>...
        **response_kw,
    )
  File "C:\Users\allie\AppData\Roaming\Python\Python313\site-packages\urllib3\connectionpool.py", line 493, in _make_request
    conn.request(
    ~~~~~~~~~~~~^
        method,
        ^^^^^^^
    ...<6 lines>...
        enforce_content_length=enforce_content_length,
        ^^^^^^^^^^^^^^^^^^^^^^^^^^^^^^^^^^^^^^^^^^^^^^
    )
    ^
  File "C:\Users\allie\AppData\Roaming\Python\Python313\site-packages\urllib3\connection.py", line 494, in request
    self.endheaders()
    ~~~~~~~~~~~~~~~^^
  File "C:\Users\allie\anaconda3\Lib\http\client.py", line 1333, in endheaders
    self._send_output(message_body, encode_chunked=encode_chunked)
    ~~~~~~~~~~~~~~~~~^^^^^^^^^^^^^^^^^^^^^^^^^^^^^^^^^^^^^^^^^^^^^
  File "C:\Users\allie\anaconda3\Lib\http\client.py", line 1093, in _send_output
    self.send(msg)
    ~~~~~~~~~^^^^^
  File "C:\Users\allie\anaconda3\Lib\http\client.py", line 1037, in send
    self.connect()
    ~~~~~~~~~~~~^^
  File "C:\Users\allie\AppData\Roaming\Python\Python313\site-packages\urllib3\connection.py", line 325, in connect
    self.sock = self._new_conn()
                ~~~~~~~~~~~~~~^^
  File "C:\Users\allie\AppData\Roaming\Python\Python313\site-packages\urllib3\connection.py", line 205, in _new_conn
    raise NameResolutionError(self.host, self, e) from e
urllib3.exceptions.NameResolutionError: <urllib3.connection.HTTPConnection object at 0x000001AA7087D590>: Failed to resolve 'staging.silentium.htb' ([Errno 11001] getaddrinfo failed)

The above exception was the direct cause of the following exception:

Traceback (most recent call last):
  File "C:\Users\allie\AppData\Roaming\Python\Python313\site-packages\requests\adapters.py", line 667, in send
    resp = conn.urlopen(
        method=request.method,
    ...<9 lines>...
        chunked=chunked,
    )
  File "C:\Users\allie\AppData\Roaming\Python\Python313\site-packages\urllib3\connectionpool.py", line 841, in urlopen
    retries = retries.increment(
        method, url, error=new_e, _pool=self, _stacktrace=sys.exc_info()[2]
    )
  File "C:\Users\allie\AppData\Roaming\Python\Python313\site-packages\urllib3\util\retry.py", line 519, in increment
    raise MaxRetryError(_pool, url, reason) from reason  # type: ignore[arg-type]
    ^^^^^^^^^^^^^^^^^^^^^^^^^^^^^^^^^^^^^^^^^^^^^^^^^^^
urllib3.exceptions.MaxRetryError: HTTPConnectionPool(host='staging.silentium.htb', port=80): Max retries exceeded with url: /manager (Caused by NameResolutionError("<urllib3.connection.HTTPConnection object at 0x000001AA7087D590>: Failed to resolve 'staging.silentium.htb' ([Errno 11001] getaddrinfo failed)"))

During handling of the above exception, another exception occurred:

Traceback (most recent call last):
  File "C:\Users\allie\Coding Projects\huggin_suite\huginn\app\tools\enterprise_fingerprint.py", line 432, in _index_surface
    response = self.session.get(url, timeout=5, allow_redirects=False)
  File "C:\Users\allie\AppData\Roaming\Python\Python313\site-packages\requests\sessions.py", line 602, in get
    return self.request("GET", url, **kwargs)
           ~~~~~~~~~~~~^^^^^^^^^^^^^^^^^^^^^^
  File "C:\Users\allie\AppData\Roaming\Python\Python313\site-packages\requests\sessions.py", line 589, in request
    resp = self.send(prep, **send_kwargs)
  File "C:\Users\allie\AppData\Roaming\Python\Python313\site-packages\requests\sessions.py", line 703, in send
    r = adapter.send(request, **kwargs)
  File "C:\Users\allie\AppData\Roaming\Python\Python313\site-packages\requests\adapters.py", line 700, in send
    raise ConnectionError(e, request=request)
requests.exceptions.ConnectionError: HTTPConnectionPool(host='staging.silentium.htb', port=80): Max retries exceeded with url: /manager (Caused by NameResolutionError("<urllib3.connection.HTTPConnection object at 0x000001AA7087D590>: Failed to resolve 'staging.silentium.htb' ([Errno 11001] getaddrinfo failed)"))
2026-05-19 09:22:45 - huginn - DEBUG - Suppressed exception
Traceback (most recent call last):
  File "C:\Users\allie\AppData\Roaming\Python\Python313\site-packages\urllib3\connection.py", line 198, in _new_conn
    sock = connection.create_connection(
        (self._dns_host, self.port),
    ...<2 lines>...
        socket_options=self.socket_options,
    )
  File "C:\Users\allie\AppData\Roaming\Python\Python313\site-packages\urllib3\util\connection.py", line 60, in create_connection
    for res in socket.getaddrinfo(host, port, family, socket.SOCK_STREAM):
               ~~~~~~~~~~~~~~~~~~^^^^^^^^^^^^^^^^^^^^^^^^^^^^^^^^^^^^^^^^
  File "C:\Users\allie\anaconda3\Lib\socket.py", line 977, in getaddrinfo
    for res in _socket.getaddrinfo(host, port, family, type, proto, flags):
               ~~~~~~~~~~~~~~~~~~~^^^^^^^^^^^^^^^^^^^^^^^^^^^^^^^^^^^^^^^^
socket.gaierror: [Errno 11001] getaddrinfo failed

The above exception was the direct cause of the following exception:

Traceback (most recent call last):
  File "C:\Users\allie\AppData\Roaming\Python\Python313\site-packages\urllib3\connectionpool.py", line 787, in urlopen
    response = self._make_request(
        conn,
    ...<10 lines>...
        **response_kw,
    )
  File "C:\Users\allie\AppData\Roaming\Python\Python313\site-packages\urllib3\connectionpool.py", line 493, in _make_request
    conn.request(
    ~~~~~~~~~~~~^
        method,
        ^^^^^^^
    ...<6 lines>...
        enforce_content_length=enforce_content_length,
        ^^^^^^^^^^^^^^^^^^^^^^^^^^^^^^^^^^^^^^^^^^^^^^
    )
    ^
  File "C:\Users\allie\AppData\Roaming\Python\Python313\site-packages\urllib3\connection.py", line 494, in request
    self.endheaders()
    ~~~~~~~~~~~~~~~^^
  File "C:\Users\allie\anaconda3\Lib\http\client.py", line 1333, in endheaders
    self._send_output(message_body, encode_chunked=encode_chunked)
    ~~~~~~~~~~~~~~~~~^^^^^^^^^^^^^^^^^^^^^^^^^^^^^^^^^^^^^^^^^^^^^
  File "C:\Users\allie\anaconda3\Lib\http\client.py", line 1093, in _send_output
    self.send(msg)
    ~~~~~~~~~^^^^^
  File "C:\Users\allie\anaconda3\Lib\http\client.py", line 1037, in send
    self.connect()
    ~~~~~~~~~~~~^^
  File "C:\Users\allie\AppData\Roaming\Python\Python313\site-packages\urllib3\connection.py", line 325, in connect
    self.sock = self._new_conn()
                ~~~~~~~~~~~~~~^^
  File "C:\Users\allie\AppData\Roaming\Python\Python313\site-packages\urllib3\connection.py", line 205, in _new_conn
    raise NameResolutionError(self.host, self, e) from e
urllib3.exceptions.NameResolutionError: <urllib3.connection.HTTPConnection object at 0x000001AA7087D7B0>: Failed to resolve 'staging.silentium.htb' ([Errno 11001] getaddrinfo failed)

The above exception was the direct cause of the following exception:

Traceback (most recent call last):
  File "C:\Users\allie\AppData\Roaming\Python\Python313\site-packages\requests\adapters.py", line 667, in send
    resp = conn.urlopen(
        method=request.method,
    ...<9 lines>...
        chunked=chunked,
    )
  File "C:\Users\allie\AppData\Roaming\Python\Python313\site-packages\urllib3\connectionpool.py", line 841, in urlopen
    retries = retries.increment(
        method, url, error=new_e, _pool=self, _stacktrace=sys.exc_info()[2]
    )
  File "C:\Users\allie\AppData\Roaming\Python\Python313\site-packages\urllib3\util\retry.py", line 519, in increment
    raise MaxRetryError(_pool, url, reason) from reason  # type: ignore[arg-type]
    ^^^^^^^^^^^^^^^^^^^^^^^^^^^^^^^^^^^^^^^^^^^^^^^^^^^
urllib3.exceptions.MaxRetryError: HTTPConnectionPool(host='staging.silentium.htb', port=80): Max retries exceeded with url: /api (Caused by NameResolutionError("<urllib3.connection.HTTPConnection object at 0x000001AA7087D7B0>: Failed to resolve 'staging.silentium.htb' ([Errno 11001] getaddrinfo failed)"))

During handling of the above exception, another exception occurred:

Traceback (most recent call last):
  File "C:\Users\allie\Coding Projects\huggin_suite\huginn\app\tools\enterprise_fingerprint.py", line 432, in _index_surface
    response = self.session.get(url, timeout=5, allow_redirects=False)
  File "C:\Users\allie\AppData\Roaming\Python\Python313\site-packages\requests\sessions.py", line 602, in get
    return self.request("GET", url, **kwargs)
           ~~~~~~~~~~~~^^^^^^^^^^^^^^^^^^^^^^
  File "C:\Users\allie\AppData\Roaming\Python\Python313\site-packages\requests\sessions.py", line 589, in request
    resp = self.send(prep, **send_kwargs)
  File "C:\Users\allie\AppData\Roaming\Python\Python313\site-packages\requests\sessions.py", line 703, in send
    r = adapter.send(request, **kwargs)
  File "C:\Users\allie\AppData\Roaming\Python\Python313\site-packages\requests\adapters.py", line 700, in send
    raise ConnectionError(e, request=request)
requests.exceptions.ConnectionError: HTTPConnectionPool(host='staging.silentium.htb', port=80): Max retries exceeded with url: /api (Caused by NameResolutionError("<urllib3.connection.HTTPConnection object at 0x000001AA7087D7B0>: Failed to resolve 'staging.silentium.htb' ([Errno 11001] getaddrinfo failed)"))
2026-05-19 09:22:45 - huginn - DEBUG - Suppressed exception
Traceback (most recent call last):
  File "C:\Users\allie\AppData\Roaming\Python\Python313\site-packages\urllib3\connection.py", line 198, in _new_conn
    sock = connection.create_connection(
        (self._dns_host, self.port),
    ...<2 lines>...
        socket_options=self.socket_options,
    )
  File "C:\Users\allie\AppData\Roaming\Python\Python313\site-packages\urllib3\util\connection.py", line 60, in create_connection
    for res in socket.getaddrinfo(host, port, family, socket.SOCK_STREAM):
               ~~~~~~~~~~~~~~~~~~^^^^^^^^^^^^^^^^^^^^^^^^^^^^^^^^^^^^^^^^
  File "C:\Users\allie\anaconda3\Lib\socket.py", line 977, in getaddrinfo
    for res in _socket.getaddrinfo(host, port, family, type, proto, flags):
               ~~~~~~~~~~~~~~~~~~~^^^^^^^^^^^^^^^^^^^^^^^^^^^^^^^^^^^^^^^^
socket.gaierror: [Errno 11001] getaddrinfo failed

The above exception was the direct cause of the following exception:

Traceback (most recent call last):
  File "C:\Users\allie\AppData\Roaming\Python\Python313\site-packages\urllib3\connectionpool.py", line 787, in urlopen
    response = self._make_request(
        conn,
    ...<10 lines>...
        **response_kw,
    )
  File "C:\Users\allie\AppData\Roaming\Python\Python313\site-packages\urllib3\connectionpool.py", line 493, in _make_request
    conn.request(
    ~~~~~~~~~~~~^
        method,
        ^^^^^^^
    ...<6 lines>...
        enforce_content_length=enforce_content_length,
        ^^^^^^^^^^^^^^^^^^^^^^^^^^^^^^^^^^^^^^^^^^^^^^
    )
    ^
  File "C:\Users\allie\AppData\Roaming\Python\Python313\site-packages\urllib3\connection.py", line 494, in request
    self.endheaders()
    ~~~~~~~~~~~~~~~^^
  File "C:\Users\allie\anaconda3\Lib\http\client.py", line 1333, in endheaders
    self._send_output(message_body, encode_chunked=encode_chunked)
    ~~~~~~~~~~~~~~~~~^^^^^^^^^^^^^^^^^^^^^^^^^^^^^^^^^^^^^^^^^^^^^
  File "C:\Users\allie\anaconda3\Lib\http\client.py", line 1093, in _send_output
    self.send(msg)
    ~~~~~~~~~^^^^^
  File "C:\Users\allie\anaconda3\Lib\http\client.py", line 1037, in send
    self.connect()
    ~~~~~~~~~~~~^^
  File "C:\Users\allie\AppData\Roaming\Python\Python313\site-packages\urllib3\connection.py", line 325, in connect
    self.sock = self._new_conn()
                ~~~~~~~~~~~~~~^^
  File "C:\Users\allie\AppData\Roaming\Python\Python313\site-packages\urllib3\connection.py", line 205, in _new_conn
    raise NameResolutionError(self.host, self, e) from e
urllib3.exceptions.NameResolutionError: <urllib3.connection.HTTPConnection object at 0x000001AA7087D9D0>: Failed to resolve 'staging.silentium.htb' ([Errno 11001] getaddrinfo failed)

The above exception was the direct cause of the following exception:

Traceback (most recent call last):
  File "C:\Users\allie\AppData\Roaming\Python\Python313\site-packages\requests\adapters.py", line 667, in send
    resp = conn.urlopen(
        method=request.method,
    ...<9 lines>...
        chunked=chunked,
    )
  File "C:\Users\allie\AppData\Roaming\Python\Python313\site-packages\urllib3\connectionpool.py", line 841, in urlopen
    retries = retries.increment(
        method, url, error=new_e, _pool=self, _stacktrace=sys.exc_info()[2]
    )
  File "C:\Users\allie\AppData\Roaming\Python\Python313\site-packages\urllib3\util\retry.py", line 519, in increment
    raise MaxRetryError(_pool, url, reason) from reason  # type: ignore[arg-type]
    ^^^^^^^^^^^^^^^^^^^^^^^^^^^^^^^^^^^^^^^^^^^^^^^^^^^
urllib3.exceptions.MaxRetryError: HTTPConnectionPool(host='staging.silentium.htb', port=80): Max retries exceeded with url: /v1 (Caused by NameResolutionError("<urllib3.connection.HTTPConnection object at 0x000001AA7087D9D0>: Failed to resolve 'staging.silentium.htb' ([Errno 11001] getaddrinfo failed)"))

During handling of the above exception, another exception occurred:

Traceback (most recent call last):
  File "C:\Users\allie\Coding Projects\huggin_suite\huginn\app\tools\enterprise_fingerprint.py", line 432, in _index_surface
    response = self.session.get(url, timeout=5, allow_redirects=False)
  File "C:\Users\allie\AppData\Roaming\Python\Python313\site-packages\requests\sessions.py", line 602, in get
    return self.request("GET", url, **kwargs)
           ~~~~~~~~~~~~^^^^^^^^^^^^^^^^^^^^^^
  File "C:\Users\allie\AppData\Roaming\Python\Python313\site-packages\requests\sessions.py", line 589, in request
    resp = self.send(prep, **send_kwargs)
  File "C:\Users\allie\AppData\Roaming\Python\Python313\site-packages\requests\sessions.py", line 703, in send
    r = adapter.send(request, **kwargs)
  File "C:\Users\allie\AppData\Roaming\Python\Python313\site-packages\requests\adapters.py", line 700, in send
    raise ConnectionError(e, request=request)
requests.exceptions.ConnectionError: HTTPConnectionPool(host='staging.silentium.htb', port=80): Max retries exceeded with url: /v1 (Caused by NameResolutionError("<urllib3.connection.HTTPConnection object at 0x000001AA7087D9D0>: Failed to resolve 'staging.silentium.htb' ([Errno 11001] getaddrinfo failed)"))
2026-05-19 09:22:45 - huginn - DEBUG - Suppressed exception
Traceback (most recent call last):
  File "C:\Users\allie\AppData\Roaming\Python\Python313\site-packages\urllib3\connection.py", line 198, in _new_conn
    sock = connection.create_connection(
        (self._dns_host, self.port),
    ...<2 lines>...
        socket_options=self.socket_options,
    )
  File "C:\Users\allie\AppData\Roaming\Python\Python313\site-packages\urllib3\util\connection.py", line 60, in create_connection
    for res in socket.getaddrinfo(host, port, family, socket.SOCK_STREAM):
               ~~~~~~~~~~~~~~~~~~^^^^^^^^^^^^^^^^^^^^^^^^^^^^^^^^^^^^^^^^
  File "C:\Users\allie\anaconda3\Lib\socket.py", line 977, in getaddrinfo
    for res in _socket.getaddrinfo(host, port, family, type, proto, flags):
               ~~~~~~~~~~~~~~~~~~~^^^^^^^^^^^^^^^^^^^^^^^^^^^^^^^^^^^^^^^^
socket.gaierror: [Errno 11001] getaddrinfo failed

The above exception was the direct cause of the following exception:

Traceback (most recent call last):
  File "C:\Users\allie\AppData\Roaming\Python\Python313\site-packages\urllib3\connectionpool.py", line 787, in urlopen
    response = self._make_request(
        conn,
    ...<10 lines>...
        **response_kw,
    )
  File "C:\Users\allie\AppData\Roaming\Python\Python313\site-packages\urllib3\connectionpool.py", line 493, in _make_request
    conn.request(
    ~~~~~~~~~~~~^
        method,
        ^^^^^^^
    ...<6 lines>...
        enforce_content_length=enforce_content_length,
        ^^^^^^^^^^^^^^^^^^^^^^^^^^^^^^^^^^^^^^^^^^^^^^
    )
    ^
  File "C:\Users\allie\AppData\Roaming\Python\Python313\site-packages\urllib3\connection.py", line 494, in request
    self.endheaders()
    ~~~~~~~~~~~~~~~^^
  File "C:\Users\allie\anaconda3\Lib\http\client.py", line 1333, in endheaders
    self._send_output(message_body, encode_chunked=encode_chunked)
    ~~~~~~~~~~~~~~~~~^^^^^^^^^^^^^^^^^^^^^^^^^^^^^^^^^^^^^^^^^^^^^
  File "C:\Users\allie\anaconda3\Lib\http\client.py", line 1093, in _send_output
    self.send(msg)
    ~~~~~~~~~^^^^^
  File "C:\Users\allie\anaconda3\Lib\http\client.py", line 1037, in send
    self.connect()
    ~~~~~~~~~~~~^^
  File "C:\Users\allie\AppData\Roaming\Python\Python313\site-packages\urllib3\connection.py", line 325, in connect
    self.sock = self._new_conn()
                ~~~~~~~~~~~~~~^^
  File "C:\Users\allie\AppData\Roaming\Python\Python313\site-packages\urllib3\connection.py", line 205, in _new_conn
    raise NameResolutionError(self.host, self, e) from e
urllib3.exceptions.NameResolutionError: <urllib3.connection.HTTPConnection object at 0x000001AA7087DBF0>: Failed to resolve 'staging.silentium.htb' ([Errno 11001] getaddrinfo failed)

The above exception was the direct cause of the following exception:

Traceback (most recent call last):
  File "C:\Users\allie\AppData\Roaming\Python\Python313\site-packages\requests\adapters.py", line 667, in send
    resp = conn.urlopen(
        method=request.method,
    ...<9 lines>...
        chunked=chunked,
    )
  File "C:\Users\allie\AppData\Roaming\Python\Python313\site-packages\urllib3\connectionpool.py", line 841, in urlopen
    retries = retries.increment(
        method, url, error=new_e, _pool=self, _stacktrace=sys.exc_info()[2]
    )
  File "C:\Users\allie\AppData\Roaming\Python\Python313\site-packages\urllib3\util\retry.py", line 519, in increment
    raise MaxRetryError(_pool, url, reason) from reason  # type: ignore[arg-type]
    ^^^^^^^^^^^^^^^^^^^^^^^^^^^^^^^^^^^^^^^^^^^^^^^^^^^
urllib3.exceptions.MaxRetryError: HTTPConnectionPool(host='staging.silentium.htb', port=80): Max retries exceeded with url: /v2 (Caused by NameResolutionError("<urllib3.connection.HTTPConnection object at 0x000001AA7087DBF0>: Failed to resolve 'staging.silentium.htb' ([Errno 11001] getaddrinfo failed)"))

During handling of the above exception, another exception occurred:

Traceback (most recent call last):
  File "C:\Users\allie\Coding Projects\huggin_suite\huginn\app\tools\enterprise_fingerprint.py", line 432, in _index_surface
    response = self.session.get(url, timeout=5, allow_redirects=False)
  File "C:\Users\allie\AppData\Roaming\Python\Python313\site-packages\requests\sessions.py", line 602, in get
    return self.request("GET", url, **kwargs)
           ~~~~~~~~~~~~^^^^^^^^^^^^^^^^^^^^^^
  File "C:\Users\allie\AppData\Roaming\Python\Python313\site-packages\requests\sessions.py", line 589, in request
    resp = self.send(prep, **send_kwargs)
  File "C:\Users\allie\AppData\Roaming\Python\Python313\site-packages\requests\sessions.py", line 703, in send
    r = adapter.send(request, **kwargs)
  File "C:\Users\allie\AppData\Roaming\Python\Python313\site-packages\requests\adapters.py", line 700, in send
    raise ConnectionError(e, request=request)
requests.exceptions.ConnectionError: HTTPConnectionPool(host='staging.silentium.htb', port=80): Max retries exceeded with url: /v2 (Caused by NameResolutionError("<urllib3.connection.HTTPConnection object at 0x000001AA7087DBF0>: Failed to resolve 'staging.silentium.htb' ([Errno 11001] getaddrinfo failed)"))
2026-05-19 09:22:45 - huginn - DEBUG - Suppressed exception
Traceback (most recent call last):
  File "C:\Users\allie\AppData\Roaming\Python\Python313\site-packages\urllib3\connection.py", line 198, in _new_conn
    sock = connection.create_connection(
        (self._dns_host, self.port),
    ...<2 lines>...
        socket_options=self.socket_options,
    )
  File "C:\Users\allie\AppData\Roaming\Python\Python313\site-packages\urllib3\util\connection.py", line 60, in create_connection
    for res in socket.getaddrinfo(host, port, family, socket.SOCK_STREAM):
               ~~~~~~~~~~~~~~~~~~^^^^^^^^^^^^^^^^^^^^^^^^^^^^^^^^^^^^^^^^
  File "C:\Users\allie\anaconda3\Lib\socket.py", line 977, in getaddrinfo
    for res in _socket.getaddrinfo(host, port, family, type, proto, flags):
               ~~~~~~~~~~~~~~~~~~~^^^^^^^^^^^^^^^^^^^^^^^^^^^^^^^^^^^^^^^^
socket.gaierror: [Errno 11001] getaddrinfo failed

The above exception was the direct cause of the following exception:

Traceback (most recent call last):
  File "C:\Users\allie\AppData\Roaming\Python\Python313\site-packages\urllib3\connectionpool.py", line 787, in urlopen
    response = self._make_request(
        conn,
    ...<10 lines>...
        **response_kw,
    )
  File "C:\Users\allie\AppData\Roaming\Python\Python313\site-packages\urllib3\connectionpool.py", line 493, in _make_request
    conn.request(
    ~~~~~~~~~~~~^
        method,
        ^^^^^^^
    ...<6 lines>...
        enforce_content_length=enforce_content_length,
        ^^^^^^^^^^^^^^^^^^^^^^^^^^^^^^^^^^^^^^^^^^^^^^
    )
    ^
  File "C:\Users\allie\AppData\Roaming\Python\Python313\site-packages\urllib3\connection.py", line 494, in request
    self.endheaders()
    ~~~~~~~~~~~~~~~^^
  File "C:\Users\allie\anaconda3\Lib\http\client.py", line 1333, in endheaders
    self._send_output(message_body, encode_chunked=encode_chunked)
    ~~~~~~~~~~~~~~~~~^^^^^^^^^^^^^^^^^^^^^^^^^^^^^^^^^^^^^^^^^^^^^
  File "C:\Users\allie\anaconda3\Lib\http\client.py", line 1093, in _send_output
    self.send(msg)
    ~~~~~~~~~^^^^^
  File "C:\Users\allie\anaconda3\Lib\http\client.py", line 1037, in send
    self.connect()
    ~~~~~~~~~~~~^^
  File "C:\Users\allie\AppData\Roaming\Python\Python313\site-packages\urllib3\connection.py", line 325, in connect
    self.sock = self._new_conn()
                ~~~~~~~~~~~~~~^^
  File "C:\Users\allie\AppData\Roaming\Python\Python313\site-packages\urllib3\connection.py", line 205, in _new_conn
    raise NameResolutionError(self.host, self, e) from e
urllib3.exceptions.NameResolutionError: <urllib3.connection.HTTPConnection object at 0x000001AA7087DE10>: Failed to resolve 'staging.silentium.htb' ([Errno 11001] getaddrinfo failed)

The above exception was the direct cause of the following exception:

Traceback (most recent call last):
  File "C:\Users\allie\AppData\Roaming\Python\Python313\site-packages\requests\adapters.py", line 667, in send
    resp = conn.urlopen(
        method=request.method,
    ...<9 lines>...
        chunked=chunked,
    )
  File "C:\Users\allie\AppData\Roaming\Python\Python313\site-packages\urllib3\connectionpool.py", line 841, in urlopen
    retries = retries.increment(
        method, url, error=new_e, _pool=self, _stacktrace=sys.exc_info()[2]
    )
  File "C:\Users\allie\AppData\Roaming\Python\Python313\site-packages\urllib3\util\retry.py", line 519, in increment
    raise MaxRetryError(_pool, url, reason) from reason  # type: ignore[arg-type]
    ^^^^^^^^^^^^^^^^^^^^^^^^^^^^^^^^^^^^^^^^^^^^^^^^^^^
urllib3.exceptions.MaxRetryError: HTTPConnectionPool(host='staging.silentium.htb', port=80): Max retries exceeded with url: /dashboard (Caused by NameResolutionError("<urllib3.connection.HTTPConnection object at 0x000001AA7087DE10>: Failed to resolve 'staging.silentium.htb' ([Errno 11001] getaddrinfo failed)"))

During handling of the above exception, another exception occurred:

Traceback (most recent call last):
  File "C:\Users\allie\Coding Projects\huggin_suite\huginn\app\tools\enterprise_fingerprint.py", line 432, in _index_surface
    response = self.session.get(url, timeout=5, allow_redirects=False)
  File "C:\Users\allie\AppData\Roaming\Python\Python313\site-packages\requests\sessions.py", line 602, in get
    return self.request("GET", url, **kwargs)
           ~~~~~~~~~~~~^^^^^^^^^^^^^^^^^^^^^^
  File "C:\Users\allie\AppData\Roaming\Python\Python313\site-packages\requests\sessions.py", line 589, in request
    resp = self.send(prep, **send_kwargs)
  File "C:\Users\allie\AppData\Roaming\Python\Python313\site-packages\requests\sessions.py", line 703, in send
    r = adapter.send(request, **kwargs)
  File "C:\Users\allie\AppData\Roaming\Python\Python313\site-packages\requests\adapters.py", line 700, in send
    raise ConnectionError(e, request=request)
requests.exceptions.ConnectionError: HTTPConnectionPool(host='staging.silentium.htb', port=80): Max retries exceeded with url: /dashboard (Caused by NameResolutionError("<urllib3.connection.HTTPConnection object at 0x000001AA7087DE10>: Failed to resolve 'staging.silentium.htb' ([Errno 11001] getaddrinfo failed)"))
2026-05-19 09:22:45 - huginn - DEBUG - Suppressed exception
Traceback (most recent call last):
  File "C:\Users\allie\AppData\Roaming\Python\Python313\site-packages\urllib3\connection.py", line 198, in _new_conn
    sock = connection.create_connection(
        (self._dns_host, self.port),
    ...<2 lines>...
        socket_options=self.socket_options,
    )
  File "C:\Users\allie\AppData\Roaming\Python\Python313\site-packages\urllib3\util\connection.py", line 60, in create_connection
    for res in socket.getaddrinfo(host, port, family, socket.SOCK_STREAM):
               ~~~~~~~~~~~~~~~~~~^^^^^^^^^^^^^^^^^^^^^^^^^^^^^^^^^^^^^^^^
  File "C:\Users\allie\anaconda3\Lib\socket.py", line 977, in getaddrinfo
    for res in _socket.getaddrinfo(host, port, family, type, proto, flags):
               ~~~~~~~~~~~~~~~~~~~^^^^^^^^^^^^^^^^^^^^^^^^^^^^^^^^^^^^^^^^
socket.gaierror: [Errno 11001] getaddrinfo failed

The above exception was the direct cause of the following exception:

Traceback (most recent call last):
  File "C:\Users\allie\AppData\Roaming\Python\Python313\site-packages\urllib3\connectionpool.py", line 787, in urlopen
    response = self._make_request(
        conn,
    ...<10 lines>...
        **response_kw,
    )
  File "C:\Users\allie\AppData\Roaming\Python\Python313\site-packages\urllib3\connectionpool.py", line 493, in _make_request
    conn.request(
    ~~~~~~~~~~~~^
        method,
        ^^^^^^^
    ...<6 lines>...
        enforce_content_length=enforce_content_length,
        ^^^^^^^^^^^^^^^^^^^^^^^^^^^^^^^^^^^^^^^^^^^^^^
    )
    ^
  File "C:\Users\allie\AppData\Roaming\Python\Python313\site-packages\urllib3\connection.py", line 494, in request
    self.endheaders()
    ~~~~~~~~~~~~~~~^^
  File "C:\Users\allie\anaconda3\Lib\http\client.py", line 1333, in endheaders
    self._send_output(message_body, encode_chunked=encode_chunked)
    ~~~~~~~~~~~~~~~~~^^^^^^^^^^^^^^^^^^^^^^^^^^^^^^^^^^^^^^^^^^^^^
  File "C:\Users\allie\anaconda3\Lib\http\client.py", line 1093, in _send_output
    self.send(msg)
    ~~~~~~~~~^^^^^
  File "C:\Users\allie\anaconda3\Lib\http\client.py", line 1037, in send
    self.connect()
    ~~~~~~~~~~~~^^
  File "C:\Users\allie\AppData\Roaming\Python\Python313\site-packages\urllib3\connection.py", line 325, in connect
    self.sock = self._new_conn()
                ~~~~~~~~~~~~~~^^
  File "C:\Users\allie\AppData\Roaming\Python\Python313\site-packages\urllib3\connection.py", line 205, in _new_conn
    raise NameResolutionError(self.host, self, e) from e
urllib3.exceptions.NameResolutionError: <urllib3.connection.HTTPConnection object at 0x000001AA7087E030>: Failed to resolve 'staging.silentium.htb' ([Errno 11001] getaddrinfo failed)

The above exception was the direct cause of the following exception:

Traceback (most recent call last):
  File "C:\Users\allie\AppData\Roaming\Python\Python313\site-packages\requests\adapters.py", line 667, in send
    resp = conn.urlopen(
        method=request.method,
    ...<9 lines>...
        chunked=chunked,
    )
  File "C:\Users\allie\AppData\Roaming\Python\Python313\site-packages\urllib3\connectionpool.py", line 841, in urlopen
    retries = retries.increment(
        method, url, error=new_e, _pool=self, _stacktrace=sys.exc_info()[2]
    )
  File "C:\Users\allie\AppData\Roaming\Python\Python313\site-packages\urllib3\util\retry.py", line 519, in increment
    raise MaxRetryError(_pool, url, reason) from reason  # type: ignore[arg-type]
    ^^^^^^^^^^^^^^^^^^^^^^^^^^^^^^^^^^^^^^^^^^^^^^^^^^^
urllib3.exceptions.MaxRetryError: HTTPConnectionPool(host='staging.silentium.htb', port=80): Max retries exceeded with url: /panel (Caused by NameResolutionError("<urllib3.connection.HTTPConnection object at 0x000001AA7087E030>: Failed to resolve 'staging.silentium.htb' ([Errno 11001] getaddrinfo failed)"))

During handling of the above exception, another exception occurred:

Traceback (most recent call last):
  File "C:\Users\allie\Coding Projects\huggin_suite\huginn\app\tools\enterprise_fingerprint.py", line 432, in _index_surface
    response = self.session.get(url, timeout=5, allow_redirects=False)
  File "C:\Users\allie\AppData\Roaming\Python\Python313\site-packages\requests\sessions.py", line 602, in get
    return self.request("GET", url, **kwargs)
           ~~~~~~~~~~~~^^^^^^^^^^^^^^^^^^^^^^
  File "C:\Users\allie\AppData\Roaming\Python\Python313\site-packages\requests\sessions.py", line 589, in request
    resp = self.send(prep, **send_kwargs)
  File "C:\Users\allie\AppData\Roaming\Python\Python313\site-packages\requests\sessions.py", line 703, in send
    r = adapter.send(request, **kwargs)
  File "C:\Users\allie\AppData\Roaming\Python\Python313\site-packages\requests\adapters.py", line 700, in send
    raise ConnectionError(e, request=request)
requests.exceptions.ConnectionError: HTTPConnectionPool(host='staging.silentium.htb', port=80): Max retries exceeded with url: /panel (Caused by NameResolutionError("<urllib3.connection.HTTPConnection object at 0x000001AA7087E030>: Failed to resolve 'staging.silentium.htb' ([Errno 11001] getaddrinfo failed)"))
2026-05-19 09:22:45 - huginn - DEBUG - Suppressed exception
Traceback (most recent call last):
  File "C:\Users\allie\AppData\Roaming\Python\Python313\site-packages\urllib3\connection.py", line 198, in _new_conn
    sock = connection.create_connection(
        (self._dns_host, self.port),
    ...<2 lines>...
        socket_options=self.socket_options,
    )
  File "C:\Users\allie\AppData\Roaming\Python\Python313\site-packages\urllib3\util\connection.py", line 60, in create_connection
    for res in socket.getaddrinfo(host, port, family, socket.SOCK_STREAM):
               ~~~~~~~~~~~~~~~~~~^^^^^^^^^^^^^^^^^^^^^^^^^^^^^^^^^^^^^^^^
  File "C:\Users\allie\anaconda3\Lib\socket.py", line 977, in getaddrinfo
    for res in _socket.getaddrinfo(host, port, family, type, proto, flags):
               ~~~~~~~~~~~~~~~~~~~^^^^^^^^^^^^^^^^^^^^^^^^^^^^^^^^^^^^^^^^
socket.gaierror: [Errno 11001] getaddrinfo failed

The above exception was the direct cause of the following exception:

Traceback (most recent call last):
  File "C:\Users\allie\AppData\Roaming\Python\Python313\site-packages\urllib3\connectionpool.py", line 787, in urlopen
    response = self._make_request(
        conn,
    ...<10 lines>...
        **response_kw,
    )
  File "C:\Users\allie\AppData\Roaming\Python\Python313\site-packages\urllib3\connectionpool.py", line 493, in _make_request
    conn.request(
    ~~~~~~~~~~~~^
        method,
        ^^^^^^^
    ...<6 lines>...
        enforce_content_length=enforce_content_length,
        ^^^^^^^^^^^^^^^^^^^^^^^^^^^^^^^^^^^^^^^^^^^^^^
    )
    ^
  File "C:\Users\allie\AppData\Roaming\Python\Python313\site-packages\urllib3\connection.py", line 494, in request
    self.endheaders()
    ~~~~~~~~~~~~~~~^^
  File "C:\Users\allie\anaconda3\Lib\http\client.py", line 1333, in endheaders
    self._send_output(message_body, encode_chunked=encode_chunked)
    ~~~~~~~~~~~~~~~~~^^^^^^^^^^^^^^^^^^^^^^^^^^^^^^^^^^^^^^^^^^^^^
  File "C:\Users\allie\anaconda3\Lib\http\client.py", line 1093, in _send_output
    self.send(msg)
    ~~~~~~~~~^^^^^
  File "C:\Users\allie\anaconda3\Lib\http\client.py", line 1037, in send
    self.connect()
    ~~~~~~~~~~~~^^
  File "C:\Users\allie\AppData\Roaming\Python\Python313\site-packages\urllib3\connection.py", line 325, in connect
    self.sock = self._new_conn()
                ~~~~~~~~~~~~~~^^
  File "C:\Users\allie\AppData\Roaming\Python\Python313\site-packages\urllib3\connection.py", line 205, in _new_conn
    raise NameResolutionError(self.host, self, e) from e
urllib3.exceptions.NameResolutionError: <urllib3.connection.HTTPConnection object at 0x000001AA7087E250>: Failed to resolve 'staging.silentium.htb' ([Errno 11001] getaddrinfo failed)

The above exception was the direct cause of the following exception:

Traceback (most recent call last):
  File "C:\Users\allie\AppData\Roaming\Python\Python313\site-packages\requests\adapters.py", line 667, in send
    resp = conn.urlopen(
        method=request.method,
    ...<9 lines>...
        chunked=chunked,
    )
  File "C:\Users\allie\AppData\Roaming\Python\Python313\site-packages\urllib3\connectionpool.py", line 841, in urlopen
    retries = retries.increment(
        method, url, error=new_e, _pool=self, _stacktrace=sys.exc_info()[2]
    )
  File "C:\Users\allie\AppData\Roaming\Python\Python313\site-packages\urllib3\util\retry.py", line 519, in increment
    raise MaxRetryError(_pool, url, reason) from reason  # type: ignore[arg-type]
    ^^^^^^^^^^^^^^^^^^^^^^^^^^^^^^^^^^^^^^^^^^^^^^^^^^^
urllib3.exceptions.MaxRetryError: HTTPConnectionPool(host='staging.silentium.htb', port=80): Max retries exceeded with url: /control (Caused by NameResolutionError("<urllib3.connection.HTTPConnection object at 0x000001AA7087E250>: Failed to resolve 'staging.silentium.htb' ([Errno 11001] getaddrinfo failed)"))

During handling of the above exception, another exception occurred:

Traceback (most recent call last):
  File "C:\Users\allie\Coding Projects\huggin_suite\huginn\app\tools\enterprise_fingerprint.py", line 432, in _index_surface
    response = self.session.get(url, timeout=5, allow_redirects=False)
  File "C:\Users\allie\AppData\Roaming\Python\Python313\site-packages\requests\sessions.py", line 602, in get
    return self.request("GET", url, **kwargs)
           ~~~~~~~~~~~~^^^^^^^^^^^^^^^^^^^^^^
  File "C:\Users\allie\AppData\Roaming\Python\Python313\site-packages\requests\sessions.py", line 589, in request
    resp = self.send(prep, **send_kwargs)
  File "C:\Users\allie\AppData\Roaming\Python\Python313\site-packages\requests\sessions.py", line 703, in send
    r = adapter.send(request, **kwargs)
  File "C:\Users\allie\AppData\Roaming\Python\Python313\site-packages\requests\adapters.py", line 700, in send
    raise ConnectionError(e, request=request)
requests.exceptions.ConnectionError: HTTPConnectionPool(host='staging.silentium.htb', port=80): Max retries exceeded with url: /control (Caused by NameResolutionError("<urllib3.connection.HTTPConnection object at 0x000001AA7087E250>: Failed to resolve 'staging.silentium.htb' ([Errno 11001] getaddrinfo failed)"))
2026-05-19 09:22:45 - huginn - DEBUG - Suppressed exception
Traceback (most recent call last):
  File "C:\Users\allie\AppData\Roaming\Python\Python313\site-packages\urllib3\connection.py", line 198, in _new_conn
    sock = connection.create_connection(
        (self._dns_host, self.port),
    ...<2 lines>...
        socket_options=self.socket_options,
    )
  File "C:\Users\allie\AppData\Roaming\Python\Python313\site-packages\urllib3\util\connection.py", line 60, in create_connection
    for res in socket.getaddrinfo(host, port, family, socket.SOCK_STREAM):
               ~~~~~~~~~~~~~~~~~~^^^^^^^^^^^^^^^^^^^^^^^^^^^^^^^^^^^^^^^^
  File "C:\Users\allie\anaconda3\Lib\socket.py", line 977, in getaddrinfo
    for res in _socket.getaddrinfo(host, port, family, type, proto, flags):
               ~~~~~~~~~~~~~~~~~~~^^^^^^^^^^^^^^^^^^^^^^^^^^^^^^^^^^^^^^^^
socket.gaierror: [Errno 11001] getaddrinfo failed

The above exception was the direct cause of the following exception:

Traceback (most recent call last):
  File "C:\Users\allie\AppData\Roaming\Python\Python313\site-packages\urllib3\connectionpool.py", line 787, in urlopen
    response = self._make_request(
        conn,
    ...<10 lines>...
        **response_kw,
    )
  File "C:\Users\allie\AppData\Roaming\Python\Python313\site-packages\urllib3\connectionpool.py", line 493, in _make_request
    conn.request(
    ~~~~~~~~~~~~^
        method,
        ^^^^^^^
    ...<6 lines>...
        enforce_content_length=enforce_content_length,
        ^^^^^^^^^^^^^^^^^^^^^^^^^^^^^^^^^^^^^^^^^^^^^^
    )
    ^
  File "C:\Users\allie\AppData\Roaming\Python\Python313\site-packages\urllib3\connection.py", line 494, in request
    self.endheaders()
    ~~~~~~~~~~~~~~~^^
  File "C:\Users\allie\anaconda3\Lib\http\client.py", line 1333, in endheaders
    self._send_output(message_body, encode_chunked=encode_chunked)
    ~~~~~~~~~~~~~~~~~^^^^^^^^^^^^^^^^^^^^^^^^^^^^^^^^^^^^^^^^^^^^^
  File "C:\Users\allie\anaconda3\Lib\http\client.py", line 1093, in _send_output
    self.send(msg)
    ~~~~~~~~~^^^^^
  File "C:\Users\allie\anaconda3\Lib\http\client.py", line 1037, in send
    self.connect()
    ~~~~~~~~~~~~^^
  File "C:\Users\allie\AppData\Roaming\Python\Python313\site-packages\urllib3\connection.py", line 325, in connect
    self.sock = self._new_conn()
                ~~~~~~~~~~~~~~^^
  File "C:\Users\allie\AppData\Roaming\Python\Python313\site-packages\urllib3\connection.py", line 205, in _new_conn
    raise NameResolutionError(self.host, self, e) from e
urllib3.exceptions.NameResolutionError: <urllib3.connection.HTTPConnection object at 0x000001AA7087E470>: Failed to resolve 'staging.silentium.htb' ([Errno 11001] getaddrinfo failed)

The above exception was the direct cause of the following exception:

Traceback (most recent call last):
  File "C:\Users\allie\AppData\Roaming\Python\Python313\site-packages\requests\adapters.py", line 667, in send
    resp = conn.urlopen(
        method=request.method,
    ...<9 lines>...
        chunked=chunked,
    )
  File "C:\Users\allie\AppData\Roaming\Python\Python313\site-packages\urllib3\connectionpool.py", line 841, in urlopen
    retries = retries.increment(
        method, url, error=new_e, _pool=self, _stacktrace=sys.exc_info()[2]
    )
  File "C:\Users\allie\AppData\Roaming\Python\Python313\site-packages\urllib3\util\retry.py", line 519, in increment
    raise MaxRetryError(_pool, url, reason) from reason  # type: ignore[arg-type]
    ^^^^^^^^^^^^^^^^^^^^^^^^^^^^^^^^^^^^^^^^^^^^^^^^^^^
urllib3.exceptions.MaxRetryError: HTTPConnectionPool(host='staging.silentium.htb', port=80): Max retries exceeded with url: /system (Caused by NameResolutionError("<urllib3.connection.HTTPConnection object at 0x000001AA7087E470>: Failed to resolve 'staging.silentium.htb' ([Errno 11001] getaddrinfo failed)"))

During handling of the above exception, another exception occurred:

Traceback (most recent call last):
  File "C:\Users\allie\Coding Projects\huggin_suite\huginn\app\tools\enterprise_fingerprint.py", line 432, in _index_surface
    response = self.session.get(url, timeout=5, allow_redirects=False)
  File "C:\Users\allie\AppData\Roaming\Python\Python313\site-packages\requests\sessions.py", line 602, in get
    return self.request("GET", url, **kwargs)
           ~~~~~~~~~~~~^^^^^^^^^^^^^^^^^^^^^^
  File "C:\Users\allie\AppData\Roaming\Python\Python313\site-packages\requests\sessions.py", line 589, in request
    resp = self.send(prep, **send_kwargs)
  File "C:\Users\allie\AppData\Roaming\Python\Python313\site-packages\requests\sessions.py", line 703, in send
    r = adapter.send(request, **kwargs)
  File "C:\Users\allie\AppData\Roaming\Python\Python313\site-packages\requests\adapters.py", line 700, in send
    raise ConnectionError(e, request=request)
requests.exceptions.ConnectionError: HTTPConnectionPool(host='staging.silentium.htb', port=80): Max retries exceeded with url: /system (Caused by NameResolutionError("<urllib3.connection.HTTPConnection object at 0x000001AA7087E470>: Failed to resolve 'staging.silentium.htb' ([Errno 11001] getaddrinfo failed)"))
2026-05-19 09:22:45 - huginn - DEBUG - Suppressed exception
Traceback (most recent call last):
  File "C:\Users\allie\AppData\Roaming\Python\Python313\site-packages\urllib3\connection.py", line 198, in _new_conn
    sock = connection.create_connection(
        (self._dns_host, self.port),
    ...<2 lines>...
        socket_options=self.socket_options,
    )
  File "C:\Users\allie\AppData\Roaming\Python\Python313\site-packages\urllib3\util\connection.py", line 60, in create_connection
    for res in socket.getaddrinfo(host, port, family, socket.SOCK_STREAM):
               ~~~~~~~~~~~~~~~~~~^^^^^^^^^^^^^^^^^^^^^^^^^^^^^^^^^^^^^^^^
  File "C:\Users\allie\anaconda3\Lib\socket.py", line 977, in getaddrinfo
    for res in _socket.getaddrinfo(host, port, family, type, proto, flags):
               ~~~~~~~~~~~~~~~~~~~^^^^^^^^^^^^^^^^^^^^^^^^^^^^^^^^^^^^^^^^
socket.gaierror: [Errno 11001] getaddrinfo failed

The above exception was the direct cause of the following exception:

Traceback (most recent call last):
  File "C:\Users\allie\AppData\Roaming\Python\Python313\site-packages\urllib3\connectionpool.py", line 787, in urlopen
    response = self._make_request(
        conn,
    ...<10 lines>...
        **response_kw,
    )
  File "C:\Users\allie\AppData\Roaming\Python\Python313\site-packages\urllib3\connectionpool.py", line 493, in _make_request
    conn.request(
    ~~~~~~~~~~~~^
        method,
        ^^^^^^^
    ...<6 lines>...
        enforce_content_length=enforce_content_length,
        ^^^^^^^^^^^^^^^^^^^^^^^^^^^^^^^^^^^^^^^^^^^^^^
    )
    ^
  File "C:\Users\allie\AppData\Roaming\Python\Python313\site-packages\urllib3\connection.py", line 494, in request
    self.endheaders()
    ~~~~~~~~~~~~~~~^^
  File "C:\Users\allie\anaconda3\Lib\http\client.py", line 1333, in endheaders
    self._send_output(message_body, encode_chunked=encode_chunked)
    ~~~~~~~~~~~~~~~~~^^^^^^^^^^^^^^^^^^^^^^^^^^^^^^^^^^^^^^^^^^^^^
  File "C:\Users\allie\anaconda3\Lib\http\client.py", line 1093, in _send_output
    self.send(msg)
    ~~~~~~~~~^^^^^
  File "C:\Users\allie\anaconda3\Lib\http\client.py", line 1037, in send
    self.connect()
    ~~~~~~~~~~~~^^
  File "C:\Users\allie\AppData\Roaming\Python\Python313\site-packages\urllib3\connection.py", line 325, in connect
    self.sock = self._new_conn()
                ~~~~~~~~~~~~~~^^
  File "C:\Users\allie\AppData\Roaming\Python\Python313\site-packages\urllib3\connection.py", line 205, in _new_conn
    raise NameResolutionError(self.host, self, e) from e
urllib3.exceptions.NameResolutionError: <urllib3.connection.HTTPConnection object at 0x000001AA7087E690>: Failed to resolve 'staging.silentium.htb' ([Errno 11001] getaddrinfo failed)

The above exception was the direct cause of the following exception:

Traceback (most recent call last):
  File "C:\Users\allie\AppData\Roaming\Python\Python313\site-packages\requests\adapters.py", line 667, in send
    resp = conn.urlopen(
        method=request.method,
    ...<9 lines>...
        chunked=chunked,
    )
  File "C:\Users\allie\AppData\Roaming\Python\Python313\site-packages\urllib3\connectionpool.py", line 841, in urlopen
    retries = retries.increment(
        method, url, error=new_e, _pool=self, _stacktrace=sys.exc_info()[2]
    )
  File "C:\Users\allie\AppData\Roaming\Python\Python313\site-packages\urllib3\util\retry.py", line 519, in increment
    raise MaxRetryError(_pool, url, reason) from reason  # type: ignore[arg-type]
    ^^^^^^^^^^^^^^^^^^^^^^^^^^^^^^^^^^^^^^^^^^^^^^^^^^^
urllib3.exceptions.MaxRetryError: HTTPConnectionPool(host='staging.silentium.htb', port=80): Max retries exceeded with url: /invite (Caused by NameResolutionError("<urllib3.connection.HTTPConnection object at 0x000001AA7087E690>: Failed to resolve 'staging.silentium.htb' ([Errno 11001] getaddrinfo failed)"))

During handling of the above exception, another exception occurred:

Traceback (most recent call last):
  File "C:\Users\allie\Coding Projects\huggin_suite\huginn\app\tools\enterprise_fingerprint.py", line 432, in _index_surface
    response = self.session.get(url, timeout=5, allow_redirects=False)
  File "C:\Users\allie\AppData\Roaming\Python\Python313\site-packages\requests\sessions.py", line 602, in get
    return self.request("GET", url, **kwargs)
           ~~~~~~~~~~~~^^^^^^^^^^^^^^^^^^^^^^
  File "C:\Users\allie\AppData\Roaming\Python\Python313\site-packages\requests\sessions.py", line 589, in request
    resp = self.send(prep, **send_kwargs)
  File "C:\Users\allie\AppData\Roaming\Python\Python313\site-packages\requests\sessions.py", line 703, in send
    r = adapter.send(request, **kwargs)
  File "C:\Users\allie\AppData\Roaming\Python\Python313\site-packages\requests\adapters.py", line 700, in send
    raise ConnectionError(e, request=request)
requests.exceptions.ConnectionError: HTTPConnectionPool(host='staging.silentium.htb', port=80): Max retries exceeded with url: /invite (Caused by NameResolutionError("<urllib3.connection.HTTPConnection object at 0x000001AA7087E690>: Failed to resolve 'staging.silentium.htb' ([Errno 11001] getaddrinfo failed)"))
2026-05-19 09:22:45 - huginn - DEBUG - Suppressed exception
Traceback (most recent call last):
  File "C:\Users\allie\AppData\Roaming\Python\Python313\site-packages\urllib3\connection.py", line 198, in _new_conn
    sock = connection.create_connection(
        (self._dns_host, self.port),
    ...<2 lines>...
        socket_options=self.socket_options,
    )
  File "C:\Users\allie\AppData\Roaming\Python\Python313\site-packages\urllib3\util\connection.py", line 60, in create_connection
    for res in socket.getaddrinfo(host, port, family, socket.SOCK_STREAM):
               ~~~~~~~~~~~~~~~~~~^^^^^^^^^^^^^^^^^^^^^^^^^^^^^^^^^^^^^^^^
  File "C:\Users\allie\anaconda3\Lib\socket.py", line 977, in getaddrinfo
    for res in _socket.getaddrinfo(host, port, family, type, proto, flags):
               ~~~~~~~~~~~~~~~~~~~^^^^^^^^^^^^^^^^^^^^^^^^^^^^^^^^^^^^^^^^
socket.gaierror: [Errno 11001] getaddrinfo failed

The above exception was the direct cause of the following exception:

Traceback (most recent call last):
  File "C:\Users\allie\AppData\Roaming\Python\Python313\site-packages\urllib3\connectionpool.py", line 787, in urlopen
    response = self._make_request(
        conn,
    ...<10 lines>...
        **response_kw,
    )
  File "C:\Users\allie\AppData\Roaming\Python\Python313\site-packages\urllib3\connectionpool.py", line 493, in _make_request
    conn.request(
    ~~~~~~~~~~~~^
        method,
        ^^^^^^^
    ...<6 lines>...
        enforce_content_length=enforce_content_length,
        ^^^^^^^^^^^^^^^^^^^^^^^^^^^^^^^^^^^^^^^^^^^^^^
    )
    ^
  File "C:\Users\allie\AppData\Roaming\Python\Python313\site-packages\urllib3\connection.py", line 494, in request
    self.endheaders()
    ~~~~~~~~~~~~~~~^^
  File "C:\Users\allie\anaconda3\Lib\http\client.py", line 1333, in endheaders
    self._send_output(message_body, encode_chunked=encode_chunked)
    ~~~~~~~~~~~~~~~~~^^^^^^^^^^^^^^^^^^^^^^^^^^^^^^^^^^^^^^^^^^^^^
  File "C:\Users\allie\anaconda3\Lib\http\client.py", line 1093, in _send_output
    self.send(msg)
    ~~~~~~~~~^^^^^
  File "C:\Users\allie\anaconda3\Lib\http\client.py", line 1037, in send
    self.connect()
    ~~~~~~~~~~~~^^
  File "C:\Users\allie\AppData\Roaming\Python\Python313\site-packages\urllib3\connection.py", line 325, in connect
    self.sock = self._new_conn()
                ~~~~~~~~~~~~~~^^
  File "C:\Users\allie\AppData\Roaming\Python\Python313\site-packages\urllib3\connection.py", line 205, in _new_conn
    raise NameResolutionError(self.host, self, e) from e
urllib3.exceptions.NameResolutionError: <urllib3.connection.HTTPConnection object at 0x000001AA7087E8B0>: Failed to resolve 'staging.silentium.htb' ([Errno 11001] getaddrinfo failed)

The above exception was the direct cause of the following exception:

Traceback (most recent call last):
  File "C:\Users\allie\AppData\Roaming\Python\Python313\site-packages\requests\adapters.py", line 667, in send
    resp = conn.urlopen(
        method=request.method,
    ...<9 lines>...
        chunked=chunked,
    )
  File "C:\Users\allie\AppData\Roaming\Python\Python313\site-packages\urllib3\connectionpool.py", line 841, in urlopen
    retries = retries.increment(
        method, url, error=new_e, _pool=self, _stacktrace=sys.exc_info()[2]
    )
  File "C:\Users\allie\AppData\Roaming\Python\Python313\site-packages\urllib3\util\retry.py", line 519, in increment
    raise MaxRetryError(_pool, url, reason) from reason  # type: ignore[arg-type]
    ^^^^^^^^^^^^^^^^^^^^^^^^^^^^^^^^^^^^^^^^^^^^^^^^^^^
urllib3.exceptions.MaxRetryError: HTTPConnectionPool(host='staging.silentium.htb', port=80): Max retries exceeded with url: /register (Caused by NameResolutionError("<urllib3.connection.HTTPConnection object at 0x000001AA7087E8B0>: Failed to resolve 'staging.silentium.htb' ([Errno 11001] getaddrinfo failed)"))

During handling of the above exception, another exception occurred:

Traceback (most recent call last):
  File "C:\Users\allie\Coding Projects\huggin_suite\huginn\app\tools\enterprise_fingerprint.py", line 432, in _index_surface
    response = self.session.get(url, timeout=5, allow_redirects=False)
  File "C:\Users\allie\AppData\Roaming\Python\Python313\site-packages\requests\sessions.py", line 602, in get
    return self.request("GET", url, **kwargs)
           ~~~~~~~~~~~~^^^^^^^^^^^^^^^^^^^^^^
  File "C:\Users\allie\AppData\Roaming\Python\Python313\site-packages\requests\sessions.py", line 589, in request
    resp = self.send(prep, **send_kwargs)
  File "C:\Users\allie\AppData\Roaming\Python\Python313\site-packages\requests\sessions.py", line 703, in send
    r = adapter.send(request, **kwargs)
  File "C:\Users\allie\AppData\Roaming\Python\Python313\site-packages\requests\adapters.py", line 700, in send
    raise ConnectionError(e, request=request)
requests.exceptions.ConnectionError: HTTPConnectionPool(host='staging.silentium.htb', port=80): Max retries exceeded with url: /register (Caused by NameResolutionError("<urllib3.connection.HTTPConnection object at 0x000001AA7087E8B0>: Failed to resolve 'staging.silentium.htb' ([Errno 11001] getaddrinfo failed)"))
2026-05-19 09:22:45 - huginn - DEBUG - Suppressed exception
Traceback (most recent call last):
  File "C:\Users\allie\AppData\Roaming\Python\Python313\site-packages\urllib3\connection.py", line 198, in _new_conn
    sock = connection.create_connection(
        (self._dns_host, self.port),
    ...<2 lines>...
        socket_options=self.socket_options,
    )
  File "C:\Users\allie\AppData\Roaming\Python\Python313\site-packages\urllib3\util\connection.py", line 60, in create_connection
    for res in socket.getaddrinfo(host, port, family, socket.SOCK_STREAM):
               ~~~~~~~~~~~~~~~~~~^^^^^^^^^^^^^^^^^^^^^^^^^^^^^^^^^^^^^^^^
  File "C:\Users\allie\anaconda3\Lib\socket.py", line 977, in getaddrinfo
    for res in _socket.getaddrinfo(host, port, family, type, proto, flags):
               ~~~~~~~~~~~~~~~~~~~^^^^^^^^^^^^^^^^^^^^^^^^^^^^^^^^^^^^^^^^
socket.gaierror: [Errno 11001] getaddrinfo failed

The above exception was the direct cause of the following exception:

Traceback (most recent call last):
  File "C:\Users\allie\AppData\Roaming\Python\Python313\site-packages\urllib3\connectionpool.py", line 787, in urlopen
    response = self._make_request(
        conn,
    ...<10 lines>...
        **response_kw,
    )
  File "C:\Users\allie\AppData\Roaming\Python\Python313\site-packages\urllib3\connectionpool.py", line 493, in _make_request
    conn.request(
    ~~~~~~~~~~~~^
        method,
        ^^^^^^^
    ...<6 lines>...
        enforce_content_length=enforce_content_length,
        ^^^^^^^^^^^^^^^^^^^^^^^^^^^^^^^^^^^^^^^^^^^^^^
    )
    ^
  File "C:\Users\allie\AppData\Roaming\Python\Python313\site-packages\urllib3\connection.py", line 494, in request
    self.endheaders()
    ~~~~~~~~~~~~~~~^^
  File "C:\Users\allie\anaconda3\Lib\http\client.py", line 1333, in endheaders
    self._send_output(message_body, encode_chunked=encode_chunked)
    ~~~~~~~~~~~~~~~~~^^^^^^^^^^^^^^^^^^^^^^^^^^^^^^^^^^^^^^^^^^^^^
  File "C:\Users\allie\anaconda3\Lib\http\client.py", line 1093, in _send_output
    self.send(msg)
    ~~~~~~~~~^^^^^
  File "C:\Users\allie\anaconda3\Lib\http\client.py", line 1037, in send
    self.connect()
    ~~~~~~~~~~~~^^
  File "C:\Users\allie\AppData\Roaming\Python\Python313\site-packages\urllib3\connection.py", line 325, in connect
    self.sock = self._new_conn()
                ~~~~~~~~~~~~~~^^
  File "C:\Users\allie\AppData\Roaming\Python\Python313\site-packages\urllib3\connection.py", line 205, in _new_conn
    raise NameResolutionError(self.host, self, e) from e
urllib3.exceptions.NameResolutionError: <urllib3.connection.HTTPConnection object at 0x000001AA7087EAD0>: Failed to resolve 'staging.silentium.htb' ([Errno 11001] getaddrinfo failed)

The above exception was the direct cause of the following exception:

Traceback (most recent call last):
  File "C:\Users\allie\AppData\Roaming\Python\Python313\site-packages\requests\adapters.py", line 667, in send
    resp = conn.urlopen(
        method=request.method,
    ...<9 lines>...
        chunked=chunked,
    )
  File "C:\Users\allie\AppData\Roaming\Python\Python313\site-packages\urllib3\connectionpool.py", line 841, in urlopen
    retries = retries.increment(
        method, url, error=new_e, _pool=self, _stacktrace=sys.exc_info()[2]
    )
  File "C:\Users\allie\AppData\Roaming\Python\Python313\site-packages\urllib3\util\retry.py", line 519, in increment
    raise MaxRetryError(_pool, url, reason) from reason  # type: ignore[arg-type]
    ^^^^^^^^^^^^^^^^^^^^^^^^^^^^^^^^^^^^^^^^^^^^^^^^^^^
urllib3.exceptions.MaxRetryError: HTTPConnectionPool(host='staging.silentium.htb', port=80): Max retries exceeded with url: /signup (Caused by NameResolutionError("<urllib3.connection.HTTPConnection object at 0x000001AA7087EAD0>: Failed to resolve 'staging.silentium.htb' ([Errno 11001] getaddrinfo failed)"))

During handling of the above exception, another exception occurred:

Traceback (most recent call last):
  File "C:\Users\allie\Coding Projects\huggin_suite\huginn\app\tools\enterprise_fingerprint.py", line 432, in _index_surface
    response = self.session.get(url, timeout=5, allow_redirects=False)
  File "C:\Users\allie\AppData\Roaming\Python\Python313\site-packages\requests\sessions.py", line 602, in get
    return self.request("GET", url, **kwargs)
           ~~~~~~~~~~~~^^^^^^^^^^^^^^^^^^^^^^
  File "C:\Users\allie\AppData\Roaming\Python\Python313\site-packages\requests\sessions.py", line 589, in request
    resp = self.send(prep, **send_kwargs)
  File "C:\Users\allie\AppData\Roaming\Python\Python313\site-packages\requests\sessions.py", line 703, in send
    r = adapter.send(request, **kwargs)
  File "C:\Users\allie\AppData\Roaming\Python\Python313\site-packages\requests\adapters.py", line 700, in send
    raise ConnectionError(e, request=request)
requests.exceptions.ConnectionError: HTTPConnectionPool(host='staging.silentium.htb', port=80): Max retries exceeded with url: /signup (Caused by NameResolutionError("<urllib3.connection.HTTPConnection object at 0x000001AA7087EAD0>: Failed to resolve 'staging.silentium.htb' ([Errno 11001] getaddrinfo failed)"))
2026-05-19 09:22:45 - huginn - DEBUG - Suppressed exception
Traceback (most recent call last):
  File "C:\Users\allie\AppData\Roaming\Python\Python313\site-packages\urllib3\connection.py", line 198, in _new_conn
    sock = connection.create_connection(
        (self._dns_host, self.port),
    ...<2 lines>...
        socket_options=self.socket_options,
    )
  File "C:\Users\allie\AppData\Roaming\Python\Python313\site-packages\urllib3\util\connection.py", line 60, in create_connection
    for res in socket.getaddrinfo(host, port, family, socket.SOCK_STREAM):
               ~~~~~~~~~~~~~~~~~~^^^^^^^^^^^^^^^^^^^^^^^^^^^^^^^^^^^^^^^^
  File "C:\Users\allie\anaconda3\Lib\socket.py", line 977, in getaddrinfo
    for res in _socket.getaddrinfo(host, port, family, type, proto, flags):
               ~~~~~~~~~~~~~~~~~~~^^^^^^^^^^^^^^^^^^^^^^^^^^^^^^^^^^^^^^^^
socket.gaierror: [Errno 11001] getaddrinfo failed

The above exception was the direct cause of the following exception:

Traceback (most recent call last):
  File "C:\Users\allie\AppData\Roaming\Python\Python313\site-packages\urllib3\connectionpool.py", line 787, in urlopen
    response = self._make_request(
        conn,
    ...<10 lines>...
        **response_kw,
    )
  File "C:\Users\allie\AppData\Roaming\Python\Python313\site-packages\urllib3\connectionpool.py", line 493, in _make_request
    conn.request(
    ~~~~~~~~~~~~^
        method,
        ^^^^^^^
    ...<6 lines>...
        enforce_content_length=enforce_content_length,
        ^^^^^^^^^^^^^^^^^^^^^^^^^^^^^^^^^^^^^^^^^^^^^^
    )
    ^
  File "C:\Users\allie\AppData\Roaming\Python\Python313\site-packages\urllib3\connection.py", line 494, in request
    self.endheaders()
    ~~~~~~~~~~~~~~~^^
  File "C:\Users\allie\anaconda3\Lib\http\client.py", line 1333, in endheaders
    self._send_output(message_body, encode_chunked=encode_chunked)
    ~~~~~~~~~~~~~~~~~^^^^^^^^^^^^^^^^^^^^^^^^^^^^^^^^^^^^^^^^^^^^^
  File "C:\Users\allie\anaconda3\Lib\http\client.py", line 1093, in _send_output
    self.send(msg)
    ~~~~~~~~~^^^^^
  File "C:\Users\allie\anaconda3\Lib\http\client.py", line 1037, in send
    self.connect()
    ~~~~~~~~~~~~^^
  File "C:\Users\allie\AppData\Roaming\Python\Python313\site-packages\urllib3\connection.py", line 325, in connect
    self.sock = self._new_conn()
                ~~~~~~~~~~~~~~^^
  File "C:\Users\allie\AppData\Roaming\Python\Python313\site-packages\urllib3\connection.py", line 205, in _new_conn
    raise NameResolutionError(self.host, self, e) from e
urllib3.exceptions.NameResolutionError: <urllib3.connection.HTTPConnection object at 0x000001AA7087ECF0>: Failed to resolve 'staging.silentium.htb' ([Errno 11001] getaddrinfo failed)

The above exception was the direct cause of the following exception:

Traceback (most recent call last):
  File "C:\Users\allie\AppData\Roaming\Python\Python313\site-packages\requests\adapters.py", line 667, in send
    resp = conn.urlopen(
        method=request.method,
    ...<9 lines>...
        chunked=chunked,
    )
  File "C:\Users\allie\AppData\Roaming\Python\Python313\site-packages\urllib3\connectionpool.py", line 841, in urlopen
    retries = retries.increment(
        method, url, error=new_e, _pool=self, _stacktrace=sys.exc_info()[2]
    )
  File "C:\Users\allie\AppData\Roaming\Python\Python313\site-packages\urllib3\util\retry.py", line 519, in increment
    raise MaxRetryError(_pool, url, reason) from reason  # type: ignore[arg-type]
    ^^^^^^^^^^^^^^^^^^^^^^^^^^^^^^^^^^^^^^^^^^^^^^^^^^^
urllib3.exceptions.MaxRetryError: HTTPConnectionPool(host='staging.silentium.htb', port=80): Max retries exceeded with url: /auth (Caused by NameResolutionError("<urllib3.connection.HTTPConnection object at 0x000001AA7087ECF0>: Failed to resolve 'staging.silentium.htb' ([Errno 11001] getaddrinfo failed)"))

During handling of the above exception, another exception occurred:

Traceback (most recent call last):
  File "C:\Users\allie\Coding Projects\huggin_suite\huginn\app\tools\enterprise_fingerprint.py", line 432, in _index_surface
    response = self.session.get(url, timeout=5, allow_redirects=False)
  File "C:\Users\allie\AppData\Roaming\Python\Python313\site-packages\requests\sessions.py", line 602, in get
    return self.request("GET", url, **kwargs)
           ~~~~~~~~~~~~^^^^^^^^^^^^^^^^^^^^^^
  File "C:\Users\allie\AppData\Roaming\Python\Python313\site-packages\requests\sessions.py", line 589, in request
    resp = self.send(prep, **send_kwargs)
  File "C:\Users\allie\AppData\Roaming\Python\Python313\site-packages\requests\sessions.py", line 703, in send
    r = adapter.send(request, **kwargs)
  File "C:\Users\allie\AppData\Roaming\Python\Python313\site-packages\requests\adapters.py", line 700, in send
    raise ConnectionError(e, request=request)
requests.exceptions.ConnectionError: HTTPConnectionPool(host='staging.silentium.htb', port=80): Max retries exceeded with url: /auth (Caused by NameResolutionError("<urllib3.connection.HTTPConnection object at 0x000001AA7087ECF0>: Failed to resolve 'staging.silentium.htb' ([Errno 11001] getaddrinfo failed)"))
2026-05-19 09:22:45 - huginn - DEBUG - Suppressed exception
Traceback (most recent call last):
  File "C:\Users\allie\AppData\Roaming\Python\Python313\site-packages\urllib3\connection.py", line 198, in _new_conn
    sock = connection.create_connection(
        (self._dns_host, self.port),
    ...<2 lines>...
        socket_options=self.socket_options,
    )
  File "C:\Users\allie\AppData\Roaming\Python\Python313\site-packages\urllib3\util\connection.py", line 60, in create_connection
    for res in socket.getaddrinfo(host, port, family, socket.SOCK_STREAM):
               ~~~~~~~~~~~~~~~~~~^^^^^^^^^^^^^^^^^^^^^^^^^^^^^^^^^^^^^^^^
  File "C:\Users\allie\anaconda3\Lib\socket.py", line 977, in getaddrinfo
    for res in _socket.getaddrinfo(host, port, family, type, proto, flags):
               ~~~~~~~~~~~~~~~~~~~^^^^^^^^^^^^^^^^^^^^^^^^^^^^^^^^^^^^^^^^
socket.gaierror: [Errno 11001] getaddrinfo failed

The above exception was the direct cause of the following exception:

Traceback (most recent call last):
  File "C:\Users\allie\AppData\Roaming\Python\Python313\site-packages\urllib3\connectionpool.py", line 787, in urlopen
    response = self._make_request(
        conn,
    ...<10 lines>...
        **response_kw,
    )
  File "C:\Users\allie\AppData\Roaming\Python\Python313\site-packages\urllib3\connectionpool.py", line 493, in _make_request
    conn.request(
    ~~~~~~~~~~~~^
        method,
        ^^^^^^^
    ...<6 lines>...
        enforce_content_length=enforce_content_length,
        ^^^^^^^^^^^^^^^^^^^^^^^^^^^^^^^^^^^^^^^^^^^^^^
    )
    ^
  File "C:\Users\allie\AppData\Roaming\Python\Python313\site-packages\urllib3\connection.py", line 494, in request
    self.endheaders()
    ~~~~~~~~~~~~~~~^^
  File "C:\Users\allie\anaconda3\Lib\http\client.py", line 1333, in endheaders
    self._send_output(message_body, encode_chunked=encode_chunked)
    ~~~~~~~~~~~~~~~~~^^^^^^^^^^^^^^^^^^^^^^^^^^^^^^^^^^^^^^^^^^^^^
  File "C:\Users\allie\anaconda3\Lib\http\client.py", line 1093, in _send_output
    self.send(msg)
    ~~~~~~~~~^^^^^
  File "C:\Users\allie\anaconda3\Lib\http\client.py", line 1037, in send
    self.connect()
    ~~~~~~~~~~~~^^
  File "C:\Users\allie\AppData\Roaming\Python\Python313\site-packages\urllib3\connection.py", line 325, in connect
    self.sock = self._new_conn()
                ~~~~~~~~~~~~~~^^
  File "C:\Users\allie\AppData\Roaming\Python\Python313\site-packages\urllib3\connection.py", line 205, in _new_conn
    raise NameResolutionError(self.host, self, e) from e
urllib3.exceptions.NameResolutionError: <urllib3.connection.HTTPConnection object at 0x000001AA7087EF10>: Failed to resolve 'staging.silentium.htb' ([Errno 11001] getaddrinfo failed)

The above exception was the direct cause of the following exception:

Traceback (most recent call last):
  File "C:\Users\allie\AppData\Roaming\Python\Python313\site-packages\requests\adapters.py", line 667, in send
    resp = conn.urlopen(
        method=request.method,
    ...<9 lines>...
        chunked=chunked,
    )
  File "C:\Users\allie\AppData\Roaming\Python\Python313\site-packages\urllib3\connectionpool.py", line 841, in urlopen
    retries = retries.increment(
        method, url, error=new_e, _pool=self, _stacktrace=sys.exc_info()[2]
    )
  File "C:\Users\allie\AppData\Roaming\Python\Python313\site-packages\urllib3\util\retry.py", line 519, in increment
    raise MaxRetryError(_pool, url, reason) from reason  # type: ignore[arg-type]
    ^^^^^^^^^^^^^^^^^^^^^^^^^^^^^^^^^^^^^^^^^^^^^^^^^^^
urllib3.exceptions.MaxRetryError: HTTPConnectionPool(host='staging.silentium.htb', port=80): Max retries exceeded with url: /oauth (Caused by NameResolutionError("<urllib3.connection.HTTPConnection object at 0x000001AA7087EF10>: Failed to resolve 'staging.silentium.htb' ([Errno 11001] getaddrinfo failed)"))

During handling of the above exception, another exception occurred:

Traceback (most recent call last):
  File "C:\Users\allie\Coding Projects\huggin_suite\huginn\app\tools\enterprise_fingerprint.py", line 432, in _index_surface
    response = self.session.get(url, timeout=5, allow_redirects=False)
  File "C:\Users\allie\AppData\Roaming\Python\Python313\site-packages\requests\sessions.py", line 602, in get
    return self.request("GET", url, **kwargs)
           ~~~~~~~~~~~~^^^^^^^^^^^^^^^^^^^^^^
  File "C:\Users\allie\AppData\Roaming\Python\Python313\site-packages\requests\sessions.py", line 589, in request
    resp = self.send(prep, **send_kwargs)
  File "C:\Users\allie\AppData\Roaming\Python\Python313\site-packages\requests\sessions.py", line 703, in send
    r = adapter.send(request, **kwargs)
  File "C:\Users\allie\AppData\Roaming\Python\Python313\site-packages\requests\adapters.py", line 700, in send
    raise ConnectionError(e, request=request)
requests.exceptions.ConnectionError: HTTPConnectionPool(host='staging.silentium.htb', port=80): Max retries exceeded with url: /oauth (Caused by NameResolutionError("<urllib3.connection.HTTPConnection object at 0x000001AA7087EF10>: Failed to resolve 'staging.silentium.htb' ([Errno 11001] getaddrinfo failed)"))
2026-05-19 09:22:45 - huginn - DEBUG - Suppressed exception
Traceback (most recent call last):
  File "C:\Users\allie\AppData\Roaming\Python\Python313\site-packages\urllib3\connection.py", line 198, in _new_conn
    sock = connection.create_connection(
        (self._dns_host, self.port),
    ...<2 lines>...
        socket_options=self.socket_options,
    )
  File "C:\Users\allie\AppData\Roaming\Python\Python313\site-packages\urllib3\util\connection.py", line 60, in create_connection
    for res in socket.getaddrinfo(host, port, family, socket.SOCK_STREAM):
               ~~~~~~~~~~~~~~~~~~^^^^^^^^^^^^^^^^^^^^^^^^^^^^^^^^^^^^^^^^
  File "C:\Users\allie\anaconda3\Lib\socket.py", line 977, in getaddrinfo
    for res in _socket.getaddrinfo(host, port, family, type, proto, flags):
               ~~~~~~~~~~~~~~~~~~~^^^^^^^^^^^^^^^^^^^^^^^^^^^^^^^^^^^^^^^^
socket.gaierror: [Errno 11001] getaddrinfo failed

The above exception was the direct cause of the following exception:

Traceback (most recent call last):
  File "C:\Users\allie\AppData\Roaming\Python\Python313\site-packages\urllib3\connectionpool.py", line 787, in urlopen
    response = self._make_request(
        conn,
    ...<10 lines>...
        **response_kw,
    )
  File "C:\Users\allie\AppData\Roaming\Python\Python313\site-packages\urllib3\connectionpool.py", line 493, in _make_request
    conn.request(
    ~~~~~~~~~~~~^
        method,
        ^^^^^^^
    ...<6 lines>...
        enforce_content_length=enforce_content_length,
        ^^^^^^^^^^^^^^^^^^^^^^^^^^^^^^^^^^^^^^^^^^^^^^
    )
    ^
  File "C:\Users\allie\AppData\Roaming\Python\Python313\site-packages\urllib3\connection.py", line 494, in request
    self.endheaders()
    ~~~~~~~~~~~~~~~^^
  File "C:\Users\allie\anaconda3\Lib\http\client.py", line 1333, in endheaders
    self._send_output(message_body, encode_chunked=encode_chunked)
    ~~~~~~~~~~~~~~~~~^^^^^^^^^^^^^^^^^^^^^^^^^^^^^^^^^^^^^^^^^^^^^
  File "C:\Users\allie\anaconda3\Lib\http\client.py", line 1093, in _send_output
    self.send(msg)
    ~~~~~~~~~^^^^^
  File "C:\Users\allie\anaconda3\Lib\http\client.py", line 1037, in send
    self.connect()
    ~~~~~~~~~~~~^^
  File "C:\Users\allie\AppData\Roaming\Python\Python313\site-packages\urllib3\connection.py", line 325, in connect
    self.sock = self._new_conn()
                ~~~~~~~~~~~~~~^^
  File "C:\Users\allie\AppData\Roaming\Python\Python313\site-packages\urllib3\connection.py", line 205, in _new_conn
    raise NameResolutionError(self.host, self, e) from e
urllib3.exceptions.NameResolutionError: <urllib3.connection.HTTPConnection object at 0x000001AA68EBA580>: Failed to resolve 'staging.silentium.htb' ([Errno 11001] getaddrinfo failed)

The above exception was the direct cause of the following exception:

Traceback (most recent call last):
  File "C:\Users\allie\AppData\Roaming\Python\Python313\site-packages\requests\adapters.py", line 667, in send
    resp = conn.urlopen(
        method=request.method,
    ...<9 lines>...
        chunked=chunked,
    )
  File "C:\Users\allie\AppData\Roaming\Python\Python313\site-packages\urllib3\connectionpool.py", line 841, in urlopen
    retries = retries.increment(
        method, url, error=new_e, _pool=self, _stacktrace=sys.exc_info()[2]
    )
  File "C:\Users\allie\AppData\Roaming\Python\Python313\site-packages\urllib3\util\retry.py", line 519, in increment
    raise MaxRetryError(_pool, url, reason) from reason  # type: ignore[arg-type]
    ^^^^^^^^^^^^^^^^^^^^^^^^^^^^^^^^^^^^^^^^^^^^^^^^^^^
urllib3.exceptions.MaxRetryError: HTTPConnectionPool(host='staging.silentium.htb', port=80): Max retries exceeded with url: /token (Caused by NameResolutionError("<urllib3.connection.HTTPConnection object at 0x000001AA68EBA580>: Failed to resolve 'staging.silentium.htb' ([Errno 11001] getaddrinfo failed)"))

During handling of the above exception, another exception occurred:

Traceback (most recent call last):
  File "C:\Users\allie\Coding Projects\huggin_suite\huginn\app\tools\enterprise_fingerprint.py", line 432, in _index_surface
    response = self.session.get(url, timeout=5, allow_redirects=False)
  File "C:\Users\allie\AppData\Roaming\Python\Python313\site-packages\requests\sessions.py", line 602, in get
    return self.request("GET", url, **kwargs)
           ~~~~~~~~~~~~^^^^^^^^^^^^^^^^^^^^^^
  File "C:\Users\allie\AppData\Roaming\Python\Python313\site-packages\requests\sessions.py", line 589, in request
    resp = self.send(prep, **send_kwargs)
  File "C:\Users\allie\AppData\Roaming\Python\Python313\site-packages\requests\sessions.py", line 703, in send
    r = adapter.send(request, **kwargs)
  File "C:\Users\allie\AppData\Roaming\Python\Python313\site-packages\requests\adapters.py", line 700, in send
    raise ConnectionError(e, request=request)
requests.exceptions.ConnectionError: HTTPConnectionPool(host='staging.silentium.htb', port=80): Max retries exceeded with url: /token (Caused by NameResolutionError("<urllib3.connection.HTTPConnection object at 0x000001AA68EBA580>: Failed to resolve 'staging.silentium.htb' ([Errno 11001] getaddrinfo failed)"))
2026-05-19 09:22:45 - huginn - DEBUG - Suppressed exception
Traceback (most recent call last):
  File "C:\Users\allie\AppData\Roaming\Python\Python313\site-packages\urllib3\connection.py", line 198, in _new_conn
    sock = connection.create_connection(
        (self._dns_host, self.port),
    ...<2 lines>...
        socket_options=self.socket_options,
    )
  File "C:\Users\allie\AppData\Roaming\Python\Python313\site-packages\urllib3\util\connection.py", line 60, in create_connection
    for res in socket.getaddrinfo(host, port, family, socket.SOCK_STREAM):
               ~~~~~~~~~~~~~~~~~~^^^^^^^^^^^^^^^^^^^^^^^^^^^^^^^^^^^^^^^^
  File "C:\Users\allie\anaconda3\Lib\socket.py", line 977, in getaddrinfo
    for res in _socket.getaddrinfo(host, port, family, type, proto, flags):
               ~~~~~~~~~~~~~~~~~~~^^^^^^^^^^^^^^^^^^^^^^^^^^^^^^^^^^^^^^^^
socket.gaierror: [Errno 11001] getaddrinfo failed

The above exception was the direct cause of the following exception:

Traceback (most recent call last):
  File "C:\Users\allie\AppData\Roaming\Python\Python313\site-packages\urllib3\connectionpool.py", line 787, in urlopen
    response = self._make_request(
        conn,
    ...<10 lines>...
        **response_kw,
    )
  File "C:\Users\allie\AppData\Roaming\Python\Python313\site-packages\urllib3\connectionpool.py", line 493, in _make_request
    conn.request(
    ~~~~~~~~~~~~^
        method,
        ^^^^^^^
    ...<6 lines>...
        enforce_content_length=enforce_content_length,
        ^^^^^^^^^^^^^^^^^^^^^^^^^^^^^^^^^^^^^^^^^^^^^^
    )
    ^
  File "C:\Users\allie\AppData\Roaming\Python\Python313\site-packages\urllib3\connection.py", line 494, in request
    self.endheaders()
    ~~~~~~~~~~~~~~~^^
  File "C:\Users\allie\anaconda3\Lib\http\client.py", line 1333, in endheaders
    self._send_output(message_body, encode_chunked=encode_chunked)
    ~~~~~~~~~~~~~~~~~^^^^^^^^^^^^^^^^^^^^^^^^^^^^^^^^^^^^^^^^^^^^^
  File "C:\Users\allie\anaconda3\Lib\http\client.py", line 1093, in _send_output
    self.send(msg)
    ~~~~~~~~~^^^^^
  File "C:\Users\allie\anaconda3\Lib\http\client.py", line 1037, in send
    self.connect()
    ~~~~~~~~~~~~^^
  File "C:\Users\allie\AppData\Roaming\Python\Python313\site-packages\urllib3\connection.py", line 325, in connect
    self.sock = self._new_conn()
                ~~~~~~~~~~~~~~^^
  File "C:\Users\allie\AppData\Roaming\Python\Python313\site-packages\urllib3\connection.py", line 205, in _new_conn
    raise NameResolutionError(self.host, self, e) from e
urllib3.exceptions.NameResolutionError: <urllib3.connection.HTTPConnection object at 0x000001AA7066F240>: Failed to resolve 'staging.silentium.htb' ([Errno 11001] getaddrinfo failed)

The above exception was the direct cause of the following exception:

Traceback (most recent call last):
  File "C:\Users\allie\AppData\Roaming\Python\Python313\site-packages\requests\adapters.py", line 667, in send
    resp = conn.urlopen(
        method=request.method,
    ...<9 lines>...
        chunked=chunked,
    )
  File "C:\Users\allie\AppData\Roaming\Python\Python313\site-packages\urllib3\connectionpool.py", line 841, in urlopen
    retries = retries.increment(
        method, url, error=new_e, _pool=self, _stacktrace=sys.exc_info()[2]
    )
  File "C:\Users\allie\AppData\Roaming\Python\Python313\site-packages\urllib3\util\retry.py", line 519, in increment
    raise MaxRetryError(_pool, url, reason) from reason  # type: ignore[arg-type]
    ^^^^^^^^^^^^^^^^^^^^^^^^^^^^^^^^^^^^^^^^^^^^^^^^^^^
urllib3.exceptions.MaxRetryError: HTTPConnectionPool(host='staging.silentium.htb', port=80): Max retries exceeded with url: /graphql (Caused by NameResolutionError("<urllib3.connection.HTTPConnection object at 0x000001AA7066F240>: Failed to resolve 'staging.silentium.htb' ([Errno 11001] getaddrinfo failed)"))

During handling of the above exception, another exception occurred:

Traceback (most recent call last):
  File "C:\Users\allie\Coding Projects\huggin_suite\huginn\app\tools\enterprise_fingerprint.py", line 432, in _index_surface
    response = self.session.get(url, timeout=5, allow_redirects=False)
  File "C:\Users\allie\AppData\Roaming\Python\Python313\site-packages\requests\sessions.py", line 602, in get
    return self.request("GET", url, **kwargs)
           ~~~~~~~~~~~~^^^^^^^^^^^^^^^^^^^^^^
  File "C:\Users\allie\AppData\Roaming\Python\Python313\site-packages\requests\sessions.py", line 589, in request
    resp = self.send(prep, **send_kwargs)
  File "C:\Users\allie\AppData\Roaming\Python\Python313\site-packages\requests\sessions.py", line 703, in send
    r = adapter.send(request, **kwargs)
  File "C:\Users\allie\AppData\Roaming\Python\Python313\site-packages\requests\adapters.py", line 700, in send
    raise ConnectionError(e, request=request)
requests.exceptions.ConnectionError: HTTPConnectionPool(host='staging.silentium.htb', port=80): Max retries exceeded with url: /graphql (Caused by NameResolutionError("<urllib3.connection.HTTPConnection object at 0x000001AA7066F240>: Failed to resolve 'staging.silentium.htb' ([Errno 11001] getaddrinfo failed)"))
2026-05-19 09:22:45 - huginn - DEBUG - Suppressed exception
Traceback (most recent call last):
  File "C:\Users\allie\AppData\Roaming\Python\Python313\site-packages\urllib3\connection.py", line 198, in _new_conn
    sock = connection.create_connection(
        (self._dns_host, self.port),
    ...<2 lines>...
        socket_options=self.socket_options,
    )
  File "C:\Users\allie\AppData\Roaming\Python\Python313\site-packages\urllib3\util\connection.py", line 60, in create_connection
    for res in socket.getaddrinfo(host, port, family, socket.SOCK_STREAM):
               ~~~~~~~~~~~~~~~~~~^^^^^^^^^^^^^^^^^^^^^^^^^^^^^^^^^^^^^^^^
  File "C:\Users\allie\anaconda3\Lib\socket.py", line 977, in getaddrinfo
    for res in _socket.getaddrinfo(host, port, family, type, proto, flags):
               ~~~~~~~~~~~~~~~~~~~^^^^^^^^^^^^^^^^^^^^^^^^^^^^^^^^^^^^^^^^
socket.gaierror: [Errno 11001] getaddrinfo failed

The above exception was the direct cause of the following exception:

Traceback (most recent call last):
  File "C:\Users\allie\AppData\Roaming\Python\Python313\site-packages\urllib3\connectionpool.py", line 787, in urlopen
    response = self._make_request(
        conn,
    ...<10 lines>...
        **response_kw,
    )
  File "C:\Users\allie\AppData\Roaming\Python\Python313\site-packages\urllib3\connectionpool.py", line 493, in _make_request
    conn.request(
    ~~~~~~~~~~~~^
        method,
        ^^^^^^^
    ...<6 lines>...
        enforce_content_length=enforce_content_length,
        ^^^^^^^^^^^^^^^^^^^^^^^^^^^^^^^^^^^^^^^^^^^^^^
    )
    ^
  File "C:\Users\allie\AppData\Roaming\Python\Python313\site-packages\urllib3\connection.py", line 494, in request
    self.endheaders()
    ~~~~~~~~~~~~~~~^^
  File "C:\Users\allie\anaconda3\Lib\http\client.py", line 1333, in endheaders
    self._send_output(message_body, encode_chunked=encode_chunked)
    ~~~~~~~~~~~~~~~~~^^^^^^^^^^^^^^^^^^^^^^^^^^^^^^^^^^^^^^^^^^^^^
  File "C:\Users\allie\anaconda3\Lib\http\client.py", line 1093, in _send_output
    self.send(msg)
    ~~~~~~~~~^^^^^
  File "C:\Users\allie\anaconda3\Lib\http\client.py", line 1037, in send
    self.connect()
    ~~~~~~~~~~~~^^
  File "C:\Users\allie\AppData\Roaming\Python\Python313\site-packages\urllib3\connection.py", line 325, in connect
    self.sock = self._new_conn()
                ~~~~~~~~~~~~~~^^
  File "C:\Users\allie\AppData\Roaming\Python\Python313\site-packages\urllib3\connection.py", line 205, in _new_conn
    raise NameResolutionError(self.host, self, e) from e
urllib3.exceptions.NameResolutionError: <urllib3.connection.HTTPConnection object at 0x000001AA7087F130>: Failed to resolve 'staging.silentium.htb' ([Errno 11001] getaddrinfo failed)

The above exception was the direct cause of the following exception:

Traceback (most recent call last):
  File "C:\Users\allie\AppData\Roaming\Python\Python313\site-packages\requests\adapters.py", line 667, in send
    resp = conn.urlopen(
        method=request.method,
    ...<9 lines>...
        chunked=chunked,
    )
  File "C:\Users\allie\AppData\Roaming\Python\Python313\site-packages\urllib3\connectionpool.py", line 841, in urlopen
    retries = retries.increment(
        method, url, error=new_e, _pool=self, _stacktrace=sys.exc_info()[2]
    )
  File "C:\Users\allie\AppData\Roaming\Python\Python313\site-packages\urllib3\util\retry.py", line 519, in increment
    raise MaxRetryError(_pool, url, reason) from reason  # type: ignore[arg-type]
    ^^^^^^^^^^^^^^^^^^^^^^^^^^^^^^^^^^^^^^^^^^^^^^^^^^^
urllib3.exceptions.MaxRetryError: HTTPConnectionPool(host='staging.silentium.htb', port=80): Max retries exceeded with url: /rest (Caused by NameResolutionError("<urllib3.connection.HTTPConnection object at 0x000001AA7087F130>: Failed to resolve 'staging.silentium.htb' ([Errno 11001] getaddrinfo failed)"))

During handling of the above exception, another exception occurred:

Traceback (most recent call last):
  File "C:\Users\allie\Coding Projects\huggin_suite\huginn\app\tools\enterprise_fingerprint.py", line 432, in _index_surface
    response = self.session.get(url, timeout=5, allow_redirects=False)
  File "C:\Users\allie\AppData\Roaming\Python\Python313\site-packages\requests\sessions.py", line 602, in get
    return self.request("GET", url, **kwargs)
           ~~~~~~~~~~~~^^^^^^^^^^^^^^^^^^^^^^
  File "C:\Users\allie\AppData\Roaming\Python\Python313\site-packages\requests\sessions.py", line 589, in request
    resp = self.send(prep, **send_kwargs)
  File "C:\Users\allie\AppData\Roaming\Python\Python313\site-packages\requests\sessions.py", line 703, in send
    r = adapter.send(request, **kwargs)
  File "C:\Users\allie\AppData\Roaming\Python\Python313\site-packages\requests\adapters.py", line 700, in send
    raise ConnectionError(e, request=request)
requests.exceptions.ConnectionError: HTTPConnectionPool(host='staging.silentium.htb', port=80): Max retries exceeded with url: /rest (Caused by NameResolutionError("<urllib3.connection.HTTPConnection object at 0x000001AA7087F130>: Failed to resolve 'staging.silentium.htb' ([Errno 11001] getaddrinfo failed)"))
2026-05-19 09:22:45 - huginn - DEBUG - Suppressed exception
Traceback (most recent call last):
  File "C:\Users\allie\AppData\Roaming\Python\Python313\site-packages\urllib3\connection.py", line 198, in _new_conn
    sock = connection.create_connection(
        (self._dns_host, self.port),
    ...<2 lines>...
        socket_options=self.socket_options,
    )
  File "C:\Users\allie\AppData\Roaming\Python\Python313\site-packages\urllib3\util\connection.py", line 60, in create_connection
    for res in socket.getaddrinfo(host, port, family, socket.SOCK_STREAM):
               ~~~~~~~~~~~~~~~~~~^^^^^^^^^^^^^^^^^^^^^^^^^^^^^^^^^^^^^^^^
  File "C:\Users\allie\anaconda3\Lib\socket.py", line 977, in getaddrinfo
    for res in _socket.getaddrinfo(host, port, family, type, proto, flags):
               ~~~~~~~~~~~~~~~~~~~^^^^^^^^^^^^^^^^^^^^^^^^^^^^^^^^^^^^^^^^
socket.gaierror: [Errno 11001] getaddrinfo failed

The above exception was the direct cause of the following exception:

Traceback (most recent call last):
  File "C:\Users\allie\AppData\Roaming\Python\Python313\site-packages\urllib3\connectionpool.py", line 787, in urlopen
    response = self._make_request(
        conn,
    ...<10 lines>...
        **response_kw,
    )
  File "C:\Users\allie\AppData\Roaming\Python\Python313\site-packages\urllib3\connectionpool.py", line 493, in _make_request
    conn.request(
    ~~~~~~~~~~~~^
        method,
        ^^^^^^^
    ...<6 lines>...
        enforce_content_length=enforce_content_length,
        ^^^^^^^^^^^^^^^^^^^^^^^^^^^^^^^^^^^^^^^^^^^^^^
    )
    ^
  File "C:\Users\allie\AppData\Roaming\Python\Python313\site-packages\urllib3\connection.py", line 494, in request
    self.endheaders()
    ~~~~~~~~~~~~~~~^^
  File "C:\Users\allie\anaconda3\Lib\http\client.py", line 1333, in endheaders
    self._send_output(message_body, encode_chunked=encode_chunked)
    ~~~~~~~~~~~~~~~~~^^^^^^^^^^^^^^^^^^^^^^^^^^^^^^^^^^^^^^^^^^^^^
  File "C:\Users\allie\anaconda3\Lib\http\client.py", line 1093, in _send_output
    self.send(msg)
    ~~~~~~~~~^^^^^
  File "C:\Users\allie\anaconda3\Lib\http\client.py", line 1037, in send
    self.connect()
    ~~~~~~~~~~~~^^
  File "C:\Users\allie\AppData\Roaming\Python\Python313\site-packages\urllib3\connection.py", line 325, in connect
    self.sock = self._new_conn()
                ~~~~~~~~~~~~~~^^
  File "C:\Users\allie\AppData\Roaming\Python\Python313\site-packages\urllib3\connection.py", line 205, in _new_conn
    raise NameResolutionError(self.host, self, e) from e
urllib3.exceptions.NameResolutionError: <urllib3.connection.HTTPConnection object at 0x000001AA7087EE00>: Failed to resolve 'staging.silentium.htb' ([Errno 11001] getaddrinfo failed)

The above exception was the direct cause of the following exception:

Traceback (most recent call last):
  File "C:\Users\allie\AppData\Roaming\Python\Python313\site-packages\requests\adapters.py", line 667, in send
    resp = conn.urlopen(
        method=request.method,
    ...<9 lines>...
        chunked=chunked,
    )
  File "C:\Users\allie\AppData\Roaming\Python\Python313\site-packages\urllib3\connectionpool.py", line 841, in urlopen
    retries = retries.increment(
        method, url, error=new_e, _pool=self, _stacktrace=sys.exc_info()[2]
    )
  File "C:\Users\allie\AppData\Roaming\Python\Python313\site-packages\urllib3\util\retry.py", line 519, in increment
    raise MaxRetryError(_pool, url, reason) from reason  # type: ignore[arg-type]
    ^^^^^^^^^^^^^^^^^^^^^^^^^^^^^^^^^^^^^^^^^^^^^^^^^^^
urllib3.exceptions.MaxRetryError: HTTPConnectionPool(host='staging.silentium.htb', port=80): Max retries exceeded with url: /endpoint (Caused by NameResolutionError("<urllib3.connection.HTTPConnection object at 0x000001AA7087EE00>: Failed to resolve 'staging.silentium.htb' ([Errno 11001] getaddrinfo failed)"))

During handling of the above exception, another exception occurred:

Traceback (most recent call last):
  File "C:\Users\allie\Coding Projects\huggin_suite\huginn\app\tools\enterprise_fingerprint.py", line 432, in _index_surface
    response = self.session.get(url, timeout=5, allow_redirects=False)
  File "C:\Users\allie\AppData\Roaming\Python\Python313\site-packages\requests\sessions.py", line 602, in get
    return self.request("GET", url, **kwargs)
           ~~~~~~~~~~~~^^^^^^^^^^^^^^^^^^^^^^
  File "C:\Users\allie\AppData\Roaming\Python\Python313\site-packages\requests\sessions.py", line 589, in request
    resp = self.send(prep, **send_kwargs)
  File "C:\Users\allie\AppData\Roaming\Python\Python313\site-packages\requests\sessions.py", line 703, in send
    r = adapter.send(request, **kwargs)
  File "C:\Users\allie\AppData\Roaming\Python\Python313\site-packages\requests\adapters.py", line 700, in send
    raise ConnectionError(e, request=request)
requests.exceptions.ConnectionError: HTTPConnectionPool(host='staging.silentium.htb', port=80): Max retries exceeded with url: /endpoint (Caused by NameResolutionError("<urllib3.connection.HTTPConnection object at 0x000001AA7087EE00>: Failed to resolve 'staging.silentium.htb' ([Errno 11001] getaddrinfo failed)"))
2026-05-19 09:22:45 - huginn - DEBUG - Suppressed exception
Traceback (most recent call last):
  File "C:\Users\allie\AppData\Roaming\Python\Python313\site-packages\urllib3\connection.py", line 198, in _new_conn
    sock = connection.create_connection(
        (self._dns_host, self.port),
    ...<2 lines>...
        socket_options=self.socket_options,
    )
  File "C:\Users\allie\AppData\Roaming\Python\Python313\site-packages\urllib3\util\connection.py", line 60, in create_connection
    for res in socket.getaddrinfo(host, port, family, socket.SOCK_STREAM):
               ~~~~~~~~~~~~~~~~~~^^^^^^^^^^^^^^^^^^^^^^^^^^^^^^^^^^^^^^^^
  File "C:\Users\allie\anaconda3\Lib\socket.py", line 977, in getaddrinfo
    for res in _socket.getaddrinfo(host, port, family, type, proto, flags):
               ~~~~~~~~~~~~~~~~~~~^^^^^^^^^^^^^^^^^^^^^^^^^^^^^^^^^^^^^^^^
socket.gaierror: [Errno 11001] getaddrinfo failed

The above exception was the direct cause of the following exception:

Traceback (most recent call last):
  File "C:\Users\allie\AppData\Roaming\Python\Python313\site-packages\urllib3\connectionpool.py", line 787, in urlopen
    response = self._make_request(
        conn,
    ...<10 lines>...
        **response_kw,
    )
  File "C:\Users\allie\AppData\Roaming\Python\Python313\site-packages\urllib3\connectionpool.py", line 493, in _make_request
    conn.request(
    ~~~~~~~~~~~~^
        method,
        ^^^^^^^
    ...<6 lines>...
        enforce_content_length=enforce_content_length,
        ^^^^^^^^^^^^^^^^^^^^^^^^^^^^^^^^^^^^^^^^^^^^^^
    )
    ^
  File "C:\Users\allie\AppData\Roaming\Python\Python313\site-packages\urllib3\connection.py", line 494, in request
    self.endheaders()
    ~~~~~~~~~~~~~~~^^
  File "C:\Users\allie\anaconda3\Lib\http\client.py", line 1333, in endheaders
    self._send_output(message_body, encode_chunked=encode_chunked)
    ~~~~~~~~~~~~~~~~~^^^^^^^^^^^^^^^^^^^^^^^^^^^^^^^^^^^^^^^^^^^^^
  File "C:\Users\allie\anaconda3\Lib\http\client.py", line 1093, in _send_output
    self.send(msg)
    ~~~~~~~~~^^^^^
  File "C:\Users\allie\anaconda3\Lib\http\client.py", line 1037, in send
    self.connect()
    ~~~~~~~~~~~~^^
  File "C:\Users\allie\AppData\Roaming\Python\Python313\site-packages\urllib3\connection.py", line 325, in connect
    self.sock = self._new_conn()
                ~~~~~~~~~~~~~~^^
  File "C:\Users\allie\AppData\Roaming\Python\Python313\site-packages\urllib3\connection.py", line 205, in _new_conn
    raise NameResolutionError(self.host, self, e) from e
urllib3.exceptions.NameResolutionError: <urllib3.connection.HTTPConnection object at 0x000001AA7087EBE0>: Failed to resolve 'staging.silentium.htb' ([Errno 11001] getaddrinfo failed)

The above exception was the direct cause of the following exception:

Traceback (most recent call last):
  File "C:\Users\allie\AppData\Roaming\Python\Python313\site-packages\requests\adapters.py", line 667, in send
    resp = conn.urlopen(
        method=request.method,
    ...<9 lines>...
        chunked=chunked,
    )
  File "C:\Users\allie\AppData\Roaming\Python\Python313\site-packages\urllib3\connectionpool.py", line 841, in urlopen
    retries = retries.increment(
        method, url, error=new_e, _pool=self, _stacktrace=sys.exc_info()[2]
    )
  File "C:\Users\allie\AppData\Roaming\Python\Python313\site-packages\urllib3\util\retry.py", line 519, in increment
    raise MaxRetryError(_pool, url, reason) from reason  # type: ignore[arg-type]
    ^^^^^^^^^^^^^^^^^^^^^^^^^^^^^^^^^^^^^^^^^^^^^^^^^^^
urllib3.exceptions.MaxRetryError: HTTPConnectionPool(host='staging.silentium.htb', port=80): Max retries exceeded with url: /service (Caused by NameResolutionError("<urllib3.connection.HTTPConnection object at 0x000001AA7087EBE0>: Failed to resolve 'staging.silentium.htb' ([Errno 11001] getaddrinfo failed)"))

During handling of the above exception, another exception occurred:

Traceback (most recent call last):
  File "C:\Users\allie\Coding Projects\huggin_suite\huginn\app\tools\enterprise_fingerprint.py", line 432, in _index_surface
    response = self.session.get(url, timeout=5, allow_redirects=False)
  File "C:\Users\allie\AppData\Roaming\Python\Python313\site-packages\requests\sessions.py", line 602, in get
    return self.request("GET", url, **kwargs)
           ~~~~~~~~~~~~^^^^^^^^^^^^^^^^^^^^^^
  File "C:\Users\allie\AppData\Roaming\Python\Python313\site-packages\requests\sessions.py", line 589, in request
    resp = self.send(prep, **send_kwargs)
  File "C:\Users\allie\AppData\Roaming\Python\Python313\site-packages\requests\sessions.py", line 703, in send
    r = adapter.send(request, **kwargs)
  File "C:\Users\allie\AppData\Roaming\Python\Python313\site-packages\requests\adapters.py", line 700, in send
    raise ConnectionError(e, request=request)
requests.exceptions.ConnectionError: HTTPConnectionPool(host='staging.silentium.htb', port=80): Max retries exceeded with url: /service (Caused by NameResolutionError("<urllib3.connection.HTTPConnection object at 0x000001AA7087EBE0>: Failed to resolve 'staging.silentium.htb' ([Errno 11001] getaddrinfo failed)"))
2026-05-19 09:23:03 - huginn - DEBUG - Suppressed exception
Traceback (most recent call last):
  File "C:\Users\allie\Coding Projects\huggin_suite\huginn\app\core\dns_resolver.py", line 14, in resolve_hostname
    ipaddress.ip_address(hostname)
    ~~~~~~~~~~~~~~~~~~~~^^^^^^^^^^
  File "C:\Users\allie\anaconda3\Lib\ipaddress.py", line 54, in ip_address
    raise ValueError(f'{address!r} does not appear to be an IPv4 or IPv6 address')
ValueError: 'staging.silentium.htb' does not appear to be an IPv4 or IPv6 address
2026-05-19 09:23:34 - huginn - DEBUG - Suppressed exception
Traceback (most recent call last):
  File "C:\Users\allie\Coding Projects\huggin_suite\huginn\app\core\dns_resolver.py", line 14, in resolve_hostname
    ipaddress.ip_address(hostname)
    ~~~~~~~~~~~~~~~~~~~~^^^^^^^^^^
  File "C:\Users\allie\anaconda3\Lib\ipaddress.py", line 54, in ip_address
    raise ValueError(f'{address!r} does not appear to be an IPv4 or IPv6 address')
ValueError: 'staging.silentium.htb' does not appear to be an IPv4 or IPv6 address
2026-05-19 09:23:36 - huginn - DEBUG - Suppressed exception
Traceback (most recent call last):
  File "C:\Users\allie\Coding Projects\huggin_suite\huginn\app\tools\http_fingerprint.py", line 688, in test_ssti_account_detection
    callback_url = self.listener_manager.get_listener_url(bind_ip=True)
                   ^^^^^^^^^^^^^^^^^^^^^^^^^^^^^^^^^^^^^^
AttributeError: 'ListenerManager' object has no attribute 'get_listener_url'
2026-05-19 09:23:36 - huginn - DEBUG - Suppressed exception
Traceback (most recent call last):
  File "C:\Users\allie\AppData\Roaming\Python\Python313\site-packages\urllib3\connection.py", line 198, in _new_conn
    sock = connection.create_connection(
        (self._dns_host, self.port),
    ...<2 lines>...
        socket_options=self.socket_options,
    )
  File "C:\Users\allie\AppData\Roaming\Python\Python313\site-packages\urllib3\util\connection.py", line 60, in create_connection
    for res in socket.getaddrinfo(host, port, family, socket.SOCK_STREAM):
               ~~~~~~~~~~~~~~~~~~^^^^^^^^^^^^^^^^^^^^^^^^^^^^^^^^^^^^^^^^
  File "C:\Users\allie\anaconda3\Lib\socket.py", line 977, in getaddrinfo
    for res in _socket.getaddrinfo(host, port, family, type, proto, flags):
               ~~~~~~~~~~~~~~~~~~~^^^^^^^^^^^^^^^^^^^^^^^^^^^^^^^^^^^^^^^^
socket.gaierror: [Errno 11001] getaddrinfo failed

The above exception was the direct cause of the following exception:

Traceback (most recent call last):
  File "C:\Users\allie\AppData\Roaming\Python\Python313\site-packages\urllib3\connectionpool.py", line 787, in urlopen
    response = self._make_request(
        conn,
    ...<10 lines>...
        **response_kw,
    )
  File "C:\Users\allie\AppData\Roaming\Python\Python313\site-packages\urllib3\connectionpool.py", line 493, in _make_request
    conn.request(
    ~~~~~~~~~~~~^
        method,
        ^^^^^^^
    ...<6 lines>...
        enforce_content_length=enforce_content_length,
        ^^^^^^^^^^^^^^^^^^^^^^^^^^^^^^^^^^^^^^^^^^^^^^
    )
    ^
  File "C:\Users\allie\AppData\Roaming\Python\Python313\site-packages\urllib3\connection.py", line 494, in request
    self.endheaders()
    ~~~~~~~~~~~~~~~^^
  File "C:\Users\allie\anaconda3\Lib\http\client.py", line 1333, in endheaders
    self._send_output(message_body, encode_chunked=encode_chunked)
    ~~~~~~~~~~~~~~~~~^^^^^^^^^^^^^^^^^^^^^^^^^^^^^^^^^^^^^^^^^^^^^
  File "C:\Users\allie\anaconda3\Lib\http\client.py", line 1093, in _send_output
    self.send(msg)
    ~~~~~~~~~^^^^^
  File "C:\Users\allie\anaconda3\Lib\http\client.py", line 1037, in send
    self.connect()
    ~~~~~~~~~~~~^^
  File "C:\Users\allie\AppData\Roaming\Python\Python313\site-packages\urllib3\connection.py", line 325, in connect
    self.sock = self._new_conn()
                ~~~~~~~~~~~~~~^^
  File "C:\Users\allie\AppData\Roaming\Python\Python313\site-packages\urllib3\connection.py", line 205, in _new_conn
    raise NameResolutionError(self.host, self, e) from e
urllib3.exceptions.NameResolutionError: <urllib3.connection.HTTPConnection object at 0x000001AA7087F020>: Failed to resolve 'staging.silentium.htb' ([Errno 11001] getaddrinfo failed)

The above exception was the direct cause of the following exception:

Traceback (most recent call last):
  File "C:\Users\allie\AppData\Roaming\Python\Python313\site-packages\requests\adapters.py", line 667, in send
    resp = conn.urlopen(
        method=request.method,
    ...<9 lines>...
        chunked=chunked,
    )
  File "C:\Users\allie\AppData\Roaming\Python\Python313\site-packages\urllib3\connectionpool.py", line 841, in urlopen
    retries = retries.increment(
        method, url, error=new_e, _pool=self, _stacktrace=sys.exc_info()[2]
    )
  File "C:\Users\allie\AppData\Roaming\Python\Python313\site-packages\urllib3\util\retry.py", line 519, in increment
    raise MaxRetryError(_pool, url, reason) from reason  # type: ignore[arg-type]
    ^^^^^^^^^^^^^^^^^^^^^^^^^^^^^^^^^^^^^^^^^^^^^^^^^^^
urllib3.exceptions.MaxRetryError: HTTPConnectionPool(host='staging.silentium.htb', port=80): Max retries exceeded with url: /blobdzsvblspsau.php (Caused by NameResolutionError("<urllib3.connection.HTTPConnection object at 0x000001AA7087F020>: Failed to resolve 'staging.silentium.htb' ([Errno 11001] getaddrinfo failed)"))

During handling of the above exception, another exception occurred:

Traceback (most recent call last):
  File "C:\Users\allie\Coding Projects\huggin_suite\huginn\app\tools\http_scanner.py", line 1050, in _check_source_files
    test_response = session.get(test_url, timeout=5)
  File "C:\Users\allie\AppData\Roaming\Python\Python313\site-packages\requests\sessions.py", line 602, in get
    return self.request("GET", url, **kwargs)
           ~~~~~~~~~~~~^^^^^^^^^^^^^^^^^^^^^^
  File "C:\Users\allie\AppData\Roaming\Python\Python313\site-packages\requests\sessions.py", line 589, in request
    resp = self.send(prep, **send_kwargs)
  File "C:\Users\allie\AppData\Roaming\Python\Python313\site-packages\requests\sessions.py", line 703, in send
    r = adapter.send(request, **kwargs)
  File "C:\Users\allie\AppData\Roaming\Python\Python313\site-packages\requests\adapters.py", line 700, in send
    raise ConnectionError(e, request=request)
requests.exceptions.ConnectionError: HTTPConnectionPool(host='staging.silentium.htb', port=80): Max retries exceeded with url: /blobdzsvblspsau.php (Caused by NameResolutionError("<urllib3.connection.HTTPConnection object at 0x000001AA7087F020>: Failed to resolve 'staging.silentium.htb' ([Errno 11001] getaddrinfo failed)"))
2026-05-19 09:24:27 - huginn - DEBUG - Suppressed exception
Traceback (most recent call last):
  File "C:\Users\allie\Coding Projects\huggin_suite\huginn\app\core\dns_resolver.py", line 14, in resolve_hostname
    ipaddress.ip_address(hostname)
    ~~~~~~~~~~~~~~~~~~~~^^^^^^^^^^
  File "C:\Users\allie\anaconda3\Lib\ipaddress.py", line 54, in ip_address
    raise ValueError(f'{address!r} does not appear to be an IPv4 or IPv6 address')
ValueError: 'silentium.htb' does not appear to be an IPv4 or IPv6 address
2026-05-19 09:25:36 - huginn - DEBUG - Suppressed exception
Traceback (most recent call last):
  File "C:\Users\allie\Coding Projects\huggin_suite\huginn\app\core\dns_resolver.py", line 14, in resolve_hostname
    ipaddress.ip_address(hostname)
    ~~~~~~~~~~~~~~~~~~~~^^^^^^^^^^
  File "C:\Users\allie\anaconda3\Lib\ipaddress.py", line 54, in ip_address
    raise ValueError(f'{address!r} does not appear to be an IPv4 or IPv6 address')
ValueError: 'staging.silentium.htb' does not appear to be an IPv4 or IPv6 address
2026-05-19 09:25:38 - huginn - DEBUG - Suppressed exception
Traceback (most recent call last):
  File "C:\Users\allie\Coding Projects\huggin_suite\huginn\app\tools\http_fingerprint.py", line 688, in test_ssti_account_detection
    callback_url = self.listener_manager.get_listener_url(bind_ip=True)
                   ^^^^^^^^^^^^^^^^^^^^^^^^^^^^^^^^^^^^^^
AttributeError: 'ListenerManager' object has no attribute 'get_listener_url'
2026-05-19 09:27:15 - huginn - DEBUG - Suppressed exception
Traceback (most recent call last):
  File "C:\Users\allie\Coding Projects\huggin_suite\huginn\app\core\dns_resolver.py", line 14, in resolve_hostname
    ipaddress.ip_address(hostname)
    ~~~~~~~~~~~~~~~~~~~~^^^^^^^^^^
  File "C:\Users\allie\anaconda3\Lib\ipaddress.py", line 54, in ip_address
    raise ValueError(f'{address!r} does not appear to be an IPv4 or IPv6 address')
ValueError: 'staging.silentium.htb' does not appear to be an IPv4 or IPv6 address
2026-05-19 09:27:28 - huginn - DEBUG - Suppressed exception
Traceback (most recent call last):
  File "C:\Users\allie\Coding Projects\huggin_suite\huginn\app\core\dns_resolver.py", line 14, in resolve_hostname
    ipaddress.ip_address(hostname)
    ~~~~~~~~~~~~~~~~~~~~^^^^^^^^^^
  File "C:\Users\allie\anaconda3\Lib\ipaddress.py", line 54, in ip_address
    raise ValueError(f'{address!r} does not appear to be an IPv4 or IPv6 address')
ValueError: 'staging.silentium.htb' does not appear to be an IPv4 or IPv6 address
2026-05-19 09:27:32 - huginn - DEBUG - Suppressed exception
Traceback (most recent call last):
  File "C:\Users\allie\Coding Projects\huggin_suite\huginn\app\core\dns_resolver.py", line 14, in resolve_hostname
    ipaddress.ip_address(hostname)
    ~~~~~~~~~~~~~~~~~~~~^^^^^^^^^^
  File "C:\Users\allie\anaconda3\Lib\ipaddress.py", line 54, in ip_address
    raise ValueError(f'{address!r} does not appear to be an IPv4 or IPv6 address')
ValueError: 'staging.silentium.htb' does not appear to be an IPv4 or IPv6 address
2026-05-19 09:28:58 - huginn - DEBUG - Suppressed exception
Traceback (most recent call last):
  File "C:\Users\allie\Coding Projects\huggin_suite\huginn\app\core\dns_resolver.py", line 14, in resolve_hostname
    ipaddress.ip_address(hostname)
    ~~~~~~~~~~~~~~~~~~~~^^^^^^^^^^
  File "C:\Users\allie\anaconda3\Lib\ipaddress.py", line 54, in ip_address
    raise ValueError(f'{address!r} does not appear to be an IPv4 or IPv6 address')
ValueError: 'staging.silentium.htb' does not appear to be an IPv4 or IPv6 address
2026-05-19 09:29:01 - huginn - DEBUG - Suppressed exception
Traceback (most recent call last):
  File "C:\Users\allie\Coding Projects\huggin_suite\huginn\app\tools\http_fingerprint.py", line 688, in test_ssti_account_detection
    callback_url = self.listener_manager.get_listener_url(bind_ip=True)
                   ^^^^^^^^^^^^^^^^^^^^^^^^^^^^^^^^^^^^^^
AttributeError: 'ListenerManager' object has no attribute 'get_listener_url'
2026-05-19 09:29:23 - huginn - DEBUG - Suppressed exception
Traceback (most recent call last):
  File "C:\Users\allie\Coding Projects\huggin_suite\huginn\app\core\dns_resolver.py", line 14, in resolve_hostname
    ipaddress.ip_address(hostname)
    ~~~~~~~~~~~~~~~~~~~~^^^^^^^^^^
  File "C:\Users\allie\anaconda3\Lib\ipaddress.py", line 54, in ip_address
    raise ValueError(f'{address!r} does not appear to be an IPv4 or IPv6 address')
ValueError: 'staging.silentium.htb' does not appear to be an IPv4 or IPv6 address
2026-05-19 09:29:25 - huginn - DEBUG - Suppressed exception
Traceback (most recent call last):
  File "C:\Users\allie\Coding Projects\huggin_suite\huginn\app\tools\http_fingerprint.py", line 688, in test_ssti_account_detection
    callback_url = self.listener_manager.get_listener_url(bind_ip=True)
                   ^^^^^^^^^^^^^^^^^^^^^^^^^^^^^^^^^^^^^^
AttributeError: 'ListenerManager' object has no attribute 'get_listener_url'
2026-05-19 09:30:38 - huginn - DEBUG - Suppressed exception
Traceback (most recent call last):
  File "C:\Users\allie\Coding Projects\huggin_suite\huginn\app\core\dns_resolver.py", line 14, in resolve_hostname
    ipaddress.ip_address(hostname)
    ~~~~~~~~~~~~~~~~~~~~^^^^^^^^^^
  File "C:\Users\allie\anaconda3\Lib\ipaddress.py", line 54, in ip_address
    raise ValueError(f'{address!r} does not appear to be an IPv4 or IPv6 address')
ValueError: 'staging.silentium.htb' does not appear to be an IPv4 or IPv6 address
2026-05-19 09:31:52 - huginn - DEBUG - Suppressed exception
Traceback (most recent call last):
  File "c:\Users\allie\Coding Projects\huggin_suite\huginn\app\core\asset_manager.py", line 101, in init_database
    conn.execute("ALTER TABLE assets ADD COLUMN fqdn TEXT DEFAULT ''")
    ~~~~~~~~~~~~^^^^^^^^^^^^^^^^^^^^^^^^^^^^^^^^^^^^^^^^^^^^^^^^^^^^^^
sqlite3.OperationalError: duplicate column name: fqdn
2026-05-19 09:31:52 - huginn - DEBUG - Suppressed exception
Traceback (most recent call last):
  File "c:\Users\allie\Coding Projects\huggin_suite\huginn\app\core\asset_manager.py", line 108, in init_database
    conn.execute("ALTER TABLE assets ADD COLUMN mac_address TEXT DEFAULT ''")
    ~~~~~~~~~~~~^^^^^^^^^^^^^^^^^^^^^^^^^^^^^^^^^^^^^^^^^^^^^^^^^^^^^^^^^^^^^
sqlite3.OperationalError: duplicate column name: mac_address
2026-05-19 09:31:52 - huginn - DEBUG - Suppressed exception
Traceback (most recent call last):
  File "c:\Users\allie\Coding Projects\huggin_suite\huginn\app\core\asset_manager.py", line 115, in init_database
    conn.execute("ALTER TABLE assets ADD COLUMN vendor TEXT DEFAULT ''")
    ~~~~~~~~~~~~^^^^^^^^^^^^^^^^^^^^^^^^^^^^^^^^^^^^^^^^^^^^^^^^^^^^^^^^
sqlite3.OperationalError: duplicate column name: vendor
2026-05-19 09:31:52 - huginn - DEBUG - Suppressed exception
Traceback (most recent call last):
  File "c:\Users\allie\Coding Projects\huggin_suite\huginn\app\core\asset_manager.py", line 122, in init_database
    conn.execute("ALTER TABLE assets ADD COLUMN notes TEXT DEFAULT ''")
    ~~~~~~~~~~~~^^^^^^^^^^^^^^^^^^^^^^^^^^^^^^^^^^^^^^^^^^^^^^^^^^^^^^^
sqlite3.OperationalError: duplicate column name: notes
2026-05-19 09:31:53 - huginn - INFO - Using default configuration
2026-05-19 09:31:55 - huginn - INFO - License saved successfully
2026-05-19 09:31:55 - huginn - INFO - License loaded and validated successfully
2026-05-19 09:32:17 - huginn - INFO - Local DNS server stopped
2026-05-19 09:32:17 - huginn - INFO - local_dns_server stopped
2026-05-19 09:32:17 - huginn - INFO - VPN connection terminated
2026-05-19 09:32:17 - huginn - INFO - vpn_manager disconnected
2026-05-19 09:32:17 - huginn - DEBUG - Memory monitoring stopped
2026-05-19 09:32:17 - huginn - DEBUG - Connection pool closed all sessions
2026-05-19 09:32:17 - huginn - INFO - Update manager stopped during cleanup
2026-05-19 09:32:20 - huginn - INFO - License saved successfully
2026-05-19 09:32:20 - huginn - INFO - License loaded and validated successfully
2026-05-19 09:32:20 - huginn - INFO - Application starting...
2026-05-19 09:32:20 - huginn - INFO - Font loaded successfully
2026-05-19 09:32:20 - huginn - INFO - Stylesheet loaded successfully
2026-05-19 09:32:20 - huginn - INFO - Creating main window...
2026-05-19 09:32:20 - huginn - INFO - QThreadPool max threads set to 32 (CPUs: 32)
2026-05-19 09:32:20 - huginn - INFO - Custom font 'Neuropol X' loaded from C:\Users\allie\Coding Projects\huggin_suite\huginn\resources\fonts\neuropol.otf
2026-05-19 09:32:20 - huginn - DEBUG - Suppressed exception
Traceback (most recent call last):
  File "C:\Users\allie\Coding Projects\huggin_suite\huginn\app\pages\page_registry.py", line 45, in register_all_pages
    from app.pages.db_attacks_page import DBAttacksPage
ImportError: cannot import name 'DBAttacksPage' from 'app.pages.db_attacks_page' (C:\Users\allie\Coding Projects\huggin_suite\huginn\app\pages\db_attacks_page.py)
2026-05-19 09:33:17 - huginn - INFO - VPN connection terminated
2026-05-19 09:33:17 - huginn - INFO - OpenVPN connection started with config: C:/Users/allie/Downloads/machines_au-1 (1).ovpn
2026-05-19 09:33:17 - huginn - DEBUG - OpenVPN: 2026-05-19 09:33:17 Note: --data-ciphers-fallback with cipher 'AES-128-CBC' disables data channel offload.
2026-05-19 09:33:17 - huginn - DEBUG - OpenVPN: 2026-05-19 09:33:17 OpenVPN 2.6.14 [git:none/0169b4ad2bb35d2c] Windows [SSL (OpenSSL)] [LZO] [LZ4] [PKCS11] [AEAD] [DCO] built on Jun 19 2025
2026-05-19 09:33:17 - huginn - DEBUG - OpenVPN: 2026-05-19 09:33:17 Windows version 10.0 (Windows 10 or greater), amd64 executable
2026-05-19 09:33:17 - huginn - DEBUG - OpenVPN: 2026-05-19 09:33:17 library versions: OpenSSL 3.5.0 8 Apr 2025, LZO 2.10
2026-05-19 09:33:17 - huginn - DEBUG - OpenVPN: 2026-05-19 09:33:17 DCO version: N/A
2026-05-19 09:33:17 - huginn - DEBUG - OpenVPN: 2026-05-19 09:33:17 TCP/UDP: Preserving recently used remote address: [AF_INET]206.148.40.161:1337
2026-05-19 09:33:17 - huginn - DEBUG - OpenVPN: 2026-05-19 09:33:17 Socket Buffers: R=[65536->65536] S=[65536->65536]
2026-05-19 09:33:17 - huginn - DEBUG - OpenVPN: 2026-05-19 09:33:17 UDPv4 link local: (not bound)
2026-05-19 09:33:17 - huginn - DEBUG - OpenVPN: 2026-05-19 09:33:17 UDPv4 link remote: [AF_INET]206.148.40.161:1337
2026-05-19 09:33:17 - huginn - DEBUG - OpenVPN: 2026-05-19 09:33:17 TLS: Initial packet from [AF_INET]206.148.40.161:1337, sid=0ec5f633 8d53bb8d
2026-05-19 09:33:17 - huginn - DEBUG - OpenVPN: 2026-05-19 09:33:17 VERIFY OK: depth=2, C=GR, O=Hack The Box, OU=Systems, CN=HTB VPN: Root Certificate Authority
2026-05-19 09:33:17 - huginn - DEBUG - OpenVPN: 2026-05-19 09:33:17 VERIFY OK: depth=1, C=GR, O=Hack The Box, OU=Systems, CN=HTB VPN: au-free-1 Issuing CA
2026-05-19 09:33:17 - huginn - DEBUG - OpenVPN: 2026-05-19 09:33:17 VERIFY KU OK
2026-05-19 09:33:17 - huginn - DEBUG - OpenVPN: 2026-05-19 09:33:17 Validating certificate extended key usage
2026-05-19 09:33:17 - huginn - DEBUG - OpenVPN: 2026-05-19 09:33:17 ++ Certificate has EKU (str) TLS Web Client Authentication, expects TLS Web Server Authentication
2026-05-19 09:33:17 - huginn - DEBUG - OpenVPN: 2026-05-19 09:33:17 ++ Certificate has EKU (oid) 1.3.6.1.5.5.7.3.2, expects TLS Web Server Authentication
2026-05-19 09:33:17 - huginn - DEBUG - OpenVPN: 2026-05-19 09:33:17 ++ Certificate has EKU (str) TLS Web Server Authentication, expects TLS Web Server Authentication
2026-05-19 09:33:17 - huginn - DEBUG - OpenVPN: 2026-05-19 09:33:17 VERIFY EKU OK
2026-05-19 09:33:17 - huginn - DEBUG - OpenVPN: 2026-05-19 09:33:17 VERIFY OK: depth=0, C=GR, O=Hack The Box, OU=Systems, CN=au-free-1
2026-05-19 09:33:18 - huginn - DEBUG - OpenVPN: 2026-05-19 09:33:17 Control Channel: TLSv1.3, cipher TLSv1.3 TLS_AES_256_GCM_SHA384, peer certificate: 256 bits ED25519, signature: ED25519, peer temporary key: 253 bits X25519
2026-05-19 09:33:18 - huginn - DEBUG - OpenVPN: 2026-05-19 09:33:17 [au-free-1] Peer Connection Initiated with [AF_INET]206.148.40.161:1337
2026-05-19 09:33:18 - huginn - DEBUG - OpenVPN: 2026-05-19 09:33:17 TLS: move_session: dest=TM_ACTIVE src=TM_INITIAL reinit_src=1
2026-05-19 09:33:18 - huginn - DEBUG - OpenVPN: 2026-05-19 09:33:17 TLS: tls_multi_process: initial untrusted session promoted to trusted
2026-05-19 09:33:19 - huginn - DEBUG - OpenVPN: 2026-05-19 09:33:19 SENT CONTROL [au-free-1]: 'PUSH_REQUEST' (status=1)
2026-05-19 09:33:19 - huginn - DEBUG - OpenVPN: 2026-05-19 09:33:19 PUSH: Received control message: 'PUSH_REPLY,route 10.10.8.0 255.255.252.0,route 10.129.0.0 255.255.0.0,route-ipv6 dead:beef::/64,explicit-exit-notify,tun-ipv6,route-gateway 10.10.14.1,topology subnet,ping 10,ping-restart 120,ifconfig-ipv6 dead:beef:2::1016/64 dead:beef:2::1,ifconfig 10.10.14.24 255.255.254.0,peer-id 10,cipher AES-256-CBC,protocol-flags cc-exit tls-ekm dyn-tls-crypt,tun-mtu 1500'
2026-05-19 09:33:19 - huginn - DEBUG - OpenVPN: 2026-05-19 09:33:19 OPTIONS IMPORT: --ifconfig/up options modified
2026-05-19 09:33:19 - huginn - DEBUG - OpenVPN: 2026-05-19 09:33:19 OPTIONS IMPORT: route options modified
2026-05-19 09:33:19 - huginn - DEBUG - OpenVPN: 2026-05-19 09:33:19 OPTIONS IMPORT: route-related options modified
2026-05-19 09:33:19 - huginn - DEBUG - OpenVPN: 2026-05-19 09:33:19 OPTIONS IMPORT: tun-mtu set to 1500
2026-05-19 09:33:19 - huginn - DEBUG - OpenVPN: 2026-05-19 09:33:19 interactive service msg_channel=0
2026-05-19 09:33:19 - huginn - DEBUG - OpenVPN: 2026-05-19 09:33:19 ROUTE_GATEWAY 192.168.1.1/255.255.255.0 I=23 HWADDR=88:d8:2e:79:0c:48
2026-05-19 09:33:19 - huginn - DEBUG - OpenVPN: 2026-05-19 09:33:19 GDG6: remote_host_ipv6=n/a
2026-05-19 09:33:19 - huginn - DEBUG - OpenVPN: 2026-05-19 09:33:19 NOTE: GetBestInterfaceEx returned error: Element not found.   (code=1168)
2026-05-19 09:33:19 - huginn - DEBUG - OpenVPN: 2026-05-19 09:33:19 ROUTE6: default_gateway=UNDEF
2026-05-19 09:33:19 - huginn - DEBUG - OpenVPN: 2026-05-19 09:33:19 open_tun
2026-05-19 09:33:19 - huginn - DEBUG - OpenVPN: 2026-05-19 09:33:19 tap-windows6 device [OpenVPN TAP-Windows6] opened
2026-05-19 09:33:19 - huginn - DEBUG - OpenVPN: 2026-05-19 09:33:19 TAP-Windows Driver Version 9.27
2026-05-19 09:33:19 - huginn - DEBUG - OpenVPN: 2026-05-19 09:33:19 Set TAP-Windows TUN subnet mode network/local/netmask = 10.10.14.0/10.10.14.24/255.255.254.0 [SUCCEEDED]
2026-05-19 09:33:19 - huginn - DEBUG - OpenVPN: 2026-05-19 09:33:19 Notified TAP-Windows driver to set a DHCP IP/netmask of 10.10.14.24/255.255.254.0 on interface {9624926F-3F6E-402F-BBEF-68BB8BB5B777} [DHCP-serv: 10.10.14.0, lease-time: 31536000]
2026-05-19 09:33:19 - huginn - DEBUG - OpenVPN: 2026-05-19 09:33:19 Successful ARP Flush on interface [18] {9624926F-3F6E-402F-BBEF-68BB8BB5B777}
2026-05-19 09:33:19 - huginn - DEBUG - OpenVPN: 2026-05-19 09:33:19 IPv4 MTU set to 1500 on interface 18 using SetIpInterfaceEntry()
2026-05-19 09:33:19 - huginn - DEBUG - OpenVPN: 2026-05-19 09:33:19 NETSH: C:\WINDOWS\system32\netsh.exe interface ipv6 set address 18 dead:beef:2::1016/128 store=active
2026-05-19 09:33:19 - huginn - DEBUG - OpenVPN: 2026-05-19 09:33:19 add_route_ipv6(dead:beef:2::/64 -> dead:beef:2::1016 metric 0) IF 18
2026-05-19 09:33:19 - huginn - DEBUG - OpenVPN: 2026-05-19 09:33:19 IPv6 route addition using ipapi failed because route exists
2026-05-19 09:33:19 - huginn - DEBUG - OpenVPN: 2026-05-19 09:33:19 NETSH: C:\WINDOWS\system32\netsh.exe interface ipv6 delete dns 18 all
2026-05-19 09:33:19 - huginn - DEBUG - OpenVPN: 2026-05-19 09:33:19 IPv6 MTU set to 1500 on interface 18 using SetIpInterfaceEntry()
2026-05-19 09:33:19 - huginn - DEBUG - OpenVPN: 2026-05-19 09:33:19 Data Channel: cipher 'AES-256-CBC', auth 'SHA256', peer-id: 10, compression: 'lzo'
2026-05-19 09:33:19 - huginn - DEBUG - OpenVPN: 2026-05-19 09:33:19 Timers: ping 10, ping-restart 120
2026-05-19 09:33:19 - huginn - DEBUG - OpenVPN: 2026-05-19 09:33:19 Protocol options: explicit-exit-notify 1, protocol-flags cc-exit tls-ekm dyn-tls-crypt
2026-05-19 09:33:25 - huginn - DEBUG - OpenVPN: 2026-05-19 09:33:25 TEST ROUTES: 2/2 succeeded len=2 ret=1 a=0 u/d=up
2026-05-19 09:33:25 - huginn - DEBUG - OpenVPN: 2026-05-19 09:33:25 C:\WINDOWS\system32\route.exe ADD 10.10.8.0 MASK 255.255.252.0 10.10.14.1
2026-05-19 09:33:25 - huginn - DEBUG - OpenVPN: 2026-05-19 09:33:25 Route addition via ipapi [adaptive] failed because route exists
2026-05-19 09:33:25 - huginn - DEBUG - OpenVPN: 2026-05-19 09:33:25 C:\WINDOWS\system32\route.exe ADD 10.129.0.0 MASK 255.255.0.0 10.10.14.1
2026-05-19 09:33:25 - huginn - DEBUG - OpenVPN: 2026-05-19 09:33:25 Route addition via ipapi [adaptive] failed because route exists
2026-05-19 09:33:25 - huginn - DEBUG - OpenVPN: 2026-05-19 09:33:25 add_route_ipv6(dead:beef::/64 -> dead:beef:2::1 metric -1) IF 18
2026-05-19 09:33:25 - huginn - DEBUG - OpenVPN: 2026-05-19 09:33:25 IPv6 route addition using ipapi failed because route exists
2026-05-19 09:33:25 - huginn - DEBUG - OpenVPN: 2026-05-19 09:33:25 Initialization Sequence Completed
2026-05-19 09:33:28 - huginn - INFO - Local DNS server started on port 53530
2026-05-19 09:33:30 - huginn - INFO - DNS server changed to: LocalDNS
2026-05-19 09:33:32 - huginn - DEBUG - Wireless security tab unavailable
Traceback (most recent call last):
  File "C:\Users\allie\Coding Projects\huggin_suite\huginn\app\pages\recon_enumeration_page.py", line 99, in setup_ui
    wireless_tab = WirelessSecurityWidget(self)
  File "C:\Users\allie\Coding Projects\huggin_suite\huginn\app\widgets\wireless_security_widget.py", line 52, in __init__
    self.connect_signals()
    ~~~~~~~~~~~~~~~~~~~~^^
  File "C:\Users\allie\Coding Projects\huggin_suite\huginn\app\widgets\wireless_security_widget.py", line 303, in connect_signals
    self.generate_report_btn.clicked.connect(self.generate_report)
    ^^^^^^^^^^^^^^^^^^^^^^^^
AttributeError: 'WirelessSecurityWidget' object has no attribute 'generate_report_btn'. Did you mean: 'generate_report'?
2026-05-19 09:33:33 - huginn - DEBUG - Suppressed exception
Traceback (most recent call last):
  File "C:\Users\allie\Coding Projects\huggin_suite\huginn\app\core\asset_manager.py", line 101, in init_database
    conn.execute("ALTER TABLE assets ADD COLUMN fqdn TEXT DEFAULT ''")
    ~~~~~~~~~~~~^^^^^^^^^^^^^^^^^^^^^^^^^^^^^^^^^^^^^^^^^^^^^^^^^^^^^^
sqlite3.OperationalError: duplicate column name: fqdn
2026-05-19 09:33:33 - huginn - DEBUG - Suppressed exception
Traceback (most recent call last):
  File "C:\Users\allie\Coding Projects\huggin_suite\huginn\app\core\asset_manager.py", line 108, in init_database
    conn.execute("ALTER TABLE assets ADD COLUMN mac_address TEXT DEFAULT ''")
    ~~~~~~~~~~~~^^^^^^^^^^^^^^^^^^^^^^^^^^^^^^^^^^^^^^^^^^^^^^^^^^^^^^^^^^^^^
sqlite3.OperationalError: duplicate column name: mac_address
2026-05-19 09:33:33 - huginn - DEBUG - Suppressed exception
Traceback (most recent call last):
  File "C:\Users\allie\Coding Projects\huggin_suite\huginn\app\core\asset_manager.py", line 115, in init_database
    conn.execute("ALTER TABLE assets ADD COLUMN vendor TEXT DEFAULT ''")
    ~~~~~~~~~~~~^^^^^^^^^^^^^^^^^^^^^^^^^^^^^^^^^^^^^^^^^^^^^^^^^^^^^^^^
sqlite3.OperationalError: duplicate column name: vendor
2026-05-19 09:33:33 - huginn - DEBUG - Suppressed exception
Traceback (most recent call last):
  File "C:\Users\allie\Coding Projects\huggin_suite\huginn\app\core\asset_manager.py", line 122, in init_database
    conn.execute("ALTER TABLE assets ADD COLUMN notes TEXT DEFAULT ''")
    ~~~~~~~~~~~~^^^^^^^^^^^^^^^^^^^^^^^^^^^^^^^^^^^^^^^^^^^^^^^^^^^^^^^
sqlite3.OperationalError: duplicate column name: notes
2026-05-19 09:34:00 - huginn - DEBUG - Suppressed exception
Traceback (most recent call last):
  File "C:\Users\allie\Coding Projects\huggin_suite\huginn\app\core\dns_resolver.py", line 14, in resolve_hostname
    ipaddress.ip_address(hostname)
    ~~~~~~~~~~~~~~~~~~~~^^^^^^^^^^
  File "C:\Users\allie\anaconda3\Lib\ipaddress.py", line 54, in ip_address
    raise ValueError(f'{address!r} does not appear to be an IPv4 or IPv6 address')
ValueError: 'staging.silentium.htb' does not appear to be an IPv4 or IPv6 address
2026-05-19 09:36:45 - huginn - DEBUG - Suppressed exception
Traceback (most recent call last):
  File "C:\Users\allie\Coding Projects\huggin_suite\huginn\app\core\dns_resolver.py", line 14, in resolve_hostname
    ipaddress.ip_address(hostname)
    ~~~~~~~~~~~~~~~~~~~~^^^^^^^^^^
  File "C:\Users\allie\anaconda3\Lib\ipaddress.py", line 54, in ip_address
    raise ValueError(f'{address!r} does not appear to be an IPv4 or IPv6 address')
ValueError: 'staging.silentium.htb' does not appear to be an IPv4 or IPv6 address
2026-05-19 09:37:08 - huginn - DEBUG - Suppressed exception
Traceback (most recent call last):
  File "C:\Users\allie\Coding Projects\huggin_suite\huginn\app\core\dns_resolver.py", line 14, in resolve_hostname
    ipaddress.ip_address(hostname)
    ~~~~~~~~~~~~~~~~~~~~^^^^^^^^^^
  File "C:\Users\allie\anaconda3\Lib\ipaddress.py", line 54, in ip_address
    raise ValueError(f'{address!r} does not appear to be an IPv4 or IPv6 address')
ValueError: 'staging.silentium.htb' does not appear to be an IPv4 or IPv6 address
2026-05-19 09:38:55 - huginn - DEBUG - Suppressed exception
Traceback (most recent call last):
  File "C:\Users\allie\Coding Projects\huggin_suite\huginn\app\core\dns_resolver.py", line 14, in resolve_hostname
    ipaddress.ip_address(hostname)
    ~~~~~~~~~~~~~~~~~~~~^^^^^^^^^^
  File "C:\Users\allie\anaconda3\Lib\ipaddress.py", line 54, in ip_address
    raise ValueError(f'{address!r} does not appear to be an IPv4 or IPv6 address')
ValueError: 'staging.silentium.htb' does not appear to be an IPv4 or IPv6 address
2026-05-19 09:39:55 - huginn - DEBUG - Suppressed exception
Traceback (most recent call last):
  File "C:\Users\allie\Coding Projects\huggin_suite\huginn\app\core\dns_resolver.py", line 14, in resolve_hostname
    ipaddress.ip_address(hostname)
    ~~~~~~~~~~~~~~~~~~~~^^^^^^^^^^
  File "C:\Users\allie\anaconda3\Lib\ipaddress.py", line 54, in ip_address
    raise ValueError(f'{address!r} does not appear to be an IPv4 or IPv6 address')
ValueError: 'staging.silentium.htb' does not appear to be an IPv4 or IPv6 address
2026-05-19 09:44:42 - huginn - DEBUG - Suppressed exception
Traceback (most recent call last):
  File "C:\Users\allie\Coding Projects\huggin_suite\huginn\app\core\dns_resolver.py", line 14, in resolve_hostname
    ipaddress.ip_address(hostname)
    ~~~~~~~~~~~~~~~~~~~~^^^^^^^^^^
  File "C:\Users\allie\anaconda3\Lib\ipaddress.py", line 54, in ip_address
    raise ValueError(f'{address!r} does not appear to be an IPv4 or IPv6 address')
ValueError: 'staging.silentium.htb' does not appear to be an IPv4 or IPv6 address
2026-05-19 09:47:19 - huginn - DEBUG - Suppressed exception
Traceback (most recent call last):
  File "C:\Users\allie\Coding Projects\huggin_suite\huginn\app\core\dns_resolver.py", line 14, in resolve_hostname
    ipaddress.ip_address(hostname)
    ~~~~~~~~~~~~~~~~~~~~^^^^^^^^^^
  File "C:\Users\allie\anaconda3\Lib\ipaddress.py", line 54, in ip_address
    raise ValueError(f'{address!r} does not appear to be an IPv4 or IPv6 address')
ValueError: 'staging.silentium.htb' does not appear to be an IPv4 or IPv6 address
2026-05-19 09:48:20 - huginn - DEBUG - Suppressed exception
Traceback (most recent call last):
  File "C:\Users\allie\Coding Projects\huggin_suite\huginn\app\core\dns_resolver.py", line 14, in resolve_hostname
    ipaddress.ip_address(hostname)
    ~~~~~~~~~~~~~~~~~~~~^^^^^^^^^^
  File "C:\Users\allie\anaconda3\Lib\ipaddress.py", line 54, in ip_address
    raise ValueError(f'{address!r} does not appear to be an IPv4 or IPv6 address')
ValueError: 'staging.silentium.htb' does not appear to be an IPv4 or IPv6 address
2026-05-19 09:49:40 - huginn - DEBUG - Suppressed exception
Traceback (most recent call last):
  File "C:\Users\allie\Coding Projects\huggin_suite\huginn\app\core\dns_resolver.py", line 14, in resolve_hostname
    ipaddress.ip_address(hostname)
    ~~~~~~~~~~~~~~~~~~~~^^^^^^^^^^
  File "C:\Users\allie\anaconda3\Lib\ipaddress.py", line 54, in ip_address
    raise ValueError(f'{address!r} does not appear to be an IPv4 or IPv6 address')
ValueError: 'staging.silentium.htb' does not appear to be an IPv4 or IPv6 address
2026-05-19 09:50:51 - huginn - INFO - Using default configuration
2026-05-19 09:50:51 - huginn - DEBUG - Suppressed exception
Traceback (most recent call last):
  File "C:\Users\allie\Coding Projects\huggin_suite\huginn\app\core\dns_resolver.py", line 14, in resolve_hostname
    ipaddress.ip_address(hostname)
    ~~~~~~~~~~~~~~~~~~~~^^^^^^^^^^
  File "C:\Users\allie\anaconda3\Lib\ipaddress.py", line 54, in ip_address
    raise ValueError(f'{address!r} does not appear to be an IPv4 or IPv6 address')
ValueError: 'staging.silentium.htb' does not appear to be an IPv4 or IPv6 address
2026-05-19 09:50:51 - huginn - DEBUG - Suppressed exception
Traceback (most recent call last):
  File "C:\Users\allie\AppData\Roaming\Python\Python313\site-packages\urllib3\connection.py", line 198, in _new_conn
    sock = connection.create_connection(
        (self._dns_host, self.port),
    ...<2 lines>...
        socket_options=self.socket_options,
    )
  File "C:\Users\allie\AppData\Roaming\Python\Python313\site-packages\urllib3\util\connection.py", line 60, in create_connection
    for res in socket.getaddrinfo(host, port, family, socket.SOCK_STREAM):
               ~~~~~~~~~~~~~~~~~~^^^^^^^^^^^^^^^^^^^^^^^^^^^^^^^^^^^^^^^^
  File "C:\Users\allie\anaconda3\Lib\socket.py", line 977, in getaddrinfo
    for res in _socket.getaddrinfo(host, port, family, type, proto, flags):
               ~~~~~~~~~~~~~~~~~~~^^^^^^^^^^^^^^^^^^^^^^^^^^^^^^^^^^^^^^^^
socket.gaierror: [Errno 11001] getaddrinfo failed

The above exception was the direct cause of the following exception:

Traceback (most recent call last):
  File "C:\Users\allie\AppData\Roaming\Python\Python313\site-packages\urllib3\connectionpool.py", line 787, in urlopen
    response = self._make_request(
        conn,
    ...<10 lines>...
        **response_kw,
    )
  File "C:\Users\allie\AppData\Roaming\Python\Python313\site-packages\urllib3\connectionpool.py", line 493, in _make_request
    conn.request(
    ~~~~~~~~~~~~^
        method,
        ^^^^^^^
    ...<6 lines>...
        enforce_content_length=enforce_content_length,
        ^^^^^^^^^^^^^^^^^^^^^^^^^^^^^^^^^^^^^^^^^^^^^^
    )
    ^
  File "C:\Users\allie\AppData\Roaming\Python\Python313\site-packages\urllib3\connection.py", line 494, in request
    self.endheaders()
    ~~~~~~~~~~~~~~~^^
  File "C:\Users\allie\anaconda3\Lib\http\client.py", line 1333, in endheaders
    self._send_output(message_body, encode_chunked=encode_chunked)
    ~~~~~~~~~~~~~~~~~^^^^^^^^^^^^^^^^^^^^^^^^^^^^^^^^^^^^^^^^^^^^^
  File "C:\Users\allie\anaconda3\Lib\http\client.py", line 1093, in _send_output
    self.send(msg)
    ~~~~~~~~~^^^^^
  File "C:\Users\allie\anaconda3\Lib\http\client.py", line 1037, in send
    self.connect()
    ~~~~~~~~~~~~^^
  File "C:\Users\allie\AppData\Roaming\Python\Python313\site-packages\urllib3\connection.py", line 325, in connect
    self.sock = self._new_conn()
                ~~~~~~~~~~~~~~^^
  File "C:\Users\allie\AppData\Roaming\Python\Python313\site-packages\urllib3\connection.py", line 205, in _new_conn
    raise NameResolutionError(self.host, self, e) from e
urllib3.exceptions.NameResolutionError: <urllib3.connection.HTTPConnection object at 0x000001A72F22AAD0>: Failed to resolve 'staging.silentium.htb' ([Errno 11001] getaddrinfo failed)

The above exception was the direct cause of the following exception:

Traceback (most recent call last):
  File "C:\Users\allie\AppData\Roaming\Python\Python313\site-packages\requests\adapters.py", line 667, in send
    resp = conn.urlopen(
        method=request.method,
    ...<9 lines>...
        chunked=chunked,
    )
  File "C:\Users\allie\AppData\Roaming\Python\Python313\site-packages\urllib3\connectionpool.py", line 841, in urlopen
    retries = retries.increment(
        method, url, error=new_e, _pool=self, _stacktrace=sys.exc_info()[2]
    )
  File "C:\Users\allie\AppData\Roaming\Python\Python313\site-packages\urllib3\util\retry.py", line 519, in increment
    raise MaxRetryError(_pool, url, reason) from reason  # type: ignore[arg-type]
    ^^^^^^^^^^^^^^^^^^^^^^^^^^^^^^^^^^^^^^^^^^^^^^^^^^^
urllib3.exceptions.MaxRetryError: HTTPConnectionPool(host='staging.silentium.htb', port=80): Max retries exceeded with url: /mtvfdqjmudxfhha.php (Caused by NameResolutionError("<urllib3.connection.HTTPConnection object at 0x000001A72F22AAD0>: Failed to resolve 'staging.silentium.htb' ([Errno 11001] getaddrinfo failed)"))

During handling of the above exception, another exception occurred:

Traceback (most recent call last):
  File "C:\Users\allie\Coding Projects\huggin_suite\huginn\app\tools\http_scanner.py", line 1050, in _check_source_files
    test_response = session.get(test_url, timeout=5)
  File "C:\Users\allie\AppData\Roaming\Python\Python313\site-packages\requests\sessions.py", line 602, in get
    return self.request("GET", url, **kwargs)
           ~~~~~~~~~~~~^^^^^^^^^^^^^^^^^^^^^^
  File "C:\Users\allie\AppData\Roaming\Python\Python313\site-packages\requests\sessions.py", line 589, in request
    resp = self.send(prep, **send_kwargs)
  File "C:\Users\allie\AppData\Roaming\Python\Python313\site-packages\requests\sessions.py", line 703, in send
    r = adapter.send(request, **kwargs)
  File "C:\Users\allie\AppData\Roaming\Python\Python313\site-packages\requests\adapters.py", line 700, in send
    raise ConnectionError(e, request=request)
requests.exceptions.ConnectionError: HTTPConnectionPool(host='staging.silentium.htb', port=80): Max retries exceeded with url: /mtvfdqjmudxfhha.php (Caused by NameResolutionError("<urllib3.connection.HTTPConnection object at 0x000001A72F22AAD0>: Failed to resolve 'staging.silentium.htb' ([Errno 11001] getaddrinfo failed)"))
2026-05-19 09:56:25 - huginn - DEBUG - Suppressed exception
Traceback (most recent call last):
  File "C:\Users\allie\Coding Projects\huggin_suite\huginn\app\core\dns_resolver.py", line 14, in resolve_hostname
    ipaddress.ip_address(hostname)
    ~~~~~~~~~~~~~~~~~~~~^^^^^^^^^^
  File "C:\Users\allie\anaconda3\Lib\ipaddress.py", line 54, in ip_address
    raise ValueError(f'{address!r} does not appear to be an IPv4 or IPv6 address')
ValueError: 'staging.silentium.htb' does not appear to be an IPv4 or IPv6 address
2026-05-19 09:57:38 - huginn - DEBUG - Suppressed exception
Traceback (most recent call last):
  File "C:\Users\allie\Coding Projects\huggin_suite\huginn\app\core\dns_resolver.py", line 14, in resolve_hostname
    ipaddress.ip_address(hostname)
    ~~~~~~~~~~~~~~~~~~~~^^^^^^^^^^
  File "C:\Users\allie\anaconda3\Lib\ipaddress.py", line 54, in ip_address
    raise ValueError(f'{address!r} does not appear to be an IPv4 or IPv6 address')
ValueError: 'staging.silentium.htb' does not appear to be an IPv4 or IPv6 address
2026-05-19 09:57:45 - huginn - DEBUG - Suppressed exception
Traceback (most recent call last):
  File "C:\Users\allie\Coding Projects\huggin_suite\huginn\app\core\dns_resolver.py", line 14, in resolve_hostname
    ipaddress.ip_address(hostname)
    ~~~~~~~~~~~~~~~~~~~~^^^^^^^^^^
  File "C:\Users\allie\anaconda3\Lib\ipaddress.py", line 54, in ip_address
    raise ValueError(f'{address!r} does not appear to be an IPv4 or IPv6 address')
ValueError: 'staging.silentium.htb' does not appear to be an IPv4 or IPv6 address
2026-05-19 10:00:37 - huginn - DEBUG - Suppressed exception
Traceback (most recent call last):
  File "C:\Users\allie\Coding Projects\huggin_suite\huginn\app\core\dns_resolver.py", line 14, in resolve_hostname
    ipaddress.ip_address(hostname)
    ~~~~~~~~~~~~~~~~~~~~^^^^^^^^^^
  File "C:\Users\allie\anaconda3\Lib\ipaddress.py", line 54, in ip_address
    raise ValueError(f'{address!r} does not appear to be an IPv4 or IPv6 address')
ValueError: 'staging.silentium.htb' does not appear to be an IPv4 or IPv6 address
2026-05-19 10:02:23 - huginn - DEBUG - Suppressed exception
Traceback (most recent call last):
  File "C:\Users\allie\Coding Projects\huggin_suite\huginn\app\widgets\curl_widget.py", line 320, in format_json
    formatted = json.dumps(json.loads(text), indent=2)
                           ~~~~~~~~~~^^^^^^
  File "C:\Users\allie\anaconda3\Lib\json\__init__.py", line 346, in loads
    return _default_decoder.decode(s)
           ~~~~~~~~~~~~~~~~~~~~~~~^^^
  File "C:\Users\allie\anaconda3\Lib\json\decoder.py", line 348, in decode
    raise JSONDecodeError("Extra data", s, end)
json.decoder.JSONDecodeError: Extra data: line 13 column 8 (char 654)
2026-05-19 10:02:26 - huginn - DEBUG - Suppressed exception
Traceback (most recent call last):
  File "C:\Users\allie\Coding Projects\huggin_suite\huginn\app\widgets\curl_widget.py", line 320, in format_json
    formatted = json.dumps(json.loads(text), indent=2)
                           ~~~~~~~~~~^^^^^^
  File "C:\Users\allie\anaconda3\Lib\json\__init__.py", line 346, in loads
    return _default_decoder.decode(s)
           ~~~~~~~~~~~~~~~~~~~~~~~^^^
  File "C:\Users\allie\anaconda3\Lib\json\decoder.py", line 348, in decode
    raise JSONDecodeError("Extra data", s, end)
json.decoder.JSONDecodeError: Extra data: line 13 column 8 (char 654)
2026-05-19 10:02:28 - huginn - DEBUG - Suppressed exception
Traceback (most recent call last):
  File "C:\Users\allie\Coding Projects\huggin_suite\huginn\app\core\dns_resolver.py", line 14, in resolve_hostname
    ipaddress.ip_address(hostname)
    ~~~~~~~~~~~~~~~~~~~~^^^^^^^^^^
  File "C:\Users\allie\anaconda3\Lib\ipaddress.py", line 54, in ip_address
    raise ValueError(f'{address!r} does not appear to be an IPv4 or IPv6 address')
ValueError: 'staging.silentium.htb' does not appear to be an IPv4 or IPv6 address
2026-05-19 10:03:37 - huginn - DEBUG - Suppressed exception
Traceback (most recent call last):
  File "C:\Users\allie\Coding Projects\huggin_suite\huginn\app\core\dns_resolver.py", line 14, in resolve_hostname
    ipaddress.ip_address(hostname)
    ~~~~~~~~~~~~~~~~~~~~^^^^^^^^^^
  File "C:\Users\allie\anaconda3\Lib\ipaddress.py", line 54, in ip_address
    raise ValueError(f'{address!r} does not appear to be an IPv4 or IPv6 address')
ValueError: 'staging.silentium.htb' does not appear to be an IPv4 or IPv6 address
2026-05-19 10:26:30 - huginn - INFO - Local DNS server stopped
2026-05-19 10:26:30 - huginn - INFO - local_dns_server stopped
2026-05-19 10:26:30 - huginn - INFO - VPN connection terminated
2026-05-19 10:26:30 - huginn - INFO - vpn_manager disconnected
2026-05-19 10:26:30 - huginn - DEBUG - Memory monitoring stopped
2026-05-19 10:26:30 - huginn - DEBUG - Connection pool closed all sessions
2026-05-19 10:26:30 - huginn - INFO - Update manager stopped during cleanup
2026-05-19 10:27:15 - huginn - DEBUG - Suppressed exception
Traceback (most recent call last):
  File "c:\Users\allie\Coding Projects\huggin_suite\huginn\app\core\asset_manager.py", line 101, in init_database
    conn.execute("ALTER TABLE assets ADD COLUMN fqdn TEXT DEFAULT ''")
    ~~~~~~~~~~~~^^^^^^^^^^^^^^^^^^^^^^^^^^^^^^^^^^^^^^^^^^^^^^^^^^^^^^
sqlite3.OperationalError: duplicate column name: fqdn
2026-05-19 10:27:15 - huginn - DEBUG - Suppressed exception
Traceback (most recent call last):
  File "c:\Users\allie\Coding Projects\huggin_suite\huginn\app\core\asset_manager.py", line 108, in init_database
    conn.execute("ALTER TABLE assets ADD COLUMN mac_address TEXT DEFAULT ''")
    ~~~~~~~~~~~~^^^^^^^^^^^^^^^^^^^^^^^^^^^^^^^^^^^^^^^^^^^^^^^^^^^^^^^^^^^^^
sqlite3.OperationalError: duplicate column name: mac_address
2026-05-19 10:27:15 - huginn - DEBUG - Suppressed exception
Traceback (most recent call last):
  File "c:\Users\allie\Coding Projects\huggin_suite\huginn\app\core\asset_manager.py", line 115, in init_database
    conn.execute("ALTER TABLE assets ADD COLUMN vendor TEXT DEFAULT ''")
    ~~~~~~~~~~~~^^^^^^^^^^^^^^^^^^^^^^^^^^^^^^^^^^^^^^^^^^^^^^^^^^^^^^^^
sqlite3.OperationalError: duplicate column name: vendor
2026-05-19 10:27:15 - huginn - DEBUG - Suppressed exception
Traceback (most recent call last):
  File "c:\Users\allie\Coding Projects\huggin_suite\huginn\app\core\asset_manager.py", line 122, in init_database
    conn.execute("ALTER TABLE assets ADD COLUMN notes TEXT DEFAULT ''")
    ~~~~~~~~~~~~^^^^^^^^^^^^^^^^^^^^^^^^^^^^^^^^^^^^^^^^^^^^^^^^^^^^^^^
sqlite3.OperationalError: duplicate column name: notes
2026-05-19 10:27:16 - huginn - INFO - Using default configuration
2026-05-19 10:27:18 - huginn - INFO - License saved successfully
2026-05-19 10:27:18 - huginn - INFO - License loaded and validated successfully
2026-05-19 10:27:40 - huginn - DEBUG - Suppressed exception
Traceback (most recent call last):
  File "c:\Users\allie\Coding Projects\huggin_suite\huginn\app\core\asset_manager.py", line 101, in init_database
    conn.execute("ALTER TABLE assets ADD COLUMN fqdn TEXT DEFAULT ''")
    ~~~~~~~~~~~~^^^^^^^^^^^^^^^^^^^^^^^^^^^^^^^^^^^^^^^^^^^^^^^^^^^^^^
sqlite3.OperationalError: duplicate column name: fqdn
2026-05-19 10:27:40 - huginn - DEBUG - Suppressed exception
Traceback (most recent call last):
  File "c:\Users\allie\Coding Projects\huggin_suite\huginn\app\core\asset_manager.py", line 108, in init_database
    conn.execute("ALTER TABLE assets ADD COLUMN mac_address TEXT DEFAULT ''")
    ~~~~~~~~~~~~^^^^^^^^^^^^^^^^^^^^^^^^^^^^^^^^^^^^^^^^^^^^^^^^^^^^^^^^^^^^^
sqlite3.OperationalError: duplicate column name: mac_address
2026-05-19 10:27:40 - huginn - DEBUG - Suppressed exception
Traceback (most recent call last):
  File "c:\Users\allie\Coding Projects\huggin_suite\huginn\app\core\asset_manager.py", line 115, in init_database
    conn.execute("ALTER TABLE assets ADD COLUMN vendor TEXT DEFAULT ''")
    ~~~~~~~~~~~~^^^^^^^^^^^^^^^^^^^^^^^^^^^^^^^^^^^^^^^^^^^^^^^^^^^^^^^^
sqlite3.OperationalError: duplicate column name: vendor
2026-05-19 10:27:40 - huginn - DEBUG - Suppressed exception
Traceback (most recent call last):
  File "c:\Users\allie\Coding Projects\huggin_suite\huginn\app\core\asset_manager.py", line 122, in init_database
    conn.execute("ALTER TABLE assets ADD COLUMN notes TEXT DEFAULT ''")
    ~~~~~~~~~~~~^^^^^^^^^^^^^^^^^^^^^^^^^^^^^^^^^^^^^^^^^^^^^^^^^^^^^^^
sqlite3.OperationalError: duplicate column name: notes
2026-05-19 10:27:41 - huginn - INFO - Using default configuration
2026-05-19 10:27:43 - huginn - INFO - License saved successfully
2026-05-19 10:27:43 - huginn - INFO - License loaded and validated successfully
2026-05-19 10:28:08 - huginn - DEBUG - Suppressed exception
Traceback (most recent call last):
  File "c:\Users\allie\Coding Projects\huggin_suite\huginn\app\core\asset_manager.py", line 101, in init_database
    conn.execute("ALTER TABLE assets ADD COLUMN fqdn TEXT DEFAULT ''")
    ~~~~~~~~~~~~^^^^^^^^^^^^^^^^^^^^^^^^^^^^^^^^^^^^^^^^^^^^^^^^^^^^^^
sqlite3.OperationalError: duplicate column name: fqdn
2026-05-19 10:28:08 - huginn - DEBUG - Suppressed exception
Traceback (most recent call last):
  File "c:\Users\allie\Coding Projects\huggin_suite\huginn\app\core\asset_manager.py", line 108, in init_database
    conn.execute("ALTER TABLE assets ADD COLUMN mac_address TEXT DEFAULT ''")
    ~~~~~~~~~~~~^^^^^^^^^^^^^^^^^^^^^^^^^^^^^^^^^^^^^^^^^^^^^^^^^^^^^^^^^^^^^
sqlite3.OperationalError: duplicate column name: mac_address
2026-05-19 10:28:08 - huginn - DEBUG - Suppressed exception
Traceback (most recent call last):
  File "c:\Users\allie\Coding Projects\huggin_suite\huginn\app\core\asset_manager.py", line 115, in init_database
    conn.execute("ALTER TABLE assets ADD COLUMN vendor TEXT DEFAULT ''")
    ~~~~~~~~~~~~^^^^^^^^^^^^^^^^^^^^^^^^^^^^^^^^^^^^^^^^^^^^^^^^^^^^^^^^
sqlite3.OperationalError: duplicate column name: vendor
2026-05-19 10:28:08 - huginn - DEBUG - Suppressed exception
Traceback (most recent call last):
  File "c:\Users\allie\Coding Projects\huggin_suite\huginn\app\core\asset_manager.py", line 122, in init_database
    conn.execute("ALTER TABLE assets ADD COLUMN notes TEXT DEFAULT ''")
    ~~~~~~~~~~~~^^^^^^^^^^^^^^^^^^^^^^^^^^^^^^^^^^^^^^^^^^^^^^^^^^^^^^^
sqlite3.OperationalError: duplicate column name: notes
2026-05-19 10:28:08 - huginn - INFO - Using default configuration
2026-05-19 10:28:10 - huginn - INFO - License saved successfully
2026-05-19 10:28:10 - huginn - INFO - License loaded and validated successfully
2026-05-19 10:28:29 - huginn - DEBUG - Suppressed exception
Traceback (most recent call last):
  File "c:\Users\allie\Coding Projects\huggin_suite\huginn\app\core\asset_manager.py", line 101, in init_database
    conn.execute("ALTER TABLE assets ADD COLUMN fqdn TEXT DEFAULT ''")
    ~~~~~~~~~~~~^^^^^^^^^^^^^^^^^^^^^^^^^^^^^^^^^^^^^^^^^^^^^^^^^^^^^^
sqlite3.OperationalError: duplicate column name: fqdn
2026-05-19 10:28:29 - huginn - DEBUG - Suppressed exception
Traceback (most recent call last):
  File "c:\Users\allie\Coding Projects\huggin_suite\huginn\app\core\asset_manager.py", line 108, in init_database
    conn.execute("ALTER TABLE assets ADD COLUMN mac_address TEXT DEFAULT ''")
    ~~~~~~~~~~~~^^^^^^^^^^^^^^^^^^^^^^^^^^^^^^^^^^^^^^^^^^^^^^^^^^^^^^^^^^^^^
sqlite3.OperationalError: duplicate column name: mac_address
2026-05-19 10:28:29 - huginn - DEBUG - Suppressed exception
Traceback (most recent call last):
  File "c:\Users\allie\Coding Projects\huggin_suite\huginn\app\core\asset_manager.py", line 115, in init_database
    conn.execute("ALTER TABLE assets ADD COLUMN vendor TEXT DEFAULT ''")
    ~~~~~~~~~~~~^^^^^^^^^^^^^^^^^^^^^^^^^^^^^^^^^^^^^^^^^^^^^^^^^^^^^^^^
sqlite3.OperationalError: duplicate column name: vendor
2026-05-19 10:28:29 - huginn - DEBUG - Suppressed exception
Traceback (most recent call last):
  File "c:\Users\allie\Coding Projects\huggin_suite\huginn\app\core\asset_manager.py", line 122, in init_database
    conn.execute("ALTER TABLE assets ADD COLUMN notes TEXT DEFAULT ''")
    ~~~~~~~~~~~~^^^^^^^^^^^^^^^^^^^^^^^^^^^^^^^^^^^^^^^^^^^^^^^^^^^^^^^
sqlite3.OperationalError: duplicate column name: notes
2026-05-19 10:28:30 - huginn - INFO - Using default configuration
2026-05-19 10:28:32 - huginn - INFO - License saved successfully
2026-05-19 10:28:32 - huginn - INFO - License loaded and validated successfully
2026-05-19 10:28:48 - huginn - DEBUG - Suppressed exception
Traceback (most recent call last):
  File "c:\Users\allie\Coding Projects\huggin_suite\huginn\app\core\asset_manager.py", line 101, in init_database
    conn.execute("ALTER TABLE assets ADD COLUMN fqdn TEXT DEFAULT ''")
    ~~~~~~~~~~~~^^^^^^^^^^^^^^^^^^^^^^^^^^^^^^^^^^^^^^^^^^^^^^^^^^^^^^
sqlite3.OperationalError: duplicate column name: fqdn
2026-05-19 10:28:48 - huginn - DEBUG - Suppressed exception
Traceback (most recent call last):
  File "c:\Users\allie\Coding Projects\huggin_suite\huginn\app\core\asset_manager.py", line 108, in init_database
    conn.execute("ALTER TABLE assets ADD COLUMN mac_address TEXT DEFAULT ''")
    ~~~~~~~~~~~~^^^^^^^^^^^^^^^^^^^^^^^^^^^^^^^^^^^^^^^^^^^^^^^^^^^^^^^^^^^^^
sqlite3.OperationalError: duplicate column name: mac_address
2026-05-19 10:28:48 - huginn - DEBUG - Suppressed exception
Traceback (most recent call last):
  File "c:\Users\allie\Coding Projects\huggin_suite\huginn\app\core\asset_manager.py", line 115, in init_database
    conn.execute("ALTER TABLE assets ADD COLUMN vendor TEXT DEFAULT ''")
    ~~~~~~~~~~~~^^^^^^^^^^^^^^^^^^^^^^^^^^^^^^^^^^^^^^^^^^^^^^^^^^^^^^^^
sqlite3.OperationalError: duplicate column name: vendor
2026-05-19 10:28:48 - huginn - DEBUG - Suppressed exception
Traceback (most recent call last):
  File "c:\Users\allie\Coding Projects\huggin_suite\huginn\app\core\asset_manager.py", line 122, in init_database
    conn.execute("ALTER TABLE assets ADD COLUMN notes TEXT DEFAULT ''")
    ~~~~~~~~~~~~^^^^^^^^^^^^^^^^^^^^^^^^^^^^^^^^^^^^^^^^^^^^^^^^^^^^^^^
sqlite3.OperationalError: duplicate column name: notes
2026-05-19 10:28:49 - huginn - INFO - Using default configuration
2026-05-19 10:28:51 - huginn - INFO - License saved successfully
2026-05-19 10:28:51 - huginn - INFO - License loaded and validated successfully
2026-05-19 10:29:03 - huginn - DEBUG - Suppressed exception
Traceback (most recent call last):
  File "c:\Users\allie\Coding Projects\huggin_suite\huginn\app\core\asset_manager.py", line 101, in init_database
    conn.execute("ALTER TABLE assets ADD COLUMN fqdn TEXT DEFAULT ''")
    ~~~~~~~~~~~~^^^^^^^^^^^^^^^^^^^^^^^^^^^^^^^^^^^^^^^^^^^^^^^^^^^^^^
sqlite3.OperationalError: duplicate column name: fqdn
2026-05-19 10:29:03 - huginn - DEBUG - Suppressed exception
Traceback (most recent call last):
  File "c:\Users\allie\Coding Projects\huggin_suite\huginn\app\core\asset_manager.py", line 108, in init_database
    conn.execute("ALTER TABLE assets ADD COLUMN mac_address TEXT DEFAULT ''")
    ~~~~~~~~~~~~^^^^^^^^^^^^^^^^^^^^^^^^^^^^^^^^^^^^^^^^^^^^^^^^^^^^^^^^^^^^^
sqlite3.OperationalError: duplicate column name: mac_address
2026-05-19 10:29:03 - huginn - DEBUG - Suppressed exception
Traceback (most recent call last):
  File "c:\Users\allie\Coding Projects\huggin_suite\huginn\app\core\asset_manager.py", line 115, in init_database
    conn.execute("ALTER TABLE assets ADD COLUMN vendor TEXT DEFAULT ''")
    ~~~~~~~~~~~~^^^^^^^^^^^^^^^^^^^^^^^^^^^^^^^^^^^^^^^^^^^^^^^^^^^^^^^^
sqlite3.OperationalError: duplicate column name: vendor
2026-05-19 10:29:03 - huginn - DEBUG - Suppressed exception
Traceback (most recent call last):
  File "c:\Users\allie\Coding Projects\huggin_suite\huginn\app\core\asset_manager.py", line 122, in init_database
    conn.execute("ALTER TABLE assets ADD COLUMN notes TEXT DEFAULT ''")
    ~~~~~~~~~~~~^^^^^^^^^^^^^^^^^^^^^^^^^^^^^^^^^^^^^^^^^^^^^^^^^^^^^^^
sqlite3.OperationalError: duplicate column name: notes
2026-05-19 10:29:04 - huginn - INFO - Using default configuration
2026-05-19 10:29:06 - huginn - INFO - License saved successfully
2026-05-19 10:29:06 - huginn - INFO - License loaded and validated successfully
2026-05-19 10:29:13 - huginn - DEBUG - Suppressed exception
Traceback (most recent call last):
  File "c:\Users\allie\Coding Projects\huggin_suite\huginn\app\core\asset_manager.py", line 101, in init_database
    conn.execute("ALTER TABLE assets ADD COLUMN fqdn TEXT DEFAULT ''")
    ~~~~~~~~~~~~^^^^^^^^^^^^^^^^^^^^^^^^^^^^^^^^^^^^^^^^^^^^^^^^^^^^^^
sqlite3.OperationalError: duplicate column name: fqdn
2026-05-19 10:29:13 - huginn - DEBUG - Suppressed exception
Traceback (most recent call last):
  File "c:\Users\allie\Coding Projects\huggin_suite\huginn\app\core\asset_manager.py", line 108, in init_database
    conn.execute("ALTER TABLE assets ADD COLUMN mac_address TEXT DEFAULT ''")
    ~~~~~~~~~~~~^^^^^^^^^^^^^^^^^^^^^^^^^^^^^^^^^^^^^^^^^^^^^^^^^^^^^^^^^^^^^
sqlite3.OperationalError: duplicate column name: mac_address
2026-05-19 10:29:13 - huginn - DEBUG - Suppressed exception
Traceback (most recent call last):
  File "c:\Users\allie\Coding Projects\huggin_suite\huginn\app\core\asset_manager.py", line 115, in init_database
    conn.execute("ALTER TABLE assets ADD COLUMN vendor TEXT DEFAULT ''")
    ~~~~~~~~~~~~^^^^^^^^^^^^^^^^^^^^^^^^^^^^^^^^^^^^^^^^^^^^^^^^^^^^^^^^
sqlite3.OperationalError: duplicate column name: vendor
2026-05-19 10:29:13 - huginn - DEBUG - Suppressed exception
Traceback (most recent call last):
  File "c:\Users\allie\Coding Projects\huggin_suite\huginn\app\core\asset_manager.py", line 122, in init_database
    conn.execute("ALTER TABLE assets ADD COLUMN notes TEXT DEFAULT ''")
    ~~~~~~~~~~~~^^^^^^^^^^^^^^^^^^^^^^^^^^^^^^^^^^^^^^^^^^^^^^^^^^^^^^^
sqlite3.OperationalError: duplicate column name: notes
2026-05-19 10:29:13 - huginn - INFO - Using default configuration
2026-05-19 10:29:16 - huginn - INFO - License saved successfully
2026-05-19 10:29:16 - huginn - INFO - License loaded and validated successfully
2026-05-19 10:29:20 - huginn - DEBUG - Suppressed exception
Traceback (most recent call last):
  File "c:\Users\allie\Coding Projects\huggin_suite\huginn\app\core\asset_manager.py", line 101, in init_database
    conn.execute("ALTER TABLE assets ADD COLUMN fqdn TEXT DEFAULT ''")
    ~~~~~~~~~~~~^^^^^^^^^^^^^^^^^^^^^^^^^^^^^^^^^^^^^^^^^^^^^^^^^^^^^^
sqlite3.OperationalError: duplicate column name: fqdn
2026-05-19 10:29:20 - huginn - DEBUG - Suppressed exception
Traceback (most recent call last):
  File "c:\Users\allie\Coding Projects\huggin_suite\huginn\app\core\asset_manager.py", line 108, in init_database
    conn.execute("ALTER TABLE assets ADD COLUMN mac_address TEXT DEFAULT ''")
    ~~~~~~~~~~~~^^^^^^^^^^^^^^^^^^^^^^^^^^^^^^^^^^^^^^^^^^^^^^^^^^^^^^^^^^^^^
sqlite3.OperationalError: duplicate column name: mac_address
2026-05-19 10:29:20 - huginn - DEBUG - Suppressed exception
Traceback (most recent call last):
  File "c:\Users\allie\Coding Projects\huggin_suite\huginn\app\core\asset_manager.py", line 115, in init_database
    conn.execute("ALTER TABLE assets ADD COLUMN vendor TEXT DEFAULT ''")
    ~~~~~~~~~~~~^^^^^^^^^^^^^^^^^^^^^^^^^^^^^^^^^^^^^^^^^^^^^^^^^^^^^^^^
sqlite3.OperationalError: duplicate column name: vendor
2026-05-19 10:29:20 - huginn - DEBUG - Suppressed exception
Traceback (most recent call last):
  File "c:\Users\allie\Coding Projects\huggin_suite\huginn\app\core\asset_manager.py", line 122, in init_database
    conn.execute("ALTER TABLE assets ADD COLUMN notes TEXT DEFAULT ''")
    ~~~~~~~~~~~~^^^^^^^^^^^^^^^^^^^^^^^^^^^^^^^^^^^^^^^^^^^^^^^^^^^^^^^
sqlite3.OperationalError: duplicate column name: notes
2026-05-19 10:29:20 - huginn - INFO - Using default configuration
2026-05-19 10:29:23 - huginn - INFO - License saved successfully
2026-05-19 10:29:23 - huginn - INFO - License loaded and validated successfully
2026-05-19 10:29:44 - huginn - DEBUG - Suppressed exception
Traceback (most recent call last):
  File "c:\Users\allie\Coding Projects\huggin_suite\huginn\app\core\asset_manager.py", line 101, in init_database
    conn.execute("ALTER TABLE assets ADD COLUMN fqdn TEXT DEFAULT ''")
    ~~~~~~~~~~~~^^^^^^^^^^^^^^^^^^^^^^^^^^^^^^^^^^^^^^^^^^^^^^^^^^^^^^
sqlite3.OperationalError: duplicate column name: fqdn
2026-05-19 10:29:44 - huginn - DEBUG - Suppressed exception
Traceback (most recent call last):
  File "c:\Users\allie\Coding Projects\huggin_suite\huginn\app\core\asset_manager.py", line 108, in init_database
    conn.execute("ALTER TABLE assets ADD COLUMN mac_address TEXT DEFAULT ''")
    ~~~~~~~~~~~~^^^^^^^^^^^^^^^^^^^^^^^^^^^^^^^^^^^^^^^^^^^^^^^^^^^^^^^^^^^^^
sqlite3.OperationalError: duplicate column name: mac_address
2026-05-19 10:29:44 - huginn - DEBUG - Suppressed exception
Traceback (most recent call last):
  File "c:\Users\allie\Coding Projects\huggin_suite\huginn\app\core\asset_manager.py", line 115, in init_database
    conn.execute("ALTER TABLE assets ADD COLUMN vendor TEXT DEFAULT ''")
    ~~~~~~~~~~~~^^^^^^^^^^^^^^^^^^^^^^^^^^^^^^^^^^^^^^^^^^^^^^^^^^^^^^^^
sqlite3.OperationalError: duplicate column name: vendor
2026-05-19 10:29:44 - huginn - DEBUG - Suppressed exception
Traceback (most recent call last):
  File "c:\Users\allie\Coding Projects\huggin_suite\huginn\app\core\asset_manager.py", line 122, in init_database
    conn.execute("ALTER TABLE assets ADD COLUMN notes TEXT DEFAULT ''")
    ~~~~~~~~~~~~^^^^^^^^^^^^^^^^^^^^^^^^^^^^^^^^^^^^^^^^^^^^^^^^^^^^^^^
sqlite3.OperationalError: duplicate column name: notes
2026-05-19 10:29:45 - huginn - INFO - Using default configuration
2026-05-19 10:29:47 - huginn - INFO - License saved successfully
2026-05-19 10:29:47 - huginn - INFO - License loaded and validated successfully
2026-05-19 10:30:41 - huginn - INFO - License saved successfully
2026-05-19 10:30:41 - huginn - INFO - License loaded and validated successfully
2026-05-19 10:30:41 - huginn - INFO - Application starting...
2026-05-19 10:30:41 - huginn - INFO - Font loaded successfully
2026-05-19 10:30:41 - huginn - INFO - Stylesheet loaded successfully
2026-05-19 10:30:41 - huginn - INFO - Creating main window...
2026-05-19 10:30:41 - huginn - INFO - QThreadPool max threads set to 32 (CPUs: 32)
2026-05-19 10:30:41 - huginn - INFO - Custom font 'Neuropol X' loaded from C:\Users\allie\Coding Projects\huggin_suite\huginn\resources\fonts\neuropol.otf
2026-05-19 10:30:41 - huginn - DEBUG - Suppressed exception
Traceback (most recent call last):
  File "C:\Users\allie\Coding Projects\huggin_suite\huginn\app\pages\page_registry.py", line 45, in register_all_pages
    from app.pages.db_attacks_page import DBAttacksPage
ImportError: cannot import name 'DBAttacksPage' from 'app.pages.db_attacks_page' (C:\Users\allie\Coding Projects\huggin_suite\huginn\app\pages\db_attacks_page.py)
2026-05-19 10:31:49 - huginn - DEBUG - Wireless security tab unavailable
Traceback (most recent call last):
  File "C:\Users\allie\Coding Projects\huggin_suite\huginn\app\pages\recon_enumeration_page.py", line 99, in setup_ui
    wireless_tab = WirelessSecurityWidget(self)
  File "C:\Users\allie\Coding Projects\huggin_suite\huginn\app\widgets\wireless_security_widget.py", line 52, in __init__
    self.connect_signals()
    ~~~~~~~~~~~~~~~~~~~~^^
  File "C:\Users\allie\Coding Projects\huggin_suite\huginn\app\widgets\wireless_security_widget.py", line 303, in connect_signals
    self.generate_report_btn.clicked.connect(self.generate_report)
    ^^^^^^^^^^^^^^^^^^^^^^^^
AttributeError: 'WirelessSecurityWidget' object has no attribute 'generate_report_btn'. Did you mean: 'generate_report'?
2026-05-19 10:32:12 - huginn - DEBUG - Suppressed exception
Traceback (most recent call last):
  File "C:\Users\allie\Coding Projects\huggin_suite\huginn\app\pages\running_scans_page.py", line 18, in setup_ui
    self.setup_page()
    ~~~~~~~~~~~~~~~^^
  File "C:\Users\allie\Coding Projects\huggin_suite\huginn\app\pages\running_scans_page.py", line 47, in setup_page
    self.content_layout.addLayout(control_layout)
    ^^^^^^^^^^^^^^^^^^^
AttributeError: 'RunningScansPage' object has no attribute 'content_layout'
2026-05-19 10:32:12 - huginn - DEBUG - Suppressed exception
Traceback (most recent call last):
  File "C:\Users\allie\Coding Projects\huggin_suite\huginn\app\pages\running_scans_page.py", line 23, in setup_ui
    self.connect_events()
    ~~~~~~~~~~~~~~~~~~~^^
  File "C:\Users\allie\Coding Projects\huggin_suite\huginn\app\pages\running_scans_page.py", line 72, in connect_events
    self.table_component.scan_selected.connect(self.on_scan_selected)
    ^^^^^^^^^^^^^^^^^^^^
AttributeError: 'RunningScansPage' object has no attribute 'table_component'
2026-05-19 10:32:22 - huginn - ERROR - Unhandled exception:
Traceback (most recent call last):
  File "C:\Users\allie\Coding Projects\huggin_suite\huginn\app\pages\session_info_page.py", line 220, in _sm_delete_session
    self.update_status(f"Deleted session: {name_item.text()}")
                                           ~~~~~~~~~~~~~~^^
RuntimeError: wrapped C/C++ object of type QTableWidgetItem has been deleted

2026-05-19 10:33:13 - huginn - DEBUG - Suppressed exception
Traceback (most recent call last):
  File "c:\Users\allie\Coding Projects\huggin_suite\huginn\app\core\asset_manager.py", line 101, in init_database
    conn.execute("ALTER TABLE assets ADD COLUMN fqdn TEXT DEFAULT ''")
    ~~~~~~~~~~~~^^^^^^^^^^^^^^^^^^^^^^^^^^^^^^^^^^^^^^^^^^^^^^^^^^^^^^
sqlite3.OperationalError: duplicate column name: fqdn
2026-05-19 10:33:13 - huginn - DEBUG - Suppressed exception
Traceback (most recent call last):
  File "c:\Users\allie\Coding Projects\huggin_suite\huginn\app\core\asset_manager.py", line 108, in init_database
    conn.execute("ALTER TABLE assets ADD COLUMN mac_address TEXT DEFAULT ''")
    ~~~~~~~~~~~~^^^^^^^^^^^^^^^^^^^^^^^^^^^^^^^^^^^^^^^^^^^^^^^^^^^^^^^^^^^^^
sqlite3.OperationalError: duplicate column name: mac_address
2026-05-19 10:33:13 - huginn - DEBUG - Suppressed exception
Traceback (most recent call last):
  File "c:\Users\allie\Coding Projects\huggin_suite\huginn\app\core\asset_manager.py", line 115, in init_database
    conn.execute("ALTER TABLE assets ADD COLUMN vendor TEXT DEFAULT ''")
    ~~~~~~~~~~~~^^^^^^^^^^^^^^^^^^^^^^^^^^^^^^^^^^^^^^^^^^^^^^^^^^^^^^^^
sqlite3.OperationalError: duplicate column name: vendor
2026-05-19 10:33:13 - huginn - DEBUG - Suppressed exception
Traceback (most recent call last):
  File "c:\Users\allie\Coding Projects\huggin_suite\huginn\app\core\asset_manager.py", line 122, in init_database
    conn.execute("ALTER TABLE assets ADD COLUMN notes TEXT DEFAULT ''")
    ~~~~~~~~~~~~^^^^^^^^^^^^^^^^^^^^^^^^^^^^^^^^^^^^^^^^^^^^^^^^^^^^^^^
sqlite3.OperationalError: duplicate column name: notes
2026-05-19 10:33:13 - huginn - INFO - Using default configuration
2026-05-19 10:33:16 - huginn - INFO - License saved successfully
2026-05-19 10:33:16 - huginn - INFO - License loaded and validated successfully
2026-05-19 10:33:17 - huginn - DEBUG - Memory monitoring stopped
2026-05-19 10:33:17 - huginn - DEBUG - Connection pool closed all sessions
2026-05-19 10:33:17 - huginn - INFO - Update manager stopped during cleanup
2026-05-19 10:33:23 - huginn - INFO - License saved successfully
2026-05-19 10:33:23 - huginn - INFO - License loaded and validated successfully
2026-05-19 10:33:23 - huginn - INFO - Application starting...
2026-05-19 10:33:23 - huginn - INFO - Font loaded successfully
2026-05-19 10:33:23 - huginn - INFO - Stylesheet loaded successfully
2026-05-19 10:33:23 - huginn - INFO - Creating main window...
2026-05-19 10:33:23 - huginn - INFO - QThreadPool max threads set to 32 (CPUs: 32)
2026-05-19 10:33:23 - huginn - INFO - Custom font 'Neuropol X' loaded from C:\Users\allie\Coding Projects\huggin_suite\huginn\resources\fonts\neuropol.otf
2026-05-19 10:33:23 - huginn - DEBUG - Suppressed exception
Traceback (most recent call last):
  File "C:\Users\allie\Coding Projects\huggin_suite\huginn\app\pages\page_registry.py", line 45, in register_all_pages
    from app.pages.db_attacks_page import DBAttacksPage
ImportError: cannot import name 'DBAttacksPage' from 'app.pages.db_attacks_page' (C:\Users\allie\Coding Projects\huggin_suite\huginn\app\pages\db_attacks_page.py)
2026-05-19 10:36:34 - huginn - INFO - VPN connection terminated
2026-05-19 10:36:34 - huginn - INFO - OpenVPN connection started with config: C:/Users/allie/Downloads/machines_au-1.ovpn
2026-05-19 10:36:34 - huginn - DEBUG - OpenVPN: 2026-05-19 10:36:34 Note: --data-ciphers-fallback with cipher 'AES-128-CBC' disables data channel offload.
2026-05-19 10:36:34 - huginn - DEBUG - OpenVPN: 2026-05-19 10:36:34 OpenVPN 2.6.14 [git:none/0169b4ad2bb35d2c] Windows [SSL (OpenSSL)] [LZO] [LZ4] [PKCS11] [AEAD] [DCO] built on Jun 19 2025
2026-05-19 10:36:34 - huginn - DEBUG - OpenVPN: 2026-05-19 10:36:34 Windows version 10.0 (Windows 10 or greater), amd64 executable
2026-05-19 10:36:34 - huginn - DEBUG - OpenVPN: 2026-05-19 10:36:34 library versions: OpenSSL 3.5.0 8 Apr 2025, LZO 2.10
2026-05-19 10:36:34 - huginn - DEBUG - OpenVPN: 2026-05-19 10:36:34 DCO version: N/A
2026-05-19 10:36:34 - huginn - DEBUG - OpenVPN: 2026-05-19 10:36:34 TCP/UDP: Preserving recently used remote address: [AF_INET]206.148.40.161:1337
2026-05-19 10:36:34 - huginn - DEBUG - OpenVPN: 2026-05-19 10:36:34 Socket Buffers: R=[65536->65536] S=[65536->65536]
2026-05-19 10:36:34 - huginn - DEBUG - OpenVPN: 2026-05-19 10:36:34 UDPv4 link local: (not bound)
2026-05-19 10:36:34 - huginn - DEBUG - OpenVPN: 2026-05-19 10:36:34 UDPv4 link remote: [AF_INET]206.148.40.161:1337
2026-05-19 10:36:34 - huginn - DEBUG - OpenVPN: 2026-05-19 10:36:34 TLS: Initial packet from [AF_INET]206.148.40.161:1337, sid=f0c05a9d af0898ca
2026-05-19 10:36:34 - huginn - DEBUG - OpenVPN: 2026-05-19 10:36:34 VERIFY OK: depth=2, C=GR, O=Hack The Box, OU=Systems, CN=HTB VPN: Root Certificate Authority
2026-05-19 10:36:34 - huginn - DEBUG - OpenVPN: 2026-05-19 10:36:34 VERIFY OK: depth=1, C=GR, O=Hack The Box, OU=Systems, CN=HTB VPN: au-free-1 Issuing CA
2026-05-19 10:36:34 - huginn - DEBUG - OpenVPN: 2026-05-19 10:36:34 VERIFY KU OK
2026-05-19 10:36:34 - huginn - DEBUG - OpenVPN: 2026-05-19 10:36:34 Validating certificate extended key usage
2026-05-19 10:36:34 - huginn - DEBUG - OpenVPN: 2026-05-19 10:36:34 ++ Certificate has EKU (str) TLS Web Client Authentication, expects TLS Web Server Authentication
2026-05-19 10:36:34 - huginn - DEBUG - OpenVPN: 2026-05-19 10:36:34 ++ Certificate has EKU (oid) 1.3.6.1.5.5.7.3.2, expects TLS Web Server Authentication
2026-05-19 10:36:34 - huginn - DEBUG - OpenVPN: 2026-05-19 10:36:34 ++ Certificate has EKU (str) TLS Web Server Authentication, expects TLS Web Server Authentication
2026-05-19 10:36:34 - huginn - DEBUG - OpenVPN: 2026-05-19 10:36:34 VERIFY EKU OK
2026-05-19 10:36:34 - huginn - DEBUG - OpenVPN: 2026-05-19 10:36:34 VERIFY OK: depth=0, C=GR, O=Hack The Box, OU=Systems, CN=au-free-1
2026-05-19 10:36:35 - huginn - DEBUG - OpenVPN: 2026-05-19 10:36:34 Control Channel: TLSv1.3, cipher TLSv1.3 TLS_AES_256_GCM_SHA384, peer certificate: 256 bits ED25519, signature: ED25519, peer temporary key: 253 bits X25519
2026-05-19 10:36:35 - huginn - DEBUG - OpenVPN: 2026-05-19 10:36:34 [au-free-1] Peer Connection Initiated with [AF_INET]206.148.40.161:1337
2026-05-19 10:36:35 - huginn - DEBUG - OpenVPN: 2026-05-19 10:36:34 TLS: move_session: dest=TM_ACTIVE src=TM_INITIAL reinit_src=1
2026-05-19 10:36:35 - huginn - DEBUG - OpenVPN: 2026-05-19 10:36:34 TLS: tls_multi_process: initial untrusted session promoted to trusted
2026-05-19 10:36:35 - huginn - DEBUG - OpenVPN: 2026-05-19 10:36:35 SENT CONTROL [au-free-1]: 'PUSH_REQUEST' (status=1)
2026-05-19 10:36:35 - huginn - DEBUG - OpenVPN: 2026-05-19 10:36:35 PUSH: Received control message: 'PUSH_REPLY,route 10.10.8.0 255.255.252.0,route 10.129.0.0 255.255.0.0,route-ipv6 dead:beef::/64,explicit-exit-notify,tun-ipv6,route-gateway 10.10.14.1,topology subnet,ping 10,ping-restart 120,ifconfig-ipv6 dead:beef:2::1016/64 dead:beef:2::1,ifconfig 10.10.14.24 255.255.254.0,peer-id 11,cipher AES-256-CBC,protocol-flags cc-exit tls-ekm dyn-tls-crypt,tun-mtu 1500'
2026-05-19 10:36:35 - huginn - DEBUG - OpenVPN: 2026-05-19 10:36:35 OPTIONS IMPORT: --ifconfig/up options modified
2026-05-19 10:36:35 - huginn - DEBUG - OpenVPN: 2026-05-19 10:36:35 OPTIONS IMPORT: route options modified
2026-05-19 10:36:35 - huginn - DEBUG - OpenVPN: 2026-05-19 10:36:35 OPTIONS IMPORT: route-related options modified
2026-05-19 10:36:35 - huginn - DEBUG - OpenVPN: 2026-05-19 10:36:35 OPTIONS IMPORT: tun-mtu set to 1500
2026-05-19 10:36:35 - huginn - DEBUG - OpenVPN: 2026-05-19 10:36:35 interactive service msg_channel=0
2026-05-19 10:36:35 - huginn - DEBUG - OpenVPN: 2026-05-19 10:36:35 ROUTE_GATEWAY 192.168.1.1/255.255.255.0 I=23 HWADDR=88:d8:2e:79:0c:48
2026-05-19 10:36:35 - huginn - DEBUG - OpenVPN: 2026-05-19 10:36:35 GDG6: remote_host_ipv6=n/a
2026-05-19 10:36:35 - huginn - DEBUG - OpenVPN: 2026-05-19 10:36:35 NOTE: GetBestInterfaceEx returned error: Element not found.   (code=1168)
2026-05-19 10:36:35 - huginn - DEBUG - OpenVPN: 2026-05-19 10:36:35 ROUTE6: default_gateway=UNDEF
2026-05-19 10:36:35 - huginn - DEBUG - OpenVPN: 2026-05-19 10:36:35 open_tun
2026-05-19 10:36:35 - huginn - DEBUG - OpenVPN: 2026-05-19 10:36:35 tap-windows6 device [OpenVPN TAP-Windows6] opened
2026-05-19 10:36:35 - huginn - DEBUG - OpenVPN: 2026-05-19 10:36:35 TAP-Windows Driver Version 9.27
2026-05-19 10:36:35 - huginn - DEBUG - OpenVPN: 2026-05-19 10:36:35 Set TAP-Windows TUN subnet mode network/local/netmask = 10.10.14.0/10.10.14.24/255.255.254.0 [SUCCEEDED]
2026-05-19 10:36:35 - huginn - DEBUG - OpenVPN: 2026-05-19 10:36:35 Notified TAP-Windows driver to set a DHCP IP/netmask of 10.10.14.24/255.255.254.0 on interface {9624926F-3F6E-402F-BBEF-68BB8BB5B777} [DHCP-serv: 10.10.14.0, lease-time: 31536000]
2026-05-19 10:36:35 - huginn - DEBUG - OpenVPN: 2026-05-19 10:36:35 Successful ARP Flush on interface [18] {9624926F-3F6E-402F-BBEF-68BB8BB5B777}
2026-05-19 10:36:35 - huginn - DEBUG - OpenVPN: 2026-05-19 10:36:35 IPv4 MTU set to 1500 on interface 18 using SetIpInterfaceEntry()
2026-05-19 10:36:35 - huginn - DEBUG - OpenVPN: 2026-05-19 10:36:35 NETSH: C:\WINDOWS\system32\netsh.exe interface ipv6 set address 18 dead:beef:2::1016/128 store=active
2026-05-19 10:36:35 - huginn - DEBUG - OpenVPN: 2026-05-19 10:36:35 add_route_ipv6(dead:beef:2::/64 -> dead:beef:2::1016 metric 0) IF 18
2026-05-19 10:36:35 - huginn - DEBUG - OpenVPN: 2026-05-19 10:36:35 IPv6 route addition using ipapi failed because route exists
2026-05-19 10:36:35 - huginn - DEBUG - OpenVPN: 2026-05-19 10:36:35 NETSH: C:\WINDOWS\system32\netsh.exe interface ipv6 delete dns 18 all
2026-05-19 10:36:35 - huginn - DEBUG - OpenVPN: 2026-05-19 10:36:35 IPv6 MTU set to 1500 on interface 18 using SetIpInterfaceEntry()
2026-05-19 10:36:35 - huginn - DEBUG - OpenVPN: 2026-05-19 10:36:35 Data Channel: cipher 'AES-256-CBC', auth 'SHA256', peer-id: 11, compression: 'lzo'
2026-05-19 10:36:35 - huginn - DEBUG - OpenVPN: 2026-05-19 10:36:35 Timers: ping 10, ping-restart 120
2026-05-19 10:36:35 - huginn - DEBUG - OpenVPN: 2026-05-19 10:36:35 Protocol options: explicit-exit-notify 1, protocol-flags cc-exit tls-ekm dyn-tls-crypt
2026-05-19 10:36:40 - huginn - DEBUG - OpenVPN: 2026-05-19 10:36:40 TEST ROUTES: 2/2 succeeded len=2 ret=1 a=0 u/d=up
2026-05-19 10:36:40 - huginn - DEBUG - OpenVPN: 2026-05-19 10:36:40 C:\WINDOWS\system32\route.exe ADD 10.10.8.0 MASK 255.255.252.0 10.10.14.1
2026-05-19 10:36:40 - huginn - DEBUG - OpenVPN: 2026-05-19 10:36:40 Route addition via ipapi [adaptive] failed because route exists
2026-05-19 10:36:40 - huginn - DEBUG - OpenVPN: 2026-05-19 10:36:40 C:\WINDOWS\system32\route.exe ADD 10.129.0.0 MASK 255.255.0.0 10.10.14.1
2026-05-19 10:36:40 - huginn - DEBUG - OpenVPN: 2026-05-19 10:36:40 Route addition via ipapi [adaptive] failed because route exists
2026-05-19 10:36:40 - huginn - DEBUG - OpenVPN: 2026-05-19 10:36:40 add_route_ipv6(dead:beef::/64 -> dead:beef:2::1 metric -1) IF 18
2026-05-19 10:36:40 - huginn - DEBUG - OpenVPN: 2026-05-19 10:36:40 IPv6 route addition using ipapi failed because route exists
2026-05-19 10:36:40 - huginn - DEBUG - OpenVPN: 2026-05-19 10:36:40 Initialization Sequence Completed
2026-05-19 10:36:48 - huginn - INFO - DNS server changed to: LocalDNS
2026-05-19 10:36:49 - huginn - INFO - Local DNS server started on port 53530
2026-05-19 10:38:39 - huginn - DEBUG - Suppressed exception
Traceback (most recent call last):
  File "c:\Users\allie\Coding Projects\huggin_suite\huginn\app\core\asset_manager.py", line 101, in init_database
    conn.execute("ALTER TABLE assets ADD COLUMN fqdn TEXT DEFAULT ''")
    ~~~~~~~~~~~~^^^^^^^^^^^^^^^^^^^^^^^^^^^^^^^^^^^^^^^^^^^^^^^^^^^^^^
sqlite3.OperationalError: duplicate column name: fqdn
2026-05-19 10:38:39 - huginn - DEBUG - Suppressed exception
Traceback (most recent call last):
  File "c:\Users\allie\Coding Projects\huggin_suite\huginn\app\core\asset_manager.py", line 108, in init_database
    conn.execute("ALTER TABLE assets ADD COLUMN mac_address TEXT DEFAULT ''")
    ~~~~~~~~~~~~^^^^^^^^^^^^^^^^^^^^^^^^^^^^^^^^^^^^^^^^^^^^^^^^^^^^^^^^^^^^^
sqlite3.OperationalError: duplicate column name: mac_address
2026-05-19 10:38:39 - huginn - DEBUG - Suppressed exception
Traceback (most recent call last):
  File "c:\Users\allie\Coding Projects\huggin_suite\huginn\app\core\asset_manager.py", line 115, in init_database
    conn.execute("ALTER TABLE assets ADD COLUMN vendor TEXT DEFAULT ''")
    ~~~~~~~~~~~~^^^^^^^^^^^^^^^^^^^^^^^^^^^^^^^^^^^^^^^^^^^^^^^^^^^^^^^^
sqlite3.OperationalError: duplicate column name: vendor
2026-05-19 10:38:39 - huginn - DEBUG - Suppressed exception
Traceback (most recent call last):
  File "c:\Users\allie\Coding Projects\huggin_suite\huginn\app\core\asset_manager.py", line 122, in init_database
    conn.execute("ALTER TABLE assets ADD COLUMN notes TEXT DEFAULT ''")
    ~~~~~~~~~~~~^^^^^^^^^^^^^^^^^^^^^^^^^^^^^^^^^^^^^^^^^^^^^^^^^^^^^^^
sqlite3.OperationalError: duplicate column name: notes
2026-05-19 10:38:39 - huginn - INFO - Using default configuration
2026-05-19 10:38:42 - huginn - INFO - License saved successfully
2026-05-19 10:38:42 - huginn - INFO - License loaded and validated successfully
2026-05-19 10:39:21 - huginn - DEBUG - Suppressed exception
Traceback (most recent call last):
  File "C:\Users\allie\Coding Projects\huggin_suite\huginn\app\core\dns_resolver.py", line 14, in resolve_hostname
    ipaddress.ip_address(hostname)
    ~~~~~~~~~~~~~~~~~~~~^^^^^^^^^^
  File "C:\Users\allie\anaconda3\Lib\ipaddress.py", line 54, in ip_address
    raise ValueError(f'{address!r} does not appear to be an IPv4 or IPv6 address')
ValueError: 'staging.silentium.htb' does not appear to be an IPv4 or IPv6 address
2026-05-19 10:40:04 - huginn - DEBUG - Suppressed exception
Traceback (most recent call last):
  File "C:\Users\allie\Coding Projects\huggin_suite\huginn\app\core\dns_resolver.py", line 14, in resolve_hostname
    ipaddress.ip_address(hostname)
    ~~~~~~~~~~~~~~~~~~~~^^^^^^^^^^
  File "C:\Users\allie\anaconda3\Lib\ipaddress.py", line 54, in ip_address
    raise ValueError(f'{address!r} does not appear to be an IPv4 or IPv6 address')
ValueError: 'staging.silentium.htb' does not appear to be an IPv4 or IPv6 address
2026-05-19 10:40:15 - huginn - DEBUG - Suppressed exception
Traceback (most recent call last):
  File "C:\Users\allie\Coding Projects\huggin_suite\huginn\app\widgets\curl_widget.py", line 400, in format_json
    formatted = json.dumps(json.loads(text), indent=2)
                           ~~~~~~~~~~^^^^^^
  File "C:\Users\allie\anaconda3\Lib\json\__init__.py", line 346, in loads
    return _default_decoder.decode(s)
           ~~~~~~~~~~~~~~~~~~~~~~~^^^
  File "C:\Users\allie\anaconda3\Lib\json\decoder.py", line 345, in decode
    obj, end = self.raw_decode(s, idx=_w(s, 0).end())
               ~~~~~~~~~~~~~~~^^^^^^^^^^^^^^^^^^^^^^^
  File "C:\Users\allie\anaconda3\Lib\json\decoder.py", line 363, in raw_decode
    raise JSONDecodeError("Expecting value", s, err.value) from None
json.decoder.JSONDecodeError: Expecting value: line 1 column 1 (char 0)
2026-05-19 10:40:23 - huginn - DEBUG - Suppressed exception
Traceback (most recent call last):
  File "C:\Users\allie\Coding Projects\huggin_suite\huginn\app\core\dns_resolver.py", line 14, in resolve_hostname
    ipaddress.ip_address(hostname)
    ~~~~~~~~~~~~~~~~~~~~^^^^^^^^^^
  File "C:\Users\allie\anaconda3\Lib\ipaddress.py", line 54, in ip_address
    raise ValueError(f'{address!r} does not appear to be an IPv4 or IPv6 address')
ValueError: 'staging.silentium.htb' does not appear to be an IPv4 or IPv6 address
2026-05-19 10:40:30 - huginn - DEBUG - Suppressed exception
Traceback (most recent call last):
  File "C:\Users\allie\Coding Projects\huggin_suite\huginn\app\core\dns_resolver.py", line 14, in resolve_hostname
    ipaddress.ip_address(hostname)
    ~~~~~~~~~~~~~~~~~~~~^^^^^^^^^^
  File "C:\Users\allie\anaconda3\Lib\ipaddress.py", line 54, in ip_address
    raise ValueError(f'{address!r} does not appear to be an IPv4 or IPv6 address')
ValueError: 'staging.silentium.htb' does not appear to be an IPv4 or IPv6 address
2026-05-19 10:40:32 - huginn - DEBUG - Suppressed exception
Traceback (most recent call last):
  File "C:\Users\allie\Coding Projects\huggin_suite\huginn\app\core\dns_resolver.py", line 14, in resolve_hostname
    ipaddress.ip_address(hostname)
    ~~~~~~~~~~~~~~~~~~~~^^^^^^^^^^
  File "C:\Users\allie\anaconda3\Lib\ipaddress.py", line 54, in ip_address
    raise ValueError(f'{address!r} does not appear to be an IPv4 or IPv6 address')
ValueError: 'staging.silentium.htb' does not appear to be an IPv4 or IPv6 address
2026-05-19 10:40:50 - huginn - DEBUG - Suppressed exception
Traceback (most recent call last):
  File "C:\Users\allie\Coding Projects\huggin_suite\huginn\app\core\dns_resolver.py", line 14, in resolve_hostname
    ipaddress.ip_address(hostname)
    ~~~~~~~~~~~~~~~~~~~~^^^^^^^^^^
  File "C:\Users\allie\anaconda3\Lib\ipaddress.py", line 54, in ip_address
    raise ValueError(f'{address!r} does not appear to be an IPv4 or IPv6 address')
ValueError: 'staging.silentium.htb' does not appear to be an IPv4 or IPv6 address
2026-05-19 10:42:00 - huginn - DEBUG - Suppressed exception
Traceback (most recent call last):
  File "c:\Users\allie\Coding Projects\huggin_suite\huginn\app\core\asset_manager.py", line 101, in init_database
    conn.execute("ALTER TABLE assets ADD COLUMN fqdn TEXT DEFAULT ''")
    ~~~~~~~~~~~~^^^^^^^^^^^^^^^^^^^^^^^^^^^^^^^^^^^^^^^^^^^^^^^^^^^^^^
sqlite3.OperationalError: duplicate column name: fqdn
2026-05-19 10:42:00 - huginn - DEBUG - Suppressed exception
Traceback (most recent call last):
  File "c:\Users\allie\Coding Projects\huggin_suite\huginn\app\core\asset_manager.py", line 108, in init_database
    conn.execute("ALTER TABLE assets ADD COLUMN mac_address TEXT DEFAULT ''")
    ~~~~~~~~~~~~^^^^^^^^^^^^^^^^^^^^^^^^^^^^^^^^^^^^^^^^^^^^^^^^^^^^^^^^^^^^^
sqlite3.OperationalError: duplicate column name: mac_address
2026-05-19 10:42:00 - huginn - DEBUG - Suppressed exception
Traceback (most recent call last):
  File "c:\Users\allie\Coding Projects\huggin_suite\huginn\app\core\asset_manager.py", line 115, in init_database
    conn.execute("ALTER TABLE assets ADD COLUMN vendor TEXT DEFAULT ''")
    ~~~~~~~~~~~~^^^^^^^^^^^^^^^^^^^^^^^^^^^^^^^^^^^^^^^^^^^^^^^^^^^^^^^^
sqlite3.OperationalError: duplicate column name: vendor
2026-05-19 10:42:00 - huginn - DEBUG - Suppressed exception
Traceback (most recent call last):
  File "c:\Users\allie\Coding Projects\huggin_suite\huginn\app\core\asset_manager.py", line 122, in init_database
    conn.execute("ALTER TABLE assets ADD COLUMN notes TEXT DEFAULT ''")
    ~~~~~~~~~~~~^^^^^^^^^^^^^^^^^^^^^^^^^^^^^^^^^^^^^^^^^^^^^^^^^^^^^^^
sqlite3.OperationalError: duplicate column name: notes
2026-05-19 10:42:00 - huginn - INFO - Using default configuration
2026-05-19 10:42:02 - huginn - INFO - License saved successfully
2026-05-19 10:42:02 - huginn - INFO - License loaded and validated successfully
2026-05-19 10:42:09 - huginn - DEBUG - Suppressed exception
Traceback (most recent call last):
  File "c:\Users\allie\Coding Projects\huggin_suite\huginn\app\core\asset_manager.py", line 101, in init_database
    conn.execute("ALTER TABLE assets ADD COLUMN fqdn TEXT DEFAULT ''")
    ~~~~~~~~~~~~^^^^^^^^^^^^^^^^^^^^^^^^^^^^^^^^^^^^^^^^^^^^^^^^^^^^^^
sqlite3.OperationalError: duplicate column name: fqdn
2026-05-19 10:42:09 - huginn - DEBUG - Suppressed exception
Traceback (most recent call last):
  File "c:\Users\allie\Coding Projects\huggin_suite\huginn\app\core\asset_manager.py", line 108, in init_database
    conn.execute("ALTER TABLE assets ADD COLUMN mac_address TEXT DEFAULT ''")
    ~~~~~~~~~~~~^^^^^^^^^^^^^^^^^^^^^^^^^^^^^^^^^^^^^^^^^^^^^^^^^^^^^^^^^^^^^
sqlite3.OperationalError: duplicate column name: mac_address
2026-05-19 10:42:09 - huginn - DEBUG - Suppressed exception
Traceback (most recent call last):
  File "c:\Users\allie\Coding Projects\huggin_suite\huginn\app\core\asset_manager.py", line 115, in init_database
    conn.execute("ALTER TABLE assets ADD COLUMN vendor TEXT DEFAULT ''")
    ~~~~~~~~~~~~^^^^^^^^^^^^^^^^^^^^^^^^^^^^^^^^^^^^^^^^^^^^^^^^^^^^^^^^
sqlite3.OperationalError: duplicate column name: vendor
2026-05-19 10:42:09 - huginn - DEBUG - Suppressed exception
Traceback (most recent call last):
  File "c:\Users\allie\Coding Projects\huggin_suite\huginn\app\core\asset_manager.py", line 122, in init_database
    conn.execute("ALTER TABLE assets ADD COLUMN notes TEXT DEFAULT ''")
    ~~~~~~~~~~~~^^^^^^^^^^^^^^^^^^^^^^^^^^^^^^^^^^^^^^^^^^^^^^^^^^^^^^^
sqlite3.OperationalError: duplicate column name: notes
2026-05-19 10:42:09 - huginn - INFO - Using default configuration
2026-05-19 10:42:11 - huginn - INFO - License saved successfully
2026-05-19 10:42:11 - huginn - INFO - License loaded and validated successfully
2026-05-19 10:43:54 - huginn - DEBUG - Suppressed exception
Traceback (most recent call last):
  File "C:\Users\allie\Coding Projects\huggin_suite\huginn\app\core\dns_resolver.py", line 14, in resolve_hostname
    ipaddress.ip_address(hostname)
    ~~~~~~~~~~~~~~~~~~~~^^^^^^^^^^
  File "C:\Users\allie\anaconda3\Lib\ipaddress.py", line 54, in ip_address
    raise ValueError(f'{address!r} does not appear to be an IPv4 or IPv6 address')
ValueError: 'staging.silentium.htb' does not appear to be an IPv4 or IPv6 address
2026-05-19 10:44:23 - huginn - DEBUG - Suppressed exception
Traceback (most recent call last):
  File "C:\Users\allie\Coding Projects\huggin_suite\huginn\app\core\dns_resolver.py", line 14, in resolve_hostname
    ipaddress.ip_address(hostname)
    ~~~~~~~~~~~~~~~~~~~~^^^^^^^^^^
  File "C:\Users\allie\anaconda3\Lib\ipaddress.py", line 54, in ip_address
    raise ValueError(f'{address!r} does not appear to be an IPv4 or IPv6 address')
ValueError: 'staging.silentium.htb' does not appear to be an IPv4 or IPv6 address
2026-05-19 10:49:55 - huginn - INFO - Local DNS server stopped
2026-05-19 10:49:55 - huginn - INFO - local_dns_server stopped
2026-05-19 10:49:55 - huginn - INFO - VPN connection terminated
2026-05-19 10:49:55 - huginn - INFO - vpn_manager disconnected
2026-05-19 10:49:55 - huginn - DEBUG - Memory monitoring stopped
2026-05-19 10:49:55 - huginn - DEBUG - Connection pool closed all sessions
2026-05-19 10:49:55 - huginn - INFO - Update manager stopped during cleanup
2026-05-19 10:50:06 - huginn - DEBUG - Suppressed exception
Traceback (most recent call last):
  File "c:\Users\allie\Coding Projects\huggin_suite\huginn\app\core\asset_manager.py", line 101, in init_database
    conn.execute("ALTER TABLE assets ADD COLUMN fqdn TEXT DEFAULT ''")
    ~~~~~~~~~~~~^^^^^^^^^^^^^^^^^^^^^^^^^^^^^^^^^^^^^^^^^^^^^^^^^^^^^^
sqlite3.OperationalError: duplicate column name: fqdn
2026-05-19 10:50:06 - huginn - DEBUG - Suppressed exception
Traceback (most recent call last):
  File "c:\Users\allie\Coding Projects\huggin_suite\huginn\app\core\asset_manager.py", line 108, in init_database
    conn.execute("ALTER TABLE assets ADD COLUMN mac_address TEXT DEFAULT ''")
    ~~~~~~~~~~~~^^^^^^^^^^^^^^^^^^^^^^^^^^^^^^^^^^^^^^^^^^^^^^^^^^^^^^^^^^^^^
sqlite3.OperationalError: duplicate column name: mac_address
2026-05-19 10:50:06 - huginn - DEBUG - Suppressed exception
Traceback (most recent call last):
  File "c:\Users\allie\Coding Projects\huggin_suite\huginn\app\core\asset_manager.py", line 115, in init_database
    conn.execute("ALTER TABLE assets ADD COLUMN vendor TEXT DEFAULT ''")
    ~~~~~~~~~~~~^^^^^^^^^^^^^^^^^^^^^^^^^^^^^^^^^^^^^^^^^^^^^^^^^^^^^^^^
sqlite3.OperationalError: duplicate column name: vendor
2026-05-19 10:50:06 - huginn - DEBUG - Suppressed exception
Traceback (most recent call last):
  File "c:\Users\allie\Coding Projects\huggin_suite\huginn\app\core\asset_manager.py", line 122, in init_database
    conn.execute("ALTER TABLE assets ADD COLUMN notes TEXT DEFAULT ''")
    ~~~~~~~~~~~~^^^^^^^^^^^^^^^^^^^^^^^^^^^^^^^^^^^^^^^^^^^^^^^^^^^^^^^
sqlite3.OperationalError: duplicate column name: notes
2026-05-19 10:50:06 - huginn - INFO - Using default configuration
2026-05-19 10:50:08 - huginn - INFO - License saved successfully
2026-05-19 10:50:08 - huginn - INFO - License loaded and validated successfully
2026-05-19 10:50:50 - huginn - DEBUG - Suppressed exception
Traceback (most recent call last):
  File "c:\Users\allie\Coding Projects\huggin_suite\huginn\app\core\asset_manager.py", line 101, in init_database
    conn.execute("ALTER TABLE assets ADD COLUMN fqdn TEXT DEFAULT ''")
    ~~~~~~~~~~~~^^^^^^^^^^^^^^^^^^^^^^^^^^^^^^^^^^^^^^^^^^^^^^^^^^^^^^
sqlite3.OperationalError: duplicate column name: fqdn
2026-05-19 10:50:50 - huginn - DEBUG - Suppressed exception
Traceback (most recent call last):
  File "c:\Users\allie\Coding Projects\huggin_suite\huginn\app\core\asset_manager.py", line 108, in init_database
    conn.execute("ALTER TABLE assets ADD COLUMN mac_address TEXT DEFAULT ''")
    ~~~~~~~~~~~~^^^^^^^^^^^^^^^^^^^^^^^^^^^^^^^^^^^^^^^^^^^^^^^^^^^^^^^^^^^^^
sqlite3.OperationalError: duplicate column name: mac_address
2026-05-19 10:50:50 - huginn - DEBUG - Suppressed exception
Traceback (most recent call last):
  File "c:\Users\allie\Coding Projects\huggin_suite\huginn\app\core\asset_manager.py", line 115, in init_database
    conn.execute("ALTER TABLE assets ADD COLUMN vendor TEXT DEFAULT ''")
    ~~~~~~~~~~~~^^^^^^^^^^^^^^^^^^^^^^^^^^^^^^^^^^^^^^^^^^^^^^^^^^^^^^^^
sqlite3.OperationalError: duplicate column name: vendor
2026-05-19 10:50:50 - huginn - DEBUG - Suppressed exception
Traceback (most recent call last):
  File "c:\Users\allie\Coding Projects\huggin_suite\huginn\app\core\asset_manager.py", line 122, in init_database
    conn.execute("ALTER TABLE assets ADD COLUMN notes TEXT DEFAULT ''")
    ~~~~~~~~~~~~^^^^^^^^^^^^^^^^^^^^^^^^^^^^^^^^^^^^^^^^^^^^^^^^^^^^^^^
sqlite3.OperationalError: duplicate column name: notes
2026-05-19 10:50:50 - huginn - INFO - Using default configuration
2026-05-19 10:50:53 - huginn - INFO - License saved successfully
2026-05-19 10:50:53 - huginn - INFO - License loaded and validated successfully
2026-05-19 10:51:01 - huginn - DEBUG - Suppressed exception
Traceback (most recent call last):
  File "c:\Users\allie\Coding Projects\huggin_suite\huginn\app\core\asset_manager.py", line 101, in init_database
    conn.execute("ALTER TABLE assets ADD COLUMN fqdn TEXT DEFAULT ''")
    ~~~~~~~~~~~~^^^^^^^^^^^^^^^^^^^^^^^^^^^^^^^^^^^^^^^^^^^^^^^^^^^^^^
sqlite3.OperationalError: duplicate column name: fqdn
2026-05-19 10:51:01 - huginn - DEBUG - Suppressed exception
Traceback (most recent call last):
  File "c:\Users\allie\Coding Projects\huggin_suite\huginn\app\core\asset_manager.py", line 108, in init_database
    conn.execute("ALTER TABLE assets ADD COLUMN mac_address TEXT DEFAULT ''")
    ~~~~~~~~~~~~^^^^^^^^^^^^^^^^^^^^^^^^^^^^^^^^^^^^^^^^^^^^^^^^^^^^^^^^^^^^^
sqlite3.OperationalError: duplicate column name: mac_address
2026-05-19 10:51:01 - huginn - DEBUG - Suppressed exception
Traceback (most recent call last):
  File "c:\Users\allie\Coding Projects\huggin_suite\huginn\app\core\asset_manager.py", line 115, in init_database
    conn.execute("ALTER TABLE assets ADD COLUMN vendor TEXT DEFAULT ''")
    ~~~~~~~~~~~~^^^^^^^^^^^^^^^^^^^^^^^^^^^^^^^^^^^^^^^^^^^^^^^^^^^^^^^^
sqlite3.OperationalError: duplicate column name: vendor
2026-05-19 10:51:01 - huginn - DEBUG - Suppressed exception
Traceback (most recent call last):
  File "c:\Users\allie\Coding Projects\huggin_suite\huginn\app\core\asset_manager.py", line 122, in init_database
    conn.execute("ALTER TABLE assets ADD COLUMN notes TEXT DEFAULT ''")
    ~~~~~~~~~~~~^^^^^^^^^^^^^^^^^^^^^^^^^^^^^^^^^^^^^^^^^^^^^^^^^^^^^^^
sqlite3.OperationalError: duplicate column name: notes
2026-05-19 10:51:01 - huginn - INFO - Using default configuration
2026-05-19 10:51:04 - huginn - INFO - License saved successfully
2026-05-19 10:51:04 - huginn - INFO - License loaded and validated successfully
2026-05-19 10:51:25 - huginn - DEBUG - Suppressed exception
Traceback (most recent call last):
  File "c:\Users\allie\Coding Projects\huggin_suite\huginn\app\core\asset_manager.py", line 101, in init_database
    conn.execute("ALTER TABLE assets ADD COLUMN fqdn TEXT DEFAULT ''")
    ~~~~~~~~~~~~^^^^^^^^^^^^^^^^^^^^^^^^^^^^^^^^^^^^^^^^^^^^^^^^^^^^^^
sqlite3.OperationalError: duplicate column name: fqdn
2026-05-19 10:51:25 - huginn - DEBUG - Suppressed exception
Traceback (most recent call last):
  File "c:\Users\allie\Coding Projects\huggin_suite\huginn\app\core\asset_manager.py", line 108, in init_database
    conn.execute("ALTER TABLE assets ADD COLUMN mac_address TEXT DEFAULT ''")
    ~~~~~~~~~~~~^^^^^^^^^^^^^^^^^^^^^^^^^^^^^^^^^^^^^^^^^^^^^^^^^^^^^^^^^^^^^
sqlite3.OperationalError: duplicate column name: mac_address
2026-05-19 10:51:25 - huginn - DEBUG - Suppressed exception
Traceback (most recent call last):
  File "c:\Users\allie\Coding Projects\huggin_suite\huginn\app\core\asset_manager.py", line 115, in init_database
    conn.execute("ALTER TABLE assets ADD COLUMN vendor TEXT DEFAULT ''")
    ~~~~~~~~~~~~^^^^^^^^^^^^^^^^^^^^^^^^^^^^^^^^^^^^^^^^^^^^^^^^^^^^^^^^
sqlite3.OperationalError: duplicate column name: vendor
2026-05-19 10:51:25 - huginn - DEBUG - Suppressed exception
Traceback (most recent call last):
  File "c:\Users\allie\Coding Projects\huggin_suite\huginn\app\core\asset_manager.py", line 122, in init_database
    conn.execute("ALTER TABLE assets ADD COLUMN notes TEXT DEFAULT ''")
    ~~~~~~~~~~~~^^^^^^^^^^^^^^^^^^^^^^^^^^^^^^^^^^^^^^^^^^^^^^^^^^^^^^^
sqlite3.OperationalError: duplicate column name: notes
2026-05-19 10:51:25 - huginn - INFO - Using default configuration
2026-05-19 10:51:28 - huginn - INFO - License saved successfully
2026-05-19 10:51:28 - huginn - INFO - License loaded and validated successfully
2026-05-19 10:53:21 - huginn - INFO - License saved successfully
2026-05-19 10:53:21 - huginn - INFO - License loaded and validated successfully
2026-05-19 10:53:21 - huginn - INFO - Application starting...
2026-05-19 10:53:21 - huginn - INFO - Font loaded successfully
2026-05-19 10:53:21 - huginn - INFO - Stylesheet loaded successfully
2026-05-19 10:53:21 - huginn - INFO - Creating main window...
2026-05-19 10:53:21 - huginn - INFO - QThreadPool max threads set to 32 (CPUs: 32)
2026-05-19 10:53:21 - huginn - INFO - Custom font 'Neuropol X' loaded from C:\Users\allie\Coding Projects\huggin_suite\huginn\resources\fonts\neuropol.otf
2026-05-19 10:53:21 - huginn - DEBUG - Suppressed exception
Traceback (most recent call last):
  File "C:\Users\allie\Coding Projects\huggin_suite\huginn\app\pages\page_registry.py", line 45, in register_all_pages
    from app.pages.db_attacks_page import DBAttacksPage
ImportError: cannot import name 'DBAttacksPage' from 'app.pages.db_attacks_page' (C:\Users\allie\Coding Projects\huggin_suite\huginn\app\pages\db_attacks_page.py)
2026-05-19 10:58:59 - huginn - DEBUG - Suppressed exception
Traceback (most recent call last):
  File "c:\Users\allie\Coding Projects\huggin_suite\huginn\app\core\asset_manager.py", line 101, in init_database
    conn.execute("ALTER TABLE assets ADD COLUMN fqdn TEXT DEFAULT ''")
    ~~~~~~~~~~~~^^^^^^^^^^^^^^^^^^^^^^^^^^^^^^^^^^^^^^^^^^^^^^^^^^^^^^
sqlite3.OperationalError: duplicate column name: fqdn
2026-05-19 10:58:59 - huginn - DEBUG - Suppressed exception
Traceback (most recent call last):
  File "c:\Users\allie\Coding Projects\huggin_suite\huginn\app\core\asset_manager.py", line 108, in init_database
    conn.execute("ALTER TABLE assets ADD COLUMN mac_address TEXT DEFAULT ''")
    ~~~~~~~~~~~~^^^^^^^^^^^^^^^^^^^^^^^^^^^^^^^^^^^^^^^^^^^^^^^^^^^^^^^^^^^^^
sqlite3.OperationalError: duplicate column name: mac_address
2026-05-19 10:58:59 - huginn - DEBUG - Suppressed exception
Traceback (most recent call last):
  File "c:\Users\allie\Coding Projects\huggin_suite\huginn\app\core\asset_manager.py", line 115, in init_database
    conn.execute("ALTER TABLE assets ADD COLUMN vendor TEXT DEFAULT ''")
    ~~~~~~~~~~~~^^^^^^^^^^^^^^^^^^^^^^^^^^^^^^^^^^^^^^^^^^^^^^^^^^^^^^^^
sqlite3.OperationalError: duplicate column name: vendor
2026-05-19 10:58:59 - huginn - DEBUG - Suppressed exception
Traceback (most recent call last):
  File "c:\Users\allie\Coding Projects\huggin_suite\huginn\app\core\asset_manager.py", line 122, in init_database
    conn.execute("ALTER TABLE assets ADD COLUMN notes TEXT DEFAULT ''")
    ~~~~~~~~~~~~^^^^^^^^^^^^^^^^^^^^^^^^^^^^^^^^^^^^^^^^^^^^^^^^^^^^^^^
sqlite3.OperationalError: duplicate column name: notes
2026-05-19 10:58:59 - huginn - INFO - Using default configuration
2026-05-19 10:59:01 - huginn - INFO - License saved successfully
2026-05-19 10:59:01 - huginn - INFO - License loaded and validated successfully
2026-05-19 10:59:03 - huginn - DEBUG - Memory monitoring stopped
2026-05-19 10:59:03 - huginn - DEBUG - Connection pool closed all sessions
2026-05-19 10:59:03 - huginn - INFO - Update manager stopped during cleanup
2026-05-19 10:59:08 - huginn - DEBUG - Suppressed exception
Traceback (most recent call last):
  File "c:\Users\allie\Coding Projects\huggin_suite\huginn\app\core\asset_manager.py", line 101, in init_database
    conn.execute("ALTER TABLE assets ADD COLUMN fqdn TEXT DEFAULT ''")
    ~~~~~~~~~~~~^^^^^^^^^^^^^^^^^^^^^^^^^^^^^^^^^^^^^^^^^^^^^^^^^^^^^^
sqlite3.OperationalError: duplicate column name: fqdn
2026-05-19 10:59:08 - huginn - DEBUG - Suppressed exception
Traceback (most recent call last):
  File "c:\Users\allie\Coding Projects\huggin_suite\huginn\app\core\asset_manager.py", line 108, in init_database
    conn.execute("ALTER TABLE assets ADD COLUMN mac_address TEXT DEFAULT ''")
    ~~~~~~~~~~~~^^^^^^^^^^^^^^^^^^^^^^^^^^^^^^^^^^^^^^^^^^^^^^^^^^^^^^^^^^^^^
sqlite3.OperationalError: duplicate column name: mac_address
2026-05-19 10:59:08 - huginn - DEBUG - Suppressed exception
Traceback (most recent call last):
  File "c:\Users\allie\Coding Projects\huggin_suite\huginn\app\core\asset_manager.py", line 115, in init_database
    conn.execute("ALTER TABLE assets ADD COLUMN vendor TEXT DEFAULT ''")
    ~~~~~~~~~~~~^^^^^^^^^^^^^^^^^^^^^^^^^^^^^^^^^^^^^^^^^^^^^^^^^^^^^^^^
sqlite3.OperationalError: duplicate column name: vendor
2026-05-19 10:59:08 - huginn - DEBUG - Suppressed exception
Traceback (most recent call last):
  File "c:\Users\allie\Coding Projects\huggin_suite\huginn\app\core\asset_manager.py", line 122, in init_database
    conn.execute("ALTER TABLE assets ADD COLUMN notes TEXT DEFAULT ''")
    ~~~~~~~~~~~~^^^^^^^^^^^^^^^^^^^^^^^^^^^^^^^^^^^^^^^^^^^^^^^^^^^^^^^
sqlite3.OperationalError: duplicate column name: notes
2026-05-19 10:59:08 - huginn - INFO - Using default configuration
2026-05-19 10:59:10 - huginn - INFO - License saved successfully
2026-05-19 10:59:10 - huginn - INFO - License loaded and validated successfully
2026-05-19 10:59:18 - huginn - DEBUG - Suppressed exception
Traceback (most recent call last):
  File "c:\Users\allie\Coding Projects\huggin_suite\huginn\app\core\asset_manager.py", line 101, in init_database
    conn.execute("ALTER TABLE assets ADD COLUMN fqdn TEXT DEFAULT ''")
    ~~~~~~~~~~~~^^^^^^^^^^^^^^^^^^^^^^^^^^^^^^^^^^^^^^^^^^^^^^^^^^^^^^
sqlite3.OperationalError: duplicate column name: fqdn
2026-05-19 10:59:18 - huginn - DEBUG - Suppressed exception
Traceback (most recent call last):
  File "c:\Users\allie\Coding Projects\huggin_suite\huginn\app\core\asset_manager.py", line 108, in init_database
    conn.execute("ALTER TABLE assets ADD COLUMN mac_address TEXT DEFAULT ''")
    ~~~~~~~~~~~~^^^^^^^^^^^^^^^^^^^^^^^^^^^^^^^^^^^^^^^^^^^^^^^^^^^^^^^^^^^^^
sqlite3.OperationalError: duplicate column name: mac_address
2026-05-19 10:59:18 - huginn - DEBUG - Suppressed exception
Traceback (most recent call last):
  File "c:\Users\allie\Coding Projects\huggin_suite\huginn\app\core\asset_manager.py", line 115, in init_database
    conn.execute("ALTER TABLE assets ADD COLUMN vendor TEXT DEFAULT ''")
    ~~~~~~~~~~~~^^^^^^^^^^^^^^^^^^^^^^^^^^^^^^^^^^^^^^^^^^^^^^^^^^^^^^^^
sqlite3.OperationalError: duplicate column name: vendor
2026-05-19 10:59:18 - huginn - DEBUG - Suppressed exception
Traceback (most recent call last):
  File "c:\Users\allie\Coding Projects\huggin_suite\huginn\app\core\asset_manager.py", line 122, in init_database
    conn.execute("ALTER TABLE assets ADD COLUMN notes TEXT DEFAULT ''")
    ~~~~~~~~~~~~^^^^^^^^^^^^^^^^^^^^^^^^^^^^^^^^^^^^^^^^^^^^^^^^^^^^^^^
sqlite3.OperationalError: duplicate column name: notes
2026-05-19 10:59:18 - huginn - INFO - Using default configuration
2026-05-19 10:59:20 - huginn - INFO - License saved successfully
2026-05-19 10:59:20 - huginn - INFO - License loaded and validated successfully
2026-05-19 10:59:29 - huginn - DEBUG - Suppressed exception
Traceback (most recent call last):
  File "c:\Users\allie\Coding Projects\huggin_suite\huginn\app\core\asset_manager.py", line 101, in init_database
    conn.execute("ALTER TABLE assets ADD COLUMN fqdn TEXT DEFAULT ''")
    ~~~~~~~~~~~~^^^^^^^^^^^^^^^^^^^^^^^^^^^^^^^^^^^^^^^^^^^^^^^^^^^^^^
sqlite3.OperationalError: duplicate column name: fqdn
2026-05-19 10:59:29 - huginn - DEBUG - Suppressed exception
Traceback (most recent call last):
  File "c:\Users\allie\Coding Projects\huggin_suite\huginn\app\core\asset_manager.py", line 108, in init_database
    conn.execute("ALTER TABLE assets ADD COLUMN mac_address TEXT DEFAULT ''")
    ~~~~~~~~~~~~^^^^^^^^^^^^^^^^^^^^^^^^^^^^^^^^^^^^^^^^^^^^^^^^^^^^^^^^^^^^^
sqlite3.OperationalError: duplicate column name: mac_address
2026-05-19 10:59:29 - huginn - DEBUG - Suppressed exception
Traceback (most recent call last):
  File "c:\Users\allie\Coding Projects\huggin_suite\huginn\app\core\asset_manager.py", line 115, in init_database
    conn.execute("ALTER TABLE assets ADD COLUMN vendor TEXT DEFAULT ''")
    ~~~~~~~~~~~~^^^^^^^^^^^^^^^^^^^^^^^^^^^^^^^^^^^^^^^^^^^^^^^^^^^^^^^^
sqlite3.OperationalError: duplicate column name: vendor
2026-05-19 10:59:29 - huginn - DEBUG - Suppressed exception
Traceback (most recent call last):
  File "c:\Users\allie\Coding Projects\huggin_suite\huginn\app\core\asset_manager.py", line 122, in init_database
    conn.execute("ALTER TABLE assets ADD COLUMN notes TEXT DEFAULT ''")
    ~~~~~~~~~~~~^^^^^^^^^^^^^^^^^^^^^^^^^^^^^^^^^^^^^^^^^^^^^^^^^^^^^^^
sqlite3.OperationalError: duplicate column name: notes
2026-05-19 10:59:29 - huginn - INFO - Using default configuration
2026-05-19 10:59:32 - huginn - INFO - License saved successfully
2026-05-19 10:59:32 - huginn - INFO - License loaded and validated successfully
2026-05-19 10:59:47 - huginn - INFO - License saved successfully
2026-05-19 10:59:47 - huginn - INFO - License loaded and validated successfully
2026-05-19 10:59:47 - huginn - INFO - Application starting...
2026-05-19 10:59:47 - huginn - INFO - Font loaded successfully
2026-05-19 10:59:47 - huginn - INFO - Stylesheet loaded successfully
2026-05-19 10:59:47 - huginn - INFO - Creating main window...
2026-05-19 10:59:47 - huginn - INFO - QThreadPool max threads set to 32 (CPUs: 32)
2026-05-19 10:59:47 - huginn - INFO - Custom font 'Neuropol X' loaded from C:\Users\allie\Coding Projects\huggin_suite\huginn\resources\fonts\neuropol.otf
2026-05-19 10:59:47 - huginn - DEBUG - Suppressed exception
Traceback (most recent call last):
  File "C:\Users\allie\Coding Projects\huggin_suite\huginn\app\pages\page_registry.py", line 45, in register_all_pages
    from app.pages.db_attacks_page import DBAttacksPage
ImportError: cannot import name 'DBAttacksPage' from 'app.pages.db_attacks_page' (C:\Users\allie\Coding Projects\huggin_suite\huginn\app\pages\db_attacks_page.py)
2026-05-19 11:01:04 - huginn - DEBUG - Memory monitoring stopped
2026-05-19 11:01:04 - huginn - DEBUG - Connection pool closed all sessions
2026-05-19 11:01:04 - huginn - INFO - Update manager stopped during cleanup
2026-05-19 11:04:25 - huginn - DEBUG - Suppressed exception
Traceback (most recent call last):
  File "c:\Users\allie\Coding Projects\huggin_suite\huginn\app\core\asset_manager.py", line 101, in init_database
    conn.execute("ALTER TABLE assets ADD COLUMN fqdn TEXT DEFAULT ''")
    ~~~~~~~~~~~~^^^^^^^^^^^^^^^^^^^^^^^^^^^^^^^^^^^^^^^^^^^^^^^^^^^^^^
sqlite3.OperationalError: duplicate column name: fqdn
2026-05-19 11:04:25 - huginn - DEBUG - Suppressed exception
Traceback (most recent call last):
  File "c:\Users\allie\Coding Projects\huggin_suite\huginn\app\core\asset_manager.py", line 108, in init_database
    conn.execute("ALTER TABLE assets ADD COLUMN mac_address TEXT DEFAULT ''")
    ~~~~~~~~~~~~^^^^^^^^^^^^^^^^^^^^^^^^^^^^^^^^^^^^^^^^^^^^^^^^^^^^^^^^^^^^^
sqlite3.OperationalError: duplicate column name: mac_address
2026-05-19 11:04:25 - huginn - DEBUG - Suppressed exception
Traceback (most recent call last):
  File "c:\Users\allie\Coding Projects\huggin_suite\huginn\app\core\asset_manager.py", line 115, in init_database
    conn.execute("ALTER TABLE assets ADD COLUMN vendor TEXT DEFAULT ''")
    ~~~~~~~~~~~~^^^^^^^^^^^^^^^^^^^^^^^^^^^^^^^^^^^^^^^^^^^^^^^^^^^^^^^^
sqlite3.OperationalError: duplicate column name: vendor
2026-05-19 11:04:25 - huginn - DEBUG - Suppressed exception
Traceback (most recent call last):
  File "c:\Users\allie\Coding Projects\huggin_suite\huginn\app\core\asset_manager.py", line 122, in init_database
    conn.execute("ALTER TABLE assets ADD COLUMN notes TEXT DEFAULT ''")
    ~~~~~~~~~~~~^^^^^^^^^^^^^^^^^^^^^^^^^^^^^^^^^^^^^^^^^^^^^^^^^^^^^^^
sqlite3.OperationalError: duplicate column name: notes
2026-05-19 11:04:25 - huginn - INFO - Using default configuration
2026-05-19 11:04:27 - huginn - INFO - License saved successfully
2026-05-19 11:04:27 - huginn - INFO - License loaded and validated successfully
2026-05-19 11:04:51 - huginn - DEBUG - Suppressed exception
Traceback (most recent call last):
  File "c:\Users\allie\Coding Projects\huggin_suite\huginn\app\core\asset_manager.py", line 101, in init_database
    conn.execute("ALTER TABLE assets ADD COLUMN fqdn TEXT DEFAULT ''")
    ~~~~~~~~~~~~^^^^^^^^^^^^^^^^^^^^^^^^^^^^^^^^^^^^^^^^^^^^^^^^^^^^^^
sqlite3.OperationalError: duplicate column name: fqdn
2026-05-19 11:04:51 - huginn - DEBUG - Suppressed exception
Traceback (most recent call last):
  File "c:\Users\allie\Coding Projects\huggin_suite\huginn\app\core\asset_manager.py", line 108, in init_database
    conn.execute("ALTER TABLE assets ADD COLUMN mac_address TEXT DEFAULT ''")
    ~~~~~~~~~~~~^^^^^^^^^^^^^^^^^^^^^^^^^^^^^^^^^^^^^^^^^^^^^^^^^^^^^^^^^^^^^
sqlite3.OperationalError: duplicate column name: mac_address
2026-05-19 11:04:51 - huginn - DEBUG - Suppressed exception
Traceback (most recent call last):
  File "c:\Users\allie\Coding Projects\huggin_suite\huginn\app\core\asset_manager.py", line 115, in init_database
    conn.execute("ALTER TABLE assets ADD COLUMN vendor TEXT DEFAULT ''")
    ~~~~~~~~~~~~^^^^^^^^^^^^^^^^^^^^^^^^^^^^^^^^^^^^^^^^^^^^^^^^^^^^^^^^
sqlite3.OperationalError: duplicate column name: vendor
2026-05-19 11:04:51 - huginn - DEBUG - Suppressed exception
Traceback (most recent call last):
  File "c:\Users\allie\Coding Projects\huggin_suite\huginn\app\core\asset_manager.py", line 122, in init_database
    conn.execute("ALTER TABLE assets ADD COLUMN notes TEXT DEFAULT ''")
    ~~~~~~~~~~~~^^^^^^^^^^^^^^^^^^^^^^^^^^^^^^^^^^^^^^^^^^^^^^^^^^^^^^^
sqlite3.OperationalError: duplicate column name: notes
2026-05-19 11:04:51 - huginn - INFO - Using default configuration
2026-05-19 11:04:53 - huginn - INFO - License saved successfully
2026-05-19 11:04:53 - huginn - INFO - License loaded and validated successfully
2026-05-19 11:06:21 - huginn - INFO - License saved successfully
2026-05-19 11:06:21 - huginn - INFO - License loaded and validated successfully
2026-05-19 11:06:22 - huginn - INFO - Application starting...
2026-05-19 11:06:22 - huginn - INFO - Font loaded successfully
2026-05-19 11:06:22 - huginn - INFO - Stylesheet loaded successfully
2026-05-19 11:06:22 - huginn - INFO - Creating main window...
2026-05-19 11:06:22 - huginn - INFO - QThreadPool max threads set to 32 (CPUs: 32)
2026-05-19 11:06:22 - huginn - INFO - Custom font 'Neuropol X' loaded from C:\Users\allie\Coding Projects\huggin_suite\huginn\resources\fonts\neuropol.otf
2026-05-19 11:06:22 - huginn - DEBUG - Suppressed exception
Traceback (most recent call last):
  File "C:\Users\allie\Coding Projects\huggin_suite\huginn\app\pages\page_registry.py", line 45, in register_all_pages
    from app.pages.db_attacks_page import DBAttacksPage
ImportError: cannot import name 'DBAttacksPage' from 'app.pages.db_attacks_page' (C:\Users\allie\Coding Projects\huggin_suite\huginn\app\pages\db_attacks_page.py)
2026-05-19 11:13:18 - huginn - ERROR - Unhandled exception:
Traceback (most recent call last):
  File "C:\Users\allie\anaconda3\Lib\urllib\parse.py", line 1004, in urlencode
    raise TypeError
TypeError

The above exception was the direct cause of the following exception:

Traceback (most recent call last):
  File "C:\Users\allie\Coding Projects\huggin_suite\huginn\app\widgets\curl_widget.py", line 564, in _intercept_forward_modified
    if self.request_handler.modify_and_forward_request(flow_id, modified_request):
       ~~~~~~~~~~~~~~~~~~~~~~~~~~~~~~~~~~~~~~~~~~~~~~~^^^^^^^^^^^^^^^^^^^^^^^^^^^
  File "C:\Users\allie\Coding Projects\huggin_suite\huginn\app\core\unified_request_handler.py", line 97, in modify_and_forward_request
    return self.proxy_engine.modify_and_forward_request(flow_id, modified_request)
           ~~~~~~~~~~~~~~~~~~~~~~~~~~~~~~~~~~~~~~~~~~~~^^^^^^^^^^^^^^^^^^^^^^^^^^^
  File "C:\Users\allie\Coding Projects\huggin_suite\huginn\app\core\proxy_engine.py", line 239, in modify_and_forward_request
    return self.addon.modify_and_resume_flow(flow_id, modified_request) if self.addon else False
           ~~~~~~~~~~~~~~~~~~~~~~~~~~~~~~~~~^^^^^^^^^^^^^^^^^^^^^^^^^^^
  File "C:\Users\allie\Coding Projects\huggin_suite\huginn\app\core\proxy_engine.py", line 137, in modify_and_resume_flow
    flow.request.query = parsed_url.query
    ^^^^^^^^^^^^^^^^^^
  File "C:\Users\allie\AppData\Roaming\Python\Python313\site-packages\mitmproxy\http.py", line 862, in query
    self._set_query(value)
    ~~~~~~~~~~~~~~~^^^^^^^
  File "C:\Users\allie\AppData\Roaming\Python\Python313\site-packages\mitmproxy\http.py", line 847, in _set_query
    query = url.encode(query_data)
  File "C:\Users\allie\AppData\Roaming\Python\Python313\site-packages\mitmproxy\net\http\url.py", line 108, in encode
    encoded = urllib.parse.urlencode(s, False, errors="surrogateescape")
  File "C:\Users\allie\anaconda3\Lib\urllib\parse.py", line 1010, in urlencode
    raise TypeError("not a valid non-string sequence "
                    "or mapping object") from err
TypeError: not a valid non-string sequence or mapping object

2026-05-19 11:14:38 - huginn - DEBUG - Memory monitoring stopped
2026-05-19 11:14:38 - huginn - DEBUG - Connection pool closed all sessions
2026-05-19 11:14:38 - huginn - INFO - Update manager stopped during cleanup
2026-05-19 11:15:38 - huginn - DEBUG - Suppressed exception
Traceback (most recent call last):
  File "c:\Users\allie\Coding Projects\huggin_suite\huginn\app\core\asset_manager.py", line 101, in init_database
    conn.execute("ALTER TABLE assets ADD COLUMN fqdn TEXT DEFAULT ''")
    ~~~~~~~~~~~~^^^^^^^^^^^^^^^^^^^^^^^^^^^^^^^^^^^^^^^^^^^^^^^^^^^^^^
sqlite3.OperationalError: duplicate column name: fqdn
2026-05-19 11:15:38 - huginn - DEBUG - Suppressed exception
Traceback (most recent call last):
  File "c:\Users\allie\Coding Projects\huggin_suite\huginn\app\core\asset_manager.py", line 108, in init_database
    conn.execute("ALTER TABLE assets ADD COLUMN mac_address TEXT DEFAULT ''")
    ~~~~~~~~~~~~^^^^^^^^^^^^^^^^^^^^^^^^^^^^^^^^^^^^^^^^^^^^^^^^^^^^^^^^^^^^^
sqlite3.OperationalError: duplicate column name: mac_address
2026-05-19 11:15:38 - huginn - DEBUG - Suppressed exception
Traceback (most recent call last):
  File "c:\Users\allie\Coding Projects\huggin_suite\huginn\app\core\asset_manager.py", line 115, in init_database
    conn.execute("ALTER TABLE assets ADD COLUMN vendor TEXT DEFAULT ''")
    ~~~~~~~~~~~~^^^^^^^^^^^^^^^^^^^^^^^^^^^^^^^^^^^^^^^^^^^^^^^^^^^^^^^^
sqlite3.OperationalError: duplicate column name: vendor
2026-05-19 11:15:38 - huginn - DEBUG - Suppressed exception
Traceback (most recent call last):
  File "c:\Users\allie\Coding Projects\huggin_suite\huginn\app\core\asset_manager.py", line 122, in init_database
    conn.execute("ALTER TABLE assets ADD COLUMN notes TEXT DEFAULT ''")
    ~~~~~~~~~~~~^^^^^^^^^^^^^^^^^^^^^^^^^^^^^^^^^^^^^^^^^^^^^^^^^^^^^^^
sqlite3.OperationalError: duplicate column name: notes
2026-05-19 11:15:38 - huginn - INFO - Using default configuration
2026-05-19 11:15:40 - huginn - INFO - License saved successfully
2026-05-19 11:15:40 - huginn - INFO - License loaded and validated successfully
2026-05-19 11:15:58 - huginn - INFO - License saved successfully
2026-05-19 11:15:58 - huginn - INFO - License loaded and validated successfully
2026-05-19 11:15:58 - huginn - INFO - Application starting...
2026-05-19 11:15:58 - huginn - INFO - Font loaded successfully
2026-05-19 11:15:58 - huginn - INFO - Stylesheet loaded successfully
2026-05-19 11:15:58 - huginn - INFO - Creating main window...
2026-05-19 11:15:58 - huginn - INFO - QThreadPool max threads set to 32 (CPUs: 32)
2026-05-19 11:15:58 - huginn - INFO - Custom font 'Neuropol X' loaded from C:\Users\allie\Coding Projects\huggin_suite\huginn\resources\fonts\neuropol.otf
2026-05-19 11:15:58 - huginn - DEBUG - Suppressed exception
Traceback (most recent call last):
  File "C:\Users\allie\Coding Projects\huggin_suite\huginn\app\pages\page_registry.py", line 45, in register_all_pages
    from app.pages.db_attacks_page import DBAttacksPage
ImportError: cannot import name 'DBAttacksPage' from 'app.pages.db_attacks_page' (C:\Users\allie\Coding Projects\huggin_suite\huginn\app\pages\db_attacks_page.py)
2026-05-19 11:17:31 - huginn - DEBUG - Memory monitoring stopped
2026-05-19 11:17:31 - huginn - DEBUG - Connection pool closed all sessions
2026-05-19 11:17:31 - huginn - INFO - Update manager stopped during cleanup
2026-05-19 11:17:38 - huginn - DEBUG - Suppressed exception
Traceback (most recent call last):
  File "c:\Users\allie\Coding Projects\huggin_suite\huginn\app\core\asset_manager.py", line 101, in init_database
    conn.execute("ALTER TABLE assets ADD COLUMN fqdn TEXT DEFAULT ''")
    ~~~~~~~~~~~~^^^^^^^^^^^^^^^^^^^^^^^^^^^^^^^^^^^^^^^^^^^^^^^^^^^^^^
sqlite3.OperationalError: duplicate column name: fqdn
2026-05-19 11:17:38 - huginn - DEBUG - Suppressed exception
Traceback (most recent call last):
  File "c:\Users\allie\Coding Projects\huggin_suite\huginn\app\core\asset_manager.py", line 108, in init_database
    conn.execute("ALTER TABLE assets ADD COLUMN mac_address TEXT DEFAULT ''")
    ~~~~~~~~~~~~^^^^^^^^^^^^^^^^^^^^^^^^^^^^^^^^^^^^^^^^^^^^^^^^^^^^^^^^^^^^^
sqlite3.OperationalError: duplicate column name: mac_address
2026-05-19 11:17:38 - huginn - DEBUG - Suppressed exception
Traceback (most recent call last):
  File "c:\Users\allie\Coding Projects\huggin_suite\huginn\app\core\asset_manager.py", line 115, in init_database
    conn.execute("ALTER TABLE assets ADD COLUMN vendor TEXT DEFAULT ''")
    ~~~~~~~~~~~~^^^^^^^^^^^^^^^^^^^^^^^^^^^^^^^^^^^^^^^^^^^^^^^^^^^^^^^^
sqlite3.OperationalError: duplicate column name: vendor
2026-05-19 11:17:38 - huginn - DEBUG - Suppressed exception
Traceback (most recent call last):
  File "c:\Users\allie\Coding Projects\huggin_suite\huginn\app\core\asset_manager.py", line 122, in init_database
    conn.execute("ALTER TABLE assets ADD COLUMN notes TEXT DEFAULT ''")
    ~~~~~~~~~~~~^^^^^^^^^^^^^^^^^^^^^^^^^^^^^^^^^^^^^^^^^^^^^^^^^^^^^^^
sqlite3.OperationalError: duplicate column name: notes
2026-05-19 11:17:38 - huginn - INFO - Using default configuration
2026-05-19 11:17:41 - huginn - INFO - License saved successfully
2026-05-19 11:17:41 - huginn - INFO - License loaded and validated successfully
