2026-05-31 17:35:01 - huginn - INFO - License saved successfully
2026-05-31 17:35:01 - huginn - INFO - License loaded and validated successfully
2026-05-31 17:35:01 - huginn - INFO - Application starting...
2026-05-31 17:35:01 - huginn - INFO - Font loaded successfully
2026-05-31 17:35:01 - huginn - INFO - Stylesheet loaded successfully
2026-05-31 17:35:01 - huginn - INFO - Creating main window...
2026-05-31 17:35:01 - huginn - INFO - QThreadPool max threads set to 32 (CPUs: 32)
2026-05-31 17:35:01 - huginn - INFO - Custom font 'Neuropol X' loaded from C:\Users\allie\Coding Projects\huggin_suite\huginn\resources\fonts\neuropol.otf
2026-05-31 17:35:01 - huginn - DEBUG - Suppressed exception
Traceback (most recent call last):
  File "C:\Users\allie\Coding Projects\huggin_suite\huginn\app\pages\page_registry.py", line 45, in register_all_pages
    from app.pages.db_attacks_page import DBAttacksPage
ImportError: cannot import name 'DBAttacksPage' from 'app.pages.db_attacks_page' (C:\Users\allie\Coding Projects\huggin_suite\huginn\app\pages\db_attacks_page.py)
2026-05-31 17:39:34 - huginn - DEBUG - Suppressed exception
Traceback (most recent call last):
  File "C:\Users\allie\Coding Projects\huggin_suite\huginn\app\core\asset_manager.py", line 101, in init_database
    conn.execute("ALTER TABLE assets ADD COLUMN fqdn TEXT DEFAULT ''")
    ~~~~~~~~~~~~^^^^^^^^^^^^^^^^^^^^^^^^^^^^^^^^^^^^^^^^^^^^^^^^^^^^^^
sqlite3.OperationalError: duplicate column name: fqdn
2026-05-31 17:39:34 - huginn - DEBUG - Suppressed exception
Traceback (most recent call last):
  File "C:\Users\allie\Coding Projects\huggin_suite\huginn\app\core\asset_manager.py", line 108, in init_database
    conn.execute("ALTER TABLE assets ADD COLUMN mac_address TEXT DEFAULT ''")
    ~~~~~~~~~~~~^^^^^^^^^^^^^^^^^^^^^^^^^^^^^^^^^^^^^^^^^^^^^^^^^^^^^^^^^^^^^
sqlite3.OperationalError: duplicate column name: mac_address
2026-05-31 17:39:34 - huginn - DEBUG - Suppressed exception
Traceback (most recent call last):
  File "C:\Users\allie\Coding Projects\huggin_suite\huginn\app\core\asset_manager.py", line 115, in init_database
    conn.execute("ALTER TABLE assets ADD COLUMN vendor TEXT DEFAULT ''")
    ~~~~~~~~~~~~^^^^^^^^^^^^^^^^^^^^^^^^^^^^^^^^^^^^^^^^^^^^^^^^^^^^^^^^
sqlite3.OperationalError: duplicate column name: vendor
2026-05-31 17:39:34 - huginn - DEBUG - Suppressed exception
Traceback (most recent call last):
  File "C:\Users\allie\Coding Projects\huggin_suite\huginn\app\core\asset_manager.py", line 122, in init_database
    conn.execute("ALTER TABLE assets ADD COLUMN notes TEXT DEFAULT ''")
    ~~~~~~~~~~~~^^^^^^^^^^^^^^^^^^^^^^^^^^^^^^^^^^^^^^^^^^^^^^^^^^^^^^^
sqlite3.OperationalError: duplicate column name: notes
2026-05-31 17:39:57 - huginn - DEBUG - Suppressed exception
Traceback (most recent call last):
  File "C:\Users\allie\Coding Projects\huggin_suite\huginn\app\core\scope_manager.py", line 62, in _parse_scope_text
    ipaddress.IPv4Address(item)
    ~~~~~~~~~~~~~~~~~~~~~^^^^^^
  File "C:\Users\allie\anaconda3\Lib\ipaddress.py", line 1319, in __init__
    self._ip = self._ip_int_from_string(addr_str)
               ~~~~~~~~~~~~~~~~~~~~~~~~^^^^^^^^^^
  File "C:\Users\allie\anaconda3\Lib\ipaddress.py", line 1206, in _ip_int_from_string
    raise AddressValueError("Expected 4 octets in %r" % ip_str)
ipaddress.AddressValueError: Expected 4 octets in 'b'
2026-05-31 17:39:57 - huginn - DEBUG - Suppressed exception
Traceback (most recent call last):
  File "C:\Users\allie\Coding Projects\huggin_suite\huginn\app\core\scope_manager.py", line 62, in _parse_scope_text
    ipaddress.IPv4Address(item)
    ~~~~~~~~~~~~~~~~~~~~~^^^^^^
  File "C:\Users\allie\anaconda3\Lib\ipaddress.py", line 1319, in __init__
    self._ip = self._ip_int_from_string(addr_str)
               ~~~~~~~~~~~~~~~~~~~~~~~~^^^^^^^^^^
  File "C:\Users\allie\anaconda3\Lib\ipaddress.py", line 1206, in _ip_int_from_string
    raise AddressValueError("Expected 4 octets in %r" % ip_str)
ipaddress.AddressValueError: Expected 4 octets in 'bl'
2026-05-31 17:39:57 - huginn - DEBUG - Suppressed exception
Traceback (most recent call last):
  File "C:\Users\allie\Coding Projects\huggin_suite\huginn\app\core\scope_manager.py", line 62, in _parse_scope_text
    ipaddress.IPv4Address(item)
    ~~~~~~~~~~~~~~~~~~~~~^^^^^^
  File "C:\Users\allie\anaconda3\Lib\ipaddress.py", line 1319, in __init__
    self._ip = self._ip_int_from_string(addr_str)
               ~~~~~~~~~~~~~~~~~~~~~~~~^^^^^^^^^^
  File "C:\Users\allie\anaconda3\Lib\ipaddress.py", line 1206, in _ip_int_from_string
    raise AddressValueError("Expected 4 octets in %r" % ip_str)
ipaddress.AddressValueError: Expected 4 octets in 'bla'
2026-05-31 17:39:57 - huginn - DEBUG - Suppressed exception
Traceback (most recent call last):
  File "C:\Users\allie\Coding Projects\huggin_suite\huginn\app\core\scope_manager.py", line 62, in _parse_scope_text
    ipaddress.IPv4Address(item)
    ~~~~~~~~~~~~~~~~~~~~~^^^^^^
  File "C:\Users\allie\anaconda3\Lib\ipaddress.py", line 1319, in __init__
    self._ip = self._ip_int_from_string(addr_str)
               ~~~~~~~~~~~~~~~~~~~~~~~~^^^^^^^^^^
  File "C:\Users\allie\anaconda3\Lib\ipaddress.py", line 1206, in _ip_int_from_string
    raise AddressValueError("Expected 4 octets in %r" % ip_str)
ipaddress.AddressValueError: Expected 4 octets in 'blac'
2026-05-31 17:39:57 - huginn - DEBUG - Suppressed exception
Traceback (most recent call last):
  File "C:\Users\allie\Coding Projects\huggin_suite\huginn\app\core\scope_manager.py", line 62, in _parse_scope_text
    ipaddress.IPv4Address(item)
    ~~~~~~~~~~~~~~~~~~~~~^^^^^^
  File "C:\Users\allie\anaconda3\Lib\ipaddress.py", line 1319, in __init__
    self._ip = self._ip_int_from_string(addr_str)
               ~~~~~~~~~~~~~~~~~~~~~~~~^^^^^^^^^^
  File "C:\Users\allie\anaconda3\Lib\ipaddress.py", line 1206, in _ip_int_from_string
    raise AddressValueError("Expected 4 octets in %r" % ip_str)
ipaddress.AddressValueError: Expected 4 octets in 'black'
2026-05-31 17:39:58 - huginn - DEBUG - Suppressed exception
Traceback (most recent call last):
  File "C:\Users\allie\Coding Projects\huggin_suite\huginn\app\core\scope_manager.py", line 62, in _parse_scope_text
    ipaddress.IPv4Address(item)
    ~~~~~~~~~~~~~~~~~~~~~^^^^^^
  File "C:\Users\allie\anaconda3\Lib\ipaddress.py", line 1319, in __init__
    self._ip = self._ip_int_from_string(addr_str)
               ~~~~~~~~~~~~~~~~~~~~~~~~^^^^^^^^^^
  File "C:\Users\allie\anaconda3\Lib\ipaddress.py", line 1206, in _ip_int_from_string
    raise AddressValueError("Expected 4 octets in %r" % ip_str)
ipaddress.AddressValueError: Expected 4 octets in 'blackr'
2026-05-31 17:39:58 - huginn - DEBUG - Suppressed exception
Traceback (most recent call last):
  File "C:\Users\allie\Coding Projects\huggin_suite\huginn\app\core\scope_manager.py", line 62, in _parse_scope_text
    ipaddress.IPv4Address(item)
    ~~~~~~~~~~~~~~~~~~~~~^^^^^^
  File "C:\Users\allie\anaconda3\Lib\ipaddress.py", line 1319, in __init__
    self._ip = self._ip_int_from_string(addr_str)
               ~~~~~~~~~~~~~~~~~~~~~~~~^^^^^^^^^^
  File "C:\Users\allie\anaconda3\Lib\ipaddress.py", line 1206, in _ip_int_from_string
    raise AddressValueError("Expected 4 octets in %r" % ip_str)
ipaddress.AddressValueError: Expected 4 octets in 'blackre'
2026-05-31 17:39:58 - huginn - DEBUG - Suppressed exception
Traceback (most recent call last):
  File "C:\Users\allie\Coding Projects\huggin_suite\huginn\app\core\scope_manager.py", line 62, in _parse_scope_text
    ipaddress.IPv4Address(item)
    ~~~~~~~~~~~~~~~~~~~~~^^^^^^
  File "C:\Users\allie\anaconda3\Lib\ipaddress.py", line 1319, in __init__
    self._ip = self._ip_int_from_string(addr_str)
               ~~~~~~~~~~~~~~~~~~~~~~~~^^^^^^^^^^
  File "C:\Users\allie\anaconda3\Lib\ipaddress.py", line 1206, in _ip_int_from_string
    raise AddressValueError("Expected 4 octets in %r" % ip_str)
ipaddress.AddressValueError: Expected 4 octets in 'blackrea'
2026-05-31 17:39:58 - huginn - DEBUG - Suppressed exception
Traceback (most recent call last):
  File "C:\Users\allie\Coding Projects\huggin_suite\huginn\app\core\scope_manager.py", line 62, in _parse_scope_text
    ipaddress.IPv4Address(item)
    ~~~~~~~~~~~~~~~~~~~~~^^^^^^
  File "C:\Users\allie\anaconda3\Lib\ipaddress.py", line 1319, in __init__
    self._ip = self._ip_int_from_string(addr_str)
               ~~~~~~~~~~~~~~~~~~~~~~~~^^^^^^^^^^
  File "C:\Users\allie\anaconda3\Lib\ipaddress.py", line 1206, in _ip_int_from_string
    raise AddressValueError("Expected 4 octets in %r" % ip_str)
ipaddress.AddressValueError: Expected 4 octets in 'blackreac'
2026-05-31 17:39:58 - huginn - DEBUG - Suppressed exception
Traceback (most recent call last):
  File "C:\Users\allie\Coding Projects\huggin_suite\huginn\app\core\scope_manager.py", line 62, in _parse_scope_text
    ipaddress.IPv4Address(item)
    ~~~~~~~~~~~~~~~~~~~~~^^^^^^
  File "C:\Users\allie\anaconda3\Lib\ipaddress.py", line 1319, in __init__
    self._ip = self._ip_int_from_string(addr_str)
               ~~~~~~~~~~~~~~~~~~~~~~~~^^^^^^^^^^
  File "C:\Users\allie\anaconda3\Lib\ipaddress.py", line 1206, in _ip_int_from_string
    raise AddressValueError("Expected 4 octets in %r" % ip_str)
ipaddress.AddressValueError: Expected 4 octets in 'blackreach'
2026-05-31 17:39:58 - huginn - DEBUG - Suppressed exception
Traceback (most recent call last):
  File "C:\Users\allie\Coding Projects\huggin_suite\huginn\app\core\scope_manager.py", line 62, in _parse_scope_text
    ipaddress.IPv4Address(item)
    ~~~~~~~~~~~~~~~~~~~~~^^^^^^
  File "C:\Users\allie\anaconda3\Lib\ipaddress.py", line 1319, in __init__
    self._ip = self._ip_int_from_string(addr_str)
               ~~~~~~~~~~~~~~~~~~~~~~~~^^^^^^^^^^
  File "C:\Users\allie\anaconda3\Lib\ipaddress.py", line 1206, in _ip_int_from_string
    raise AddressValueError("Expected 4 octets in %r" % ip_str)
ipaddress.AddressValueError: Expected 4 octets in 'blackreachl'
2026-05-31 17:39:58 - huginn - DEBUG - Suppressed exception
Traceback (most recent call last):
  File "C:\Users\allie\Coding Projects\huggin_suite\huginn\app\core\scope_manager.py", line 62, in _parse_scope_text
    ipaddress.IPv4Address(item)
    ~~~~~~~~~~~~~~~~~~~~~^^^^^^
  File "C:\Users\allie\anaconda3\Lib\ipaddress.py", line 1319, in __init__
    self._ip = self._ip_int_from_string(addr_str)
               ~~~~~~~~~~~~~~~~~~~~~~~~^^^^^^^^^^
  File "C:\Users\allie\anaconda3\Lib\ipaddress.py", line 1206, in _ip_int_from_string
    raise AddressValueError("Expected 4 octets in %r" % ip_str)
ipaddress.AddressValueError: Expected 4 octets in 'blackreachla'
2026-05-31 17:39:59 - huginn - DEBUG - Suppressed exception
Traceback (most recent call last):
  File "C:\Users\allie\Coding Projects\huggin_suite\huginn\app\core\scope_manager.py", line 62, in _parse_scope_text
    ipaddress.IPv4Address(item)
    ~~~~~~~~~~~~~~~~~~~~~^^^^^^
  File "C:\Users\allie\anaconda3\Lib\ipaddress.py", line 1319, in __init__
    self._ip = self._ip_int_from_string(addr_str)
               ~~~~~~~~~~~~~~~~~~~~~~~~^^^^^^^^^^
  File "C:\Users\allie\anaconda3\Lib\ipaddress.py", line 1206, in _ip_int_from_string
    raise AddressValueError("Expected 4 octets in %r" % ip_str)
ipaddress.AddressValueError: Expected 4 octets in 'blackreachlab'
2026-05-31 17:39:59 - huginn - DEBUG - Suppressed exception
Traceback (most recent call last):
  File "C:\Users\allie\Coding Projects\huggin_suite\huginn\app\core\scope_manager.py", line 62, in _parse_scope_text
    ipaddress.IPv4Address(item)
    ~~~~~~~~~~~~~~~~~~~~~^^^^^^
  File "C:\Users\allie\anaconda3\Lib\ipaddress.py", line 1319, in __init__
    self._ip = self._ip_int_from_string(addr_str)
               ~~~~~~~~~~~~~~~~~~~~~~~~^^^^^^^^^^
  File "C:\Users\allie\anaconda3\Lib\ipaddress.py", line 1206, in _ip_int_from_string
    raise AddressValueError("Expected 4 octets in %r" % ip_str)
ipaddress.AddressValueError: Expected 4 octets in 'blackreachlabs'
2026-05-31 17:39:59 - huginn - DEBUG - Suppressed exception
Traceback (most recent call last):
  File "C:\Users\allie\Coding Projects\huggin_suite\huginn\app\core\scope_manager.py", line 62, in _parse_scope_text
    ipaddress.IPv4Address(item)
    ~~~~~~~~~~~~~~~~~~~~~^^^^^^
  File "C:\Users\allie\anaconda3\Lib\ipaddress.py", line 1319, in __init__
    self._ip = self._ip_int_from_string(addr_str)
               ~~~~~~~~~~~~~~~~~~~~~~~~^^^^^^^^^^
  File "C:\Users\allie\anaconda3\Lib\ipaddress.py", line 1206, in _ip_int_from_string
    raise AddressValueError("Expected 4 octets in %r" % ip_str)
ipaddress.AddressValueError: Expected 4 octets in 'blackreachlabs.'
2026-05-31 17:39:59 - huginn - DEBUG - Suppressed exception
Traceback (most recent call last):
  File "C:\Users\allie\Coding Projects\huggin_suite\huginn\app\core\scope_manager.py", line 62, in _parse_scope_text
    ipaddress.IPv4Address(item)
    ~~~~~~~~~~~~~~~~~~~~~^^^^^^
  File "C:\Users\allie\anaconda3\Lib\ipaddress.py", line 1319, in __init__
    self._ip = self._ip_int_from_string(addr_str)
               ~~~~~~~~~~~~~~~~~~~~~~~~^^^^^^^^^^
  File "C:\Users\allie\anaconda3\Lib\ipaddress.py", line 1206, in _ip_int_from_string
    raise AddressValueError("Expected 4 octets in %r" % ip_str)
ipaddress.AddressValueError: Expected 4 octets in 'blackreachlabs.c'
2026-05-31 17:39:59 - huginn - DEBUG - Suppressed exception
Traceback (most recent call last):
  File "C:\Users\allie\Coding Projects\huggin_suite\huginn\app\core\scope_manager.py", line 62, in _parse_scope_text
    ipaddress.IPv4Address(item)
    ~~~~~~~~~~~~~~~~~~~~~^^^^^^
  File "C:\Users\allie\anaconda3\Lib\ipaddress.py", line 1319, in __init__
    self._ip = self._ip_int_from_string(addr_str)
               ~~~~~~~~~~~~~~~~~~~~~~~~^^^^^^^^^^
  File "C:\Users\allie\anaconda3\Lib\ipaddress.py", line 1206, in _ip_int_from_string
    raise AddressValueError("Expected 4 octets in %r" % ip_str)
ipaddress.AddressValueError: Expected 4 octets in 'blackreachlabs.co'
2026-05-31 17:39:59 - huginn - DEBUG - Suppressed exception
Traceback (most recent call last):
  File "C:\Users\allie\Coding Projects\huggin_suite\huginn\app\core\scope_manager.py", line 62, in _parse_scope_text
    ipaddress.IPv4Address(item)
    ~~~~~~~~~~~~~~~~~~~~~^^^^^^
  File "C:\Users\allie\anaconda3\Lib\ipaddress.py", line 1319, in __init__
    self._ip = self._ip_int_from_string(addr_str)
               ~~~~~~~~~~~~~~~~~~~~~~~~^^^^^^^^^^
  File "C:\Users\allie\anaconda3\Lib\ipaddress.py", line 1206, in _ip_int_from_string
    raise AddressValueError("Expected 4 octets in %r" % ip_str)
ipaddress.AddressValueError: Expected 4 octets in 'blackreachlabs.com'
2026-05-31 17:40:02 - huginn - DEBUG - Suppressed exception
Traceback (most recent call last):
  File "C:\Users\allie\Coding Projects\huggin_suite\huginn\app\core\scope_manager.py", line 62, in _parse_scope_text
    ipaddress.IPv4Address(item)
    ~~~~~~~~~~~~~~~~~~~~~^^^^^^
  File "C:\Users\allie\anaconda3\Lib\ipaddress.py", line 1319, in __init__
    self._ip = self._ip_int_from_string(addr_str)
               ~~~~~~~~~~~~~~~~~~~~~~~~^^^^^^^^^^
  File "C:\Users\allie\anaconda3\Lib\ipaddress.py", line 1206, in _ip_int_from_string
    raise AddressValueError("Expected 4 octets in %r" % ip_str)
ipaddress.AddressValueError: Expected 4 octets in 'blackreachlabs.com'
2026-05-31 17:40:02 - huginn - DEBUG - Suppressed exception
Traceback (most recent call last):
  File "C:\Users\allie\Coding Projects\huggin_suite\huginn\app\core\scope_manager.py", line 62, in _parse_scope_text
    ipaddress.IPv4Address(item)
    ~~~~~~~~~~~~~~~~~~~~~^^^^^^
  File "C:\Users\allie\anaconda3\Lib\ipaddress.py", line 1319, in __init__
    self._ip = self._ip_int_from_string(addr_str)
               ~~~~~~~~~~~~~~~~~~~~~~~~^^^^^^^^^^
  File "C:\Users\allie\anaconda3\Lib\ipaddress.py", line 1206, in _ip_int_from_string
    raise AddressValueError("Expected 4 octets in %r" % ip_str)
ipaddress.AddressValueError: Expected 4 octets in 'blackreachlabs.com'
2026-05-31 17:48:18 - huginn - DEBUG - Suppressed exception
Traceback (most recent call last):
  File "C:\Users\allie\Coding Projects\huggin_suite\huginn\app\core\scope_manager.py", line 62, in _parse_scope_text
    ipaddress.IPv4Address(item)
    ~~~~~~~~~~~~~~~~~~~~~^^^^^^
  File "C:\Users\allie\anaconda3\Lib\ipaddress.py", line 1319, in __init__
    self._ip = self._ip_int_from_string(addr_str)
               ~~~~~~~~~~~~~~~~~~~~~~~~^^^^^^^^^^
  File "C:\Users\allie\anaconda3\Lib\ipaddress.py", line 1206, in _ip_int_from_string
    raise AddressValueError("Expected 4 octets in %r" % ip_str)
ipaddress.AddressValueError: Expected 4 octets in 'blackreachlabs.com'
2026-05-31 17:48:18 - huginn - DEBUG - Suppressed exception
Traceback (most recent call last):
  File "C:\Users\allie\Coding Projects\huggin_suite\huginn\app\core\scope_manager.py", line 62, in _parse_scope_text
    ipaddress.IPv4Address(item)
    ~~~~~~~~~~~~~~~~~~~~~^^^^^^
  File "C:\Users\allie\anaconda3\Lib\ipaddress.py", line 1319, in __init__
    self._ip = self._ip_int_from_string(addr_str)
               ~~~~~~~~~~~~~~~~~~~~~~~~^^^^^^^^^^
  File "C:\Users\allie\anaconda3\Lib\ipaddress.py", line 1206, in _ip_int_from_string
    raise AddressValueError("Expected 4 octets in %r" % ip_str)
ipaddress.AddressValueError: Expected 4 octets in '1'
2026-05-31 17:48:18 - huginn - DEBUG - Suppressed exception
Traceback (most recent call last):
  File "C:\Users\allie\Coding Projects\huggin_suite\huginn\app\core\scope_manager.py", line 62, in _parse_scope_text
    ipaddress.IPv4Address(item)
    ~~~~~~~~~~~~~~~~~~~~~^^^^^^
  File "C:\Users\allie\anaconda3\Lib\ipaddress.py", line 1319, in __init__
    self._ip = self._ip_int_from_string(addr_str)
               ~~~~~~~~~~~~~~~~~~~~~~~~^^^^^^^^^^
  File "C:\Users\allie\anaconda3\Lib\ipaddress.py", line 1206, in _ip_int_from_string
    raise AddressValueError("Expected 4 octets in %r" % ip_str)
ipaddress.AddressValueError: Expected 4 octets in 'blackreachlabs.com'
2026-05-31 17:48:19 - huginn - DEBUG - Suppressed exception
Traceback (most recent call last):
  File "C:\Users\allie\Coding Projects\huggin_suite\huginn\app\core\scope_manager.py", line 62, in _parse_scope_text
    ipaddress.IPv4Address(item)
    ~~~~~~~~~~~~~~~~~~~~~^^^^^^
  File "C:\Users\allie\anaconda3\Lib\ipaddress.py", line 1319, in __init__
    self._ip = self._ip_int_from_string(addr_str)
               ~~~~~~~~~~~~~~~~~~~~~~~~^^^^^^^^^^
  File "C:\Users\allie\anaconda3\Lib\ipaddress.py", line 1206, in _ip_int_from_string
    raise AddressValueError("Expected 4 octets in %r" % ip_str)
ipaddress.AddressValueError: Expected 4 octets in '19'
2026-05-31 17:48:19 - huginn - DEBUG - Suppressed exception
Traceback (most recent call last):
  File "C:\Users\allie\Coding Projects\huggin_suite\huginn\app\core\scope_manager.py", line 62, in _parse_scope_text
    ipaddress.IPv4Address(item)
    ~~~~~~~~~~~~~~~~~~~~~^^^^^^
  File "C:\Users\allie\anaconda3\Lib\ipaddress.py", line 1319, in __init__
    self._ip = self._ip_int_from_string(addr_str)
               ~~~~~~~~~~~~~~~~~~~~~~~~^^^^^^^^^^
  File "C:\Users\allie\anaconda3\Lib\ipaddress.py", line 1206, in _ip_int_from_string
    raise AddressValueError("Expected 4 octets in %r" % ip_str)
ipaddress.AddressValueError: Expected 4 octets in 'blackreachlabs.com'
2026-05-31 17:48:19 - huginn - DEBUG - Suppressed exception
Traceback (most recent call last):
  File "C:\Users\allie\Coding Projects\huggin_suite\huginn\app\core\scope_manager.py", line 62, in _parse_scope_text
    ipaddress.IPv4Address(item)
    ~~~~~~~~~~~~~~~~~~~~~^^^^^^
  File "C:\Users\allie\anaconda3\Lib\ipaddress.py", line 1319, in __init__
    self._ip = self._ip_int_from_string(addr_str)
               ~~~~~~~~~~~~~~~~~~~~~~~~^^^^^^^^^^
  File "C:\Users\allie\anaconda3\Lib\ipaddress.py", line 1206, in _ip_int_from_string
    raise AddressValueError("Expected 4 octets in %r" % ip_str)
ipaddress.AddressValueError: Expected 4 octets in '192'
2026-05-31 17:48:19 - huginn - DEBUG - Suppressed exception
Traceback (most recent call last):
  File "C:\Users\allie\Coding Projects\huggin_suite\huginn\app\core\scope_manager.py", line 62, in _parse_scope_text
    ipaddress.IPv4Address(item)
    ~~~~~~~~~~~~~~~~~~~~~^^^^^^
  File "C:\Users\allie\anaconda3\Lib\ipaddress.py", line 1319, in __init__
    self._ip = self._ip_int_from_string(addr_str)
               ~~~~~~~~~~~~~~~~~~~~~~~~^^^^^^^^^^
  File "C:\Users\allie\anaconda3\Lib\ipaddress.py", line 1206, in _ip_int_from_string
    raise AddressValueError("Expected 4 octets in %r" % ip_str)
ipaddress.AddressValueError: Expected 4 octets in 'blackreachlabs.com'
2026-05-31 17:48:19 - huginn - DEBUG - Suppressed exception
Traceback (most recent call last):
  File "C:\Users\allie\Coding Projects\huggin_suite\huginn\app\core\scope_manager.py", line 62, in _parse_scope_text
    ipaddress.IPv4Address(item)
    ~~~~~~~~~~~~~~~~~~~~~^^^^^^
  File "C:\Users\allie\anaconda3\Lib\ipaddress.py", line 1319, in __init__
    self._ip = self._ip_int_from_string(addr_str)
               ~~~~~~~~~~~~~~~~~~~~~~~~^^^^^^^^^^
  File "C:\Users\allie\anaconda3\Lib\ipaddress.py", line 1206, in _ip_int_from_string
    raise AddressValueError("Expected 4 octets in %r" % ip_str)
ipaddress.AddressValueError: Expected 4 octets in '192.'
2026-05-31 17:48:19 - huginn - DEBUG - Suppressed exception
Traceback (most recent call last):
  File "C:\Users\allie\Coding Projects\huggin_suite\huginn\app\core\scope_manager.py", line 62, in _parse_scope_text
    ipaddress.IPv4Address(item)
    ~~~~~~~~~~~~~~~~~~~~~^^^^^^
  File "C:\Users\allie\anaconda3\Lib\ipaddress.py", line 1319, in __init__
    self._ip = self._ip_int_from_string(addr_str)
               ~~~~~~~~~~~~~~~~~~~~~~~~^^^^^^^^^^
  File "C:\Users\allie\anaconda3\Lib\ipaddress.py", line 1206, in _ip_int_from_string
    raise AddressValueError("Expected 4 octets in %r" % ip_str)
ipaddress.AddressValueError: Expected 4 octets in 'blackreachlabs.com'
2026-05-31 17:48:19 - huginn - DEBUG - Suppressed exception
Traceback (most recent call last):
  File "C:\Users\allie\Coding Projects\huggin_suite\huginn\app\core\scope_manager.py", line 62, in _parse_scope_text
    ipaddress.IPv4Address(item)
    ~~~~~~~~~~~~~~~~~~~~~^^^^^^
  File "C:\Users\allie\anaconda3\Lib\ipaddress.py", line 1319, in __init__
    self._ip = self._ip_int_from_string(addr_str)
               ~~~~~~~~~~~~~~~~~~~~~~~~^^^^^^^^^^
  File "C:\Users\allie\anaconda3\Lib\ipaddress.py", line 1206, in _ip_int_from_string
    raise AddressValueError("Expected 4 octets in %r" % ip_str)
ipaddress.AddressValueError: Expected 4 octets in '192.1'
2026-05-31 17:48:19 - huginn - DEBUG - Suppressed exception
Traceback (most recent call last):
  File "C:\Users\allie\Coding Projects\huggin_suite\huginn\app\core\scope_manager.py", line 62, in _parse_scope_text
    ipaddress.IPv4Address(item)
    ~~~~~~~~~~~~~~~~~~~~~^^^^^^
  File "C:\Users\allie\anaconda3\Lib\ipaddress.py", line 1319, in __init__
    self._ip = self._ip_int_from_string(addr_str)
               ~~~~~~~~~~~~~~~~~~~~~~~~^^^^^^^^^^
  File "C:\Users\allie\anaconda3\Lib\ipaddress.py", line 1206, in _ip_int_from_string
    raise AddressValueError("Expected 4 octets in %r" % ip_str)
ipaddress.AddressValueError: Expected 4 octets in 'blackreachlabs.com'
2026-05-31 17:48:19 - huginn - DEBUG - Suppressed exception
Traceback (most recent call last):
  File "C:\Users\allie\Coding Projects\huggin_suite\huginn\app\core\scope_manager.py", line 62, in _parse_scope_text
    ipaddress.IPv4Address(item)
    ~~~~~~~~~~~~~~~~~~~~~^^^^^^
  File "C:\Users\allie\anaconda3\Lib\ipaddress.py", line 1319, in __init__
    self._ip = self._ip_int_from_string(addr_str)
               ~~~~~~~~~~~~~~~~~~~~~~~~^^^^^^^^^^
  File "C:\Users\allie\anaconda3\Lib\ipaddress.py", line 1206, in _ip_int_from_string
    raise AddressValueError("Expected 4 octets in %r" % ip_str)
ipaddress.AddressValueError: Expected 4 octets in '192.16'
2026-05-31 17:48:19 - huginn - DEBUG - Suppressed exception
Traceback (most recent call last):
  File "C:\Users\allie\Coding Projects\huggin_suite\huginn\app\core\scope_manager.py", line 62, in _parse_scope_text
    ipaddress.IPv4Address(item)
    ~~~~~~~~~~~~~~~~~~~~~^^^^^^
  File "C:\Users\allie\anaconda3\Lib\ipaddress.py", line 1319, in __init__
    self._ip = self._ip_int_from_string(addr_str)
               ~~~~~~~~~~~~~~~~~~~~~~~~^^^^^^^^^^
  File "C:\Users\allie\anaconda3\Lib\ipaddress.py", line 1206, in _ip_int_from_string
    raise AddressValueError("Expected 4 octets in %r" % ip_str)
ipaddress.AddressValueError: Expected 4 octets in 'blackreachlabs.com'
2026-05-31 17:48:19 - huginn - DEBUG - Suppressed exception
Traceback (most recent call last):
  File "C:\Users\allie\Coding Projects\huggin_suite\huginn\app\core\scope_manager.py", line 62, in _parse_scope_text
    ipaddress.IPv4Address(item)
    ~~~~~~~~~~~~~~~~~~~~~^^^^^^
  File "C:\Users\allie\anaconda3\Lib\ipaddress.py", line 1319, in __init__
    self._ip = self._ip_int_from_string(addr_str)
               ~~~~~~~~~~~~~~~~~~~~~~~~^^^^^^^^^^
  File "C:\Users\allie\anaconda3\Lib\ipaddress.py", line 1206, in _ip_int_from_string
    raise AddressValueError("Expected 4 octets in %r" % ip_str)
ipaddress.AddressValueError: Expected 4 octets in '192.168'
2026-05-31 17:48:20 - huginn - DEBUG - Suppressed exception
Traceback (most recent call last):
  File "C:\Users\allie\Coding Projects\huggin_suite\huginn\app\core\scope_manager.py", line 62, in _parse_scope_text
    ipaddress.IPv4Address(item)
    ~~~~~~~~~~~~~~~~~~~~~^^^^^^
  File "C:\Users\allie\anaconda3\Lib\ipaddress.py", line 1319, in __init__
    self._ip = self._ip_int_from_string(addr_str)
               ~~~~~~~~~~~~~~~~~~~~~~~~^^^^^^^^^^
  File "C:\Users\allie\anaconda3\Lib\ipaddress.py", line 1206, in _ip_int_from_string
    raise AddressValueError("Expected 4 octets in %r" % ip_str)
ipaddress.AddressValueError: Expected 4 octets in 'blackreachlabs.com'
2026-05-31 17:48:20 - huginn - DEBUG - Suppressed exception
Traceback (most recent call last):
  File "C:\Users\allie\Coding Projects\huggin_suite\huginn\app\core\scope_manager.py", line 62, in _parse_scope_text
    ipaddress.IPv4Address(item)
    ~~~~~~~~~~~~~~~~~~~~~^^^^^^
  File "C:\Users\allie\anaconda3\Lib\ipaddress.py", line 1319, in __init__
    self._ip = self._ip_int_from_string(addr_str)
               ~~~~~~~~~~~~~~~~~~~~~~~~^^^^^^^^^^
  File "C:\Users\allie\anaconda3\Lib\ipaddress.py", line 1206, in _ip_int_from_string
    raise AddressValueError("Expected 4 octets in %r" % ip_str)
ipaddress.AddressValueError: Expected 4 octets in '192.168.'
2026-05-31 17:48:20 - huginn - DEBUG - Suppressed exception
Traceback (most recent call last):
  File "C:\Users\allie\Coding Projects\huggin_suite\huginn\app\core\scope_manager.py", line 62, in _parse_scope_text
    ipaddress.IPv4Address(item)
    ~~~~~~~~~~~~~~~~~~~~~^^^^^^
  File "C:\Users\allie\anaconda3\Lib\ipaddress.py", line 1319, in __init__
    self._ip = self._ip_int_from_string(addr_str)
               ~~~~~~~~~~~~~~~~~~~~~~~~^^^^^^^^^^
  File "C:\Users\allie\anaconda3\Lib\ipaddress.py", line 1206, in _ip_int_from_string
    raise AddressValueError("Expected 4 octets in %r" % ip_str)
ipaddress.AddressValueError: Expected 4 octets in 'blackreachlabs.com'
2026-05-31 17:48:20 - huginn - DEBUG - Suppressed exception
Traceback (most recent call last):
  File "C:\Users\allie\Coding Projects\huggin_suite\huginn\app\core\scope_manager.py", line 62, in _parse_scope_text
    ipaddress.IPv4Address(item)
    ~~~~~~~~~~~~~~~~~~~~~^^^^^^
  File "C:\Users\allie\anaconda3\Lib\ipaddress.py", line 1319, in __init__
    self._ip = self._ip_int_from_string(addr_str)
               ~~~~~~~~~~~~~~~~~~~~~~~~^^^^^^^^^^
  File "C:\Users\allie\anaconda3\Lib\ipaddress.py", line 1206, in _ip_int_from_string
    raise AddressValueError("Expected 4 octets in %r" % ip_str)
ipaddress.AddressValueError: Expected 4 octets in '192.168.1'
2026-05-31 17:48:21 - huginn - DEBUG - Suppressed exception
Traceback (most recent call last):
  File "C:\Users\allie\Coding Projects\huggin_suite\huginn\app\core\scope_manager.py", line 62, in _parse_scope_text
    ipaddress.IPv4Address(item)
    ~~~~~~~~~~~~~~~~~~~~~^^^^^^
  File "C:\Users\allie\anaconda3\Lib\ipaddress.py", line 1319, in __init__
    self._ip = self._ip_int_from_string(addr_str)
               ~~~~~~~~~~~~~~~~~~~~~~~~^^^^^^^^^^
  File "C:\Users\allie\anaconda3\Lib\ipaddress.py", line 1206, in _ip_int_from_string
    raise AddressValueError("Expected 4 octets in %r" % ip_str)
ipaddress.AddressValueError: Expected 4 octets in 'blackreachlabs.com'
2026-05-31 17:48:21 - huginn - DEBUG - Suppressed exception
Traceback (most recent call last):
  File "C:\Users\allie\Coding Projects\huggin_suite\huginn\app\core\scope_manager.py", line 62, in _parse_scope_text
    ipaddress.IPv4Address(item)
    ~~~~~~~~~~~~~~~~~~~~~^^^^^^
  File "C:\Users\allie\anaconda3\Lib\ipaddress.py", line 1319, in __init__
    self._ip = self._ip_int_from_string(addr_str)
               ~~~~~~~~~~~~~~~~~~~~~~~~^^^^^^^^^^
  File "C:\Users\allie\anaconda3\Lib\ipaddress.py", line 1206, in _ip_int_from_string
    raise AddressValueError("Expected 4 octets in %r" % ip_str)
ipaddress.AddressValueError: Expected 4 octets in '192.168.16'
2026-05-31 17:48:21 - huginn - DEBUG - Suppressed exception
Traceback (most recent call last):
  File "C:\Users\allie\Coding Projects\huggin_suite\huginn\app\core\scope_manager.py", line 62, in _parse_scope_text
    ipaddress.IPv4Address(item)
    ~~~~~~~~~~~~~~~~~~~~~^^^^^^
  File "C:\Users\allie\anaconda3\Lib\ipaddress.py", line 1319, in __init__
    self._ip = self._ip_int_from_string(addr_str)
               ~~~~~~~~~~~~~~~~~~~~~~~~^^^^^^^^^^
  File "C:\Users\allie\anaconda3\Lib\ipaddress.py", line 1206, in _ip_int_from_string
    raise AddressValueError("Expected 4 octets in %r" % ip_str)
ipaddress.AddressValueError: Expected 4 octets in 'blackreachlabs.com'
2026-05-31 17:48:21 - huginn - DEBUG - Suppressed exception
Traceback (most recent call last):
  File "C:\Users\allie\Coding Projects\huggin_suite\huginn\app\core\scope_manager.py", line 62, in _parse_scope_text
    ipaddress.IPv4Address(item)
    ~~~~~~~~~~~~~~~~~~~~~^^^^^^
  File "C:\Users\allie\anaconda3\Lib\ipaddress.py", line 1319, in __init__
    self._ip = self._ip_int_from_string(addr_str)
               ~~~~~~~~~~~~~~~~~~~~~~~~^^^^^^^^^^
  File "C:\Users\allie\anaconda3\Lib\ipaddress.py", line 1211, in _ip_int_from_string
    raise AddressValueError("%s in %r" % (exc, ip_str)) from None
ipaddress.AddressValueError: Empty octet not permitted in '192.168.16.'
2026-05-31 17:48:21 - huginn - DEBUG - Suppressed exception
Traceback (most recent call last):
  File "C:\Users\allie\Coding Projects\huggin_suite\huginn\app\core\scope_manager.py", line 62, in _parse_scope_text
    ipaddress.IPv4Address(item)
    ~~~~~~~~~~~~~~~~~~~~~^^^^^^
  File "C:\Users\allie\anaconda3\Lib\ipaddress.py", line 1319, in __init__
    self._ip = self._ip_int_from_string(addr_str)
               ~~~~~~~~~~~~~~~~~~~~~~~~^^^^^^^^^^
  File "C:\Users\allie\anaconda3\Lib\ipaddress.py", line 1206, in _ip_int_from_string
    raise AddressValueError("Expected 4 octets in %r" % ip_str)
ipaddress.AddressValueError: Expected 4 octets in 'blackreachlabs.com'
2026-05-31 17:48:22 - huginn - DEBUG - Suppressed exception
Traceback (most recent call last):
  File "C:\Users\allie\Coding Projects\huggin_suite\huginn\app\core\scope_manager.py", line 62, in _parse_scope_text
    ipaddress.IPv4Address(item)
    ~~~~~~~~~~~~~~~~~~~~~^^^^^^
  File "C:\Users\allie\anaconda3\Lib\ipaddress.py", line 1319, in __init__
    self._ip = self._ip_int_from_string(addr_str)
               ~~~~~~~~~~~~~~~~~~~~~~~~^^^^^^^^^^
  File "C:\Users\allie\anaconda3\Lib\ipaddress.py", line 1206, in _ip_int_from_string
    raise AddressValueError("Expected 4 octets in %r" % ip_str)
ipaddress.AddressValueError: Expected 4 octets in 'blackreachlabs.com'
2026-05-31 17:48:22 - huginn - DEBUG - Suppressed exception
Traceback (most recent call last):
  File "C:\Users\allie\Coding Projects\huggin_suite\huginn\app\core\scope_manager.py", line 50, in _parse_scope_text
    network = ipaddress.IPv4Network(item, strict=False)
  File "C:\Users\allie\anaconda3\Lib\ipaddress.py", line 1550, in __init__
    self.netmask, self._prefixlen = self._make_netmask(mask)
                                    ~~~~~~~~~~~~~~~~~~^^^^^^
  File "C:\Users\allie\anaconda3\Lib\ipaddress.py", line 1182, in _make_netmask
    prefixlen = cls._prefix_from_ip_string(arg)
  File "C:\Users\allie\anaconda3\Lib\ipaddress.py", line 516, in _prefix_from_ip_string
    cls._report_invalid_netmask(ip_str)
    ~~~~~~~~~~~~~~~~~~~~~~~~~~~^^^^^^^^
  File "C:\Users\allie\anaconda3\Lib\ipaddress.py", line 472, in _report_invalid_netmask
    raise NetmaskValueError(msg) from None
ipaddress.NetmaskValueError: '' is not a valid netmask
2026-05-31 17:48:22 - huginn - DEBUG - Suppressed exception
Traceback (most recent call last):
  File "C:\Users\allie\Coding Projects\huggin_suite\huginn\app\core\scope_manager.py", line 62, in _parse_scope_text
    ipaddress.IPv4Address(item)
    ~~~~~~~~~~~~~~~~~~~~~^^^^^^
  File "C:\Users\allie\anaconda3\Lib\ipaddress.py", line 1318, in __init__
    raise AddressValueError(f"Unexpected '/' in {address!r}")
ipaddress.AddressValueError: Unexpected '/' in '192.168.16.0/'
2026-05-31 17:48:22 - huginn - DEBUG - Suppressed exception
Traceback (most recent call last):
  File "C:\Users\allie\Coding Projects\huggin_suite\huginn\app\core\scope_manager.py", line 62, in _parse_scope_text
    ipaddress.IPv4Address(item)
    ~~~~~~~~~~~~~~~~~~~~~^^^^^^
  File "C:\Users\allie\anaconda3\Lib\ipaddress.py", line 1319, in __init__
    self._ip = self._ip_int_from_string(addr_str)
               ~~~~~~~~~~~~~~~~~~~~~~~~^^^^^^^^^^
  File "C:\Users\allie\anaconda3\Lib\ipaddress.py", line 1206, in _ip_int_from_string
    raise AddressValueError("Expected 4 octets in %r" % ip_str)
ipaddress.AddressValueError: Expected 4 octets in 'blackreachlabs.com'
2026-05-31 17:48:22 - huginn - DEBUG - Suppressed exception
Traceback (most recent call last):
  File "C:\Users\allie\Coding Projects\huggin_suite\huginn\app\core\scope_manager.py", line 62, in _parse_scope_text
    ipaddress.IPv4Address(item)
    ~~~~~~~~~~~~~~~~~~~~~^^^^^^
  File "C:\Users\allie\anaconda3\Lib\ipaddress.py", line 1319, in __init__
    self._ip = self._ip_int_from_string(addr_str)
               ~~~~~~~~~~~~~~~~~~~~~~~~^^^^^^^^^^
  File "C:\Users\allie\anaconda3\Lib\ipaddress.py", line 1206, in _ip_int_from_string
    raise AddressValueError("Expected 4 octets in %r" % ip_str)
ipaddress.AddressValueError: Expected 4 octets in 'blackreachlabs.com'
2026-05-31 17:48:32 - huginn - DEBUG - Suppressed exception
Traceback (most recent call last):
  File "C:\Users\allie\Coding Projects\huggin_suite\huginn\app\core\scope_manager.py", line 62, in _parse_scope_text
    ipaddress.IPv4Address(item)
    ~~~~~~~~~~~~~~~~~~~~~^^^^^^
  File "C:\Users\allie\anaconda3\Lib\ipaddress.py", line 1319, in __init__
    self._ip = self._ip_int_from_string(addr_str)
               ~~~~~~~~~~~~~~~~~~~~~~~~^^^^^^^^^^
  File "C:\Users\allie\anaconda3\Lib\ipaddress.py", line 1206, in _ip_int_from_string
    raise AddressValueError("Expected 4 octets in %r" % ip_str)
ipaddress.AddressValueError: Expected 4 octets in 'blackreachlabs.com'
2026-05-31 17:48:43 - huginn - DEBUG - Suppressed exception
Traceback (most recent call last):
  File "C:\Users\allie\Coding Projects\huggin_suite\huginn\app\core\scope_manager.py", line 62, in _parse_scope_text
    ipaddress.IPv4Address(item)
    ~~~~~~~~~~~~~~~~~~~~~^^^^^^
  File "C:\Users\allie\anaconda3\Lib\ipaddress.py", line 1319, in __init__
    self._ip = self._ip_int_from_string(addr_str)
               ~~~~~~~~~~~~~~~~~~~~~~~~^^^^^^^^^^
  File "C:\Users\allie\anaconda3\Lib\ipaddress.py", line 1206, in _ip_int_from_string
    raise AddressValueError("Expected 4 octets in %r" % ip_str)
ipaddress.AddressValueError: Expected 4 octets in 'blackreachlabs.com'
2026-05-31 17:49:20 - huginn - DEBUG - Suppressed exception
Traceback (most recent call last):
  File "C:\Users\allie\Coding Projects\huggin_suite\huginn\app\core\scope_manager.py", line 62, in _parse_scope_text
    ipaddress.IPv4Address(item)
    ~~~~~~~~~~~~~~~~~~~~~^^^^^^
  File "C:\Users\allie\anaconda3\Lib\ipaddress.py", line 1319, in __init__
    self._ip = self._ip_int_from_string(addr_str)
               ~~~~~~~~~~~~~~~~~~~~~~~~^^^^^^^^^^
  File "C:\Users\allie\anaconda3\Lib\ipaddress.py", line 1206, in _ip_int_from_string
    raise AddressValueError("Expected 4 octets in %r" % ip_str)
ipaddress.AddressValueError: Expected 4 octets in 'blackreachlabs.com'
2026-05-31 17:49:26 - huginn - DEBUG - Wireless security tab unavailable
Traceback (most recent call last):
  File "C:\Users\allie\Coding Projects\huggin_suite\huginn\app\pages\recon_enumeration_page.py", line 99, in setup_ui
    wireless_tab = WirelessSecurityWidget(self)
  File "C:\Users\allie\Coding Projects\huggin_suite\huginn\app\widgets\wireless_security_widget.py", line 52, in __init__
    self.connect_signals()
    ~~~~~~~~~~~~~~~~~~~~^^
  File "C:\Users\allie\Coding Projects\huggin_suite\huginn\app\widgets\wireless_security_widget.py", line 303, in connect_signals
    self.generate_report_btn.clicked.connect(self.generate_report)
    ^^^^^^^^^^^^^^^^^^^^^^^^
AttributeError: 'WirelessSecurityWidget' object has no attribute 'generate_report_btn'. Did you mean: 'generate_report'?
2026-05-31 17:50:29 - huginn - DEBUG - Memory monitoring stopped
2026-05-31 17:50:29 - huginn - DEBUG - Connection pool closed all sessions
2026-05-31 17:50:29 - huginn - INFO - Update manager stopped during cleanup
2026-05-31 17:50:51 - huginn - INFO - License saved successfully
2026-05-31 17:50:51 - huginn - INFO - License loaded and validated successfully
2026-05-31 17:50:51 - huginn - INFO - Application starting...
2026-05-31 17:50:51 - huginn - INFO - Font loaded successfully
2026-05-31 17:50:51 - huginn - INFO - Stylesheet loaded successfully
2026-05-31 17:50:51 - huginn - INFO - Creating main window...
2026-05-31 17:50:51 - huginn - INFO - QThreadPool max threads set to 32 (CPUs: 32)
2026-05-31 17:50:51 - huginn - INFO - Custom font 'Neuropol X' loaded from C:\Users\allie\Coding Projects\huggin_suite\huginn\resources\fonts\neuropol.otf
2026-05-31 17:50:51 - huginn - DEBUG - Suppressed exception
Traceback (most recent call last):
  File "C:\Users\allie\Coding Projects\huggin_suite\huginn\app\pages\page_registry.py", line 45, in register_all_pages
    from app.pages.db_attacks_page import DBAttacksPage
ImportError: cannot import name 'DBAttacksPage' from 'app.pages.db_attacks_page' (C:\Users\allie\Coding Projects\huggin_suite\huginn\app\pages\db_attacks_page.py)
2026-05-31 17:50:55 - huginn - DEBUG - Suppressed exception
Traceback (most recent call last):
  File "C:\Users\allie\Coding Projects\huggin_suite\huginn\app\core\scope_manager.py", line 62, in _parse_scope_text
    ipaddress.IPv4Address(item)
    ~~~~~~~~~~~~~~~~~~~~~^^^^^^
  File "C:\Users\allie\anaconda3\Lib\ipaddress.py", line 1319, in __init__
    self._ip = self._ip_int_from_string(addr_str)
               ~~~~~~~~~~~~~~~~~~~~~~~~^^^^^^^^^^
  File "C:\Users\allie\anaconda3\Lib\ipaddress.py", line 1206, in _ip_int_from_string
    raise AddressValueError("Expected 4 octets in %r" % ip_str)
ipaddress.AddressValueError: Expected 4 octets in 'blackreachlabs.com'
2026-05-31 17:50:55 - huginn - DEBUG - Suppressed exception
Traceback (most recent call last):
  File "C:\Users\allie\Coding Projects\huggin_suite\huginn\app\core\scope_manager.py", line 62, in _parse_scope_text
    ipaddress.IPv4Address(item)
    ~~~~~~~~~~~~~~~~~~~~~^^^^^^
  File "C:\Users\allie\anaconda3\Lib\ipaddress.py", line 1319, in __init__
    self._ip = self._ip_int_from_string(addr_str)
               ~~~~~~~~~~~~~~~~~~~~~~~~^^^^^^^^^^
  File "C:\Users\allie\anaconda3\Lib\ipaddress.py", line 1206, in _ip_int_from_string
    raise AddressValueError("Expected 4 octets in %r" % ip_str)
ipaddress.AddressValueError: Expected 4 octets in 'blackreachlabs.com'
2026-05-31 17:50:57 - huginn - DEBUG - Wireless security tab unavailable
Traceback (most recent call last):
  File "C:\Users\allie\Coding Projects\huggin_suite\huginn\app\pages\recon_enumeration_page.py", line 99, in setup_ui
    wireless_tab = WirelessSecurityWidget(self)
  File "C:\Users\allie\Coding Projects\huggin_suite\huginn\app\widgets\wireless_security_widget.py", line 52, in __init__
    self.connect_signals()
    ~~~~~~~~~~~~~~~~~~~~^^
  File "C:\Users\allie\Coding Projects\huggin_suite\huginn\app\widgets\wireless_security_widget.py", line 303, in connect_signals
    self.generate_report_btn.clicked.connect(self.generate_report)
    ^^^^^^^^^^^^^^^^^^^^^^^^
AttributeError: 'WirelessSecurityWidget' object has no attribute 'generate_report_btn'. Did you mean: 'generate_report'?
2026-05-31 17:51:19 - huginn - DEBUG - Suppressed exception
Traceback (most recent call last):
  File "C:\Users\allie\Coding Projects\huggin_suite\huginn\app\core\asset_manager.py", line 101, in init_database
    conn.execute("ALTER TABLE assets ADD COLUMN fqdn TEXT DEFAULT ''")
    ~~~~~~~~~~~~^^^^^^^^^^^^^^^^^^^^^^^^^^^^^^^^^^^^^^^^^^^^^^^^^^^^^^
sqlite3.OperationalError: duplicate column name: fqdn
2026-05-31 17:51:19 - huginn - DEBUG - Suppressed exception
Traceback (most recent call last):
  File "C:\Users\allie\Coding Projects\huggin_suite\huginn\app\core\asset_manager.py", line 108, in init_database
    conn.execute("ALTER TABLE assets ADD COLUMN mac_address TEXT DEFAULT ''")
    ~~~~~~~~~~~~^^^^^^^^^^^^^^^^^^^^^^^^^^^^^^^^^^^^^^^^^^^^^^^^^^^^^^^^^^^^^
sqlite3.OperationalError: duplicate column name: mac_address
2026-05-31 17:51:19 - huginn - DEBUG - Suppressed exception
Traceback (most recent call last):
  File "C:\Users\allie\Coding Projects\huggin_suite\huginn\app\core\asset_manager.py", line 115, in init_database
    conn.execute("ALTER TABLE assets ADD COLUMN vendor TEXT DEFAULT ''")
    ~~~~~~~~~~~~^^^^^^^^^^^^^^^^^^^^^^^^^^^^^^^^^^^^^^^^^^^^^^^^^^^^^^^^
sqlite3.OperationalError: duplicate column name: vendor
2026-05-31 17:51:19 - huginn - DEBUG - Suppressed exception
Traceback (most recent call last):
  File "C:\Users\allie\Coding Projects\huggin_suite\huginn\app\core\asset_manager.py", line 122, in init_database
    conn.execute("ALTER TABLE assets ADD COLUMN notes TEXT DEFAULT ''")
    ~~~~~~~~~~~~^^^^^^^^^^^^^^^^^^^^^^^^^^^^^^^^^^^^^^^^^^^^^^^^^^^^^^^
sqlite3.OperationalError: duplicate column name: notes
2026-05-31 17:58:54 - huginn - INFO - Using default configuration
2026-05-31 17:58:54 - huginn - INFO - DNS scan started - Target: blackreachlabs.com, Wordlist: subdomains-top1000.txt, Types: ['A']
2026-05-31 17:58:57 - huginn - INFO - DNS scan completed - Target: blackreachlabs.com, Results: 2
2026-05-31 17:59:05 - huginn - INFO - DNS scan started - Target: blackreachlabs.com, Wordlist: subdomains-top1000.txt, Types: ['A', 'AAAA', 'CNAME', 'MX', 'TXT', 'NS', 'SRV']
2026-05-31 17:59:22 - huginn - INFO - DNS scan started - Target: blackreachlabs.com, Wordlist: subdomains-top1000.txt, Types: ['A', 'MX']
2026-05-31 17:59:27 - huginn - INFO - DNS scan completed - Target: blackreachlabs.com, Results: 2
2026-05-31 17:59:31 - huginn - INFO - DNS scan started - Target: blackreachlabs.com, Wordlist: subdomains-top1000.txt, Types: ['A', 'TXT']
2026-05-31 17:59:36 - huginn - INFO - DNS scan completed - Target: blackreachlabs.com, Results: 2
2026-05-31 17:59:39 - huginn - INFO - DNS scan started - Target: blackreachlabs.com, Wordlist: subdomains-top1000.txt, Types: ['A', 'NS']
2026-05-31 17:59:44 - huginn - INFO - DNS scan completed - Target: blackreachlabs.com, Results: 2
2026-05-31 17:59:53 - huginn - INFO - DNS scan started - Target: blackreachlabs.com, Wordlist: subdomains-top1000.txt, Types: ['A', 'SRV']
2026-05-31 18:00:06 - huginn - INFO - DNS scan started - Target: blackreachlabs.com, Wordlist: subdomains-top1000.txt, Types: ['A', 'TXT']
2026-05-31 18:01:00 - huginn - DEBUG - Memory monitoring stopped
2026-05-31 18:01:00 - huginn - DEBUG - Connection pool closed all sessions
2026-05-31 18:01:00 - huginn - INFO - Update manager stopped during cleanup
2026-05-31 18:04:22 - huginn - INFO - License saved successfully
2026-05-31 18:04:22 - huginn - INFO - License loaded and validated successfully
2026-05-31 18:04:22 - huginn - INFO - Application starting...
2026-05-31 18:04:22 - huginn - INFO - Font loaded successfully
2026-05-31 18:04:22 - huginn - INFO - Stylesheet loaded successfully
2026-05-31 18:04:22 - huginn - INFO - Creating main window...
2026-05-31 18:04:22 - huginn - INFO - QThreadPool max threads set to 32 (CPUs: 32)
2026-05-31 18:04:22 - huginn - INFO - Custom font 'Neuropol X' loaded from C:\Users\allie\Coding Projects\huggin_suite\huginn\resources\fonts\neuropol.otf
2026-05-31 18:04:22 - huginn - DEBUG - Suppressed exception
Traceback (most recent call last):
  File "C:\Users\allie\Coding Projects\huggin_suite\huginn\app\pages\page_registry.py", line 45, in register_all_pages
    from app.pages.db_attacks_page import DBAttacksPage
ImportError: cannot import name 'DBAttacksPage' from 'app.pages.db_attacks_page' (C:\Users\allie\Coding Projects\huggin_suite\huginn\app\pages\db_attacks_page.py)
2026-05-31 18:04:34 - huginn - DEBUG - Suppressed exception
Traceback (most recent call last):
  File "C:\Users\allie\Coding Projects\huggin_suite\huginn\app\core\scope_manager.py", line 62, in _parse_scope_text
    ipaddress.IPv4Address(item)
    ~~~~~~~~~~~~~~~~~~~~~^^^^^^
  File "C:\Users\allie\anaconda3\Lib\ipaddress.py", line 1319, in __init__
    self._ip = self._ip_int_from_string(addr_str)
               ~~~~~~~~~~~~~~~~~~~~~~~~^^^^^^^^^^
  File "C:\Users\allie\anaconda3\Lib\ipaddress.py", line 1206, in _ip_int_from_string
    raise AddressValueError("Expected 4 octets in %r" % ip_str)
ipaddress.AddressValueError: Expected 4 octets in 'blackreachlabs.com'
2026-05-31 18:04:34 - huginn - DEBUG - Suppressed exception
Traceback (most recent call last):
  File "C:\Users\allie\Coding Projects\huggin_suite\huginn\app\core\scope_manager.py", line 62, in _parse_scope_text
    ipaddress.IPv4Address(item)
    ~~~~~~~~~~~~~~~~~~~~~^^^^^^
  File "C:\Users\allie\anaconda3\Lib\ipaddress.py", line 1319, in __init__
    self._ip = self._ip_int_from_string(addr_str)
               ~~~~~~~~~~~~~~~~~~~~~~~~^^^^^^^^^^
  File "C:\Users\allie\anaconda3\Lib\ipaddress.py", line 1206, in _ip_int_from_string
    raise AddressValueError("Expected 4 octets in %r" % ip_str)
ipaddress.AddressValueError: Expected 4 octets in 'blackreachlabs.com'
2026-05-31 18:04:36 - huginn - DEBUG - Wireless security tab unavailable
Traceback (most recent call last):
  File "C:\Users\allie\Coding Projects\huggin_suite\huginn\app\pages\recon_enumeration_page.py", line 99, in setup_ui
    wireless_tab = WirelessSecurityWidget(self)
  File "C:\Users\allie\Coding Projects\huggin_suite\huginn\app\widgets\wireless_security_widget.py", line 52, in __init__
    self.connect_signals()
    ~~~~~~~~~~~~~~~~~~~~^^
  File "C:\Users\allie\Coding Projects\huggin_suite\huginn\app\widgets\wireless_security_widget.py", line 303, in connect_signals
    self.generate_report_btn.clicked.connect(self.generate_report)
    ^^^^^^^^^^^^^^^^^^^^^^^^
AttributeError: 'WirelessSecurityWidget' object has no attribute 'generate_report_btn'. Did you mean: 'generate_report'?
2026-05-31 18:05:18 - huginn - INFO - Using default configuration
2026-05-31 18:05:18 - huginn - INFO - DNS scan started - Target: blackreachlabs.com, Wordlist: subdomains-top1000.txt, Types: ['A', 'TXT']
2026-05-31 18:05:21 - huginn - INFO - DNS scan completed - Target: blackreachlabs.com, Results: 2
2026-05-31 18:09:41 - huginn - DEBUG - Suppressed exception
Traceback (most recent call last):
  File "C:\Users\allie\Coding Projects\huggin_suite\huginn\app\core\asset_manager.py", line 101, in init_database
    conn.execute("ALTER TABLE assets ADD COLUMN fqdn TEXT DEFAULT ''")
    ~~~~~~~~~~~~^^^^^^^^^^^^^^^^^^^^^^^^^^^^^^^^^^^^^^^^^^^^^^^^^^^^^^
sqlite3.OperationalError: duplicate column name: fqdn
2026-05-31 18:09:41 - huginn - DEBUG - Suppressed exception
Traceback (most recent call last):
  File "C:\Users\allie\Coding Projects\huggin_suite\huginn\app\core\asset_manager.py", line 108, in init_database
    conn.execute("ALTER TABLE assets ADD COLUMN mac_address TEXT DEFAULT ''")
    ~~~~~~~~~~~~^^^^^^^^^^^^^^^^^^^^^^^^^^^^^^^^^^^^^^^^^^^^^^^^^^^^^^^^^^^^^
sqlite3.OperationalError: duplicate column name: mac_address
2026-05-31 18:09:41 - huginn - DEBUG - Suppressed exception
Traceback (most recent call last):
  File "C:\Users\allie\Coding Projects\huggin_suite\huginn\app\core\asset_manager.py", line 115, in init_database
    conn.execute("ALTER TABLE assets ADD COLUMN vendor TEXT DEFAULT ''")
    ~~~~~~~~~~~~^^^^^^^^^^^^^^^^^^^^^^^^^^^^^^^^^^^^^^^^^^^^^^^^^^^^^^^^
sqlite3.OperationalError: duplicate column name: vendor
2026-05-31 18:09:41 - huginn - DEBUG - Suppressed exception
Traceback (most recent call last):
  File "C:\Users\allie\Coding Projects\huggin_suite\huginn\app\core\asset_manager.py", line 122, in init_database
    conn.execute("ALTER TABLE assets ADD COLUMN notes TEXT DEFAULT ''")
    ~~~~~~~~~~~~^^^^^^^^^^^^^^^^^^^^^^^^^^^^^^^^^^^^^^^^^^^^^^^^^^^^^^^
sqlite3.OperationalError: duplicate column name: notes
2026-05-31 18:10:37 - huginn - DEBUG - Memory monitoring stopped
2026-05-31 18:10:37 - huginn - DEBUG - Connection pool closed all sessions
2026-05-31 18:10:37 - huginn - INFO - Update manager stopped during cleanup
2026-05-31 18:10:44 - huginn - INFO - License saved successfully
2026-05-31 18:10:44 - huginn - INFO - License loaded and validated successfully
2026-05-31 18:10:44 - huginn - INFO - Application starting...
2026-05-31 18:10:44 - huginn - INFO - Font loaded successfully
2026-05-31 18:10:44 - huginn - INFO - Stylesheet loaded successfully
2026-05-31 18:10:44 - huginn - INFO - Creating main window...
2026-05-31 18:10:44 - huginn - INFO - QThreadPool max threads set to 32 (CPUs: 32)
2026-05-31 18:10:44 - huginn - INFO - Custom font 'Neuropol X' loaded from C:\Users\allie\Coding Projects\huggin_suite\huginn\resources\fonts\neuropol.otf
2026-05-31 18:10:44 - huginn - DEBUG - Suppressed exception
Traceback (most recent call last):
  File "C:\Users\allie\Coding Projects\huggin_suite\huginn\app\pages\page_registry.py", line 45, in register_all_pages
    from app.pages.db_attacks_page import DBAttacksPage
ImportError: cannot import name 'DBAttacksPage' from 'app.pages.db_attacks_page' (C:\Users\allie\Coding Projects\huggin_suite\huginn\app\pages\db_attacks_page.py)
2026-05-31 18:10:53 - huginn - DEBUG - Suppressed exception
Traceback (most recent call last):
  File "C:\Users\allie\Coding Projects\huggin_suite\huginn\app\core\scope_manager.py", line 62, in _parse_scope_text
    ipaddress.IPv4Address(item)
    ~~~~~~~~~~~~~~~~~~~~~^^^^^^
  File "C:\Users\allie\anaconda3\Lib\ipaddress.py", line 1319, in __init__
    self._ip = self._ip_int_from_string(addr_str)
               ~~~~~~~~~~~~~~~~~~~~~~~~^^^^^^^^^^
  File "C:\Users\allie\anaconda3\Lib\ipaddress.py", line 1206, in _ip_int_from_string
    raise AddressValueError("Expected 4 octets in %r" % ip_str)
ipaddress.AddressValueError: Expected 4 octets in 'blackreachlabs.com'
2026-05-31 18:10:53 - huginn - DEBUG - Suppressed exception
Traceback (most recent call last):
  File "C:\Users\allie\Coding Projects\huggin_suite\huginn\app\core\scope_manager.py", line 62, in _parse_scope_text
    ipaddress.IPv4Address(item)
    ~~~~~~~~~~~~~~~~~~~~~^^^^^^
  File "C:\Users\allie\anaconda3\Lib\ipaddress.py", line 1319, in __init__
    self._ip = self._ip_int_from_string(addr_str)
               ~~~~~~~~~~~~~~~~~~~~~~~~^^^^^^^^^^
  File "C:\Users\allie\anaconda3\Lib\ipaddress.py", line 1206, in _ip_int_from_string
    raise AddressValueError("Expected 4 octets in %r" % ip_str)
ipaddress.AddressValueError: Expected 4 octets in 'blackreachlabs.com'
2026-05-31 18:10:55 - huginn - DEBUG - Wireless security tab unavailable
Traceback (most recent call last):
  File "C:\Users\allie\Coding Projects\huggin_suite\huginn\app\pages\recon_enumeration_page.py", line 99, in setup_ui
    wireless_tab = WirelessSecurityWidget(self)
  File "C:\Users\allie\Coding Projects\huggin_suite\huginn\app\widgets\wireless_security_widget.py", line 52, in __init__
    self.connect_signals()
    ~~~~~~~~~~~~~~~~~~~~^^
  File "C:\Users\allie\Coding Projects\huggin_suite\huginn\app\widgets\wireless_security_widget.py", line 303, in connect_signals
    self.generate_report_btn.clicked.connect(self.generate_report)
    ^^^^^^^^^^^^^^^^^^^^^^^^
AttributeError: 'WirelessSecurityWidget' object has no attribute 'generate_report_btn'. Did you mean: 'generate_report'?
2026-05-31 18:11:21 - huginn - DEBUG - Suppressed exception
Traceback (most recent call last):
  File "C:\Users\allie\Coding Projects\huggin_suite\huginn\app\core\scope_manager.py", line 62, in _parse_scope_text
    ipaddress.IPv4Address(item)
    ~~~~~~~~~~~~~~~~~~~~~^^^^^^
  File "C:\Users\allie\anaconda3\Lib\ipaddress.py", line 1319, in __init__
    self._ip = self._ip_int_from_string(addr_str)
               ~~~~~~~~~~~~~~~~~~~~~~~~^^^^^^^^^^
  File "C:\Users\allie\anaconda3\Lib\ipaddress.py", line 1206, in _ip_int_from_string
    raise AddressValueError("Expected 4 octets in %r" % ip_str)
ipaddress.AddressValueError: Expected 4 octets in 'blackreachlabs.com'
2026-05-31 18:11:41 - huginn - DEBUG - Suppressed exception
Traceback (most recent call last):
  File "C:\Users\allie\Coding Projects\huggin_suite\huginn\app\core\asset_manager.py", line 101, in init_database
    conn.execute("ALTER TABLE assets ADD COLUMN fqdn TEXT DEFAULT ''")
    ~~~~~~~~~~~~^^^^^^^^^^^^^^^^^^^^^^^^^^^^^^^^^^^^^^^^^^^^^^^^^^^^^^
sqlite3.OperationalError: duplicate column name: fqdn
2026-05-31 18:11:41 - huginn - DEBUG - Suppressed exception
Traceback (most recent call last):
  File "C:\Users\allie\Coding Projects\huggin_suite\huginn\app\core\asset_manager.py", line 108, in init_database
    conn.execute("ALTER TABLE assets ADD COLUMN mac_address TEXT DEFAULT ''")
    ~~~~~~~~~~~~^^^^^^^^^^^^^^^^^^^^^^^^^^^^^^^^^^^^^^^^^^^^^^^^^^^^^^^^^^^^^
sqlite3.OperationalError: duplicate column name: mac_address
2026-05-31 18:11:41 - huginn - DEBUG - Suppressed exception
Traceback (most recent call last):
  File "C:\Users\allie\Coding Projects\huggin_suite\huginn\app\core\asset_manager.py", line 115, in init_database
    conn.execute("ALTER TABLE assets ADD COLUMN vendor TEXT DEFAULT ''")
    ~~~~~~~~~~~~^^^^^^^^^^^^^^^^^^^^^^^^^^^^^^^^^^^^^^^^^^^^^^^^^^^^^^^^
sqlite3.OperationalError: duplicate column name: vendor
2026-05-31 18:11:41 - huginn - DEBUG - Suppressed exception
Traceback (most recent call last):
  File "C:\Users\allie\Coding Projects\huggin_suite\huginn\app\core\asset_manager.py", line 122, in init_database
    conn.execute("ALTER TABLE assets ADD COLUMN notes TEXT DEFAULT ''")
    ~~~~~~~~~~~~^^^^^^^^^^^^^^^^^^^^^^^^^^^^^^^^^^^^^^^^^^^^^^^^^^^^^^^
sqlite3.OperationalError: duplicate column name: notes
2026-05-31 18:12:33 - huginn - DEBUG - Suppressed exception
Traceback (most recent call last):
  File "C:\Users\allie\Coding Projects\huggin_suite\huginn\app\core\dns_resolver.py", line 14, in resolve_hostname
    ipaddress.ip_address(hostname)
    ~~~~~~~~~~~~~~~~~~~~^^^^^^^^^^
  File "C:\Users\allie\anaconda3\Lib\ipaddress.py", line 54, in ip_address
    raise ValueError(f'{address!r} does not appear to be an IPv4 or IPv6 address')
ValueError: 'www.blackreach.com' does not appear to be an IPv4 or IPv6 address
2026-05-31 18:12:59 - huginn - DEBUG - Session token generated
2026-05-31 18:20:38 - huginn - DEBUG - Memory monitoring stopped
2026-05-31 18:20:38 - huginn - DEBUG - Connection pool closed all sessions
2026-05-31 18:20:38 - huginn - INFO - Update manager stopped during cleanup
2026-05-31 18:20:44 - huginn - INFO - License saved successfully
2026-05-31 18:20:44 - huginn - INFO - License loaded and validated successfully
2026-05-31 18:20:45 - huginn - INFO - Application starting...
2026-05-31 18:20:45 - huginn - INFO - Font loaded successfully
2026-05-31 18:20:45 - huginn - INFO - Stylesheet loaded successfully
2026-05-31 18:20:45 - huginn - INFO - Creating main window...
2026-05-31 18:20:45 - huginn - INFO - QThreadPool max threads set to 32 (CPUs: 32)
2026-05-31 18:20:45 - huginn - INFO - Custom font 'Neuropol X' loaded from C:\Users\allie\Coding Projects\huggin_suite\huginn\resources\fonts\neuropol.otf
2026-05-31 18:20:45 - huginn - DEBUG - Suppressed exception
Traceback (most recent call last):
  File "C:\Users\allie\Coding Projects\huggin_suite\huginn\app\pages\page_registry.py", line 45, in register_all_pages
    from app.pages.db_attacks_page import DBAttacksPage
ImportError: cannot import name 'DBAttacksPage' from 'app.pages.db_attacks_page' (C:\Users\allie\Coding Projects\huggin_suite\huginn\app\pages\db_attacks_page.py)
2026-05-31 18:20:54 - huginn - DEBUG - Suppressed exception
Traceback (most recent call last):
  File "C:\Users\allie\Coding Projects\huggin_suite\huginn\app\core\scope_manager.py", line 62, in _parse_scope_text
    ipaddress.IPv4Address(item)
    ~~~~~~~~~~~~~~~~~~~~~^^^^^^
  File "C:\Users\allie\anaconda3\Lib\ipaddress.py", line 1319, in __init__
    self._ip = self._ip_int_from_string(addr_str)
               ~~~~~~~~~~~~~~~~~~~~~~~~^^^^^^^^^^
  File "C:\Users\allie\anaconda3\Lib\ipaddress.py", line 1206, in _ip_int_from_string
    raise AddressValueError("Expected 4 octets in %r" % ip_str)
ipaddress.AddressValueError: Expected 4 octets in 'blackreachlabs.com'
2026-05-31 18:20:54 - huginn - DEBUG - Suppressed exception
Traceback (most recent call last):
  File "C:\Users\allie\Coding Projects\huggin_suite\huginn\app\core\scope_manager.py", line 62, in _parse_scope_text
    ipaddress.IPv4Address(item)
    ~~~~~~~~~~~~~~~~~~~~~^^^^^^
  File "C:\Users\allie\anaconda3\Lib\ipaddress.py", line 1319, in __init__
    self._ip = self._ip_int_from_string(addr_str)
               ~~~~~~~~~~~~~~~~~~~~~~~~^^^^^^^^^^
  File "C:\Users\allie\anaconda3\Lib\ipaddress.py", line 1206, in _ip_int_from_string
    raise AddressValueError("Expected 4 octets in %r" % ip_str)
ipaddress.AddressValueError: Expected 4 octets in 'blackreachlabs.com'
2026-05-31 18:20:57 - huginn - DEBUG - Wireless security tab unavailable
Traceback (most recent call last):
  File "C:\Users\allie\Coding Projects\huggin_suite\huginn\app\pages\recon_enumeration_page.py", line 99, in setup_ui
    wireless_tab = WirelessSecurityWidget(self)
  File "C:\Users\allie\Coding Projects\huggin_suite\huginn\app\widgets\wireless_security_widget.py", line 52, in __init__
    self.connect_signals()
    ~~~~~~~~~~~~~~~~~~~~^^
  File "C:\Users\allie\Coding Projects\huggin_suite\huginn\app\widgets\wireless_security_widget.py", line 303, in connect_signals
    self.generate_report_btn.clicked.connect(self.generate_report)
    ^^^^^^^^^^^^^^^^^^^^^^^^
AttributeError: 'WirelessSecurityWidget' object has no attribute 'generate_report_btn'. Did you mean: 'generate_report'?
2026-05-31 18:21:19 - huginn - DEBUG - Suppressed exception
Traceback (most recent call last):
  File "C:\Users\allie\Coding Projects\huggin_suite\huginn\app\core\asset_manager.py", line 101, in init_database
    conn.execute("ALTER TABLE assets ADD COLUMN fqdn TEXT DEFAULT ''")
    ~~~~~~~~~~~~^^^^^^^^^^^^^^^^^^^^^^^^^^^^^^^^^^^^^^^^^^^^^^^^^^^^^^
sqlite3.OperationalError: duplicate column name: fqdn
2026-05-31 18:21:19 - huginn - DEBUG - Suppressed exception
Traceback (most recent call last):
  File "C:\Users\allie\Coding Projects\huggin_suite\huginn\app\core\asset_manager.py", line 108, in init_database
    conn.execute("ALTER TABLE assets ADD COLUMN mac_address TEXT DEFAULT ''")
    ~~~~~~~~~~~~^^^^^^^^^^^^^^^^^^^^^^^^^^^^^^^^^^^^^^^^^^^^^^^^^^^^^^^^^^^^^
sqlite3.OperationalError: duplicate column name: mac_address
2026-05-31 18:21:19 - huginn - DEBUG - Suppressed exception
Traceback (most recent call last):
  File "C:\Users\allie\Coding Projects\huggin_suite\huginn\app\core\asset_manager.py", line 115, in init_database
    conn.execute("ALTER TABLE assets ADD COLUMN vendor TEXT DEFAULT ''")
    ~~~~~~~~~~~~^^^^^^^^^^^^^^^^^^^^^^^^^^^^^^^^^^^^^^^^^^^^^^^^^^^^^^^^
sqlite3.OperationalError: duplicate column name: vendor
2026-05-31 18:21:19 - huginn - DEBUG - Suppressed exception
Traceback (most recent call last):
  File "C:\Users\allie\Coding Projects\huggin_suite\huginn\app\core\asset_manager.py", line 122, in init_database
    conn.execute("ALTER TABLE assets ADD COLUMN notes TEXT DEFAULT ''")
    ~~~~~~~~~~~~^^^^^^^^^^^^^^^^^^^^^^^^^^^^^^^^^^^^^^^^^^^^^^^^^^^^^^^
sqlite3.OperationalError: duplicate column name: notes
2026-05-31 18:21:41 - huginn - DEBUG - Memory monitoring stopped
2026-05-31 18:21:41 - huginn - DEBUG - Connection pool closed all sessions
2026-05-31 18:21:41 - huginn - INFO - Update manager stopped during cleanup
2026-05-31 18:22:28 - huginn - INFO - License saved successfully
2026-05-31 18:22:28 - huginn - INFO - License loaded and validated successfully
2026-05-31 18:22:28 - huginn - INFO - Application starting...
2026-05-31 18:22:28 - huginn - INFO - Font loaded successfully
2026-05-31 18:22:28 - huginn - INFO - Stylesheet loaded successfully
2026-05-31 18:22:28 - huginn - INFO - Creating main window...
2026-05-31 18:22:28 - huginn - INFO - QThreadPool max threads set to 32 (CPUs: 32)
2026-05-31 18:22:28 - huginn - INFO - Custom font 'Neuropol X' loaded from C:\Users\allie\Coding Projects\huggin_suite\huginn\resources\fonts\neuropol.otf
2026-05-31 18:22:28 - huginn - DEBUG - Suppressed exception
Traceback (most recent call last):
  File "C:\Users\allie\Coding Projects\huggin_suite\huginn\app\pages\page_registry.py", line 45, in register_all_pages
    from app.pages.db_attacks_page import DBAttacksPage
ImportError: cannot import name 'DBAttacksPage' from 'app.pages.db_attacks_page' (C:\Users\allie\Coding Projects\huggin_suite\huginn\app\pages\db_attacks_page.py)
2026-05-31 18:22:32 - huginn - DEBUG - Suppressed exception
Traceback (most recent call last):
  File "C:\Users\allie\Coding Projects\huggin_suite\huginn\app\core\scope_manager.py", line 62, in _parse_scope_text
    ipaddress.IPv4Address(item)
    ~~~~~~~~~~~~~~~~~~~~~^^^^^^
  File "C:\Users\allie\anaconda3\Lib\ipaddress.py", line 1319, in __init__
    self._ip = self._ip_int_from_string(addr_str)
               ~~~~~~~~~~~~~~~~~~~~~~~~^^^^^^^^^^
  File "C:\Users\allie\anaconda3\Lib\ipaddress.py", line 1206, in _ip_int_from_string
    raise AddressValueError("Expected 4 octets in %r" % ip_str)
ipaddress.AddressValueError: Expected 4 octets in 'blackreachlabs.com'
2026-05-31 18:22:32 - huginn - DEBUG - Suppressed exception
Traceback (most recent call last):
  File "C:\Users\allie\Coding Projects\huggin_suite\huginn\app\core\scope_manager.py", line 62, in _parse_scope_text
    ipaddress.IPv4Address(item)
    ~~~~~~~~~~~~~~~~~~~~~^^^^^^
  File "C:\Users\allie\anaconda3\Lib\ipaddress.py", line 1319, in __init__
    self._ip = self._ip_int_from_string(addr_str)
               ~~~~~~~~~~~~~~~~~~~~~~~~^^^^^^^^^^
  File "C:\Users\allie\anaconda3\Lib\ipaddress.py", line 1206, in _ip_int_from_string
    raise AddressValueError("Expected 4 octets in %r" % ip_str)
ipaddress.AddressValueError: Expected 4 octets in 'blackreachlabs.com'
2026-05-31 18:22:43 - huginn - DEBUG - Suppressed exception
Traceback (most recent call last):
  File "C:\Users\allie\Coding Projects\huggin_suite\huginn\app\core\scope_manager.py", line 62, in _parse_scope_text
    ipaddress.IPv4Address(item)
    ~~~~~~~~~~~~~~~~~~~~~^^^^^^
  File "C:\Users\allie\anaconda3\Lib\ipaddress.py", line 1319, in __init__
    self._ip = self._ip_int_from_string(addr_str)
               ~~~~~~~~~~~~~~~~~~~~~~~~^^^^^^^^^^
  File "C:\Users\allie\anaconda3\Lib\ipaddress.py", line 1206, in _ip_int_from_string
    raise AddressValueError("Expected 4 octets in %r" % ip_str)
ipaddress.AddressValueError: Expected 4 octets in 'blackreachlabs.com'
2026-05-31 18:22:44 - huginn - DEBUG - Wireless security tab unavailable
Traceback (most recent call last):
  File "C:\Users\allie\Coding Projects\huggin_suite\huginn\app\pages\recon_enumeration_page.py", line 99, in setup_ui
    wireless_tab = WirelessSecurityWidget(self)
  File "C:\Users\allie\Coding Projects\huggin_suite\huginn\app\widgets\wireless_security_widget.py", line 52, in __init__
    self.connect_signals()
    ~~~~~~~~~~~~~~~~~~~~^^
  File "C:\Users\allie\Coding Projects\huggin_suite\huginn\app\widgets\wireless_security_widget.py", line 303, in connect_signals
    self.generate_report_btn.clicked.connect(self.generate_report)
    ^^^^^^^^^^^^^^^^^^^^^^^^
AttributeError: 'WirelessSecurityWidget' object has no attribute 'generate_report_btn'. Did you mean: 'generate_report'?
2026-05-31 18:22:51 - huginn - INFO - Using default configuration
2026-05-31 18:22:51 - huginn - INFO - DNS scan started - Target: blackreachlabs.com, Wordlist: subdomains-top1000.txt, Types: ['A', 'NS']
2026-05-31 18:22:56 - huginn - INFO - DNS scan completed - Target: blackreachlabs.com, Results: 2
2026-05-31 18:23:14 - huginn - DEBUG - Suppressed exception
Traceback (most recent call last):
  File "C:\Users\allie\Coding Projects\huggin_suite\huginn\app\core\asset_manager.py", line 101, in init_database
    conn.execute("ALTER TABLE assets ADD COLUMN fqdn TEXT DEFAULT ''")
    ~~~~~~~~~~~~^^^^^^^^^^^^^^^^^^^^^^^^^^^^^^^^^^^^^^^^^^^^^^^^^^^^^^
sqlite3.OperationalError: duplicate column name: fqdn
2026-05-31 18:23:14 - huginn - DEBUG - Suppressed exception
Traceback (most recent call last):
  File "C:\Users\allie\Coding Projects\huggin_suite\huginn\app\core\asset_manager.py", line 108, in init_database
    conn.execute("ALTER TABLE assets ADD COLUMN mac_address TEXT DEFAULT ''")
    ~~~~~~~~~~~~^^^^^^^^^^^^^^^^^^^^^^^^^^^^^^^^^^^^^^^^^^^^^^^^^^^^^^^^^^^^^
sqlite3.OperationalError: duplicate column name: mac_address
2026-05-31 18:23:14 - huginn - DEBUG - Suppressed exception
Traceback (most recent call last):
  File "C:\Users\allie\Coding Projects\huggin_suite\huginn\app\core\asset_manager.py", line 115, in init_database
    conn.execute("ALTER TABLE assets ADD COLUMN vendor TEXT DEFAULT ''")
    ~~~~~~~~~~~~^^^^^^^^^^^^^^^^^^^^^^^^^^^^^^^^^^^^^^^^^^^^^^^^^^^^^^^^
sqlite3.OperationalError: duplicate column name: vendor
2026-05-31 18:23:14 - huginn - DEBUG - Suppressed exception
Traceback (most recent call last):
  File "C:\Users\allie\Coding Projects\huggin_suite\huginn\app\core\asset_manager.py", line 122, in init_database
    conn.execute("ALTER TABLE assets ADD COLUMN notes TEXT DEFAULT ''")
    ~~~~~~~~~~~~^^^^^^^^^^^^^^^^^^^^^^^^^^^^^^^^^^^^^^^^^^^^^^^^^^^^^^^
sqlite3.OperationalError: duplicate column name: notes
2026-05-31 18:23:14 - huginn - DEBUG - Suppressed exception
Traceback (most recent call last):
  File "C:\Users\allie\Coding Projects\huggin_suite\huginn\app\core\dns_resolver.py", line 14, in resolve_hostname
    ipaddress.ip_address(hostname)
    ~~~~~~~~~~~~~~~~~~~~^^^^^^^^^^
  File "C:\Users\allie\anaconda3\Lib\ipaddress.py", line 54, in ip_address
    raise ValueError(f'{address!r} does not appear to be an IPv4 or IPv6 address')
ValueError: 'blackreachlabs.com' does not appear to be an IPv4 or IPv6 address
2026-05-31 18:23:57 - huginn - DEBUG - Suppressed exception
Traceback (most recent call last):
  File "C:\Users\allie\Coding Projects\huggin_suite\huginn\app\core\dns_resolver.py", line 14, in resolve_hostname
    ipaddress.ip_address(hostname)
    ~~~~~~~~~~~~~~~~~~~~^^^^^^^^^^
  File "C:\Users\allie\anaconda3\Lib\ipaddress.py", line 54, in ip_address
    raise ValueError(f'{address!r} does not appear to be an IPv4 or IPv6 address')
ValueError: 'www.blackreachlabs.com' does not appear to be an IPv4 or IPv6 address
2026-05-31 18:24:15 - huginn - DEBUG - Suppressed exception
Traceback (most recent call last):
  File "C:\Users\allie\Coding Projects\huggin_suite\huginn\app\core\dns_resolver.py", line 14, in resolve_hostname
    ipaddress.ip_address(hostname)
    ~~~~~~~~~~~~~~~~~~~~^^^^^^^^^^
  File "C:\Users\allie\anaconda3\Lib\ipaddress.py", line 54, in ip_address
    raise ValueError(f'{address!r} does not appear to be an IPv4 or IPv6 address')
ValueError: 'www.blackreachlabs.com' does not appear to be an IPv4 or IPv6 address
2026-05-31 18:24:29 - huginn - DEBUG - Suppressed exception
Traceback (most recent call last):
  File "C:\Users\allie\Coding Projects\huggin_suite\huginn\app\core\dns_resolver.py", line 14, in resolve_hostname
    ipaddress.ip_address(hostname)
    ~~~~~~~~~~~~~~~~~~~~^^^^^^^^^^
  File "C:\Users\allie\anaconda3\Lib\ipaddress.py", line 54, in ip_address
    raise ValueError(f'{address!r} does not appear to be an IPv4 or IPv6 address')
ValueError: 'www.blackreachlabs.com' does not appear to be an IPv4 or IPv6 address
2026-05-31 18:24:43 - huginn - DEBUG - Memory monitoring stopped
2026-05-31 18:24:43 - huginn - DEBUG - Connection pool closed all sessions
2026-05-31 18:28:27 - huginn - INFO - License saved successfully
2026-05-31 18:28:27 - huginn - INFO - License loaded and validated successfully
2026-05-31 18:28:27 - huginn - INFO - Application starting...
2026-05-31 18:28:27 - huginn - INFO - Font loaded successfully
2026-05-31 18:28:27 - huginn - INFO - Stylesheet loaded successfully
2026-05-31 18:28:27 - huginn - INFO - Creating main window...
2026-05-31 18:28:27 - huginn - INFO - QThreadPool max threads set to 32 (CPUs: 32)
2026-05-31 18:28:27 - huginn - INFO - Custom font 'Neuropol X' loaded from C:\Users\allie\Coding Projects\huggin_suite\huginn\resources\fonts\neuropol.otf
2026-05-31 18:28:27 - huginn - DEBUG - Suppressed exception
Traceback (most recent call last):
  File "C:\Users\allie\Coding Projects\huggin_suite\huginn\app\pages\page_registry.py", line 45, in register_all_pages
    from app.pages.db_attacks_page import DBAttacksPage
ImportError: cannot import name 'DBAttacksPage' from 'app.pages.db_attacks_page' (C:\Users\allie\Coding Projects\huggin_suite\huginn\app\pages\db_attacks_page.py)
2026-05-31 18:28:31 - huginn - DEBUG - Suppressed exception
Traceback (most recent call last):
  File "C:\Users\allie\Coding Projects\huggin_suite\huginn\app\core\scope_manager.py", line 62, in _parse_scope_text
    ipaddress.IPv4Address(item)
    ~~~~~~~~~~~~~~~~~~~~~^^^^^^
  File "C:\Users\allie\anaconda3\Lib\ipaddress.py", line 1319, in __init__
    self._ip = self._ip_int_from_string(addr_str)
               ~~~~~~~~~~~~~~~~~~~~~~~~^^^^^^^^^^
  File "C:\Users\allie\anaconda3\Lib\ipaddress.py", line 1206, in _ip_int_from_string
    raise AddressValueError("Expected 4 octets in %r" % ip_str)
ipaddress.AddressValueError: Expected 4 octets in 'blackreachlabs.com'
2026-05-31 18:28:31 - huginn - DEBUG - Suppressed exception
Traceback (most recent call last):
  File "C:\Users\allie\Coding Projects\huggin_suite\huginn\app\core\scope_manager.py", line 62, in _parse_scope_text
    ipaddress.IPv4Address(item)
    ~~~~~~~~~~~~~~~~~~~~~^^^^^^
  File "C:\Users\allie\anaconda3\Lib\ipaddress.py", line 1319, in __init__
    self._ip = self._ip_int_from_string(addr_str)
               ~~~~~~~~~~~~~~~~~~~~~~~~^^^^^^^^^^
  File "C:\Users\allie\anaconda3\Lib\ipaddress.py", line 1206, in _ip_int_from_string
    raise AddressValueError("Expected 4 octets in %r" % ip_str)
ipaddress.AddressValueError: Expected 4 octets in 'blackreachlabs.com'
2026-05-31 18:29:48 - huginn - DEBUG - Session token generated
2026-05-31 18:31:57 - huginn - DEBUG - Memory monitoring stopped
2026-05-31 18:31:57 - huginn - DEBUG - Connection pool closed all sessions
2026-05-31 18:32:32 - huginn - INFO - Update manager stopped during cleanup
2026-05-31 18:43:25 - huginn - INFO - License saved successfully
2026-05-31 18:43:25 - huginn - INFO - License loaded and validated successfully
2026-05-31 18:43:26 - huginn - INFO - Application starting...
2026-05-31 18:43:26 - huginn - INFO - Font loaded successfully
2026-05-31 18:43:26 - huginn - INFO - Stylesheet loaded successfully
2026-05-31 18:43:26 - huginn - INFO - Creating main window...
2026-05-31 18:43:26 - huginn - INFO - QThreadPool max threads set to 32 (CPUs: 32)
2026-05-31 18:43:26 - huginn - INFO - Custom font 'Neuropol X' loaded from C:\Users\allie\Coding Projects\huggin_suite\huginn\resources\fonts\neuropol.otf
2026-05-31 18:43:26 - huginn - DEBUG - Suppressed exception
Traceback (most recent call last):
  File "C:\Users\allie\Coding Projects\huggin_suite\huginn\app\pages\page_registry.py", line 45, in register_all_pages
    from app.pages.db_attacks_page import DBAttacksPage
ImportError: cannot import name 'DBAttacksPage' from 'app.pages.db_attacks_page' (C:\Users\allie\Coding Projects\huggin_suite\huginn\app\pages\db_attacks_page.py)
2026-05-31 18:43:29 - huginn - DEBUG - Suppressed exception
Traceback (most recent call last):
  File "C:\Users\allie\Coding Projects\huggin_suite\huginn\app\core\scope_manager.py", line 62, in _parse_scope_text
    ipaddress.IPv4Address(item)
    ~~~~~~~~~~~~~~~~~~~~~^^^^^^
  File "C:\Users\allie\anaconda3\Lib\ipaddress.py", line 1319, in __init__
    self._ip = self._ip_int_from_string(addr_str)
               ~~~~~~~~~~~~~~~~~~~~~~~~^^^^^^^^^^
  File "C:\Users\allie\anaconda3\Lib\ipaddress.py", line 1206, in _ip_int_from_string
    raise AddressValueError("Expected 4 octets in %r" % ip_str)
ipaddress.AddressValueError: Expected 4 octets in 'blackreachlabs.com'
2026-05-31 18:43:29 - huginn - DEBUG - Suppressed exception
Traceback (most recent call last):
  File "C:\Users\allie\Coding Projects\huggin_suite\huginn\app\core\scope_manager.py", line 62, in _parse_scope_text
    ipaddress.IPv4Address(item)
    ~~~~~~~~~~~~~~~~~~~~~^^^^^^
  File "C:\Users\allie\anaconda3\Lib\ipaddress.py", line 1319, in __init__
    self._ip = self._ip_int_from_string(addr_str)
               ~~~~~~~~~~~~~~~~~~~~~~~~^^^^^^^^^^
  File "C:\Users\allie\anaconda3\Lib\ipaddress.py", line 1206, in _ip_int_from_string
    raise AddressValueError("Expected 4 octets in %r" % ip_str)
ipaddress.AddressValueError: Expected 4 octets in 'blackreachlabs.com'
2026-05-31 18:43:34 - huginn - DEBUG - Wireless security tab unavailable
Traceback (most recent call last):
  File "C:\Users\allie\Coding Projects\huggin_suite\huginn\app\pages\recon_enumeration_page.py", line 99, in setup_ui
    wireless_tab = WirelessSecurityWidget(self)
  File "C:\Users\allie\Coding Projects\huggin_suite\huginn\app\widgets\wireless_security_widget.py", line 52, in __init__
    self.connect_signals()
    ~~~~~~~~~~~~~~~~~~~~^^
  File "C:\Users\allie\Coding Projects\huggin_suite\huginn\app\widgets\wireless_security_widget.py", line 303, in connect_signals
    self.generate_report_btn.clicked.connect(self.generate_report)
    ^^^^^^^^^^^^^^^^^^^^^^^^
AttributeError: 'WirelessSecurityWidget' object has no attribute 'generate_report_btn'. Did you mean: 'generate_report'?
2026-05-31 18:43:38 - huginn - INFO - Using default configuration
2026-05-31 18:43:38 - huginn - INFO - DNS scan started - Target: blackreachlabs.com, Wordlist: subdomains-top1000.txt, Types: ['A']
2026-05-31 18:43:42 - huginn - INFO - DNS scan completed - Target: blackreachlabs.com, Results: 2
2026-05-31 18:45:36 - huginn - DEBUG - Memory monitoring stopped
2026-05-31 18:45:36 - huginn - DEBUG - Connection pool closed all sessions
2026-05-31 18:45:36 - huginn - INFO - Update manager stopped during cleanup
2026-05-31 18:47:32 - huginn - INFO - License saved successfully
2026-05-31 18:47:32 - huginn - INFO - License loaded and validated successfully
2026-05-31 18:47:33 - huginn - INFO - Application starting...
2026-05-31 18:47:33 - huginn - INFO - Font loaded successfully
2026-05-31 18:47:33 - huginn - INFO - Stylesheet loaded successfully
2026-05-31 18:47:33 - huginn - INFO - Creating main window...
2026-05-31 18:47:33 - huginn - INFO - QThreadPool max threads set to 32 (CPUs: 32)
2026-05-31 18:47:33 - huginn - INFO - Custom font 'Neuropol X' loaded from C:\Users\allie\Coding Projects\huggin_suite\huginn\resources\fonts\neuropol.otf
2026-05-31 18:47:33 - huginn - DEBUG - Suppressed exception
Traceback (most recent call last):
  File "C:\Users\allie\Coding Projects\huggin_suite\huginn\app\pages\page_registry.py", line 45, in register_all_pages
    from app.pages.db_attacks_page import DBAttacksPage
ImportError: cannot import name 'DBAttacksPage' from 'app.pages.db_attacks_page' (C:\Users\allie\Coding Projects\huggin_suite\huginn\app\pages\db_attacks_page.py)
2026-05-31 18:47:37 - huginn - DEBUG - Session token generated
2026-05-31 18:53:10 - huginn - DEBUG - Memory monitoring stopped
2026-05-31 18:53:10 - huginn - DEBUG - Connection pool closed all sessions
2026-05-31 18:53:17 - huginn - INFO - Update manager stopped during cleanup
2026-05-31 18:53:21 - huginn - INFO - License saved successfully
2026-05-31 18:53:21 - huginn - INFO - License loaded and validated successfully
2026-05-31 18:53:21 - huginn - INFO - Application starting...
2026-05-31 18:53:21 - huginn - INFO - Font loaded successfully
2026-05-31 18:53:21 - huginn - INFO - Stylesheet loaded successfully
2026-05-31 18:53:21 - huginn - INFO - Creating main window...
2026-05-31 18:53:21 - huginn - INFO - QThreadPool max threads set to 32 (CPUs: 32)
2026-05-31 18:53:21 - huginn - INFO - Custom font 'Neuropol X' loaded from C:\Users\allie\Coding Projects\huggin_suite\huginn\resources\fonts\neuropol.otf
2026-05-31 18:53:21 - huginn - DEBUG - Suppressed exception
Traceback (most recent call last):
  File "C:\Users\allie\Coding Projects\huggin_suite\huginn\app\pages\page_registry.py", line 45, in register_all_pages
    from app.pages.db_attacks_page import DBAttacksPage
ImportError: cannot import name 'DBAttacksPage' from 'app.pages.db_attacks_page' (C:\Users\allie\Coding Projects\huggin_suite\huginn\app\pages\db_attacks_page.py)
2026-05-31 18:53:45 - huginn - DEBUG - Session token generated
2026-05-31 18:53:58 - huginn - DEBUG - Memory monitoring stopped
2026-05-31 18:53:58 - huginn - DEBUG - Connection pool closed all sessions
2026-05-31 18:54:07 - huginn - INFO - Update manager stopped during cleanup
2026-05-31 20:03:10 - huginn - INFO - License saved successfully
2026-05-31 20:03:10 - huginn - INFO - License loaded and validated successfully
2026-05-31 20:03:10 - huginn - INFO - Application starting...
2026-05-31 20:03:10 - huginn - INFO - Font loaded successfully
2026-05-31 20:03:10 - huginn - INFO - Stylesheet loaded successfully
2026-05-31 20:03:10 - huginn - INFO - Creating main window...
2026-05-31 20:03:10 - huginn - INFO - QThreadPool max threads set to 32 (CPUs: 32)
2026-05-31 20:03:10 - huginn - INFO - Custom font 'Neuropol X' loaded from C:\Users\allie\Coding Projects\huggin_suite\huginn\resources\fonts\neuropol.otf
2026-05-31 20:03:10 - huginn - DEBUG - Suppressed exception
Traceback (most recent call last):
  File "C:\Users\allie\Coding Projects\huggin_suite\huginn\app\pages\page_registry.py", line 45, in register_all_pages
    from app.pages.db_attacks_page import DBAttacksPage
ImportError: cannot import name 'DBAttacksPage' from 'app.pages.db_attacks_page' (C:\Users\allie\Coding Projects\huggin_suite\huginn\app\pages\db_attacks_page.py)
2026-05-31 20:03:20 - huginn - DEBUG - Suppressed exception
Traceback (most recent call last):
  File "C:\Users\allie\Coding Projects\huggin_suite\huginn\app\core\scope_manager.py", line 62, in _parse_scope_text
    ipaddress.IPv4Address(item)
    ~~~~~~~~~~~~~~~~~~~~~^^^^^^
  File "C:\Users\allie\anaconda3\Lib\ipaddress.py", line 1319, in __init__
    self._ip = self._ip_int_from_string(addr_str)
               ~~~~~~~~~~~~~~~~~~~~~~~~^^^^^^^^^^
  File "C:\Users\allie\anaconda3\Lib\ipaddress.py", line 1206, in _ip_int_from_string
    raise AddressValueError("Expected 4 octets in %r" % ip_str)
ipaddress.AddressValueError: Expected 4 octets in 'blackreachlabs.com'
2026-05-31 20:03:20 - huginn - DEBUG - Suppressed exception
Traceback (most recent call last):
  File "C:\Users\allie\Coding Projects\huggin_suite\huginn\app\core\scope_manager.py", line 62, in _parse_scope_text
    ipaddress.IPv4Address(item)
    ~~~~~~~~~~~~~~~~~~~~~^^^^^^
  File "C:\Users\allie\anaconda3\Lib\ipaddress.py", line 1319, in __init__
    self._ip = self._ip_int_from_string(addr_str)
               ~~~~~~~~~~~~~~~~~~~~~~~~^^^^^^^^^^
  File "C:\Users\allie\anaconda3\Lib\ipaddress.py", line 1206, in _ip_int_from_string
    raise AddressValueError("Expected 4 octets in %r" % ip_str)
ipaddress.AddressValueError: Expected 4 octets in 'blackreachlabs.com'
2026-05-31 20:03:47 - huginn - DEBUG - Suppressed exception
Traceback (most recent call last):
  File "C:\Users\allie\Coding Projects\huggin_suite\huginn\app\core\scope_manager.py", line 62, in _parse_scope_text
    ipaddress.IPv4Address(item)
    ~~~~~~~~~~~~~~~~~~~~~^^^^^^
  File "C:\Users\allie\anaconda3\Lib\ipaddress.py", line 1319, in __init__
    self._ip = self._ip_int_from_string(addr_str)
               ~~~~~~~~~~~~~~~~~~~~~~~~^^^^^^^^^^
  File "C:\Users\allie\anaconda3\Lib\ipaddress.py", line 1206, in _ip_int_from_string
    raise AddressValueError("Expected 4 octets in %r" % ip_str)
ipaddress.AddressValueError: Expected 4 octets in 'blackreachlabs.com'
2026-05-31 20:05:08 - huginn - DEBUG - Suppressed exception
Traceback (most recent call last):
  File "C:\Users\allie\Coding Projects\huggin_suite\huginn\app\core\scope_manager.py", line 62, in _parse_scope_text
    ipaddress.IPv4Address(item)
    ~~~~~~~~~~~~~~~~~~~~~^^^^^^
  File "C:\Users\allie\anaconda3\Lib\ipaddress.py", line 1319, in __init__
    self._ip = self._ip_int_from_string(addr_str)
               ~~~~~~~~~~~~~~~~~~~~~~~~^^^^^^^^^^
  File "C:\Users\allie\anaconda3\Lib\ipaddress.py", line 1206, in _ip_int_from_string
    raise AddressValueError("Expected 4 octets in %r" % ip_str)
ipaddress.AddressValueError: Expected 4 octets in 'blackreachlabs.com'
2026-05-31 21:38:38 - huginn - DEBUG - Wireless security tab unavailable
Traceback (most recent call last):
  File "C:\Users\allie\Coding Projects\huggin_suite\huginn\app\pages\recon_enumeration_page.py", line 99, in setup_ui
    wireless_tab = WirelessSecurityWidget(self)
  File "C:\Users\allie\Coding Projects\huggin_suite\huginn\app\widgets\wireless_security_widget.py", line 52, in __init__
    self.connect_signals()
    ~~~~~~~~~~~~~~~~~~~~^^
  File "C:\Users\allie\Coding Projects\huggin_suite\huginn\app\widgets\wireless_security_widget.py", line 303, in connect_signals
    self.generate_report_btn.clicked.connect(self.generate_report)
    ^^^^^^^^^^^^^^^^^^^^^^^^
AttributeError: 'WirelessSecurityWidget' object has no attribute 'generate_report_btn'. Did you mean: 'generate_report'?
2026-05-31 21:38:39 - huginn - DEBUG - Suppressed exception
Traceback (most recent call last):
  File "C:\Users\allie\Coding Projects\huggin_suite\huginn\app\core\asset_manager.py", line 101, in init_database
    conn.execute("ALTER TABLE assets ADD COLUMN fqdn TEXT DEFAULT ''")
    ~~~~~~~~~~~~^^^^^^^^^^^^^^^^^^^^^^^^^^^^^^^^^^^^^^^^^^^^^^^^^^^^^^
sqlite3.OperationalError: duplicate column name: fqdn
2026-05-31 21:38:39 - huginn - DEBUG - Suppressed exception
Traceback (most recent call last):
  File "C:\Users\allie\Coding Projects\huggin_suite\huginn\app\core\asset_manager.py", line 108, in init_database
    conn.execute("ALTER TABLE assets ADD COLUMN mac_address TEXT DEFAULT ''")
    ~~~~~~~~~~~~^^^^^^^^^^^^^^^^^^^^^^^^^^^^^^^^^^^^^^^^^^^^^^^^^^^^^^^^^^^^^
sqlite3.OperationalError: duplicate column name: mac_address
2026-05-31 21:38:39 - huginn - DEBUG - Suppressed exception
Traceback (most recent call last):
  File "C:\Users\allie\Coding Projects\huggin_suite\huginn\app\core\asset_manager.py", line 115, in init_database
    conn.execute("ALTER TABLE assets ADD COLUMN vendor TEXT DEFAULT ''")
    ~~~~~~~~~~~~^^^^^^^^^^^^^^^^^^^^^^^^^^^^^^^^^^^^^^^^^^^^^^^^^^^^^^^^
sqlite3.OperationalError: duplicate column name: vendor
2026-05-31 21:38:39 - huginn - DEBUG - Suppressed exception
Traceback (most recent call last):
  File "C:\Users\allie\Coding Projects\huggin_suite\huginn\app\core\asset_manager.py", line 122, in init_database
    conn.execute("ALTER TABLE assets ADD COLUMN notes TEXT DEFAULT ''")
    ~~~~~~~~~~~~^^^^^^^^^^^^^^^^^^^^^^^^^^^^^^^^^^^^^^^^^^^^^^^^^^^^^^^
sqlite3.OperationalError: duplicate column name: notes
2026-05-31 21:39:04 - huginn - DEBUG - Memory monitoring stopped
2026-05-31 21:39:04 - huginn - DEBUG - Connection pool closed all sessions
2026-05-31 21:39:04 - huginn - INFO - Update manager stopped during cleanup
2026-05-31 21:39:10 - huginn - INFO - License saved successfully
2026-05-31 21:39:10 - huginn - INFO - License loaded and validated successfully
2026-05-31 21:39:10 - huginn - INFO - Application starting...
2026-05-31 21:39:10 - huginn - INFO - Font loaded successfully
2026-05-31 21:39:10 - huginn - INFO - Stylesheet loaded successfully
2026-05-31 21:39:10 - huginn - INFO - Creating main window...
2026-05-31 21:39:10 - huginn - INFO - QThreadPool max threads set to 32 (CPUs: 32)
2026-05-31 21:39:10 - huginn - INFO - Custom font 'Neuropol X' loaded from C:\Users\allie\Coding Projects\huggin_suite\huginn\resources\fonts\neuropol.otf
2026-05-31 21:39:10 - huginn - DEBUG - Suppressed exception
Traceback (most recent call last):
  File "C:\Users\allie\Coding Projects\huggin_suite\huginn\app\pages\page_registry.py", line 45, in register_all_pages
    from app.pages.db_attacks_page import DBAttacksPage
ImportError: cannot import name 'DBAttacksPage' from 'app.pages.db_attacks_page' (C:\Users\allie\Coding Projects\huggin_suite\huginn\app\pages\db_attacks_page.py)
2026-05-31 21:40:46 - huginn - DEBUG - Memory monitoring stopped
2026-05-31 21:40:46 - huginn - DEBUG - Connection pool closed all sessions
2026-05-31 21:40:46 - huginn - INFO - Update manager stopped during cleanup
2026-05-31 21:40:57 - huginn - DEBUG - Suppressed exception
Traceback (most recent call last):
  File "c:\Users\allie\Coding Projects\huggin_suite\huginn\app\core\asset_manager.py", line 101, in init_database
    conn.execute("ALTER TABLE assets ADD COLUMN fqdn TEXT DEFAULT ''")
    ~~~~~~~~~~~~^^^^^^^^^^^^^^^^^^^^^^^^^^^^^^^^^^^^^^^^^^^^^^^^^^^^^^
sqlite3.OperationalError: duplicate column name: fqdn
2026-05-31 21:40:57 - huginn - DEBUG - Suppressed exception
Traceback (most recent call last):
  File "c:\Users\allie\Coding Projects\huggin_suite\huginn\app\core\asset_manager.py", line 108, in init_database
    conn.execute("ALTER TABLE assets ADD COLUMN mac_address TEXT DEFAULT ''")
    ~~~~~~~~~~~~^^^^^^^^^^^^^^^^^^^^^^^^^^^^^^^^^^^^^^^^^^^^^^^^^^^^^^^^^^^^^
sqlite3.OperationalError: duplicate column name: mac_address
2026-05-31 21:40:57 - huginn - DEBUG - Suppressed exception
Traceback (most recent call last):
  File "c:\Users\allie\Coding Projects\huggin_suite\huginn\app\core\asset_manager.py", line 115, in init_database
    conn.execute("ALTER TABLE assets ADD COLUMN vendor TEXT DEFAULT ''")
    ~~~~~~~~~~~~^^^^^^^^^^^^^^^^^^^^^^^^^^^^^^^^^^^^^^^^^^^^^^^^^^^^^^^^
sqlite3.OperationalError: duplicate column name: vendor
2026-05-31 21:40:57 - huginn - DEBUG - Suppressed exception
Traceback (most recent call last):
  File "c:\Users\allie\Coding Projects\huggin_suite\huginn\app\core\asset_manager.py", line 122, in init_database
    conn.execute("ALTER TABLE assets ADD COLUMN notes TEXT DEFAULT ''")
    ~~~~~~~~~~~~^^^^^^^^^^^^^^^^^^^^^^^^^^^^^^^^^^^^^^^^^^^^^^^^^^^^^^^
sqlite3.OperationalError: duplicate column name: notes
2026-05-31 21:40:57 - huginn - INFO - Using default configuration
2026-05-31 21:41:00 - huginn - INFO - License saved successfully
2026-05-31 21:41:00 - huginn - INFO - License loaded and validated successfully
2026-05-31 21:41:32 - huginn - INFO - License saved successfully
2026-05-31 21:41:32 - huginn - INFO - License loaded and validated successfully
2026-05-31 21:41:33 - huginn - INFO - Application starting...
2026-05-31 21:41:33 - huginn - INFO - Font loaded successfully
2026-05-31 21:41:33 - huginn - INFO - Stylesheet loaded successfully
2026-05-31 21:41:33 - huginn - INFO - Creating main window...
2026-05-31 21:41:33 - huginn - INFO - QThreadPool max threads set to 32 (CPUs: 32)
2026-05-31 21:41:33 - huginn - INFO - Custom font 'Neuropol X' loaded from C:\Users\allie\Coding Projects\huggin_suite\huginn\resources\fonts\neuropol.otf
2026-05-31 21:41:33 - huginn - DEBUG - Suppressed exception
Traceback (most recent call last):
  File "C:\Users\allie\Coding Projects\huggin_suite\huginn\app\pages\page_registry.py", line 45, in register_all_pages
    from app.pages.db_attacks_page import DBAttacksPage
ImportError: cannot import name 'DBAttacksPage' from 'app.pages.db_attacks_page' (C:\Users\allie\Coding Projects\huggin_suite\huginn\app\pages\db_attacks_page.py)
2026-05-31 21:42:02 - huginn - DEBUG - Memory monitoring stopped
2026-05-31 21:42:02 - huginn - DEBUG - Connection pool closed all sessions
2026-05-31 21:42:02 - huginn - INFO - Update manager stopped during cleanup
2026-05-31 21:42:22 - huginn - DEBUG - Suppressed exception
Traceback (most recent call last):
  File "c:\Users\allie\Coding Projects\huggin_suite\huginn\app\core\asset_manager.py", line 101, in init_database
    conn.execute("ALTER TABLE assets ADD COLUMN fqdn TEXT DEFAULT ''")
    ~~~~~~~~~~~~^^^^^^^^^^^^^^^^^^^^^^^^^^^^^^^^^^^^^^^^^^^^^^^^^^^^^^
sqlite3.OperationalError: duplicate column name: fqdn
2026-05-31 21:42:22 - huginn - DEBUG - Suppressed exception
Traceback (most recent call last):
  File "c:\Users\allie\Coding Projects\huggin_suite\huginn\app\core\asset_manager.py", line 108, in init_database
    conn.execute("ALTER TABLE assets ADD COLUMN mac_address TEXT DEFAULT ''")
    ~~~~~~~~~~~~^^^^^^^^^^^^^^^^^^^^^^^^^^^^^^^^^^^^^^^^^^^^^^^^^^^^^^^^^^^^^
sqlite3.OperationalError: duplicate column name: mac_address
2026-05-31 21:42:22 - huginn - DEBUG - Suppressed exception
Traceback (most recent call last):
  File "c:\Users\allie\Coding Projects\huggin_suite\huginn\app\core\asset_manager.py", line 115, in init_database
    conn.execute("ALTER TABLE assets ADD COLUMN vendor TEXT DEFAULT ''")
    ~~~~~~~~~~~~^^^^^^^^^^^^^^^^^^^^^^^^^^^^^^^^^^^^^^^^^^^^^^^^^^^^^^^^
sqlite3.OperationalError: duplicate column name: vendor
2026-05-31 21:42:22 - huginn - DEBUG - Suppressed exception
Traceback (most recent call last):
  File "c:\Users\allie\Coding Projects\huggin_suite\huginn\app\core\asset_manager.py", line 122, in init_database
    conn.execute("ALTER TABLE assets ADD COLUMN notes TEXT DEFAULT ''")
    ~~~~~~~~~~~~^^^^^^^^^^^^^^^^^^^^^^^^^^^^^^^^^^^^^^^^^^^^^^^^^^^^^^^
sqlite3.OperationalError: duplicate column name: notes
2026-05-31 21:42:22 - huginn - INFO - Using default configuration
2026-05-31 21:42:24 - huginn - INFO - License saved successfully
2026-05-31 21:42:24 - huginn - INFO - License loaded and validated successfully
2026-05-31 21:42:25 - huginn - INFO - License saved successfully
2026-05-31 21:42:25 - huginn - INFO - License loaded and validated successfully
2026-05-31 21:42:25 - huginn - INFO - Application starting...
2026-05-31 21:42:25 - huginn - INFO - Font loaded successfully
2026-05-31 21:42:25 - huginn - INFO - Stylesheet loaded successfully
2026-05-31 21:42:25 - huginn - INFO - Creating main window...
2026-05-31 21:42:25 - huginn - INFO - QThreadPool max threads set to 32 (CPUs: 32)
2026-05-31 21:42:25 - huginn - INFO - Custom font 'Neuropol X' loaded from C:\Users\allie\Coding Projects\huggin_suite\huginn\resources\fonts\neuropol.otf
2026-05-31 21:42:25 - huginn - DEBUG - Suppressed exception
Traceback (most recent call last):
  File "C:\Users\allie\Coding Projects\huggin_suite\huginn\app\pages\page_registry.py", line 45, in register_all_pages
    from app.pages.db_attacks_page import DBAttacksPage
ImportError: cannot import name 'DBAttacksPage' from 'app.pages.db_attacks_page' (C:\Users\allie\Coding Projects\huggin_suite\huginn\app\pages\db_attacks_page.py)
2026-05-31 21:42:39 - huginn - DEBUG - Memory monitoring stopped
2026-05-31 21:42:39 - huginn - DEBUG - Connection pool closed all sessions
2026-05-31 21:42:39 - huginn - INFO - Update manager stopped during cleanup
2026-05-31 21:42:52 - huginn - DEBUG - Suppressed exception
Traceback (most recent call last):
  File "c:\Users\allie\Coding Projects\huggin_suite\huginn\app\core\asset_manager.py", line 101, in init_database
    conn.execute("ALTER TABLE assets ADD COLUMN fqdn TEXT DEFAULT ''")
    ~~~~~~~~~~~~^^^^^^^^^^^^^^^^^^^^^^^^^^^^^^^^^^^^^^^^^^^^^^^^^^^^^^
sqlite3.OperationalError: duplicate column name: fqdn
2026-05-31 21:42:52 - huginn - DEBUG - Suppressed exception
Traceback (most recent call last):
  File "c:\Users\allie\Coding Projects\huggin_suite\huginn\app\core\asset_manager.py", line 108, in init_database
    conn.execute("ALTER TABLE assets ADD COLUMN mac_address TEXT DEFAULT ''")
    ~~~~~~~~~~~~^^^^^^^^^^^^^^^^^^^^^^^^^^^^^^^^^^^^^^^^^^^^^^^^^^^^^^^^^^^^^
sqlite3.OperationalError: duplicate column name: mac_address
2026-05-31 21:42:52 - huginn - DEBUG - Suppressed exception
Traceback (most recent call last):
  File "c:\Users\allie\Coding Projects\huggin_suite\huginn\app\core\asset_manager.py", line 115, in init_database
    conn.execute("ALTER TABLE assets ADD COLUMN vendor TEXT DEFAULT ''")
    ~~~~~~~~~~~~^^^^^^^^^^^^^^^^^^^^^^^^^^^^^^^^^^^^^^^^^^^^^^^^^^^^^^^^
sqlite3.OperationalError: duplicate column name: vendor
2026-05-31 21:42:52 - huginn - DEBUG - Suppressed exception
Traceback (most recent call last):
  File "c:\Users\allie\Coding Projects\huggin_suite\huginn\app\core\asset_manager.py", line 122, in init_database
    conn.execute("ALTER TABLE assets ADD COLUMN notes TEXT DEFAULT ''")
    ~~~~~~~~~~~~^^^^^^^^^^^^^^^^^^^^^^^^^^^^^^^^^^^^^^^^^^^^^^^^^^^^^^^
sqlite3.OperationalError: duplicate column name: notes
2026-05-31 21:42:52 - huginn - INFO - Using default configuration
2026-05-31 21:42:54 - huginn - INFO - License saved successfully
2026-05-31 21:42:54 - huginn - INFO - License loaded and validated successfully
2026-05-31 21:42:54 - huginn - INFO - License saved successfully
2026-05-31 21:42:54 - huginn - INFO - License loaded and validated successfully
2026-05-31 21:42:55 - huginn - INFO - Application starting...
2026-05-31 21:42:55 - huginn - INFO - Font loaded successfully
2026-05-31 21:42:55 - huginn - INFO - Stylesheet loaded successfully
2026-05-31 21:42:55 - huginn - INFO - Creating main window...
2026-05-31 21:42:55 - huginn - INFO - QThreadPool max threads set to 32 (CPUs: 32)
2026-05-31 21:42:55 - huginn - INFO - Custom font 'Neuropol X' loaded from C:\Users\allie\Coding Projects\huggin_suite\huginn\resources\fonts\neuropol.otf
2026-05-31 21:42:55 - huginn - DEBUG - Suppressed exception
Traceback (most recent call last):
  File "C:\Users\allie\Coding Projects\huggin_suite\huginn\app\pages\page_registry.py", line 45, in register_all_pages
    from app.pages.db_attacks_page import DBAttacksPage
ImportError: cannot import name 'DBAttacksPage' from 'app.pages.db_attacks_page' (C:\Users\allie\Coding Projects\huggin_suite\huginn\app\pages\db_attacks_page.py)
2026-05-31 21:43:17 - huginn - DEBUG - Memory monitoring stopped
2026-05-31 21:43:17 - huginn - DEBUG - Connection pool closed all sessions
2026-05-31 21:43:17 - huginn - INFO - Update manager stopped during cleanup
2026-05-31 21:43:29 - huginn - DEBUG - Suppressed exception
Traceback (most recent call last):
  File "c:\Users\allie\Coding Projects\huggin_suite\huginn\app\core\asset_manager.py", line 101, in init_database
    conn.execute("ALTER TABLE assets ADD COLUMN fqdn TEXT DEFAULT ''")
    ~~~~~~~~~~~~^^^^^^^^^^^^^^^^^^^^^^^^^^^^^^^^^^^^^^^^^^^^^^^^^^^^^^
sqlite3.OperationalError: duplicate column name: fqdn
2026-05-31 21:43:29 - huginn - DEBUG - Suppressed exception
Traceback (most recent call last):
  File "c:\Users\allie\Coding Projects\huggin_suite\huginn\app\core\asset_manager.py", line 108, in init_database
    conn.execute("ALTER TABLE assets ADD COLUMN mac_address TEXT DEFAULT ''")
    ~~~~~~~~~~~~^^^^^^^^^^^^^^^^^^^^^^^^^^^^^^^^^^^^^^^^^^^^^^^^^^^^^^^^^^^^^
sqlite3.OperationalError: duplicate column name: mac_address
2026-05-31 21:43:29 - huginn - DEBUG - Suppressed exception
Traceback (most recent call last):
  File "c:\Users\allie\Coding Projects\huggin_suite\huginn\app\core\asset_manager.py", line 115, in init_database
    conn.execute("ALTER TABLE assets ADD COLUMN vendor TEXT DEFAULT ''")
    ~~~~~~~~~~~~^^^^^^^^^^^^^^^^^^^^^^^^^^^^^^^^^^^^^^^^^^^^^^^^^^^^^^^^
sqlite3.OperationalError: duplicate column name: vendor
2026-05-31 21:43:29 - huginn - DEBUG - Suppressed exception
Traceback (most recent call last):
  File "c:\Users\allie\Coding Projects\huggin_suite\huginn\app\core\asset_manager.py", line 122, in init_database
    conn.execute("ALTER TABLE assets ADD COLUMN notes TEXT DEFAULT ''")
    ~~~~~~~~~~~~^^^^^^^^^^^^^^^^^^^^^^^^^^^^^^^^^^^^^^^^^^^^^^^^^^^^^^^
sqlite3.OperationalError: duplicate column name: notes
2026-05-31 21:43:29 - huginn - INFO - Using default configuration
2026-05-31 21:43:30 - huginn - INFO - License saved successfully
2026-05-31 21:43:30 - huginn - INFO - License loaded and validated successfully
2026-05-31 21:43:30 - huginn - INFO - Application starting...
2026-05-31 21:43:30 - huginn - INFO - Font loaded successfully
2026-05-31 21:43:30 - huginn - INFO - Stylesheet loaded successfully
2026-05-31 21:43:30 - huginn - INFO - Creating main window...
2026-05-31 21:43:30 - huginn - INFO - QThreadPool max threads set to 32 (CPUs: 32)
2026-05-31 21:43:30 - huginn - INFO - Custom font 'Neuropol X' loaded from C:\Users\allie\Coding Projects\huggin_suite\huginn\resources\fonts\neuropol.otf
2026-05-31 21:43:30 - huginn - DEBUG - Suppressed exception
Traceback (most recent call last):
  File "C:\Users\allie\Coding Projects\huggin_suite\huginn\app\pages\page_registry.py", line 45, in register_all_pages
    from app.pages.db_attacks_page import DBAttacksPage
ImportError: cannot import name 'DBAttacksPage' from 'app.pages.db_attacks_page' (C:\Users\allie\Coding Projects\huggin_suite\huginn\app\pages\db_attacks_page.py)
2026-05-31 21:43:32 - huginn - INFO - License saved successfully
2026-05-31 21:43:32 - huginn - INFO - License loaded and validated successfully
2026-05-31 21:44:01 - huginn - DEBUG - Memory monitoring stopped
2026-05-31 21:44:01 - huginn - DEBUG - Connection pool closed all sessions
2026-05-31 21:44:01 - huginn - INFO - Update manager stopped during cleanup
2026-05-31 21:44:04 - huginn - INFO - License saved successfully
2026-05-31 21:44:04 - huginn - INFO - License loaded and validated successfully
2026-05-31 21:44:04 - huginn - INFO - Application starting...
2026-05-31 21:44:04 - huginn - INFO - Font loaded successfully
2026-05-31 21:44:04 - huginn - INFO - Stylesheet loaded successfully
2026-05-31 21:44:04 - huginn - INFO - Creating main window...
2026-05-31 21:44:04 - huginn - INFO - QThreadPool max threads set to 32 (CPUs: 32)
2026-05-31 21:44:04 - huginn - INFO - Custom font 'Neuropol X' loaded from C:\Users\allie\Coding Projects\huggin_suite\huginn\resources\fonts\neuropol.otf
2026-05-31 21:44:04 - huginn - DEBUG - Suppressed exception
Traceback (most recent call last):
  File "C:\Users\allie\Coding Projects\huggin_suite\huginn\app\pages\page_registry.py", line 45, in register_all_pages
    from app.pages.db_attacks_page import DBAttacksPage
ImportError: cannot import name 'DBAttacksPage' from 'app.pages.db_attacks_page' (C:\Users\allie\Coding Projects\huggin_suite\huginn\app\pages\db_attacks_page.py)
2026-05-31 21:44:17 - huginn - DEBUG - Memory monitoring stopped
2026-05-31 21:44:17 - huginn - DEBUG - Connection pool closed all sessions
2026-05-31 21:44:17 - huginn - INFO - Update manager stopped during cleanup
2026-05-31 21:44:40 - huginn - INFO - License saved successfully
2026-05-31 21:44:40 - huginn - INFO - License loaded and validated successfully
2026-05-31 21:44:41 - huginn - INFO - Application starting...
2026-05-31 21:44:41 - huginn - INFO - Font loaded successfully
2026-05-31 21:44:41 - huginn - INFO - Stylesheet loaded successfully
2026-05-31 21:44:41 - huginn - INFO - Creating main window...
2026-05-31 21:44:41 - huginn - INFO - QThreadPool max threads set to 32 (CPUs: 32)
2026-05-31 21:44:41 - huginn - INFO - Custom font 'Neuropol X' loaded from C:\Users\allie\Coding Projects\huggin_suite\huginn\resources\fonts\neuropol.otf
2026-05-31 21:44:41 - huginn - DEBUG - Suppressed exception
Traceback (most recent call last):
  File "C:\Users\allie\Coding Projects\huggin_suite\huginn\app\pages\page_registry.py", line 45, in register_all_pages
    from app.pages.db_attacks_page import DBAttacksPage
ImportError: cannot import name 'DBAttacksPage' from 'app.pages.db_attacks_page' (C:\Users\allie\Coding Projects\huggin_suite\huginn\app\pages\db_attacks_page.py)
2026-05-31 21:44:45 - huginn - DEBUG - Memory monitoring stopped
2026-05-31 21:44:45 - huginn - DEBUG - Connection pool closed all sessions
2026-05-31 21:44:45 - huginn - INFO - Update manager stopped during cleanup
2026-05-31 21:45:26 - huginn - DEBUG - Suppressed exception
Traceback (most recent call last):
  File "c:\Users\allie\Coding Projects\huggin_suite\huginn\app\core\asset_manager.py", line 101, in init_database
    conn.execute("ALTER TABLE assets ADD COLUMN fqdn TEXT DEFAULT ''")
    ~~~~~~~~~~~~^^^^^^^^^^^^^^^^^^^^^^^^^^^^^^^^^^^^^^^^^^^^^^^^^^^^^^
sqlite3.OperationalError: duplicate column name: fqdn
2026-05-31 21:45:26 - huginn - DEBUG - Suppressed exception
Traceback (most recent call last):
  File "c:\Users\allie\Coding Projects\huggin_suite\huginn\app\core\asset_manager.py", line 108, in init_database
    conn.execute("ALTER TABLE assets ADD COLUMN mac_address TEXT DEFAULT ''")
    ~~~~~~~~~~~~^^^^^^^^^^^^^^^^^^^^^^^^^^^^^^^^^^^^^^^^^^^^^^^^^^^^^^^^^^^^^
sqlite3.OperationalError: duplicate column name: mac_address
2026-05-31 21:45:26 - huginn - DEBUG - Suppressed exception
Traceback (most recent call last):
  File "c:\Users\allie\Coding Projects\huggin_suite\huginn\app\core\asset_manager.py", line 115, in init_database
    conn.execute("ALTER TABLE assets ADD COLUMN vendor TEXT DEFAULT ''")
    ~~~~~~~~~~~~^^^^^^^^^^^^^^^^^^^^^^^^^^^^^^^^^^^^^^^^^^^^^^^^^^^^^^^^
sqlite3.OperationalError: duplicate column name: vendor
2026-05-31 21:45:26 - huginn - DEBUG - Suppressed exception
Traceback (most recent call last):
  File "c:\Users\allie\Coding Projects\huggin_suite\huginn\app\core\asset_manager.py", line 122, in init_database
    conn.execute("ALTER TABLE assets ADD COLUMN notes TEXT DEFAULT ''")
    ~~~~~~~~~~~~^^^^^^^^^^^^^^^^^^^^^^^^^^^^^^^^^^^^^^^^^^^^^^^^^^^^^^^
sqlite3.OperationalError: duplicate column name: notes
2026-05-31 21:45:26 - huginn - INFO - Using default configuration
2026-05-31 21:45:29 - huginn - INFO - License saved successfully
2026-05-31 21:45:29 - huginn - INFO - License loaded and validated successfully
2026-05-31 21:45:31 - huginn - INFO - License saved successfully
2026-05-31 21:45:31 - huginn - INFO - License loaded and validated successfully
2026-05-31 21:45:31 - huginn - INFO - Application starting...
2026-05-31 21:45:31 - huginn - INFO - Font loaded successfully
2026-05-31 21:45:31 - huginn - INFO - Stylesheet loaded successfully
2026-05-31 21:45:31 - huginn - INFO - Creating main window...
2026-05-31 21:45:31 - huginn - INFO - QThreadPool max threads set to 32 (CPUs: 32)
2026-05-31 21:45:31 - huginn - INFO - Custom font 'Neuropol X' loaded from C:\Users\allie\Coding Projects\huggin_suite\huginn\resources\fonts\neuropol.otf
2026-05-31 21:45:31 - huginn - DEBUG - Suppressed exception
Traceback (most recent call last):
  File "C:\Users\allie\Coding Projects\huggin_suite\huginn\app\pages\page_registry.py", line 45, in register_all_pages
    from app.pages.db_attacks_page import DBAttacksPage
ImportError: cannot import name 'DBAttacksPage' from 'app.pages.db_attacks_page' (C:\Users\allie\Coding Projects\huggin_suite\huginn\app\pages\db_attacks_page.py)
2026-05-31 21:45:47 - huginn - DEBUG - Memory monitoring stopped
2026-05-31 21:45:47 - huginn - DEBUG - Connection pool closed all sessions
2026-05-31 21:45:47 - huginn - INFO - Update manager stopped during cleanup
2026-05-31 21:46:33 - huginn - DEBUG - Suppressed exception
Traceback (most recent call last):
  File "c:\Users\allie\Coding Projects\huggin_suite\huginn\app\core\asset_manager.py", line 101, in init_database
    conn.execute("ALTER TABLE assets ADD COLUMN fqdn TEXT DEFAULT ''")
    ~~~~~~~~~~~~^^^^^^^^^^^^^^^^^^^^^^^^^^^^^^^^^^^^^^^^^^^^^^^^^^^^^^
sqlite3.OperationalError: duplicate column name: fqdn
2026-05-31 21:46:33 - huginn - DEBUG - Suppressed exception
Traceback (most recent call last):
  File "c:\Users\allie\Coding Projects\huggin_suite\huginn\app\core\asset_manager.py", line 108, in init_database
    conn.execute("ALTER TABLE assets ADD COLUMN mac_address TEXT DEFAULT ''")
    ~~~~~~~~~~~~^^^^^^^^^^^^^^^^^^^^^^^^^^^^^^^^^^^^^^^^^^^^^^^^^^^^^^^^^^^^^
sqlite3.OperationalError: duplicate column name: mac_address
2026-05-31 21:46:33 - huginn - DEBUG - Suppressed exception
Traceback (most recent call last):
  File "c:\Users\allie\Coding Projects\huggin_suite\huginn\app\core\asset_manager.py", line 115, in init_database
    conn.execute("ALTER TABLE assets ADD COLUMN vendor TEXT DEFAULT ''")
    ~~~~~~~~~~~~^^^^^^^^^^^^^^^^^^^^^^^^^^^^^^^^^^^^^^^^^^^^^^^^^^^^^^^^
sqlite3.OperationalError: duplicate column name: vendor
2026-05-31 21:46:33 - huginn - DEBUG - Suppressed exception
Traceback (most recent call last):
  File "c:\Users\allie\Coding Projects\huggin_suite\huginn\app\core\asset_manager.py", line 122, in init_database
    conn.execute("ALTER TABLE assets ADD COLUMN notes TEXT DEFAULT ''")
    ~~~~~~~~~~~~^^^^^^^^^^^^^^^^^^^^^^^^^^^^^^^^^^^^^^^^^^^^^^^^^^^^^^^
sqlite3.OperationalError: duplicate column name: notes
2026-05-31 21:46:33 - huginn - INFO - Using default configuration
2026-05-31 21:46:35 - huginn - INFO - License saved successfully
2026-05-31 21:46:35 - huginn - INFO - License loaded and validated successfully
2026-05-31 21:46:38 - huginn - DEBUG - Suppressed exception
Traceback (most recent call last):
  File "c:\Users\allie\Coding Projects\huggin_suite\huginn\app\core\asset_manager.py", line 101, in init_database
    conn.execute("ALTER TABLE assets ADD COLUMN fqdn TEXT DEFAULT ''")
    ~~~~~~~~~~~~^^^^^^^^^^^^^^^^^^^^^^^^^^^^^^^^^^^^^^^^^^^^^^^^^^^^^^
sqlite3.OperationalError: duplicate column name: fqdn
2026-05-31 21:46:38 - huginn - DEBUG - Suppressed exception
Traceback (most recent call last):
  File "c:\Users\allie\Coding Projects\huggin_suite\huginn\app\core\asset_manager.py", line 108, in init_database
    conn.execute("ALTER TABLE assets ADD COLUMN mac_address TEXT DEFAULT ''")
    ~~~~~~~~~~~~^^^^^^^^^^^^^^^^^^^^^^^^^^^^^^^^^^^^^^^^^^^^^^^^^^^^^^^^^^^^^
sqlite3.OperationalError: duplicate column name: mac_address
2026-05-31 21:46:38 - huginn - DEBUG - Suppressed exception
Traceback (most recent call last):
  File "c:\Users\allie\Coding Projects\huggin_suite\huginn\app\core\asset_manager.py", line 115, in init_database
    conn.execute("ALTER TABLE assets ADD COLUMN vendor TEXT DEFAULT ''")
    ~~~~~~~~~~~~^^^^^^^^^^^^^^^^^^^^^^^^^^^^^^^^^^^^^^^^^^^^^^^^^^^^^^^^
sqlite3.OperationalError: duplicate column name: vendor
2026-05-31 21:46:38 - huginn - DEBUG - Suppressed exception
Traceback (most recent call last):
  File "c:\Users\allie\Coding Projects\huggin_suite\huginn\app\core\asset_manager.py", line 122, in init_database
    conn.execute("ALTER TABLE assets ADD COLUMN notes TEXT DEFAULT ''")
    ~~~~~~~~~~~~^^^^^^^^^^^^^^^^^^^^^^^^^^^^^^^^^^^^^^^^^^^^^^^^^^^^^^^
sqlite3.OperationalError: duplicate column name: notes
2026-05-31 21:46:38 - huginn - INFO - Using default configuration
2026-05-31 21:46:40 - huginn - INFO - License saved successfully
2026-05-31 21:46:40 - huginn - INFO - License loaded and validated successfully
2026-05-31 21:46:44 - huginn - INFO - License saved successfully
2026-05-31 21:46:44 - huginn - INFO - License loaded and validated successfully
2026-05-31 21:46:45 - huginn - INFO - Application starting...
2026-05-31 21:46:45 - huginn - INFO - Font loaded successfully
2026-05-31 21:46:45 - huginn - INFO - Stylesheet loaded successfully
2026-05-31 21:46:45 - huginn - INFO - Creating main window...
2026-05-31 21:46:45 - huginn - INFO - QThreadPool max threads set to 32 (CPUs: 32)
2026-05-31 21:46:45 - huginn - INFO - Custom font 'Neuropol X' loaded from C:\Users\allie\Coding Projects\huggin_suite\huginn\resources\fonts\neuropol.otf
2026-05-31 21:46:45 - huginn - DEBUG - Suppressed exception
Traceback (most recent call last):
  File "C:\Users\allie\Coding Projects\huggin_suite\huginn\app\pages\page_registry.py", line 45, in register_all_pages
    from app.pages.db_attacks_page import DBAttacksPage
ImportError: cannot import name 'DBAttacksPage' from 'app.pages.db_attacks_page' (C:\Users\allie\Coding Projects\huggin_suite\huginn\app\pages\db_attacks_page.py)
2026-05-31 21:46:55 - huginn - DEBUG - Memory monitoring stopped
2026-05-31 21:46:55 - huginn - DEBUG - Connection pool closed all sessions
2026-05-31 21:46:55 - huginn - INFO - Update manager stopped during cleanup
2026-05-31 21:47:54 - huginn - DEBUG - Suppressed exception
Traceback (most recent call last):
  File "c:\Users\allie\Coding Projects\huggin_suite\huginn\app\core\asset_manager.py", line 101, in init_database
    conn.execute("ALTER TABLE assets ADD COLUMN fqdn TEXT DEFAULT ''")
    ~~~~~~~~~~~~^^^^^^^^^^^^^^^^^^^^^^^^^^^^^^^^^^^^^^^^^^^^^^^^^^^^^^
sqlite3.OperationalError: duplicate column name: fqdn
2026-05-31 21:47:54 - huginn - DEBUG - Suppressed exception
Traceback (most recent call last):
  File "c:\Users\allie\Coding Projects\huggin_suite\huginn\app\core\asset_manager.py", line 108, in init_database
    conn.execute("ALTER TABLE assets ADD COLUMN mac_address TEXT DEFAULT ''")
    ~~~~~~~~~~~~^^^^^^^^^^^^^^^^^^^^^^^^^^^^^^^^^^^^^^^^^^^^^^^^^^^^^^^^^^^^^
sqlite3.OperationalError: duplicate column name: mac_address
2026-05-31 21:47:54 - huginn - DEBUG - Suppressed exception
Traceback (most recent call last):
  File "c:\Users\allie\Coding Projects\huggin_suite\huginn\app\core\asset_manager.py", line 115, in init_database
    conn.execute("ALTER TABLE assets ADD COLUMN vendor TEXT DEFAULT ''")
    ~~~~~~~~~~~~^^^^^^^^^^^^^^^^^^^^^^^^^^^^^^^^^^^^^^^^^^^^^^^^^^^^^^^^
sqlite3.OperationalError: duplicate column name: vendor
2026-05-31 21:47:54 - huginn - DEBUG - Suppressed exception
Traceback (most recent call last):
  File "c:\Users\allie\Coding Projects\huggin_suite\huginn\app\core\asset_manager.py", line 122, in init_database
    conn.execute("ALTER TABLE assets ADD COLUMN notes TEXT DEFAULT ''")
    ~~~~~~~~~~~~^^^^^^^^^^^^^^^^^^^^^^^^^^^^^^^^^^^^^^^^^^^^^^^^^^^^^^^
sqlite3.OperationalError: duplicate column name: notes
2026-05-31 21:47:54 - huginn - INFO - Using default configuration
2026-05-31 21:47:56 - huginn - INFO - License saved successfully
2026-05-31 21:47:56 - huginn - INFO - License loaded and validated successfully
2026-05-31 21:48:02 - huginn - INFO - License saved successfully
2026-05-31 21:48:02 - huginn - INFO - License loaded and validated successfully
2026-05-31 21:48:02 - huginn - INFO - Application starting...
2026-05-31 21:48:02 - huginn - INFO - Font loaded successfully
2026-05-31 21:48:02 - huginn - INFO - Stylesheet loaded successfully
2026-05-31 21:48:02 - huginn - INFO - Creating main window...
2026-05-31 21:48:02 - huginn - INFO - QThreadPool max threads set to 32 (CPUs: 32)
2026-05-31 21:48:02 - huginn - INFO - Custom font 'Neuropol X' loaded from C:\Users\allie\Coding Projects\huggin_suite\huginn\resources\fonts\neuropol.otf
2026-05-31 21:48:02 - huginn - DEBUG - Suppressed exception
Traceback (most recent call last):
  File "C:\Users\allie\Coding Projects\huggin_suite\huginn\app\pages\page_registry.py", line 45, in register_all_pages
    from app.pages.db_attacks_page import DBAttacksPage
ImportError: cannot import name 'DBAttacksPage' from 'app.pages.db_attacks_page' (C:\Users\allie\Coding Projects\huggin_suite\huginn\app\pages\db_attacks_page.py)
2026-05-31 21:48:13 - huginn - DEBUG - Memory monitoring stopped
2026-05-31 21:48:13 - huginn - DEBUG - Connection pool closed all sessions
2026-05-31 21:48:13 - huginn - INFO - Update manager stopped during cleanup
2026-05-31 21:57:16 - huginn - INFO - License saved successfully
2026-05-31 21:57:16 - huginn - INFO - License loaded and validated successfully
2026-05-31 21:57:16 - huginn - INFO - Application starting...
2026-05-31 21:57:16 - huginn - INFO - Font loaded successfully
2026-05-31 21:57:16 - huginn - INFO - Stylesheet loaded successfully
2026-05-31 21:57:16 - huginn - INFO - Creating main window...
2026-05-31 21:57:16 - huginn - INFO - QThreadPool max threads set to 32 (CPUs: 32)
2026-05-31 21:57:16 - huginn - INFO - Custom font 'Neuropol X' loaded from C:\Users\allie\Coding Projects\huggin_suite\huginn\resources\fonts\neuropol.otf
2026-05-31 21:57:16 - huginn - DEBUG - Suppressed exception
Traceback (most recent call last):
  File "C:\Users\allie\Coding Projects\huggin_suite\huginn\app\pages\page_registry.py", line 45, in register_all_pages
    from app.pages.db_attacks_page import DBAttacksPage
ImportError: cannot import name 'DBAttacksPage' from 'app.pages.db_attacks_page' (C:\Users\allie\Coding Projects\huggin_suite\huginn\app\pages\db_attacks_page.py)
2026-05-31 21:57:42 - huginn - DEBUG - Memory monitoring stopped
2026-05-31 21:57:42 - huginn - DEBUG - Connection pool closed all sessions
2026-05-31 21:57:42 - huginn - INFO - Update manager stopped during cleanup
2026-05-31 22:04:49 - huginn - INFO - License saved successfully
2026-05-31 22:04:49 - huginn - INFO - License loaded and validated successfully
2026-05-31 22:04:49 - huginn - INFO - Application starting...
2026-05-31 22:04:49 - huginn - INFO - Font loaded successfully
2026-05-31 22:04:49 - huginn - INFO - Stylesheet loaded successfully
2026-05-31 22:04:49 - huginn - INFO - Creating main window...
2026-05-31 22:04:49 - huginn - INFO - QThreadPool max threads set to 32 (CPUs: 32)
2026-05-31 22:04:49 - huginn - INFO - Custom font 'Neuropol X' loaded from C:\Users\allie\Coding Projects\huggin_suite\huginn\resources\fonts\neuropol.otf
2026-05-31 22:04:49 - huginn - DEBUG - Suppressed exception
Traceback (most recent call last):
  File "C:\Users\allie\Coding Projects\huggin_suite\huginn\app\pages\page_registry.py", line 45, in register_all_pages
    from app.pages.db_attacks_page import DBAttacksPage
ImportError: cannot import name 'DBAttacksPage' from 'app.pages.db_attacks_page' (C:\Users\allie\Coding Projects\huggin_suite\huginn\app\pages\db_attacks_page.py)
2026-05-31 22:05:10 - huginn - DEBUG - Memory monitoring stopped
2026-05-31 22:05:10 - huginn - DEBUG - Connection pool closed all sessions
2026-05-31 22:05:10 - huginn - INFO - Update manager stopped during cleanup
2026-05-31 22:13:39 - huginn - DEBUG - Suppressed exception
Traceback (most recent call last):
  File "c:\Users\allie\Coding Projects\huggin_suite\huginn\app\core\asset_manager.py", line 101, in init_database
    conn.execute("ALTER TABLE assets ADD COLUMN fqdn TEXT DEFAULT ''")
    ~~~~~~~~~~~~^^^^^^^^^^^^^^^^^^^^^^^^^^^^^^^^^^^^^^^^^^^^^^^^^^^^^^
sqlite3.OperationalError: duplicate column name: fqdn
2026-05-31 22:13:39 - huginn - DEBUG - Suppressed exception
Traceback (most recent call last):
  File "c:\Users\allie\Coding Projects\huggin_suite\huginn\app\core\asset_manager.py", line 108, in init_database
    conn.execute("ALTER TABLE assets ADD COLUMN mac_address TEXT DEFAULT ''")
    ~~~~~~~~~~~~^^^^^^^^^^^^^^^^^^^^^^^^^^^^^^^^^^^^^^^^^^^^^^^^^^^^^^^^^^^^^
sqlite3.OperationalError: duplicate column name: mac_address
2026-05-31 22:13:39 - huginn - DEBUG - Suppressed exception
Traceback (most recent call last):
  File "c:\Users\allie\Coding Projects\huggin_suite\huginn\app\core\asset_manager.py", line 115, in init_database
    conn.execute("ALTER TABLE assets ADD COLUMN vendor TEXT DEFAULT ''")
    ~~~~~~~~~~~~^^^^^^^^^^^^^^^^^^^^^^^^^^^^^^^^^^^^^^^^^^^^^^^^^^^^^^^^
sqlite3.OperationalError: duplicate column name: vendor
2026-05-31 22:13:39 - huginn - DEBUG - Suppressed exception
Traceback (most recent call last):
  File "c:\Users\allie\Coding Projects\huggin_suite\huginn\app\core\asset_manager.py", line 122, in init_database
    conn.execute("ALTER TABLE assets ADD COLUMN notes TEXT DEFAULT ''")
    ~~~~~~~~~~~~^^^^^^^^^^^^^^^^^^^^^^^^^^^^^^^^^^^^^^^^^^^^^^^^^^^^^^^
sqlite3.OperationalError: duplicate column name: notes
2026-05-31 22:13:39 - huginn - INFO - Using default configuration
2026-05-31 22:13:41 - huginn - INFO - License saved successfully
2026-05-31 22:13:41 - huginn - INFO - License loaded and validated successfully
2026-05-31 22:13:45 - huginn - DEBUG - Suppressed exception
Traceback (most recent call last):
  File "c:\Users\allie\Coding Projects\huggin_suite\huginn\app\core\asset_manager.py", line 101, in init_database
    conn.execute("ALTER TABLE assets ADD COLUMN fqdn TEXT DEFAULT ''")
    ~~~~~~~~~~~~^^^^^^^^^^^^^^^^^^^^^^^^^^^^^^^^^^^^^^^^^^^^^^^^^^^^^^
sqlite3.OperationalError: duplicate column name: fqdn
2026-05-31 22:13:45 - huginn - DEBUG - Suppressed exception
Traceback (most recent call last):
  File "c:\Users\allie\Coding Projects\huggin_suite\huginn\app\core\asset_manager.py", line 108, in init_database
    conn.execute("ALTER TABLE assets ADD COLUMN mac_address TEXT DEFAULT ''")
    ~~~~~~~~~~~~^^^^^^^^^^^^^^^^^^^^^^^^^^^^^^^^^^^^^^^^^^^^^^^^^^^^^^^^^^^^^
sqlite3.OperationalError: duplicate column name: mac_address
2026-05-31 22:13:45 - huginn - DEBUG - Suppressed exception
Traceback (most recent call last):
  File "c:\Users\allie\Coding Projects\huggin_suite\huginn\app\core\asset_manager.py", line 115, in init_database
    conn.execute("ALTER TABLE assets ADD COLUMN vendor TEXT DEFAULT ''")
    ~~~~~~~~~~~~^^^^^^^^^^^^^^^^^^^^^^^^^^^^^^^^^^^^^^^^^^^^^^^^^^^^^^^^
sqlite3.OperationalError: duplicate column name: vendor
2026-05-31 22:13:45 - huginn - DEBUG - Suppressed exception
Traceback (most recent call last):
  File "c:\Users\allie\Coding Projects\huggin_suite\huginn\app\core\asset_manager.py", line 122, in init_database
    conn.execute("ALTER TABLE assets ADD COLUMN notes TEXT DEFAULT ''")
    ~~~~~~~~~~~~^^^^^^^^^^^^^^^^^^^^^^^^^^^^^^^^^^^^^^^^^^^^^^^^^^^^^^^
sqlite3.OperationalError: duplicate column name: notes
2026-05-31 22:13:45 - huginn - INFO - Using default configuration
2026-05-31 22:13:48 - huginn - INFO - License saved successfully
2026-05-31 22:13:48 - huginn - INFO - License loaded and validated successfully
2026-05-31 22:13:56 - huginn - INFO - License saved successfully
2026-05-31 22:13:56 - huginn - INFO - License loaded and validated successfully
2026-05-31 22:13:56 - huginn - INFO - Application starting...
2026-05-31 22:13:56 - huginn - INFO - Font loaded successfully
2026-05-31 22:13:56 - huginn - INFO - Stylesheet loaded successfully
2026-05-31 22:13:56 - huginn - INFO - Creating main window...
2026-05-31 22:13:56 - huginn - INFO - QThreadPool max threads set to 32 (CPUs: 32)
2026-05-31 22:13:56 - huginn - INFO - Custom font 'Neuropol X' loaded from C:\Users\allie\Coding Projects\huggin_suite\huginn\resources\fonts\neuropol.otf
2026-05-31 22:13:57 - huginn - DEBUG - Suppressed exception
Traceback (most recent call last):
  File "C:\Users\allie\Coding Projects\huggin_suite\huginn\app\pages\page_registry.py", line 45, in register_all_pages
    from app.pages.db_attacks_page import DBAttacksPage
ImportError: cannot import name 'DBAttacksPage' from 'app.pages.db_attacks_page' (C:\Users\allie\Coding Projects\huggin_suite\huginn\app\pages\db_attacks_page.py)
2026-05-31 22:14:48 - huginn - DEBUG - Memory monitoring stopped
2026-05-31 22:14:48 - huginn - DEBUG - Connection pool closed all sessions
2026-05-31 22:14:48 - huginn - INFO - Update manager stopped during cleanup
2026-05-31 22:16:21 - huginn - INFO - License saved successfully
2026-05-31 22:16:21 - huginn - INFO - License loaded and validated successfully
2026-05-31 22:16:21 - huginn - INFO - Application starting...
2026-05-31 22:16:21 - huginn - INFO - Font loaded successfully
2026-05-31 22:16:21 - huginn - INFO - Stylesheet loaded successfully
2026-05-31 22:16:21 - huginn - INFO - Creating main window...
2026-05-31 22:16:21 - huginn - INFO - QThreadPool max threads set to 32 (CPUs: 32)
2026-05-31 22:16:21 - huginn - INFO - Custom font 'Neuropol X' loaded from C:\Users\allie\Coding Projects\huggin_suite\huginn\resources\fonts\neuropol.otf
2026-05-31 22:16:21 - huginn - DEBUG - Suppressed exception
Traceback (most recent call last):
  File "C:\Users\allie\Coding Projects\huggin_suite\huginn\app\pages\page_registry.py", line 45, in register_all_pages
    from app.pages.db_attacks_page import DBAttacksPage
ImportError: cannot import name 'DBAttacksPage' from 'app.pages.db_attacks_page' (C:\Users\allie\Coding Projects\huggin_suite\huginn\app\pages\db_attacks_page.py)
2026-05-31 22:16:35 - huginn - DEBUG - Memory monitoring stopped
2026-05-31 22:16:35 - huginn - DEBUG - Connection pool closed all sessions
2026-05-31 22:16:35 - huginn - INFO - Update manager stopped during cleanup
2026-05-31 22:25:27 - huginn - DEBUG - Suppressed exception
Traceback (most recent call last):
  File "c:\Users\allie\Coding Projects\huggin_suite\huginn\app\core\asset_manager.py", line 101, in init_database
    conn.execute("ALTER TABLE assets ADD COLUMN fqdn TEXT DEFAULT ''")
    ~~~~~~~~~~~~^^^^^^^^^^^^^^^^^^^^^^^^^^^^^^^^^^^^^^^^^^^^^^^^^^^^^^
sqlite3.OperationalError: duplicate column name: fqdn
2026-05-31 22:25:27 - huginn - DEBUG - Suppressed exception
Traceback (most recent call last):
  File "c:\Users\allie\Coding Projects\huggin_suite\huginn\app\core\asset_manager.py", line 108, in init_database
    conn.execute("ALTER TABLE assets ADD COLUMN mac_address TEXT DEFAULT ''")
    ~~~~~~~~~~~~^^^^^^^^^^^^^^^^^^^^^^^^^^^^^^^^^^^^^^^^^^^^^^^^^^^^^^^^^^^^^
sqlite3.OperationalError: duplicate column name: mac_address
2026-05-31 22:25:27 - huginn - DEBUG - Suppressed exception
Traceback (most recent call last):
  File "c:\Users\allie\Coding Projects\huggin_suite\huginn\app\core\asset_manager.py", line 115, in init_database
    conn.execute("ALTER TABLE assets ADD COLUMN vendor TEXT DEFAULT ''")
    ~~~~~~~~~~~~^^^^^^^^^^^^^^^^^^^^^^^^^^^^^^^^^^^^^^^^^^^^^^^^^^^^^^^^
sqlite3.OperationalError: duplicate column name: vendor
2026-05-31 22:25:27 - huginn - DEBUG - Suppressed exception
Traceback (most recent call last):
  File "c:\Users\allie\Coding Projects\huggin_suite\huginn\app\core\asset_manager.py", line 122, in init_database
    conn.execute("ALTER TABLE assets ADD COLUMN notes TEXT DEFAULT ''")
    ~~~~~~~~~~~~^^^^^^^^^^^^^^^^^^^^^^^^^^^^^^^^^^^^^^^^^^^^^^^^^^^^^^^
sqlite3.OperationalError: duplicate column name: notes
2026-05-31 22:25:27 - huginn - INFO - Using default configuration
2026-05-31 22:25:29 - huginn - INFO - License saved successfully
2026-05-31 22:25:29 - huginn - INFO - License loaded and validated successfully
2026-05-31 22:25:40 - huginn - INFO - License saved successfully
2026-05-31 22:25:40 - huginn - INFO - License loaded and validated successfully
2026-05-31 22:25:41 - huginn - INFO - Application starting...
2026-05-31 22:25:41 - huginn - INFO - Font loaded successfully
2026-05-31 22:25:41 - huginn - INFO - Stylesheet loaded successfully
2026-05-31 22:25:41 - huginn - INFO - Creating main window...
2026-05-31 22:25:41 - huginn - INFO - QThreadPool max threads set to 32 (CPUs: 32)
2026-05-31 22:25:41 - huginn - INFO - Custom font 'Neuropol X' loaded from C:\Users\allie\Coding Projects\huggin_suite\huginn\resources\fonts\neuropol.otf
2026-05-31 22:25:41 - huginn - DEBUG - Suppressed exception
Traceback (most recent call last):
  File "C:\Users\allie\Coding Projects\huggin_suite\huginn\app\pages\page_registry.py", line 45, in register_all_pages
    from app.pages.db_attacks_page import DBAttacksPage
ImportError: cannot import name 'DBAttacksPage' from 'app.pages.db_attacks_page' (C:\Users\allie\Coding Projects\huggin_suite\huginn\app\pages\db_attacks_page.py)
2026-05-31 22:26:19 - huginn - DEBUG - Memory monitoring stopped
2026-05-31 22:26:19 - huginn - DEBUG - Connection pool closed all sessions
2026-05-31 22:26:19 - huginn - INFO - Update manager stopped during cleanup
2026-05-31 22:26:21 - huginn - INFO - License saved successfully
2026-05-31 22:26:21 - huginn - INFO - License loaded and validated successfully
2026-05-31 22:26:21 - huginn - INFO - Application starting...
2026-05-31 22:26:21 - huginn - INFO - Font loaded successfully
2026-05-31 22:26:21 - huginn - INFO - Stylesheet loaded successfully
2026-05-31 22:26:21 - huginn - INFO - Creating main window...
2026-05-31 22:26:21 - huginn - INFO - QThreadPool max threads set to 32 (CPUs: 32)
2026-05-31 22:26:21 - huginn - INFO - Custom font 'Neuropol X' loaded from C:\Users\allie\Coding Projects\huggin_suite\huginn\resources\fonts\neuropol.otf
2026-05-31 22:26:21 - huginn - DEBUG - Suppressed exception
Traceback (most recent call last):
  File "C:\Users\allie\Coding Projects\huggin_suite\huginn\app\pages\page_registry.py", line 45, in register_all_pages
    from app.pages.db_attacks_page import DBAttacksPage
ImportError: cannot import name 'DBAttacksPage' from 'app.pages.db_attacks_page' (C:\Users\allie\Coding Projects\huggin_suite\huginn\app\pages\db_attacks_page.py)
2026-05-31 22:27:34 - huginn - DEBUG - Memory monitoring stopped
2026-05-31 22:27:34 - huginn - DEBUG - Connection pool closed all sessions
2026-05-31 22:27:34 - huginn - INFO - Update manager stopped during cleanup
2026-05-31 22:28:50 - huginn - INFO - License saved successfully
2026-05-31 22:28:50 - huginn - INFO - License loaded and validated successfully
2026-05-31 22:28:50 - huginn - INFO - Application starting...
2026-05-31 22:28:50 - huginn - INFO - Font loaded successfully
2026-05-31 22:28:50 - huginn - INFO - Stylesheet loaded successfully
2026-05-31 22:28:50 - huginn - INFO - Creating main window...
2026-05-31 22:28:50 - huginn - INFO - QThreadPool max threads set to 32 (CPUs: 32)
2026-05-31 22:28:50 - huginn - INFO - Custom font 'Neuropol X' loaded from C:\Users\allie\Coding Projects\huggin_suite\huginn\resources\fonts\neuropol.otf
2026-05-31 22:28:50 - huginn - DEBUG - Suppressed exception
Traceback (most recent call last):
  File "C:\Users\allie\Coding Projects\huggin_suite\huginn\app\pages\page_registry.py", line 45, in register_all_pages
    from app.pages.db_attacks_page import DBAttacksPage
ImportError: cannot import name 'DBAttacksPage' from 'app.pages.db_attacks_page' (C:\Users\allie\Coding Projects\huggin_suite\huginn\app\pages\db_attacks_page.py)
2026-05-31 22:33:53 - huginn - DEBUG - Memory monitoring stopped
2026-05-31 22:33:53 - huginn - DEBUG - Connection pool closed all sessions
2026-05-31 22:33:53 - huginn - INFO - Update manager stopped during cleanup
2026-05-31 22:43:55 - huginn - INFO - License saved successfully
2026-05-31 22:43:55 - huginn - INFO - License loaded and validated successfully
2026-05-31 22:43:55 - huginn - INFO - Application starting...
2026-05-31 22:43:55 - huginn - INFO - Font loaded successfully
2026-05-31 22:43:55 - huginn - INFO - Stylesheet loaded successfully
2026-05-31 22:43:55 - huginn - INFO - Creating main window...
2026-05-31 22:43:55 - huginn - INFO - QThreadPool max threads set to 32 (CPUs: 32)
2026-05-31 22:43:55 - huginn - INFO - Custom font 'Neuropol X' loaded from C:\Users\allie\Coding Projects\huggin_suite\huginn\resources\fonts\neuropol.otf
2026-05-31 22:43:55 - huginn - DEBUG - Suppressed exception
Traceback (most recent call last):
  File "C:\Users\allie\Coding Projects\huggin_suite\huginn\app\pages\page_registry.py", line 45, in register_all_pages
    from app.pages.db_attacks_page import DBAttacksPage
ImportError: cannot import name 'DBAttacksPage' from 'app.pages.db_attacks_page' (C:\Users\allie\Coding Projects\huggin_suite\huginn\app\pages\db_attacks_page.py)
2026-05-31 22:44:02 - huginn - DEBUG - Memory monitoring stopped
2026-05-31 22:44:02 - huginn - DEBUG - Connection pool closed all sessions
2026-05-31 22:44:02 - huginn - INFO - Update manager stopped during cleanup
2026-05-31 22:46:29 - huginn - INFO - License saved successfully
2026-05-31 22:46:29 - huginn - INFO - License loaded and validated successfully
2026-05-31 22:46:29 - huginn - INFO - Application starting...
2026-05-31 22:46:29 - huginn - INFO - Font loaded successfully
2026-05-31 22:46:29 - huginn - INFO - Stylesheet loaded successfully
2026-05-31 22:46:29 - huginn - INFO - Creating main window...
2026-05-31 22:46:29 - huginn - INFO - QThreadPool max threads set to 32 (CPUs: 32)
2026-05-31 22:46:29 - huginn - INFO - Custom font 'Neuropol X' loaded from C:\Users\allie\Coding Projects\huggin_suite\huginn\resources\fonts\neuropol.otf
2026-05-31 22:46:29 - huginn - DEBUG - Suppressed exception
Traceback (most recent call last):
  File "C:\Users\allie\Coding Projects\huggin_suite\huginn\app\pages\page_registry.py", line 45, in register_all_pages
    from app.pages.db_attacks_page import DBAttacksPage
ImportError: cannot import name 'DBAttacksPage' from 'app.pages.db_attacks_page' (C:\Users\allie\Coding Projects\huggin_suite\huginn\app\pages\db_attacks_page.py)
2026-05-31 22:48:26 - huginn - DEBUG - Memory monitoring stopped
2026-05-31 22:48:26 - huginn - DEBUG - Connection pool closed all sessions
2026-05-31 22:48:26 - huginn - INFO - Update manager stopped during cleanup
2026-05-31 22:59:30 - huginn - INFO - License saved successfully
2026-05-31 22:59:30 - huginn - INFO - License loaded and validated successfully
2026-05-31 22:59:30 - huginn - INFO - Application starting...
2026-05-31 22:59:30 - huginn - INFO - Font loaded successfully
2026-05-31 22:59:30 - huginn - INFO - Stylesheet loaded successfully
2026-05-31 22:59:30 - huginn - INFO - Creating main window...
2026-05-31 22:59:30 - huginn - INFO - QThreadPool max threads set to 32 (CPUs: 32)
2026-05-31 22:59:30 - huginn - INFO - Custom font 'Neuropol X' loaded from C:\Users\allie\Coding Projects\huggin_suite\huginn\resources\fonts\neuropol.otf
2026-05-31 22:59:30 - huginn - DEBUG - Suppressed exception
Traceback (most recent call last):
  File "C:\Users\allie\Coding Projects\huggin_suite\huginn\app\pages\page_registry.py", line 45, in register_all_pages
    from app.pages.db_attacks_page import DBAttacksPage
ImportError: cannot import name 'DBAttacksPage' from 'app.pages.db_attacks_page' (C:\Users\allie\Coding Projects\huggin_suite\huginn\app\pages\db_attacks_page.py)
2026-05-31 22:59:41 - huginn - DEBUG - Memory monitoring stopped
2026-05-31 22:59:41 - huginn - DEBUG - Connection pool closed all sessions
2026-05-31 22:59:41 - huginn - INFO - Update manager stopped during cleanup
2026-05-31 23:00:31 - huginn - INFO - License saved successfully
2026-05-31 23:00:31 - huginn - INFO - License loaded and validated successfully
2026-05-31 23:00:31 - huginn - INFO - Application starting...
2026-05-31 23:00:31 - huginn - INFO - Font loaded successfully
2026-05-31 23:00:31 - huginn - INFO - Stylesheet loaded successfully
2026-05-31 23:00:31 - huginn - INFO - Creating main window...
2026-05-31 23:00:31 - huginn - INFO - QThreadPool max threads set to 32 (CPUs: 32)
2026-05-31 23:00:32 - huginn - INFO - Custom font 'Neuropol X' loaded from C:\Users\allie\Coding Projects\huggin_suite\huginn\resources\fonts\neuropol.otf
2026-05-31 23:00:32 - huginn - DEBUG - Suppressed exception
Traceback (most recent call last):
  File "C:\Users\allie\Coding Projects\huggin_suite\huginn\app\pages\page_registry.py", line 45, in register_all_pages
    from app.pages.db_attacks_page import DBAttacksPage
ImportError: cannot import name 'DBAttacksPage' from 'app.pages.db_attacks_page' (C:\Users\allie\Coding Projects\huggin_suite\huginn\app\pages\db_attacks_page.py)
2026-05-31 23:01:03 - huginn - DEBUG - Memory monitoring stopped
2026-05-31 23:01:03 - huginn - DEBUG - Connection pool closed all sessions
2026-05-31 23:01:03 - huginn - INFO - Update manager stopped during cleanup
2026-05-31 23:04:30 - huginn - INFO - License saved successfully
2026-05-31 23:04:30 - huginn - INFO - License loaded and validated successfully
2026-05-31 23:04:30 - huginn - INFO - Application starting...
2026-05-31 23:04:30 - huginn - INFO - Font loaded successfully
2026-05-31 23:04:30 - huginn - INFO - Stylesheet loaded successfully
2026-05-31 23:04:30 - huginn - INFO - Creating main window...
2026-05-31 23:04:30 - huginn - INFO - QThreadPool max threads set to 32 (CPUs: 32)
2026-05-31 23:04:30 - huginn - INFO - Custom font 'Neuropol X' loaded from C:\Users\allie\Coding Projects\huggin_suite\huginn\resources\fonts\neuropol.otf
2026-05-31 23:04:30 - huginn - DEBUG - Suppressed exception
Traceback (most recent call last):
  File "C:\Users\allie\Coding Projects\huggin_suite\huginn\app\pages\page_registry.py", line 45, in register_all_pages
    from app.pages.db_attacks_page import DBAttacksPage
ImportError: cannot import name 'DBAttacksPage' from 'app.pages.db_attacks_page' (C:\Users\allie\Coding Projects\huggin_suite\huginn\app\pages\db_attacks_page.py)
2026-05-31 23:04:42 - huginn - DEBUG - Memory monitoring stopped
2026-05-31 23:04:42 - huginn - DEBUG - Connection pool closed all sessions
2026-05-31 23:04:42 - huginn - INFO - Update manager stopped during cleanup
2026-05-31 23:04:57 - huginn - INFO - License saved successfully
2026-05-31 23:04:57 - huginn - INFO - License loaded and validated successfully
2026-05-31 23:04:57 - huginn - INFO - Application starting...
2026-05-31 23:04:57 - huginn - INFO - Font loaded successfully
2026-05-31 23:04:57 - huginn - INFO - Stylesheet loaded successfully
2026-05-31 23:04:57 - huginn - INFO - Creating main window...
2026-05-31 23:04:57 - huginn - INFO - QThreadPool max threads set to 32 (CPUs: 32)
2026-05-31 23:04:57 - huginn - INFO - Custom font 'Neuropol X' loaded from C:\Users\allie\Coding Projects\huggin_suite\huginn\resources\fonts\neuropol.otf
2026-05-31 23:04:57 - huginn - DEBUG - Suppressed exception
Traceback (most recent call last):
  File "C:\Users\allie\Coding Projects\huggin_suite\huginn\app\pages\page_registry.py", line 45, in register_all_pages
    from app.pages.db_attacks_page import DBAttacksPage
ImportError: cannot import name 'DBAttacksPage' from 'app.pages.db_attacks_page' (C:\Users\allie\Coding Projects\huggin_suite\huginn\app\pages\db_attacks_page.py)
2026-05-31 23:05:15 - huginn - DEBUG - Memory monitoring stopped
2026-05-31 23:05:15 - huginn - DEBUG - Connection pool closed all sessions
2026-05-31 23:05:15 - huginn - INFO - Update manager stopped during cleanup
2026-05-31 23:05:17 - huginn - INFO - License saved successfully
2026-05-31 23:05:17 - huginn - INFO - License loaded and validated successfully
2026-05-31 23:05:17 - huginn - INFO - Application starting...
2026-05-31 23:05:17 - huginn - INFO - Font loaded successfully
2026-05-31 23:05:17 - huginn - INFO - Stylesheet loaded successfully
2026-05-31 23:05:17 - huginn - INFO - Creating main window...
2026-05-31 23:05:17 - huginn - INFO - QThreadPool max threads set to 32 (CPUs: 32)
2026-05-31 23:05:17 - huginn - INFO - Custom font 'Neuropol X' loaded from C:\Users\allie\Coding Projects\huggin_suite\huginn\resources\fonts\neuropol.otf
2026-05-31 23:05:17 - huginn - DEBUG - Suppressed exception
Traceback (most recent call last):
  File "C:\Users\allie\Coding Projects\huggin_suite\huginn\app\pages\page_registry.py", line 45, in register_all_pages
    from app.pages.db_attacks_page import DBAttacksPage
ImportError: cannot import name 'DBAttacksPage' from 'app.pages.db_attacks_page' (C:\Users\allie\Coding Projects\huggin_suite\huginn\app\pages\db_attacks_page.py)
2026-05-31 23:05:46 - huginn - DEBUG - Memory monitoring stopped
2026-05-31 23:05:46 - huginn - DEBUG - Connection pool closed all sessions
2026-05-31 23:05:46 - huginn - INFO - Update manager stopped during cleanup
2026-05-31 23:07:31 - huginn - INFO - License saved successfully
2026-05-31 23:07:31 - huginn - INFO - License loaded and validated successfully
2026-05-31 23:07:31 - huginn - INFO - Application starting...
2026-05-31 23:07:31 - huginn - INFO - Font loaded successfully
2026-05-31 23:07:31 - huginn - INFO - Stylesheet loaded successfully
2026-05-31 23:07:31 - huginn - INFO - Creating main window...
2026-05-31 23:07:31 - huginn - INFO - QThreadPool max threads set to 32 (CPUs: 32)
2026-05-31 23:07:31 - huginn - INFO - Custom font 'Neuropol X' loaded from C:\Users\allie\Coding Projects\huggin_suite\huginn\resources\fonts\neuropol.otf
2026-05-31 23:07:31 - huginn - DEBUG - Suppressed exception
Traceback (most recent call last):
  File "C:\Users\allie\Coding Projects\huggin_suite\huginn\app\pages\page_registry.py", line 45, in register_all_pages
    from app.pages.db_attacks_page import DBAttacksPage
ImportError: cannot import name 'DBAttacksPage' from 'app.pages.db_attacks_page' (C:\Users\allie\Coding Projects\huggin_suite\huginn\app\pages\db_attacks_page.py)
2026-05-31 23:13:53 - huginn - DEBUG - Memory monitoring stopped
2026-05-31 23:13:53 - huginn - DEBUG - Connection pool closed all sessions
2026-05-31 23:13:53 - huginn - INFO - Update manager stopped during cleanup
2026-05-31 23:13:55 - huginn - DEBUG - Suppressed exception
Traceback (most recent call last):
  File "c:\Users\allie\Coding Projects\huggin_suite\huginn\app\core\asset_manager.py", line 101, in init_database
    conn.execute("ALTER TABLE assets ADD COLUMN fqdn TEXT DEFAULT ''")
    ~~~~~~~~~~~~^^^^^^^^^^^^^^^^^^^^^^^^^^^^^^^^^^^^^^^^^^^^^^^^^^^^^^
sqlite3.OperationalError: duplicate column name: fqdn
2026-05-31 23:13:55 - huginn - DEBUG - Suppressed exception
Traceback (most recent call last):
  File "c:\Users\allie\Coding Projects\huggin_suite\huginn\app\core\asset_manager.py", line 108, in init_database
    conn.execute("ALTER TABLE assets ADD COLUMN mac_address TEXT DEFAULT ''")
    ~~~~~~~~~~~~^^^^^^^^^^^^^^^^^^^^^^^^^^^^^^^^^^^^^^^^^^^^^^^^^^^^^^^^^^^^^
sqlite3.OperationalError: duplicate column name: mac_address
2026-05-31 23:13:55 - huginn - DEBUG - Suppressed exception
Traceback (most recent call last):
  File "c:\Users\allie\Coding Projects\huggin_suite\huginn\app\core\asset_manager.py", line 115, in init_database
    conn.execute("ALTER TABLE assets ADD COLUMN vendor TEXT DEFAULT ''")
    ~~~~~~~~~~~~^^^^^^^^^^^^^^^^^^^^^^^^^^^^^^^^^^^^^^^^^^^^^^^^^^^^^^^^
sqlite3.OperationalError: duplicate column name: vendor
2026-05-31 23:13:55 - huginn - DEBUG - Suppressed exception
Traceback (most recent call last):
  File "c:\Users\allie\Coding Projects\huggin_suite\huginn\app\core\asset_manager.py", line 122, in init_database
    conn.execute("ALTER TABLE assets ADD COLUMN notes TEXT DEFAULT ''")
    ~~~~~~~~~~~~^^^^^^^^^^^^^^^^^^^^^^^^^^^^^^^^^^^^^^^^^^^^^^^^^^^^^^^
sqlite3.OperationalError: duplicate column name: notes
2026-05-31 23:13:55 - huginn - INFO - Using default configuration
2026-05-31 23:13:58 - huginn - INFO - License saved successfully
2026-05-31 23:13:58 - huginn - INFO - License loaded and validated successfully
2026-05-31 23:14:01 - huginn - DEBUG - Suppressed exception
Traceback (most recent call last):
  File "c:\Users\allie\Coding Projects\huggin_suite\huginn\app\core\asset_manager.py", line 101, in init_database
    conn.execute("ALTER TABLE assets ADD COLUMN fqdn TEXT DEFAULT ''")
    ~~~~~~~~~~~~^^^^^^^^^^^^^^^^^^^^^^^^^^^^^^^^^^^^^^^^^^^^^^^^^^^^^^
sqlite3.OperationalError: duplicate column name: fqdn
2026-05-31 23:14:01 - huginn - DEBUG - Suppressed exception
Traceback (most recent call last):
  File "c:\Users\allie\Coding Projects\huggin_suite\huginn\app\core\asset_manager.py", line 108, in init_database
    conn.execute("ALTER TABLE assets ADD COLUMN mac_address TEXT DEFAULT ''")
    ~~~~~~~~~~~~^^^^^^^^^^^^^^^^^^^^^^^^^^^^^^^^^^^^^^^^^^^^^^^^^^^^^^^^^^^^^
sqlite3.OperationalError: duplicate column name: mac_address
2026-05-31 23:14:01 - huginn - DEBUG - Suppressed exception
Traceback (most recent call last):
  File "c:\Users\allie\Coding Projects\huggin_suite\huginn\app\core\asset_manager.py", line 115, in init_database
    conn.execute("ALTER TABLE assets ADD COLUMN vendor TEXT DEFAULT ''")
    ~~~~~~~~~~~~^^^^^^^^^^^^^^^^^^^^^^^^^^^^^^^^^^^^^^^^^^^^^^^^^^^^^^^^
sqlite3.OperationalError: duplicate column name: vendor
2026-05-31 23:14:01 - huginn - DEBUG - Suppressed exception
Traceback (most recent call last):
  File "c:\Users\allie\Coding Projects\huggin_suite\huginn\app\core\asset_manager.py", line 122, in init_database
    conn.execute("ALTER TABLE assets ADD COLUMN notes TEXT DEFAULT ''")
    ~~~~~~~~~~~~^^^^^^^^^^^^^^^^^^^^^^^^^^^^^^^^^^^^^^^^^^^^^^^^^^^^^^^
sqlite3.OperationalError: duplicate column name: notes
2026-05-31 23:14:01 - huginn - INFO - Using default configuration
2026-05-31 23:14:03 - huginn - INFO - License saved successfully
2026-05-31 23:14:03 - huginn - INFO - License loaded and validated successfully
2026-05-31 23:14:10 - huginn - INFO - License saved successfully
2026-05-31 23:14:10 - huginn - INFO - License loaded and validated successfully
2026-05-31 23:14:10 - huginn - INFO - Application starting...
2026-05-31 23:14:10 - huginn - INFO - Font loaded successfully
2026-05-31 23:14:10 - huginn - INFO - Stylesheet loaded successfully
2026-05-31 23:14:10 - huginn - INFO - Creating main window...
2026-05-31 23:14:10 - huginn - INFO - QThreadPool max threads set to 32 (CPUs: 32)
2026-05-31 23:14:10 - huginn - INFO - Custom font 'Neuropol X' loaded from C:\Users\allie\Coding Projects\huggin_suite\huginn\resources\fonts\neuropol.otf
2026-05-31 23:14:10 - huginn - DEBUG - Suppressed exception
Traceback (most recent call last):
  File "C:\Users\allie\Coding Projects\huggin_suite\huginn\app\pages\page_registry.py", line 45, in register_all_pages
    from app.pages.db_attacks_page import DBAttacksPage
ImportError: cannot import name 'DBAttacksPage' from 'app.pages.db_attacks_page' (C:\Users\allie\Coding Projects\huggin_suite\huginn\app\pages\db_attacks_page.py)
2026-05-31 23:14:23 - huginn - DEBUG - Memory monitoring stopped
2026-05-31 23:14:23 - huginn - DEBUG - Connection pool closed all sessions
2026-05-31 23:14:23 - huginn - INFO - Update manager stopped during cleanup
2026-05-31 23:15:00 - huginn - INFO - License saved successfully
2026-05-31 23:15:00 - huginn - INFO - License loaded and validated successfully
2026-05-31 23:15:00 - huginn - INFO - Application starting...
2026-05-31 23:15:00 - huginn - INFO - Font loaded successfully
2026-05-31 23:15:00 - huginn - INFO - Stylesheet loaded successfully
2026-05-31 23:15:00 - huginn - INFO - Creating main window...
2026-05-31 23:15:00 - huginn - INFO - QThreadPool max threads set to 32 (CPUs: 32)
2026-05-31 23:15:00 - huginn - INFO - Custom font 'Neuropol X' loaded from C:\Users\allie\Coding Projects\huggin_suite\huginn\resources\fonts\neuropol.otf
2026-05-31 23:15:00 - huginn - DEBUG - Suppressed exception
Traceback (most recent call last):
  File "C:\Users\allie\Coding Projects\huggin_suite\huginn\app\pages\page_registry.py", line 45, in register_all_pages
    from app.pages.db_attacks_page import DBAttacksPage
ImportError: cannot import name 'DBAttacksPage' from 'app.pages.db_attacks_page' (C:\Users\allie\Coding Projects\huggin_suite\huginn\app\pages\db_attacks_page.py)
2026-05-31 23:17:46 - huginn - DEBUG - Memory monitoring stopped
2026-05-31 23:17:46 - huginn - DEBUG - Connection pool closed all sessions
2026-05-31 23:17:46 - huginn - INFO - Update manager stopped during cleanup
2026-05-31 23:17:49 - huginn - INFO - License saved successfully
2026-05-31 23:17:49 - huginn - INFO - License loaded and validated successfully
2026-05-31 23:17:49 - huginn - INFO - Application starting...
2026-05-31 23:17:49 - huginn - INFO - Font loaded successfully
2026-05-31 23:17:49 - huginn - INFO - Stylesheet loaded successfully
2026-05-31 23:17:49 - huginn - INFO - Creating main window...
2026-05-31 23:17:49 - huginn - INFO - QThreadPool max threads set to 32 (CPUs: 32)
2026-05-31 23:17:49 - huginn - INFO - Custom font 'Neuropol X' loaded from C:\Users\allie\Coding Projects\huggin_suite\huginn\resources\fonts\neuropol.otf
2026-05-31 23:17:49 - huginn - DEBUG - Suppressed exception
Traceback (most recent call last):
  File "C:\Users\allie\Coding Projects\huggin_suite\huginn\app\pages\page_registry.py", line 45, in register_all_pages
    from app.pages.db_attacks_page import DBAttacksPage
ImportError: cannot import name 'DBAttacksPage' from 'app.pages.db_attacks_page' (C:\Users\allie\Coding Projects\huggin_suite\huginn\app\pages\db_attacks_page.py)
2026-05-31 23:18:07 - huginn - DEBUG - Memory monitoring stopped
2026-05-31 23:18:07 - huginn - DEBUG - Connection pool closed all sessions
2026-05-31 23:18:07 - huginn - INFO - Update manager stopped during cleanup
2026-05-31 23:19:23 - huginn - INFO - License saved successfully
2026-05-31 23:19:23 - huginn - INFO - License loaded and validated successfully
2026-05-31 23:19:23 - huginn - INFO - Application starting...
2026-05-31 23:19:23 - huginn - INFO - Font loaded successfully
2026-05-31 23:19:23 - huginn - INFO - Stylesheet loaded successfully
2026-05-31 23:19:23 - huginn - INFO - Creating main window...
2026-05-31 23:19:23 - huginn - INFO - QThreadPool max threads set to 32 (CPUs: 32)
2026-05-31 23:19:23 - huginn - INFO - Custom font 'Neuropol X' loaded from C:\Users\allie\Coding Projects\huggin_suite\huginn\resources\fonts\neuropol.otf
2026-05-31 23:19:23 - huginn - DEBUG - Suppressed exception
Traceback (most recent call last):
  File "C:\Users\allie\Coding Projects\huggin_suite\huginn\app\pages\page_registry.py", line 45, in register_all_pages
    from app.pages.db_attacks_page import DBAttacksPage
ImportError: cannot import name 'DBAttacksPage' from 'app.pages.db_attacks_page' (C:\Users\allie\Coding Projects\huggin_suite\huginn\app\pages\db_attacks_page.py)
2026-05-31 23:20:30 - huginn - DEBUG - Memory monitoring stopped
2026-05-31 23:20:30 - huginn - DEBUG - Connection pool closed all sessions
2026-05-31 23:20:30 - huginn - INFO - Update manager stopped during cleanup
2026-05-31 23:20:33 - huginn - INFO - License saved successfully
2026-05-31 23:20:33 - huginn - INFO - License loaded and validated successfully
2026-05-31 23:20:33 - huginn - INFO - Application starting...
2026-05-31 23:20:33 - huginn - INFO - Font loaded successfully
2026-05-31 23:20:33 - huginn - INFO - Stylesheet loaded successfully
2026-05-31 23:20:33 - huginn - INFO - Creating main window...
2026-05-31 23:20:33 - huginn - INFO - QThreadPool max threads set to 32 (CPUs: 32)
2026-05-31 23:20:33 - huginn - INFO - Custom font 'Neuropol X' loaded from C:\Users\allie\Coding Projects\huggin_suite\huginn\resources\fonts\neuropol.otf
2026-05-31 23:20:33 - huginn - DEBUG - Suppressed exception
Traceback (most recent call last):
  File "C:\Users\allie\Coding Projects\huggin_suite\huginn\app\pages\page_registry.py", line 45, in register_all_pages
    from app.pages.db_attacks_page import DBAttacksPage
ImportError: cannot import name 'DBAttacksPage' from 'app.pages.db_attacks_page' (C:\Users\allie\Coding Projects\huggin_suite\huginn\app\pages\db_attacks_page.py)
2026-05-31 23:21:06 - huginn - DEBUG - Memory monitoring stopped
2026-05-31 23:21:06 - huginn - DEBUG - Connection pool closed all sessions
2026-05-31 23:21:06 - huginn - INFO - Update manager stopped during cleanup
2026-05-31 23:21:08 - huginn - INFO - License saved successfully
2026-05-31 23:21:08 - huginn - INFO - License loaded and validated successfully
2026-05-31 23:21:09 - huginn - INFO - Application starting...
2026-05-31 23:21:09 - huginn - INFO - Font loaded successfully
2026-05-31 23:21:09 - huginn - INFO - Stylesheet loaded successfully
2026-05-31 23:21:09 - huginn - INFO - Creating main window...
2026-05-31 23:21:09 - huginn - INFO - QThreadPool max threads set to 32 (CPUs: 32)
2026-05-31 23:21:09 - huginn - INFO - Custom font 'Neuropol X' loaded from C:\Users\allie\Coding Projects\huggin_suite\huginn\resources\fonts\neuropol.otf
2026-05-31 23:21:09 - huginn - DEBUG - Suppressed exception
Traceback (most recent call last):
  File "C:\Users\allie\Coding Projects\huggin_suite\huginn\app\pages\page_registry.py", line 45, in register_all_pages
    from app.pages.db_attacks_page import DBAttacksPage
ImportError: cannot import name 'DBAttacksPage' from 'app.pages.db_attacks_page' (C:\Users\allie\Coding Projects\huggin_suite\huginn\app\pages\db_attacks_page.py)
2026-05-31 23:25:10 - huginn - DEBUG - Wireless security tab unavailable
Traceback (most recent call last):
  File "C:\Users\allie\Coding Projects\huggin_suite\huginn\app\pages\recon_enumeration_page.py", line 99, in setup_ui
    wireless_tab = WirelessSecurityWidget(self)
  File "C:\Users\allie\Coding Projects\huggin_suite\huginn\app\widgets\wireless_security_widget.py", line 52, in __init__
    self.connect_signals()
    ~~~~~~~~~~~~~~~~~~~~^^
  File "C:\Users\allie\Coding Projects\huggin_suite\huginn\app\widgets\wireless_security_widget.py", line 303, in connect_signals
    self.generate_report_btn.clicked.connect(self.generate_report)
    ^^^^^^^^^^^^^^^^^^^^^^^^
AttributeError: 'WirelessSecurityWidget' object has no attribute 'generate_report_btn'. Did you mean: 'generate_report'?
2026-05-31 23:25:13 - huginn - DEBUG - Suppressed exception
Traceback (most recent call last):
  File "C:\Users\allie\Coding Projects\huggin_suite\huginn\app\core\asset_manager.py", line 101, in init_database
    conn.execute("ALTER TABLE assets ADD COLUMN fqdn TEXT DEFAULT ''")
    ~~~~~~~~~~~~^^^^^^^^^^^^^^^^^^^^^^^^^^^^^^^^^^^^^^^^^^^^^^^^^^^^^^
sqlite3.OperationalError: duplicate column name: fqdn
2026-05-31 23:25:13 - huginn - DEBUG - Suppressed exception
Traceback (most recent call last):
  File "C:\Users\allie\Coding Projects\huggin_suite\huginn\app\core\asset_manager.py", line 108, in init_database
    conn.execute("ALTER TABLE assets ADD COLUMN mac_address TEXT DEFAULT ''")
    ~~~~~~~~~~~~^^^^^^^^^^^^^^^^^^^^^^^^^^^^^^^^^^^^^^^^^^^^^^^^^^^^^^^^^^^^^
sqlite3.OperationalError: duplicate column name: mac_address
2026-05-31 23:25:13 - huginn - DEBUG - Suppressed exception
Traceback (most recent call last):
  File "C:\Users\allie\Coding Projects\huggin_suite\huginn\app\core\asset_manager.py", line 115, in init_database
    conn.execute("ALTER TABLE assets ADD COLUMN vendor TEXT DEFAULT ''")
    ~~~~~~~~~~~~^^^^^^^^^^^^^^^^^^^^^^^^^^^^^^^^^^^^^^^^^^^^^^^^^^^^^^^^
sqlite3.OperationalError: duplicate column name: vendor
2026-05-31 23:25:13 - huginn - DEBUG - Suppressed exception
Traceback (most recent call last):
  File "C:\Users\allie\Coding Projects\huggin_suite\huginn\app\core\asset_manager.py", line 122, in init_database
    conn.execute("ALTER TABLE assets ADD COLUMN notes TEXT DEFAULT ''")
    ~~~~~~~~~~~~^^^^^^^^^^^^^^^^^^^^^^^^^^^^^^^^^^^^^^^^^^^^^^^^^^^^^^^
sqlite3.OperationalError: duplicate column name: notes
2026-05-31 23:25:16 - huginn - DEBUG - Session token generated
2026-05-31 23:25:27 - huginn - DEBUG - Memory monitoring stopped
2026-05-31 23:25:27 - huginn - DEBUG - Connection pool closed all sessions
2026-05-31 23:25:27 - huginn - INFO - Update manager stopped during cleanup
2026-05-31 23:27:49 - huginn - INFO - License saved successfully
2026-05-31 23:27:49 - huginn - INFO - License loaded and validated successfully
2026-05-31 23:27:49 - huginn - INFO - Application starting...
2026-05-31 23:27:49 - huginn - INFO - Font loaded successfully
2026-05-31 23:27:49 - huginn - INFO - Stylesheet loaded successfully
2026-05-31 23:27:49 - huginn - INFO - Creating main window...
2026-05-31 23:27:49 - huginn - INFO - QThreadPool max threads set to 32 (CPUs: 32)
2026-05-31 23:27:49 - huginn - INFO - Custom font 'Neuropol X' loaded from C:\Users\allie\Coding Projects\huggin_suite\huginn\resources\fonts\neuropol.otf
2026-05-31 23:27:49 - huginn - DEBUG - Suppressed exception
Traceback (most recent call last):
  File "C:\Users\allie\Coding Projects\huggin_suite\huginn\app\pages\page_registry.py", line 45, in register_all_pages
    from app.pages.db_attacks_page import DBAttacksPage
ImportError: cannot import name 'DBAttacksPage' from 'app.pages.db_attacks_page' (C:\Users\allie\Coding Projects\huggin_suite\huginn\app\pages\db_attacks_page.py)
2026-05-31 23:30:25 - huginn - DEBUG - Memory monitoring stopped
2026-05-31 23:30:25 - huginn - DEBUG - Connection pool closed all sessions
2026-05-31 23:30:25 - huginn - INFO - Update manager stopped during cleanup
2026-05-31 23:30:27 - huginn - INFO - License saved successfully
2026-05-31 23:30:27 - huginn - INFO - License loaded and validated successfully
2026-05-31 23:30:27 - huginn - INFO - Application starting...
2026-05-31 23:30:27 - huginn - INFO - Font loaded successfully
2026-05-31 23:30:27 - huginn - INFO - Stylesheet loaded successfully
2026-05-31 23:30:27 - huginn - INFO - Creating main window...
2026-05-31 23:30:27 - huginn - INFO - QThreadPool max threads set to 32 (CPUs: 32)
2026-05-31 23:30:27 - huginn - INFO - Custom font 'Neuropol X' loaded from C:\Users\allie\Coding Projects\huggin_suite\huginn\resources\fonts\neuropol.otf
2026-05-31 23:30:27 - huginn - DEBUG - Suppressed exception
Traceback (most recent call last):
  File "C:\Users\allie\Coding Projects\huggin_suite\huginn\app\pages\page_registry.py", line 45, in register_all_pages
    from app.pages.db_attacks_page import DBAttacksPage
ImportError: cannot import name 'DBAttacksPage' from 'app.pages.db_attacks_page' (C:\Users\allie\Coding Projects\huggin_suite\huginn\app\pages\db_attacks_page.py)
2026-05-31 23:30:44 - huginn - DEBUG - Memory monitoring stopped
2026-05-31 23:30:44 - huginn - DEBUG - Connection pool closed all sessions
2026-05-31 23:30:44 - huginn - INFO - Update manager stopped during cleanup
2026-05-31 23:31:04 - huginn - INFO - License saved successfully
2026-05-31 23:31:04 - huginn - INFO - License loaded and validated successfully
2026-05-31 23:31:04 - huginn - INFO - Application starting...
2026-05-31 23:31:04 - huginn - INFO - Font loaded successfully
2026-05-31 23:31:04 - huginn - INFO - Stylesheet loaded successfully
2026-05-31 23:31:04 - huginn - INFO - Creating main window...
2026-05-31 23:31:04 - huginn - INFO - QThreadPool max threads set to 32 (CPUs: 32)
2026-05-31 23:31:04 - huginn - INFO - Custom font 'Neuropol X' loaded from C:\Users\allie\Coding Projects\huggin_suite\huginn\resources\fonts\neuropol.otf
2026-05-31 23:31:04 - huginn - DEBUG - Suppressed exception
Traceback (most recent call last):
  File "C:\Users\allie\Coding Projects\huggin_suite\huginn\app\pages\page_registry.py", line 45, in register_all_pages
    from app.pages.db_attacks_page import DBAttacksPage
ImportError: cannot import name 'DBAttacksPage' from 'app.pages.db_attacks_page' (C:\Users\allie\Coding Projects\huggin_suite\huginn\app\pages\db_attacks_page.py)
2026-05-31 23:32:24 - huginn - DEBUG - Memory monitoring stopped
2026-05-31 23:32:24 - huginn - DEBUG - Connection pool closed all sessions
2026-05-31 23:32:24 - huginn - INFO - Update manager stopped during cleanup
2026-05-31 23:32:26 - huginn - INFO - License saved successfully
2026-05-31 23:32:26 - huginn - INFO - License loaded and validated successfully
2026-05-31 23:32:26 - huginn - INFO - Application starting...
2026-05-31 23:32:26 - huginn - INFO - Font loaded successfully
2026-05-31 23:32:26 - huginn - INFO - Stylesheet loaded successfully
2026-05-31 23:32:26 - huginn - INFO - Creating main window...
2026-05-31 23:32:26 - huginn - INFO - QThreadPool max threads set to 32 (CPUs: 32)
2026-05-31 23:32:26 - huginn - INFO - Custom font 'Neuropol X' loaded from C:\Users\allie\Coding Projects\huggin_suite\huginn\resources\fonts\neuropol.otf
2026-05-31 23:32:26 - huginn - DEBUG - Suppressed exception
Traceback (most recent call last):
  File "C:\Users\allie\Coding Projects\huggin_suite\huginn\app\pages\page_registry.py", line 45, in register_all_pages
    from app.pages.db_attacks_page import DBAttacksPage
ImportError: cannot import name 'DBAttacksPage' from 'app.pages.db_attacks_page' (C:\Users\allie\Coding Projects\huggin_suite\huginn\app\pages\db_attacks_page.py)
2026-05-31 23:33:44 - huginn - DEBUG - Memory monitoring stopped
2026-05-31 23:33:44 - huginn - DEBUG - Connection pool closed all sessions
2026-05-31 23:33:44 - huginn - INFO - Update manager stopped during cleanup
2026-05-31 23:33:46 - huginn - INFO - License saved successfully
2026-05-31 23:33:46 - huginn - INFO - License loaded and validated successfully
2026-05-31 23:33:46 - huginn - INFO - Application starting...
2026-05-31 23:33:46 - huginn - INFO - Font loaded successfully
2026-05-31 23:33:46 - huginn - INFO - Stylesheet loaded successfully
2026-05-31 23:33:46 - huginn - INFO - Creating main window...
2026-05-31 23:33:46 - huginn - INFO - QThreadPool max threads set to 32 (CPUs: 32)
2026-05-31 23:33:46 - huginn - INFO - Custom font 'Neuropol X' loaded from C:\Users\allie\Coding Projects\huggin_suite\huginn\resources\fonts\neuropol.otf
2026-05-31 23:33:46 - huginn - DEBUG - Suppressed exception
Traceback (most recent call last):
  File "C:\Users\allie\Coding Projects\huggin_suite\huginn\app\pages\page_registry.py", line 45, in register_all_pages
    from app.pages.db_attacks_page import DBAttacksPage
ImportError: cannot import name 'DBAttacksPage' from 'app.pages.db_attacks_page' (C:\Users\allie\Coding Projects\huggin_suite\huginn\app\pages\db_attacks_page.py)
2026-05-31 23:33:52 - huginn - DEBUG - Wireless security tab unavailable
Traceback (most recent call last):
  File "C:\Users\allie\Coding Projects\huggin_suite\huginn\app\pages\recon_enumeration_page.py", line 99, in setup_ui
    wireless_tab = WirelessSecurityWidget(self)
  File "C:\Users\allie\Coding Projects\huggin_suite\huginn\app\widgets\wireless_security_widget.py", line 52, in __init__
    self.connect_signals()
    ~~~~~~~~~~~~~~~~~~~~^^
  File "C:\Users\allie\Coding Projects\huggin_suite\huginn\app\widgets\wireless_security_widget.py", line 303, in connect_signals
    self.generate_report_btn.clicked.connect(self.generate_report)
    ^^^^^^^^^^^^^^^^^^^^^^^^
AttributeError: 'WirelessSecurityWidget' object has no attribute 'generate_report_btn'. Did you mean: 'generate_report'?
2026-05-31 23:33:53 - huginn - DEBUG - Suppressed exception
Traceback (most recent call last):
  File "C:\Users\allie\Coding Projects\huggin_suite\huginn\app\core\asset_manager.py", line 101, in init_database
    conn.execute("ALTER TABLE assets ADD COLUMN fqdn TEXT DEFAULT ''")
    ~~~~~~~~~~~~^^^^^^^^^^^^^^^^^^^^^^^^^^^^^^^^^^^^^^^^^^^^^^^^^^^^^^
sqlite3.OperationalError: duplicate column name: fqdn
2026-05-31 23:33:53 - huginn - DEBUG - Suppressed exception
Traceback (most recent call last):
  File "C:\Users\allie\Coding Projects\huggin_suite\huginn\app\core\asset_manager.py", line 108, in init_database
    conn.execute("ALTER TABLE assets ADD COLUMN mac_address TEXT DEFAULT ''")
    ~~~~~~~~~~~~^^^^^^^^^^^^^^^^^^^^^^^^^^^^^^^^^^^^^^^^^^^^^^^^^^^^^^^^^^^^^
sqlite3.OperationalError: duplicate column name: mac_address
2026-05-31 23:33:53 - huginn - DEBUG - Suppressed exception
Traceback (most recent call last):
  File "C:\Users\allie\Coding Projects\huggin_suite\huginn\app\core\asset_manager.py", line 115, in init_database
    conn.execute("ALTER TABLE assets ADD COLUMN vendor TEXT DEFAULT ''")
    ~~~~~~~~~~~~^^^^^^^^^^^^^^^^^^^^^^^^^^^^^^^^^^^^^^^^^^^^^^^^^^^^^^^^
sqlite3.OperationalError: duplicate column name: vendor
2026-05-31 23:33:53 - huginn - DEBUG - Suppressed exception
Traceback (most recent call last):
  File "C:\Users\allie\Coding Projects\huggin_suite\huginn\app\core\asset_manager.py", line 122, in init_database
    conn.execute("ALTER TABLE assets ADD COLUMN notes TEXT DEFAULT ''")
    ~~~~~~~~~~~~^^^^^^^^^^^^^^^^^^^^^^^^^^^^^^^^^^^^^^^^^^^^^^^^^^^^^^^
sqlite3.OperationalError: duplicate column name: notes
2026-05-31 23:34:47 - huginn - DEBUG - Memory monitoring stopped
2026-05-31 23:34:47 - huginn - DEBUG - Connection pool closed all sessions
2026-05-31 23:34:47 - huginn - INFO - Update manager stopped during cleanup
2026-05-31 23:34:49 - huginn - INFO - License saved successfully
2026-05-31 23:34:49 - huginn - INFO - License loaded and validated successfully
2026-05-31 23:34:49 - huginn - INFO - Application starting...
2026-05-31 23:34:49 - huginn - INFO - Font loaded successfully
2026-05-31 23:34:49 - huginn - INFO - Stylesheet loaded successfully
2026-05-31 23:34:49 - huginn - INFO - Creating main window...
2026-05-31 23:34:49 - huginn - INFO - QThreadPool max threads set to 32 (CPUs: 32)
2026-05-31 23:34:49 - huginn - INFO - Custom font 'Neuropol X' loaded from C:\Users\allie\Coding Projects\huggin_suite\huginn\resources\fonts\neuropol.otf
2026-05-31 23:34:49 - huginn - DEBUG - Suppressed exception
Traceback (most recent call last):
  File "C:\Users\allie\Coding Projects\huggin_suite\huginn\app\pages\page_registry.py", line 45, in register_all_pages
    from app.pages.db_attacks_page import DBAttacksPage
ImportError: cannot import name 'DBAttacksPage' from 'app.pages.db_attacks_page' (C:\Users\allie\Coding Projects\huggin_suite\huginn\app\pages\db_attacks_page.py)
2026-05-31 23:35:35 - huginn - DEBUG - Memory monitoring stopped
2026-05-31 23:35:35 - huginn - DEBUG - Connection pool closed all sessions
2026-05-31 23:35:35 - huginn - INFO - Update manager stopped during cleanup
2026-05-31 23:35:37 - huginn - INFO - License saved successfully
2026-05-31 23:35:37 - huginn - INFO - License loaded and validated successfully
2026-05-31 23:35:37 - huginn - INFO - Application starting...
2026-05-31 23:35:37 - huginn - INFO - Font loaded successfully
2026-05-31 23:35:37 - huginn - INFO - Stylesheet loaded successfully
2026-05-31 23:35:37 - huginn - INFO - Creating main window...
2026-05-31 23:35:37 - huginn - INFO - QThreadPool max threads set to 32 (CPUs: 32)
2026-05-31 23:35:37 - huginn - INFO - Custom font 'Neuropol X' loaded from C:\Users\allie\Coding Projects\huggin_suite\huginn\resources\fonts\neuropol.otf
2026-05-31 23:35:37 - huginn - DEBUG - Suppressed exception
Traceback (most recent call last):
  File "C:\Users\allie\Coding Projects\huggin_suite\huginn\app\pages\page_registry.py", line 45, in register_all_pages
    from app.pages.db_attacks_page import DBAttacksPage
ImportError: cannot import name 'DBAttacksPage' from 'app.pages.db_attacks_page' (C:\Users\allie\Coding Projects\huggin_suite\huginn\app\pages\db_attacks_page.py)
2026-05-31 23:36:33 - huginn - DEBUG - Memory monitoring stopped
2026-05-31 23:36:33 - huginn - DEBUG - Connection pool closed all sessions
2026-05-31 23:36:33 - huginn - INFO - Update manager stopped during cleanup
2026-05-31 23:36:36 - huginn - INFO - License saved successfully
2026-05-31 23:36:36 - huginn - INFO - License loaded and validated successfully
2026-05-31 23:36:36 - huginn - INFO - Application starting...
2026-05-31 23:36:36 - huginn - INFO - Font loaded successfully
2026-05-31 23:36:36 - huginn - INFO - Stylesheet loaded successfully
2026-05-31 23:36:36 - huginn - INFO - Creating main window...
2026-05-31 23:36:36 - huginn - INFO - QThreadPool max threads set to 32 (CPUs: 32)
2026-05-31 23:36:36 - huginn - INFO - Custom font 'Neuropol X' loaded from C:\Users\allie\Coding Projects\huggin_suite\huginn\resources\fonts\neuropol.otf
2026-05-31 23:36:36 - huginn - DEBUG - Suppressed exception
Traceback (most recent call last):
  File "C:\Users\allie\Coding Projects\huggin_suite\huginn\app\pages\page_registry.py", line 45, in register_all_pages
    from app.pages.db_attacks_page import DBAttacksPage
ImportError: cannot import name 'DBAttacksPage' from 'app.pages.db_attacks_page' (C:\Users\allie\Coding Projects\huggin_suite\huginn\app\pages\db_attacks_page.py)
2026-05-31 23:36:58 - huginn - DEBUG - Memory monitoring stopped
2026-05-31 23:36:58 - huginn - DEBUG - Connection pool closed all sessions
2026-05-31 23:36:58 - huginn - INFO - Update manager stopped during cleanup
2026-05-31 23:37:01 - huginn - INFO - License saved successfully
2026-05-31 23:37:01 - huginn - INFO - License loaded and validated successfully
2026-05-31 23:37:01 - huginn - INFO - Application starting...
2026-05-31 23:37:01 - huginn - INFO - Font loaded successfully
2026-05-31 23:37:01 - huginn - INFO - Stylesheet loaded successfully
2026-05-31 23:37:01 - huginn - INFO - Creating main window...
2026-05-31 23:37:01 - huginn - INFO - QThreadPool max threads set to 32 (CPUs: 32)
2026-05-31 23:37:01 - huginn - INFO - Custom font 'Neuropol X' loaded from C:\Users\allie\Coding Projects\huggin_suite\huginn\resources\fonts\neuropol.otf
2026-05-31 23:37:01 - huginn - DEBUG - Suppressed exception
Traceback (most recent call last):
  File "C:\Users\allie\Coding Projects\huggin_suite\huginn\app\pages\page_registry.py", line 45, in register_all_pages
    from app.pages.db_attacks_page import DBAttacksPage
ImportError: cannot import name 'DBAttacksPage' from 'app.pages.db_attacks_page' (C:\Users\allie\Coding Projects\huggin_suite\huginn\app\pages\db_attacks_page.py)
2026-05-31 23:37:20 - huginn - DEBUG - Memory monitoring stopped
2026-05-31 23:37:20 - huginn - DEBUG - Connection pool closed all sessions
2026-05-31 23:37:20 - huginn - INFO - Update manager stopped during cleanup
2026-05-31 23:37:22 - huginn - INFO - License saved successfully
2026-05-31 23:37:22 - huginn - INFO - License loaded and validated successfully
2026-05-31 23:37:22 - huginn - INFO - Application starting...
2026-05-31 23:37:22 - huginn - INFO - Font loaded successfully
2026-05-31 23:37:22 - huginn - INFO - Stylesheet loaded successfully
2026-05-31 23:37:22 - huginn - INFO - Creating main window...
2026-05-31 23:37:22 - huginn - INFO - QThreadPool max threads set to 32 (CPUs: 32)
2026-05-31 23:37:22 - huginn - INFO - Custom font 'Neuropol X' loaded from C:\Users\allie\Coding Projects\huggin_suite\huginn\resources\fonts\neuropol.otf
2026-05-31 23:37:22 - huginn - DEBUG - Suppressed exception
Traceback (most recent call last):
  File "C:\Users\allie\Coding Projects\huggin_suite\huginn\app\pages\page_registry.py", line 45, in register_all_pages
    from app.pages.db_attacks_page import DBAttacksPage
ImportError: cannot import name 'DBAttacksPage' from 'app.pages.db_attacks_page' (C:\Users\allie\Coding Projects\huggin_suite\huginn\app\pages\db_attacks_page.py)
2026-05-31 23:37:45 - huginn - DEBUG - Memory monitoring stopped
2026-05-31 23:37:45 - huginn - DEBUG - Connection pool closed all sessions
2026-05-31 23:37:45 - huginn - INFO - Update manager stopped during cleanup
2026-05-31 23:37:47 - huginn - INFO - License saved successfully
2026-05-31 23:37:47 - huginn - INFO - License loaded and validated successfully
2026-05-31 23:37:47 - huginn - INFO - Application starting...
2026-05-31 23:37:47 - huginn - INFO - Font loaded successfully
2026-05-31 23:37:47 - huginn - INFO - Stylesheet loaded successfully
2026-05-31 23:37:47 - huginn - INFO - Creating main window...
2026-05-31 23:37:47 - huginn - INFO - QThreadPool max threads set to 32 (CPUs: 32)
2026-05-31 23:37:47 - huginn - INFO - Custom font 'Neuropol X' loaded from C:\Users\allie\Coding Projects\huggin_suite\huginn\resources\fonts\neuropol.otf
2026-05-31 23:37:47 - huginn - DEBUG - Suppressed exception
Traceback (most recent call last):
  File "C:\Users\allie\Coding Projects\huggin_suite\huginn\app\pages\page_registry.py", line 45, in register_all_pages
    from app.pages.db_attacks_page import DBAttacksPage
ImportError: cannot import name 'DBAttacksPage' from 'app.pages.db_attacks_page' (C:\Users\allie\Coding Projects\huggin_suite\huginn\app\pages\db_attacks_page.py)
2026-05-31 23:38:07 - huginn - DEBUG - Memory monitoring stopped
2026-05-31 23:38:07 - huginn - DEBUG - Connection pool closed all sessions
2026-05-31 23:38:07 - huginn - INFO - Update manager stopped during cleanup
2026-05-31 23:38:09 - huginn - INFO - License saved successfully
2026-05-31 23:38:09 - huginn - INFO - License loaded and validated successfully
2026-05-31 23:38:09 - huginn - INFO - Application starting...
2026-05-31 23:38:09 - huginn - INFO - Font loaded successfully
2026-05-31 23:38:09 - huginn - INFO - Stylesheet loaded successfully
2026-05-31 23:38:09 - huginn - INFO - Creating main window...
2026-05-31 23:38:09 - huginn - INFO - QThreadPool max threads set to 32 (CPUs: 32)
2026-05-31 23:38:09 - huginn - INFO - Custom font 'Neuropol X' loaded from C:\Users\allie\Coding Projects\huggin_suite\huginn\resources\fonts\neuropol.otf
2026-05-31 23:38:09 - huginn - DEBUG - Suppressed exception
Traceback (most recent call last):
  File "C:\Users\allie\Coding Projects\huggin_suite\huginn\app\pages\page_registry.py", line 45, in register_all_pages
    from app.pages.db_attacks_page import DBAttacksPage
ImportError: cannot import name 'DBAttacksPage' from 'app.pages.db_attacks_page' (C:\Users\allie\Coding Projects\huggin_suite\huginn\app\pages\db_attacks_page.py)
2026-05-31 23:38:46 - huginn - DEBUG - Memory monitoring stopped
2026-05-31 23:38:46 - huginn - DEBUG - Connection pool closed all sessions
2026-05-31 23:38:46 - huginn - INFO - Update manager stopped during cleanup
2026-05-31 23:38:48 - huginn - INFO - License saved successfully
2026-05-31 23:38:48 - huginn - INFO - License loaded and validated successfully
2026-05-31 23:38:48 - huginn - INFO - Application starting...
2026-05-31 23:38:48 - huginn - INFO - Font loaded successfully
2026-05-31 23:38:48 - huginn - INFO - Stylesheet loaded successfully
2026-05-31 23:38:48 - huginn - INFO - Creating main window...
2026-05-31 23:38:48 - huginn - INFO - QThreadPool max threads set to 32 (CPUs: 32)
2026-05-31 23:38:48 - huginn - INFO - Custom font 'Neuropol X' loaded from C:\Users\allie\Coding Projects\huggin_suite\huginn\resources\fonts\neuropol.otf
2026-05-31 23:38:48 - huginn - DEBUG - Suppressed exception
Traceback (most recent call last):
  File "C:\Users\allie\Coding Projects\huggin_suite\huginn\app\pages\page_registry.py", line 45, in register_all_pages
    from app.pages.db_attacks_page import DBAttacksPage
ImportError: cannot import name 'DBAttacksPage' from 'app.pages.db_attacks_page' (C:\Users\allie\Coding Projects\huggin_suite\huginn\app\pages\db_attacks_page.py)
2026-05-31 23:39:52 - huginn - DEBUG - Memory monitoring stopped
2026-05-31 23:39:52 - huginn - DEBUG - Connection pool closed all sessions
2026-05-31 23:39:52 - huginn - INFO - Update manager stopped during cleanup
2026-05-31 23:39:55 - huginn - INFO - License saved successfully
2026-05-31 23:39:55 - huginn - INFO - License loaded and validated successfully
2026-05-31 23:39:55 - huginn - INFO - Application starting...
2026-05-31 23:39:55 - huginn - INFO - Font loaded successfully
2026-05-31 23:39:55 - huginn - INFO - Stylesheet loaded successfully
2026-05-31 23:39:55 - huginn - INFO - Creating main window...
2026-05-31 23:39:55 - huginn - INFO - QThreadPool max threads set to 32 (CPUs: 32)
2026-05-31 23:39:55 - huginn - INFO - Custom font 'Neuropol X' loaded from C:\Users\allie\Coding Projects\huggin_suite\huginn\resources\fonts\neuropol.otf
2026-05-31 23:39:55 - huginn - DEBUG - Suppressed exception
Traceback (most recent call last):
  File "C:\Users\allie\Coding Projects\huggin_suite\huginn\app\pages\page_registry.py", line 45, in register_all_pages
    from app.pages.db_attacks_page import DBAttacksPage
ImportError: cannot import name 'DBAttacksPage' from 'app.pages.db_attacks_page' (C:\Users\allie\Coding Projects\huggin_suite\huginn\app\pages\db_attacks_page.py)
2026-05-31 23:40:21 - huginn - DEBUG - Memory monitoring stopped
2026-05-31 23:40:21 - huginn - DEBUG - Connection pool closed all sessions
2026-05-31 23:40:21 - huginn - INFO - Update manager stopped during cleanup
2026-05-31 23:41:50 - huginn - DEBUG - Suppressed exception
Traceback (most recent call last):
  File "c:\Users\allie\Coding Projects\huggin_suite\huginn\app\core\asset_manager.py", line 101, in init_database
    conn.execute("ALTER TABLE assets ADD COLUMN fqdn TEXT DEFAULT ''")
    ~~~~~~~~~~~~^^^^^^^^^^^^^^^^^^^^^^^^^^^^^^^^^^^^^^^^^^^^^^^^^^^^^^
sqlite3.OperationalError: duplicate column name: fqdn
2026-05-31 23:41:50 - huginn - DEBUG - Suppressed exception
Traceback (most recent call last):
  File "c:\Users\allie\Coding Projects\huggin_suite\huginn\app\core\asset_manager.py", line 108, in init_database
    conn.execute("ALTER TABLE assets ADD COLUMN mac_address TEXT DEFAULT ''")
    ~~~~~~~~~~~~^^^^^^^^^^^^^^^^^^^^^^^^^^^^^^^^^^^^^^^^^^^^^^^^^^^^^^^^^^^^^
sqlite3.OperationalError: duplicate column name: mac_address
2026-05-31 23:41:50 - huginn - DEBUG - Suppressed exception
Traceback (most recent call last):
  File "c:\Users\allie\Coding Projects\huggin_suite\huginn\app\core\asset_manager.py", line 115, in init_database
    conn.execute("ALTER TABLE assets ADD COLUMN vendor TEXT DEFAULT ''")
    ~~~~~~~~~~~~^^^^^^^^^^^^^^^^^^^^^^^^^^^^^^^^^^^^^^^^^^^^^^^^^^^^^^^^
sqlite3.OperationalError: duplicate column name: vendor
2026-05-31 23:41:50 - huginn - DEBUG - Suppressed exception
Traceback (most recent call last):
  File "c:\Users\allie\Coding Projects\huggin_suite\huginn\app\core\asset_manager.py", line 122, in init_database
    conn.execute("ALTER TABLE assets ADD COLUMN notes TEXT DEFAULT ''")
    ~~~~~~~~~~~~^^^^^^^^^^^^^^^^^^^^^^^^^^^^^^^^^^^^^^^^^^^^^^^^^^^^^^^
sqlite3.OperationalError: duplicate column name: notes
2026-05-31 23:41:51 - huginn - INFO - Using default configuration
2026-05-31 23:41:53 - huginn - INFO - License saved successfully
2026-05-31 23:41:53 - huginn - INFO - License loaded and validated successfully
2026-05-31 23:41:57 - huginn - INFO - License saved successfully
2026-05-31 23:41:57 - huginn - INFO - License loaded and validated successfully
2026-05-31 23:41:57 - huginn - INFO - Application starting...
2026-05-31 23:41:57 - huginn - INFO - Font loaded successfully
2026-05-31 23:41:57 - huginn - INFO - Stylesheet loaded successfully
2026-05-31 23:41:57 - huginn - INFO - Creating main window...
2026-05-31 23:41:57 - huginn - INFO - QThreadPool max threads set to 32 (CPUs: 32)
2026-05-31 23:41:57 - huginn - INFO - Custom font 'Neuropol X' loaded from C:\Users\allie\Coding Projects\huggin_suite\huginn\resources\fonts\neuropol.otf
2026-05-31 23:41:57 - huginn - DEBUG - Suppressed exception
Traceback (most recent call last):
  File "C:\Users\allie\Coding Projects\huggin_suite\huginn\app\pages\page_registry.py", line 45, in register_all_pages
    from app.pages.db_attacks_page import DBAttacksPage
ImportError: cannot import name 'DBAttacksPage' from 'app.pages.db_attacks_page' (C:\Users\allie\Coding Projects\huggin_suite\huginn\app\pages\db_attacks_page.py)
2026-05-31 23:42:49 - huginn - DEBUG - Suppressed exception
Traceback (most recent call last):
  File "c:\Users\allie\Coding Projects\huggin_suite\huginn\app\core\asset_manager.py", line 101, in init_database
    conn.execute("ALTER TABLE assets ADD COLUMN fqdn TEXT DEFAULT ''")
    ~~~~~~~~~~~~^^^^^^^^^^^^^^^^^^^^^^^^^^^^^^^^^^^^^^^^^^^^^^^^^^^^^^
sqlite3.OperationalError: duplicate column name: fqdn
2026-05-31 23:42:49 - huginn - DEBUG - Suppressed exception
Traceback (most recent call last):
  File "c:\Users\allie\Coding Projects\huggin_suite\huginn\app\core\asset_manager.py", line 108, in init_database
    conn.execute("ALTER TABLE assets ADD COLUMN mac_address TEXT DEFAULT ''")
    ~~~~~~~~~~~~^^^^^^^^^^^^^^^^^^^^^^^^^^^^^^^^^^^^^^^^^^^^^^^^^^^^^^^^^^^^^
sqlite3.OperationalError: duplicate column name: mac_address
2026-05-31 23:42:49 - huginn - DEBUG - Suppressed exception
Traceback (most recent call last):
  File "c:\Users\allie\Coding Projects\huggin_suite\huginn\app\core\asset_manager.py", line 115, in init_database
    conn.execute("ALTER TABLE assets ADD COLUMN vendor TEXT DEFAULT ''")
    ~~~~~~~~~~~~^^^^^^^^^^^^^^^^^^^^^^^^^^^^^^^^^^^^^^^^^^^^^^^^^^^^^^^^
sqlite3.OperationalError: duplicate column name: vendor
2026-05-31 23:42:49 - huginn - DEBUG - Suppressed exception
Traceback (most recent call last):
  File "c:\Users\allie\Coding Projects\huggin_suite\huginn\app\core\asset_manager.py", line 122, in init_database
    conn.execute("ALTER TABLE assets ADD COLUMN notes TEXT DEFAULT ''")
    ~~~~~~~~~~~~^^^^^^^^^^^^^^^^^^^^^^^^^^^^^^^^^^^^^^^^^^^^^^^^^^^^^^^
sqlite3.OperationalError: duplicate column name: notes
2026-05-31 23:42:50 - huginn - INFO - Using default configuration
2026-05-31 23:42:52 - huginn - DEBUG - Memory monitoring stopped
2026-05-31 23:42:52 - huginn - DEBUG - Connection pool closed all sessions
2026-05-31 23:42:52 - huginn - INFO - Update manager stopped during cleanup
2026-05-31 23:42:52 - huginn - INFO - License saved successfully
2026-05-31 23:42:52 - huginn - INFO - License loaded and validated successfully
2026-05-31 23:42:55 - huginn - DEBUG - Suppressed exception
Traceback (most recent call last):
  File "c:\Users\allie\Coding Projects\huggin_suite\huginn\app\core\asset_manager.py", line 101, in init_database
    conn.execute("ALTER TABLE assets ADD COLUMN fqdn TEXT DEFAULT ''")
    ~~~~~~~~~~~~^^^^^^^^^^^^^^^^^^^^^^^^^^^^^^^^^^^^^^^^^^^^^^^^^^^^^^
sqlite3.OperationalError: duplicate column name: fqdn
2026-05-31 23:42:55 - huginn - DEBUG - Suppressed exception
Traceback (most recent call last):
  File "c:\Users\allie\Coding Projects\huggin_suite\huginn\app\core\asset_manager.py", line 108, in init_database
    conn.execute("ALTER TABLE assets ADD COLUMN mac_address TEXT DEFAULT ''")
    ~~~~~~~~~~~~^^^^^^^^^^^^^^^^^^^^^^^^^^^^^^^^^^^^^^^^^^^^^^^^^^^^^^^^^^^^^
sqlite3.OperationalError: duplicate column name: mac_address
2026-05-31 23:42:55 - huginn - DEBUG - Suppressed exception
Traceback (most recent call last):
  File "c:\Users\allie\Coding Projects\huggin_suite\huginn\app\core\asset_manager.py", line 115, in init_database
    conn.execute("ALTER TABLE assets ADD COLUMN vendor TEXT DEFAULT ''")
    ~~~~~~~~~~~~^^^^^^^^^^^^^^^^^^^^^^^^^^^^^^^^^^^^^^^^^^^^^^^^^^^^^^^^
sqlite3.OperationalError: duplicate column name: vendor
2026-05-31 23:42:55 - huginn - DEBUG - Suppressed exception
Traceback (most recent call last):
  File "c:\Users\allie\Coding Projects\huggin_suite\huginn\app\core\asset_manager.py", line 122, in init_database
    conn.execute("ALTER TABLE assets ADD COLUMN notes TEXT DEFAULT ''")
    ~~~~~~~~~~~~^^^^^^^^^^^^^^^^^^^^^^^^^^^^^^^^^^^^^^^^^^^^^^^^^^^^^^^
sqlite3.OperationalError: duplicate column name: notes
2026-05-31 23:42:55 - huginn - INFO - Using default configuration
2026-05-31 23:42:57 - huginn - INFO - License saved successfully
2026-05-31 23:42:57 - huginn - INFO - License loaded and validated successfully
2026-05-31 23:43:01 - huginn - INFO - License saved successfully
2026-05-31 23:43:01 - huginn - INFO - License loaded and validated successfully
2026-05-31 23:43:01 - huginn - INFO - Application starting...
2026-05-31 23:43:01 - huginn - INFO - Font loaded successfully
2026-05-31 23:43:01 - huginn - INFO - Stylesheet loaded successfully
2026-05-31 23:43:01 - huginn - INFO - Creating main window...
2026-05-31 23:43:01 - huginn - INFO - QThreadPool max threads set to 32 (CPUs: 32)
2026-05-31 23:43:01 - huginn - INFO - Custom font 'Neuropol X' loaded from C:\Users\allie\Coding Projects\huggin_suite\huginn\resources\fonts\neuropol.otf
2026-05-31 23:43:01 - huginn - DEBUG - Suppressed exception
Traceback (most recent call last):
  File "C:\Users\allie\Coding Projects\huggin_suite\huginn\app\pages\page_registry.py", line 45, in register_all_pages
    from app.pages.db_attacks_page import DBAttacksPage
ImportError: cannot import name 'DBAttacksPage' from 'app.pages.db_attacks_page' (C:\Users\allie\Coding Projects\huggin_suite\huginn\app\pages\db_attacks_page.py)
2026-05-31 23:44:06 - huginn - DEBUG - Memory monitoring stopped
2026-05-31 23:44:06 - huginn - DEBUG - Connection pool closed all sessions
2026-05-31 23:44:06 - huginn - INFO - Update manager stopped during cleanup
2026-05-31 23:45:00 - huginn - DEBUG - Suppressed exception
Traceback (most recent call last):
  File "c:\Users\allie\Coding Projects\huggin_suite\huginn\app\core\asset_manager.py", line 101, in init_database
    conn.execute("ALTER TABLE assets ADD COLUMN fqdn TEXT DEFAULT ''")
    ~~~~~~~~~~~~^^^^^^^^^^^^^^^^^^^^^^^^^^^^^^^^^^^^^^^^^^^^^^^^^^^^^^
sqlite3.OperationalError: duplicate column name: fqdn
2026-05-31 23:45:00 - huginn - DEBUG - Suppressed exception
Traceback (most recent call last):
  File "c:\Users\allie\Coding Projects\huggin_suite\huginn\app\core\asset_manager.py", line 108, in init_database
    conn.execute("ALTER TABLE assets ADD COLUMN mac_address TEXT DEFAULT ''")
    ~~~~~~~~~~~~^^^^^^^^^^^^^^^^^^^^^^^^^^^^^^^^^^^^^^^^^^^^^^^^^^^^^^^^^^^^^
sqlite3.OperationalError: duplicate column name: mac_address
2026-05-31 23:45:00 - huginn - DEBUG - Suppressed exception
Traceback (most recent call last):
  File "c:\Users\allie\Coding Projects\huggin_suite\huginn\app\core\asset_manager.py", line 115, in init_database
    conn.execute("ALTER TABLE assets ADD COLUMN vendor TEXT DEFAULT ''")
    ~~~~~~~~~~~~^^^^^^^^^^^^^^^^^^^^^^^^^^^^^^^^^^^^^^^^^^^^^^^^^^^^^^^^
sqlite3.OperationalError: duplicate column name: vendor
2026-05-31 23:45:00 - huginn - DEBUG - Suppressed exception
Traceback (most recent call last):
  File "c:\Users\allie\Coding Projects\huggin_suite\huginn\app\core\asset_manager.py", line 122, in init_database
    conn.execute("ALTER TABLE assets ADD COLUMN notes TEXT DEFAULT ''")
    ~~~~~~~~~~~~^^^^^^^^^^^^^^^^^^^^^^^^^^^^^^^^^^^^^^^^^^^^^^^^^^^^^^^
sqlite3.OperationalError: duplicate column name: notes
2026-05-31 23:45:00 - huginn - INFO - Using default configuration
2026-05-31 23:45:02 - huginn - INFO - License saved successfully
2026-05-31 23:45:02 - huginn - INFO - License loaded and validated successfully
2026-05-31 23:45:06 - huginn - INFO - License saved successfully
2026-05-31 23:45:06 - huginn - INFO - License loaded and validated successfully
2026-05-31 23:45:06 - huginn - INFO - Application starting...
2026-05-31 23:45:06 - huginn - INFO - Font loaded successfully
2026-05-31 23:45:06 - huginn - INFO - Stylesheet loaded successfully
2026-05-31 23:45:06 - huginn - INFO - Creating main window...
2026-05-31 23:45:06 - huginn - INFO - QThreadPool max threads set to 32 (CPUs: 32)
2026-05-31 23:45:06 - huginn - INFO - Custom font 'Neuropol X' loaded from C:\Users\allie\Coding Projects\huggin_suite\huginn\resources\fonts\neuropol.otf
2026-05-31 23:45:06 - huginn - DEBUG - Suppressed exception
Traceback (most recent call last):
  File "C:\Users\allie\Coding Projects\huggin_suite\huginn\app\pages\page_registry.py", line 45, in register_all_pages
    from app.pages.db_attacks_page import DBAttacksPage
ImportError: cannot import name 'DBAttacksPage' from 'app.pages.db_attacks_page' (C:\Users\allie\Coding Projects\huggin_suite\huginn\app\pages\db_attacks_page.py)
2026-05-31 23:45:15 - huginn - DEBUG - Suppressed exception
Traceback (most recent call last):
  File "C:\Users\allie\Coding Projects\huggin_suite\huginn\app\core\asset_manager.py", line 101, in init_database
    conn.execute("ALTER TABLE assets ADD COLUMN fqdn TEXT DEFAULT ''")
    ~~~~~~~~~~~~^^^^^^^^^^^^^^^^^^^^^^^^^^^^^^^^^^^^^^^^^^^^^^^^^^^^^^
sqlite3.OperationalError: duplicate column name: fqdn
2026-05-31 23:45:15 - huginn - DEBUG - Suppressed exception
Traceback (most recent call last):
  File "C:\Users\allie\Coding Projects\huggin_suite\huginn\app\core\asset_manager.py", line 108, in init_database
    conn.execute("ALTER TABLE assets ADD COLUMN mac_address TEXT DEFAULT ''")
    ~~~~~~~~~~~~^^^^^^^^^^^^^^^^^^^^^^^^^^^^^^^^^^^^^^^^^^^^^^^^^^^^^^^^^^^^^
sqlite3.OperationalError: duplicate column name: mac_address
2026-05-31 23:45:15 - huginn - DEBUG - Suppressed exception
Traceback (most recent call last):
  File "C:\Users\allie\Coding Projects\huggin_suite\huginn\app\core\asset_manager.py", line 115, in init_database
    conn.execute("ALTER TABLE assets ADD COLUMN vendor TEXT DEFAULT ''")
    ~~~~~~~~~~~~^^^^^^^^^^^^^^^^^^^^^^^^^^^^^^^^^^^^^^^^^^^^^^^^^^^^^^^^
sqlite3.OperationalError: duplicate column name: vendor
2026-05-31 23:45:15 - huginn - DEBUG - Suppressed exception
Traceback (most recent call last):
  File "C:\Users\allie\Coding Projects\huggin_suite\huginn\app\core\asset_manager.py", line 122, in init_database
    conn.execute("ALTER TABLE assets ADD COLUMN notes TEXT DEFAULT ''")
    ~~~~~~~~~~~~^^^^^^^^^^^^^^^^^^^^^^^^^^^^^^^^^^^^^^^^^^^^^^^^^^^^^^^
sqlite3.OperationalError: duplicate column name: notes
2026-05-31 23:45:18 - huginn - DEBUG - Wireless security tab unavailable
Traceback (most recent call last):
  File "C:\Users\allie\Coding Projects\huggin_suite\huginn\app\pages\recon_enumeration_page.py", line 99, in setup_ui
    wireless_tab = WirelessSecurityWidget(self)
  File "C:\Users\allie\Coding Projects\huggin_suite\huginn\app\widgets\wireless_security_widget.py", line 52, in __init__
    self.connect_signals()
    ~~~~~~~~~~~~~~~~~~~~^^
  File "C:\Users\allie\Coding Projects\huggin_suite\huginn\app\widgets\wireless_security_widget.py", line 303, in connect_signals
    self.generate_report_btn.clicked.connect(self.generate_report)
    ^^^^^^^^^^^^^^^^^^^^^^^^
AttributeError: 'WirelessSecurityWidget' object has no attribute 'generate_report_btn'. Did you mean: 'generate_report'?
2026-05-31 23:45:21 - huginn - DEBUG - Session token generated
2026-05-31 23:45:36 - huginn - DEBUG - Memory monitoring stopped
2026-05-31 23:45:36 - huginn - DEBUG - Connection pool closed all sessions
2026-05-31 23:45:36 - huginn - INFO - Update manager stopped during cleanup
2026-05-31 23:46:24 - huginn - DEBUG - Suppressed exception
Traceback (most recent call last):
  File "c:\Users\allie\Coding Projects\huggin_suite\huginn\app\core\asset_manager.py", line 101, in init_database
    conn.execute("ALTER TABLE assets ADD COLUMN fqdn TEXT DEFAULT ''")
    ~~~~~~~~~~~~^^^^^^^^^^^^^^^^^^^^^^^^^^^^^^^^^^^^^^^^^^^^^^^^^^^^^^
sqlite3.OperationalError: duplicate column name: fqdn
2026-05-31 23:46:24 - huginn - DEBUG - Suppressed exception
Traceback (most recent call last):
  File "c:\Users\allie\Coding Projects\huggin_suite\huginn\app\core\asset_manager.py", line 108, in init_database
    conn.execute("ALTER TABLE assets ADD COLUMN mac_address TEXT DEFAULT ''")
    ~~~~~~~~~~~~^^^^^^^^^^^^^^^^^^^^^^^^^^^^^^^^^^^^^^^^^^^^^^^^^^^^^^^^^^^^^
sqlite3.OperationalError: duplicate column name: mac_address
2026-05-31 23:46:24 - huginn - DEBUG - Suppressed exception
Traceback (most recent call last):
  File "c:\Users\allie\Coding Projects\huggin_suite\huginn\app\core\asset_manager.py", line 115, in init_database
    conn.execute("ALTER TABLE assets ADD COLUMN vendor TEXT DEFAULT ''")
    ~~~~~~~~~~~~^^^^^^^^^^^^^^^^^^^^^^^^^^^^^^^^^^^^^^^^^^^^^^^^^^^^^^^^
sqlite3.OperationalError: duplicate column name: vendor
2026-05-31 23:46:24 - huginn - DEBUG - Suppressed exception
Traceback (most recent call last):
  File "c:\Users\allie\Coding Projects\huggin_suite\huginn\app\core\asset_manager.py", line 122, in init_database
    conn.execute("ALTER TABLE assets ADD COLUMN notes TEXT DEFAULT ''")
    ~~~~~~~~~~~~^^^^^^^^^^^^^^^^^^^^^^^^^^^^^^^^^^^^^^^^^^^^^^^^^^^^^^^
sqlite3.OperationalError: duplicate column name: notes
2026-05-31 23:46:24 - huginn - INFO - Using default configuration
2026-05-31 23:46:25 - huginn - INFO - License saved successfully
2026-05-31 23:46:25 - huginn - INFO - License loaded and validated successfully
2026-05-31 23:46:26 - huginn - INFO - Application starting...
2026-05-31 23:46:26 - huginn - INFO - Font loaded successfully
2026-05-31 23:46:26 - huginn - INFO - Stylesheet loaded successfully
2026-05-31 23:46:26 - huginn - INFO - Creating main window...
2026-05-31 23:46:26 - huginn - INFO - QThreadPool max threads set to 32 (CPUs: 32)
2026-05-31 23:46:26 - huginn - INFO - Custom font 'Neuropol X' loaded from C:\Users\allie\Coding Projects\huggin_suite\huginn\resources\fonts\neuropol.otf
2026-05-31 23:46:26 - huginn - DEBUG - Suppressed exception
Traceback (most recent call last):
  File "C:\Users\allie\Coding Projects\huggin_suite\huginn\app\pages\page_registry.py", line 45, in register_all_pages
    from app.pages.db_attacks_page import DBAttacksPage
ImportError: cannot import name 'DBAttacksPage' from 'app.pages.db_attacks_page' (C:\Users\allie\Coding Projects\huggin_suite\huginn\app\pages\db_attacks_page.py)
2026-05-31 23:46:26 - huginn - INFO - License saved successfully
2026-05-31 23:46:26 - huginn - INFO - License loaded and validated successfully
2026-05-31 23:46:30 - huginn - DEBUG - Wireless security tab unavailable
Traceback (most recent call last):
  File "C:\Users\allie\Coding Projects\huggin_suite\huginn\app\pages\recon_enumeration_page.py", line 99, in setup_ui
    wireless_tab = WirelessSecurityWidget(self)
  File "C:\Users\allie\Coding Projects\huggin_suite\huginn\app\widgets\wireless_security_widget.py", line 52, in __init__
    self.connect_signals()
    ~~~~~~~~~~~~~~~~~~~~^^
  File "C:\Users\allie\Coding Projects\huggin_suite\huginn\app\widgets\wireless_security_widget.py", line 303, in connect_signals
    self.generate_report_btn.clicked.connect(self.generate_report)
    ^^^^^^^^^^^^^^^^^^^^^^^^
AttributeError: 'WirelessSecurityWidget' object has no attribute 'generate_report_btn'. Did you mean: 'generate_report'?
2026-05-31 23:46:46 - huginn - DEBUG - Suppressed exception
Traceback (most recent call last):
  File "C:\Users\allie\Coding Projects\huggin_suite\huginn\app\core\asset_manager.py", line 101, in init_database
    conn.execute("ALTER TABLE assets ADD COLUMN fqdn TEXT DEFAULT ''")
    ~~~~~~~~~~~~^^^^^^^^^^^^^^^^^^^^^^^^^^^^^^^^^^^^^^^^^^^^^^^^^^^^^^
sqlite3.OperationalError: duplicate column name: fqdn
2026-05-31 23:46:46 - huginn - DEBUG - Suppressed exception
Traceback (most recent call last):
  File "C:\Users\allie\Coding Projects\huggin_suite\huginn\app\core\asset_manager.py", line 108, in init_database
    conn.execute("ALTER TABLE assets ADD COLUMN mac_address TEXT DEFAULT ''")
    ~~~~~~~~~~~~^^^^^^^^^^^^^^^^^^^^^^^^^^^^^^^^^^^^^^^^^^^^^^^^^^^^^^^^^^^^^
sqlite3.OperationalError: duplicate column name: mac_address
2026-05-31 23:46:46 - huginn - DEBUG - Suppressed exception
Traceback (most recent call last):
  File "C:\Users\allie\Coding Projects\huggin_suite\huginn\app\core\asset_manager.py", line 115, in init_database
    conn.execute("ALTER TABLE assets ADD COLUMN vendor TEXT DEFAULT ''")
    ~~~~~~~~~~~~^^^^^^^^^^^^^^^^^^^^^^^^^^^^^^^^^^^^^^^^^^^^^^^^^^^^^^^^
sqlite3.OperationalError: duplicate column name: vendor
2026-05-31 23:46:46 - huginn - DEBUG - Suppressed exception
Traceback (most recent call last):
  File "C:\Users\allie\Coding Projects\huggin_suite\huginn\app\core\asset_manager.py", line 122, in init_database
    conn.execute("ALTER TABLE assets ADD COLUMN notes TEXT DEFAULT ''")
    ~~~~~~~~~~~~^^^^^^^^^^^^^^^^^^^^^^^^^^^^^^^^^^^^^^^^^^^^^^^^^^^^^^^
sqlite3.OperationalError: duplicate column name: notes
2026-05-31 23:46:57 - huginn - DEBUG - Memory monitoring stopped
2026-05-31 23:46:57 - huginn - DEBUG - Connection pool closed all sessions
2026-05-31 23:46:58 - huginn - INFO - Update manager stopped during cleanup
2026-05-31 23:47:09 - huginn - DEBUG - Suppressed exception
Traceback (most recent call last):
  File "c:\Users\allie\Coding Projects\huggin_suite\huginn\app\core\asset_manager.py", line 101, in init_database
    conn.execute("ALTER TABLE assets ADD COLUMN fqdn TEXT DEFAULT ''")
    ~~~~~~~~~~~~^^^^^^^^^^^^^^^^^^^^^^^^^^^^^^^^^^^^^^^^^^^^^^^^^^^^^^
sqlite3.OperationalError: duplicate column name: fqdn
2026-05-31 23:47:09 - huginn - DEBUG - Suppressed exception
Traceback (most recent call last):
  File "c:\Users\allie\Coding Projects\huggin_suite\huginn\app\core\asset_manager.py", line 108, in init_database
    conn.execute("ALTER TABLE assets ADD COLUMN mac_address TEXT DEFAULT ''")
    ~~~~~~~~~~~~^^^^^^^^^^^^^^^^^^^^^^^^^^^^^^^^^^^^^^^^^^^^^^^^^^^^^^^^^^^^^
sqlite3.OperationalError: duplicate column name: mac_address
2026-05-31 23:47:09 - huginn - DEBUG - Suppressed exception
Traceback (most recent call last):
  File "c:\Users\allie\Coding Projects\huggin_suite\huginn\app\core\asset_manager.py", line 115, in init_database
    conn.execute("ALTER TABLE assets ADD COLUMN vendor TEXT DEFAULT ''")
    ~~~~~~~~~~~~^^^^^^^^^^^^^^^^^^^^^^^^^^^^^^^^^^^^^^^^^^^^^^^^^^^^^^^^
sqlite3.OperationalError: duplicate column name: vendor
2026-05-31 23:47:09 - huginn - DEBUG - Suppressed exception
Traceback (most recent call last):
  File "c:\Users\allie\Coding Projects\huggin_suite\huginn\app\core\asset_manager.py", line 122, in init_database
    conn.execute("ALTER TABLE assets ADD COLUMN notes TEXT DEFAULT ''")
    ~~~~~~~~~~~~^^^^^^^^^^^^^^^^^^^^^^^^^^^^^^^^^^^^^^^^^^^^^^^^^^^^^^^
sqlite3.OperationalError: duplicate column name: notes
2026-05-31 23:47:09 - huginn - INFO - Using default configuration
2026-05-31 23:47:10 - huginn - INFO - License saved successfully
2026-05-31 23:47:10 - huginn - INFO - License loaded and validated successfully
2026-05-31 23:47:10 - huginn - INFO - Application starting...
2026-05-31 23:47:10 - huginn - INFO - Font loaded successfully
2026-05-31 23:47:10 - huginn - INFO - Stylesheet loaded successfully
2026-05-31 23:47:10 - huginn - INFO - Creating main window...
2026-05-31 23:47:10 - huginn - INFO - QThreadPool max threads set to 32 (CPUs: 32)
2026-05-31 23:47:10 - huginn - INFO - Custom font 'Neuropol X' loaded from C:\Users\allie\Coding Projects\huggin_suite\huginn\resources\fonts\neuropol.otf
2026-05-31 23:47:10 - huginn - DEBUG - Suppressed exception
Traceback (most recent call last):
  File "C:\Users\allie\Coding Projects\huggin_suite\huginn\app\pages\page_registry.py", line 45, in register_all_pages
    from app.pages.db_attacks_page import DBAttacksPage
ImportError: cannot import name 'DBAttacksPage' from 'app.pages.db_attacks_page' (C:\Users\allie\Coding Projects\huggin_suite\huginn\app\pages\db_attacks_page.py)
2026-05-31 23:47:11 - huginn - INFO - License saved successfully
2026-05-31 23:47:11 - huginn - INFO - License loaded and validated successfully
2026-05-31 23:47:14 - huginn - DEBUG - Suppressed exception
Traceback (most recent call last):
  File "C:\Users\allie\Coding Projects\huggin_suite\huginn\app\core\asset_manager.py", line 101, in init_database
    conn.execute("ALTER TABLE assets ADD COLUMN fqdn TEXT DEFAULT ''")
    ~~~~~~~~~~~~^^^^^^^^^^^^^^^^^^^^^^^^^^^^^^^^^^^^^^^^^^^^^^^^^^^^^^
sqlite3.OperationalError: duplicate column name: fqdn
2026-05-31 23:47:14 - huginn - DEBUG - Suppressed exception
Traceback (most recent call last):
  File "C:\Users\allie\Coding Projects\huggin_suite\huginn\app\core\asset_manager.py", line 108, in init_database
    conn.execute("ALTER TABLE assets ADD COLUMN mac_address TEXT DEFAULT ''")
    ~~~~~~~~~~~~^^^^^^^^^^^^^^^^^^^^^^^^^^^^^^^^^^^^^^^^^^^^^^^^^^^^^^^^^^^^^
sqlite3.OperationalError: duplicate column name: mac_address
2026-05-31 23:47:14 - huginn - DEBUG - Suppressed exception
Traceback (most recent call last):
  File "C:\Users\allie\Coding Projects\huggin_suite\huginn\app\core\asset_manager.py", line 115, in init_database
    conn.execute("ALTER TABLE assets ADD COLUMN vendor TEXT DEFAULT ''")
    ~~~~~~~~~~~~^^^^^^^^^^^^^^^^^^^^^^^^^^^^^^^^^^^^^^^^^^^^^^^^^^^^^^^^
sqlite3.OperationalError: duplicate column name: vendor
2026-05-31 23:47:14 - huginn - DEBUG - Suppressed exception
Traceback (most recent call last):
  File "C:\Users\allie\Coding Projects\huggin_suite\huginn\app\core\asset_manager.py", line 122, in init_database
    conn.execute("ALTER TABLE assets ADD COLUMN notes TEXT DEFAULT ''")
    ~~~~~~~~~~~~^^^^^^^^^^^^^^^^^^^^^^^^^^^^^^^^^^^^^^^^^^^^^^^^^^^^^^^
sqlite3.OperationalError: duplicate column name: notes
2026-05-31 23:47:18 - huginn - DEBUG - Wireless security tab unavailable
Traceback (most recent call last):
  File "C:\Users\allie\Coding Projects\huggin_suite\huginn\app\pages\recon_enumeration_page.py", line 99, in setup_ui
    wireless_tab = WirelessSecurityWidget(self)
  File "C:\Users\allie\Coding Projects\huggin_suite\huginn\app\widgets\wireless_security_widget.py", line 52, in __init__
    self.connect_signals()
    ~~~~~~~~~~~~~~~~~~~~^^
  File "C:\Users\allie\Coding Projects\huggin_suite\huginn\app\widgets\wireless_security_widget.py", line 303, in connect_signals
    self.generate_report_btn.clicked.connect(self.generate_report)
    ^^^^^^^^^^^^^^^^^^^^^^^^
AttributeError: 'WirelessSecurityWidget' object has no attribute 'generate_report_btn'. Did you mean: 'generate_report'?
2026-05-31 23:47:28 - huginn - DEBUG - Session token generated
2026-05-31 23:47:39 - huginn - DEBUG - Memory monitoring stopped
2026-05-31 23:47:39 - huginn - DEBUG - Connection pool closed all sessions
2026-05-31 23:47:39 - huginn - INFO - Update manager stopped during cleanup
2026-05-31 23:47:48 - huginn - DEBUG - Suppressed exception
Traceback (most recent call last):
  File "c:\Users\allie\Coding Projects\huggin_suite\huginn\app\core\asset_manager.py", line 101, in init_database
    conn.execute("ALTER TABLE assets ADD COLUMN fqdn TEXT DEFAULT ''")
    ~~~~~~~~~~~~^^^^^^^^^^^^^^^^^^^^^^^^^^^^^^^^^^^^^^^^^^^^^^^^^^^^^^
sqlite3.OperationalError: duplicate column name: fqdn
2026-05-31 23:47:48 - huginn - DEBUG - Suppressed exception
Traceback (most recent call last):
  File "c:\Users\allie\Coding Projects\huggin_suite\huginn\app\core\asset_manager.py", line 108, in init_database
    conn.execute("ALTER TABLE assets ADD COLUMN mac_address TEXT DEFAULT ''")
    ~~~~~~~~~~~~^^^^^^^^^^^^^^^^^^^^^^^^^^^^^^^^^^^^^^^^^^^^^^^^^^^^^^^^^^^^^
sqlite3.OperationalError: duplicate column name: mac_address
2026-05-31 23:47:48 - huginn - DEBUG - Suppressed exception
Traceback (most recent call last):
  File "c:\Users\allie\Coding Projects\huggin_suite\huginn\app\core\asset_manager.py", line 115, in init_database
    conn.execute("ALTER TABLE assets ADD COLUMN vendor TEXT DEFAULT ''")
    ~~~~~~~~~~~~^^^^^^^^^^^^^^^^^^^^^^^^^^^^^^^^^^^^^^^^^^^^^^^^^^^^^^^^
sqlite3.OperationalError: duplicate column name: vendor
2026-05-31 23:47:48 - huginn - DEBUG - Suppressed exception
Traceback (most recent call last):
  File "c:\Users\allie\Coding Projects\huggin_suite\huginn\app\core\asset_manager.py", line 122, in init_database
    conn.execute("ALTER TABLE assets ADD COLUMN notes TEXT DEFAULT ''")
    ~~~~~~~~~~~~^^^^^^^^^^^^^^^^^^^^^^^^^^^^^^^^^^^^^^^^^^^^^^^^^^^^^^^
sqlite3.OperationalError: duplicate column name: notes
2026-05-31 23:47:49 - huginn - INFO - Using default configuration
2026-05-31 23:47:50 - huginn - INFO - License saved successfully
2026-05-31 23:47:50 - huginn - INFO - License loaded and validated successfully
2026-05-31 23:47:50 - huginn - INFO - Application starting...
2026-05-31 23:47:50 - huginn - INFO - Font loaded successfully
2026-05-31 23:47:50 - huginn - INFO - Stylesheet loaded successfully
2026-05-31 23:47:50 - huginn - INFO - Creating main window...
2026-05-31 23:47:50 - huginn - INFO - QThreadPool max threads set to 32 (CPUs: 32)
2026-05-31 23:47:50 - huginn - INFO - Custom font 'Neuropol X' loaded from C:\Users\allie\Coding Projects\huggin_suite\huginn\resources\fonts\neuropol.otf
2026-05-31 23:47:50 - huginn - DEBUG - Suppressed exception
Traceback (most recent call last):
  File "C:\Users\allie\Coding Projects\huggin_suite\huginn\app\pages\page_registry.py", line 45, in register_all_pages
    from app.pages.db_attacks_page import DBAttacksPage
ImportError: cannot import name 'DBAttacksPage' from 'app.pages.db_attacks_page' (C:\Users\allie\Coding Projects\huggin_suite\huginn\app\pages\db_attacks_page.py)
2026-05-31 23:47:51 - huginn - INFO - License saved successfully
2026-05-31 23:47:51 - huginn - INFO - License loaded and validated successfully
2026-05-31 23:47:54 - huginn - DEBUG - Wireless security tab unavailable
Traceback (most recent call last):
  File "C:\Users\allie\Coding Projects\huggin_suite\huginn\app\pages\recon_enumeration_page.py", line 99, in setup_ui
    wireless_tab = WirelessSecurityWidget(self)
  File "C:\Users\allie\Coding Projects\huggin_suite\huginn\app\widgets\wireless_security_widget.py", line 52, in __init__
    self.connect_signals()
    ~~~~~~~~~~~~~~~~~~~~^^
  File "C:\Users\allie\Coding Projects\huggin_suite\huginn\app\widgets\wireless_security_widget.py", line 303, in connect_signals
    self.generate_report_btn.clicked.connect(self.generate_report)
    ^^^^^^^^^^^^^^^^^^^^^^^^
AttributeError: 'WirelessSecurityWidget' object has no attribute 'generate_report_btn'. Did you mean: 'generate_report'?
2026-05-31 23:47:55 - huginn - DEBUG - Suppressed exception
Traceback (most recent call last):
  File "C:\Users\allie\Coding Projects\huggin_suite\huginn\app\core\asset_manager.py", line 101, in init_database
    conn.execute("ALTER TABLE assets ADD COLUMN fqdn TEXT DEFAULT ''")
    ~~~~~~~~~~~~^^^^^^^^^^^^^^^^^^^^^^^^^^^^^^^^^^^^^^^^^^^^^^^^^^^^^^
sqlite3.OperationalError: duplicate column name: fqdn
2026-05-31 23:47:55 - huginn - DEBUG - Suppressed exception
Traceback (most recent call last):
  File "C:\Users\allie\Coding Projects\huggin_suite\huginn\app\core\asset_manager.py", line 108, in init_database
    conn.execute("ALTER TABLE assets ADD COLUMN mac_address TEXT DEFAULT ''")
    ~~~~~~~~~~~~^^^^^^^^^^^^^^^^^^^^^^^^^^^^^^^^^^^^^^^^^^^^^^^^^^^^^^^^^^^^^
sqlite3.OperationalError: duplicate column name: mac_address
2026-05-31 23:47:55 - huginn - DEBUG - Suppressed exception
Traceback (most recent call last):
  File "C:\Users\allie\Coding Projects\huggin_suite\huginn\app\core\asset_manager.py", line 115, in init_database
    conn.execute("ALTER TABLE assets ADD COLUMN vendor TEXT DEFAULT ''")
    ~~~~~~~~~~~~^^^^^^^^^^^^^^^^^^^^^^^^^^^^^^^^^^^^^^^^^^^^^^^^^^^^^^^^
sqlite3.OperationalError: duplicate column name: vendor
2026-05-31 23:47:55 - huginn - DEBUG - Suppressed exception
Traceback (most recent call last):
  File "C:\Users\allie\Coding Projects\huggin_suite\huginn\app\core\asset_manager.py", line 122, in init_database
    conn.execute("ALTER TABLE assets ADD COLUMN notes TEXT DEFAULT ''")
    ~~~~~~~~~~~~^^^^^^^^^^^^^^^^^^^^^^^^^^^^^^^^^^^^^^^^^^^^^^^^^^^^^^^
sqlite3.OperationalError: duplicate column name: notes
2026-05-31 23:48:06 - huginn - DEBUG - Session token generated
2026-05-31 23:48:16 - huginn - DEBUG - Memory monitoring stopped
2026-05-31 23:48:16 - huginn - DEBUG - Connection pool closed all sessions
2026-05-31 23:48:16 - huginn - INFO - Update manager stopped during cleanup
2026-05-31 23:49:00 - huginn - DEBUG - Suppressed exception
Traceback (most recent call last):
  File "c:\Users\allie\Coding Projects\huggin_suite\huginn\app\core\asset_manager.py", line 101, in init_database
    conn.execute("ALTER TABLE assets ADD COLUMN fqdn TEXT DEFAULT ''")
    ~~~~~~~~~~~~^^^^^^^^^^^^^^^^^^^^^^^^^^^^^^^^^^^^^^^^^^^^^^^^^^^^^^
sqlite3.OperationalError: duplicate column name: fqdn
2026-05-31 23:49:00 - huginn - DEBUG - Suppressed exception
Traceback (most recent call last):
  File "c:\Users\allie\Coding Projects\huggin_suite\huginn\app\core\asset_manager.py", line 108, in init_database
    conn.execute("ALTER TABLE assets ADD COLUMN mac_address TEXT DEFAULT ''")
    ~~~~~~~~~~~~^^^^^^^^^^^^^^^^^^^^^^^^^^^^^^^^^^^^^^^^^^^^^^^^^^^^^^^^^^^^^
sqlite3.OperationalError: duplicate column name: mac_address
2026-05-31 23:49:00 - huginn - DEBUG - Suppressed exception
Traceback (most recent call last):
  File "c:\Users\allie\Coding Projects\huggin_suite\huginn\app\core\asset_manager.py", line 115, in init_database
    conn.execute("ALTER TABLE assets ADD COLUMN vendor TEXT DEFAULT ''")
    ~~~~~~~~~~~~^^^^^^^^^^^^^^^^^^^^^^^^^^^^^^^^^^^^^^^^^^^^^^^^^^^^^^^^
sqlite3.OperationalError: duplicate column name: vendor
2026-05-31 23:49:00 - huginn - DEBUG - Suppressed exception
Traceback (most recent call last):
  File "c:\Users\allie\Coding Projects\huggin_suite\huginn\app\core\asset_manager.py", line 122, in init_database
    conn.execute("ALTER TABLE assets ADD COLUMN notes TEXT DEFAULT ''")
    ~~~~~~~~~~~~^^^^^^^^^^^^^^^^^^^^^^^^^^^^^^^^^^^^^^^^^^^^^^^^^^^^^^^
sqlite3.OperationalError: duplicate column name: notes
2026-05-31 23:49:00 - huginn - INFO - Using default configuration
2026-05-31 23:49:02 - huginn - INFO - License saved successfully
2026-05-31 23:49:02 - huginn - INFO - License loaded and validated successfully
2026-05-31 23:49:07 - huginn - INFO - License saved successfully
2026-05-31 23:49:07 - huginn - INFO - License loaded and validated successfully
2026-05-31 23:49:07 - huginn - INFO - Application starting...
2026-05-31 23:49:07 - huginn - INFO - Font loaded successfully
2026-05-31 23:49:07 - huginn - INFO - Stylesheet loaded successfully
2026-05-31 23:49:07 - huginn - INFO - Creating main window...
2026-05-31 23:49:07 - huginn - INFO - QThreadPool max threads set to 32 (CPUs: 32)
2026-05-31 23:49:07 - huginn - INFO - Custom font 'Neuropol X' loaded from C:\Users\allie\Coding Projects\huggin_suite\huginn\resources\fonts\neuropol.otf
2026-05-31 23:49:07 - huginn - DEBUG - Suppressed exception
Traceback (most recent call last):
  File "C:\Users\allie\Coding Projects\huggin_suite\huginn\app\pages\page_registry.py", line 45, in register_all_pages
    from app.pages.db_attacks_page import DBAttacksPage
ImportError: cannot import name 'DBAttacksPage' from 'app.pages.db_attacks_page' (C:\Users\allie\Coding Projects\huggin_suite\huginn\app\pages\db_attacks_page.py)
2026-05-31 23:49:11 - huginn - DEBUG - Wireless security tab unavailable
Traceback (most recent call last):
  File "C:\Users\allie\Coding Projects\huggin_suite\huginn\app\pages\recon_enumeration_page.py", line 99, in setup_ui
    wireless_tab = WirelessSecurityWidget(self)
  File "C:\Users\allie\Coding Projects\huggin_suite\huginn\app\widgets\wireless_security_widget.py", line 52, in __init__
    self.connect_signals()
    ~~~~~~~~~~~~~~~~~~~~^^
  File "C:\Users\allie\Coding Projects\huggin_suite\huginn\app\widgets\wireless_security_widget.py", line 303, in connect_signals
    self.generate_report_btn.clicked.connect(self.generate_report)
    ^^^^^^^^^^^^^^^^^^^^^^^^
AttributeError: 'WirelessSecurityWidget' object has no attribute 'generate_report_btn'. Did you mean: 'generate_report'?
2026-05-31 23:49:13 - huginn - DEBUG - Suppressed exception
Traceback (most recent call last):
  File "C:\Users\allie\Coding Projects\huggin_suite\huginn\app\core\asset_manager.py", line 101, in init_database
    conn.execute("ALTER TABLE assets ADD COLUMN fqdn TEXT DEFAULT ''")
    ~~~~~~~~~~~~^^^^^^^^^^^^^^^^^^^^^^^^^^^^^^^^^^^^^^^^^^^^^^^^^^^^^^
sqlite3.OperationalError: duplicate column name: fqdn
2026-05-31 23:49:13 - huginn - DEBUG - Suppressed exception
Traceback (most recent call last):
  File "C:\Users\allie\Coding Projects\huggin_suite\huginn\app\core\asset_manager.py", line 108, in init_database
    conn.execute("ALTER TABLE assets ADD COLUMN mac_address TEXT DEFAULT ''")
    ~~~~~~~~~~~~^^^^^^^^^^^^^^^^^^^^^^^^^^^^^^^^^^^^^^^^^^^^^^^^^^^^^^^^^^^^^
sqlite3.OperationalError: duplicate column name: mac_address
2026-05-31 23:49:13 - huginn - DEBUG - Suppressed exception
Traceback (most recent call last):
  File "C:\Users\allie\Coding Projects\huggin_suite\huginn\app\core\asset_manager.py", line 115, in init_database
    conn.execute("ALTER TABLE assets ADD COLUMN vendor TEXT DEFAULT ''")
    ~~~~~~~~~~~~^^^^^^^^^^^^^^^^^^^^^^^^^^^^^^^^^^^^^^^^^^^^^^^^^^^^^^^^
sqlite3.OperationalError: duplicate column name: vendor
2026-05-31 23:49:13 - huginn - DEBUG - Suppressed exception
Traceback (most recent call last):
  File "C:\Users\allie\Coding Projects\huggin_suite\huginn\app\core\asset_manager.py", line 122, in init_database
    conn.execute("ALTER TABLE assets ADD COLUMN notes TEXT DEFAULT ''")
    ~~~~~~~~~~~~^^^^^^^^^^^^^^^^^^^^^^^^^^^^^^^^^^^^^^^^^^^^^^^^^^^^^^^
sqlite3.OperationalError: duplicate column name: notes
2026-05-31 23:49:18 - huginn - DEBUG - Memory monitoring stopped
2026-05-31 23:49:18 - huginn - DEBUG - Connection pool closed all sessions
2026-05-31 23:49:18 - huginn - INFO - Update manager stopped during cleanup
2026-05-31 23:49:44 - huginn - DEBUG - Suppressed exception
Traceback (most recent call last):
  File "c:\Users\allie\Coding Projects\huggin_suite\huginn\app\core\asset_manager.py", line 101, in init_database
    conn.execute("ALTER TABLE assets ADD COLUMN fqdn TEXT DEFAULT ''")
    ~~~~~~~~~~~~^^^^^^^^^^^^^^^^^^^^^^^^^^^^^^^^^^^^^^^^^^^^^^^^^^^^^^
sqlite3.OperationalError: duplicate column name: fqdn
2026-05-31 23:49:44 - huginn - DEBUG - Suppressed exception
Traceback (most recent call last):
  File "c:\Users\allie\Coding Projects\huggin_suite\huginn\app\core\asset_manager.py", line 108, in init_database
    conn.execute("ALTER TABLE assets ADD COLUMN mac_address TEXT DEFAULT ''")
    ~~~~~~~~~~~~^^^^^^^^^^^^^^^^^^^^^^^^^^^^^^^^^^^^^^^^^^^^^^^^^^^^^^^^^^^^^
sqlite3.OperationalError: duplicate column name: mac_address
2026-05-31 23:49:44 - huginn - DEBUG - Suppressed exception
Traceback (most recent call last):
  File "c:\Users\allie\Coding Projects\huggin_suite\huginn\app\core\asset_manager.py", line 115, in init_database
    conn.execute("ALTER TABLE assets ADD COLUMN vendor TEXT DEFAULT ''")
    ~~~~~~~~~~~~^^^^^^^^^^^^^^^^^^^^^^^^^^^^^^^^^^^^^^^^^^^^^^^^^^^^^^^^
sqlite3.OperationalError: duplicate column name: vendor
2026-05-31 23:49:44 - huginn - DEBUG - Suppressed exception
Traceback (most recent call last):
  File "c:\Users\allie\Coding Projects\huggin_suite\huginn\app\core\asset_manager.py", line 122, in init_database
    conn.execute("ALTER TABLE assets ADD COLUMN notes TEXT DEFAULT ''")
    ~~~~~~~~~~~~^^^^^^^^^^^^^^^^^^^^^^^^^^^^^^^^^^^^^^^^^^^^^^^^^^^^^^^
sqlite3.OperationalError: duplicate column name: notes
2026-05-31 23:49:44 - huginn - INFO - Using default configuration
2026-05-31 23:49:46 - huginn - INFO - License saved successfully
2026-05-31 23:49:46 - huginn - INFO - License loaded and validated successfully
2026-05-31 23:49:46 - huginn - INFO - Application starting...
2026-05-31 23:49:46 - huginn - INFO - Font loaded successfully
2026-05-31 23:49:46 - huginn - INFO - Stylesheet loaded successfully
2026-05-31 23:49:46 - huginn - INFO - Creating main window...
2026-05-31 23:49:46 - huginn - INFO - QThreadPool max threads set to 32 (CPUs: 32)
2026-05-31 23:49:46 - huginn - INFO - Custom font 'Neuropol X' loaded from C:\Users\allie\Coding Projects\huggin_suite\huginn\resources\fonts\neuropol.otf
2026-05-31 23:49:46 - huginn - DEBUG - Suppressed exception
Traceback (most recent call last):
  File "C:\Users\allie\Coding Projects\huggin_suite\huginn\app\pages\page_registry.py", line 45, in register_all_pages
    from app.pages.db_attacks_page import DBAttacksPage
ImportError: cannot import name 'DBAttacksPage' from 'app.pages.db_attacks_page' (C:\Users\allie\Coding Projects\huggin_suite\huginn\app\pages\db_attacks_page.py)
2026-05-31 23:49:47 - huginn - INFO - License saved successfully
2026-05-31 23:49:47 - huginn - INFO - License loaded and validated successfully
2026-05-31 23:49:51 - huginn - DEBUG - Wireless security tab unavailable
Traceback (most recent call last):
  File "C:\Users\allie\Coding Projects\huggin_suite\huginn\app\pages\recon_enumeration_page.py", line 99, in setup_ui
    wireless_tab = WirelessSecurityWidget(self)
  File "C:\Users\allie\Coding Projects\huggin_suite\huginn\app\widgets\wireless_security_widget.py", line 52, in __init__
    self.connect_signals()
    ~~~~~~~~~~~~~~~~~~~~^^
  File "C:\Users\allie\Coding Projects\huggin_suite\huginn\app\widgets\wireless_security_widget.py", line 303, in connect_signals
    self.generate_report_btn.clicked.connect(self.generate_report)
    ^^^^^^^^^^^^^^^^^^^^^^^^
AttributeError: 'WirelessSecurityWidget' object has no attribute 'generate_report_btn'. Did you mean: 'generate_report'?
2026-05-31 23:49:52 - huginn - DEBUG - Suppressed exception
Traceback (most recent call last):
  File "C:\Users\allie\Coding Projects\huggin_suite\huginn\app\core\asset_manager.py", line 101, in init_database
    conn.execute("ALTER TABLE assets ADD COLUMN fqdn TEXT DEFAULT ''")
    ~~~~~~~~~~~~^^^^^^^^^^^^^^^^^^^^^^^^^^^^^^^^^^^^^^^^^^^^^^^^^^^^^^
sqlite3.OperationalError: duplicate column name: fqdn
2026-05-31 23:49:52 - huginn - DEBUG - Suppressed exception
Traceback (most recent call last):
  File "C:\Users\allie\Coding Projects\huggin_suite\huginn\app\core\asset_manager.py", line 108, in init_database
    conn.execute("ALTER TABLE assets ADD COLUMN mac_address TEXT DEFAULT ''")
    ~~~~~~~~~~~~^^^^^^^^^^^^^^^^^^^^^^^^^^^^^^^^^^^^^^^^^^^^^^^^^^^^^^^^^^^^^
sqlite3.OperationalError: duplicate column name: mac_address
2026-05-31 23:49:52 - huginn - DEBUG - Suppressed exception
Traceback (most recent call last):
  File "C:\Users\allie\Coding Projects\huggin_suite\huginn\app\core\asset_manager.py", line 115, in init_database
    conn.execute("ALTER TABLE assets ADD COLUMN vendor TEXT DEFAULT ''")
    ~~~~~~~~~~~~^^^^^^^^^^^^^^^^^^^^^^^^^^^^^^^^^^^^^^^^^^^^^^^^^^^^^^^^
sqlite3.OperationalError: duplicate column name: vendor
2026-05-31 23:49:52 - huginn - DEBUG - Suppressed exception
Traceback (most recent call last):
  File "C:\Users\allie\Coding Projects\huggin_suite\huginn\app\core\asset_manager.py", line 122, in init_database
    conn.execute("ALTER TABLE assets ADD COLUMN notes TEXT DEFAULT ''")
    ~~~~~~~~~~~~^^^^^^^^^^^^^^^^^^^^^^^^^^^^^^^^^^^^^^^^^^^^^^^^^^^^^^^
sqlite3.OperationalError: duplicate column name: notes
2026-05-31 23:49:55 - huginn - DEBUG - Session token generated
2026-05-31 23:50:04 - huginn - DEBUG - Memory monitoring stopped
2026-05-31 23:50:04 - huginn - DEBUG - Connection pool closed all sessions
2026-05-31 23:50:04 - huginn - INFO - Update manager stopped during cleanup
