2026-06-05 00:01:44 - huginn - DEBUG - Suppressed exception
Traceback (most recent call last):
  File "c:\Users\allie\Coding Projects\huggin_suite\huginn\app\core\asset_manager.py", line 101, in init_database
    conn.execute("ALTER TABLE assets ADD COLUMN fqdn TEXT DEFAULT ''")
    ~~~~~~~~~~~~^^^^^^^^^^^^^^^^^^^^^^^^^^^^^^^^^^^^^^^^^^^^^^^^^^^^^^
sqlite3.OperationalError: duplicate column name: fqdn
2026-06-05 00:01:44 - huginn - DEBUG - Suppressed exception
Traceback (most recent call last):
  File "c:\Users\allie\Coding Projects\huggin_suite\huginn\app\core\asset_manager.py", line 108, in init_database
    conn.execute("ALTER TABLE assets ADD COLUMN mac_address TEXT DEFAULT ''")
    ~~~~~~~~~~~~^^^^^^^^^^^^^^^^^^^^^^^^^^^^^^^^^^^^^^^^^^^^^^^^^^^^^^^^^^^^^
sqlite3.OperationalError: duplicate column name: mac_address
2026-06-05 00:01:44 - huginn - DEBUG - Suppressed exception
Traceback (most recent call last):
  File "c:\Users\allie\Coding Projects\huggin_suite\huginn\app\core\asset_manager.py", line 115, in init_database
    conn.execute("ALTER TABLE assets ADD COLUMN vendor TEXT DEFAULT ''")
    ~~~~~~~~~~~~^^^^^^^^^^^^^^^^^^^^^^^^^^^^^^^^^^^^^^^^^^^^^^^^^^^^^^^^
sqlite3.OperationalError: duplicate column name: vendor
2026-06-05 00:01:44 - huginn - DEBUG - Suppressed exception
Traceback (most recent call last):
  File "c:\Users\allie\Coding Projects\huggin_suite\huginn\app\core\asset_manager.py", line 122, in init_database
    conn.execute("ALTER TABLE assets ADD COLUMN notes TEXT DEFAULT ''")
    ~~~~~~~~~~~~^^^^^^^^^^^^^^^^^^^^^^^^^^^^^^^^^^^^^^^^^^^^^^^^^^^^^^^
sqlite3.OperationalError: duplicate column name: notes
2026-06-05 00:01:44 - huginn - INFO - Using default configuration
2026-06-05 00:01:47 - huginn - INFO - License saved successfully
2026-06-05 00:01:47 - huginn - INFO - License loaded and validated successfully
2026-06-05 00:02:47 - huginn - DEBUG - Suppressed exception
Traceback (most recent call last):
  File "c:\Users\allie\Coding Projects\huggin_suite\huginn\app\core\asset_manager.py", line 101, in init_database
    conn.execute("ALTER TABLE assets ADD COLUMN fqdn TEXT DEFAULT ''")
    ~~~~~~~~~~~~^^^^^^^^^^^^^^^^^^^^^^^^^^^^^^^^^^^^^^^^^^^^^^^^^^^^^^
sqlite3.OperationalError: duplicate column name: fqdn
2026-06-05 00:02:47 - huginn - DEBUG - Suppressed exception
Traceback (most recent call last):
  File "c:\Users\allie\Coding Projects\huggin_suite\huginn\app\core\asset_manager.py", line 108, in init_database
    conn.execute("ALTER TABLE assets ADD COLUMN mac_address TEXT DEFAULT ''")
    ~~~~~~~~~~~~^^^^^^^^^^^^^^^^^^^^^^^^^^^^^^^^^^^^^^^^^^^^^^^^^^^^^^^^^^^^^
sqlite3.OperationalError: duplicate column name: mac_address
2026-06-05 00:02:47 - huginn - DEBUG - Suppressed exception
Traceback (most recent call last):
  File "c:\Users\allie\Coding Projects\huggin_suite\huginn\app\core\asset_manager.py", line 115, in init_database
    conn.execute("ALTER TABLE assets ADD COLUMN vendor TEXT DEFAULT ''")
    ~~~~~~~~~~~~^^^^^^^^^^^^^^^^^^^^^^^^^^^^^^^^^^^^^^^^^^^^^^^^^^^^^^^^
sqlite3.OperationalError: duplicate column name: vendor
2026-06-05 00:02:47 - huginn - DEBUG - Suppressed exception
Traceback (most recent call last):
  File "c:\Users\allie\Coding Projects\huggin_suite\huginn\app\core\asset_manager.py", line 122, in init_database
    conn.execute("ALTER TABLE assets ADD COLUMN notes TEXT DEFAULT ''")
    ~~~~~~~~~~~~^^^^^^^^^^^^^^^^^^^^^^^^^^^^^^^^^^^^^^^^^^^^^^^^^^^^^^^
sqlite3.OperationalError: duplicate column name: notes
2026-06-05 00:02:47 - huginn - INFO - Using default configuration
2026-06-05 00:02:49 - huginn - INFO - License saved successfully
2026-06-05 00:02:49 - huginn - INFO - License loaded and validated successfully
2026-06-05 00:03:19 - huginn - DEBUG - Suppressed exception
Traceback (most recent call last):
  File "c:\Users\allie\Coding Projects\huggin_suite\huginn\app\core\asset_manager.py", line 101, in init_database
    conn.execute("ALTER TABLE assets ADD COLUMN fqdn TEXT DEFAULT ''")
    ~~~~~~~~~~~~^^^^^^^^^^^^^^^^^^^^^^^^^^^^^^^^^^^^^^^^^^^^^^^^^^^^^^
sqlite3.OperationalError: duplicate column name: fqdn
2026-06-05 00:03:19 - huginn - DEBUG - Suppressed exception
Traceback (most recent call last):
  File "c:\Users\allie\Coding Projects\huggin_suite\huginn\app\core\asset_manager.py", line 108, in init_database
    conn.execute("ALTER TABLE assets ADD COLUMN mac_address TEXT DEFAULT ''")
    ~~~~~~~~~~~~^^^^^^^^^^^^^^^^^^^^^^^^^^^^^^^^^^^^^^^^^^^^^^^^^^^^^^^^^^^^^
sqlite3.OperationalError: duplicate column name: mac_address
2026-06-05 00:03:19 - huginn - DEBUG - Suppressed exception
Traceback (most recent call last):
  File "c:\Users\allie\Coding Projects\huggin_suite\huginn\app\core\asset_manager.py", line 115, in init_database
    conn.execute("ALTER TABLE assets ADD COLUMN vendor TEXT DEFAULT ''")
    ~~~~~~~~~~~~^^^^^^^^^^^^^^^^^^^^^^^^^^^^^^^^^^^^^^^^^^^^^^^^^^^^^^^^
sqlite3.OperationalError: duplicate column name: vendor
2026-06-05 00:03:19 - huginn - DEBUG - Suppressed exception
Traceback (most recent call last):
  File "c:\Users\allie\Coding Projects\huggin_suite\huginn\app\core\asset_manager.py", line 122, in init_database
    conn.execute("ALTER TABLE assets ADD COLUMN notes TEXT DEFAULT ''")
    ~~~~~~~~~~~~^^^^^^^^^^^^^^^^^^^^^^^^^^^^^^^^^^^^^^^^^^^^^^^^^^^^^^^
sqlite3.OperationalError: duplicate column name: notes
2026-06-05 00:03:19 - huginn - INFO - Using default configuration
2026-06-05 00:03:22 - huginn - INFO - License saved successfully
2026-06-05 00:03:22 - huginn - INFO - License loaded and validated successfully
2026-06-05 00:03:49 - huginn - DEBUG - Suppressed exception
Traceback (most recent call last):
  File "c:\Users\allie\Coding Projects\huggin_suite\huginn\app\core\asset_manager.py", line 101, in init_database
    conn.execute("ALTER TABLE assets ADD COLUMN fqdn TEXT DEFAULT ''")
    ~~~~~~~~~~~~^^^^^^^^^^^^^^^^^^^^^^^^^^^^^^^^^^^^^^^^^^^^^^^^^^^^^^
sqlite3.OperationalError: duplicate column name: fqdn
2026-06-05 00:03:49 - huginn - DEBUG - Suppressed exception
Traceback (most recent call last):
  File "c:\Users\allie\Coding Projects\huggin_suite\huginn\app\core\asset_manager.py", line 108, in init_database
    conn.execute("ALTER TABLE assets ADD COLUMN mac_address TEXT DEFAULT ''")
    ~~~~~~~~~~~~^^^^^^^^^^^^^^^^^^^^^^^^^^^^^^^^^^^^^^^^^^^^^^^^^^^^^^^^^^^^^
sqlite3.OperationalError: duplicate column name: mac_address
2026-06-05 00:03:49 - huginn - DEBUG - Suppressed exception
Traceback (most recent call last):
  File "c:\Users\allie\Coding Projects\huggin_suite\huginn\app\core\asset_manager.py", line 115, in init_database
    conn.execute("ALTER TABLE assets ADD COLUMN vendor TEXT DEFAULT ''")
    ~~~~~~~~~~~~^^^^^^^^^^^^^^^^^^^^^^^^^^^^^^^^^^^^^^^^^^^^^^^^^^^^^^^^
sqlite3.OperationalError: duplicate column name: vendor
2026-06-05 00:03:49 - huginn - DEBUG - Suppressed exception
Traceback (most recent call last):
  File "c:\Users\allie\Coding Projects\huggin_suite\huginn\app\core\asset_manager.py", line 122, in init_database
    conn.execute("ALTER TABLE assets ADD COLUMN notes TEXT DEFAULT ''")
    ~~~~~~~~~~~~^^^^^^^^^^^^^^^^^^^^^^^^^^^^^^^^^^^^^^^^^^^^^^^^^^^^^^^
sqlite3.OperationalError: duplicate column name: notes
2026-06-05 00:03:50 - huginn - INFO - Using default configuration
2026-06-05 00:03:53 - huginn - INFO - License saved successfully
2026-06-05 00:03:53 - huginn - INFO - License loaded and validated successfully
2026-06-05 00:04:27 - huginn - DEBUG - Suppressed exception
Traceback (most recent call last):
  File "c:\Users\allie\Coding Projects\huggin_suite\huginn\app\core\asset_manager.py", line 101, in init_database
    conn.execute("ALTER TABLE assets ADD COLUMN fqdn TEXT DEFAULT ''")
    ~~~~~~~~~~~~^^^^^^^^^^^^^^^^^^^^^^^^^^^^^^^^^^^^^^^^^^^^^^^^^^^^^^
sqlite3.OperationalError: duplicate column name: fqdn
2026-06-05 00:04:27 - huginn - DEBUG - Suppressed exception
Traceback (most recent call last):
  File "c:\Users\allie\Coding Projects\huggin_suite\huginn\app\core\asset_manager.py", line 108, in init_database
    conn.execute("ALTER TABLE assets ADD COLUMN mac_address TEXT DEFAULT ''")
    ~~~~~~~~~~~~^^^^^^^^^^^^^^^^^^^^^^^^^^^^^^^^^^^^^^^^^^^^^^^^^^^^^^^^^^^^^
sqlite3.OperationalError: duplicate column name: mac_address
2026-06-05 00:04:27 - huginn - DEBUG - Suppressed exception
Traceback (most recent call last):
  File "c:\Users\allie\Coding Projects\huggin_suite\huginn\app\core\asset_manager.py", line 115, in init_database
    conn.execute("ALTER TABLE assets ADD COLUMN vendor TEXT DEFAULT ''")
    ~~~~~~~~~~~~^^^^^^^^^^^^^^^^^^^^^^^^^^^^^^^^^^^^^^^^^^^^^^^^^^^^^^^^
sqlite3.OperationalError: duplicate column name: vendor
2026-06-05 00:04:27 - huginn - DEBUG - Suppressed exception
Traceback (most recent call last):
  File "c:\Users\allie\Coding Projects\huggin_suite\huginn\app\core\asset_manager.py", line 122, in init_database
    conn.execute("ALTER TABLE assets ADD COLUMN notes TEXT DEFAULT ''")
    ~~~~~~~~~~~~^^^^^^^^^^^^^^^^^^^^^^^^^^^^^^^^^^^^^^^^^^^^^^^^^^^^^^^
sqlite3.OperationalError: duplicate column name: notes
2026-06-05 00:04:27 - huginn - INFO - Using default configuration
2026-06-05 00:04:29 - huginn - INFO - License saved successfully
2026-06-05 00:04:29 - huginn - INFO - License loaded and validated successfully
2026-06-05 00:08:17 - huginn - DEBUG - Suppressed exception
Traceback (most recent call last):
  File "c:\Users\allie\Coding Projects\huggin_suite\huginn\app\core\asset_manager.py", line 101, in init_database
    conn.execute("ALTER TABLE assets ADD COLUMN fqdn TEXT DEFAULT ''")
    ~~~~~~~~~~~~^^^^^^^^^^^^^^^^^^^^^^^^^^^^^^^^^^^^^^^^^^^^^^^^^^^^^^
sqlite3.OperationalError: duplicate column name: fqdn
2026-06-05 00:08:17 - huginn - DEBUG - Suppressed exception
Traceback (most recent call last):
  File "c:\Users\allie\Coding Projects\huggin_suite\huginn\app\core\asset_manager.py", line 108, in init_database
    conn.execute("ALTER TABLE assets ADD COLUMN mac_address TEXT DEFAULT ''")
    ~~~~~~~~~~~~^^^^^^^^^^^^^^^^^^^^^^^^^^^^^^^^^^^^^^^^^^^^^^^^^^^^^^^^^^^^^
sqlite3.OperationalError: duplicate column name: mac_address
2026-06-05 00:08:17 - huginn - DEBUG - Suppressed exception
Traceback (most recent call last):
  File "c:\Users\allie\Coding Projects\huggin_suite\huginn\app\core\asset_manager.py", line 115, in init_database
    conn.execute("ALTER TABLE assets ADD COLUMN vendor TEXT DEFAULT ''")
    ~~~~~~~~~~~~^^^^^^^^^^^^^^^^^^^^^^^^^^^^^^^^^^^^^^^^^^^^^^^^^^^^^^^^
sqlite3.OperationalError: duplicate column name: vendor
2026-06-05 00:08:17 - huginn - DEBUG - Suppressed exception
Traceback (most recent call last):
  File "c:\Users\allie\Coding Projects\huggin_suite\huginn\app\core\asset_manager.py", line 122, in init_database
    conn.execute("ALTER TABLE assets ADD COLUMN notes TEXT DEFAULT ''")
    ~~~~~~~~~~~~^^^^^^^^^^^^^^^^^^^^^^^^^^^^^^^^^^^^^^^^^^^^^^^^^^^^^^^
sqlite3.OperationalError: duplicate column name: notes
2026-06-05 00:08:17 - huginn - INFO - Using default configuration
2026-06-05 00:08:19 - huginn - INFO - License saved successfully
2026-06-05 00:08:19 - huginn - INFO - License loaded and validated successfully
2026-06-05 00:08:27 - huginn - DEBUG - Suppressed exception
Traceback (most recent call last):
  File "c:\Users\allie\Coding Projects\huggin_suite\huginn\app\core\asset_manager.py", line 101, in init_database
    conn.execute("ALTER TABLE assets ADD COLUMN fqdn TEXT DEFAULT ''")
    ~~~~~~~~~~~~^^^^^^^^^^^^^^^^^^^^^^^^^^^^^^^^^^^^^^^^^^^^^^^^^^^^^^
sqlite3.OperationalError: duplicate column name: fqdn
2026-06-05 00:08:27 - huginn - DEBUG - Suppressed exception
Traceback (most recent call last):
  File "c:\Users\allie\Coding Projects\huggin_suite\huginn\app\core\asset_manager.py", line 108, in init_database
    conn.execute("ALTER TABLE assets ADD COLUMN mac_address TEXT DEFAULT ''")
    ~~~~~~~~~~~~^^^^^^^^^^^^^^^^^^^^^^^^^^^^^^^^^^^^^^^^^^^^^^^^^^^^^^^^^^^^^
sqlite3.OperationalError: duplicate column name: mac_address
2026-06-05 00:08:27 - huginn - DEBUG - Suppressed exception
Traceback (most recent call last):
  File "c:\Users\allie\Coding Projects\huggin_suite\huginn\app\core\asset_manager.py", line 115, in init_database
    conn.execute("ALTER TABLE assets ADD COLUMN vendor TEXT DEFAULT ''")
    ~~~~~~~~~~~~^^^^^^^^^^^^^^^^^^^^^^^^^^^^^^^^^^^^^^^^^^^^^^^^^^^^^^^^
sqlite3.OperationalError: duplicate column name: vendor
2026-06-05 00:08:27 - huginn - DEBUG - Suppressed exception
Traceback (most recent call last):
  File "c:\Users\allie\Coding Projects\huggin_suite\huginn\app\core\asset_manager.py", line 122, in init_database
    conn.execute("ALTER TABLE assets ADD COLUMN notes TEXT DEFAULT ''")
    ~~~~~~~~~~~~^^^^^^^^^^^^^^^^^^^^^^^^^^^^^^^^^^^^^^^^^^^^^^^^^^^^^^^
sqlite3.OperationalError: duplicate column name: notes
2026-06-05 00:08:27 - huginn - INFO - Using default configuration
2026-06-05 00:08:29 - huginn - INFO - License saved successfully
2026-06-05 00:08:29 - huginn - INFO - License loaded and validated successfully
2026-06-05 00:08:37 - huginn - DEBUG - Suppressed exception
Traceback (most recent call last):
  File "c:\Users\allie\Coding Projects\huggin_suite\huginn\app\core\asset_manager.py", line 101, in init_database
    conn.execute("ALTER TABLE assets ADD COLUMN fqdn TEXT DEFAULT ''")
    ~~~~~~~~~~~~^^^^^^^^^^^^^^^^^^^^^^^^^^^^^^^^^^^^^^^^^^^^^^^^^^^^^^
sqlite3.OperationalError: duplicate column name: fqdn
2026-06-05 00:08:37 - huginn - DEBUG - Suppressed exception
Traceback (most recent call last):
  File "c:\Users\allie\Coding Projects\huggin_suite\huginn\app\core\asset_manager.py", line 108, in init_database
    conn.execute("ALTER TABLE assets ADD COLUMN mac_address TEXT DEFAULT ''")
    ~~~~~~~~~~~~^^^^^^^^^^^^^^^^^^^^^^^^^^^^^^^^^^^^^^^^^^^^^^^^^^^^^^^^^^^^^
sqlite3.OperationalError: duplicate column name: mac_address
2026-06-05 00:08:37 - huginn - DEBUG - Suppressed exception
Traceback (most recent call last):
  File "c:\Users\allie\Coding Projects\huggin_suite\huginn\app\core\asset_manager.py", line 115, in init_database
    conn.execute("ALTER TABLE assets ADD COLUMN vendor TEXT DEFAULT ''")
    ~~~~~~~~~~~~^^^^^^^^^^^^^^^^^^^^^^^^^^^^^^^^^^^^^^^^^^^^^^^^^^^^^^^^
sqlite3.OperationalError: duplicate column name: vendor
2026-06-05 00:08:37 - huginn - DEBUG - Suppressed exception
Traceback (most recent call last):
  File "c:\Users\allie\Coding Projects\huggin_suite\huginn\app\core\asset_manager.py", line 122, in init_database
    conn.execute("ALTER TABLE assets ADD COLUMN notes TEXT DEFAULT ''")
    ~~~~~~~~~~~~^^^^^^^^^^^^^^^^^^^^^^^^^^^^^^^^^^^^^^^^^^^^^^^^^^^^^^^
sqlite3.OperationalError: duplicate column name: notes
2026-06-05 00:08:37 - huginn - INFO - Using default configuration
2026-06-05 00:08:40 - huginn - INFO - License saved successfully
2026-06-05 00:08:40 - huginn - INFO - License loaded and validated successfully
2026-06-05 00:08:46 - huginn - DEBUG - Suppressed exception
Traceback (most recent call last):
  File "c:\Users\allie\Coding Projects\huggin_suite\huginn\app\core\asset_manager.py", line 101, in init_database
    conn.execute("ALTER TABLE assets ADD COLUMN fqdn TEXT DEFAULT ''")
    ~~~~~~~~~~~~^^^^^^^^^^^^^^^^^^^^^^^^^^^^^^^^^^^^^^^^^^^^^^^^^^^^^^
sqlite3.OperationalError: duplicate column name: fqdn
2026-06-05 00:08:46 - huginn - DEBUG - Suppressed exception
Traceback (most recent call last):
  File "c:\Users\allie\Coding Projects\huggin_suite\huginn\app\core\asset_manager.py", line 108, in init_database
    conn.execute("ALTER TABLE assets ADD COLUMN mac_address TEXT DEFAULT ''")
    ~~~~~~~~~~~~^^^^^^^^^^^^^^^^^^^^^^^^^^^^^^^^^^^^^^^^^^^^^^^^^^^^^^^^^^^^^
sqlite3.OperationalError: duplicate column name: mac_address
2026-06-05 00:08:46 - huginn - DEBUG - Suppressed exception
Traceback (most recent call last):
  File "c:\Users\allie\Coding Projects\huggin_suite\huginn\app\core\asset_manager.py", line 115, in init_database
    conn.execute("ALTER TABLE assets ADD COLUMN vendor TEXT DEFAULT ''")
    ~~~~~~~~~~~~^^^^^^^^^^^^^^^^^^^^^^^^^^^^^^^^^^^^^^^^^^^^^^^^^^^^^^^^
sqlite3.OperationalError: duplicate column name: vendor
2026-06-05 00:08:46 - huginn - DEBUG - Suppressed exception
Traceback (most recent call last):
  File "c:\Users\allie\Coding Projects\huggin_suite\huginn\app\core\asset_manager.py", line 122, in init_database
    conn.execute("ALTER TABLE assets ADD COLUMN notes TEXT DEFAULT ''")
    ~~~~~~~~~~~~^^^^^^^^^^^^^^^^^^^^^^^^^^^^^^^^^^^^^^^^^^^^^^^^^^^^^^^
sqlite3.OperationalError: duplicate column name: notes
2026-06-05 00:08:46 - huginn - INFO - Using default configuration
2026-06-05 00:08:48 - huginn - INFO - License saved successfully
2026-06-05 00:08:48 - huginn - INFO - License loaded and validated successfully
2026-06-05 00:09:03 - huginn - DEBUG - Suppressed exception
Traceback (most recent call last):
  File "c:\Users\allie\Coding Projects\huggin_suite\huginn\app\core\asset_manager.py", line 101, in init_database
    conn.execute("ALTER TABLE assets ADD COLUMN fqdn TEXT DEFAULT ''")
    ~~~~~~~~~~~~^^^^^^^^^^^^^^^^^^^^^^^^^^^^^^^^^^^^^^^^^^^^^^^^^^^^^^
sqlite3.OperationalError: duplicate column name: fqdn
2026-06-05 00:09:03 - huginn - DEBUG - Suppressed exception
Traceback (most recent call last):
  File "c:\Users\allie\Coding Projects\huggin_suite\huginn\app\core\asset_manager.py", line 108, in init_database
    conn.execute("ALTER TABLE assets ADD COLUMN mac_address TEXT DEFAULT ''")
    ~~~~~~~~~~~~^^^^^^^^^^^^^^^^^^^^^^^^^^^^^^^^^^^^^^^^^^^^^^^^^^^^^^^^^^^^^
sqlite3.OperationalError: duplicate column name: mac_address
2026-06-05 00:09:03 - huginn - DEBUG - Suppressed exception
Traceback (most recent call last):
  File "c:\Users\allie\Coding Projects\huggin_suite\huginn\app\core\asset_manager.py", line 115, in init_database
    conn.execute("ALTER TABLE assets ADD COLUMN vendor TEXT DEFAULT ''")
    ~~~~~~~~~~~~^^^^^^^^^^^^^^^^^^^^^^^^^^^^^^^^^^^^^^^^^^^^^^^^^^^^^^^^
sqlite3.OperationalError: duplicate column name: vendor
2026-06-05 00:09:03 - huginn - DEBUG - Suppressed exception
Traceback (most recent call last):
  File "c:\Users\allie\Coding Projects\huggin_suite\huginn\app\core\asset_manager.py", line 122, in init_database
    conn.execute("ALTER TABLE assets ADD COLUMN notes TEXT DEFAULT ''")
    ~~~~~~~~~~~~^^^^^^^^^^^^^^^^^^^^^^^^^^^^^^^^^^^^^^^^^^^^^^^^^^^^^^^
sqlite3.OperationalError: duplicate column name: notes
2026-06-05 00:09:03 - huginn - INFO - Using default configuration
2026-06-05 00:09:06 - huginn - INFO - License saved successfully
2026-06-05 00:09:06 - huginn - INFO - License loaded and validated successfully
2026-06-05 00:09:23 - huginn - DEBUG - Suppressed exception
Traceback (most recent call last):
  File "c:\Users\allie\Coding Projects\huggin_suite\huginn\app\core\asset_manager.py", line 101, in init_database
    conn.execute("ALTER TABLE assets ADD COLUMN fqdn TEXT DEFAULT ''")
    ~~~~~~~~~~~~^^^^^^^^^^^^^^^^^^^^^^^^^^^^^^^^^^^^^^^^^^^^^^^^^^^^^^
sqlite3.OperationalError: duplicate column name: fqdn
2026-06-05 00:09:23 - huginn - DEBUG - Suppressed exception
Traceback (most recent call last):
  File "c:\Users\allie\Coding Projects\huggin_suite\huginn\app\core\asset_manager.py", line 108, in init_database
    conn.execute("ALTER TABLE assets ADD COLUMN mac_address TEXT DEFAULT ''")
    ~~~~~~~~~~~~^^^^^^^^^^^^^^^^^^^^^^^^^^^^^^^^^^^^^^^^^^^^^^^^^^^^^^^^^^^^^
sqlite3.OperationalError: duplicate column name: mac_address
2026-06-05 00:09:23 - huginn - DEBUG - Suppressed exception
Traceback (most recent call last):
  File "c:\Users\allie\Coding Projects\huggin_suite\huginn\app\core\asset_manager.py", line 115, in init_database
    conn.execute("ALTER TABLE assets ADD COLUMN vendor TEXT DEFAULT ''")
    ~~~~~~~~~~~~^^^^^^^^^^^^^^^^^^^^^^^^^^^^^^^^^^^^^^^^^^^^^^^^^^^^^^^^
sqlite3.OperationalError: duplicate column name: vendor
2026-06-05 00:09:23 - huginn - DEBUG - Suppressed exception
Traceback (most recent call last):
  File "c:\Users\allie\Coding Projects\huggin_suite\huginn\app\core\asset_manager.py", line 122, in init_database
    conn.execute("ALTER TABLE assets ADD COLUMN notes TEXT DEFAULT ''")
    ~~~~~~~~~~~~^^^^^^^^^^^^^^^^^^^^^^^^^^^^^^^^^^^^^^^^^^^^^^^^^^^^^^^
sqlite3.OperationalError: duplicate column name: notes
2026-06-05 00:09:23 - huginn - INFO - Using default configuration
2026-06-05 00:09:25 - huginn - INFO - License saved successfully
2026-06-05 00:09:25 - huginn - INFO - License loaded and validated successfully
2026-06-05 00:11:08 - huginn - DEBUG - Suppressed exception
Traceback (most recent call last):
  File "c:\Users\allie\Coding Projects\huggin_suite\huginn\app\core\asset_manager.py", line 101, in init_database
    conn.execute("ALTER TABLE assets ADD COLUMN fqdn TEXT DEFAULT ''")
    ~~~~~~~~~~~~^^^^^^^^^^^^^^^^^^^^^^^^^^^^^^^^^^^^^^^^^^^^^^^^^^^^^^
sqlite3.OperationalError: duplicate column name: fqdn
2026-06-05 00:11:08 - huginn - DEBUG - Suppressed exception
Traceback (most recent call last):
  File "c:\Users\allie\Coding Projects\huggin_suite\huginn\app\core\asset_manager.py", line 108, in init_database
    conn.execute("ALTER TABLE assets ADD COLUMN mac_address TEXT DEFAULT ''")
    ~~~~~~~~~~~~^^^^^^^^^^^^^^^^^^^^^^^^^^^^^^^^^^^^^^^^^^^^^^^^^^^^^^^^^^^^^
sqlite3.OperationalError: duplicate column name: mac_address
2026-06-05 00:11:08 - huginn - DEBUG - Suppressed exception
Traceback (most recent call last):
  File "c:\Users\allie\Coding Projects\huggin_suite\huginn\app\core\asset_manager.py", line 115, in init_database
    conn.execute("ALTER TABLE assets ADD COLUMN vendor TEXT DEFAULT ''")
    ~~~~~~~~~~~~^^^^^^^^^^^^^^^^^^^^^^^^^^^^^^^^^^^^^^^^^^^^^^^^^^^^^^^^
sqlite3.OperationalError: duplicate column name: vendor
2026-06-05 00:11:08 - huginn - DEBUG - Suppressed exception
Traceback (most recent call last):
  File "c:\Users\allie\Coding Projects\huggin_suite\huginn\app\core\asset_manager.py", line 122, in init_database
    conn.execute("ALTER TABLE assets ADD COLUMN notes TEXT DEFAULT ''")
    ~~~~~~~~~~~~^^^^^^^^^^^^^^^^^^^^^^^^^^^^^^^^^^^^^^^^^^^^^^^^^^^^^^^
sqlite3.OperationalError: duplicate column name: notes
2026-06-05 00:11:08 - huginn - INFO - Using default configuration
2026-06-05 00:11:10 - huginn - INFO - License saved successfully
2026-06-05 00:11:10 - huginn - INFO - License loaded and validated successfully
2026-06-05 00:11:17 - huginn - DEBUG - Suppressed exception
Traceback (most recent call last):
  File "c:\Users\allie\Coding Projects\huggin_suite\huginn\app\core\asset_manager.py", line 101, in init_database
    conn.execute("ALTER TABLE assets ADD COLUMN fqdn TEXT DEFAULT ''")
    ~~~~~~~~~~~~^^^^^^^^^^^^^^^^^^^^^^^^^^^^^^^^^^^^^^^^^^^^^^^^^^^^^^
sqlite3.OperationalError: duplicate column name: fqdn
2026-06-05 00:11:17 - huginn - DEBUG - Suppressed exception
Traceback (most recent call last):
  File "c:\Users\allie\Coding Projects\huggin_suite\huginn\app\core\asset_manager.py", line 108, in init_database
    conn.execute("ALTER TABLE assets ADD COLUMN mac_address TEXT DEFAULT ''")
    ~~~~~~~~~~~~^^^^^^^^^^^^^^^^^^^^^^^^^^^^^^^^^^^^^^^^^^^^^^^^^^^^^^^^^^^^^
sqlite3.OperationalError: duplicate column name: mac_address
2026-06-05 00:11:17 - huginn - DEBUG - Suppressed exception
Traceback (most recent call last):
  File "c:\Users\allie\Coding Projects\huggin_suite\huginn\app\core\asset_manager.py", line 115, in init_database
    conn.execute("ALTER TABLE assets ADD COLUMN vendor TEXT DEFAULT ''")
    ~~~~~~~~~~~~^^^^^^^^^^^^^^^^^^^^^^^^^^^^^^^^^^^^^^^^^^^^^^^^^^^^^^^^
sqlite3.OperationalError: duplicate column name: vendor
2026-06-05 00:11:17 - huginn - DEBUG - Suppressed exception
Traceback (most recent call last):
  File "c:\Users\allie\Coding Projects\huggin_suite\huginn\app\core\asset_manager.py", line 122, in init_database
    conn.execute("ALTER TABLE assets ADD COLUMN notes TEXT DEFAULT ''")
    ~~~~~~~~~~~~^^^^^^^^^^^^^^^^^^^^^^^^^^^^^^^^^^^^^^^^^^^^^^^^^^^^^^^
sqlite3.OperationalError: duplicate column name: notes
2026-06-05 00:11:17 - huginn - INFO - Using default configuration
2026-06-05 00:11:20 - huginn - INFO - License saved successfully
2026-06-05 00:11:20 - huginn - INFO - License loaded and validated successfully
2026-06-05 00:11:36 - huginn - DEBUG - Suppressed exception
Traceback (most recent call last):
  File "c:\Users\allie\Coding Projects\huggin_suite\huginn\app\core\asset_manager.py", line 101, in init_database
    conn.execute("ALTER TABLE assets ADD COLUMN fqdn TEXT DEFAULT ''")
    ~~~~~~~~~~~~^^^^^^^^^^^^^^^^^^^^^^^^^^^^^^^^^^^^^^^^^^^^^^^^^^^^^^
sqlite3.OperationalError: duplicate column name: fqdn
2026-06-05 00:11:36 - huginn - DEBUG - Suppressed exception
Traceback (most recent call last):
  File "c:\Users\allie\Coding Projects\huggin_suite\huginn\app\core\asset_manager.py", line 108, in init_database
    conn.execute("ALTER TABLE assets ADD COLUMN mac_address TEXT DEFAULT ''")
    ~~~~~~~~~~~~^^^^^^^^^^^^^^^^^^^^^^^^^^^^^^^^^^^^^^^^^^^^^^^^^^^^^^^^^^^^^
sqlite3.OperationalError: duplicate column name: mac_address
2026-06-05 00:11:36 - huginn - DEBUG - Suppressed exception
Traceback (most recent call last):
  File "c:\Users\allie\Coding Projects\huggin_suite\huginn\app\core\asset_manager.py", line 115, in init_database
    conn.execute("ALTER TABLE assets ADD COLUMN vendor TEXT DEFAULT ''")
    ~~~~~~~~~~~~^^^^^^^^^^^^^^^^^^^^^^^^^^^^^^^^^^^^^^^^^^^^^^^^^^^^^^^^
sqlite3.OperationalError: duplicate column name: vendor
2026-06-05 00:11:36 - huginn - DEBUG - Suppressed exception
Traceback (most recent call last):
  File "c:\Users\allie\Coding Projects\huggin_suite\huginn\app\core\asset_manager.py", line 122, in init_database
    conn.execute("ALTER TABLE assets ADD COLUMN notes TEXT DEFAULT ''")
    ~~~~~~~~~~~~^^^^^^^^^^^^^^^^^^^^^^^^^^^^^^^^^^^^^^^^^^^^^^^^^^^^^^^
sqlite3.OperationalError: duplicate column name: notes
2026-06-05 00:11:36 - huginn - INFO - Using default configuration
2026-06-05 00:11:38 - huginn - INFO - License saved successfully
2026-06-05 00:11:38 - huginn - INFO - License loaded and validated successfully
2026-06-05 06:41:12 - huginn - DEBUG - Suppressed exception
Traceback (most recent call last):
  File "c:\Users\allie\Coding Projects\huggin_suite\huginn\app\core\asset_manager.py", line 101, in init_database
    conn.execute("ALTER TABLE assets ADD COLUMN fqdn TEXT DEFAULT ''")
    ~~~~~~~~~~~~^^^^^^^^^^^^^^^^^^^^^^^^^^^^^^^^^^^^^^^^^^^^^^^^^^^^^^
sqlite3.OperationalError: duplicate column name: fqdn
2026-06-05 06:41:12 - huginn - DEBUG - Suppressed exception
Traceback (most recent call last):
  File "c:\Users\allie\Coding Projects\huggin_suite\huginn\app\core\asset_manager.py", line 108, in init_database
    conn.execute("ALTER TABLE assets ADD COLUMN mac_address TEXT DEFAULT ''")
    ~~~~~~~~~~~~^^^^^^^^^^^^^^^^^^^^^^^^^^^^^^^^^^^^^^^^^^^^^^^^^^^^^^^^^^^^^
sqlite3.OperationalError: duplicate column name: mac_address
2026-06-05 06:41:12 - huginn - DEBUG - Suppressed exception
Traceback (most recent call last):
  File "c:\Users\allie\Coding Projects\huggin_suite\huginn\app\core\asset_manager.py", line 115, in init_database
    conn.execute("ALTER TABLE assets ADD COLUMN vendor TEXT DEFAULT ''")
    ~~~~~~~~~~~~^^^^^^^^^^^^^^^^^^^^^^^^^^^^^^^^^^^^^^^^^^^^^^^^^^^^^^^^
sqlite3.OperationalError: duplicate column name: vendor
2026-06-05 06:41:12 - huginn - DEBUG - Suppressed exception
Traceback (most recent call last):
  File "c:\Users\allie\Coding Projects\huggin_suite\huginn\app\core\asset_manager.py", line 122, in init_database
    conn.execute("ALTER TABLE assets ADD COLUMN notes TEXT DEFAULT ''")
    ~~~~~~~~~~~~^^^^^^^^^^^^^^^^^^^^^^^^^^^^^^^^^^^^^^^^^^^^^^^^^^^^^^^
sqlite3.OperationalError: duplicate column name: notes
2026-06-05 06:41:12 - huginn - INFO - Using default configuration
2026-06-05 06:41:14 - huginn - INFO - License saved successfully
2026-06-05 06:41:14 - huginn - INFO - License loaded and validated successfully
2026-06-05 07:57:50 - huginn - DEBUG - Suppressed exception
Traceback (most recent call last):
  File "c:\Users\allie\Coding Projects\huggin_suite\huginn\app\core\asset_manager.py", line 101, in init_database
    conn.execute("ALTER TABLE assets ADD COLUMN fqdn TEXT DEFAULT ''")
    ~~~~~~~~~~~~^^^^^^^^^^^^^^^^^^^^^^^^^^^^^^^^^^^^^^^^^^^^^^^^^^^^^^
sqlite3.OperationalError: duplicate column name: fqdn
2026-06-05 07:57:50 - huginn - DEBUG - Suppressed exception
Traceback (most recent call last):
  File "c:\Users\allie\Coding Projects\huggin_suite\huginn\app\core\asset_manager.py", line 108, in init_database
    conn.execute("ALTER TABLE assets ADD COLUMN mac_address TEXT DEFAULT ''")
    ~~~~~~~~~~~~^^^^^^^^^^^^^^^^^^^^^^^^^^^^^^^^^^^^^^^^^^^^^^^^^^^^^^^^^^^^^
sqlite3.OperationalError: duplicate column name: mac_address
2026-06-05 07:57:50 - huginn - DEBUG - Suppressed exception
Traceback (most recent call last):
  File "c:\Users\allie\Coding Projects\huggin_suite\huginn\app\core\asset_manager.py", line 115, in init_database
    conn.execute("ALTER TABLE assets ADD COLUMN vendor TEXT DEFAULT ''")
    ~~~~~~~~~~~~^^^^^^^^^^^^^^^^^^^^^^^^^^^^^^^^^^^^^^^^^^^^^^^^^^^^^^^^
sqlite3.OperationalError: duplicate column name: vendor
2026-06-05 07:57:50 - huginn - DEBUG - Suppressed exception
Traceback (most recent call last):
  File "c:\Users\allie\Coding Projects\huggin_suite\huginn\app\core\asset_manager.py", line 122, in init_database
    conn.execute("ALTER TABLE assets ADD COLUMN notes TEXT DEFAULT ''")
    ~~~~~~~~~~~~^^^^^^^^^^^^^^^^^^^^^^^^^^^^^^^^^^^^^^^^^^^^^^^^^^^^^^^
sqlite3.OperationalError: duplicate column name: notes
2026-06-05 07:57:50 - huginn - INFO - Using default configuration
2026-06-05 07:57:54 - huginn - INFO - License saved successfully
2026-06-05 07:57:54 - huginn - INFO - License loaded and validated successfully
2026-06-05 08:03:17 - huginn - INFO - License saved successfully
2026-06-05 08:03:17 - huginn - INFO - License loaded and validated successfully
2026-06-05 08:03:17 - huginn - INFO - Application starting...
2026-06-05 08:03:17 - huginn - INFO - Font loaded successfully
2026-06-05 08:03:17 - huginn - INFO - Stylesheet loaded successfully
2026-06-05 08:03:17 - huginn - INFO - Creating main window...
2026-06-05 08:03:17 - huginn - INFO - QThreadPool max threads set to 32 (CPUs: 32)
2026-06-05 08:03:17 - huginn - INFO - Custom font 'Neuropol X' loaded from C:\Users\allie\Coding Projects\huggin_suite\huginn\resources\fonts\neuropol.otf
2026-06-05 08:03:17 - huginn - DEBUG - Suppressed exception
Traceback (most recent call last):
  File "C:\Users\allie\Coding Projects\huggin_suite\huginn\app\pages\page_registry.py", line 45, in register_all_pages
    from app.pages.db_attacks_page import DBAttacksPage
ImportError: cannot import name 'DBAttacksPage' from 'app.pages.db_attacks_page' (C:\Users\allie\Coding Projects\huggin_suite\huginn\app\pages\db_attacks_page.py)
2026-06-05 08:03:22 - huginn - DEBUG - Suppressed exception
Traceback (most recent call last):
  File "C:\Users\allie\Coding Projects\huggin_suite\huginn\app\core\scope_manager.py", line 62, in _parse_scope_text
    ipaddress.IPv4Address(item)
    ~~~~~~~~~~~~~~~~~~~~~^^^^^^
  File "C:\Users\allie\anaconda3\Lib\ipaddress.py", line 1319, in __init__
    self._ip = self._ip_int_from_string(addr_str)
               ~~~~~~~~~~~~~~~~~~~~~~~~^^^^^^^^^^
  File "C:\Users\allie\anaconda3\Lib\ipaddress.py", line 1206, in _ip_int_from_string
    raise AddressValueError("Expected 4 octets in %r" % ip_str)
ipaddress.AddressValueError: Expected 4 octets in 'blackreachlabs.com'
2026-06-05 08:03:22 - huginn - DEBUG - Suppressed exception
Traceback (most recent call last):
  File "C:\Users\allie\Coding Projects\huggin_suite\huginn\app\core\scope_manager.py", line 62, in _parse_scope_text
    ipaddress.IPv4Address(item)
    ~~~~~~~~~~~~~~~~~~~~~^^^^^^
  File "C:\Users\allie\anaconda3\Lib\ipaddress.py", line 1319, in __init__
    self._ip = self._ip_int_from_string(addr_str)
               ~~~~~~~~~~~~~~~~~~~~~~~~^^^^^^^^^^
  File "C:\Users\allie\anaconda3\Lib\ipaddress.py", line 1206, in _ip_int_from_string
    raise AddressValueError("Expected 4 octets in %r" % ip_str)
ipaddress.AddressValueError: Expected 4 octets in 'blackreachlabs.com'
2026-06-05 08:03:23 - huginn - DEBUG - Wireless security tab unavailable
Traceback (most recent call last):
  File "C:\Users\allie\Coding Projects\huggin_suite\huginn\app\pages\recon_enumeration_page.py", line 99, in setup_ui
    wireless_tab = WirelessSecurityWidget(self)
  File "C:\Users\allie\Coding Projects\huggin_suite\huginn\app\widgets\wireless_security_widget.py", line 52, in __init__
    self.connect_signals()
    ~~~~~~~~~~~~~~~~~~~~^^
  File "C:\Users\allie\Coding Projects\huggin_suite\huginn\app\widgets\wireless_security_widget.py", line 303, in connect_signals
    self.generate_report_btn.clicked.connect(self.generate_report)
    ^^^^^^^^^^^^^^^^^^^^^^^^
AttributeError: 'WirelessSecurityWidget' object has no attribute 'generate_report_btn'. Did you mean: 'generate_report'?
2026-06-05 08:04:33 - huginn - DEBUG - Memory monitoring stopped
2026-06-05 08:04:33 - huginn - DEBUG - Connection pool closed all sessions
2026-06-05 08:04:37 - huginn - INFO - Update manager stopped during cleanup
2026-06-05 18:10:30 - huginn - INFO - License saved successfully
2026-06-05 18:10:30 - huginn - INFO - License loaded and validated successfully
2026-06-05 18:10:30 - huginn - INFO - Application starting...
2026-06-05 18:10:30 - huginn - INFO - Font loaded successfully
2026-06-05 18:10:30 - huginn - INFO - Stylesheet loaded successfully
2026-06-05 18:10:30 - huginn - INFO - Creating main window...
2026-06-05 18:10:30 - huginn - INFO - QThreadPool max threads set to 32 (CPUs: 32)
2026-06-05 18:10:30 - huginn - INFO - Custom font 'Neuropol X' loaded from C:\Users\allie\Coding Projects\huggin_suite\huginn\resources\fonts\neuropol.otf
2026-06-05 18:10:30 - huginn - DEBUG - Suppressed exception
Traceback (most recent call last):
  File "C:\Users\allie\Coding Projects\huggin_suite\huginn\app\pages\page_registry.py", line 45, in register_all_pages
    from app.pages.db_attacks_page import DBAttacksPage
ImportError: cannot import name 'DBAttacksPage' from 'app.pages.db_attacks_page' (C:\Users\allie\Coding Projects\huggin_suite\huginn\app\pages\db_attacks_page.py)
2026-06-05 18:10:40 - huginn - DEBUG - Suppressed exception
Traceback (most recent call last):
  File "C:\Users\allie\Coding Projects\huggin_suite\huginn\app\core\scope_manager.py", line 62, in _parse_scope_text
    ipaddress.IPv4Address(item)
    ~~~~~~~~~~~~~~~~~~~~~^^^^^^
  File "C:\Users\allie\anaconda3\Lib\ipaddress.py", line 1319, in __init__
    self._ip = self._ip_int_from_string(addr_str)
               ~~~~~~~~~~~~~~~~~~~~~~~~^^^^^^^^^^
  File "C:\Users\allie\anaconda3\Lib\ipaddress.py", line 1206, in _ip_int_from_string
    raise AddressValueError("Expected 4 octets in %r" % ip_str)
ipaddress.AddressValueError: Expected 4 octets in 'blackreachlabs.com'
2026-06-05 18:10:40 - huginn - DEBUG - Suppressed exception
Traceback (most recent call last):
  File "C:\Users\allie\Coding Projects\huggin_suite\huginn\app\core\scope_manager.py", line 62, in _parse_scope_text
    ipaddress.IPv4Address(item)
    ~~~~~~~~~~~~~~~~~~~~~^^^^^^
  File "C:\Users\allie\anaconda3\Lib\ipaddress.py", line 1319, in __init__
    self._ip = self._ip_int_from_string(addr_str)
               ~~~~~~~~~~~~~~~~~~~~~~~~^^^^^^^^^^
  File "C:\Users\allie\anaconda3\Lib\ipaddress.py", line 1206, in _ip_int_from_string
    raise AddressValueError("Expected 4 octets in %r" % ip_str)
ipaddress.AddressValueError: Expected 4 octets in 'blackreachlabs.com'
2026-06-05 18:10:41 - huginn - DEBUG - Wireless security tab unavailable
Traceback (most recent call last):
  File "C:\Users\allie\Coding Projects\huggin_suite\huginn\app\pages\recon_enumeration_page.py", line 99, in setup_ui
    wireless_tab = WirelessSecurityWidget(self)
  File "C:\Users\allie\Coding Projects\huggin_suite\huginn\app\widgets\wireless_security_widget.py", line 52, in __init__
    self.connect_signals()
    ~~~~~~~~~~~~~~~~~~~~^^
  File "C:\Users\allie\Coding Projects\huggin_suite\huginn\app\widgets\wireless_security_widget.py", line 303, in connect_signals
    self.generate_report_btn.clicked.connect(self.generate_report)
    ^^^^^^^^^^^^^^^^^^^^^^^^
AttributeError: 'WirelessSecurityWidget' object has no attribute 'generate_report_btn'. Did you mean: 'generate_report'?
2026-06-05 18:13:02 - huginn - DEBUG - Suppressed exception
Traceback (most recent call last):
  File "C:\Users\allie\Coding Projects\huggin_suite\huginn\app\core\asset_manager.py", line 101, in init_database
    conn.execute("ALTER TABLE assets ADD COLUMN fqdn TEXT DEFAULT ''")
    ~~~~~~~~~~~~^^^^^^^^^^^^^^^^^^^^^^^^^^^^^^^^^^^^^^^^^^^^^^^^^^^^^^
sqlite3.OperationalError: duplicate column name: fqdn
2026-06-05 18:13:02 - huginn - DEBUG - Suppressed exception
Traceback (most recent call last):
  File "C:\Users\allie\Coding Projects\huggin_suite\huginn\app\core\asset_manager.py", line 108, in init_database
    conn.execute("ALTER TABLE assets ADD COLUMN mac_address TEXT DEFAULT ''")
    ~~~~~~~~~~~~^^^^^^^^^^^^^^^^^^^^^^^^^^^^^^^^^^^^^^^^^^^^^^^^^^^^^^^^^^^^^
sqlite3.OperationalError: duplicate column name: mac_address
2026-06-05 18:13:02 - huginn - DEBUG - Suppressed exception
Traceback (most recent call last):
  File "C:\Users\allie\Coding Projects\huggin_suite\huginn\app\core\asset_manager.py", line 115, in init_database
    conn.execute("ALTER TABLE assets ADD COLUMN vendor TEXT DEFAULT ''")
    ~~~~~~~~~~~~^^^^^^^^^^^^^^^^^^^^^^^^^^^^^^^^^^^^^^^^^^^^^^^^^^^^^^^^
sqlite3.OperationalError: duplicate column name: vendor
2026-06-05 18:13:02 - huginn - DEBUG - Suppressed exception
Traceback (most recent call last):
  File "C:\Users\allie\Coding Projects\huggin_suite\huginn\app\core\asset_manager.py", line 122, in init_database
    conn.execute("ALTER TABLE assets ADD COLUMN notes TEXT DEFAULT ''")
    ~~~~~~~~~~~~^^^^^^^^^^^^^^^^^^^^^^^^^^^^^^^^^^^^^^^^^^^^^^^^^^^^^^^
sqlite3.OperationalError: duplicate column name: notes
2026-06-05 18:16:11 - huginn - DEBUG - Memory monitoring stopped
2026-06-05 18:16:11 - huginn - DEBUG - Connection pool closed all sessions
2026-06-05 18:16:27 - huginn - ERROR - Unhandled exception:
Traceback (most recent call last):
  File "C:\Users\allie\Coding Projects\huggin_suite\huginn\app\tools\av_worker.py", line 112, in run
    self._run_firewall_detection()
    ~~~~~~~~~~~~~~~~~~~~~~~~~~~~^^
  File "C:\Users\allie\Coding Projects\huggin_suite\huginn\app\tools\av_worker.py", line 223, in _run_firewall_detection
    worker.run()
    ~~~~~~~~~~^^
  File "C:\Users\allie\Coding Projects\huggin_suite\huginn\app\tools\firewall_detector.py", line 205, in run
    fw_type = self.perform_ack_probe(fw_result.filtered_ports, resolved_target)
  File "C:\Users\allie\Coding Projects\huggin_suite\huginn\app\tools\firewall_detector.py", line 399, in perform_ack_probe
    self.signals.output.emit(
    ^^^^^^^^^^^^^^^^^^^
RuntimeError: wrapped C/C++ object of type AVFWWorkerSignals has been deleted

During handling of the above exception, another exception occurred:

Traceback (most recent call last):
  File "C:\Users\allie\Coding Projects\huggin_suite\huginn\app\tools\av_worker.py", line 129, in run
    self.signals.error.emit(error_msg)
    ^^^^^^^^^^^^^^^^^^
RuntimeError: wrapped C/C++ object of type AVFirewallWorkerSignals has been deleted

During handling of the above exception, another exception occurred:

Traceback (most recent call last):
  File "C:\Users\allie\Coding Projects\huggin_suite\huginn\app\tools\av_worker.py", line 134, in run
    self.signals.finished.emit()
    ^^^^^^^^^^^^^^^^^^^^^
RuntimeError: wrapped C/C++ object of type AVFirewallWorkerSignals has been deleted

2026-06-05 18:16:34 - huginn - ERROR - Unhandled exception:
Traceback (most recent call last):
  File "C:\Users\allie\Coding Projects\huggin_suite\huginn\app\tools\av_worker.py", line 112, in run
    self._run_firewall_detection()
    ~~~~~~~~~~~~~~~~~~~~~~~~~~~~^^
  File "C:\Users\allie\Coding Projects\huggin_suite\huginn\app\tools\av_worker.py", line 223, in _run_firewall_detection
    worker.run()
    ~~~~~~~~~~^^
  File "C:\Users\allie\Coding Projects\huggin_suite\huginn\app\tools\firewall_detector.py", line 205, in run
    fw_type = self.perform_ack_probe(fw_result.filtered_ports, resolved_target)
  File "C:\Users\allie\Coding Projects\huggin_suite\huginn\app\tools\firewall_detector.py", line 399, in perform_ack_probe
    self.signals.output.emit(
    ^^^^^^^^^^^^^^^^^^^
RuntimeError: wrapped C/C++ object of type AVFWWorkerSignals has been deleted

During handling of the above exception, another exception occurred:

Traceback (most recent call last):
  File "C:\Users\allie\Coding Projects\huggin_suite\huginn\app\tools\av_worker.py", line 129, in run
    self.signals.error.emit(error_msg)
    ^^^^^^^^^^^^^^^^^^
RuntimeError: wrapped C/C++ object of type AVFirewallWorkerSignals has been deleted

During handling of the above exception, another exception occurred:

Traceback (most recent call last):
  File "C:\Users\allie\Coding Projects\huggin_suite\huginn\app\tools\av_worker.py", line 134, in run
    self.signals.finished.emit()
    ^^^^^^^^^^^^^^^^^^^^^
RuntimeError: wrapped C/C++ object of type AVFirewallWorkerSignals has been deleted

2026-06-05 18:16:39 - huginn - ERROR - Unhandled exception:
Traceback (most recent call last):
  File "C:\Users\allie\Coding Projects\huggin_suite\huginn\app\tools\av_worker.py", line 112, in run
    self._run_firewall_detection()
    ~~~~~~~~~~~~~~~~~~~~~~~~~~~~^^
  File "C:\Users\allie\Coding Projects\huggin_suite\huginn\app\tools\av_worker.py", line 223, in _run_firewall_detection
    worker.run()
    ~~~~~~~~~~^^
  File "C:\Users\allie\Coding Projects\huggin_suite\huginn\app\tools\firewall_detector.py", line 205, in run
    fw_type = self.perform_ack_probe(fw_result.filtered_ports, resolved_target)
  File "C:\Users\allie\Coding Projects\huggin_suite\huginn\app\tools\firewall_detector.py", line 399, in perform_ack_probe
    self.signals.output.emit(
    ^^^^^^^^^^^^^^^^^^^
RuntimeError: wrapped C/C++ object of type AVFWWorkerSignals has been deleted

During handling of the above exception, another exception occurred:

Traceback (most recent call last):
  File "C:\Users\allie\Coding Projects\huggin_suite\huginn\app\tools\av_worker.py", line 129, in run
    self.signals.error.emit(error_msg)
    ^^^^^^^^^^^^^^^^^^
RuntimeError: wrapped C/C++ object of type AVFirewallWorkerSignals has been deleted

During handling of the above exception, another exception occurred:

Traceback (most recent call last):
  File "C:\Users\allie\Coding Projects\huggin_suite\huginn\app\tools\av_worker.py", line 134, in run
    self.signals.finished.emit()
    ^^^^^^^^^^^^^^^^^^^^^
RuntimeError: wrapped C/C++ object of type AVFirewallWorkerSignals has been deleted

2026-06-05 18:16:39 - huginn - INFO - Update manager stopped during cleanup
2026-06-05 18:16:42 - huginn - INFO - License saved successfully
2026-06-05 18:16:42 - huginn - INFO - License loaded and validated successfully
2026-06-05 18:16:42 - huginn - INFO - Application starting...
2026-06-05 18:16:42 - huginn - INFO - Font loaded successfully
2026-06-05 18:16:42 - huginn - INFO - Stylesheet loaded successfully
2026-06-05 18:16:42 - huginn - INFO - Creating main window...
2026-06-05 18:16:42 - huginn - INFO - QThreadPool max threads set to 32 (CPUs: 32)
2026-06-05 18:16:42 - huginn - INFO - Custom font 'Neuropol X' loaded from C:\Users\allie\Coding Projects\huggin_suite\huginn\resources\fonts\neuropol.otf
2026-06-05 18:16:42 - huginn - DEBUG - Suppressed exception
Traceback (most recent call last):
  File "C:\Users\allie\Coding Projects\huggin_suite\huginn\app\pages\page_registry.py", line 45, in register_all_pages
    from app.pages.db_attacks_page import DBAttacksPage
ImportError: cannot import name 'DBAttacksPage' from 'app.pages.db_attacks_page' (C:\Users\allie\Coding Projects\huggin_suite\huginn\app\pages\db_attacks_page.py)
2026-06-05 18:16:45 - huginn - DEBUG - Suppressed exception
Traceback (most recent call last):
  File "C:\Users\allie\Coding Projects\huggin_suite\huginn\app\core\scope_manager.py", line 62, in _parse_scope_text
    ipaddress.IPv4Address(item)
    ~~~~~~~~~~~~~~~~~~~~~^^^^^^
  File "C:\Users\allie\anaconda3\Lib\ipaddress.py", line 1319, in __init__
    self._ip = self._ip_int_from_string(addr_str)
               ~~~~~~~~~~~~~~~~~~~~~~~~^^^^^^^^^^
  File "C:\Users\allie\anaconda3\Lib\ipaddress.py", line 1206, in _ip_int_from_string
    raise AddressValueError("Expected 4 octets in %r" % ip_str)
ipaddress.AddressValueError: Expected 4 octets in 'blackreachlabs.com'
2026-06-05 18:16:45 - huginn - DEBUG - Suppressed exception
Traceback (most recent call last):
  File "C:\Users\allie\Coding Projects\huggin_suite\huginn\app\core\scope_manager.py", line 62, in _parse_scope_text
    ipaddress.IPv4Address(item)
    ~~~~~~~~~~~~~~~~~~~~~^^^^^^
  File "C:\Users\allie\anaconda3\Lib\ipaddress.py", line 1319, in __init__
    self._ip = self._ip_int_from_string(addr_str)
               ~~~~~~~~~~~~~~~~~~~~~~~~^^^^^^^^^^
  File "C:\Users\allie\anaconda3\Lib\ipaddress.py", line 1206, in _ip_int_from_string
    raise AddressValueError("Expected 4 octets in %r" % ip_str)
ipaddress.AddressValueError: Expected 4 octets in 'blackreachlabs.com'
2026-06-05 18:16:46 - huginn - DEBUG - Wireless security tab unavailable
Traceback (most recent call last):
  File "C:\Users\allie\Coding Projects\huggin_suite\huginn\app\pages\recon_enumeration_page.py", line 99, in setup_ui
    wireless_tab = WirelessSecurityWidget(self)
  File "C:\Users\allie\Coding Projects\huggin_suite\huginn\app\widgets\wireless_security_widget.py", line 52, in __init__
    self.connect_signals()
    ~~~~~~~~~~~~~~~~~~~~^^
  File "C:\Users\allie\Coding Projects\huggin_suite\huginn\app\widgets\wireless_security_widget.py", line 303, in connect_signals
    self.generate_report_btn.clicked.connect(self.generate_report)
    ^^^^^^^^^^^^^^^^^^^^^^^^
AttributeError: 'WirelessSecurityWidget' object has no attribute 'generate_report_btn'. Did you mean: 'generate_report'?
2026-06-05 18:20:30 - huginn - DEBUG - Memory monitoring stopped
2026-06-05 18:20:30 - huginn - DEBUG - Connection pool closed all sessions
2026-06-05 18:20:31 - huginn - INFO - Update manager stopped during cleanup
2026-06-05 18:26:44 - huginn - DEBUG - Suppressed exception
Traceback (most recent call last):
  File "c:\Users\allie\Coding Projects\huggin_suite\huginn\app\core\asset_manager.py", line 101, in init_database
    conn.execute("ALTER TABLE assets ADD COLUMN fqdn TEXT DEFAULT ''")
    ~~~~~~~~~~~~^^^^^^^^^^^^^^^^^^^^^^^^^^^^^^^^^^^^^^^^^^^^^^^^^^^^^^
sqlite3.OperationalError: duplicate column name: fqdn
2026-06-05 18:26:44 - huginn - DEBUG - Suppressed exception
Traceback (most recent call last):
  File "c:\Users\allie\Coding Projects\huggin_suite\huginn\app\core\asset_manager.py", line 108, in init_database
    conn.execute("ALTER TABLE assets ADD COLUMN mac_address TEXT DEFAULT ''")
    ~~~~~~~~~~~~^^^^^^^^^^^^^^^^^^^^^^^^^^^^^^^^^^^^^^^^^^^^^^^^^^^^^^^^^^^^^
sqlite3.OperationalError: duplicate column name: mac_address
2026-06-05 18:26:44 - huginn - DEBUG - Suppressed exception
Traceback (most recent call last):
  File "c:\Users\allie\Coding Projects\huggin_suite\huginn\app\core\asset_manager.py", line 115, in init_database
    conn.execute("ALTER TABLE assets ADD COLUMN vendor TEXT DEFAULT ''")
    ~~~~~~~~~~~~^^^^^^^^^^^^^^^^^^^^^^^^^^^^^^^^^^^^^^^^^^^^^^^^^^^^^^^^
sqlite3.OperationalError: duplicate column name: vendor
2026-06-05 18:26:44 - huginn - DEBUG - Suppressed exception
Traceback (most recent call last):
  File "c:\Users\allie\Coding Projects\huggin_suite\huginn\app\core\asset_manager.py", line 122, in init_database
    conn.execute("ALTER TABLE assets ADD COLUMN notes TEXT DEFAULT ''")
    ~~~~~~~~~~~~^^^^^^^^^^^^^^^^^^^^^^^^^^^^^^^^^^^^^^^^^^^^^^^^^^^^^^^
sqlite3.OperationalError: duplicate column name: notes
2026-06-05 18:26:44 - huginn - INFO - Using default configuration
2026-06-05 18:26:47 - huginn - INFO - License saved successfully
2026-06-05 18:26:47 - huginn - INFO - License loaded and validated successfully
2026-06-05 18:27:14 - huginn - DEBUG - Suppressed exception
Traceback (most recent call last):
  File "c:\Users\allie\Coding Projects\huggin_suite\huginn\app\core\asset_manager.py", line 101, in init_database
    conn.execute("ALTER TABLE assets ADD COLUMN fqdn TEXT DEFAULT ''")
    ~~~~~~~~~~~~^^^^^^^^^^^^^^^^^^^^^^^^^^^^^^^^^^^^^^^^^^^^^^^^^^^^^^
sqlite3.OperationalError: duplicate column name: fqdn
2026-06-05 18:27:14 - huginn - DEBUG - Suppressed exception
Traceback (most recent call last):
  File "c:\Users\allie\Coding Projects\huggin_suite\huginn\app\core\asset_manager.py", line 108, in init_database
    conn.execute("ALTER TABLE assets ADD COLUMN mac_address TEXT DEFAULT ''")
    ~~~~~~~~~~~~^^^^^^^^^^^^^^^^^^^^^^^^^^^^^^^^^^^^^^^^^^^^^^^^^^^^^^^^^^^^^
sqlite3.OperationalError: duplicate column name: mac_address
2026-06-05 18:27:14 - huginn - DEBUG - Suppressed exception
Traceback (most recent call last):
  File "c:\Users\allie\Coding Projects\huggin_suite\huginn\app\core\asset_manager.py", line 115, in init_database
    conn.execute("ALTER TABLE assets ADD COLUMN vendor TEXT DEFAULT ''")
    ~~~~~~~~~~~~^^^^^^^^^^^^^^^^^^^^^^^^^^^^^^^^^^^^^^^^^^^^^^^^^^^^^^^^
sqlite3.OperationalError: duplicate column name: vendor
2026-06-05 18:27:14 - huginn - DEBUG - Suppressed exception
Traceback (most recent call last):
  File "c:\Users\allie\Coding Projects\huggin_suite\huginn\app\core\asset_manager.py", line 122, in init_database
    conn.execute("ALTER TABLE assets ADD COLUMN notes TEXT DEFAULT ''")
    ~~~~~~~~~~~~^^^^^^^^^^^^^^^^^^^^^^^^^^^^^^^^^^^^^^^^^^^^^^^^^^^^^^^
sqlite3.OperationalError: duplicate column name: notes
2026-06-05 18:27:14 - huginn - INFO - Using default configuration
2026-06-05 18:27:16 - huginn - INFO - License saved successfully
2026-06-05 18:27:16 - huginn - INFO - License loaded and validated successfully
2026-06-05 18:27:44 - huginn - DEBUG - Suppressed exception
Traceback (most recent call last):
  File "c:\Users\allie\Coding Projects\huggin_suite\huginn\app\core\asset_manager.py", line 101, in init_database
    conn.execute("ALTER TABLE assets ADD COLUMN fqdn TEXT DEFAULT ''")
    ~~~~~~~~~~~~^^^^^^^^^^^^^^^^^^^^^^^^^^^^^^^^^^^^^^^^^^^^^^^^^^^^^^
sqlite3.OperationalError: duplicate column name: fqdn
2026-06-05 18:27:44 - huginn - DEBUG - Suppressed exception
Traceback (most recent call last):
  File "c:\Users\allie\Coding Projects\huggin_suite\huginn\app\core\asset_manager.py", line 108, in init_database
    conn.execute("ALTER TABLE assets ADD COLUMN mac_address TEXT DEFAULT ''")
    ~~~~~~~~~~~~^^^^^^^^^^^^^^^^^^^^^^^^^^^^^^^^^^^^^^^^^^^^^^^^^^^^^^^^^^^^^
sqlite3.OperationalError: duplicate column name: mac_address
2026-06-05 18:27:44 - huginn - DEBUG - Suppressed exception
Traceback (most recent call last):
  File "c:\Users\allie\Coding Projects\huggin_suite\huginn\app\core\asset_manager.py", line 115, in init_database
    conn.execute("ALTER TABLE assets ADD COLUMN vendor TEXT DEFAULT ''")
    ~~~~~~~~~~~~^^^^^^^^^^^^^^^^^^^^^^^^^^^^^^^^^^^^^^^^^^^^^^^^^^^^^^^^
sqlite3.OperationalError: duplicate column name: vendor
2026-06-05 18:27:44 - huginn - DEBUG - Suppressed exception
Traceback (most recent call last):
  File "c:\Users\allie\Coding Projects\huggin_suite\huginn\app\core\asset_manager.py", line 122, in init_database
    conn.execute("ALTER TABLE assets ADD COLUMN notes TEXT DEFAULT ''")
    ~~~~~~~~~~~~^^^^^^^^^^^^^^^^^^^^^^^^^^^^^^^^^^^^^^^^^^^^^^^^^^^^^^^
sqlite3.OperationalError: duplicate column name: notes
2026-06-05 18:27:44 - huginn - INFO - Using default configuration
2026-06-05 18:27:46 - huginn - INFO - License saved successfully
2026-06-05 18:27:46 - huginn - INFO - License loaded and validated successfully
2026-06-05 18:28:57 - huginn - DEBUG - Suppressed exception
Traceback (most recent call last):
  File "c:\Users\allie\Coding Projects\huggin_suite\huginn\app\core\asset_manager.py", line 101, in init_database
    conn.execute("ALTER TABLE assets ADD COLUMN fqdn TEXT DEFAULT ''")
    ~~~~~~~~~~~~^^^^^^^^^^^^^^^^^^^^^^^^^^^^^^^^^^^^^^^^^^^^^^^^^^^^^^
sqlite3.OperationalError: duplicate column name: fqdn
2026-06-05 18:28:57 - huginn - DEBUG - Suppressed exception
Traceback (most recent call last):
  File "c:\Users\allie\Coding Projects\huggin_suite\huginn\app\core\asset_manager.py", line 108, in init_database
    conn.execute("ALTER TABLE assets ADD COLUMN mac_address TEXT DEFAULT ''")
    ~~~~~~~~~~~~^^^^^^^^^^^^^^^^^^^^^^^^^^^^^^^^^^^^^^^^^^^^^^^^^^^^^^^^^^^^^
sqlite3.OperationalError: duplicate column name: mac_address
2026-06-05 18:28:57 - huginn - DEBUG - Suppressed exception
Traceback (most recent call last):
  File "c:\Users\allie\Coding Projects\huggin_suite\huginn\app\core\asset_manager.py", line 115, in init_database
    conn.execute("ALTER TABLE assets ADD COLUMN vendor TEXT DEFAULT ''")
    ~~~~~~~~~~~~^^^^^^^^^^^^^^^^^^^^^^^^^^^^^^^^^^^^^^^^^^^^^^^^^^^^^^^^
sqlite3.OperationalError: duplicate column name: vendor
2026-06-05 18:28:57 - huginn - DEBUG - Suppressed exception
Traceback (most recent call last):
  File "c:\Users\allie\Coding Projects\huggin_suite\huginn\app\core\asset_manager.py", line 122, in init_database
    conn.execute("ALTER TABLE assets ADD COLUMN notes TEXT DEFAULT ''")
    ~~~~~~~~~~~~^^^^^^^^^^^^^^^^^^^^^^^^^^^^^^^^^^^^^^^^^^^^^^^^^^^^^^^
sqlite3.OperationalError: duplicate column name: notes
2026-06-05 18:28:58 - huginn - INFO - Using default configuration
2026-06-05 18:29:00 - huginn - INFO - License saved successfully
2026-06-05 18:29:00 - huginn - INFO - License loaded and validated successfully
2026-06-05 18:54:05 - huginn - INFO - License saved successfully
2026-06-05 18:54:05 - huginn - INFO - License loaded and validated successfully
2026-06-05 18:54:05 - huginn - INFO - Application starting...
2026-06-05 18:54:05 - huginn - INFO - Font loaded successfully
2026-06-05 18:54:05 - huginn - INFO - Stylesheet loaded successfully
2026-06-05 18:54:05 - huginn - INFO - Creating main window...
2026-06-05 18:54:05 - huginn - INFO - QThreadPool max threads set to 32 (CPUs: 32)
2026-06-05 18:54:05 - huginn - INFO - Custom font 'Neuropol X' loaded from C:\Users\allie\Coding Projects\huggin_suite\huginn\resources\fonts\neuropol.otf
2026-06-05 18:54:05 - huginn - DEBUG - Suppressed exception
Traceback (most recent call last):
  File "C:\Users\allie\Coding Projects\huggin_suite\huginn\app\pages\page_registry.py", line 45, in register_all_pages
    from app.pages.db_attacks_page import DBAttacksPage
ImportError: cannot import name 'DBAttacksPage' from 'app.pages.db_attacks_page' (C:\Users\allie\Coding Projects\huggin_suite\huginn\app\pages\db_attacks_page.py)
2026-06-05 18:54:08 - huginn - DEBUG - Suppressed exception
Traceback (most recent call last):
  File "C:\Users\allie\Coding Projects\huggin_suite\huginn\app\core\scope_manager.py", line 62, in _parse_scope_text
    ipaddress.IPv4Address(item)
    ~~~~~~~~~~~~~~~~~~~~~^^^^^^
  File "C:\Users\allie\anaconda3\Lib\ipaddress.py", line 1319, in __init__
    self._ip = self._ip_int_from_string(addr_str)
               ~~~~~~~~~~~~~~~~~~~~~~~~^^^^^^^^^^
  File "C:\Users\allie\anaconda3\Lib\ipaddress.py", line 1206, in _ip_int_from_string
    raise AddressValueError("Expected 4 octets in %r" % ip_str)
ipaddress.AddressValueError: Expected 4 octets in 'blackreachlabs.com'
2026-06-05 18:54:08 - huginn - DEBUG - Suppressed exception
Traceback (most recent call last):
  File "C:\Users\allie\Coding Projects\huggin_suite\huginn\app\core\scope_manager.py", line 62, in _parse_scope_text
    ipaddress.IPv4Address(item)
    ~~~~~~~~~~~~~~~~~~~~~^^^^^^
  File "C:\Users\allie\anaconda3\Lib\ipaddress.py", line 1319, in __init__
    self._ip = self._ip_int_from_string(addr_str)
               ~~~~~~~~~~~~~~~~~~~~~~~~^^^^^^^^^^
  File "C:\Users\allie\anaconda3\Lib\ipaddress.py", line 1206, in _ip_int_from_string
    raise AddressValueError("Expected 4 octets in %r" % ip_str)
ipaddress.AddressValueError: Expected 4 octets in 'blackreachlabs.com'
2026-06-05 18:54:09 - huginn - DEBUG - Wireless security tab unavailable
Traceback (most recent call last):
  File "C:\Users\allie\Coding Projects\huggin_suite\huginn\app\pages\recon_enumeration_page.py", line 99, in setup_ui
    wireless_tab = WirelessSecurityWidget(self)
  File "C:\Users\allie\Coding Projects\huggin_suite\huginn\app\widgets\wireless_security_widget.py", line 52, in __init__
    self.connect_signals()
    ~~~~~~~~~~~~~~~~~~~~^^
  File "C:\Users\allie\Coding Projects\huggin_suite\huginn\app\widgets\wireless_security_widget.py", line 303, in connect_signals
    self.generate_report_btn.clicked.connect(self.generate_report)
    ^^^^^^^^^^^^^^^^^^^^^^^^
AttributeError: 'WirelessSecurityWidget' object has no attribute 'generate_report_btn'. Did you mean: 'generate_report'?
2026-06-05 18:55:54 - huginn - DEBUG - Memory monitoring stopped
2026-06-05 18:55:54 - huginn - DEBUG - Connection pool closed all sessions
2026-06-05 18:55:54 - huginn - INFO - Update manager stopped during cleanup
2026-06-05 18:56:27 - huginn - DEBUG - Suppressed exception
Traceback (most recent call last):
  File "c:\Users\allie\Coding Projects\huggin_suite\huginn\app\core\asset_manager.py", line 101, in init_database
    conn.execute("ALTER TABLE assets ADD COLUMN fqdn TEXT DEFAULT ''")
    ~~~~~~~~~~~~^^^^^^^^^^^^^^^^^^^^^^^^^^^^^^^^^^^^^^^^^^^^^^^^^^^^^^
sqlite3.OperationalError: duplicate column name: fqdn
2026-06-05 18:56:27 - huginn - DEBUG - Suppressed exception
Traceback (most recent call last):
  File "c:\Users\allie\Coding Projects\huggin_suite\huginn\app\core\asset_manager.py", line 108, in init_database
    conn.execute("ALTER TABLE assets ADD COLUMN mac_address TEXT DEFAULT ''")
    ~~~~~~~~~~~~^^^^^^^^^^^^^^^^^^^^^^^^^^^^^^^^^^^^^^^^^^^^^^^^^^^^^^^^^^^^^
sqlite3.OperationalError: duplicate column name: mac_address
2026-06-05 18:56:27 - huginn - DEBUG - Suppressed exception
Traceback (most recent call last):
  File "c:\Users\allie\Coding Projects\huggin_suite\huginn\app\core\asset_manager.py", line 115, in init_database
    conn.execute("ALTER TABLE assets ADD COLUMN vendor TEXT DEFAULT ''")
    ~~~~~~~~~~~~^^^^^^^^^^^^^^^^^^^^^^^^^^^^^^^^^^^^^^^^^^^^^^^^^^^^^^^^
sqlite3.OperationalError: duplicate column name: vendor
2026-06-05 18:56:27 - huginn - DEBUG - Suppressed exception
Traceback (most recent call last):
  File "c:\Users\allie\Coding Projects\huggin_suite\huginn\app\core\asset_manager.py", line 122, in init_database
    conn.execute("ALTER TABLE assets ADD COLUMN notes TEXT DEFAULT ''")
    ~~~~~~~~~~~~^^^^^^^^^^^^^^^^^^^^^^^^^^^^^^^^^^^^^^^^^^^^^^^^^^^^^^^
sqlite3.OperationalError: duplicate column name: notes
2026-06-05 18:56:27 - huginn - INFO - Using default configuration
2026-06-05 18:56:30 - huginn - INFO - License saved successfully
2026-06-05 18:56:30 - huginn - INFO - License loaded and validated successfully
2026-06-05 18:59:17 - huginn - DEBUG - Suppressed exception
Traceback (most recent call last):
  File "c:\Users\allie\Coding Projects\huggin_suite\huginn\app\core\asset_manager.py", line 101, in init_database
    conn.execute("ALTER TABLE assets ADD COLUMN fqdn TEXT DEFAULT ''")
    ~~~~~~~~~~~~^^^^^^^^^^^^^^^^^^^^^^^^^^^^^^^^^^^^^^^^^^^^^^^^^^^^^^
sqlite3.OperationalError: duplicate column name: fqdn
2026-06-05 18:59:17 - huginn - DEBUG - Suppressed exception
Traceback (most recent call last):
  File "c:\Users\allie\Coding Projects\huggin_suite\huginn\app\core\asset_manager.py", line 108, in init_database
    conn.execute("ALTER TABLE assets ADD COLUMN mac_address TEXT DEFAULT ''")
    ~~~~~~~~~~~~^^^^^^^^^^^^^^^^^^^^^^^^^^^^^^^^^^^^^^^^^^^^^^^^^^^^^^^^^^^^^
sqlite3.OperationalError: duplicate column name: mac_address
2026-06-05 18:59:17 - huginn - DEBUG - Suppressed exception
Traceback (most recent call last):
  File "c:\Users\allie\Coding Projects\huggin_suite\huginn\app\core\asset_manager.py", line 115, in init_database
    conn.execute("ALTER TABLE assets ADD COLUMN vendor TEXT DEFAULT ''")
    ~~~~~~~~~~~~^^^^^^^^^^^^^^^^^^^^^^^^^^^^^^^^^^^^^^^^^^^^^^^^^^^^^^^^
sqlite3.OperationalError: duplicate column name: vendor
2026-06-05 18:59:17 - huginn - DEBUG - Suppressed exception
Traceback (most recent call last):
  File "c:\Users\allie\Coding Projects\huggin_suite\huginn\app\core\asset_manager.py", line 122, in init_database
    conn.execute("ALTER TABLE assets ADD COLUMN notes TEXT DEFAULT ''")
    ~~~~~~~~~~~~^^^^^^^^^^^^^^^^^^^^^^^^^^^^^^^^^^^^^^^^^^^^^^^^^^^^^^^
sqlite3.OperationalError: duplicate column name: notes
2026-06-05 18:59:17 - huginn - INFO - Using default configuration
2026-06-05 18:59:19 - huginn - INFO - License saved successfully
2026-06-05 18:59:19 - huginn - INFO - License loaded and validated successfully
2026-06-05 18:59:26 - huginn - DEBUG - Suppressed exception
Traceback (most recent call last):
  File "c:\Users\allie\Coding Projects\huggin_suite\huginn\app\core\asset_manager.py", line 101, in init_database
    conn.execute("ALTER TABLE assets ADD COLUMN fqdn TEXT DEFAULT ''")
    ~~~~~~~~~~~~^^^^^^^^^^^^^^^^^^^^^^^^^^^^^^^^^^^^^^^^^^^^^^^^^^^^^^
sqlite3.OperationalError: duplicate column name: fqdn
2026-06-05 18:59:26 - huginn - DEBUG - Suppressed exception
Traceback (most recent call last):
  File "c:\Users\allie\Coding Projects\huggin_suite\huginn\app\core\asset_manager.py", line 108, in init_database
    conn.execute("ALTER TABLE assets ADD COLUMN mac_address TEXT DEFAULT ''")
    ~~~~~~~~~~~~^^^^^^^^^^^^^^^^^^^^^^^^^^^^^^^^^^^^^^^^^^^^^^^^^^^^^^^^^^^^^
sqlite3.OperationalError: duplicate column name: mac_address
2026-06-05 18:59:26 - huginn - DEBUG - Suppressed exception
Traceback (most recent call last):
  File "c:\Users\allie\Coding Projects\huggin_suite\huginn\app\core\asset_manager.py", line 115, in init_database
    conn.execute("ALTER TABLE assets ADD COLUMN vendor TEXT DEFAULT ''")
    ~~~~~~~~~~~~^^^^^^^^^^^^^^^^^^^^^^^^^^^^^^^^^^^^^^^^^^^^^^^^^^^^^^^^
sqlite3.OperationalError: duplicate column name: vendor
2026-06-05 18:59:26 - huginn - DEBUG - Suppressed exception
Traceback (most recent call last):
  File "c:\Users\allie\Coding Projects\huggin_suite\huginn\app\core\asset_manager.py", line 122, in init_database
    conn.execute("ALTER TABLE assets ADD COLUMN notes TEXT DEFAULT ''")
    ~~~~~~~~~~~~^^^^^^^^^^^^^^^^^^^^^^^^^^^^^^^^^^^^^^^^^^^^^^^^^^^^^^^
sqlite3.OperationalError: duplicate column name: notes
2026-06-05 18:59:27 - huginn - INFO - Using default configuration
2026-06-05 18:59:29 - huginn - INFO - License saved successfully
2026-06-05 18:59:29 - huginn - INFO - License loaded and validated successfully
2026-06-05 18:59:41 - huginn - DEBUG - Suppressed exception
Traceback (most recent call last):
  File "c:\Users\allie\Coding Projects\huggin_suite\huginn\app\core\asset_manager.py", line 101, in init_database
    conn.execute("ALTER TABLE assets ADD COLUMN fqdn TEXT DEFAULT ''")
    ~~~~~~~~~~~~^^^^^^^^^^^^^^^^^^^^^^^^^^^^^^^^^^^^^^^^^^^^^^^^^^^^^^
sqlite3.OperationalError: duplicate column name: fqdn
2026-06-05 18:59:41 - huginn - DEBUG - Suppressed exception
Traceback (most recent call last):
  File "c:\Users\allie\Coding Projects\huggin_suite\huginn\app\core\asset_manager.py", line 108, in init_database
    conn.execute("ALTER TABLE assets ADD COLUMN mac_address TEXT DEFAULT ''")
    ~~~~~~~~~~~~^^^^^^^^^^^^^^^^^^^^^^^^^^^^^^^^^^^^^^^^^^^^^^^^^^^^^^^^^^^^^
sqlite3.OperationalError: duplicate column name: mac_address
2026-06-05 18:59:41 - huginn - DEBUG - Suppressed exception
Traceback (most recent call last):
  File "c:\Users\allie\Coding Projects\huggin_suite\huginn\app\core\asset_manager.py", line 115, in init_database
    conn.execute("ALTER TABLE assets ADD COLUMN vendor TEXT DEFAULT ''")
    ~~~~~~~~~~~~^^^^^^^^^^^^^^^^^^^^^^^^^^^^^^^^^^^^^^^^^^^^^^^^^^^^^^^^
sqlite3.OperationalError: duplicate column name: vendor
2026-06-05 18:59:41 - huginn - DEBUG - Suppressed exception
Traceback (most recent call last):
  File "c:\Users\allie\Coding Projects\huggin_suite\huginn\app\core\asset_manager.py", line 122, in init_database
    conn.execute("ALTER TABLE assets ADD COLUMN notes TEXT DEFAULT ''")
    ~~~~~~~~~~~~^^^^^^^^^^^^^^^^^^^^^^^^^^^^^^^^^^^^^^^^^^^^^^^^^^^^^^^
sqlite3.OperationalError: duplicate column name: notes
2026-06-05 18:59:41 - huginn - INFO - Using default configuration
2026-06-05 18:59:43 - huginn - INFO - License saved successfully
2026-06-05 18:59:43 - huginn - INFO - License loaded and validated successfully
2026-06-05 19:00:00 - huginn - DEBUG - Suppressed exception
Traceback (most recent call last):
  File "c:\Users\allie\Coding Projects\huggin_suite\huginn\app\core\asset_manager.py", line 101, in init_database
    conn.execute("ALTER TABLE assets ADD COLUMN fqdn TEXT DEFAULT ''")
    ~~~~~~~~~~~~^^^^^^^^^^^^^^^^^^^^^^^^^^^^^^^^^^^^^^^^^^^^^^^^^^^^^^
sqlite3.OperationalError: duplicate column name: fqdn
2026-06-05 19:00:00 - huginn - DEBUG - Suppressed exception
Traceback (most recent call last):
  File "c:\Users\allie\Coding Projects\huggin_suite\huginn\app\core\asset_manager.py", line 108, in init_database
    conn.execute("ALTER TABLE assets ADD COLUMN mac_address TEXT DEFAULT ''")
    ~~~~~~~~~~~~^^^^^^^^^^^^^^^^^^^^^^^^^^^^^^^^^^^^^^^^^^^^^^^^^^^^^^^^^^^^^
sqlite3.OperationalError: duplicate column name: mac_address
2026-06-05 19:00:00 - huginn - DEBUG - Suppressed exception
Traceback (most recent call last):
  File "c:\Users\allie\Coding Projects\huggin_suite\huginn\app\core\asset_manager.py", line 115, in init_database
    conn.execute("ALTER TABLE assets ADD COLUMN vendor TEXT DEFAULT ''")
    ~~~~~~~~~~~~^^^^^^^^^^^^^^^^^^^^^^^^^^^^^^^^^^^^^^^^^^^^^^^^^^^^^^^^
sqlite3.OperationalError: duplicate column name: vendor
2026-06-05 19:00:00 - huginn - DEBUG - Suppressed exception
Traceback (most recent call last):
  File "c:\Users\allie\Coding Projects\huggin_suite\huginn\app\core\asset_manager.py", line 122, in init_database
    conn.execute("ALTER TABLE assets ADD COLUMN notes TEXT DEFAULT ''")
    ~~~~~~~~~~~~^^^^^^^^^^^^^^^^^^^^^^^^^^^^^^^^^^^^^^^^^^^^^^^^^^^^^^^
sqlite3.OperationalError: duplicate column name: notes
2026-06-05 19:00:00 - huginn - INFO - Using default configuration
2026-06-05 19:00:02 - huginn - INFO - License saved successfully
2026-06-05 19:00:02 - huginn - INFO - License loaded and validated successfully
2026-06-05 19:00:07 - huginn - DEBUG - Suppressed exception
Traceback (most recent call last):
  File "c:\Users\allie\Coding Projects\huggin_suite\huginn\app\core\asset_manager.py", line 101, in init_database
    conn.execute("ALTER TABLE assets ADD COLUMN fqdn TEXT DEFAULT ''")
    ~~~~~~~~~~~~^^^^^^^^^^^^^^^^^^^^^^^^^^^^^^^^^^^^^^^^^^^^^^^^^^^^^^
sqlite3.OperationalError: duplicate column name: fqdn
2026-06-05 19:00:07 - huginn - DEBUG - Suppressed exception
Traceback (most recent call last):
  File "c:\Users\allie\Coding Projects\huggin_suite\huginn\app\core\asset_manager.py", line 108, in init_database
    conn.execute("ALTER TABLE assets ADD COLUMN mac_address TEXT DEFAULT ''")
    ~~~~~~~~~~~~^^^^^^^^^^^^^^^^^^^^^^^^^^^^^^^^^^^^^^^^^^^^^^^^^^^^^^^^^^^^^
sqlite3.OperationalError: duplicate column name: mac_address
2026-06-05 19:00:07 - huginn - DEBUG - Suppressed exception
Traceback (most recent call last):
  File "c:\Users\allie\Coding Projects\huggin_suite\huginn\app\core\asset_manager.py", line 115, in init_database
    conn.execute("ALTER TABLE assets ADD COLUMN vendor TEXT DEFAULT ''")
    ~~~~~~~~~~~~^^^^^^^^^^^^^^^^^^^^^^^^^^^^^^^^^^^^^^^^^^^^^^^^^^^^^^^^
sqlite3.OperationalError: duplicate column name: vendor
2026-06-05 19:00:07 - huginn - DEBUG - Suppressed exception
Traceback (most recent call last):
  File "c:\Users\allie\Coding Projects\huggin_suite\huginn\app\core\asset_manager.py", line 122, in init_database
    conn.execute("ALTER TABLE assets ADD COLUMN notes TEXT DEFAULT ''")
    ~~~~~~~~~~~~^^^^^^^^^^^^^^^^^^^^^^^^^^^^^^^^^^^^^^^^^^^^^^^^^^^^^^^
sqlite3.OperationalError: duplicate column name: notes
2026-06-05 19:00:07 - huginn - INFO - Using default configuration
2026-06-05 19:00:09 - huginn - INFO - License saved successfully
2026-06-05 19:00:09 - huginn - INFO - License loaded and validated successfully
2026-06-05 19:00:42 - huginn - DEBUG - Suppressed exception
Traceback (most recent call last):
  File "c:\Users\allie\Coding Projects\huggin_suite\huginn\app\core\asset_manager.py", line 101, in init_database
    conn.execute("ALTER TABLE assets ADD COLUMN fqdn TEXT DEFAULT ''")
    ~~~~~~~~~~~~^^^^^^^^^^^^^^^^^^^^^^^^^^^^^^^^^^^^^^^^^^^^^^^^^^^^^^
sqlite3.OperationalError: duplicate column name: fqdn
2026-06-05 19:00:42 - huginn - DEBUG - Suppressed exception
Traceback (most recent call last):
  File "c:\Users\allie\Coding Projects\huggin_suite\huginn\app\core\asset_manager.py", line 108, in init_database
    conn.execute("ALTER TABLE assets ADD COLUMN mac_address TEXT DEFAULT ''")
    ~~~~~~~~~~~~^^^^^^^^^^^^^^^^^^^^^^^^^^^^^^^^^^^^^^^^^^^^^^^^^^^^^^^^^^^^^
sqlite3.OperationalError: duplicate column name: mac_address
2026-06-05 19:00:42 - huginn - DEBUG - Suppressed exception
Traceback (most recent call last):
  File "c:\Users\allie\Coding Projects\huggin_suite\huginn\app\core\asset_manager.py", line 115, in init_database
    conn.execute("ALTER TABLE assets ADD COLUMN vendor TEXT DEFAULT ''")
    ~~~~~~~~~~~~^^^^^^^^^^^^^^^^^^^^^^^^^^^^^^^^^^^^^^^^^^^^^^^^^^^^^^^^
sqlite3.OperationalError: duplicate column name: vendor
2026-06-05 19:00:42 - huginn - DEBUG - Suppressed exception
Traceback (most recent call last):
  File "c:\Users\allie\Coding Projects\huggin_suite\huginn\app\core\asset_manager.py", line 122, in init_database
    conn.execute("ALTER TABLE assets ADD COLUMN notes TEXT DEFAULT ''")
    ~~~~~~~~~~~~^^^^^^^^^^^^^^^^^^^^^^^^^^^^^^^^^^^^^^^^^^^^^^^^^^^^^^^
sqlite3.OperationalError: duplicate column name: notes
2026-06-05 19:00:42 - huginn - INFO - Using default configuration
2026-06-05 19:00:44 - huginn - INFO - License saved successfully
2026-06-05 19:00:44 - huginn - INFO - License loaded and validated successfully
2026-06-05 19:00:59 - huginn - DEBUG - Suppressed exception
Traceback (most recent call last):
  File "c:\Users\allie\Coding Projects\huggin_suite\huginn\app\core\asset_manager.py", line 101, in init_database
    conn.execute("ALTER TABLE assets ADD COLUMN fqdn TEXT DEFAULT ''")
    ~~~~~~~~~~~~^^^^^^^^^^^^^^^^^^^^^^^^^^^^^^^^^^^^^^^^^^^^^^^^^^^^^^
sqlite3.OperationalError: duplicate column name: fqdn
2026-06-05 19:00:59 - huginn - DEBUG - Suppressed exception
Traceback (most recent call last):
  File "c:\Users\allie\Coding Projects\huggin_suite\huginn\app\core\asset_manager.py", line 108, in init_database
    conn.execute("ALTER TABLE assets ADD COLUMN mac_address TEXT DEFAULT ''")
    ~~~~~~~~~~~~^^^^^^^^^^^^^^^^^^^^^^^^^^^^^^^^^^^^^^^^^^^^^^^^^^^^^^^^^^^^^
sqlite3.OperationalError: duplicate column name: mac_address
2026-06-05 19:00:59 - huginn - DEBUG - Suppressed exception
Traceback (most recent call last):
  File "c:\Users\allie\Coding Projects\huggin_suite\huginn\app\core\asset_manager.py", line 115, in init_database
    conn.execute("ALTER TABLE assets ADD COLUMN vendor TEXT DEFAULT ''")
    ~~~~~~~~~~~~^^^^^^^^^^^^^^^^^^^^^^^^^^^^^^^^^^^^^^^^^^^^^^^^^^^^^^^^
sqlite3.OperationalError: duplicate column name: vendor
2026-06-05 19:00:59 - huginn - DEBUG - Suppressed exception
Traceback (most recent call last):
  File "c:\Users\allie\Coding Projects\huggin_suite\huginn\app\core\asset_manager.py", line 122, in init_database
    conn.execute("ALTER TABLE assets ADD COLUMN notes TEXT DEFAULT ''")
    ~~~~~~~~~~~~^^^^^^^^^^^^^^^^^^^^^^^^^^^^^^^^^^^^^^^^^^^^^^^^^^^^^^^
sqlite3.OperationalError: duplicate column name: notes
2026-06-05 19:00:59 - huginn - INFO - Using default configuration
2026-06-05 19:01:02 - huginn - INFO - License saved successfully
2026-06-05 19:01:02 - huginn - INFO - License loaded and validated successfully
2026-06-05 19:01:20 - huginn - DEBUG - Suppressed exception
Traceback (most recent call last):
  File "c:\Users\allie\Coding Projects\huggin_suite\huginn\app\core\asset_manager.py", line 101, in init_database
    conn.execute("ALTER TABLE assets ADD COLUMN fqdn TEXT DEFAULT ''")
    ~~~~~~~~~~~~^^^^^^^^^^^^^^^^^^^^^^^^^^^^^^^^^^^^^^^^^^^^^^^^^^^^^^
sqlite3.OperationalError: duplicate column name: fqdn
2026-06-05 19:01:20 - huginn - DEBUG - Suppressed exception
Traceback (most recent call last):
  File "c:\Users\allie\Coding Projects\huggin_suite\huginn\app\core\asset_manager.py", line 108, in init_database
    conn.execute("ALTER TABLE assets ADD COLUMN mac_address TEXT DEFAULT ''")
    ~~~~~~~~~~~~^^^^^^^^^^^^^^^^^^^^^^^^^^^^^^^^^^^^^^^^^^^^^^^^^^^^^^^^^^^^^
sqlite3.OperationalError: duplicate column name: mac_address
2026-06-05 19:01:20 - huginn - DEBUG - Suppressed exception
Traceback (most recent call last):
  File "c:\Users\allie\Coding Projects\huggin_suite\huginn\app\core\asset_manager.py", line 115, in init_database
    conn.execute("ALTER TABLE assets ADD COLUMN vendor TEXT DEFAULT ''")
    ~~~~~~~~~~~~^^^^^^^^^^^^^^^^^^^^^^^^^^^^^^^^^^^^^^^^^^^^^^^^^^^^^^^^
sqlite3.OperationalError: duplicate column name: vendor
2026-06-05 19:01:20 - huginn - DEBUG - Suppressed exception
Traceback (most recent call last):
  File "c:\Users\allie\Coding Projects\huggin_suite\huginn\app\core\asset_manager.py", line 122, in init_database
    conn.execute("ALTER TABLE assets ADD COLUMN notes TEXT DEFAULT ''")
    ~~~~~~~~~~~~^^^^^^^^^^^^^^^^^^^^^^^^^^^^^^^^^^^^^^^^^^^^^^^^^^^^^^^
sqlite3.OperationalError: duplicate column name: notes
2026-06-05 19:01:20 - huginn - INFO - Using default configuration
2026-06-05 19:01:23 - huginn - INFO - License saved successfully
2026-06-05 19:01:23 - huginn - INFO - License loaded and validated successfully
2026-06-05 19:02:30 - huginn - INFO - License saved successfully
2026-06-05 19:02:30 - huginn - INFO - License loaded and validated successfully
2026-06-05 19:02:30 - huginn - INFO - Application starting...
2026-06-05 19:02:30 - huginn - INFO - Font loaded successfully
2026-06-05 19:02:30 - huginn - INFO - Stylesheet loaded successfully
2026-06-05 19:02:30 - huginn - INFO - Creating main window...
2026-06-05 19:02:30 - huginn - INFO - QThreadPool max threads set to 32 (CPUs: 32)
2026-06-05 19:02:30 - huginn - INFO - Custom font 'Neuropol X' loaded from C:\Users\allie\Coding Projects\huggin_suite\huginn\resources\fonts\neuropol.otf
2026-06-05 19:02:30 - huginn - DEBUG - Suppressed exception
Traceback (most recent call last):
  File "C:\Users\allie\Coding Projects\huggin_suite\huginn\app\pages\page_registry.py", line 45, in register_all_pages
    from app.pages.db_attacks_page import DBAttacksPage
ImportError: cannot import name 'DBAttacksPage' from 'app.pages.db_attacks_page' (C:\Users\allie\Coding Projects\huggin_suite\huginn\app\pages\db_attacks_page.py)
2026-06-05 19:02:34 - huginn - DEBUG - Suppressed exception
Traceback (most recent call last):
  File "C:\Users\allie\Coding Projects\huggin_suite\huginn\app\core\scope_manager.py", line 62, in _parse_scope_text
    ipaddress.IPv4Address(item)
    ~~~~~~~~~~~~~~~~~~~~~^^^^^^
  File "C:\Users\allie\anaconda3\Lib\ipaddress.py", line 1319, in __init__
    self._ip = self._ip_int_from_string(addr_str)
               ~~~~~~~~~~~~~~~~~~~~~~~~^^^^^^^^^^
  File "C:\Users\allie\anaconda3\Lib\ipaddress.py", line 1206, in _ip_int_from_string
    raise AddressValueError("Expected 4 octets in %r" % ip_str)
ipaddress.AddressValueError: Expected 4 octets in 'blackreachlabs.com'
2026-06-05 19:02:34 - huginn - DEBUG - Suppressed exception
Traceback (most recent call last):
  File "C:\Users\allie\Coding Projects\huggin_suite\huginn\app\core\scope_manager.py", line 62, in _parse_scope_text
    ipaddress.IPv4Address(item)
    ~~~~~~~~~~~~~~~~~~~~~^^^^^^
  File "C:\Users\allie\anaconda3\Lib\ipaddress.py", line 1319, in __init__
    self._ip = self._ip_int_from_string(addr_str)
               ~~~~~~~~~~~~~~~~~~~~~~~~^^^^^^^^^^
  File "C:\Users\allie\anaconda3\Lib\ipaddress.py", line 1206, in _ip_int_from_string
    raise AddressValueError("Expected 4 octets in %r" % ip_str)
ipaddress.AddressValueError: Expected 4 octets in 'blackreachlabs.com'
2026-06-05 19:02:35 - huginn - DEBUG - Wireless security tab unavailable
Traceback (most recent call last):
  File "C:\Users\allie\Coding Projects\huggin_suite\huginn\app\pages\recon_enumeration_page.py", line 99, in setup_ui
    wireless_tab = WirelessSecurityWidget(self)
  File "C:\Users\allie\Coding Projects\huggin_suite\huginn\app\widgets\wireless_security_widget.py", line 52, in __init__
    self.connect_signals()
    ~~~~~~~~~~~~~~~~~~~~^^
  File "C:\Users\allie\Coding Projects\huggin_suite\huginn\app\widgets\wireless_security_widget.py", line 303, in connect_signals
    self.generate_report_btn.clicked.connect(self.generate_report)
    ^^^^^^^^^^^^^^^^^^^^^^^^
AttributeError: 'WirelessSecurityWidget' object has no attribute 'generate_report_btn'. Did you mean: 'generate_report'?
2026-06-05 19:04:11 - huginn - DEBUG - Memory monitoring stopped
2026-06-05 19:04:11 - huginn - DEBUG - Connection pool closed all sessions
2026-06-05 19:04:11 - huginn - INFO - Update manager stopped during cleanup
2026-06-05 19:05:02 - huginn - DEBUG - Suppressed exception
Traceback (most recent call last):
  File "c:\Users\allie\Coding Projects\huggin_suite\huginn\app\core\asset_manager.py", line 101, in init_database
    conn.execute("ALTER TABLE assets ADD COLUMN fqdn TEXT DEFAULT ''")
    ~~~~~~~~~~~~^^^^^^^^^^^^^^^^^^^^^^^^^^^^^^^^^^^^^^^^^^^^^^^^^^^^^^
sqlite3.OperationalError: duplicate column name: fqdn
2026-06-05 19:05:02 - huginn - DEBUG - Suppressed exception
Traceback (most recent call last):
  File "c:\Users\allie\Coding Projects\huggin_suite\huginn\app\core\asset_manager.py", line 108, in init_database
    conn.execute("ALTER TABLE assets ADD COLUMN mac_address TEXT DEFAULT ''")
    ~~~~~~~~~~~~^^^^^^^^^^^^^^^^^^^^^^^^^^^^^^^^^^^^^^^^^^^^^^^^^^^^^^^^^^^^^
sqlite3.OperationalError: duplicate column name: mac_address
2026-06-05 19:05:02 - huginn - DEBUG - Suppressed exception
Traceback (most recent call last):
  File "c:\Users\allie\Coding Projects\huggin_suite\huginn\app\core\asset_manager.py", line 115, in init_database
    conn.execute("ALTER TABLE assets ADD COLUMN vendor TEXT DEFAULT ''")
    ~~~~~~~~~~~~^^^^^^^^^^^^^^^^^^^^^^^^^^^^^^^^^^^^^^^^^^^^^^^^^^^^^^^^
sqlite3.OperationalError: duplicate column name: vendor
2026-06-05 19:05:02 - huginn - DEBUG - Suppressed exception
Traceback (most recent call last):
  File "c:\Users\allie\Coding Projects\huggin_suite\huginn\app\core\asset_manager.py", line 122, in init_database
    conn.execute("ALTER TABLE assets ADD COLUMN notes TEXT DEFAULT ''")
    ~~~~~~~~~~~~^^^^^^^^^^^^^^^^^^^^^^^^^^^^^^^^^^^^^^^^^^^^^^^^^^^^^^^
sqlite3.OperationalError: duplicate column name: notes
2026-06-05 19:05:03 - huginn - INFO - Using default configuration
2026-06-05 19:05:05 - huginn - INFO - License saved successfully
2026-06-05 19:05:05 - huginn - INFO - License loaded and validated successfully
2026-06-05 19:05:38 - huginn - DEBUG - Suppressed exception
Traceback (most recent call last):
  File "c:\Users\allie\Coding Projects\huggin_suite\huginn\app\core\asset_manager.py", line 101, in init_database
    conn.execute("ALTER TABLE assets ADD COLUMN fqdn TEXT DEFAULT ''")
    ~~~~~~~~~~~~^^^^^^^^^^^^^^^^^^^^^^^^^^^^^^^^^^^^^^^^^^^^^^^^^^^^^^
sqlite3.OperationalError: duplicate column name: fqdn
2026-06-05 19:05:38 - huginn - DEBUG - Suppressed exception
Traceback (most recent call last):
  File "c:\Users\allie\Coding Projects\huggin_suite\huginn\app\core\asset_manager.py", line 108, in init_database
    conn.execute("ALTER TABLE assets ADD COLUMN mac_address TEXT DEFAULT ''")
    ~~~~~~~~~~~~^^^^^^^^^^^^^^^^^^^^^^^^^^^^^^^^^^^^^^^^^^^^^^^^^^^^^^^^^^^^^
sqlite3.OperationalError: duplicate column name: mac_address
2026-06-05 19:05:38 - huginn - DEBUG - Suppressed exception
Traceback (most recent call last):
  File "c:\Users\allie\Coding Projects\huggin_suite\huginn\app\core\asset_manager.py", line 115, in init_database
    conn.execute("ALTER TABLE assets ADD COLUMN vendor TEXT DEFAULT ''")
    ~~~~~~~~~~~~^^^^^^^^^^^^^^^^^^^^^^^^^^^^^^^^^^^^^^^^^^^^^^^^^^^^^^^^
sqlite3.OperationalError: duplicate column name: vendor
2026-06-05 19:05:38 - huginn - DEBUG - Suppressed exception
Traceback (most recent call last):
  File "c:\Users\allie\Coding Projects\huggin_suite\huginn\app\core\asset_manager.py", line 122, in init_database
    conn.execute("ALTER TABLE assets ADD COLUMN notes TEXT DEFAULT ''")
    ~~~~~~~~~~~~^^^^^^^^^^^^^^^^^^^^^^^^^^^^^^^^^^^^^^^^^^^^^^^^^^^^^^^
sqlite3.OperationalError: duplicate column name: notes
2026-06-05 19:05:39 - huginn - INFO - Using default configuration
2026-06-05 19:05:41 - huginn - INFO - License saved successfully
2026-06-05 19:05:41 - huginn - INFO - License loaded and validated successfully
2026-06-05 19:07:41 - huginn - DEBUG - Suppressed exception
Traceback (most recent call last):
  File "c:\Users\allie\Coding Projects\huggin_suite\huginn\app\core\asset_manager.py", line 101, in init_database
    conn.execute("ALTER TABLE assets ADD COLUMN fqdn TEXT DEFAULT ''")
    ~~~~~~~~~~~~^^^^^^^^^^^^^^^^^^^^^^^^^^^^^^^^^^^^^^^^^^^^^^^^^^^^^^
sqlite3.OperationalError: duplicate column name: fqdn
2026-06-05 19:07:41 - huginn - DEBUG - Suppressed exception
Traceback (most recent call last):
  File "c:\Users\allie\Coding Projects\huggin_suite\huginn\app\core\asset_manager.py", line 108, in init_database
    conn.execute("ALTER TABLE assets ADD COLUMN mac_address TEXT DEFAULT ''")
    ~~~~~~~~~~~~^^^^^^^^^^^^^^^^^^^^^^^^^^^^^^^^^^^^^^^^^^^^^^^^^^^^^^^^^^^^^
sqlite3.OperationalError: duplicate column name: mac_address
2026-06-05 19:07:41 - huginn - DEBUG - Suppressed exception
Traceback (most recent call last):
  File "c:\Users\allie\Coding Projects\huggin_suite\huginn\app\core\asset_manager.py", line 115, in init_database
    conn.execute("ALTER TABLE assets ADD COLUMN vendor TEXT DEFAULT ''")
    ~~~~~~~~~~~~^^^^^^^^^^^^^^^^^^^^^^^^^^^^^^^^^^^^^^^^^^^^^^^^^^^^^^^^
sqlite3.OperationalError: duplicate column name: vendor
2026-06-05 19:07:41 - huginn - DEBUG - Suppressed exception
Traceback (most recent call last):
  File "c:\Users\allie\Coding Projects\huggin_suite\huginn\app\core\asset_manager.py", line 122, in init_database
    conn.execute("ALTER TABLE assets ADD COLUMN notes TEXT DEFAULT ''")
    ~~~~~~~~~~~~^^^^^^^^^^^^^^^^^^^^^^^^^^^^^^^^^^^^^^^^^^^^^^^^^^^^^^^
sqlite3.OperationalError: duplicate column name: notes
2026-06-05 19:07:41 - huginn - INFO - Using default configuration
2026-06-05 19:07:44 - huginn - INFO - License saved successfully
2026-06-05 19:07:44 - huginn - INFO - License loaded and validated successfully
2026-06-05 19:08:02 - huginn - DEBUG - Suppressed exception
Traceback (most recent call last):
  File "c:\Users\allie\Coding Projects\huggin_suite\huginn\app\core\asset_manager.py", line 101, in init_database
    conn.execute("ALTER TABLE assets ADD COLUMN fqdn TEXT DEFAULT ''")
    ~~~~~~~~~~~~^^^^^^^^^^^^^^^^^^^^^^^^^^^^^^^^^^^^^^^^^^^^^^^^^^^^^^
sqlite3.OperationalError: duplicate column name: fqdn
2026-06-05 19:08:02 - huginn - DEBUG - Suppressed exception
Traceback (most recent call last):
  File "c:\Users\allie\Coding Projects\huggin_suite\huginn\app\core\asset_manager.py", line 108, in init_database
    conn.execute("ALTER TABLE assets ADD COLUMN mac_address TEXT DEFAULT ''")
    ~~~~~~~~~~~~^^^^^^^^^^^^^^^^^^^^^^^^^^^^^^^^^^^^^^^^^^^^^^^^^^^^^^^^^^^^^
sqlite3.OperationalError: duplicate column name: mac_address
2026-06-05 19:08:02 - huginn - DEBUG - Suppressed exception
Traceback (most recent call last):
  File "c:\Users\allie\Coding Projects\huggin_suite\huginn\app\core\asset_manager.py", line 115, in init_database
    conn.execute("ALTER TABLE assets ADD COLUMN vendor TEXT DEFAULT ''")
    ~~~~~~~~~~~~^^^^^^^^^^^^^^^^^^^^^^^^^^^^^^^^^^^^^^^^^^^^^^^^^^^^^^^^
sqlite3.OperationalError: duplicate column name: vendor
2026-06-05 19:08:02 - huginn - DEBUG - Suppressed exception
Traceback (most recent call last):
  File "c:\Users\allie\Coding Projects\huggin_suite\huginn\app\core\asset_manager.py", line 122, in init_database
    conn.execute("ALTER TABLE assets ADD COLUMN notes TEXT DEFAULT ''")
    ~~~~~~~~~~~~^^^^^^^^^^^^^^^^^^^^^^^^^^^^^^^^^^^^^^^^^^^^^^^^^^^^^^^
sqlite3.OperationalError: duplicate column name: notes
2026-06-05 19:08:02 - huginn - INFO - Using default configuration
2026-06-05 19:08:05 - huginn - INFO - License saved successfully
2026-06-05 19:08:05 - huginn - INFO - License loaded and validated successfully
2026-06-05 19:10:23 - huginn - INFO - License saved successfully
2026-06-05 19:10:23 - huginn - INFO - License loaded and validated successfully
2026-06-05 19:10:23 - huginn - INFO - Application starting...
2026-06-05 19:10:23 - huginn - INFO - Font loaded successfully
2026-06-05 19:10:23 - huginn - INFO - Stylesheet loaded successfully
2026-06-05 19:10:23 - huginn - INFO - Creating main window...
2026-06-05 19:10:23 - huginn - INFO - QThreadPool max threads set to 32 (CPUs: 32)
2026-06-05 19:10:23 - huginn - INFO - Custom font 'Neuropol X' loaded from C:\Users\allie\Coding Projects\huggin_suite\huginn\resources\fonts\neuropol.otf
2026-06-05 19:10:23 - huginn - DEBUG - Suppressed exception
Traceback (most recent call last):
  File "C:\Users\allie\Coding Projects\huggin_suite\huginn\app\pages\page_registry.py", line 45, in register_all_pages
    from app.pages.db_attacks_page import DBAttacksPage
ImportError: cannot import name 'DBAttacksPage' from 'app.pages.db_attacks_page' (C:\Users\allie\Coding Projects\huggin_suite\huginn\app\pages\db_attacks_page.py)
2026-06-05 19:10:27 - huginn - DEBUG - Suppressed exception
Traceback (most recent call last):
  File "C:\Users\allie\Coding Projects\huggin_suite\huginn\app\core\scope_manager.py", line 62, in _parse_scope_text
    ipaddress.IPv4Address(item)
    ~~~~~~~~~~~~~~~~~~~~~^^^^^^
  File "C:\Users\allie\anaconda3\Lib\ipaddress.py", line 1319, in __init__
    self._ip = self._ip_int_from_string(addr_str)
               ~~~~~~~~~~~~~~~~~~~~~~~~^^^^^^^^^^
  File "C:\Users\allie\anaconda3\Lib\ipaddress.py", line 1206, in _ip_int_from_string
    raise AddressValueError("Expected 4 octets in %r" % ip_str)
ipaddress.AddressValueError: Expected 4 octets in 'blackreachlabs.com'
2026-06-05 19:10:27 - huginn - DEBUG - Suppressed exception
Traceback (most recent call last):
  File "C:\Users\allie\Coding Projects\huggin_suite\huginn\app\core\scope_manager.py", line 62, in _parse_scope_text
    ipaddress.IPv4Address(item)
    ~~~~~~~~~~~~~~~~~~~~~^^^^^^
  File "C:\Users\allie\anaconda3\Lib\ipaddress.py", line 1319, in __init__
    self._ip = self._ip_int_from_string(addr_str)
               ~~~~~~~~~~~~~~~~~~~~~~~~^^^^^^^^^^
  File "C:\Users\allie\anaconda3\Lib\ipaddress.py", line 1206, in _ip_int_from_string
    raise AddressValueError("Expected 4 octets in %r" % ip_str)
ipaddress.AddressValueError: Expected 4 octets in 'blackreachlabs.com'
2026-06-05 19:10:28 - huginn - DEBUG - Wireless security tab unavailable
Traceback (most recent call last):
  File "C:\Users\allie\Coding Projects\huggin_suite\huginn\app\pages\recon_enumeration_page.py", line 99, in setup_ui
    wireless_tab = WirelessSecurityWidget(self)
  File "C:\Users\allie\Coding Projects\huggin_suite\huginn\app\widgets\wireless_security_widget.py", line 52, in __init__
    self.connect_signals()
    ~~~~~~~~~~~~~~~~~~~~^^
  File "C:\Users\allie\Coding Projects\huggin_suite\huginn\app\widgets\wireless_security_widget.py", line 303, in connect_signals
    self.generate_report_btn.clicked.connect(self.generate_report)
    ^^^^^^^^^^^^^^^^^^^^^^^^
AttributeError: 'WirelessSecurityWidget' object has no attribute 'generate_report_btn'. Did you mean: 'generate_report'?
2026-06-05 19:13:29 - huginn - DEBUG - Suppressed exception
Traceback (most recent call last):
  File "c:\Users\allie\Coding Projects\huggin_suite\huginn\app\core\asset_manager.py", line 101, in init_database
    conn.execute("ALTER TABLE assets ADD COLUMN fqdn TEXT DEFAULT ''")
    ~~~~~~~~~~~~^^^^^^^^^^^^^^^^^^^^^^^^^^^^^^^^^^^^^^^^^^^^^^^^^^^^^^
sqlite3.OperationalError: duplicate column name: fqdn
2026-06-05 19:13:29 - huginn - DEBUG - Suppressed exception
Traceback (most recent call last):
  File "c:\Users\allie\Coding Projects\huggin_suite\huginn\app\core\asset_manager.py", line 108, in init_database
    conn.execute("ALTER TABLE assets ADD COLUMN mac_address TEXT DEFAULT ''")
    ~~~~~~~~~~~~^^^^^^^^^^^^^^^^^^^^^^^^^^^^^^^^^^^^^^^^^^^^^^^^^^^^^^^^^^^^^
sqlite3.OperationalError: duplicate column name: mac_address
2026-06-05 19:13:29 - huginn - DEBUG - Suppressed exception
Traceback (most recent call last):
  File "c:\Users\allie\Coding Projects\huggin_suite\huginn\app\core\asset_manager.py", line 115, in init_database
    conn.execute("ALTER TABLE assets ADD COLUMN vendor TEXT DEFAULT ''")
    ~~~~~~~~~~~~^^^^^^^^^^^^^^^^^^^^^^^^^^^^^^^^^^^^^^^^^^^^^^^^^^^^^^^^
sqlite3.OperationalError: duplicate column name: vendor
2026-06-05 19:13:29 - huginn - DEBUG - Suppressed exception
Traceback (most recent call last):
  File "c:\Users\allie\Coding Projects\huggin_suite\huginn\app\core\asset_manager.py", line 122, in init_database
    conn.execute("ALTER TABLE assets ADD COLUMN notes TEXT DEFAULT ''")
    ~~~~~~~~~~~~^^^^^^^^^^^^^^^^^^^^^^^^^^^^^^^^^^^^^^^^^^^^^^^^^^^^^^^
sqlite3.OperationalError: duplicate column name: notes
2026-06-05 19:13:29 - huginn - INFO - Using default configuration
2026-06-05 19:13:32 - huginn - INFO - License saved successfully
2026-06-05 19:13:32 - huginn - INFO - License loaded and validated successfully
2026-06-05 19:13:34 - huginn - DEBUG - Memory monitoring stopped
2026-06-05 19:13:34 - huginn - DEBUG - Connection pool closed all sessions
2026-06-05 19:13:34 - huginn - INFO - Update manager stopped during cleanup
2026-06-05 19:14:09 - huginn - DEBUG - Suppressed exception
Traceback (most recent call last):
  File "c:\Users\allie\Coding Projects\huggin_suite\huginn\app\core\asset_manager.py", line 101, in init_database
    conn.execute("ALTER TABLE assets ADD COLUMN fqdn TEXT DEFAULT ''")
    ~~~~~~~~~~~~^^^^^^^^^^^^^^^^^^^^^^^^^^^^^^^^^^^^^^^^^^^^^^^^^^^^^^
sqlite3.OperationalError: duplicate column name: fqdn
2026-06-05 19:14:09 - huginn - DEBUG - Suppressed exception
Traceback (most recent call last):
  File "c:\Users\allie\Coding Projects\huggin_suite\huginn\app\core\asset_manager.py", line 108, in init_database
    conn.execute("ALTER TABLE assets ADD COLUMN mac_address TEXT DEFAULT ''")
    ~~~~~~~~~~~~^^^^^^^^^^^^^^^^^^^^^^^^^^^^^^^^^^^^^^^^^^^^^^^^^^^^^^^^^^^^^
sqlite3.OperationalError: duplicate column name: mac_address
2026-06-05 19:14:09 - huginn - DEBUG - Suppressed exception
Traceback (most recent call last):
  File "c:\Users\allie\Coding Projects\huggin_suite\huginn\app\core\asset_manager.py", line 115, in init_database
    conn.execute("ALTER TABLE assets ADD COLUMN vendor TEXT DEFAULT ''")
    ~~~~~~~~~~~~^^^^^^^^^^^^^^^^^^^^^^^^^^^^^^^^^^^^^^^^^^^^^^^^^^^^^^^^
sqlite3.OperationalError: duplicate column name: vendor
2026-06-05 19:14:09 - huginn - DEBUG - Suppressed exception
Traceback (most recent call last):
  File "c:\Users\allie\Coding Projects\huggin_suite\huginn\app\core\asset_manager.py", line 122, in init_database
    conn.execute("ALTER TABLE assets ADD COLUMN notes TEXT DEFAULT ''")
    ~~~~~~~~~~~~^^^^^^^^^^^^^^^^^^^^^^^^^^^^^^^^^^^^^^^^^^^^^^^^^^^^^^^
sqlite3.OperationalError: duplicate column name: notes
2026-06-05 19:14:09 - huginn - INFO - Using default configuration
2026-06-05 19:14:11 - huginn - INFO - License saved successfully
2026-06-05 19:14:11 - huginn - INFO - License loaded and validated successfully
2026-06-05 19:14:18 - huginn - DEBUG - Suppressed exception
Traceback (most recent call last):
  File "c:\Users\allie\Coding Projects\huggin_suite\huginn\app\core\asset_manager.py", line 101, in init_database
    conn.execute("ALTER TABLE assets ADD COLUMN fqdn TEXT DEFAULT ''")
    ~~~~~~~~~~~~^^^^^^^^^^^^^^^^^^^^^^^^^^^^^^^^^^^^^^^^^^^^^^^^^^^^^^
sqlite3.OperationalError: duplicate column name: fqdn
2026-06-05 19:14:18 - huginn - DEBUG - Suppressed exception
Traceback (most recent call last):
  File "c:\Users\allie\Coding Projects\huggin_suite\huginn\app\core\asset_manager.py", line 108, in init_database
    conn.execute("ALTER TABLE assets ADD COLUMN mac_address TEXT DEFAULT ''")
    ~~~~~~~~~~~~^^^^^^^^^^^^^^^^^^^^^^^^^^^^^^^^^^^^^^^^^^^^^^^^^^^^^^^^^^^^^
sqlite3.OperationalError: duplicate column name: mac_address
2026-06-05 19:14:18 - huginn - DEBUG - Suppressed exception
Traceback (most recent call last):
  File "c:\Users\allie\Coding Projects\huggin_suite\huginn\app\core\asset_manager.py", line 115, in init_database
    conn.execute("ALTER TABLE assets ADD COLUMN vendor TEXT DEFAULT ''")
    ~~~~~~~~~~~~^^^^^^^^^^^^^^^^^^^^^^^^^^^^^^^^^^^^^^^^^^^^^^^^^^^^^^^^
sqlite3.OperationalError: duplicate column name: vendor
2026-06-05 19:14:18 - huginn - DEBUG - Suppressed exception
Traceback (most recent call last):
  File "c:\Users\allie\Coding Projects\huggin_suite\huginn\app\core\asset_manager.py", line 122, in init_database
    conn.execute("ALTER TABLE assets ADD COLUMN notes TEXT DEFAULT ''")
    ~~~~~~~~~~~~^^^^^^^^^^^^^^^^^^^^^^^^^^^^^^^^^^^^^^^^^^^^^^^^^^^^^^^
sqlite3.OperationalError: duplicate column name: notes
2026-06-05 19:14:18 - huginn - INFO - Using default configuration
2026-06-05 19:14:21 - huginn - INFO - License saved successfully
2026-06-05 19:14:21 - huginn - INFO - License loaded and validated successfully
2026-06-05 19:14:27 - huginn - DEBUG - Suppressed exception
Traceback (most recent call last):
  File "c:\Users\allie\Coding Projects\huggin_suite\huginn\app\core\asset_manager.py", line 101, in init_database
    conn.execute("ALTER TABLE assets ADD COLUMN fqdn TEXT DEFAULT ''")
    ~~~~~~~~~~~~^^^^^^^^^^^^^^^^^^^^^^^^^^^^^^^^^^^^^^^^^^^^^^^^^^^^^^
sqlite3.OperationalError: duplicate column name: fqdn
2026-06-05 19:14:27 - huginn - DEBUG - Suppressed exception
Traceback (most recent call last):
  File "c:\Users\allie\Coding Projects\huggin_suite\huginn\app\core\asset_manager.py", line 108, in init_database
    conn.execute("ALTER TABLE assets ADD COLUMN mac_address TEXT DEFAULT ''")
    ~~~~~~~~~~~~^^^^^^^^^^^^^^^^^^^^^^^^^^^^^^^^^^^^^^^^^^^^^^^^^^^^^^^^^^^^^
sqlite3.OperationalError: duplicate column name: mac_address
2026-06-05 19:14:27 - huginn - DEBUG - Suppressed exception
Traceback (most recent call last):
  File "c:\Users\allie\Coding Projects\huggin_suite\huginn\app\core\asset_manager.py", line 115, in init_database
    conn.execute("ALTER TABLE assets ADD COLUMN vendor TEXT DEFAULT ''")
    ~~~~~~~~~~~~^^^^^^^^^^^^^^^^^^^^^^^^^^^^^^^^^^^^^^^^^^^^^^^^^^^^^^^^
sqlite3.OperationalError: duplicate column name: vendor
2026-06-05 19:14:27 - huginn - DEBUG - Suppressed exception
Traceback (most recent call last):
  File "c:\Users\allie\Coding Projects\huggin_suite\huginn\app\core\asset_manager.py", line 122, in init_database
    conn.execute("ALTER TABLE assets ADD COLUMN notes TEXT DEFAULT ''")
    ~~~~~~~~~~~~^^^^^^^^^^^^^^^^^^^^^^^^^^^^^^^^^^^^^^^^^^^^^^^^^^^^^^^
sqlite3.OperationalError: duplicate column name: notes
2026-06-05 19:14:27 - huginn - INFO - Using default configuration
2026-06-05 19:14:29 - huginn - INFO - License saved successfully
2026-06-05 19:14:29 - huginn - INFO - License loaded and validated successfully
2026-06-05 19:14:43 - huginn - DEBUG - Suppressed exception
Traceback (most recent call last):
  File "c:\Users\allie\Coding Projects\huggin_suite\huginn\app\core\asset_manager.py", line 101, in init_database
    conn.execute("ALTER TABLE assets ADD COLUMN fqdn TEXT DEFAULT ''")
    ~~~~~~~~~~~~^^^^^^^^^^^^^^^^^^^^^^^^^^^^^^^^^^^^^^^^^^^^^^^^^^^^^^
sqlite3.OperationalError: duplicate column name: fqdn
2026-06-05 19:14:43 - huginn - DEBUG - Suppressed exception
Traceback (most recent call last):
  File "c:\Users\allie\Coding Projects\huggin_suite\huginn\app\core\asset_manager.py", line 108, in init_database
    conn.execute("ALTER TABLE assets ADD COLUMN mac_address TEXT DEFAULT ''")
    ~~~~~~~~~~~~^^^^^^^^^^^^^^^^^^^^^^^^^^^^^^^^^^^^^^^^^^^^^^^^^^^^^^^^^^^^^
sqlite3.OperationalError: duplicate column name: mac_address
2026-06-05 19:14:43 - huginn - DEBUG - Suppressed exception
Traceback (most recent call last):
  File "c:\Users\allie\Coding Projects\huggin_suite\huginn\app\core\asset_manager.py", line 115, in init_database
    conn.execute("ALTER TABLE assets ADD COLUMN vendor TEXT DEFAULT ''")
    ~~~~~~~~~~~~^^^^^^^^^^^^^^^^^^^^^^^^^^^^^^^^^^^^^^^^^^^^^^^^^^^^^^^^
sqlite3.OperationalError: duplicate column name: vendor
2026-06-05 19:14:43 - huginn - DEBUG - Suppressed exception
Traceback (most recent call last):
  File "c:\Users\allie\Coding Projects\huggin_suite\huginn\app\core\asset_manager.py", line 122, in init_database
    conn.execute("ALTER TABLE assets ADD COLUMN notes TEXT DEFAULT ''")
    ~~~~~~~~~~~~^^^^^^^^^^^^^^^^^^^^^^^^^^^^^^^^^^^^^^^^^^^^^^^^^^^^^^^
sqlite3.OperationalError: duplicate column name: notes
2026-06-05 19:14:43 - huginn - INFO - Using default configuration
2026-06-05 19:14:45 - huginn - INFO - License saved successfully
2026-06-05 19:14:45 - huginn - INFO - License loaded and validated successfully
2026-06-05 19:15:08 - huginn - DEBUG - Suppressed exception
Traceback (most recent call last):
  File "c:\Users\allie\Coding Projects\huggin_suite\huginn\app\core\asset_manager.py", line 101, in init_database
    conn.execute("ALTER TABLE assets ADD COLUMN fqdn TEXT DEFAULT ''")
    ~~~~~~~~~~~~^^^^^^^^^^^^^^^^^^^^^^^^^^^^^^^^^^^^^^^^^^^^^^^^^^^^^^
sqlite3.OperationalError: duplicate column name: fqdn
2026-06-05 19:15:08 - huginn - DEBUG - Suppressed exception
Traceback (most recent call last):
  File "c:\Users\allie\Coding Projects\huggin_suite\huginn\app\core\asset_manager.py", line 108, in init_database
    conn.execute("ALTER TABLE assets ADD COLUMN mac_address TEXT DEFAULT ''")
    ~~~~~~~~~~~~^^^^^^^^^^^^^^^^^^^^^^^^^^^^^^^^^^^^^^^^^^^^^^^^^^^^^^^^^^^^^
sqlite3.OperationalError: duplicate column name: mac_address
2026-06-05 19:15:08 - huginn - DEBUG - Suppressed exception
Traceback (most recent call last):
  File "c:\Users\allie\Coding Projects\huggin_suite\huginn\app\core\asset_manager.py", line 115, in init_database
    conn.execute("ALTER TABLE assets ADD COLUMN vendor TEXT DEFAULT ''")
    ~~~~~~~~~~~~^^^^^^^^^^^^^^^^^^^^^^^^^^^^^^^^^^^^^^^^^^^^^^^^^^^^^^^^
sqlite3.OperationalError: duplicate column name: vendor
2026-06-05 19:15:08 - huginn - DEBUG - Suppressed exception
Traceback (most recent call last):
  File "c:\Users\allie\Coding Projects\huggin_suite\huginn\app\core\asset_manager.py", line 122, in init_database
    conn.execute("ALTER TABLE assets ADD COLUMN notes TEXT DEFAULT ''")
    ~~~~~~~~~~~~^^^^^^^^^^^^^^^^^^^^^^^^^^^^^^^^^^^^^^^^^^^^^^^^^^^^^^^
sqlite3.OperationalError: duplicate column name: notes
2026-06-05 19:15:08 - huginn - INFO - Using default configuration
2026-06-05 19:15:10 - huginn - INFO - License saved successfully
2026-06-05 19:15:10 - huginn - INFO - License loaded and validated successfully
2026-06-05 19:15:28 - huginn - DEBUG - Suppressed exception
Traceback (most recent call last):
  File "c:\Users\allie\Coding Projects\huggin_suite\huginn\app\core\asset_manager.py", line 101, in init_database
    conn.execute("ALTER TABLE assets ADD COLUMN fqdn TEXT DEFAULT ''")
    ~~~~~~~~~~~~^^^^^^^^^^^^^^^^^^^^^^^^^^^^^^^^^^^^^^^^^^^^^^^^^^^^^^
sqlite3.OperationalError: duplicate column name: fqdn
2026-06-05 19:15:28 - huginn - DEBUG - Suppressed exception
Traceback (most recent call last):
  File "c:\Users\allie\Coding Projects\huggin_suite\huginn\app\core\asset_manager.py", line 108, in init_database
    conn.execute("ALTER TABLE assets ADD COLUMN mac_address TEXT DEFAULT ''")
    ~~~~~~~~~~~~^^^^^^^^^^^^^^^^^^^^^^^^^^^^^^^^^^^^^^^^^^^^^^^^^^^^^^^^^^^^^
sqlite3.OperationalError: duplicate column name: mac_address
2026-06-05 19:15:28 - huginn - DEBUG - Suppressed exception
Traceback (most recent call last):
  File "c:\Users\allie\Coding Projects\huggin_suite\huginn\app\core\asset_manager.py", line 115, in init_database
    conn.execute("ALTER TABLE assets ADD COLUMN vendor TEXT DEFAULT ''")
    ~~~~~~~~~~~~^^^^^^^^^^^^^^^^^^^^^^^^^^^^^^^^^^^^^^^^^^^^^^^^^^^^^^^^
sqlite3.OperationalError: duplicate column name: vendor
2026-06-05 19:15:28 - huginn - DEBUG - Suppressed exception
Traceback (most recent call last):
  File "c:\Users\allie\Coding Projects\huggin_suite\huginn\app\core\asset_manager.py", line 122, in init_database
    conn.execute("ALTER TABLE assets ADD COLUMN notes TEXT DEFAULT ''")
    ~~~~~~~~~~~~^^^^^^^^^^^^^^^^^^^^^^^^^^^^^^^^^^^^^^^^^^^^^^^^^^^^^^^
sqlite3.OperationalError: duplicate column name: notes
2026-06-05 19:15:28 - huginn - INFO - Using default configuration
2026-06-05 19:15:30 - huginn - INFO - License saved successfully
2026-06-05 19:15:30 - huginn - INFO - License loaded and validated successfully
2026-06-05 19:23:35 - huginn - DEBUG - Suppressed exception
Traceback (most recent call last):
  File "c:\Users\allie\Coding Projects\huggin_suite\huginn\app\core\asset_manager.py", line 101, in init_database
    conn.execute("ALTER TABLE assets ADD COLUMN fqdn TEXT DEFAULT ''")
    ~~~~~~~~~~~~^^^^^^^^^^^^^^^^^^^^^^^^^^^^^^^^^^^^^^^^^^^^^^^^^^^^^^
sqlite3.OperationalError: duplicate column name: fqdn
2026-06-05 19:23:35 - huginn - DEBUG - Suppressed exception
Traceback (most recent call last):
  File "c:\Users\allie\Coding Projects\huggin_suite\huginn\app\core\asset_manager.py", line 108, in init_database
    conn.execute("ALTER TABLE assets ADD COLUMN mac_address TEXT DEFAULT ''")
    ~~~~~~~~~~~~^^^^^^^^^^^^^^^^^^^^^^^^^^^^^^^^^^^^^^^^^^^^^^^^^^^^^^^^^^^^^
sqlite3.OperationalError: duplicate column name: mac_address
2026-06-05 19:23:35 - huginn - DEBUG - Suppressed exception
Traceback (most recent call last):
  File "c:\Users\allie\Coding Projects\huggin_suite\huginn\app\core\asset_manager.py", line 115, in init_database
    conn.execute("ALTER TABLE assets ADD COLUMN vendor TEXT DEFAULT ''")
    ~~~~~~~~~~~~^^^^^^^^^^^^^^^^^^^^^^^^^^^^^^^^^^^^^^^^^^^^^^^^^^^^^^^^
sqlite3.OperationalError: duplicate column name: vendor
2026-06-05 19:23:35 - huginn - DEBUG - Suppressed exception
Traceback (most recent call last):
  File "c:\Users\allie\Coding Projects\huggin_suite\huginn\app\core\asset_manager.py", line 122, in init_database
    conn.execute("ALTER TABLE assets ADD COLUMN notes TEXT DEFAULT ''")
    ~~~~~~~~~~~~^^^^^^^^^^^^^^^^^^^^^^^^^^^^^^^^^^^^^^^^^^^^^^^^^^^^^^^
sqlite3.OperationalError: duplicate column name: notes
2026-06-05 19:23:35 - huginn - INFO - Using default configuration
2026-06-05 19:23:37 - huginn - INFO - License saved successfully
2026-06-05 19:23:37 - huginn - INFO - License loaded and validated successfully
2026-06-05 19:23:54 - huginn - DEBUG - Suppressed exception
Traceback (most recent call last):
  File "c:\Users\allie\Coding Projects\huggin_suite\huginn\app\core\asset_manager.py", line 101, in init_database
    conn.execute("ALTER TABLE assets ADD COLUMN fqdn TEXT DEFAULT ''")
    ~~~~~~~~~~~~^^^^^^^^^^^^^^^^^^^^^^^^^^^^^^^^^^^^^^^^^^^^^^^^^^^^^^
sqlite3.OperationalError: duplicate column name: fqdn
2026-06-05 19:23:54 - huginn - DEBUG - Suppressed exception
Traceback (most recent call last):
  File "c:\Users\allie\Coding Projects\huggin_suite\huginn\app\core\asset_manager.py", line 108, in init_database
    conn.execute("ALTER TABLE assets ADD COLUMN mac_address TEXT DEFAULT ''")
    ~~~~~~~~~~~~^^^^^^^^^^^^^^^^^^^^^^^^^^^^^^^^^^^^^^^^^^^^^^^^^^^^^^^^^^^^^
sqlite3.OperationalError: duplicate column name: mac_address
2026-06-05 19:23:54 - huginn - DEBUG - Suppressed exception
Traceback (most recent call last):
  File "c:\Users\allie\Coding Projects\huggin_suite\huginn\app\core\asset_manager.py", line 115, in init_database
    conn.execute("ALTER TABLE assets ADD COLUMN vendor TEXT DEFAULT ''")
    ~~~~~~~~~~~~^^^^^^^^^^^^^^^^^^^^^^^^^^^^^^^^^^^^^^^^^^^^^^^^^^^^^^^^
sqlite3.OperationalError: duplicate column name: vendor
2026-06-05 19:23:54 - huginn - DEBUG - Suppressed exception
Traceback (most recent call last):
  File "c:\Users\allie\Coding Projects\huggin_suite\huginn\app\core\asset_manager.py", line 122, in init_database
    conn.execute("ALTER TABLE assets ADD COLUMN notes TEXT DEFAULT ''")
    ~~~~~~~~~~~~^^^^^^^^^^^^^^^^^^^^^^^^^^^^^^^^^^^^^^^^^^^^^^^^^^^^^^^
sqlite3.OperationalError: duplicate column name: notes
2026-06-05 19:23:54 - huginn - INFO - Using default configuration
2026-06-05 19:23:57 - huginn - INFO - License saved successfully
2026-06-05 19:23:57 - huginn - INFO - License loaded and validated successfully
2026-06-05 19:24:17 - huginn - INFO - License saved successfully
2026-06-05 19:24:17 - huginn - INFO - License loaded and validated successfully
2026-06-05 19:24:17 - huginn - INFO - Application starting...
2026-06-05 19:24:17 - huginn - INFO - Font loaded successfully
2026-06-05 19:24:17 - huginn - INFO - Stylesheet loaded successfully
2026-06-05 19:24:17 - huginn - INFO - Creating main window...
2026-06-05 19:24:17 - huginn - INFO - QThreadPool max threads set to 32 (CPUs: 32)
2026-06-05 19:24:17 - huginn - INFO - Custom font 'Neuropol X' loaded from C:\Users\allie\Coding Projects\huggin_suite\huginn\resources\fonts\neuropol.otf
2026-06-05 19:24:17 - huginn - DEBUG - Suppressed exception
Traceback (most recent call last):
  File "C:\Users\allie\Coding Projects\huggin_suite\huginn\app\pages\page_registry.py", line 45, in register_all_pages
    from app.pages.db_attacks_page import DBAttacksPage
ImportError: cannot import name 'DBAttacksPage' from 'app.pages.db_attacks_page' (C:\Users\allie\Coding Projects\huggin_suite\huginn\app\pages\db_attacks_page.py)
2026-06-05 19:24:21 - huginn - DEBUG - Suppressed exception
Traceback (most recent call last):
  File "C:\Users\allie\Coding Projects\huggin_suite\huginn\app\core\scope_manager.py", line 62, in _parse_scope_text
    ipaddress.IPv4Address(item)
    ~~~~~~~~~~~~~~~~~~~~~^^^^^^
  File "C:\Users\allie\anaconda3\Lib\ipaddress.py", line 1319, in __init__
    self._ip = self._ip_int_from_string(addr_str)
               ~~~~~~~~~~~~~~~~~~~~~~~~^^^^^^^^^^
  File "C:\Users\allie\anaconda3\Lib\ipaddress.py", line 1206, in _ip_int_from_string
    raise AddressValueError("Expected 4 octets in %r" % ip_str)
ipaddress.AddressValueError: Expected 4 octets in 'blackreachlabs.com'
2026-06-05 19:24:21 - huginn - DEBUG - Suppressed exception
Traceback (most recent call last):
  File "C:\Users\allie\Coding Projects\huggin_suite\huginn\app\core\scope_manager.py", line 62, in _parse_scope_text
    ipaddress.IPv4Address(item)
    ~~~~~~~~~~~~~~~~~~~~~^^^^^^
  File "C:\Users\allie\anaconda3\Lib\ipaddress.py", line 1319, in __init__
    self._ip = self._ip_int_from_string(addr_str)
               ~~~~~~~~~~~~~~~~~~~~~~~~^^^^^^^^^^
  File "C:\Users\allie\anaconda3\Lib\ipaddress.py", line 1206, in _ip_int_from_string
    raise AddressValueError("Expected 4 octets in %r" % ip_str)
ipaddress.AddressValueError: Expected 4 octets in 'blackreachlabs.com'
2026-06-05 19:24:23 - huginn - DEBUG - Wireless security tab unavailable
Traceback (most recent call last):
  File "C:\Users\allie\Coding Projects\huggin_suite\huginn\app\pages\recon_enumeration_page.py", line 99, in setup_ui
    wireless_tab = WirelessSecurityWidget(self)
  File "C:\Users\allie\Coding Projects\huggin_suite\huginn\app\widgets\wireless_security_widget.py", line 52, in __init__
    self.connect_signals()
    ~~~~~~~~~~~~~~~~~~~~^^
  File "C:\Users\allie\Coding Projects\huggin_suite\huginn\app\widgets\wireless_security_widget.py", line 303, in connect_signals
    self.generate_report_btn.clicked.connect(self.generate_report)
    ^^^^^^^^^^^^^^^^^^^^^^^^
AttributeError: 'WirelessSecurityWidget' object has no attribute 'generate_report_btn'. Did you mean: 'generate_report'?
2026-06-05 19:26:39 - huginn - DEBUG - Suppressed exception
Traceback (most recent call last):
  File "c:\Users\allie\Coding Projects\huggin_suite\huginn\app\core\asset_manager.py", line 101, in init_database
    conn.execute("ALTER TABLE assets ADD COLUMN fqdn TEXT DEFAULT ''")
    ~~~~~~~~~~~~^^^^^^^^^^^^^^^^^^^^^^^^^^^^^^^^^^^^^^^^^^^^^^^^^^^^^^
sqlite3.OperationalError: duplicate column name: fqdn
2026-06-05 19:26:39 - huginn - DEBUG - Suppressed exception
Traceback (most recent call last):
  File "c:\Users\allie\Coding Projects\huggin_suite\huginn\app\core\asset_manager.py", line 108, in init_database
    conn.execute("ALTER TABLE assets ADD COLUMN mac_address TEXT DEFAULT ''")
    ~~~~~~~~~~~~^^^^^^^^^^^^^^^^^^^^^^^^^^^^^^^^^^^^^^^^^^^^^^^^^^^^^^^^^^^^^
sqlite3.OperationalError: duplicate column name: mac_address
2026-06-05 19:26:39 - huginn - DEBUG - Suppressed exception
Traceback (most recent call last):
  File "c:\Users\allie\Coding Projects\huggin_suite\huginn\app\core\asset_manager.py", line 115, in init_database
    conn.execute("ALTER TABLE assets ADD COLUMN vendor TEXT DEFAULT ''")
    ~~~~~~~~~~~~^^^^^^^^^^^^^^^^^^^^^^^^^^^^^^^^^^^^^^^^^^^^^^^^^^^^^^^^
sqlite3.OperationalError: duplicate column name: vendor
2026-06-05 19:26:39 - huginn - DEBUG - Suppressed exception
Traceback (most recent call last):
  File "c:\Users\allie\Coding Projects\huggin_suite\huginn\app\core\asset_manager.py", line 122, in init_database
    conn.execute("ALTER TABLE assets ADD COLUMN notes TEXT DEFAULT ''")
    ~~~~~~~~~~~~^^^^^^^^^^^^^^^^^^^^^^^^^^^^^^^^^^^^^^^^^^^^^^^^^^^^^^^
sqlite3.OperationalError: duplicate column name: notes
2026-06-05 19:26:39 - huginn - INFO - Using default configuration
2026-06-05 19:26:42 - huginn - INFO - License saved successfully
2026-06-05 19:26:42 - huginn - INFO - License loaded and validated successfully
2026-06-05 19:26:50 - huginn - DEBUG - Memory monitoring stopped
2026-06-05 19:26:50 - huginn - DEBUG - Connection pool closed all sessions
2026-06-05 19:26:50 - huginn - INFO - Update manager stopped during cleanup
2026-06-05 19:27:55 - huginn - INFO - License saved successfully
2026-06-05 19:27:55 - huginn - INFO - License loaded and validated successfully
2026-06-05 19:27:55 - huginn - INFO - Application starting...
2026-06-05 19:27:55 - huginn - INFO - Font loaded successfully
2026-06-05 19:27:55 - huginn - INFO - Stylesheet loaded successfully
2026-06-05 19:27:55 - huginn - INFO - Creating main window...
2026-06-05 19:27:55 - huginn - INFO - QThreadPool max threads set to 32 (CPUs: 32)
2026-06-05 19:27:55 - huginn - INFO - Custom font 'Neuropol X' loaded from C:\Users\allie\Coding Projects\huggin_suite\huginn\resources\fonts\neuropol.otf
2026-06-05 19:27:55 - huginn - DEBUG - Suppressed exception
Traceback (most recent call last):
  File "C:\Users\allie\Coding Projects\huggin_suite\huginn\app\pages\page_registry.py", line 45, in register_all_pages
    from app.pages.db_attacks_page import DBAttacksPage
ImportError: cannot import name 'DBAttacksPage' from 'app.pages.db_attacks_page' (C:\Users\allie\Coding Projects\huggin_suite\huginn\app\pages\db_attacks_page.py)
2026-06-05 19:28:03 - huginn - DEBUG - Suppressed exception
Traceback (most recent call last):
  File "C:\Users\allie\Coding Projects\huggin_suite\huginn\app\core\scope_manager.py", line 62, in _parse_scope_text
    ipaddress.IPv4Address(item)
    ~~~~~~~~~~~~~~~~~~~~~^^^^^^
  File "C:\Users\allie\anaconda3\Lib\ipaddress.py", line 1319, in __init__
    self._ip = self._ip_int_from_string(addr_str)
               ~~~~~~~~~~~~~~~~~~~~~~~~^^^^^^^^^^
  File "C:\Users\allie\anaconda3\Lib\ipaddress.py", line 1206, in _ip_int_from_string
    raise AddressValueError("Expected 4 octets in %r" % ip_str)
ipaddress.AddressValueError: Expected 4 octets in 'blackreachlabs.com'
2026-06-05 19:28:03 - huginn - DEBUG - Suppressed exception
Traceback (most recent call last):
  File "C:\Users\allie\Coding Projects\huggin_suite\huginn\app\core\scope_manager.py", line 62, in _parse_scope_text
    ipaddress.IPv4Address(item)
    ~~~~~~~~~~~~~~~~~~~~~^^^^^^
  File "C:\Users\allie\anaconda3\Lib\ipaddress.py", line 1319, in __init__
    self._ip = self._ip_int_from_string(addr_str)
               ~~~~~~~~~~~~~~~~~~~~~~~~^^^^^^^^^^
  File "C:\Users\allie\anaconda3\Lib\ipaddress.py", line 1206, in _ip_int_from_string
    raise AddressValueError("Expected 4 octets in %r" % ip_str)
ipaddress.AddressValueError: Expected 4 octets in 'blackreachlabs.com'
2026-06-05 19:28:04 - huginn - DEBUG - Wireless security tab unavailable
Traceback (most recent call last):
  File "C:\Users\allie\Coding Projects\huggin_suite\huginn\app\pages\recon_enumeration_page.py", line 99, in setup_ui
    wireless_tab = WirelessSecurityWidget(self)
  File "C:\Users\allie\Coding Projects\huggin_suite\huginn\app\widgets\wireless_security_widget.py", line 52, in __init__
    self.connect_signals()
    ~~~~~~~~~~~~~~~~~~~~^^
  File "C:\Users\allie\Coding Projects\huggin_suite\huginn\app\widgets\wireless_security_widget.py", line 303, in connect_signals
    self.generate_report_btn.clicked.connect(self.generate_report)
    ^^^^^^^^^^^^^^^^^^^^^^^^
AttributeError: 'WirelessSecurityWidget' object has no attribute 'generate_report_btn'. Did you mean: 'generate_report'?
2026-06-05 19:29:18 - huginn - DEBUG - Memory monitoring stopped
2026-06-05 19:29:18 - huginn - DEBUG - Connection pool closed all sessions
2026-06-05 19:29:18 - huginn - INFO - Update manager stopped during cleanup
2026-06-05 19:30:13 - huginn - DEBUG - Suppressed exception
Traceback (most recent call last):
  File "c:\Users\allie\Coding Projects\huggin_suite\huginn\app\core\asset_manager.py", line 101, in init_database
    conn.execute("ALTER TABLE assets ADD COLUMN fqdn TEXT DEFAULT ''")
    ~~~~~~~~~~~~^^^^^^^^^^^^^^^^^^^^^^^^^^^^^^^^^^^^^^^^^^^^^^^^^^^^^^
sqlite3.OperationalError: duplicate column name: fqdn
2026-06-05 19:30:13 - huginn - DEBUG - Suppressed exception
Traceback (most recent call last):
  File "c:\Users\allie\Coding Projects\huggin_suite\huginn\app\core\asset_manager.py", line 108, in init_database
    conn.execute("ALTER TABLE assets ADD COLUMN mac_address TEXT DEFAULT ''")
    ~~~~~~~~~~~~^^^^^^^^^^^^^^^^^^^^^^^^^^^^^^^^^^^^^^^^^^^^^^^^^^^^^^^^^^^^^
sqlite3.OperationalError: duplicate column name: mac_address
2026-06-05 19:30:13 - huginn - DEBUG - Suppressed exception
Traceback (most recent call last):
  File "c:\Users\allie\Coding Projects\huggin_suite\huginn\app\core\asset_manager.py", line 115, in init_database
    conn.execute("ALTER TABLE assets ADD COLUMN vendor TEXT DEFAULT ''")
    ~~~~~~~~~~~~^^^^^^^^^^^^^^^^^^^^^^^^^^^^^^^^^^^^^^^^^^^^^^^^^^^^^^^^
sqlite3.OperationalError: duplicate column name: vendor
2026-06-05 19:30:13 - huginn - DEBUG - Suppressed exception
Traceback (most recent call last):
  File "c:\Users\allie\Coding Projects\huggin_suite\huginn\app\core\asset_manager.py", line 122, in init_database
    conn.execute("ALTER TABLE assets ADD COLUMN notes TEXT DEFAULT ''")
    ~~~~~~~~~~~~^^^^^^^^^^^^^^^^^^^^^^^^^^^^^^^^^^^^^^^^^^^^^^^^^^^^^^^
sqlite3.OperationalError: duplicate column name: notes
2026-06-05 19:30:13 - huginn - INFO - Using default configuration
2026-06-05 19:30:16 - huginn - INFO - License saved successfully
2026-06-05 19:30:16 - huginn - INFO - License loaded and validated successfully
2026-06-05 19:30:49 - huginn - INFO - License saved successfully
2026-06-05 19:30:49 - huginn - INFO - License loaded and validated successfully
2026-06-05 19:30:49 - huginn - INFO - Application starting...
2026-06-05 19:30:49 - huginn - INFO - Font loaded successfully
2026-06-05 19:30:49 - huginn - INFO - Stylesheet loaded successfully
2026-06-05 19:30:49 - huginn - INFO - Creating main window...
2026-06-05 19:30:49 - huginn - INFO - QThreadPool max threads set to 32 (CPUs: 32)
2026-06-05 19:30:49 - huginn - INFO - Custom font 'Neuropol X' loaded from C:\Users\allie\Coding Projects\huggin_suite\huginn\resources\fonts\neuropol.otf
2026-06-05 19:30:49 - huginn - DEBUG - Suppressed exception
Traceback (most recent call last):
  File "C:\Users\allie\Coding Projects\huggin_suite\huginn\app\pages\page_registry.py", line 45, in register_all_pages
    from app.pages.db_attacks_page import DBAttacksPage
ImportError: cannot import name 'DBAttacksPage' from 'app.pages.db_attacks_page' (C:\Users\allie\Coding Projects\huggin_suite\huginn\app\pages\db_attacks_page.py)
2026-06-05 19:30:52 - huginn - DEBUG - Suppressed exception
Traceback (most recent call last):
  File "C:\Users\allie\Coding Projects\huggin_suite\huginn\app\core\scope_manager.py", line 62, in _parse_scope_text
    ipaddress.IPv4Address(item)
    ~~~~~~~~~~~~~~~~~~~~~^^^^^^
  File "C:\Users\allie\anaconda3\Lib\ipaddress.py", line 1319, in __init__
    self._ip = self._ip_int_from_string(addr_str)
               ~~~~~~~~~~~~~~~~~~~~~~~~^^^^^^^^^^
  File "C:\Users\allie\anaconda3\Lib\ipaddress.py", line 1206, in _ip_int_from_string
    raise AddressValueError("Expected 4 octets in %r" % ip_str)
ipaddress.AddressValueError: Expected 4 octets in 'blackreachlabs.com'
2026-06-05 19:30:52 - huginn - DEBUG - Suppressed exception
Traceback (most recent call last):
  File "C:\Users\allie\Coding Projects\huggin_suite\huginn\app\core\scope_manager.py", line 62, in _parse_scope_text
    ipaddress.IPv4Address(item)
    ~~~~~~~~~~~~~~~~~~~~~^^^^^^
  File "C:\Users\allie\anaconda3\Lib\ipaddress.py", line 1319, in __init__
    self._ip = self._ip_int_from_string(addr_str)
               ~~~~~~~~~~~~~~~~~~~~~~~~^^^^^^^^^^
  File "C:\Users\allie\anaconda3\Lib\ipaddress.py", line 1206, in _ip_int_from_string
    raise AddressValueError("Expected 4 octets in %r" % ip_str)
ipaddress.AddressValueError: Expected 4 octets in 'blackreachlabs.com'
2026-06-05 19:30:53 - huginn - DEBUG - Wireless security tab unavailable
Traceback (most recent call last):
  File "C:\Users\allie\Coding Projects\huggin_suite\huginn\app\pages\recon_enumeration_page.py", line 99, in setup_ui
    wireless_tab = WirelessSecurityWidget(self)
  File "C:\Users\allie\Coding Projects\huggin_suite\huginn\app\widgets\wireless_security_widget.py", line 52, in __init__
    self.connect_signals()
    ~~~~~~~~~~~~~~~~~~~~^^
  File "C:\Users\allie\Coding Projects\huggin_suite\huginn\app\widgets\wireless_security_widget.py", line 303, in connect_signals
    self.generate_report_btn.clicked.connect(self.generate_report)
    ^^^^^^^^^^^^^^^^^^^^^^^^
AttributeError: 'WirelessSecurityWidget' object has no attribute 'generate_report_btn'. Did you mean: 'generate_report'?
2026-06-05 19:32:12 - huginn - DEBUG - Memory monitoring stopped
2026-06-05 19:32:12 - huginn - DEBUG - Connection pool closed all sessions
2026-06-05 19:32:12 - huginn - INFO - Update manager stopped during cleanup
2026-06-05 19:32:57 - huginn - DEBUG - Suppressed exception
Traceback (most recent call last):
  File "c:\Users\allie\Coding Projects\huggin_suite\huginn\app\core\asset_manager.py", line 101, in init_database
    conn.execute("ALTER TABLE assets ADD COLUMN fqdn TEXT DEFAULT ''")
    ~~~~~~~~~~~~^^^^^^^^^^^^^^^^^^^^^^^^^^^^^^^^^^^^^^^^^^^^^^^^^^^^^^
sqlite3.OperationalError: duplicate column name: fqdn
2026-06-05 19:32:57 - huginn - DEBUG - Suppressed exception
Traceback (most recent call last):
  File "c:\Users\allie\Coding Projects\huggin_suite\huginn\app\core\asset_manager.py", line 108, in init_database
    conn.execute("ALTER TABLE assets ADD COLUMN mac_address TEXT DEFAULT ''")
    ~~~~~~~~~~~~^^^^^^^^^^^^^^^^^^^^^^^^^^^^^^^^^^^^^^^^^^^^^^^^^^^^^^^^^^^^^
sqlite3.OperationalError: duplicate column name: mac_address
2026-06-05 19:32:57 - huginn - DEBUG - Suppressed exception
Traceback (most recent call last):
  File "c:\Users\allie\Coding Projects\huggin_suite\huginn\app\core\asset_manager.py", line 115, in init_database
    conn.execute("ALTER TABLE assets ADD COLUMN vendor TEXT DEFAULT ''")
    ~~~~~~~~~~~~^^^^^^^^^^^^^^^^^^^^^^^^^^^^^^^^^^^^^^^^^^^^^^^^^^^^^^^^
sqlite3.OperationalError: duplicate column name: vendor
2026-06-05 19:32:57 - huginn - DEBUG - Suppressed exception
Traceback (most recent call last):
  File "c:\Users\allie\Coding Projects\huggin_suite\huginn\app\core\asset_manager.py", line 122, in init_database
    conn.execute("ALTER TABLE assets ADD COLUMN notes TEXT DEFAULT ''")
    ~~~~~~~~~~~~^^^^^^^^^^^^^^^^^^^^^^^^^^^^^^^^^^^^^^^^^^^^^^^^^^^^^^^
sqlite3.OperationalError: duplicate column name: notes
2026-06-05 19:32:57 - huginn - INFO - Using default configuration
2026-06-05 19:32:59 - huginn - INFO - License saved successfully
2026-06-05 19:32:59 - huginn - INFO - License loaded and validated successfully
2026-06-05 19:33:52 - huginn - INFO - License saved successfully
2026-06-05 19:33:52 - huginn - INFO - License loaded and validated successfully
2026-06-05 19:33:52 - huginn - INFO - Application starting...
2026-06-05 19:33:52 - huginn - INFO - Font loaded successfully
2026-06-05 19:33:52 - huginn - INFO - Stylesheet loaded successfully
2026-06-05 19:33:52 - huginn - INFO - Creating main window...
2026-06-05 19:33:52 - huginn - INFO - QThreadPool max threads set to 32 (CPUs: 32)
2026-06-05 19:33:52 - huginn - INFO - Custom font 'Neuropol X' loaded from C:\Users\allie\Coding Projects\huggin_suite\huginn\resources\fonts\neuropol.otf
2026-06-05 19:33:52 - huginn - DEBUG - Suppressed exception
Traceback (most recent call last):
  File "C:\Users\allie\Coding Projects\huggin_suite\huginn\app\pages\page_registry.py", line 45, in register_all_pages
    from app.pages.db_attacks_page import DBAttacksPage
ImportError: cannot import name 'DBAttacksPage' from 'app.pages.db_attacks_page' (C:\Users\allie\Coding Projects\huggin_suite\huginn\app\pages\db_attacks_page.py)
2026-06-05 19:33:55 - huginn - DEBUG - Suppressed exception
Traceback (most recent call last):
  File "C:\Users\allie\Coding Projects\huggin_suite\huginn\app\core\scope_manager.py", line 62, in _parse_scope_text
    ipaddress.IPv4Address(item)
    ~~~~~~~~~~~~~~~~~~~~~^^^^^^
  File "C:\Users\allie\anaconda3\Lib\ipaddress.py", line 1319, in __init__
    self._ip = self._ip_int_from_string(addr_str)
               ~~~~~~~~~~~~~~~~~~~~~~~~^^^^^^^^^^
  File "C:\Users\allie\anaconda3\Lib\ipaddress.py", line 1206, in _ip_int_from_string
    raise AddressValueError("Expected 4 octets in %r" % ip_str)
ipaddress.AddressValueError: Expected 4 octets in 'blackreachlabs.com'
2026-06-05 19:33:55 - huginn - DEBUG - Suppressed exception
Traceback (most recent call last):
  File "C:\Users\allie\Coding Projects\huggin_suite\huginn\app\core\scope_manager.py", line 62, in _parse_scope_text
    ipaddress.IPv4Address(item)
    ~~~~~~~~~~~~~~~~~~~~~^^^^^^
  File "C:\Users\allie\anaconda3\Lib\ipaddress.py", line 1319, in __init__
    self._ip = self._ip_int_from_string(addr_str)
               ~~~~~~~~~~~~~~~~~~~~~~~~^^^^^^^^^^
  File "C:\Users\allie\anaconda3\Lib\ipaddress.py", line 1206, in _ip_int_from_string
    raise AddressValueError("Expected 4 octets in %r" % ip_str)
ipaddress.AddressValueError: Expected 4 octets in 'blackreachlabs.com'
2026-06-05 19:33:56 - huginn - DEBUG - Wireless security tab unavailable
Traceback (most recent call last):
  File "C:\Users\allie\Coding Projects\huggin_suite\huginn\app\pages\recon_enumeration_page.py", line 99, in setup_ui
    wireless_tab = WirelessSecurityWidget(self)
  File "C:\Users\allie\Coding Projects\huggin_suite\huginn\app\widgets\wireless_security_widget.py", line 52, in __init__
    self.connect_signals()
    ~~~~~~~~~~~~~~~~~~~~^^
  File "C:\Users\allie\Coding Projects\huggin_suite\huginn\app\widgets\wireless_security_widget.py", line 303, in connect_signals
    self.generate_report_btn.clicked.connect(self.generate_report)
    ^^^^^^^^^^^^^^^^^^^^^^^^
AttributeError: 'WirelessSecurityWidget' object has no attribute 'generate_report_btn'. Did you mean: 'generate_report'?
2026-06-05 19:41:15 - huginn - DEBUG - Memory monitoring stopped
2026-06-05 19:41:15 - huginn - DEBUG - Connection pool closed all sessions
2026-06-05 19:42:19 - huginn - DEBUG - Suppressed exception
Traceback (most recent call last):
  File "c:\Users\allie\Coding Projects\huggin_suite\huginn\app\core\asset_manager.py", line 101, in init_database
    conn.execute("ALTER TABLE assets ADD COLUMN fqdn TEXT DEFAULT ''")
    ~~~~~~~~~~~~^^^^^^^^^^^^^^^^^^^^^^^^^^^^^^^^^^^^^^^^^^^^^^^^^^^^^^
sqlite3.OperationalError: duplicate column name: fqdn
2026-06-05 19:42:19 - huginn - DEBUG - Suppressed exception
Traceback (most recent call last):
  File "c:\Users\allie\Coding Projects\huggin_suite\huginn\app\core\asset_manager.py", line 108, in init_database
    conn.execute("ALTER TABLE assets ADD COLUMN mac_address TEXT DEFAULT ''")
    ~~~~~~~~~~~~^^^^^^^^^^^^^^^^^^^^^^^^^^^^^^^^^^^^^^^^^^^^^^^^^^^^^^^^^^^^^
sqlite3.OperationalError: duplicate column name: mac_address
2026-06-05 19:42:19 - huginn - DEBUG - Suppressed exception
Traceback (most recent call last):
  File "c:\Users\allie\Coding Projects\huggin_suite\huginn\app\core\asset_manager.py", line 115, in init_database
    conn.execute("ALTER TABLE assets ADD COLUMN vendor TEXT DEFAULT ''")
    ~~~~~~~~~~~~^^^^^^^^^^^^^^^^^^^^^^^^^^^^^^^^^^^^^^^^^^^^^^^^^^^^^^^^
sqlite3.OperationalError: duplicate column name: vendor
2026-06-05 19:42:19 - huginn - DEBUG - Suppressed exception
Traceback (most recent call last):
  File "c:\Users\allie\Coding Projects\huggin_suite\huginn\app\core\asset_manager.py", line 122, in init_database
    conn.execute("ALTER TABLE assets ADD COLUMN notes TEXT DEFAULT ''")
    ~~~~~~~~~~~~^^^^^^^^^^^^^^^^^^^^^^^^^^^^^^^^^^^^^^^^^^^^^^^^^^^^^^^
sqlite3.OperationalError: duplicate column name: notes
2026-06-05 19:42:20 - huginn - INFO - Using default configuration
2026-06-05 19:42:22 - huginn - INFO - License saved successfully
2026-06-05 19:42:22 - huginn - INFO - License loaded and validated successfully
2026-06-05 19:42:40 - huginn - DEBUG - Suppressed exception
Traceback (most recent call last):
  File "c:\Users\allie\Coding Projects\huggin_suite\huginn\app\core\asset_manager.py", line 101, in init_database
    conn.execute("ALTER TABLE assets ADD COLUMN fqdn TEXT DEFAULT ''")
    ~~~~~~~~~~~~^^^^^^^^^^^^^^^^^^^^^^^^^^^^^^^^^^^^^^^^^^^^^^^^^^^^^^
sqlite3.OperationalError: duplicate column name: fqdn
2026-06-05 19:42:40 - huginn - DEBUG - Suppressed exception
Traceback (most recent call last):
  File "c:\Users\allie\Coding Projects\huggin_suite\huginn\app\core\asset_manager.py", line 108, in init_database
    conn.execute("ALTER TABLE assets ADD COLUMN mac_address TEXT DEFAULT ''")
    ~~~~~~~~~~~~^^^^^^^^^^^^^^^^^^^^^^^^^^^^^^^^^^^^^^^^^^^^^^^^^^^^^^^^^^^^^
sqlite3.OperationalError: duplicate column name: mac_address
2026-06-05 19:42:40 - huginn - DEBUG - Suppressed exception
Traceback (most recent call last):
  File "c:\Users\allie\Coding Projects\huggin_suite\huginn\app\core\asset_manager.py", line 115, in init_database
    conn.execute("ALTER TABLE assets ADD COLUMN vendor TEXT DEFAULT ''")
    ~~~~~~~~~~~~^^^^^^^^^^^^^^^^^^^^^^^^^^^^^^^^^^^^^^^^^^^^^^^^^^^^^^^^
sqlite3.OperationalError: duplicate column name: vendor
2026-06-05 19:42:40 - huginn - DEBUG - Suppressed exception
Traceback (most recent call last):
  File "c:\Users\allie\Coding Projects\huggin_suite\huginn\app\core\asset_manager.py", line 122, in init_database
    conn.execute("ALTER TABLE assets ADD COLUMN notes TEXT DEFAULT ''")
    ~~~~~~~~~~~~^^^^^^^^^^^^^^^^^^^^^^^^^^^^^^^^^^^^^^^^^^^^^^^^^^^^^^^
sqlite3.OperationalError: duplicate column name: notes
2026-06-05 19:42:41 - huginn - INFO - Using default configuration
2026-06-05 19:42:43 - huginn - INFO - License saved successfully
2026-06-05 19:42:43 - huginn - INFO - License loaded and validated successfully
2026-06-05 19:43:29 - huginn - DEBUG - Suppressed exception
Traceback (most recent call last):
  File "c:\Users\allie\Coding Projects\huggin_suite\huginn\app\core\asset_manager.py", line 101, in init_database
    conn.execute("ALTER TABLE assets ADD COLUMN fqdn TEXT DEFAULT ''")
    ~~~~~~~~~~~~^^^^^^^^^^^^^^^^^^^^^^^^^^^^^^^^^^^^^^^^^^^^^^^^^^^^^^
sqlite3.OperationalError: duplicate column name: fqdn
2026-06-05 19:43:29 - huginn - DEBUG - Suppressed exception
Traceback (most recent call last):
  File "c:\Users\allie\Coding Projects\huggin_suite\huginn\app\core\asset_manager.py", line 108, in init_database
    conn.execute("ALTER TABLE assets ADD COLUMN mac_address TEXT DEFAULT ''")
    ~~~~~~~~~~~~^^^^^^^^^^^^^^^^^^^^^^^^^^^^^^^^^^^^^^^^^^^^^^^^^^^^^^^^^^^^^
sqlite3.OperationalError: duplicate column name: mac_address
2026-06-05 19:43:29 - huginn - DEBUG - Suppressed exception
Traceback (most recent call last):
  File "c:\Users\allie\Coding Projects\huggin_suite\huginn\app\core\asset_manager.py", line 115, in init_database
    conn.execute("ALTER TABLE assets ADD COLUMN vendor TEXT DEFAULT ''")
    ~~~~~~~~~~~~^^^^^^^^^^^^^^^^^^^^^^^^^^^^^^^^^^^^^^^^^^^^^^^^^^^^^^^^
sqlite3.OperationalError: duplicate column name: vendor
2026-06-05 19:43:29 - huginn - DEBUG - Suppressed exception
Traceback (most recent call last):
  File "c:\Users\allie\Coding Projects\huggin_suite\huginn\app\core\asset_manager.py", line 122, in init_database
    conn.execute("ALTER TABLE assets ADD COLUMN notes TEXT DEFAULT ''")
    ~~~~~~~~~~~~^^^^^^^^^^^^^^^^^^^^^^^^^^^^^^^^^^^^^^^^^^^^^^^^^^^^^^^
sqlite3.OperationalError: duplicate column name: notes
2026-06-05 19:43:29 - huginn - INFO - Using default configuration
2026-06-05 19:43:32 - huginn - INFO - License saved successfully
2026-06-05 19:43:32 - huginn - INFO - License loaded and validated successfully
2026-06-05 19:43:42 - huginn - DEBUG - Suppressed exception
Traceback (most recent call last):
  File "c:\Users\allie\Coding Projects\huggin_suite\huginn\app\core\asset_manager.py", line 101, in init_database
    conn.execute("ALTER TABLE assets ADD COLUMN fqdn TEXT DEFAULT ''")
    ~~~~~~~~~~~~^^^^^^^^^^^^^^^^^^^^^^^^^^^^^^^^^^^^^^^^^^^^^^^^^^^^^^
sqlite3.OperationalError: duplicate column name: fqdn
2026-06-05 19:43:42 - huginn - DEBUG - Suppressed exception
Traceback (most recent call last):
  File "c:\Users\allie\Coding Projects\huggin_suite\huginn\app\core\asset_manager.py", line 108, in init_database
    conn.execute("ALTER TABLE assets ADD COLUMN mac_address TEXT DEFAULT ''")
    ~~~~~~~~~~~~^^^^^^^^^^^^^^^^^^^^^^^^^^^^^^^^^^^^^^^^^^^^^^^^^^^^^^^^^^^^^
sqlite3.OperationalError: duplicate column name: mac_address
2026-06-05 19:43:42 - huginn - DEBUG - Suppressed exception
Traceback (most recent call last):
  File "c:\Users\allie\Coding Projects\huggin_suite\huginn\app\core\asset_manager.py", line 115, in init_database
    conn.execute("ALTER TABLE assets ADD COLUMN vendor TEXT DEFAULT ''")
    ~~~~~~~~~~~~^^^^^^^^^^^^^^^^^^^^^^^^^^^^^^^^^^^^^^^^^^^^^^^^^^^^^^^^
sqlite3.OperationalError: duplicate column name: vendor
2026-06-05 19:43:42 - huginn - DEBUG - Suppressed exception
Traceback (most recent call last):
  File "c:\Users\allie\Coding Projects\huggin_suite\huginn\app\core\asset_manager.py", line 122, in init_database
    conn.execute("ALTER TABLE assets ADD COLUMN notes TEXT DEFAULT ''")
    ~~~~~~~~~~~~^^^^^^^^^^^^^^^^^^^^^^^^^^^^^^^^^^^^^^^^^^^^^^^^^^^^^^^
sqlite3.OperationalError: duplicate column name: notes
2026-06-05 19:43:42 - huginn - INFO - Using default configuration
2026-06-05 19:43:45 - huginn - INFO - License saved successfully
2026-06-05 19:43:45 - huginn - INFO - License loaded and validated successfully
2026-06-05 19:44:00 - huginn - DEBUG - Suppressed exception
Traceback (most recent call last):
  File "c:\Users\allie\Coding Projects\huggin_suite\huginn\app\core\asset_manager.py", line 101, in init_database
    conn.execute("ALTER TABLE assets ADD COLUMN fqdn TEXT DEFAULT ''")
    ~~~~~~~~~~~~^^^^^^^^^^^^^^^^^^^^^^^^^^^^^^^^^^^^^^^^^^^^^^^^^^^^^^
sqlite3.OperationalError: duplicate column name: fqdn
2026-06-05 19:44:00 - huginn - DEBUG - Suppressed exception
Traceback (most recent call last):
  File "c:\Users\allie\Coding Projects\huggin_suite\huginn\app\core\asset_manager.py", line 108, in init_database
    conn.execute("ALTER TABLE assets ADD COLUMN mac_address TEXT DEFAULT ''")
    ~~~~~~~~~~~~^^^^^^^^^^^^^^^^^^^^^^^^^^^^^^^^^^^^^^^^^^^^^^^^^^^^^^^^^^^^^
sqlite3.OperationalError: duplicate column name: mac_address
2026-06-05 19:44:00 - huginn - DEBUG - Suppressed exception
Traceback (most recent call last):
  File "c:\Users\allie\Coding Projects\huggin_suite\huginn\app\core\asset_manager.py", line 115, in init_database
    conn.execute("ALTER TABLE assets ADD COLUMN vendor TEXT DEFAULT ''")
    ~~~~~~~~~~~~^^^^^^^^^^^^^^^^^^^^^^^^^^^^^^^^^^^^^^^^^^^^^^^^^^^^^^^^
sqlite3.OperationalError: duplicate column name: vendor
2026-06-05 19:44:00 - huginn - DEBUG - Suppressed exception
Traceback (most recent call last):
  File "c:\Users\allie\Coding Projects\huggin_suite\huginn\app\core\asset_manager.py", line 122, in init_database
    conn.execute("ALTER TABLE assets ADD COLUMN notes TEXT DEFAULT ''")
    ~~~~~~~~~~~~^^^^^^^^^^^^^^^^^^^^^^^^^^^^^^^^^^^^^^^^^^^^^^^^^^^^^^^
sqlite3.OperationalError: duplicate column name: notes
2026-06-05 19:44:00 - huginn - INFO - Using default configuration
2026-06-05 19:44:02 - huginn - INFO - License saved successfully
2026-06-05 19:44:02 - huginn - INFO - License loaded and validated successfully
2026-06-05 19:47:10 - huginn - DEBUG - Suppressed exception
Traceback (most recent call last):
  File "c:\Users\allie\Coding Projects\huggin_suite\huginn\app\core\asset_manager.py", line 101, in init_database
    conn.execute("ALTER TABLE assets ADD COLUMN fqdn TEXT DEFAULT ''")
    ~~~~~~~~~~~~^^^^^^^^^^^^^^^^^^^^^^^^^^^^^^^^^^^^^^^^^^^^^^^^^^^^^^
sqlite3.OperationalError: duplicate column name: fqdn
2026-06-05 19:47:10 - huginn - DEBUG - Suppressed exception
Traceback (most recent call last):
  File "c:\Users\allie\Coding Projects\huggin_suite\huginn\app\core\asset_manager.py", line 108, in init_database
    conn.execute("ALTER TABLE assets ADD COLUMN mac_address TEXT DEFAULT ''")
    ~~~~~~~~~~~~^^^^^^^^^^^^^^^^^^^^^^^^^^^^^^^^^^^^^^^^^^^^^^^^^^^^^^^^^^^^^
sqlite3.OperationalError: duplicate column name: mac_address
2026-06-05 19:47:10 - huginn - DEBUG - Suppressed exception
Traceback (most recent call last):
  File "c:\Users\allie\Coding Projects\huggin_suite\huginn\app\core\asset_manager.py", line 115, in init_database
    conn.execute("ALTER TABLE assets ADD COLUMN vendor TEXT DEFAULT ''")
    ~~~~~~~~~~~~^^^^^^^^^^^^^^^^^^^^^^^^^^^^^^^^^^^^^^^^^^^^^^^^^^^^^^^^
sqlite3.OperationalError: duplicate column name: vendor
2026-06-05 19:47:10 - huginn - DEBUG - Suppressed exception
Traceback (most recent call last):
  File "c:\Users\allie\Coding Projects\huggin_suite\huginn\app\core\asset_manager.py", line 122, in init_database
    conn.execute("ALTER TABLE assets ADD COLUMN notes TEXT DEFAULT ''")
    ~~~~~~~~~~~~^^^^^^^^^^^^^^^^^^^^^^^^^^^^^^^^^^^^^^^^^^^^^^^^^^^^^^^
sqlite3.OperationalError: duplicate column name: notes
2026-06-05 19:47:10 - huginn - INFO - Using default configuration
2026-06-05 19:47:13 - huginn - INFO - License saved successfully
2026-06-05 19:47:13 - huginn - INFO - License loaded and validated successfully
2026-06-05 19:50:24 - huginn - INFO - License saved successfully
2026-06-05 19:50:24 - huginn - INFO - License loaded and validated successfully
2026-06-05 19:50:24 - huginn - INFO - Application starting...
2026-06-05 19:50:24 - huginn - INFO - Font loaded successfully
2026-06-05 19:50:24 - huginn - INFO - Stylesheet loaded successfully
2026-06-05 19:50:24 - huginn - INFO - Creating main window...
2026-06-05 19:50:24 - huginn - INFO - QThreadPool max threads set to 32 (CPUs: 32)
2026-06-05 19:50:24 - huginn - INFO - Custom font 'Neuropol X' loaded from C:\Users\allie\Coding Projects\huggin_suite\huginn\resources\fonts\neuropol.otf
2026-06-05 19:50:24 - huginn - DEBUG - Suppressed exception
Traceback (most recent call last):
  File "C:\Users\allie\Coding Projects\huggin_suite\huginn\app\pages\page_registry.py", line 45, in register_all_pages
    from app.pages.db_attacks_page import DBAttacksPage
ImportError: cannot import name 'DBAttacksPage' from 'app.pages.db_attacks_page' (C:\Users\allie\Coding Projects\huggin_suite\huginn\app\pages\db_attacks_page.py)
2026-06-05 19:50:29 - huginn - DEBUG - Suppressed exception
Traceback (most recent call last):
  File "C:\Users\allie\Coding Projects\huggin_suite\huginn\app\core\scope_manager.py", line 62, in _parse_scope_text
    ipaddress.IPv4Address(item)
    ~~~~~~~~~~~~~~~~~~~~~^^^^^^
  File "C:\Users\allie\anaconda3\Lib\ipaddress.py", line 1319, in __init__
    self._ip = self._ip_int_from_string(addr_str)
               ~~~~~~~~~~~~~~~~~~~~~~~~^^^^^^^^^^
  File "C:\Users\allie\anaconda3\Lib\ipaddress.py", line 1206, in _ip_int_from_string
    raise AddressValueError("Expected 4 octets in %r" % ip_str)
ipaddress.AddressValueError: Expected 4 octets in 'blackreachlabs.com'
2026-06-05 19:50:29 - huginn - DEBUG - Suppressed exception
Traceback (most recent call last):
  File "C:\Users\allie\Coding Projects\huggin_suite\huginn\app\core\scope_manager.py", line 62, in _parse_scope_text
    ipaddress.IPv4Address(item)
    ~~~~~~~~~~~~~~~~~~~~~^^^^^^
  File "C:\Users\allie\anaconda3\Lib\ipaddress.py", line 1319, in __init__
    self._ip = self._ip_int_from_string(addr_str)
               ~~~~~~~~~~~~~~~~~~~~~~~~^^^^^^^^^^
  File "C:\Users\allie\anaconda3\Lib\ipaddress.py", line 1206, in _ip_int_from_string
    raise AddressValueError("Expected 4 octets in %r" % ip_str)
ipaddress.AddressValueError: Expected 4 octets in 'blackreachlabs.com'
2026-06-05 19:50:30 - huginn - DEBUG - Wireless security tab unavailable
Traceback (most recent call last):
  File "C:\Users\allie\Coding Projects\huggin_suite\huginn\app\pages\recon_enumeration_page.py", line 99, in setup_ui
    wireless_tab = WirelessSecurityWidget(self)
  File "C:\Users\allie\Coding Projects\huggin_suite\huginn\app\widgets\wireless_security_widget.py", line 52, in __init__
    self.connect_signals()
    ~~~~~~~~~~~~~~~~~~~~^^
  File "C:\Users\allie\Coding Projects\huggin_suite\huginn\app\widgets\wireless_security_widget.py", line 303, in connect_signals
    self.generate_report_btn.clicked.connect(self.generate_report)
    ^^^^^^^^^^^^^^^^^^^^^^^^
AttributeError: 'WirelessSecurityWidget' object has no attribute 'generate_report_btn'. Did you mean: 'generate_report'?
2026-06-05 19:50:41 - huginn - ERROR - Unhandled exception:
Traceback (most recent call last):
  File "C:\Users\allie\Coding Projects\huggin_suite\huginn\app\pages\recon_enumeration\service_scanners.py", line 747, in <lambda>
    worker.signals.output.connect(lambda text: self.append_service_output(tool_key))
                                               ~~~~~~~~~~~~~~~~~~~~~~~~~~^^^^^^^^^^
TypeError: ServiceScannersMixin.append_service_output() missing 1 required positional argument: 'text'

2026-06-05 19:50:41 - huginn - ERROR - Unhandled exception:
Traceback (most recent call last):
  File "C:\Users\allie\Coding Projects\huggin_suite\huginn\app\pages\recon_enumeration\service_scanners.py", line 747, in <lambda>
    worker.signals.output.connect(lambda text: self.append_service_output(tool_key))
                                               ~~~~~~~~~~~~~~~~~~~~~~~~~~^^^^^^^^^^
TypeError: ServiceScannersMixin.append_service_output() missing 1 required positional argument: 'text'

2026-06-05 19:50:41 - huginn - ERROR - Unhandled exception:
Traceback (most recent call last):
  File "C:\Users\allie\Coding Projects\huggin_suite\huginn\app\pages\recon_enumeration\service_scanners.py", line 747, in <lambda>
    worker.signals.output.connect(lambda text: self.append_service_output(tool_key))
                                               ~~~~~~~~~~~~~~~~~~~~~~~~~~^^^^^^^^^^
TypeError: ServiceScannersMixin.append_service_output() missing 1 required positional argument: 'text'

2026-06-05 19:50:41 - huginn - ERROR - Unhandled exception:
Traceback (most recent call last):
  File "C:\Users\allie\Coding Projects\huggin_suite\huginn\app\pages\recon_enumeration\service_scanners.py", line 747, in <lambda>
    worker.signals.output.connect(lambda text: self.append_service_output(tool_key))
                                               ~~~~~~~~~~~~~~~~~~~~~~~~~~^^^^^^^^^^
TypeError: ServiceScannersMixin.append_service_output() missing 1 required positional argument: 'text'

2026-06-05 19:50:44 - huginn - ERROR - Unhandled exception:
Traceback (most recent call last):
  File "C:\Users\allie\Coding Projects\huggin_suite\huginn\app\pages\recon_enumeration\service_scanners.py", line 747, in <lambda>
    worker.signals.output.connect(lambda text: self.append_service_output(tool_key))
                                               ~~~~~~~~~~~~~~~~~~~~~~~~~~^^^^^^^^^^
TypeError: ServiceScannersMixin.append_service_output() missing 1 required positional argument: 'text'

2026-06-05 19:50:44 - huginn - ERROR - Unhandled exception:
Traceback (most recent call last):
  File "C:\Users\allie\Coding Projects\huggin_suite\huginn\app\pages\recon_enumeration\service_scanners.py", line 747, in <lambda>
    worker.signals.output.connect(lambda text: self.append_service_output(tool_key))
                                               ~~~~~~~~~~~~~~~~~~~~~~~~~~^^^^^^^^^^
TypeError: ServiceScannersMixin.append_service_output() missing 1 required positional argument: 'text'

2026-06-05 19:50:51 - huginn - DEBUG - Memory monitoring stopped
2026-06-05 19:50:51 - huginn - DEBUG - Connection pool closed all sessions
2026-06-05 19:50:56 - huginn - INFO - Update manager stopped during cleanup
2026-06-05 19:50:59 - huginn - ERROR - Unhandled exception:
Traceback (most recent call last):
  File "C:\Users\allie\Coding Projects\huggin_suite\huginn\app\tools\av_worker.py", line 114, in run
    self._run_firewall_detection()
    ~~~~~~~~~~~~~~~~~~~~~~~~~~~~^^
  File "C:\Users\allie\Coding Projects\huggin_suite\huginn\app\tools\av_worker.py", line 228, in _run_firewall_detection
    worker.run()
    ~~~~~~~~~~^^
  File "C:\Users\allie\Coding Projects\huggin_suite\huginn\app\tools\firewall_detector.py", line 207, in run
    fw_type = self.perform_ack_probe(fw_result.filtered_ports, resolved_target)
  File "C:\Users\allie\Coding Projects\huggin_suite\huginn\app\tools\firewall_detector.py", line 393, in perform_ack_probe
    self.signals.progress_update.emit(
    ^^^^^^^^^^^^^^^^^^^^^^^^^^^^
RuntimeError: wrapped C/C++ object of type AVFWWorkerSignals has been deleted

During handling of the above exception, another exception occurred:

Traceback (most recent call last):
  File "C:\Users\allie\Coding Projects\huggin_suite\huginn\app\tools\av_worker.py", line 133, in run
    self.signals.error.emit(error_msg)
    ^^^^^^^^^^^^^^^^^^
RuntimeError: wrapped C/C++ object of type AVFirewallWorkerSignals has been deleted

During handling of the above exception, another exception occurred:

Traceback (most recent call last):
  File "C:\Users\allie\Coding Projects\huggin_suite\huginn\app\tools\av_worker.py", line 138, in run
    self.signals.finished.emit()
    ^^^^^^^^^^^^^^^^^^^^^
RuntimeError: wrapped C/C++ object of type AVFirewallWorkerSignals has been deleted

2026-06-05 19:51:08 - huginn - DEBUG - Suppressed exception
Traceback (most recent call last):
  File "c:\Users\allie\Coding Projects\huggin_suite\huginn\app\core\asset_manager.py", line 101, in init_database
    conn.execute("ALTER TABLE assets ADD COLUMN fqdn TEXT DEFAULT ''")
    ~~~~~~~~~~~~^^^^^^^^^^^^^^^^^^^^^^^^^^^^^^^^^^^^^^^^^^^^^^^^^^^^^^
sqlite3.OperationalError: duplicate column name: fqdn
2026-06-05 19:51:08 - huginn - DEBUG - Suppressed exception
Traceback (most recent call last):
  File "c:\Users\allie\Coding Projects\huggin_suite\huginn\app\core\asset_manager.py", line 108, in init_database
    conn.execute("ALTER TABLE assets ADD COLUMN mac_address TEXT DEFAULT ''")
    ~~~~~~~~~~~~^^^^^^^^^^^^^^^^^^^^^^^^^^^^^^^^^^^^^^^^^^^^^^^^^^^^^^^^^^^^^
sqlite3.OperationalError: duplicate column name: mac_address
2026-06-05 19:51:08 - huginn - DEBUG - Suppressed exception
Traceback (most recent call last):
  File "c:\Users\allie\Coding Projects\huggin_suite\huginn\app\core\asset_manager.py", line 115, in init_database
    conn.execute("ALTER TABLE assets ADD COLUMN vendor TEXT DEFAULT ''")
    ~~~~~~~~~~~~^^^^^^^^^^^^^^^^^^^^^^^^^^^^^^^^^^^^^^^^^^^^^^^^^^^^^^^^
sqlite3.OperationalError: duplicate column name: vendor
2026-06-05 19:51:08 - huginn - DEBUG - Suppressed exception
Traceback (most recent call last):
  File "c:\Users\allie\Coding Projects\huggin_suite\huginn\app\core\asset_manager.py", line 122, in init_database
    conn.execute("ALTER TABLE assets ADD COLUMN notes TEXT DEFAULT ''")
    ~~~~~~~~~~~~^^^^^^^^^^^^^^^^^^^^^^^^^^^^^^^^^^^^^^^^^^^^^^^^^^^^^^^
sqlite3.OperationalError: duplicate column name: notes
2026-06-05 19:51:08 - huginn - INFO - Using default configuration
2026-06-05 19:51:11 - huginn - INFO - License saved successfully
2026-06-05 19:51:11 - huginn - INFO - License loaded and validated successfully
2026-06-05 19:51:15 - huginn - INFO - License saved successfully
2026-06-05 19:51:15 - huginn - INFO - License loaded and validated successfully
2026-06-05 19:51:15 - huginn - INFO - Application starting...
2026-06-05 19:51:15 - huginn - INFO - Font loaded successfully
2026-06-05 19:51:15 - huginn - INFO - Stylesheet loaded successfully
2026-06-05 19:51:15 - huginn - INFO - Creating main window...
2026-06-05 19:51:15 - huginn - INFO - QThreadPool max threads set to 32 (CPUs: 32)
2026-06-05 19:51:15 - huginn - INFO - Custom font 'Neuropol X' loaded from C:\Users\allie\Coding Projects\huggin_suite\huginn\resources\fonts\neuropol.otf
2026-06-05 19:51:15 - huginn - DEBUG - Suppressed exception
Traceback (most recent call last):
  File "C:\Users\allie\Coding Projects\huggin_suite\huginn\app\pages\page_registry.py", line 45, in register_all_pages
    from app.pages.db_attacks_page import DBAttacksPage
ImportError: cannot import name 'DBAttacksPage' from 'app.pages.db_attacks_page' (C:\Users\allie\Coding Projects\huggin_suite\huginn\app\pages\db_attacks_page.py)
2026-06-05 19:51:18 - huginn - DEBUG - Suppressed exception
Traceback (most recent call last):
  File "C:\Users\allie\Coding Projects\huggin_suite\huginn\app\core\scope_manager.py", line 62, in _parse_scope_text
    ipaddress.IPv4Address(item)
    ~~~~~~~~~~~~~~~~~~~~~^^^^^^
  File "C:\Users\allie\anaconda3\Lib\ipaddress.py", line 1319, in __init__
    self._ip = self._ip_int_from_string(addr_str)
               ~~~~~~~~~~~~~~~~~~~~~~~~^^^^^^^^^^
  File "C:\Users\allie\anaconda3\Lib\ipaddress.py", line 1206, in _ip_int_from_string
    raise AddressValueError("Expected 4 octets in %r" % ip_str)
ipaddress.AddressValueError: Expected 4 octets in 'blackreachlabs.com'
2026-06-05 19:51:18 - huginn - DEBUG - Suppressed exception
Traceback (most recent call last):
  File "C:\Users\allie\Coding Projects\huggin_suite\huginn\app\core\scope_manager.py", line 62, in _parse_scope_text
    ipaddress.IPv4Address(item)
    ~~~~~~~~~~~~~~~~~~~~~^^^^^^
  File "C:\Users\allie\anaconda3\Lib\ipaddress.py", line 1319, in __init__
    self._ip = self._ip_int_from_string(addr_str)
               ~~~~~~~~~~~~~~~~~~~~~~~~^^^^^^^^^^
  File "C:\Users\allie\anaconda3\Lib\ipaddress.py", line 1206, in _ip_int_from_string
    raise AddressValueError("Expected 4 octets in %r" % ip_str)
ipaddress.AddressValueError: Expected 4 octets in 'blackreachlabs.com'
2026-06-05 19:51:19 - huginn - DEBUG - Wireless security tab unavailable
Traceback (most recent call last):
  File "C:\Users\allie\Coding Projects\huggin_suite\huginn\app\pages\recon_enumeration_page.py", line 99, in setup_ui
    wireless_tab = WirelessSecurityWidget(self)
  File "C:\Users\allie\Coding Projects\huggin_suite\huginn\app\widgets\wireless_security_widget.py", line 52, in __init__
    self.connect_signals()
    ~~~~~~~~~~~~~~~~~~~~^^
  File "C:\Users\allie\Coding Projects\huggin_suite\huginn\app\widgets\wireless_security_widget.py", line 303, in connect_signals
    self.generate_report_btn.clicked.connect(self.generate_report)
    ^^^^^^^^^^^^^^^^^^^^^^^^
AttributeError: 'WirelessSecurityWidget' object has no attribute 'generate_report_btn'. Did you mean: 'generate_report'?
2026-06-05 19:54:39 - huginn - DEBUG - Memory monitoring stopped
2026-06-05 19:54:39 - huginn - DEBUG - Connection pool closed all sessions
2026-06-05 19:54:50 - huginn - ERROR - Unhandled exception:
Traceback (most recent call last):
  File "C:\Users\allie\Coding Projects\huggin_suite\huginn\app\tools\av_worker.py", line 116, in run
    self._run_evasion_testing()
    ~~~~~~~~~~~~~~~~~~~~~~~~~^^
  File "C:\Users\allie\Coding Projects\huggin_suite\huginn\app\tools\av_worker.py", line 263, in _run_evasion_testing
    worker.run()
    ~~~~~~~~~~^^
  File "C:\Users\allie\Coding Projects\huggin_suite\huginn\app\tools\evasion_profiler.py", line 180, in run
    result = self.test_source_port_evasion(test_ports)
  File "C:\Users\allie\Coding Projects\huggin_suite\huginn\app\tools\evasion_profiler.py", line 386, in test_source_port_evasion
    self.signals.output.emit(
    ^^^^^^^^^^^^^^^^^^^
RuntimeError: wrapped C/C++ object of type AVFWWorkerSignals has been deleted

During handling of the above exception, another exception occurred:

Traceback (most recent call last):
  File "C:\Users\allie\Coding Projects\huggin_suite\huginn\app\tools\av_worker.py", line 133, in run
    self.signals.error.emit(error_msg)
    ^^^^^^^^^^^^^^^^^^
RuntimeError: wrapped C/C++ object of type AVFirewallWorkerSignals has been deleted

During handling of the above exception, another exception occurred:

Traceback (most recent call last):
  File "C:\Users\allie\Coding Projects\huggin_suite\huginn\app\tools\av_worker.py", line 138, in run
    self.signals.finished.emit()
    ^^^^^^^^^^^^^^^^^^^^^
RuntimeError: wrapped C/C++ object of type AVFirewallWorkerSignals has been deleted

2026-06-05 19:54:50 - huginn - INFO - Update manager stopped during cleanup
2026-06-05 19:55:11 - huginn - DEBUG - Suppressed exception
Traceback (most recent call last):
  File "c:\Users\allie\Coding Projects\huggin_suite\huginn\app\core\asset_manager.py", line 101, in init_database
    conn.execute("ALTER TABLE assets ADD COLUMN fqdn TEXT DEFAULT ''")
    ~~~~~~~~~~~~^^^^^^^^^^^^^^^^^^^^^^^^^^^^^^^^^^^^^^^^^^^^^^^^^^^^^^
sqlite3.OperationalError: duplicate column name: fqdn
2026-06-05 19:55:11 - huginn - DEBUG - Suppressed exception
Traceback (most recent call last):
  File "c:\Users\allie\Coding Projects\huggin_suite\huginn\app\core\asset_manager.py", line 108, in init_database
    conn.execute("ALTER TABLE assets ADD COLUMN mac_address TEXT DEFAULT ''")
    ~~~~~~~~~~~~^^^^^^^^^^^^^^^^^^^^^^^^^^^^^^^^^^^^^^^^^^^^^^^^^^^^^^^^^^^^^
sqlite3.OperationalError: duplicate column name: mac_address
2026-06-05 19:55:11 - huginn - DEBUG - Suppressed exception
Traceback (most recent call last):
  File "c:\Users\allie\Coding Projects\huggin_suite\huginn\app\core\asset_manager.py", line 115, in init_database
    conn.execute("ALTER TABLE assets ADD COLUMN vendor TEXT DEFAULT ''")
    ~~~~~~~~~~~~^^^^^^^^^^^^^^^^^^^^^^^^^^^^^^^^^^^^^^^^^^^^^^^^^^^^^^^^
sqlite3.OperationalError: duplicate column name: vendor
2026-06-05 19:55:11 - huginn - DEBUG - Suppressed exception
Traceback (most recent call last):
  File "c:\Users\allie\Coding Projects\huggin_suite\huginn\app\core\asset_manager.py", line 122, in init_database
    conn.execute("ALTER TABLE assets ADD COLUMN notes TEXT DEFAULT ''")
    ~~~~~~~~~~~~^^^^^^^^^^^^^^^^^^^^^^^^^^^^^^^^^^^^^^^^^^^^^^^^^^^^^^^
sqlite3.OperationalError: duplicate column name: notes
2026-06-05 19:55:11 - huginn - INFO - Using default configuration
2026-06-05 19:55:13 - huginn - INFO - License saved successfully
2026-06-05 19:55:13 - huginn - INFO - License loaded and validated successfully
2026-06-05 19:55:26 - huginn - DEBUG - Suppressed exception
Traceback (most recent call last):
  File "c:\Users\allie\Coding Projects\huggin_suite\huginn\app\core\asset_manager.py", line 101, in init_database
    conn.execute("ALTER TABLE assets ADD COLUMN fqdn TEXT DEFAULT ''")
    ~~~~~~~~~~~~^^^^^^^^^^^^^^^^^^^^^^^^^^^^^^^^^^^^^^^^^^^^^^^^^^^^^^
sqlite3.OperationalError: duplicate column name: fqdn
2026-06-05 19:55:26 - huginn - DEBUG - Suppressed exception
Traceback (most recent call last):
  File "c:\Users\allie\Coding Projects\huggin_suite\huginn\app\core\asset_manager.py", line 108, in init_database
    conn.execute("ALTER TABLE assets ADD COLUMN mac_address TEXT DEFAULT ''")
    ~~~~~~~~~~~~^^^^^^^^^^^^^^^^^^^^^^^^^^^^^^^^^^^^^^^^^^^^^^^^^^^^^^^^^^^^^
sqlite3.OperationalError: duplicate column name: mac_address
2026-06-05 19:55:26 - huginn - DEBUG - Suppressed exception
Traceback (most recent call last):
  File "c:\Users\allie\Coding Projects\huggin_suite\huginn\app\core\asset_manager.py", line 115, in init_database
    conn.execute("ALTER TABLE assets ADD COLUMN vendor TEXT DEFAULT ''")
    ~~~~~~~~~~~~^^^^^^^^^^^^^^^^^^^^^^^^^^^^^^^^^^^^^^^^^^^^^^^^^^^^^^^^
sqlite3.OperationalError: duplicate column name: vendor
2026-06-05 19:55:26 - huginn - DEBUG - Suppressed exception
Traceback (most recent call last):
  File "c:\Users\allie\Coding Projects\huggin_suite\huginn\app\core\asset_manager.py", line 122, in init_database
    conn.execute("ALTER TABLE assets ADD COLUMN notes TEXT DEFAULT ''")
    ~~~~~~~~~~~~^^^^^^^^^^^^^^^^^^^^^^^^^^^^^^^^^^^^^^^^^^^^^^^^^^^^^^^
sqlite3.OperationalError: duplicate column name: notes
2026-06-05 19:55:27 - huginn - INFO - Using default configuration
2026-06-05 19:55:29 - huginn - INFO - License saved successfully
2026-06-05 19:55:29 - huginn - INFO - License loaded and validated successfully
2026-06-05 19:55:46 - huginn - DEBUG - Suppressed exception
Traceback (most recent call last):
  File "c:\Users\allie\Coding Projects\huggin_suite\huginn\app\core\asset_manager.py", line 101, in init_database
    conn.execute("ALTER TABLE assets ADD COLUMN fqdn TEXT DEFAULT ''")
    ~~~~~~~~~~~~^^^^^^^^^^^^^^^^^^^^^^^^^^^^^^^^^^^^^^^^^^^^^^^^^^^^^^
sqlite3.OperationalError: duplicate column name: fqdn
2026-06-05 19:55:46 - huginn - DEBUG - Suppressed exception
Traceback (most recent call last):
  File "c:\Users\allie\Coding Projects\huggin_suite\huginn\app\core\asset_manager.py", line 108, in init_database
    conn.execute("ALTER TABLE assets ADD COLUMN mac_address TEXT DEFAULT ''")
    ~~~~~~~~~~~~^^^^^^^^^^^^^^^^^^^^^^^^^^^^^^^^^^^^^^^^^^^^^^^^^^^^^^^^^^^^^
sqlite3.OperationalError: duplicate column name: mac_address
2026-06-05 19:55:46 - huginn - DEBUG - Suppressed exception
Traceback (most recent call last):
  File "c:\Users\allie\Coding Projects\huggin_suite\huginn\app\core\asset_manager.py", line 115, in init_database
    conn.execute("ALTER TABLE assets ADD COLUMN vendor TEXT DEFAULT ''")
    ~~~~~~~~~~~~^^^^^^^^^^^^^^^^^^^^^^^^^^^^^^^^^^^^^^^^^^^^^^^^^^^^^^^^
sqlite3.OperationalError: duplicate column name: vendor
2026-06-05 19:55:46 - huginn - DEBUG - Suppressed exception
Traceback (most recent call last):
  File "c:\Users\allie\Coding Projects\huggin_suite\huginn\app\core\asset_manager.py", line 122, in init_database
    conn.execute("ALTER TABLE assets ADD COLUMN notes TEXT DEFAULT ''")
    ~~~~~~~~~~~~^^^^^^^^^^^^^^^^^^^^^^^^^^^^^^^^^^^^^^^^^^^^^^^^^^^^^^^
sqlite3.OperationalError: duplicate column name: notes
2026-06-05 19:55:46 - huginn - INFO - Using default configuration
2026-06-05 19:55:48 - huginn - INFO - License saved successfully
2026-06-05 19:55:48 - huginn - INFO - License loaded and validated successfully
2026-06-05 19:56:10 - huginn - DEBUG - Suppressed exception
Traceback (most recent call last):
  File "c:\Users\allie\Coding Projects\huggin_suite\huginn\app\core\asset_manager.py", line 101, in init_database
    conn.execute("ALTER TABLE assets ADD COLUMN fqdn TEXT DEFAULT ''")
    ~~~~~~~~~~~~^^^^^^^^^^^^^^^^^^^^^^^^^^^^^^^^^^^^^^^^^^^^^^^^^^^^^^
sqlite3.OperationalError: duplicate column name: fqdn
2026-06-05 19:56:10 - huginn - DEBUG - Suppressed exception
Traceback (most recent call last):
  File "c:\Users\allie\Coding Projects\huggin_suite\huginn\app\core\asset_manager.py", line 108, in init_database
    conn.execute("ALTER TABLE assets ADD COLUMN mac_address TEXT DEFAULT ''")
    ~~~~~~~~~~~~^^^^^^^^^^^^^^^^^^^^^^^^^^^^^^^^^^^^^^^^^^^^^^^^^^^^^^^^^^^^^
sqlite3.OperationalError: duplicate column name: mac_address
2026-06-05 19:56:10 - huginn - DEBUG - Suppressed exception
Traceback (most recent call last):
  File "c:\Users\allie\Coding Projects\huggin_suite\huginn\app\core\asset_manager.py", line 115, in init_database
    conn.execute("ALTER TABLE assets ADD COLUMN vendor TEXT DEFAULT ''")
    ~~~~~~~~~~~~^^^^^^^^^^^^^^^^^^^^^^^^^^^^^^^^^^^^^^^^^^^^^^^^^^^^^^^^
sqlite3.OperationalError: duplicate column name: vendor
2026-06-05 19:56:10 - huginn - DEBUG - Suppressed exception
Traceback (most recent call last):
  File "c:\Users\allie\Coding Projects\huggin_suite\huginn\app\core\asset_manager.py", line 122, in init_database
    conn.execute("ALTER TABLE assets ADD COLUMN notes TEXT DEFAULT ''")
    ~~~~~~~~~~~~^^^^^^^^^^^^^^^^^^^^^^^^^^^^^^^^^^^^^^^^^^^^^^^^^^^^^^^
sqlite3.OperationalError: duplicate column name: notes
2026-06-05 19:56:10 - huginn - INFO - Using default configuration
2026-06-05 19:56:13 - huginn - INFO - License saved successfully
2026-06-05 19:56:13 - huginn - INFO - License loaded and validated successfully
2026-06-05 19:56:28 - huginn - DEBUG - Suppressed exception
Traceback (most recent call last):
  File "c:\Users\allie\Coding Projects\huggin_suite\huginn\app\core\asset_manager.py", line 101, in init_database
    conn.execute("ALTER TABLE assets ADD COLUMN fqdn TEXT DEFAULT ''")
    ~~~~~~~~~~~~^^^^^^^^^^^^^^^^^^^^^^^^^^^^^^^^^^^^^^^^^^^^^^^^^^^^^^
sqlite3.OperationalError: duplicate column name: fqdn
2026-06-05 19:56:28 - huginn - DEBUG - Suppressed exception
Traceback (most recent call last):
  File "c:\Users\allie\Coding Projects\huggin_suite\huginn\app\core\asset_manager.py", line 108, in init_database
    conn.execute("ALTER TABLE assets ADD COLUMN mac_address TEXT DEFAULT ''")
    ~~~~~~~~~~~~^^^^^^^^^^^^^^^^^^^^^^^^^^^^^^^^^^^^^^^^^^^^^^^^^^^^^^^^^^^^^
sqlite3.OperationalError: duplicate column name: mac_address
2026-06-05 19:56:28 - huginn - DEBUG - Suppressed exception
Traceback (most recent call last):
  File "c:\Users\allie\Coding Projects\huggin_suite\huginn\app\core\asset_manager.py", line 115, in init_database
    conn.execute("ALTER TABLE assets ADD COLUMN vendor TEXT DEFAULT ''")
    ~~~~~~~~~~~~^^^^^^^^^^^^^^^^^^^^^^^^^^^^^^^^^^^^^^^^^^^^^^^^^^^^^^^^
sqlite3.OperationalError: duplicate column name: vendor
2026-06-05 19:56:28 - huginn - DEBUG - Suppressed exception
Traceback (most recent call last):
  File "c:\Users\allie\Coding Projects\huggin_suite\huginn\app\core\asset_manager.py", line 122, in init_database
    conn.execute("ALTER TABLE assets ADD COLUMN notes TEXT DEFAULT ''")
    ~~~~~~~~~~~~^^^^^^^^^^^^^^^^^^^^^^^^^^^^^^^^^^^^^^^^^^^^^^^^^^^^^^^
sqlite3.OperationalError: duplicate column name: notes
2026-06-05 19:56:28 - huginn - INFO - Using default configuration
2026-06-05 19:56:31 - huginn - INFO - License saved successfully
2026-06-05 19:56:31 - huginn - INFO - License loaded and validated successfully
2026-06-05 19:57:00 - huginn - DEBUG - Suppressed exception
Traceback (most recent call last):
  File "c:\Users\allie\Coding Projects\huggin_suite\huginn\app\core\asset_manager.py", line 101, in init_database
    conn.execute("ALTER TABLE assets ADD COLUMN fqdn TEXT DEFAULT ''")
    ~~~~~~~~~~~~^^^^^^^^^^^^^^^^^^^^^^^^^^^^^^^^^^^^^^^^^^^^^^^^^^^^^^
sqlite3.OperationalError: duplicate column name: fqdn
2026-06-05 19:57:00 - huginn - DEBUG - Suppressed exception
Traceback (most recent call last):
  File "c:\Users\allie\Coding Projects\huggin_suite\huginn\app\core\asset_manager.py", line 108, in init_database
    conn.execute("ALTER TABLE assets ADD COLUMN mac_address TEXT DEFAULT ''")
    ~~~~~~~~~~~~^^^^^^^^^^^^^^^^^^^^^^^^^^^^^^^^^^^^^^^^^^^^^^^^^^^^^^^^^^^^^
sqlite3.OperationalError: duplicate column name: mac_address
2026-06-05 19:57:00 - huginn - DEBUG - Suppressed exception
Traceback (most recent call last):
  File "c:\Users\allie\Coding Projects\huggin_suite\huginn\app\core\asset_manager.py", line 115, in init_database
    conn.execute("ALTER TABLE assets ADD COLUMN vendor TEXT DEFAULT ''")
    ~~~~~~~~~~~~^^^^^^^^^^^^^^^^^^^^^^^^^^^^^^^^^^^^^^^^^^^^^^^^^^^^^^^^
sqlite3.OperationalError: duplicate column name: vendor
2026-06-05 19:57:00 - huginn - DEBUG - Suppressed exception
Traceback (most recent call last):
  File "c:\Users\allie\Coding Projects\huggin_suite\huginn\app\core\asset_manager.py", line 122, in init_database
    conn.execute("ALTER TABLE assets ADD COLUMN notes TEXT DEFAULT ''")
    ~~~~~~~~~~~~^^^^^^^^^^^^^^^^^^^^^^^^^^^^^^^^^^^^^^^^^^^^^^^^^^^^^^^
sqlite3.OperationalError: duplicate column name: notes
2026-06-05 19:57:00 - huginn - INFO - Using default configuration
2026-06-05 19:57:03 - huginn - INFO - License saved successfully
2026-06-05 19:57:03 - huginn - INFO - License loaded and validated successfully
2026-06-05 19:59:36 - huginn - INFO - License saved successfully
2026-06-05 19:59:36 - huginn - INFO - License loaded and validated successfully
2026-06-05 19:59:36 - huginn - INFO - Application starting...
2026-06-05 19:59:36 - huginn - INFO - Font loaded successfully
2026-06-05 19:59:36 - huginn - INFO - Stylesheet loaded successfully
2026-06-05 19:59:36 - huginn - INFO - Creating main window...
2026-06-05 19:59:36 - huginn - INFO - QThreadPool max threads set to 32 (CPUs: 32)
2026-06-05 19:59:36 - huginn - INFO - Custom font 'Neuropol X' loaded from C:\Users\allie\Coding Projects\huggin_suite\huginn\resources\fonts\neuropol.otf
2026-06-05 19:59:36 - huginn - DEBUG - Suppressed exception
Traceback (most recent call last):
  File "C:\Users\allie\Coding Projects\huggin_suite\huginn\app\pages\page_registry.py", line 45, in register_all_pages
    from app.pages.db_attacks_page import DBAttacksPage
ImportError: cannot import name 'DBAttacksPage' from 'app.pages.db_attacks_page' (C:\Users\allie\Coding Projects\huggin_suite\huginn\app\pages\db_attacks_page.py)
2026-06-05 19:59:40 - huginn - DEBUG - Suppressed exception
Traceback (most recent call last):
  File "C:\Users\allie\Coding Projects\huggin_suite\huginn\app\core\scope_manager.py", line 62, in _parse_scope_text
    ipaddress.IPv4Address(item)
    ~~~~~~~~~~~~~~~~~~~~~^^^^^^
  File "C:\Users\allie\anaconda3\Lib\ipaddress.py", line 1319, in __init__
    self._ip = self._ip_int_from_string(addr_str)
               ~~~~~~~~~~~~~~~~~~~~~~~~^^^^^^^^^^
  File "C:\Users\allie\anaconda3\Lib\ipaddress.py", line 1206, in _ip_int_from_string
    raise AddressValueError("Expected 4 octets in %r" % ip_str)
ipaddress.AddressValueError: Expected 4 octets in 'blackreachlabs.com'
2026-06-05 19:59:40 - huginn - DEBUG - Suppressed exception
Traceback (most recent call last):
  File "C:\Users\allie\Coding Projects\huggin_suite\huginn\app\core\scope_manager.py", line 62, in _parse_scope_text
    ipaddress.IPv4Address(item)
    ~~~~~~~~~~~~~~~~~~~~~^^^^^^
  File "C:\Users\allie\anaconda3\Lib\ipaddress.py", line 1319, in __init__
    self._ip = self._ip_int_from_string(addr_str)
               ~~~~~~~~~~~~~~~~~~~~~~~~^^^^^^^^^^
  File "C:\Users\allie\anaconda3\Lib\ipaddress.py", line 1206, in _ip_int_from_string
    raise AddressValueError("Expected 4 octets in %r" % ip_str)
ipaddress.AddressValueError: Expected 4 octets in 'blackreachlabs.com'
2026-06-05 19:59:41 - huginn - DEBUG - Wireless security tab unavailable
Traceback (most recent call last):
  File "C:\Users\allie\Coding Projects\huggin_suite\huginn\app\pages\recon_enumeration_page.py", line 99, in setup_ui
    wireless_tab = WirelessSecurityWidget(self)
  File "C:\Users\allie\Coding Projects\huggin_suite\huginn\app\widgets\wireless_security_widget.py", line 52, in __init__
    self.connect_signals()
    ~~~~~~~~~~~~~~~~~~~~^^
  File "C:\Users\allie\Coding Projects\huggin_suite\huginn\app\widgets\wireless_security_widget.py", line 303, in connect_signals
    self.generate_report_btn.clicked.connect(self.generate_report)
    ^^^^^^^^^^^^^^^^^^^^^^^^
AttributeError: 'WirelessSecurityWidget' object has no attribute 'generate_report_btn'. Did you mean: 'generate_report'?
2026-06-05 20:19:33 - huginn - DEBUG - Memory monitoring stopped
2026-06-05 20:19:33 - huginn - DEBUG - Connection pool closed all sessions
2026-06-05 20:19:33 - huginn - INFO - Update manager stopped during cleanup
2026-06-05 20:19:59 - huginn - DEBUG - Suppressed exception
Traceback (most recent call last):
  File "c:\Users\allie\Coding Projects\huggin_suite\huginn\app\core\asset_manager.py", line 101, in init_database
    conn.execute("ALTER TABLE assets ADD COLUMN fqdn TEXT DEFAULT ''")
    ~~~~~~~~~~~~^^^^^^^^^^^^^^^^^^^^^^^^^^^^^^^^^^^^^^^^^^^^^^^^^^^^^^
sqlite3.OperationalError: duplicate column name: fqdn
2026-06-05 20:19:59 - huginn - DEBUG - Suppressed exception
Traceback (most recent call last):
  File "c:\Users\allie\Coding Projects\huggin_suite\huginn\app\core\asset_manager.py", line 108, in init_database
    conn.execute("ALTER TABLE assets ADD COLUMN mac_address TEXT DEFAULT ''")
    ~~~~~~~~~~~~^^^^^^^^^^^^^^^^^^^^^^^^^^^^^^^^^^^^^^^^^^^^^^^^^^^^^^^^^^^^^
sqlite3.OperationalError: duplicate column name: mac_address
2026-06-05 20:19:59 - huginn - DEBUG - Suppressed exception
Traceback (most recent call last):
  File "c:\Users\allie\Coding Projects\huggin_suite\huginn\app\core\asset_manager.py", line 115, in init_database
    conn.execute("ALTER TABLE assets ADD COLUMN vendor TEXT DEFAULT ''")
    ~~~~~~~~~~~~^^^^^^^^^^^^^^^^^^^^^^^^^^^^^^^^^^^^^^^^^^^^^^^^^^^^^^^^
sqlite3.OperationalError: duplicate column name: vendor
2026-06-05 20:19:59 - huginn - DEBUG - Suppressed exception
Traceback (most recent call last):
  File "c:\Users\allie\Coding Projects\huggin_suite\huginn\app\core\asset_manager.py", line 122, in init_database
    conn.execute("ALTER TABLE assets ADD COLUMN notes TEXT DEFAULT ''")
    ~~~~~~~~~~~~^^^^^^^^^^^^^^^^^^^^^^^^^^^^^^^^^^^^^^^^^^^^^^^^^^^^^^^
sqlite3.OperationalError: duplicate column name: notes
2026-06-05 20:19:59 - huginn - INFO - Using default configuration
2026-06-05 20:20:01 - huginn - INFO - License saved successfully
2026-06-05 20:20:01 - huginn - INFO - License loaded and validated successfully
2026-06-05 20:20:25 - huginn - INFO - License saved successfully
2026-06-05 20:20:25 - huginn - INFO - License loaded and validated successfully
2026-06-05 20:20:25 - huginn - INFO - Application starting...
2026-06-05 20:20:25 - huginn - INFO - Font loaded successfully
2026-06-05 20:20:25 - huginn - INFO - Stylesheet loaded successfully
2026-06-05 20:20:25 - huginn - INFO - Creating main window...
2026-06-05 20:20:25 - huginn - INFO - QThreadPool max threads set to 32 (CPUs: 32)
2026-06-05 20:20:25 - huginn - INFO - Custom font 'Neuropol X' loaded from C:\Users\allie\Coding Projects\huggin_suite\huginn\resources\fonts\neuropol.otf
2026-06-05 20:20:26 - huginn - DEBUG - Suppressed exception
Traceback (most recent call last):
  File "C:\Users\allie\Coding Projects\huggin_suite\huginn\app\pages\page_registry.py", line 45, in register_all_pages
    from app.pages.db_attacks_page import DBAttacksPage
ImportError: cannot import name 'DBAttacksPage' from 'app.pages.db_attacks_page' (C:\Users\allie\Coding Projects\huggin_suite\huginn\app\pages\db_attacks_page.py)
2026-06-05 20:20:30 - huginn - DEBUG - Suppressed exception
Traceback (most recent call last):
  File "C:\Users\allie\Coding Projects\huggin_suite\huginn\app\core\scope_manager.py", line 62, in _parse_scope_text
    ipaddress.IPv4Address(item)
    ~~~~~~~~~~~~~~~~~~~~~^^^^^^
  File "C:\Users\allie\anaconda3\Lib\ipaddress.py", line 1319, in __init__
    self._ip = self._ip_int_from_string(addr_str)
               ~~~~~~~~~~~~~~~~~~~~~~~~^^^^^^^^^^
  File "C:\Users\allie\anaconda3\Lib\ipaddress.py", line 1206, in _ip_int_from_string
    raise AddressValueError("Expected 4 octets in %r" % ip_str)
ipaddress.AddressValueError: Expected 4 octets in 'blackreachlabs.com'
2026-06-05 20:20:30 - huginn - DEBUG - Suppressed exception
Traceback (most recent call last):
  File "C:\Users\allie\Coding Projects\huggin_suite\huginn\app\core\scope_manager.py", line 62, in _parse_scope_text
    ipaddress.IPv4Address(item)
    ~~~~~~~~~~~~~~~~~~~~~^^^^^^
  File "C:\Users\allie\anaconda3\Lib\ipaddress.py", line 1319, in __init__
    self._ip = self._ip_int_from_string(addr_str)
               ~~~~~~~~~~~~~~~~~~~~~~~~^^^^^^^^^^
  File "C:\Users\allie\anaconda3\Lib\ipaddress.py", line 1206, in _ip_int_from_string
    raise AddressValueError("Expected 4 octets in %r" % ip_str)
ipaddress.AddressValueError: Expected 4 octets in 'blackreachlabs.com'
2026-06-05 20:20:31 - huginn - DEBUG - Wireless security tab unavailable
Traceback (most recent call last):
  File "C:\Users\allie\Coding Projects\huggin_suite\huginn\app\pages\recon_enumeration_page.py", line 99, in setup_ui
    wireless_tab = WirelessSecurityWidget(self)
  File "C:\Users\allie\Coding Projects\huggin_suite\huginn\app\widgets\wireless_security_widget.py", line 52, in __init__
    self.connect_signals()
    ~~~~~~~~~~~~~~~~~~~~^^
  File "C:\Users\allie\Coding Projects\huggin_suite\huginn\app\widgets\wireless_security_widget.py", line 303, in connect_signals
    self.generate_report_btn.clicked.connect(self.generate_report)
    ^^^^^^^^^^^^^^^^^^^^^^^^
AttributeError: 'WirelessSecurityWidget' object has no attribute 'generate_report_btn'. Did you mean: 'generate_report'?
2026-06-05 20:23:01 - huginn - DEBUG - Memory monitoring stopped
2026-06-05 20:23:01 - huginn - DEBUG - Connection pool closed all sessions
2026-06-05 20:23:01 - huginn - INFO - Update manager stopped during cleanup
2026-06-05 20:27:02 - huginn - INFO - License saved successfully
2026-06-05 20:27:02 - huginn - INFO - License loaded and validated successfully
2026-06-05 20:27:02 - huginn - INFO - Application starting...
2026-06-05 20:27:02 - huginn - INFO - Font loaded successfully
2026-06-05 20:27:02 - huginn - INFO - Stylesheet loaded successfully
2026-06-05 20:27:02 - huginn - INFO - Creating main window...
2026-06-05 20:27:02 - huginn - INFO - QThreadPool max threads set to 32 (CPUs: 32)
2026-06-05 20:27:02 - huginn - INFO - Custom font 'Neuropol X' loaded from C:\Users\allie\Coding Projects\huggin_suite\huginn\resources\fonts\neuropol.otf
2026-06-05 20:27:02 - huginn - DEBUG - Suppressed exception
Traceback (most recent call last):
  File "C:\Users\allie\Coding Projects\huggin_suite\huginn\app\pages\page_registry.py", line 45, in register_all_pages
    from app.pages.db_attacks_page import DBAttacksPage
ImportError: cannot import name 'DBAttacksPage' from 'app.pages.db_attacks_page' (C:\Users\allie\Coding Projects\huggin_suite\huginn\app\pages\db_attacks_page.py)
2026-06-05 20:28:53 - huginn - DEBUG - Memory monitoring stopped
2026-06-05 20:28:53 - huginn - DEBUG - Connection pool closed all sessions
2026-06-05 20:28:53 - huginn - INFO - Update manager stopped during cleanup
2026-06-05 20:29:50 - huginn - DEBUG - Suppressed exception
Traceback (most recent call last):
  File "c:\Users\allie\Coding Projects\huggin_suite\huginn\app\core\asset_manager.py", line 101, in init_database
    conn.execute("ALTER TABLE assets ADD COLUMN fqdn TEXT DEFAULT ''")
    ~~~~~~~~~~~~^^^^^^^^^^^^^^^^^^^^^^^^^^^^^^^^^^^^^^^^^^^^^^^^^^^^^^
sqlite3.OperationalError: duplicate column name: fqdn
2026-06-05 20:29:50 - huginn - DEBUG - Suppressed exception
Traceback (most recent call last):
  File "c:\Users\allie\Coding Projects\huggin_suite\huginn\app\core\asset_manager.py", line 108, in init_database
    conn.execute("ALTER TABLE assets ADD COLUMN mac_address TEXT DEFAULT ''")
    ~~~~~~~~~~~~^^^^^^^^^^^^^^^^^^^^^^^^^^^^^^^^^^^^^^^^^^^^^^^^^^^^^^^^^^^^^
sqlite3.OperationalError: duplicate column name: mac_address
2026-06-05 20:29:50 - huginn - DEBUG - Suppressed exception
Traceback (most recent call last):
  File "c:\Users\allie\Coding Projects\huggin_suite\huginn\app\core\asset_manager.py", line 115, in init_database
    conn.execute("ALTER TABLE assets ADD COLUMN vendor TEXT DEFAULT ''")
    ~~~~~~~~~~~~^^^^^^^^^^^^^^^^^^^^^^^^^^^^^^^^^^^^^^^^^^^^^^^^^^^^^^^^
sqlite3.OperationalError: duplicate column name: vendor
2026-06-05 20:29:50 - huginn - DEBUG - Suppressed exception
Traceback (most recent call last):
  File "c:\Users\allie\Coding Projects\huggin_suite\huginn\app\core\asset_manager.py", line 122, in init_database
    conn.execute("ALTER TABLE assets ADD COLUMN notes TEXT DEFAULT ''")
    ~~~~~~~~~~~~^^^^^^^^^^^^^^^^^^^^^^^^^^^^^^^^^^^^^^^^^^^^^^^^^^^^^^^
sqlite3.OperationalError: duplicate column name: notes
2026-06-05 20:29:50 - huginn - INFO - Using default configuration
2026-06-05 20:29:53 - huginn - INFO - License saved successfully
2026-06-05 20:29:53 - huginn - INFO - License loaded and validated successfully
2026-06-05 20:30:27 - huginn - DEBUG - Suppressed exception
Traceback (most recent call last):
  File "c:\Users\allie\Coding Projects\huggin_suite\huginn\app\core\asset_manager.py", line 101, in init_database
    conn.execute("ALTER TABLE assets ADD COLUMN fqdn TEXT DEFAULT ''")
    ~~~~~~~~~~~~^^^^^^^^^^^^^^^^^^^^^^^^^^^^^^^^^^^^^^^^^^^^^^^^^^^^^^
sqlite3.OperationalError: duplicate column name: fqdn
2026-06-05 20:30:27 - huginn - DEBUG - Suppressed exception
Traceback (most recent call last):
  File "c:\Users\allie\Coding Projects\huggin_suite\huginn\app\core\asset_manager.py", line 108, in init_database
    conn.execute("ALTER TABLE assets ADD COLUMN mac_address TEXT DEFAULT ''")
    ~~~~~~~~~~~~^^^^^^^^^^^^^^^^^^^^^^^^^^^^^^^^^^^^^^^^^^^^^^^^^^^^^^^^^^^^^
sqlite3.OperationalError: duplicate column name: mac_address
2026-06-05 20:30:27 - huginn - DEBUG - Suppressed exception
Traceback (most recent call last):
  File "c:\Users\allie\Coding Projects\huggin_suite\huginn\app\core\asset_manager.py", line 115, in init_database
    conn.execute("ALTER TABLE assets ADD COLUMN vendor TEXT DEFAULT ''")
    ~~~~~~~~~~~~^^^^^^^^^^^^^^^^^^^^^^^^^^^^^^^^^^^^^^^^^^^^^^^^^^^^^^^^
sqlite3.OperationalError: duplicate column name: vendor
2026-06-05 20:30:27 - huginn - DEBUG - Suppressed exception
Traceback (most recent call last):
  File "c:\Users\allie\Coding Projects\huggin_suite\huginn\app\core\asset_manager.py", line 122, in init_database
    conn.execute("ALTER TABLE assets ADD COLUMN notes TEXT DEFAULT ''")
    ~~~~~~~~~~~~^^^^^^^^^^^^^^^^^^^^^^^^^^^^^^^^^^^^^^^^^^^^^^^^^^^^^^^
sqlite3.OperationalError: duplicate column name: notes
2026-06-05 20:30:27 - huginn - INFO - Using default configuration
2026-06-05 20:30:29 - huginn - INFO - License saved successfully
2026-06-05 20:30:29 - huginn - INFO - License loaded and validated successfully
2026-06-05 20:35:16 - huginn - INFO - License saved successfully
2026-06-05 20:35:16 - huginn - INFO - License loaded and validated successfully
2026-06-05 20:35:16 - huginn - INFO - Application starting...
2026-06-05 20:35:16 - huginn - INFO - Font loaded successfully
2026-06-05 20:35:16 - huginn - INFO - Stylesheet loaded successfully
2026-06-05 20:35:16 - huginn - INFO - Creating main window...
2026-06-05 20:35:16 - huginn - INFO - QThreadPool max threads set to 32 (CPUs: 32)
2026-06-05 20:35:16 - huginn - INFO - Custom font 'Neuropol X' loaded from C:\Users\allie\Coding Projects\huggin_suite\huginn\resources\fonts\neuropol.otf
2026-06-05 20:35:16 - huginn - DEBUG - Suppressed exception
Traceback (most recent call last):
  File "C:\Users\allie\Coding Projects\huggin_suite\huginn\app\pages\page_registry.py", line 45, in register_all_pages
    from app.pages.db_attacks_page import DBAttacksPage
ImportError: cannot import name 'DBAttacksPage' from 'app.pages.db_attacks_page' (C:\Users\allie\Coding Projects\huggin_suite\huginn\app\pages\db_attacks_page.py)
2026-06-05 20:37:59 - huginn - DEBUG - Memory monitoring stopped
2026-06-05 20:37:59 - huginn - DEBUG - Connection pool closed all sessions
2026-06-05 20:37:59 - huginn - INFO - Update manager stopped during cleanup
2026-06-05 20:38:29 - huginn - INFO - License saved successfully
2026-06-05 20:38:29 - huginn - INFO - License loaded and validated successfully
2026-06-05 20:38:29 - huginn - INFO - Application starting...
2026-06-05 20:38:29 - huginn - INFO - Font loaded successfully
2026-06-05 20:38:29 - huginn - INFO - Stylesheet loaded successfully
2026-06-05 20:38:29 - huginn - INFO - Creating main window...
2026-06-05 20:38:29 - huginn - INFO - QThreadPool max threads set to 32 (CPUs: 32)
2026-06-05 20:38:29 - huginn - INFO - Custom font 'Neuropol X' loaded from C:\Users\allie\Coding Projects\huggin_suite\huginn\resources\fonts\neuropol.otf
2026-06-05 20:38:29 - huginn - DEBUG - Suppressed exception
Traceback (most recent call last):
  File "C:\Users\allie\Coding Projects\huggin_suite\huginn\app\pages\page_registry.py", line 45, in register_all_pages
    from app.pages.db_attacks_page import DBAttacksPage
ImportError: cannot import name 'DBAttacksPage' from 'app.pages.db_attacks_page' (C:\Users\allie\Coding Projects\huggin_suite\huginn\app\pages\db_attacks_page.py)
2026-06-05 20:38:41 - huginn - DEBUG - Suppressed exception
Traceback (most recent call last):
  File "C:\Users\allie\Coding Projects\huggin_suite\huginn\app\core\scope_manager.py", line 62, in _parse_scope_text
    ipaddress.IPv4Address(item)
    ~~~~~~~~~~~~~~~~~~~~~^^^^^^
  File "C:\Users\allie\anaconda3\Lib\ipaddress.py", line 1319, in __init__
    self._ip = self._ip_int_from_string(addr_str)
               ~~~~~~~~~~~~~~~~~~~~~~~~^^^^^^^^^^
  File "C:\Users\allie\anaconda3\Lib\ipaddress.py", line 1206, in _ip_int_from_string
    raise AddressValueError("Expected 4 octets in %r" % ip_str)
ipaddress.AddressValueError: Expected 4 octets in 'blackreachlabs.com'
2026-06-05 20:38:41 - huginn - DEBUG - Suppressed exception
Traceback (most recent call last):
  File "C:\Users\allie\Coding Projects\huggin_suite\huginn\app\core\scope_manager.py", line 62, in _parse_scope_text
    ipaddress.IPv4Address(item)
    ~~~~~~~~~~~~~~~~~~~~~^^^^^^
  File "C:\Users\allie\anaconda3\Lib\ipaddress.py", line 1319, in __init__
    self._ip = self._ip_int_from_string(addr_str)
               ~~~~~~~~~~~~~~~~~~~~~~~~^^^^^^^^^^
  File "C:\Users\allie\anaconda3\Lib\ipaddress.py", line 1206, in _ip_int_from_string
    raise AddressValueError("Expected 4 octets in %r" % ip_str)
ipaddress.AddressValueError: Expected 4 octets in 'blackreachlabs.com'
2026-06-05 20:38:44 - huginn - DEBUG - Wireless security tab unavailable
Traceback (most recent call last):
  File "C:\Users\allie\Coding Projects\huggin_suite\huginn\app\pages\recon_enumeration_page.py", line 99, in setup_ui
    wireless_tab = WirelessSecurityWidget(self)
  File "C:\Users\allie\Coding Projects\huggin_suite\huginn\app\widgets\wireless_security_widget.py", line 52, in __init__
    self.connect_signals()
    ~~~~~~~~~~~~~~~~~~~~^^
  File "C:\Users\allie\Coding Projects\huggin_suite\huginn\app\widgets\wireless_security_widget.py", line 303, in connect_signals
    self.generate_report_btn.clicked.connect(self.generate_report)
    ^^^^^^^^^^^^^^^^^^^^^^^^
AttributeError: 'WirelessSecurityWidget' object has no attribute 'generate_report_btn'. Did you mean: 'generate_report'?
2026-06-05 20:38:45 - huginn - DEBUG - Suppressed exception
Traceback (most recent call last):
  File "C:\Users\allie\Coding Projects\huggin_suite\huginn\app\core\asset_manager.py", line 101, in init_database
    conn.execute("ALTER TABLE assets ADD COLUMN fqdn TEXT DEFAULT ''")
    ~~~~~~~~~~~~^^^^^^^^^^^^^^^^^^^^^^^^^^^^^^^^^^^^^^^^^^^^^^^^^^^^^^
sqlite3.OperationalError: duplicate column name: fqdn
2026-06-05 20:38:45 - huginn - DEBUG - Suppressed exception
Traceback (most recent call last):
  File "C:\Users\allie\Coding Projects\huggin_suite\huginn\app\core\asset_manager.py", line 108, in init_database
    conn.execute("ALTER TABLE assets ADD COLUMN mac_address TEXT DEFAULT ''")
    ~~~~~~~~~~~~^^^^^^^^^^^^^^^^^^^^^^^^^^^^^^^^^^^^^^^^^^^^^^^^^^^^^^^^^^^^^
sqlite3.OperationalError: duplicate column name: mac_address
2026-06-05 20:38:45 - huginn - DEBUG - Suppressed exception
Traceback (most recent call last):
  File "C:\Users\allie\Coding Projects\huggin_suite\huginn\app\core\asset_manager.py", line 115, in init_database
    conn.execute("ALTER TABLE assets ADD COLUMN vendor TEXT DEFAULT ''")
    ~~~~~~~~~~~~^^^^^^^^^^^^^^^^^^^^^^^^^^^^^^^^^^^^^^^^^^^^^^^^^^^^^^^^
sqlite3.OperationalError: duplicate column name: vendor
2026-06-05 20:38:45 - huginn - DEBUG - Suppressed exception
Traceback (most recent call last):
  File "C:\Users\allie\Coding Projects\huggin_suite\huginn\app\core\asset_manager.py", line 122, in init_database
    conn.execute("ALTER TABLE assets ADD COLUMN notes TEXT DEFAULT ''")
    ~~~~~~~~~~~~^^^^^^^^^^^^^^^^^^^^^^^^^^^^^^^^^^^^^^^^^^^^^^^^^^^^^^^
sqlite3.OperationalError: duplicate column name: notes
2026-06-05 20:38:49 - huginn - DEBUG - Session token generated
2026-06-05 20:48:54 - huginn - DEBUG - Memory monitoring stopped
2026-06-05 20:48:54 - huginn - DEBUG - Connection pool closed all sessions
2026-06-05 20:48:54 - huginn - INFO - Update manager stopped during cleanup
2026-06-05 20:54:45 - huginn - DEBUG - Suppressed exception
Traceback (most recent call last):
  File "c:\Users\allie\Coding Projects\huggin_suite\huginn\app\core\asset_manager.py", line 101, in init_database
    conn.execute("ALTER TABLE assets ADD COLUMN fqdn TEXT DEFAULT ''")
    ~~~~~~~~~~~~^^^^^^^^^^^^^^^^^^^^^^^^^^^^^^^^^^^^^^^^^^^^^^^^^^^^^^
sqlite3.OperationalError: duplicate column name: fqdn
2026-06-05 20:54:45 - huginn - DEBUG - Suppressed exception
Traceback (most recent call last):
  File "c:\Users\allie\Coding Projects\huggin_suite\huginn\app\core\asset_manager.py", line 108, in init_database
    conn.execute("ALTER TABLE assets ADD COLUMN mac_address TEXT DEFAULT ''")
    ~~~~~~~~~~~~^^^^^^^^^^^^^^^^^^^^^^^^^^^^^^^^^^^^^^^^^^^^^^^^^^^^^^^^^^^^^
sqlite3.OperationalError: duplicate column name: mac_address
2026-06-05 20:54:45 - huginn - DEBUG - Suppressed exception
Traceback (most recent call last):
  File "c:\Users\allie\Coding Projects\huggin_suite\huginn\app\core\asset_manager.py", line 115, in init_database
    conn.execute("ALTER TABLE assets ADD COLUMN vendor TEXT DEFAULT ''")
    ~~~~~~~~~~~~^^^^^^^^^^^^^^^^^^^^^^^^^^^^^^^^^^^^^^^^^^^^^^^^^^^^^^^^
sqlite3.OperationalError: duplicate column name: vendor
2026-06-05 20:54:45 - huginn - DEBUG - Suppressed exception
Traceback (most recent call last):
  File "c:\Users\allie\Coding Projects\huggin_suite\huginn\app\core\asset_manager.py", line 122, in init_database
    conn.execute("ALTER TABLE assets ADD COLUMN notes TEXT DEFAULT ''")
    ~~~~~~~~~~~~^^^^^^^^^^^^^^^^^^^^^^^^^^^^^^^^^^^^^^^^^^^^^^^^^^^^^^^
sqlite3.OperationalError: duplicate column name: notes
2026-06-05 20:54:46 - huginn - INFO - Using default configuration
2026-06-05 20:54:48 - huginn - INFO - License saved successfully
2026-06-05 20:54:48 - huginn - INFO - License loaded and validated successfully
2026-06-05 20:56:05 - huginn - INFO - License saved successfully
2026-06-05 20:56:05 - huginn - INFO - License loaded and validated successfully
2026-06-05 20:56:05 - huginn - INFO - Application starting...
2026-06-05 20:56:05 - huginn - INFO - Font loaded successfully
2026-06-05 20:56:05 - huginn - INFO - Stylesheet loaded successfully
2026-06-05 20:56:05 - huginn - INFO - Creating main window...
2026-06-05 20:56:05 - huginn - INFO - QThreadPool max threads set to 32 (CPUs: 32)
2026-06-05 20:56:05 - huginn - INFO - Custom font 'Neuropol X' loaded from C:\Users\allie\Coding Projects\huggin_suite\huginn\resources\fonts\neuropol.otf
2026-06-05 20:56:05 - huginn - DEBUG - Suppressed exception
Traceback (most recent call last):
  File "C:\Users\allie\Coding Projects\huggin_suite\huginn\app\pages\page_registry.py", line 45, in register_all_pages
    from app.pages.db_attacks_page import DBAttacksPage
ImportError: cannot import name 'DBAttacksPage' from 'app.pages.db_attacks_page' (C:\Users\allie\Coding Projects\huggin_suite\huginn\app\pages\db_attacks_page.py)
2026-06-05 20:56:33 - huginn - DEBUG - Memory monitoring stopped
2026-06-05 20:56:33 - huginn - DEBUG - Connection pool closed all sessions
2026-06-05 20:56:33 - huginn - INFO - Update manager stopped during cleanup
2026-06-05 21:00:13 - huginn - INFO - License saved successfully
2026-06-05 21:00:13 - huginn - INFO - License loaded and validated successfully
2026-06-05 21:00:13 - huginn - INFO - Application starting...
2026-06-05 21:00:13 - huginn - INFO - Font loaded successfully
2026-06-05 21:00:13 - huginn - INFO - Stylesheet loaded successfully
2026-06-05 21:00:13 - huginn - INFO - Creating main window...
2026-06-05 21:00:13 - huginn - INFO - QThreadPool max threads set to 32 (CPUs: 32)
2026-06-05 21:00:13 - huginn - INFO - Custom font 'Neuropol X' loaded from C:\Users\allie\Coding Projects\huggin_suite\huginn\resources\fonts\neuropol.otf
2026-06-05 21:00:13 - huginn - DEBUG - Suppressed exception
Traceback (most recent call last):
  File "C:\Users\allie\Coding Projects\huggin_suite\huginn\app\pages\page_registry.py", line 45, in register_all_pages
    from app.pages.db_attacks_page import DBAttacksPage
ImportError: cannot import name 'DBAttacksPage' from 'app.pages.db_attacks_page' (C:\Users\allie\Coding Projects\huggin_suite\huginn\app\pages\db_attacks_page.py)
2026-06-05 21:00:23 - huginn - DEBUG - Wireless security tab unavailable
Traceback (most recent call last):
  File "C:\Users\allie\Coding Projects\huggin_suite\huginn\app\pages\recon_enumeration_page.py", line 99, in setup_ui
    wireless_tab = WirelessSecurityWidget(self)
  File "C:\Users\allie\Coding Projects\huggin_suite\huginn\app\widgets\wireless_security_widget.py", line 52, in __init__
    self.connect_signals()
    ~~~~~~~~~~~~~~~~~~~~^^
  File "C:\Users\allie\Coding Projects\huggin_suite\huginn\app\widgets\wireless_security_widget.py", line 303, in connect_signals
    self.generate_report_btn.clicked.connect(self.generate_report)
    ^^^^^^^^^^^^^^^^^^^^^^^^
AttributeError: 'WirelessSecurityWidget' object has no attribute 'generate_report_btn'. Did you mean: 'generate_report'?
2026-06-05 21:00:24 - huginn - DEBUG - Suppressed exception
Traceback (most recent call last):
  File "C:\Users\allie\Coding Projects\huggin_suite\huginn\app\core\asset_manager.py", line 101, in init_database
    conn.execute("ALTER TABLE assets ADD COLUMN fqdn TEXT DEFAULT ''")
    ~~~~~~~~~~~~^^^^^^^^^^^^^^^^^^^^^^^^^^^^^^^^^^^^^^^^^^^^^^^^^^^^^^
sqlite3.OperationalError: duplicate column name: fqdn
2026-06-05 21:00:24 - huginn - DEBUG - Suppressed exception
Traceback (most recent call last):
  File "C:\Users\allie\Coding Projects\huggin_suite\huginn\app\core\asset_manager.py", line 108, in init_database
    conn.execute("ALTER TABLE assets ADD COLUMN mac_address TEXT DEFAULT ''")
    ~~~~~~~~~~~~^^^^^^^^^^^^^^^^^^^^^^^^^^^^^^^^^^^^^^^^^^^^^^^^^^^^^^^^^^^^^
sqlite3.OperationalError: duplicate column name: mac_address
2026-06-05 21:00:24 - huginn - DEBUG - Suppressed exception
Traceback (most recent call last):
  File "C:\Users\allie\Coding Projects\huggin_suite\huginn\app\core\asset_manager.py", line 115, in init_database
    conn.execute("ALTER TABLE assets ADD COLUMN vendor TEXT DEFAULT ''")
    ~~~~~~~~~~~~^^^^^^^^^^^^^^^^^^^^^^^^^^^^^^^^^^^^^^^^^^^^^^^^^^^^^^^^
sqlite3.OperationalError: duplicate column name: vendor
2026-06-05 21:00:24 - huginn - DEBUG - Suppressed exception
Traceback (most recent call last):
  File "C:\Users\allie\Coding Projects\huggin_suite\huginn\app\core\asset_manager.py", line 122, in init_database
    conn.execute("ALTER TABLE assets ADD COLUMN notes TEXT DEFAULT ''")
    ~~~~~~~~~~~~^^^^^^^^^^^^^^^^^^^^^^^^^^^^^^^^^^^^^^^^^^^^^^^^^^^^^^^
sqlite3.OperationalError: duplicate column name: notes
2026-06-05 21:00:27 - huginn - DEBUG - Session token generated
2026-06-05 21:13:30 - huginn - DEBUG - Memory monitoring stopped
2026-06-05 21:13:30 - huginn - DEBUG - Connection pool closed all sessions
2026-06-05 21:13:30 - huginn - INFO - Update manager stopped during cleanup
2026-06-05 21:40:53 - huginn - INFO - License saved successfully
2026-06-05 21:40:53 - huginn - INFO - License loaded and validated successfully
2026-06-05 21:40:53 - huginn - INFO - Application starting...
2026-06-05 21:40:53 - huginn - INFO - Font loaded successfully
2026-06-05 21:40:53 - huginn - INFO - Stylesheet loaded successfully
2026-06-05 21:40:53 - huginn - INFO - Creating main window...
2026-06-05 21:40:53 - huginn - INFO - QThreadPool max threads set to 32 (CPUs: 32)
2026-06-05 21:40:53 - huginn - INFO - Custom font 'Neuropol X' loaded from C:\Users\allie\Coding Projects\huggin_suite\huginn\resources\fonts\neuropol.otf
2026-06-05 21:40:53 - huginn - DEBUG - Suppressed exception
Traceback (most recent call last):
  File "C:\Users\allie\Coding Projects\huggin_suite\huginn\app\pages\page_registry.py", line 45, in register_all_pages
    from app.pages.db_attacks_page import DBAttacksPage
ImportError: cannot import name 'DBAttacksPage' from 'app.pages.db_attacks_page' (C:\Users\allie\Coding Projects\huggin_suite\huginn\app\pages\db_attacks_page.py)
2026-06-05 21:41:03 - huginn - DEBUG - Memory monitoring stopped
2026-06-05 21:41:03 - huginn - DEBUG - Connection pool closed all sessions
2026-06-05 21:41:03 - huginn - INFO - Update manager stopped during cleanup
2026-06-05 21:48:02 - huginn - INFO - License saved successfully
2026-06-05 21:48:02 - huginn - INFO - License loaded and validated successfully
2026-06-05 21:48:02 - huginn - INFO - Application starting...
2026-06-05 21:48:02 - huginn - INFO - Font loaded successfully
2026-06-05 21:48:02 - huginn - INFO - Stylesheet loaded successfully
2026-06-05 21:48:02 - huginn - INFO - Creating main window...
2026-06-05 21:48:02 - huginn - INFO - QThreadPool max threads set to 32 (CPUs: 32)
2026-06-05 21:48:02 - huginn - INFO - Custom font 'Neuropol X' loaded from C:\Users\allie\Coding Projects\huggin_suite\huginn\resources\fonts\neuropol.otf
2026-06-05 21:48:02 - huginn - DEBUG - Suppressed exception
Traceback (most recent call last):
  File "C:\Users\allie\Coding Projects\huggin_suite\huginn\app\pages\page_registry.py", line 45, in register_all_pages
    from app.pages.db_attacks_page import DBAttacksPage
ImportError: cannot import name 'DBAttacksPage' from 'app.pages.db_attacks_page' (C:\Users\allie\Coding Projects\huggin_suite\huginn\app\pages\db_attacks_page.py)
2026-06-05 21:48:31 - huginn - ERROR - Unhandled exception:
Traceback (most recent call last):
  File "C:\Users\allie\Coding Projects\huggin_suite\huginn\app\main_window\main_window_refactored.py", line 444, in open_theme_selector
    self.theme_manager.open_theme_selector()
    ~~~~~~~~~~~~~~~~~~~~~~~~~~~~~~~~~~~~~~^^
  File "C:\Users\allie\Coding Projects\huggin_suite\huginn\app\main_window\components\theme_manager.py", line 47, in open_theme_selector
    dialog = ThemeSelectionDialog(self.theme_manager, self.main_window)
  File "C:\Users\allie\Coding Projects\huggin_suite\huginn\app\widgets\enhanced_theme_selector.py", line 71, in __init__
    self.load_themes()
    ~~~~~~~~~~~~~~~~^^
  File "C:\Users\allie\Coding Projects\huggin_suite\huginn\app\widgets\enhanced_theme_selector.py", line 119, in load_themes
    themes = self.theme_manager.get_all_themes()
             ^^^^^^^^^^^^^^^^^^^^^^^^^^^^^^^^^
AttributeError: 'UnifiedThemeManager' object has no attribute 'get_all_themes'. Did you mean: 'get_available_themes'?

2026-06-05 21:49:36 - huginn - DEBUG - Memory monitoring stopped
2026-06-05 21:49:36 - huginn - DEBUG - Connection pool closed all sessions
2026-06-05 21:49:36 - huginn - INFO - Update manager stopped during cleanup
2026-06-05 21:49:43 - huginn - DEBUG - Suppressed exception
Traceback (most recent call last):
  File "c:\Users\allie\Coding Projects\huggin_suite\huginn\app\core\asset_manager.py", line 101, in init_database
    conn.execute("ALTER TABLE assets ADD COLUMN fqdn TEXT DEFAULT ''")
    ~~~~~~~~~~~~^^^^^^^^^^^^^^^^^^^^^^^^^^^^^^^^^^^^^^^^^^^^^^^^^^^^^^
sqlite3.OperationalError: duplicate column name: fqdn
2026-06-05 21:49:43 - huginn - DEBUG - Suppressed exception
Traceback (most recent call last):
  File "c:\Users\allie\Coding Projects\huggin_suite\huginn\app\core\asset_manager.py", line 108, in init_database
    conn.execute("ALTER TABLE assets ADD COLUMN mac_address TEXT DEFAULT ''")
    ~~~~~~~~~~~~^^^^^^^^^^^^^^^^^^^^^^^^^^^^^^^^^^^^^^^^^^^^^^^^^^^^^^^^^^^^^
sqlite3.OperationalError: duplicate column name: mac_address
2026-06-05 21:49:43 - huginn - DEBUG - Suppressed exception
Traceback (most recent call last):
  File "c:\Users\allie\Coding Projects\huggin_suite\huginn\app\core\asset_manager.py", line 115, in init_database
    conn.execute("ALTER TABLE assets ADD COLUMN vendor TEXT DEFAULT ''")
    ~~~~~~~~~~~~^^^^^^^^^^^^^^^^^^^^^^^^^^^^^^^^^^^^^^^^^^^^^^^^^^^^^^^^
sqlite3.OperationalError: duplicate column name: vendor
2026-06-05 21:49:43 - huginn - DEBUG - Suppressed exception
Traceback (most recent call last):
  File "c:\Users\allie\Coding Projects\huggin_suite\huginn\app\core\asset_manager.py", line 122, in init_database
    conn.execute("ALTER TABLE assets ADD COLUMN notes TEXT DEFAULT ''")
    ~~~~~~~~~~~~^^^^^^^^^^^^^^^^^^^^^^^^^^^^^^^^^^^^^^^^^^^^^^^^^^^^^^^
sqlite3.OperationalError: duplicate column name: notes
2026-06-05 21:49:43 - huginn - INFO - Using default configuration
2026-06-05 21:49:46 - huginn - INFO - License saved successfully
2026-06-05 21:49:46 - huginn - INFO - License loaded and validated successfully
2026-06-05 21:51:40 - huginn - INFO - License saved successfully
2026-06-05 21:51:40 - huginn - INFO - License loaded and validated successfully
2026-06-05 21:51:40 - huginn - INFO - Application starting...
2026-06-05 21:51:40 - huginn - INFO - Font loaded successfully
2026-06-05 21:51:40 - huginn - INFO - Stylesheet loaded successfully
2026-06-05 21:51:40 - huginn - INFO - Creating main window...
2026-06-05 21:51:40 - huginn - INFO - QThreadPool max threads set to 32 (CPUs: 32)
2026-06-05 21:51:40 - huginn - INFO - Custom font 'Neuropol X' loaded from C:\Users\allie\Coding Projects\huggin_suite\huginn\resources\fonts\neuropol.otf
2026-06-05 21:51:40 - huginn - DEBUG - Suppressed exception
Traceback (most recent call last):
  File "C:\Users\allie\Coding Projects\huggin_suite\huginn\app\pages\page_registry.py", line 45, in register_all_pages
    from app.pages.db_attacks_page import DBAttacksPage
ImportError: cannot import name 'DBAttacksPage' from 'app.pages.db_attacks_page' (C:\Users\allie\Coding Projects\huggin_suite\huginn\app\pages\db_attacks_page.py)
2026-06-05 21:51:45 - huginn - ERROR - Unhandled exception:
Traceback (most recent call last):
  File "C:\Users\allie\Coding Projects\huggin_suite\huginn\app\main_window\main_window_refactored.py", line 444, in open_theme_selector
    self.theme_manager.open_theme_selector()
    ~~~~~~~~~~~~~~~~~~~~~~~~~~~~~~~~~~~~~~^^
  File "C:\Users\allie\Coding Projects\huggin_suite\huginn\app\main_window\components\theme_manager.py", line 47, in open_theme_selector
    dialog = ThemeSelectionDialog(self.theme_manager, self.main_window)
  File "C:\Users\allie\Coding Projects\huggin_suite\huginn\app\widgets\enhanced_theme_selector.py", line 71, in __init__
    self.load_themes()
    ~~~~~~~~~~~~~~~~^^
  File "C:\Users\allie\Coding Projects\huggin_suite\huginn\app\widgets\enhanced_theme_selector.py", line 142, in load_themes
    if not self.theme_manager.is_theme_available(theme_key):
           ^^^^^^^^^^^^^^^^^^^^^^^^^^^^^^^^^^^^^
AttributeError: 'UnifiedThemeManager' object has no attribute 'is_theme_available'

2026-06-05 21:51:59 - huginn - DEBUG - Memory monitoring stopped
2026-06-05 21:51:59 - huginn - DEBUG - Connection pool closed all sessions
2026-06-05 21:51:59 - huginn - INFO - Update manager stopped during cleanup
2026-06-05 21:52:20 - huginn - DEBUG - Suppressed exception
Traceback (most recent call last):
  File "c:\Users\allie\Coding Projects\huggin_suite\huginn\app\core\asset_manager.py", line 101, in init_database
    conn.execute("ALTER TABLE assets ADD COLUMN fqdn TEXT DEFAULT ''")
    ~~~~~~~~~~~~^^^^^^^^^^^^^^^^^^^^^^^^^^^^^^^^^^^^^^^^^^^^^^^^^^^^^^
sqlite3.OperationalError: duplicate column name: fqdn
2026-06-05 21:52:20 - huginn - DEBUG - Suppressed exception
Traceback (most recent call last):
  File "c:\Users\allie\Coding Projects\huggin_suite\huginn\app\core\asset_manager.py", line 108, in init_database
    conn.execute("ALTER TABLE assets ADD COLUMN mac_address TEXT DEFAULT ''")
    ~~~~~~~~~~~~^^^^^^^^^^^^^^^^^^^^^^^^^^^^^^^^^^^^^^^^^^^^^^^^^^^^^^^^^^^^^
sqlite3.OperationalError: duplicate column name: mac_address
2026-06-05 21:52:20 - huginn - DEBUG - Suppressed exception
Traceback (most recent call last):
  File "c:\Users\allie\Coding Projects\huggin_suite\huginn\app\core\asset_manager.py", line 115, in init_database
    conn.execute("ALTER TABLE assets ADD COLUMN vendor TEXT DEFAULT ''")
    ~~~~~~~~~~~~^^^^^^^^^^^^^^^^^^^^^^^^^^^^^^^^^^^^^^^^^^^^^^^^^^^^^^^^
sqlite3.OperationalError: duplicate column name: vendor
2026-06-05 21:52:20 - huginn - DEBUG - Suppressed exception
Traceback (most recent call last):
  File "c:\Users\allie\Coding Projects\huggin_suite\huginn\app\core\asset_manager.py", line 122, in init_database
    conn.execute("ALTER TABLE assets ADD COLUMN notes TEXT DEFAULT ''")
    ~~~~~~~~~~~~^^^^^^^^^^^^^^^^^^^^^^^^^^^^^^^^^^^^^^^^^^^^^^^^^^^^^^^
sqlite3.OperationalError: duplicate column name: notes
2026-06-05 21:52:20 - huginn - INFO - Using default configuration
2026-06-05 21:52:22 - huginn - INFO - License saved successfully
2026-06-05 21:52:22 - huginn - INFO - License loaded and validated successfully
2026-06-05 21:52:44 - huginn - INFO - License saved successfully
2026-06-05 21:52:44 - huginn - INFO - License loaded and validated successfully
2026-06-05 21:52:45 - huginn - INFO - Application starting...
2026-06-05 21:52:45 - huginn - INFO - Font loaded successfully
2026-06-05 21:52:45 - huginn - INFO - Stylesheet loaded successfully
2026-06-05 21:52:45 - huginn - INFO - Creating main window...
2026-06-05 21:52:45 - huginn - INFO - QThreadPool max threads set to 32 (CPUs: 32)
2026-06-05 21:52:45 - huginn - INFO - Custom font 'Neuropol X' loaded from C:\Users\allie\Coding Projects\huggin_suite\huginn\resources\fonts\neuropol.otf
2026-06-05 21:52:45 - huginn - DEBUG - Suppressed exception
Traceback (most recent call last):
  File "C:\Users\allie\Coding Projects\huggin_suite\huginn\app\pages\page_registry.py", line 45, in register_all_pages
    from app.pages.db_attacks_page import DBAttacksPage
ImportError: cannot import name 'DBAttacksPage' from 'app.pages.db_attacks_page' (C:\Users\allie\Coding Projects\huggin_suite\huginn\app\pages\db_attacks_page.py)
2026-06-05 21:53:01 - huginn - ERROR - Unhandled exception:
Traceback (most recent call last):
  File "C:\Users\allie\Coding Projects\huggin_suite\huginn\app\widgets\enhanced_theme_selector.py", line 139, in <lambda>
    preview.mousePressEvent = lambda event, key=theme_key: self.select_theme(key)
                                                           ~~~~~~~~~~~~~~~~~^^^^^
  File "C:\Users\allie\Coding Projects\huggin_suite\huginn\app\widgets\enhanced_theme_selector.py", line 150, in select_theme
    if not self.theme_manager.is_theme_available(theme_key):
           ^^^^^^^^^^^^^^^^^^^^^^^^^^^^^^^^^^^^^
AttributeError: 'UnifiedThemeManager' object has no attribute 'is_theme_available'

2026-06-05 21:53:06 - huginn - ERROR - Unhandled exception:
Traceback (most recent call last):
  File "C:\Users\allie\Coding Projects\huggin_suite\huginn\app\widgets\enhanced_theme_selector.py", line 139, in <lambda>
    preview.mousePressEvent = lambda event, key=theme_key: self.select_theme(key)
                                                           ~~~~~~~~~~~~~~~~~^^^^^
  File "C:\Users\allie\Coding Projects\huggin_suite\huginn\app\widgets\enhanced_theme_selector.py", line 150, in select_theme
    if not self.theme_manager.is_theme_available(theme_key):
           ^^^^^^^^^^^^^^^^^^^^^^^^^^^^^^^^^^^^^
AttributeError: 'UnifiedThemeManager' object has no attribute 'is_theme_available'

2026-06-05 21:53:45 - huginn - DEBUG - Memory monitoring stopped
2026-06-05 21:53:45 - huginn - DEBUG - Connection pool closed all sessions
2026-06-05 21:53:45 - huginn - INFO - Update manager stopped during cleanup
2026-06-05 21:53:57 - huginn - DEBUG - Suppressed exception
Traceback (most recent call last):
  File "c:\Users\allie\Coding Projects\huggin_suite\huginn\app\core\asset_manager.py", line 101, in init_database
    conn.execute("ALTER TABLE assets ADD COLUMN fqdn TEXT DEFAULT ''")
    ~~~~~~~~~~~~^^^^^^^^^^^^^^^^^^^^^^^^^^^^^^^^^^^^^^^^^^^^^^^^^^^^^^
sqlite3.OperationalError: duplicate column name: fqdn
2026-06-05 21:53:57 - huginn - DEBUG - Suppressed exception
Traceback (most recent call last):
  File "c:\Users\allie\Coding Projects\huggin_suite\huginn\app\core\asset_manager.py", line 108, in init_database
    conn.execute("ALTER TABLE assets ADD COLUMN mac_address TEXT DEFAULT ''")
    ~~~~~~~~~~~~^^^^^^^^^^^^^^^^^^^^^^^^^^^^^^^^^^^^^^^^^^^^^^^^^^^^^^^^^^^^^
sqlite3.OperationalError: duplicate column name: mac_address
2026-06-05 21:53:57 - huginn - DEBUG - Suppressed exception
Traceback (most recent call last):
  File "c:\Users\allie\Coding Projects\huggin_suite\huginn\app\core\asset_manager.py", line 115, in init_database
    conn.execute("ALTER TABLE assets ADD COLUMN vendor TEXT DEFAULT ''")
    ~~~~~~~~~~~~^^^^^^^^^^^^^^^^^^^^^^^^^^^^^^^^^^^^^^^^^^^^^^^^^^^^^^^^
sqlite3.OperationalError: duplicate column name: vendor
2026-06-05 21:53:57 - huginn - DEBUG - Suppressed exception
Traceback (most recent call last):
  File "c:\Users\allie\Coding Projects\huggin_suite\huginn\app\core\asset_manager.py", line 122, in init_database
    conn.execute("ALTER TABLE assets ADD COLUMN notes TEXT DEFAULT ''")
    ~~~~~~~~~~~~^^^^^^^^^^^^^^^^^^^^^^^^^^^^^^^^^^^^^^^^^^^^^^^^^^^^^^^
sqlite3.OperationalError: duplicate column name: notes
2026-06-05 21:53:57 - huginn - INFO - Using default configuration
2026-06-05 21:53:59 - huginn - INFO - License saved successfully
2026-06-05 21:53:59 - huginn - INFO - License loaded and validated successfully
2026-06-05 21:54:10 - huginn - INFO - License saved successfully
2026-06-05 21:54:10 - huginn - INFO - License loaded and validated successfully
2026-06-05 21:54:11 - huginn - INFO - Application starting...
2026-06-05 21:54:11 - huginn - INFO - Font loaded successfully
2026-06-05 21:54:11 - huginn - INFO - Stylesheet loaded successfully
2026-06-05 21:54:11 - huginn - INFO - Creating main window...
2026-06-05 21:54:11 - huginn - INFO - QThreadPool max threads set to 32 (CPUs: 32)
2026-06-05 21:54:11 - huginn - INFO - Custom font 'Neuropol X' loaded from C:\Users\allie\Coding Projects\huggin_suite\huginn\resources\fonts\neuropol.otf
2026-06-05 21:54:11 - huginn - DEBUG - Suppressed exception
Traceback (most recent call last):
  File "C:\Users\allie\Coding Projects\huggin_suite\huginn\app\pages\page_registry.py", line 45, in register_all_pages
    from app.pages.db_attacks_page import DBAttacksPage
ImportError: cannot import name 'DBAttacksPage' from 'app.pages.db_attacks_page' (C:\Users\allie\Coding Projects\huggin_suite\huginn\app\pages\db_attacks_page.py)
2026-06-05 21:55:44 - huginn - DEBUG - Wireless security tab unavailable
Traceback (most recent call last):
  File "C:\Users\allie\Coding Projects\huggin_suite\huginn\app\pages\recon_enumeration_page.py", line 99, in setup_ui
    wireless_tab = WirelessSecurityWidget(self)
  File "C:\Users\allie\Coding Projects\huggin_suite\huginn\app\widgets\wireless_security_widget.py", line 52, in __init__
    self.connect_signals()
    ~~~~~~~~~~~~~~~~~~~~^^
  File "C:\Users\allie\Coding Projects\huggin_suite\huginn\app\widgets\wireless_security_widget.py", line 303, in connect_signals
    self.generate_report_btn.clicked.connect(self.generate_report)
    ^^^^^^^^^^^^^^^^^^^^^^^^
AttributeError: 'WirelessSecurityWidget' object has no attribute 'generate_report_btn'. Did you mean: 'generate_report'?
2026-06-05 21:55:45 - huginn - DEBUG - Suppressed exception
Traceback (most recent call last):
  File "C:\Users\allie\Coding Projects\huggin_suite\huginn\app\core\asset_manager.py", line 101, in init_database
    conn.execute("ALTER TABLE assets ADD COLUMN fqdn TEXT DEFAULT ''")
    ~~~~~~~~~~~~^^^^^^^^^^^^^^^^^^^^^^^^^^^^^^^^^^^^^^^^^^^^^^^^^^^^^^
sqlite3.OperationalError: duplicate column name: fqdn
2026-06-05 21:55:45 - huginn - DEBUG - Suppressed exception
Traceback (most recent call last):
  File "C:\Users\allie\Coding Projects\huggin_suite\huginn\app\core\asset_manager.py", line 108, in init_database
    conn.execute("ALTER TABLE assets ADD COLUMN mac_address TEXT DEFAULT ''")
    ~~~~~~~~~~~~^^^^^^^^^^^^^^^^^^^^^^^^^^^^^^^^^^^^^^^^^^^^^^^^^^^^^^^^^^^^^
sqlite3.OperationalError: duplicate column name: mac_address
2026-06-05 21:55:45 - huginn - DEBUG - Suppressed exception
Traceback (most recent call last):
  File "C:\Users\allie\Coding Projects\huggin_suite\huginn\app\core\asset_manager.py", line 115, in init_database
    conn.execute("ALTER TABLE assets ADD COLUMN vendor TEXT DEFAULT ''")
    ~~~~~~~~~~~~^^^^^^^^^^^^^^^^^^^^^^^^^^^^^^^^^^^^^^^^^^^^^^^^^^^^^^^^
sqlite3.OperationalError: duplicate column name: vendor
2026-06-05 21:55:45 - huginn - DEBUG - Suppressed exception
Traceback (most recent call last):
  File "C:\Users\allie\Coding Projects\huggin_suite\huginn\app\core\asset_manager.py", line 122, in init_database
    conn.execute("ALTER TABLE assets ADD COLUMN notes TEXT DEFAULT ''")
    ~~~~~~~~~~~~^^^^^^^^^^^^^^^^^^^^^^^^^^^^^^^^^^^^^^^^^^^^^^^^^^^^^^^
sqlite3.OperationalError: duplicate column name: notes
2026-06-05 21:55:50 - huginn - DEBUG - Session token generated
2026-06-05 21:55:58 - huginn - DEBUG - Suppressed exception
Traceback (most recent call last):
  File "C:\Users\allie\Coding Projects\huggin_suite\huginn\app\core\scope_manager.py", line 62, in _parse_scope_text
    ipaddress.IPv4Address(item)
    ~~~~~~~~~~~~~~~~~~~~~^^^^^^
  File "C:\Users\allie\anaconda3\Lib\ipaddress.py", line 1319, in __init__
    self._ip = self._ip_int_from_string(addr_str)
               ~~~~~~~~~~~~~~~~~~~~~~~~^^^^^^^^^^
  File "C:\Users\allie\anaconda3\Lib\ipaddress.py", line 1206, in _ip_int_from_string
    raise AddressValueError("Expected 4 octets in %r" % ip_str)
ipaddress.AddressValueError: Expected 4 octets in 'blackreachlabs.com'
2026-06-05 21:55:58 - huginn - DEBUG - Suppressed exception
Traceback (most recent call last):
  File "C:\Users\allie\Coding Projects\huggin_suite\huginn\app\core\scope_manager.py", line 62, in _parse_scope_text
    ipaddress.IPv4Address(item)
    ~~~~~~~~~~~~~~~~~~~~~^^^^^^
  File "C:\Users\allie\anaconda3\Lib\ipaddress.py", line 1319, in __init__
    self._ip = self._ip_int_from_string(addr_str)
               ~~~~~~~~~~~~~~~~~~~~~~~~^^^^^^^^^^
  File "C:\Users\allie\anaconda3\Lib\ipaddress.py", line 1206, in _ip_int_from_string
    raise AddressValueError("Expected 4 octets in %r" % ip_str)
ipaddress.AddressValueError: Expected 4 octets in 'blackreachlabs.com'
2026-06-05 22:01:29 - huginn - DEBUG - Memory monitoring stopped
2026-06-05 22:01:29 - huginn - DEBUG - Connection pool closed all sessions
2026-06-05 22:01:29 - huginn - INFO - Update manager stopped during cleanup
2026-06-05 22:03:08 - huginn - DEBUG - Suppressed exception
Traceback (most recent call last):
  File "c:\Users\allie\Coding Projects\huggin_suite\huginn\app\core\asset_manager.py", line 101, in init_database
    conn.execute("ALTER TABLE assets ADD COLUMN fqdn TEXT DEFAULT ''")
    ~~~~~~~~~~~~^^^^^^^^^^^^^^^^^^^^^^^^^^^^^^^^^^^^^^^^^^^^^^^^^^^^^^
sqlite3.OperationalError: duplicate column name: fqdn
2026-06-05 22:03:08 - huginn - DEBUG - Suppressed exception
Traceback (most recent call last):
  File "c:\Users\allie\Coding Projects\huggin_suite\huginn\app\core\asset_manager.py", line 108, in init_database
    conn.execute("ALTER TABLE assets ADD COLUMN mac_address TEXT DEFAULT ''")
    ~~~~~~~~~~~~^^^^^^^^^^^^^^^^^^^^^^^^^^^^^^^^^^^^^^^^^^^^^^^^^^^^^^^^^^^^^
sqlite3.OperationalError: duplicate column name: mac_address
2026-06-05 22:03:08 - huginn - DEBUG - Suppressed exception
Traceback (most recent call last):
  File "c:\Users\allie\Coding Projects\huggin_suite\huginn\app\core\asset_manager.py", line 115, in init_database
    conn.execute("ALTER TABLE assets ADD COLUMN vendor TEXT DEFAULT ''")
    ~~~~~~~~~~~~^^^^^^^^^^^^^^^^^^^^^^^^^^^^^^^^^^^^^^^^^^^^^^^^^^^^^^^^
sqlite3.OperationalError: duplicate column name: vendor
2026-06-05 22:03:08 - huginn - DEBUG - Suppressed exception
Traceback (most recent call last):
  File "c:\Users\allie\Coding Projects\huggin_suite\huginn\app\core\asset_manager.py", line 122, in init_database
    conn.execute("ALTER TABLE assets ADD COLUMN notes TEXT DEFAULT ''")
    ~~~~~~~~~~~~^^^^^^^^^^^^^^^^^^^^^^^^^^^^^^^^^^^^^^^^^^^^^^^^^^^^^^^
sqlite3.OperationalError: duplicate column name: notes
2026-06-05 22:03:08 - huginn - INFO - Using default configuration
2026-06-05 22:03:10 - huginn - INFO - License saved successfully
2026-06-05 22:03:10 - huginn - INFO - License loaded and validated successfully
2026-06-05 22:06:54 - huginn - INFO - License saved successfully
2026-06-05 22:06:54 - huginn - INFO - License loaded and validated successfully
2026-06-05 22:06:54 - huginn - INFO - Application starting...
2026-06-05 22:06:54 - huginn - INFO - Font loaded successfully
2026-06-05 22:06:54 - huginn - INFO - Stylesheet loaded successfully
2026-06-05 22:06:54 - huginn - INFO - Creating main window...
2026-06-05 22:06:54 - huginn - INFO - QThreadPool max threads set to 32 (CPUs: 32)
2026-06-05 22:06:54 - huginn - INFO - Custom font 'Neuropol X' loaded from C:\Users\allie\Coding Projects\huggin_suite\huginn\resources\fonts\neuropol.otf
2026-06-05 22:06:54 - huginn - DEBUG - Suppressed exception
Traceback (most recent call last):
  File "C:\Users\allie\Coding Projects\huggin_suite\huginn\app\pages\page_registry.py", line 45, in register_all_pages
    from app.pages.db_attacks_page import DBAttacksPage
ImportError: cannot import name 'DBAttacksPage' from 'app.pages.db_attacks_page' (C:\Users\allie\Coding Projects\huggin_suite\huginn\app\pages\db_attacks_page.py)
2026-06-05 22:07:21 - huginn - DEBUG - Session token generated
2026-06-05 22:07:33 - huginn - DEBUG - Wireless security tab unavailable
Traceback (most recent call last):
  File "C:\Users\allie\Coding Projects\huggin_suite\huginn\app\pages\recon_enumeration_page.py", line 99, in setup_ui
    wireless_tab = WirelessSecurityWidget(self)
  File "C:\Users\allie\Coding Projects\huggin_suite\huginn\app\widgets\wireless_security_widget.py", line 52, in __init__
    self.connect_signals()
    ~~~~~~~~~~~~~~~~~~~~^^
  File "C:\Users\allie\Coding Projects\huggin_suite\huginn\app\widgets\wireless_security_widget.py", line 303, in connect_signals
    self.generate_report_btn.clicked.connect(self.generate_report)
    ^^^^^^^^^^^^^^^^^^^^^^^^
AttributeError: 'WirelessSecurityWidget' object has no attribute 'generate_report_btn'. Did you mean: 'generate_report'?
2026-06-05 22:07:35 - huginn - DEBUG - Suppressed exception
Traceback (most recent call last):
  File "C:\Users\allie\Coding Projects\huggin_suite\huginn\app\core\asset_manager.py", line 101, in init_database
    conn.execute("ALTER TABLE assets ADD COLUMN fqdn TEXT DEFAULT ''")
    ~~~~~~~~~~~~^^^^^^^^^^^^^^^^^^^^^^^^^^^^^^^^^^^^^^^^^^^^^^^^^^^^^^
sqlite3.OperationalError: duplicate column name: fqdn
2026-06-05 22:07:35 - huginn - DEBUG - Suppressed exception
Traceback (most recent call last):
  File "C:\Users\allie\Coding Projects\huggin_suite\huginn\app\core\asset_manager.py", line 108, in init_database
    conn.execute("ALTER TABLE assets ADD COLUMN mac_address TEXT DEFAULT ''")
    ~~~~~~~~~~~~^^^^^^^^^^^^^^^^^^^^^^^^^^^^^^^^^^^^^^^^^^^^^^^^^^^^^^^^^^^^^
sqlite3.OperationalError: duplicate column name: mac_address
2026-06-05 22:07:35 - huginn - DEBUG - Suppressed exception
Traceback (most recent call last):
  File "C:\Users\allie\Coding Projects\huggin_suite\huginn\app\core\asset_manager.py", line 115, in init_database
    conn.execute("ALTER TABLE assets ADD COLUMN vendor TEXT DEFAULT ''")
    ~~~~~~~~~~~~^^^^^^^^^^^^^^^^^^^^^^^^^^^^^^^^^^^^^^^^^^^^^^^^^^^^^^^^
sqlite3.OperationalError: duplicate column name: vendor
2026-06-05 22:07:35 - huginn - DEBUG - Suppressed exception
Traceback (most recent call last):
  File "C:\Users\allie\Coding Projects\huggin_suite\huginn\app\core\asset_manager.py", line 122, in init_database
    conn.execute("ALTER TABLE assets ADD COLUMN notes TEXT DEFAULT ''")
    ~~~~~~~~~~~~^^^^^^^^^^^^^^^^^^^^^^^^^^^^^^^^^^^^^^^^^^^^^^^^^^^^^^^
sqlite3.OperationalError: duplicate column name: notes
2026-06-05 22:08:31 - huginn - DEBUG - Memory monitoring stopped
2026-06-05 22:08:31 - huginn - DEBUG - Connection pool closed all sessions
2026-06-05 22:08:31 - huginn - INFO - Update manager stopped during cleanup
2026-06-05 22:08:33 - huginn - INFO - License saved successfully
2026-06-05 22:08:33 - huginn - INFO - License loaded and validated successfully
2026-06-05 22:08:33 - huginn - INFO - Application starting...
2026-06-05 22:08:33 - huginn - INFO - Font loaded successfully
2026-06-05 22:08:33 - huginn - INFO - Stylesheet loaded successfully
2026-06-05 22:08:33 - huginn - INFO - Creating main window...
2026-06-05 22:08:33 - huginn - INFO - QThreadPool max threads set to 32 (CPUs: 32)
2026-06-05 22:08:33 - huginn - INFO - Custom font 'Neuropol X' loaded from C:\Users\allie\Coding Projects\huggin_suite\huginn\resources\fonts\neuropol.otf
2026-06-05 22:08:33 - huginn - DEBUG - Suppressed exception
Traceback (most recent call last):
  File "C:\Users\allie\Coding Projects\huggin_suite\huginn\app\pages\page_registry.py", line 45, in register_all_pages
    from app.pages.db_attacks_page import DBAttacksPage
ImportError: cannot import name 'DBAttacksPage' from 'app.pages.db_attacks_page' (C:\Users\allie\Coding Projects\huggin_suite\huginn\app\pages\db_attacks_page.py)
2026-06-05 22:08:45 - huginn - DEBUG - Memory monitoring stopped
2026-06-05 22:08:45 - huginn - DEBUG - Connection pool closed all sessions
2026-06-05 22:08:45 - huginn - INFO - Update manager stopped during cleanup
