2026-05-15 01:05:36 - huginn - INFO - License saved successfully
2026-05-15 01:05:36 - huginn - INFO - License loaded and validated successfully
2026-05-15 01:05:36 - huginn - INFO - Application starting...
2026-05-15 01:05:36 - huginn - INFO - Font loaded successfully
2026-05-15 01:05:36 - huginn - INFO - Stylesheet loaded successfully
2026-05-15 01:05:36 - huginn - INFO - Creating main window...
2026-05-15 01:05:36 - huginn - INFO - QThreadPool max threads set to 32 (CPUs: 32)
2026-05-15 01:05:36 - huginn - INFO - Custom font 'Neuropol X' loaded from C:\Users\allie\Coding Projects\huggin_suite\huginn\resources\fonts\neuropol.otf
2026-05-15 01:05:36 - huginn - DEBUG - Suppressed exception
Traceback (most recent call last):
  File "C:\Users\allie\Coding Projects\huggin_suite\huginn\app\pages\page_registry.py", line 45, in register_all_pages
    from app.pages.db_attacks_page import DBAttacksPage
ImportError: cannot import name 'DBAttacksPage' from 'app.pages.db_attacks_page' (C:\Users\allie\Coding Projects\huggin_suite\huginn\app\pages\db_attacks_page.py)
2026-05-15 01:05:38 - huginn - DEBUG - Credentials loaded for profile 'default'
2026-05-15 01:05:51 - huginn - DEBUG - Memory monitoring stopped
2026-05-15 01:05:51 - huginn - DEBUG - Connection pool closed all sessions
2026-05-15 01:05:51 - huginn - INFO - Update manager stopped during cleanup
2026-05-15 01:10:25 - huginn - INFO - License saved successfully
2026-05-15 01:10:25 - huginn - INFO - License loaded and validated successfully
2026-05-15 01:10:25 - huginn - INFO - Application starting...
2026-05-15 01:10:25 - huginn - INFO - Font loaded successfully
2026-05-15 01:10:25 - huginn - INFO - Stylesheet loaded successfully
2026-05-15 01:10:25 - huginn - INFO - Creating main window...
2026-05-15 01:10:25 - huginn - INFO - QThreadPool max threads set to 32 (CPUs: 32)
2026-05-15 01:10:25 - huginn - INFO - Custom font 'Neuropol X' loaded from C:\Users\allie\Coding Projects\huggin_suite\huginn\resources\fonts\neuropol.otf
2026-05-15 01:10:25 - huginn - DEBUG - Suppressed exception
Traceback (most recent call last):
  File "C:\Users\allie\Coding Projects\huggin_suite\huginn\app\pages\page_registry.py", line 45, in register_all_pages
    from app.pages.db_attacks_page import DBAttacksPage
ImportError: cannot import name 'DBAttacksPage' from 'app.pages.db_attacks_page' (C:\Users\allie\Coding Projects\huggin_suite\huginn\app\pages\db_attacks_page.py)
2026-05-15 01:10:27 - huginn - DEBUG - Credentials loaded for profile 'default'
2026-05-15 01:10:38 - huginn - DEBUG - Memory monitoring stopped
2026-05-15 01:10:38 - huginn - DEBUG - Connection pool closed all sessions
2026-05-15 01:10:38 - huginn - INFO - Update manager stopped during cleanup
2026-05-15 01:11:43 - huginn - INFO - License saved successfully
2026-05-15 01:11:43 - huginn - INFO - License loaded and validated successfully
2026-05-15 01:11:43 - huginn - INFO - Application starting...
2026-05-15 01:11:43 - huginn - INFO - Font loaded successfully
2026-05-15 01:11:43 - huginn - INFO - Stylesheet loaded successfully
2026-05-15 01:11:43 - huginn - INFO - Creating main window...
2026-05-15 01:11:43 - huginn - INFO - QThreadPool max threads set to 32 (CPUs: 32)
2026-05-15 01:11:43 - huginn - INFO - Custom font 'Neuropol X' loaded from C:\Users\allie\Coding Projects\huggin_suite\huginn\resources\fonts\neuropol.otf
2026-05-15 01:11:43 - huginn - DEBUG - Suppressed exception
Traceback (most recent call last):
  File "C:\Users\allie\Coding Projects\huggin_suite\huginn\app\pages\page_registry.py", line 45, in register_all_pages
    from app.pages.db_attacks_page import DBAttacksPage
ImportError: cannot import name 'DBAttacksPage' from 'app.pages.db_attacks_page' (C:\Users\allie\Coding Projects\huggin_suite\huginn\app\pages\db_attacks_page.py)
2026-05-15 01:11:45 - huginn - DEBUG - Credentials loaded for profile 'default'
2026-05-15 01:11:56 - huginn - DEBUG - Memory monitoring stopped
2026-05-15 01:11:56 - huginn - DEBUG - Connection pool closed all sessions
2026-05-15 01:11:56 - huginn - INFO - Update manager stopped during cleanup
2026-05-15 01:19:30 - huginn - DEBUG - Suppressed exception
Traceback (most recent call last):
  File "c:\Users\allie\Coding Projects\huggin_suite\huginn\app\core\asset_manager.py", line 101, in init_database
    conn.execute("ALTER TABLE assets ADD COLUMN fqdn TEXT DEFAULT ''")
    ~~~~~~~~~~~~^^^^^^^^^^^^^^^^^^^^^^^^^^^^^^^^^^^^^^^^^^^^^^^^^^^^^^
sqlite3.OperationalError: duplicate column name: fqdn
2026-05-15 01:19:30 - huginn - DEBUG - Suppressed exception
Traceback (most recent call last):
  File "c:\Users\allie\Coding Projects\huggin_suite\huginn\app\core\asset_manager.py", line 108, in init_database
    conn.execute("ALTER TABLE assets ADD COLUMN mac_address TEXT DEFAULT ''")
    ~~~~~~~~~~~~^^^^^^^^^^^^^^^^^^^^^^^^^^^^^^^^^^^^^^^^^^^^^^^^^^^^^^^^^^^^^
sqlite3.OperationalError: duplicate column name: mac_address
2026-05-15 01:19:30 - huginn - DEBUG - Suppressed exception
Traceback (most recent call last):
  File "c:\Users\allie\Coding Projects\huggin_suite\huginn\app\core\asset_manager.py", line 115, in init_database
    conn.execute("ALTER TABLE assets ADD COLUMN vendor TEXT DEFAULT ''")
    ~~~~~~~~~~~~^^^^^^^^^^^^^^^^^^^^^^^^^^^^^^^^^^^^^^^^^^^^^^^^^^^^^^^^
sqlite3.OperationalError: duplicate column name: vendor
2026-05-15 01:19:30 - huginn - DEBUG - Suppressed exception
Traceback (most recent call last):
  File "c:\Users\allie\Coding Projects\huggin_suite\huginn\app\core\asset_manager.py", line 122, in init_database
    conn.execute("ALTER TABLE assets ADD COLUMN notes TEXT DEFAULT ''")
    ~~~~~~~~~~~~^^^^^^^^^^^^^^^^^^^^^^^^^^^^^^^^^^^^^^^^^^^^^^^^^^^^^^^
sqlite3.OperationalError: duplicate column name: notes
2026-05-15 01:19:30 - huginn - INFO - Using default configuration
2026-05-15 01:19:33 - huginn - INFO - License saved successfully
2026-05-15 01:19:33 - huginn - INFO - License loaded and validated successfully
2026-05-15 01:19:51 - huginn - INFO - License saved successfully
2026-05-15 01:19:51 - huginn - INFO - License loaded and validated successfully
2026-05-15 01:19:51 - huginn - INFO - Application starting...
2026-05-15 01:19:51 - huginn - INFO - Font loaded successfully
2026-05-15 01:19:51 - huginn - INFO - Stylesheet loaded successfully
2026-05-15 01:19:51 - huginn - INFO - Creating main window...
2026-05-15 01:19:51 - huginn - INFO - QThreadPool max threads set to 32 (CPUs: 32)
2026-05-15 01:19:51 - huginn - INFO - Custom font 'Neuropol X' loaded from C:\Users\allie\Coding Projects\huggin_suite\huginn\resources\fonts\neuropol.otf
2026-05-15 01:19:51 - huginn - DEBUG - Suppressed exception
Traceback (most recent call last):
  File "C:\Users\allie\Coding Projects\huggin_suite\huginn\app\pages\page_registry.py", line 45, in register_all_pages
    from app.pages.db_attacks_page import DBAttacksPage
ImportError: cannot import name 'DBAttacksPage' from 'app.pages.db_attacks_page' (C:\Users\allie\Coding Projects\huggin_suite\huginn\app\pages\db_attacks_page.py)
2026-05-15 01:19:54 - huginn - DEBUG - Credentials loaded for profile 'default'
2026-05-15 01:20:02 - huginn - ERROR - Failed to read profile file 'C:\Users\allie\Coding Projects\huggin_suite\huginn\profiles\LAB.json': Expecting value: line 1 column 1 (char 0)
Traceback (most recent call last):
  File "C:\Users\allie\Coding Projects\huggin_suite\huginn\app\pages\attack_chain_home.py", line 949, in load_profile
    profile_data = json.loads(content)
  File "C:\Users\allie\anaconda3\Lib\json\__init__.py", line 346, in loads
    return _default_decoder.decode(s)
           ~~~~~~~~~~~~~~~~~~~~~~~^^^
  File "C:\Users\allie\anaconda3\Lib\json\decoder.py", line 345, in decode
    obj, end = self.raw_decode(s, idx=_w(s, 0).end())
               ~~~~~~~~~~~~~~~^^^^^^^^^^^^^^^^^^^^^^^
  File "C:\Users\allie\anaconda3\Lib\json\decoder.py", line 363, in raw_decode
    raise JSONDecodeError("Expecting value", s, err.value) from None
json.decoder.JSONDecodeError: Expecting value: line 1 column 1 (char 0)
2026-05-15 01:20:08 - huginn - DEBUG - Memory monitoring stopped
2026-05-15 01:20:08 - huginn - DEBUG - Connection pool closed all sessions
2026-05-15 01:20:08 - huginn - INFO - Update manager stopped during cleanup
2026-05-15 01:21:46 - huginn - INFO - License saved successfully
2026-05-15 01:21:46 - huginn - INFO - License loaded and validated successfully
2026-05-15 01:21:46 - huginn - INFO - Application starting...
2026-05-15 01:21:46 - huginn - INFO - Font loaded successfully
2026-05-15 01:21:46 - huginn - INFO - Stylesheet loaded successfully
2026-05-15 01:21:46 - huginn - INFO - Creating main window...
2026-05-15 01:21:46 - huginn - INFO - QThreadPool max threads set to 32 (CPUs: 32)
2026-05-15 01:21:46 - huginn - INFO - Custom font 'Neuropol X' loaded from C:\Users\allie\Coding Projects\huggin_suite\huginn\resources\fonts\neuropol.otf
2026-05-15 01:21:46 - huginn - DEBUG - Suppressed exception
Traceback (most recent call last):
  File "C:\Users\allie\Coding Projects\huggin_suite\huginn\app\pages\page_registry.py", line 45, in register_all_pages
    from app.pages.db_attacks_page import DBAttacksPage
ImportError: cannot import name 'DBAttacksPage' from 'app.pages.db_attacks_page' (C:\Users\allie\Coding Projects\huggin_suite\huginn\app\pages\db_attacks_page.py)
2026-05-15 01:21:48 - huginn - DEBUG - Credentials loaded for profile 'default'
2026-05-15 01:21:49 - huginn - DEBUG - Credentials saved (encrypted) for profile 'default'
2026-05-15 01:21:49 - huginn - DEBUG - Credentials loaded for profile 'HTB-Code'
2026-05-15 01:21:49 - huginn - DEBUG - Credentials saved (encrypted) for profile 'HTB-Code'
2026-05-15 01:21:50 - huginn - DEBUG - Credentials saved (encrypted) for profile 'HTB-Code'
2026-05-15 01:21:50 - huginn - DEBUG - Credentials loaded for profile 'HTB-Editor'
2026-05-15 01:22:01 - huginn - DEBUG - Credentials saved (encrypted) for profile 'HTB-Editor'
2026-05-15 01:22:01 - huginn - DEBUG - Credentials loaded for profile 'HTB-Code'
2026-05-15 01:22:01 - huginn - DEBUG - Credentials saved (encrypted) for profile 'HTB-Code'
2026-05-15 01:22:18 - huginn - DEBUG - Memory monitoring stopped
2026-05-15 01:22:18 - huginn - DEBUG - Connection pool closed all sessions
2026-05-15 01:22:18 - huginn - INFO - Update manager stopped during cleanup
2026-05-15 11:35:01 - huginn - DEBUG - Suppressed exception
Traceback (most recent call last):
  File "c:\Users\allie\Coding Projects\huggin_suite\huginn\app\core\asset_manager.py", line 101, in init_database
    conn.execute("ALTER TABLE assets ADD COLUMN fqdn TEXT DEFAULT ''")
    ~~~~~~~~~~~~^^^^^^^^^^^^^^^^^^^^^^^^^^^^^^^^^^^^^^^^^^^^^^^^^^^^^^
sqlite3.OperationalError: duplicate column name: fqdn
2026-05-15 11:35:01 - huginn - DEBUG - Suppressed exception
Traceback (most recent call last):
  File "c:\Users\allie\Coding Projects\huggin_suite\huginn\app\core\asset_manager.py", line 108, in init_database
    conn.execute("ALTER TABLE assets ADD COLUMN mac_address TEXT DEFAULT ''")
    ~~~~~~~~~~~~^^^^^^^^^^^^^^^^^^^^^^^^^^^^^^^^^^^^^^^^^^^^^^^^^^^^^^^^^^^^^
sqlite3.OperationalError: duplicate column name: mac_address
2026-05-15 11:35:01 - huginn - DEBUG - Suppressed exception
Traceback (most recent call last):
  File "c:\Users\allie\Coding Projects\huggin_suite\huginn\app\core\asset_manager.py", line 115, in init_database
    conn.execute("ALTER TABLE assets ADD COLUMN vendor TEXT DEFAULT ''")
    ~~~~~~~~~~~~^^^^^^^^^^^^^^^^^^^^^^^^^^^^^^^^^^^^^^^^^^^^^^^^^^^^^^^^
sqlite3.OperationalError: duplicate column name: vendor
2026-05-15 11:35:01 - huginn - DEBUG - Suppressed exception
Traceback (most recent call last):
  File "c:\Users\allie\Coding Projects\huggin_suite\huginn\app\core\asset_manager.py", line 122, in init_database
    conn.execute("ALTER TABLE assets ADD COLUMN notes TEXT DEFAULT ''")
    ~~~~~~~~~~~~^^^^^^^^^^^^^^^^^^^^^^^^^^^^^^^^^^^^^^^^^^^^^^^^^^^^^^^
sqlite3.OperationalError: duplicate column name: notes
2026-05-15 11:35:01 - huginn - INFO - Using default configuration
2026-05-15 11:35:03 - huginn - INFO - License saved successfully
2026-05-15 11:35:03 - huginn - INFO - License loaded and validated successfully
2026-05-15 11:35:05 - huginn - DEBUG - Suppressed exception
Traceback (most recent call last):
  File "c:\Users\allie\Coding Projects\huggin_suite\huginn\app\core\asset_manager.py", line 101, in init_database
    conn.execute("ALTER TABLE assets ADD COLUMN fqdn TEXT DEFAULT ''")
    ~~~~~~~~~~~~^^^^^^^^^^^^^^^^^^^^^^^^^^^^^^^^^^^^^^^^^^^^^^^^^^^^^^
sqlite3.OperationalError: duplicate column name: fqdn
2026-05-15 11:35:05 - huginn - DEBUG - Suppressed exception
Traceback (most recent call last):
  File "c:\Users\allie\Coding Projects\huggin_suite\huginn\app\core\asset_manager.py", line 108, in init_database
    conn.execute("ALTER TABLE assets ADD COLUMN mac_address TEXT DEFAULT ''")
    ~~~~~~~~~~~~^^^^^^^^^^^^^^^^^^^^^^^^^^^^^^^^^^^^^^^^^^^^^^^^^^^^^^^^^^^^^
sqlite3.OperationalError: duplicate column name: mac_address
2026-05-15 11:35:05 - huginn - DEBUG - Suppressed exception
Traceback (most recent call last):
  File "c:\Users\allie\Coding Projects\huggin_suite\huginn\app\core\asset_manager.py", line 115, in init_database
    conn.execute("ALTER TABLE assets ADD COLUMN vendor TEXT DEFAULT ''")
    ~~~~~~~~~~~~^^^^^^^^^^^^^^^^^^^^^^^^^^^^^^^^^^^^^^^^^^^^^^^^^^^^^^^^
sqlite3.OperationalError: duplicate column name: vendor
2026-05-15 11:35:05 - huginn - DEBUG - Suppressed exception
Traceback (most recent call last):
  File "c:\Users\allie\Coding Projects\huggin_suite\huginn\app\core\asset_manager.py", line 122, in init_database
    conn.execute("ALTER TABLE assets ADD COLUMN notes TEXT DEFAULT ''")
    ~~~~~~~~~~~~^^^^^^^^^^^^^^^^^^^^^^^^^^^^^^^^^^^^^^^^^^^^^^^^^^^^^^^
sqlite3.OperationalError: duplicate column name: notes
2026-05-15 11:35:05 - huginn - INFO - Using default configuration
2026-05-15 11:35:07 - huginn - INFO - License saved successfully
2026-05-15 11:35:07 - huginn - INFO - License loaded and validated successfully
2026-05-15 11:35:09 - huginn - DEBUG - Suppressed exception
Traceback (most recent call last):
  File "c:\Users\allie\Coding Projects\huggin_suite\huginn\app\core\asset_manager.py", line 101, in init_database
    conn.execute("ALTER TABLE assets ADD COLUMN fqdn TEXT DEFAULT ''")
    ~~~~~~~~~~~~^^^^^^^^^^^^^^^^^^^^^^^^^^^^^^^^^^^^^^^^^^^^^^^^^^^^^^
sqlite3.OperationalError: duplicate column name: fqdn
2026-05-15 11:35:09 - huginn - DEBUG - Suppressed exception
Traceback (most recent call last):
  File "c:\Users\allie\Coding Projects\huggin_suite\huginn\app\core\asset_manager.py", line 108, in init_database
    conn.execute("ALTER TABLE assets ADD COLUMN mac_address TEXT DEFAULT ''")
    ~~~~~~~~~~~~^^^^^^^^^^^^^^^^^^^^^^^^^^^^^^^^^^^^^^^^^^^^^^^^^^^^^^^^^^^^^
sqlite3.OperationalError: duplicate column name: mac_address
2026-05-15 11:35:09 - huginn - DEBUG - Suppressed exception
Traceback (most recent call last):
  File "c:\Users\allie\Coding Projects\huggin_suite\huginn\app\core\asset_manager.py", line 115, in init_database
    conn.execute("ALTER TABLE assets ADD COLUMN vendor TEXT DEFAULT ''")
    ~~~~~~~~~~~~^^^^^^^^^^^^^^^^^^^^^^^^^^^^^^^^^^^^^^^^^^^^^^^^^^^^^^^^
sqlite3.OperationalError: duplicate column name: vendor
2026-05-15 11:35:09 - huginn - DEBUG - Suppressed exception
Traceback (most recent call last):
  File "c:\Users\allie\Coding Projects\huggin_suite\huginn\app\core\asset_manager.py", line 122, in init_database
    conn.execute("ALTER TABLE assets ADD COLUMN notes TEXT DEFAULT ''")
    ~~~~~~~~~~~~^^^^^^^^^^^^^^^^^^^^^^^^^^^^^^^^^^^^^^^^^^^^^^^^^^^^^^^
sqlite3.OperationalError: duplicate column name: notes
2026-05-15 11:35:10 - huginn - INFO - Using default configuration
2026-05-15 11:35:12 - huginn - INFO - License saved successfully
2026-05-15 11:35:12 - huginn - INFO - License loaded and validated successfully
2026-05-15 11:35:59 - huginn - INFO - License saved successfully
2026-05-15 11:35:59 - huginn - INFO - License loaded and validated successfully
2026-05-15 11:35:59 - huginn - INFO - Application starting...
2026-05-15 11:35:59 - huginn - INFO - Font loaded successfully
2026-05-15 11:35:59 - huginn - INFO - Stylesheet loaded successfully
2026-05-15 11:35:59 - huginn - INFO - Creating main window...
2026-05-15 11:35:59 - huginn - INFO - QThreadPool max threads set to 32 (CPUs: 32)
2026-05-15 11:35:59 - huginn - INFO - Custom font 'Neuropol X' loaded from C:\Users\allie\Coding Projects\huggin_suite\huginn\resources\fonts\neuropol.otf
2026-05-15 11:35:59 - huginn - DEBUG - Suppressed exception
Traceback (most recent call last):
  File "C:\Users\allie\Coding Projects\huggin_suite\huginn\app\pages\page_registry.py", line 45, in register_all_pages
    from app.pages.db_attacks_page import DBAttacksPage
ImportError: cannot import name 'DBAttacksPage' from 'app.pages.db_attacks_page' (C:\Users\allie\Coding Projects\huggin_suite\huginn\app\pages\db_attacks_page.py)
2026-05-15 11:36:01 - huginn - DEBUG - Credentials loaded for profile 'default'
2026-05-15 11:36:03 - huginn - DEBUG - Credentials saved (encrypted) for profile 'default'
2026-05-15 11:36:03 - huginn - DEBUG - Credentials loaded for profile 'LAB'
2026-05-15 11:36:03 - huginn - DEBUG - Suppressed exception
Traceback (most recent call last):
  File "C:\Users\allie\Coding Projects\huggin_suite\huginn\app\core\scope_manager.py", line 62, in _parse_scope_text
    ipaddress.IPv4Address(item)
    ~~~~~~~~~~~~~~~~~~~~~^^^^^^
  File "C:\Users\allie\anaconda3\Lib\ipaddress.py", line 1319, in __init__
    self._ip = self._ip_int_from_string(addr_str)
               ~~~~~~~~~~~~~~~~~~~~~~~~^^^^^^^^^^
  File "C:\Users\allie\anaconda3\Lib\ipaddress.py", line 1206, in _ip_int_from_string
    raise AddressValueError("Expected 4 octets in %r" % ip_str)
ipaddress.AddressValueError: Expected 4 octets in '*.lab.local'
2026-05-15 11:36:03 - huginn - DEBUG - Suppressed exception
Traceback (most recent call last):
  File "C:\Users\allie\Coding Projects\huggin_suite\huginn\app\core\scope_manager.py", line 62, in _parse_scope_text
    ipaddress.IPv4Address(item)
    ~~~~~~~~~~~~~~~~~~~~~^^^^^^
  File "C:\Users\allie\anaconda3\Lib\ipaddress.py", line 1319, in __init__
    self._ip = self._ip_int_from_string(addr_str)
               ~~~~~~~~~~~~~~~~~~~~~~~~^^^^^^^^^^
  File "C:\Users\allie\anaconda3\Lib\ipaddress.py", line 1206, in _ip_int_from_string
    raise AddressValueError("Expected 4 octets in %r" % ip_str)
ipaddress.AddressValueError: Expected 4 octets in '*.lab.local'
2026-05-15 11:36:03 - huginn - DEBUG - Credentials saved (encrypted) for profile 'LAB'
2026-05-15 11:36:03 - huginn - DEBUG - Credentials saved (encrypted) for profile 'LAB'
2026-05-15 11:36:03 - huginn - DEBUG - Credentials saved (encrypted) for profile 'LAB'
2026-05-15 11:36:03 - huginn - DEBUG - Suppressed exception
Traceback (most recent call last):
  File "C:\Users\allie\Coding Projects\huggin_suite\huginn\app\core\scope_manager.py", line 62, in _parse_scope_text
    ipaddress.IPv4Address(item)
    ~~~~~~~~~~~~~~~~~~~~~^^^^^^
  File "C:\Users\allie\anaconda3\Lib\ipaddress.py", line 1319, in __init__
    self._ip = self._ip_int_from_string(addr_str)
               ~~~~~~~~~~~~~~~~~~~~~~~~^^^^^^^^^^
  File "C:\Users\allie\anaconda3\Lib\ipaddress.py", line 1206, in _ip_int_from_string
    raise AddressValueError("Expected 4 octets in %r" % ip_str)
ipaddress.AddressValueError: Expected 4 octets in '*.lab.local'
2026-05-15 11:36:13 - huginn - DEBUG - Suppressed exception
Traceback (most recent call last):
  File "C:\Users\allie\Coding Projects\huggin_suite\huginn\app\core\asset_manager.py", line 101, in init_database
    conn.execute("ALTER TABLE assets ADD COLUMN fqdn TEXT DEFAULT ''")
    ~~~~~~~~~~~~^^^^^^^^^^^^^^^^^^^^^^^^^^^^^^^^^^^^^^^^^^^^^^^^^^^^^^
sqlite3.OperationalError: duplicate column name: fqdn
2026-05-15 11:36:13 - huginn - DEBUG - Suppressed exception
Traceback (most recent call last):
  File "C:\Users\allie\Coding Projects\huggin_suite\huginn\app\core\asset_manager.py", line 108, in init_database
    conn.execute("ALTER TABLE assets ADD COLUMN mac_address TEXT DEFAULT ''")
    ~~~~~~~~~~~~^^^^^^^^^^^^^^^^^^^^^^^^^^^^^^^^^^^^^^^^^^^^^^^^^^^^^^^^^^^^^
sqlite3.OperationalError: duplicate column name: mac_address
2026-05-15 11:36:13 - huginn - DEBUG - Suppressed exception
Traceback (most recent call last):
  File "C:\Users\allie\Coding Projects\huggin_suite\huginn\app\core\asset_manager.py", line 115, in init_database
    conn.execute("ALTER TABLE assets ADD COLUMN vendor TEXT DEFAULT ''")
    ~~~~~~~~~~~~^^^^^^^^^^^^^^^^^^^^^^^^^^^^^^^^^^^^^^^^^^^^^^^^^^^^^^^^
sqlite3.OperationalError: duplicate column name: vendor
2026-05-15 11:36:13 - huginn - DEBUG - Suppressed exception
Traceback (most recent call last):
  File "C:\Users\allie\Coding Projects\huggin_suite\huginn\app\core\asset_manager.py", line 122, in init_database
    conn.execute("ALTER TABLE assets ADD COLUMN notes TEXT DEFAULT ''")
    ~~~~~~~~~~~~^^^^^^^^^^^^^^^^^^^^^^^^^^^^^^^^^^^^^^^^^^^^^^^^^^^^^^^
sqlite3.OperationalError: duplicate column name: notes
2026-05-15 11:36:17 - huginn - DEBUG - Session token generated
2026-05-15 12:41:08 - huginn - DEBUG - Memory monitoring stopped
2026-05-15 12:41:08 - huginn - DEBUG - Connection pool closed all sessions
2026-05-15 12:41:08 - huginn - INFO - Update manager stopped during cleanup
2026-05-15 18:26:39 - huginn - INFO - License saved successfully
2026-05-15 18:26:39 - huginn - INFO - License loaded and validated successfully
2026-05-15 18:26:39 - huginn - INFO - Application starting...
2026-05-15 18:26:39 - huginn - INFO - Font loaded successfully
2026-05-15 18:26:39 - huginn - INFO - Stylesheet loaded successfully
2026-05-15 18:26:39 - huginn - INFO - Creating main window...
2026-05-15 18:26:39 - huginn - INFO - QThreadPool max threads set to 32 (CPUs: 32)
2026-05-15 18:26:39 - huginn - INFO - Custom font 'Neuropol X' loaded from C:\Users\allie\Coding Projects\huggin_suite\huginn\resources\fonts\neuropol.otf
2026-05-15 18:26:39 - huginn - DEBUG - Suppressed exception
Traceback (most recent call last):
  File "C:\Users\allie\Coding Projects\huggin_suite\huginn\app\pages\page_registry.py", line 45, in register_all_pages
    from app.pages.db_attacks_page import DBAttacksPage
ImportError: cannot import name 'DBAttacksPage' from 'app.pages.db_attacks_page' (C:\Users\allie\Coding Projects\huggin_suite\huginn\app\pages\db_attacks_page.py)
2026-05-15 18:26:41 - huginn - DEBUG - Credentials loaded for profile 'default'
2026-05-15 18:30:07 - huginn - DEBUG - Memory monitoring stopped
2026-05-15 18:30:07 - huginn - DEBUG - Connection pool closed all sessions
2026-05-15 18:30:07 - huginn - INFO - Update manager stopped during cleanup
2026-05-15 18:30:19 - huginn - DEBUG - Suppressed exception
Traceback (most recent call last):
  File "c:\Users\allie\Coding Projects\huggin_suite\huginn\app\core\asset_manager.py", line 101, in init_database
    conn.execute("ALTER TABLE assets ADD COLUMN fqdn TEXT DEFAULT ''")
    ~~~~~~~~~~~~^^^^^^^^^^^^^^^^^^^^^^^^^^^^^^^^^^^^^^^^^^^^^^^^^^^^^^
sqlite3.OperationalError: duplicate column name: fqdn
2026-05-15 18:30:19 - huginn - DEBUG - Suppressed exception
Traceback (most recent call last):
  File "c:\Users\allie\Coding Projects\huggin_suite\huginn\app\core\asset_manager.py", line 108, in init_database
    conn.execute("ALTER TABLE assets ADD COLUMN mac_address TEXT DEFAULT ''")
    ~~~~~~~~~~~~^^^^^^^^^^^^^^^^^^^^^^^^^^^^^^^^^^^^^^^^^^^^^^^^^^^^^^^^^^^^^
sqlite3.OperationalError: duplicate column name: mac_address
2026-05-15 18:30:19 - huginn - DEBUG - Suppressed exception
Traceback (most recent call last):
  File "c:\Users\allie\Coding Projects\huggin_suite\huginn\app\core\asset_manager.py", line 115, in init_database
    conn.execute("ALTER TABLE assets ADD COLUMN vendor TEXT DEFAULT ''")
    ~~~~~~~~~~~~^^^^^^^^^^^^^^^^^^^^^^^^^^^^^^^^^^^^^^^^^^^^^^^^^^^^^^^^
sqlite3.OperationalError: duplicate column name: vendor
2026-05-15 18:30:19 - huginn - DEBUG - Suppressed exception
Traceback (most recent call last):
  File "c:\Users\allie\Coding Projects\huggin_suite\huginn\app\core\asset_manager.py", line 122, in init_database
    conn.execute("ALTER TABLE assets ADD COLUMN notes TEXT DEFAULT ''")
    ~~~~~~~~~~~~^^^^^^^^^^^^^^^^^^^^^^^^^^^^^^^^^^^^^^^^^^^^^^^^^^^^^^^
sqlite3.OperationalError: duplicate column name: notes
2026-05-15 18:30:19 - huginn - INFO - Using default configuration
2026-05-15 18:30:21 - huginn - INFO - License saved successfully
2026-05-15 18:30:21 - huginn - INFO - License loaded and validated successfully
2026-05-15 18:31:20 - huginn - DEBUG - Suppressed exception
Traceback (most recent call last):
  File "c:\Users\allie\Coding Projects\huggin_suite\huginn\app\core\asset_manager.py", line 101, in init_database
    conn.execute("ALTER TABLE assets ADD COLUMN fqdn TEXT DEFAULT ''")
    ~~~~~~~~~~~~^^^^^^^^^^^^^^^^^^^^^^^^^^^^^^^^^^^^^^^^^^^^^^^^^^^^^^
sqlite3.OperationalError: duplicate column name: fqdn
2026-05-15 18:31:20 - huginn - DEBUG - Suppressed exception
Traceback (most recent call last):
  File "c:\Users\allie\Coding Projects\huggin_suite\huginn\app\core\asset_manager.py", line 108, in init_database
    conn.execute("ALTER TABLE assets ADD COLUMN mac_address TEXT DEFAULT ''")
    ~~~~~~~~~~~~^^^^^^^^^^^^^^^^^^^^^^^^^^^^^^^^^^^^^^^^^^^^^^^^^^^^^^^^^^^^^
sqlite3.OperationalError: duplicate column name: mac_address
2026-05-15 18:31:20 - huginn - DEBUG - Suppressed exception
Traceback (most recent call last):
  File "c:\Users\allie\Coding Projects\huggin_suite\huginn\app\core\asset_manager.py", line 115, in init_database
    conn.execute("ALTER TABLE assets ADD COLUMN vendor TEXT DEFAULT ''")
    ~~~~~~~~~~~~^^^^^^^^^^^^^^^^^^^^^^^^^^^^^^^^^^^^^^^^^^^^^^^^^^^^^^^^
sqlite3.OperationalError: duplicate column name: vendor
2026-05-15 18:31:20 - huginn - DEBUG - Suppressed exception
Traceback (most recent call last):
  File "c:\Users\allie\Coding Projects\huggin_suite\huginn\app\core\asset_manager.py", line 122, in init_database
    conn.execute("ALTER TABLE assets ADD COLUMN notes TEXT DEFAULT ''")
    ~~~~~~~~~~~~^^^^^^^^^^^^^^^^^^^^^^^^^^^^^^^^^^^^^^^^^^^^^^^^^^^^^^^
sqlite3.OperationalError: duplicate column name: notes
2026-05-15 18:31:20 - huginn - INFO - Using default configuration
2026-05-15 18:31:22 - huginn - INFO - License saved successfully
2026-05-15 18:31:22 - huginn - INFO - License loaded and validated successfully
2026-05-15 18:31:38 - huginn - DEBUG - Suppressed exception
Traceback (most recent call last):
  File "c:\Users\allie\Coding Projects\huggin_suite\huginn\app\core\asset_manager.py", line 101, in init_database
    conn.execute("ALTER TABLE assets ADD COLUMN fqdn TEXT DEFAULT ''")
    ~~~~~~~~~~~~^^^^^^^^^^^^^^^^^^^^^^^^^^^^^^^^^^^^^^^^^^^^^^^^^^^^^^
sqlite3.OperationalError: duplicate column name: fqdn
2026-05-15 18:31:38 - huginn - DEBUG - Suppressed exception
Traceback (most recent call last):
  File "c:\Users\allie\Coding Projects\huggin_suite\huginn\app\core\asset_manager.py", line 108, in init_database
    conn.execute("ALTER TABLE assets ADD COLUMN mac_address TEXT DEFAULT ''")
    ~~~~~~~~~~~~^^^^^^^^^^^^^^^^^^^^^^^^^^^^^^^^^^^^^^^^^^^^^^^^^^^^^^^^^^^^^
sqlite3.OperationalError: duplicate column name: mac_address
2026-05-15 18:31:38 - huginn - DEBUG - Suppressed exception
Traceback (most recent call last):
  File "c:\Users\allie\Coding Projects\huggin_suite\huginn\app\core\asset_manager.py", line 115, in init_database
    conn.execute("ALTER TABLE assets ADD COLUMN vendor TEXT DEFAULT ''")
    ~~~~~~~~~~~~^^^^^^^^^^^^^^^^^^^^^^^^^^^^^^^^^^^^^^^^^^^^^^^^^^^^^^^^
sqlite3.OperationalError: duplicate column name: vendor
2026-05-15 18:31:38 - huginn - DEBUG - Suppressed exception
Traceback (most recent call last):
  File "c:\Users\allie\Coding Projects\huggin_suite\huginn\app\core\asset_manager.py", line 122, in init_database
    conn.execute("ALTER TABLE assets ADD COLUMN notes TEXT DEFAULT ''")
    ~~~~~~~~~~~~^^^^^^^^^^^^^^^^^^^^^^^^^^^^^^^^^^^^^^^^^^^^^^^^^^^^^^^
sqlite3.OperationalError: duplicate column name: notes
2026-05-15 18:31:38 - huginn - INFO - Using default configuration
2026-05-15 18:31:40 - huginn - INFO - License saved successfully
2026-05-15 18:31:40 - huginn - INFO - License loaded and validated successfully
2026-05-15 19:07:37 - huginn - INFO - License saved successfully
2026-05-15 19:07:37 - huginn - INFO - License loaded and validated successfully
2026-05-15 19:07:37 - huginn - INFO - Application starting...
2026-05-15 19:07:37 - huginn - INFO - Font loaded successfully
2026-05-15 19:07:37 - huginn - INFO - Stylesheet loaded successfully
2026-05-15 19:07:37 - huginn - INFO - Creating main window...
2026-05-15 19:07:37 - huginn - INFO - QThreadPool max threads set to 32 (CPUs: 32)
2026-05-15 19:07:37 - huginn - INFO - Custom font 'Neuropol X' loaded from C:\Users\allie\Coding Projects\huggin_suite\huginn\resources\fonts\neuropol.otf
2026-05-15 19:07:37 - huginn - DEBUG - Suppressed exception
Traceback (most recent call last):
  File "C:\Users\allie\Coding Projects\huggin_suite\huginn\app\pages\page_registry.py", line 45, in register_all_pages
    from app.pages.db_attacks_page import DBAttacksPage
ImportError: cannot import name 'DBAttacksPage' from 'app.pages.db_attacks_page' (C:\Users\allie\Coding Projects\huggin_suite\huginn\app\pages\db_attacks_page.py)
2026-05-15 19:07:39 - huginn - DEBUG - Credentials loaded for profile 'default'
2026-05-15 19:08:40 - huginn - DEBUG - Memory monitoring stopped
2026-05-15 19:08:40 - huginn - DEBUG - Connection pool closed all sessions
2026-05-15 19:08:40 - huginn - INFO - Update manager stopped during cleanup
2026-05-15 19:09:30 - huginn - DEBUG - Suppressed exception
Traceback (most recent call last):
  File "c:\Users\allie\Coding Projects\huggin_suite\huginn\app\core\asset_manager.py", line 101, in init_database
    conn.execute("ALTER TABLE assets ADD COLUMN fqdn TEXT DEFAULT ''")
    ~~~~~~~~~~~~^^^^^^^^^^^^^^^^^^^^^^^^^^^^^^^^^^^^^^^^^^^^^^^^^^^^^^
sqlite3.OperationalError: duplicate column name: fqdn
2026-05-15 19:09:30 - huginn - DEBUG - Suppressed exception
Traceback (most recent call last):
  File "c:\Users\allie\Coding Projects\huggin_suite\huginn\app\core\asset_manager.py", line 108, in init_database
    conn.execute("ALTER TABLE assets ADD COLUMN mac_address TEXT DEFAULT ''")
    ~~~~~~~~~~~~^^^^^^^^^^^^^^^^^^^^^^^^^^^^^^^^^^^^^^^^^^^^^^^^^^^^^^^^^^^^^
sqlite3.OperationalError: duplicate column name: mac_address
2026-05-15 19:09:30 - huginn - DEBUG - Suppressed exception
Traceback (most recent call last):
  File "c:\Users\allie\Coding Projects\huggin_suite\huginn\app\core\asset_manager.py", line 115, in init_database
    conn.execute("ALTER TABLE assets ADD COLUMN vendor TEXT DEFAULT ''")
    ~~~~~~~~~~~~^^^^^^^^^^^^^^^^^^^^^^^^^^^^^^^^^^^^^^^^^^^^^^^^^^^^^^^^
sqlite3.OperationalError: duplicate column name: vendor
2026-05-15 19:09:30 - huginn - DEBUG - Suppressed exception
Traceback (most recent call last):
  File "c:\Users\allie\Coding Projects\huggin_suite\huginn\app\core\asset_manager.py", line 122, in init_database
    conn.execute("ALTER TABLE assets ADD COLUMN notes TEXT DEFAULT ''")
    ~~~~~~~~~~~~^^^^^^^^^^^^^^^^^^^^^^^^^^^^^^^^^^^^^^^^^^^^^^^^^^^^^^^
sqlite3.OperationalError: duplicate column name: notes
2026-05-15 19:09:30 - huginn - INFO - Using default configuration
2026-05-15 19:09:32 - huginn - INFO - License saved successfully
2026-05-15 19:09:32 - huginn - INFO - License loaded and validated successfully
2026-05-15 19:09:42 - huginn - INFO - License saved successfully
2026-05-15 19:09:42 - huginn - INFO - License loaded and validated successfully
2026-05-15 19:09:43 - huginn - INFO - Application starting...
2026-05-15 19:09:43 - huginn - INFO - Font loaded successfully
2026-05-15 19:09:43 - huginn - INFO - Stylesheet loaded successfully
2026-05-15 19:09:43 - huginn - INFO - Creating main window...
2026-05-15 19:09:43 - huginn - INFO - QThreadPool max threads set to 32 (CPUs: 32)
2026-05-15 19:09:43 - huginn - INFO - Custom font 'Neuropol X' loaded from C:\Users\allie\Coding Projects\huggin_suite\huginn\resources\fonts\neuropol.otf
2026-05-15 19:09:43 - huginn - DEBUG - Suppressed exception
Traceback (most recent call last):
  File "C:\Users\allie\Coding Projects\huggin_suite\huginn\app\pages\page_registry.py", line 45, in register_all_pages
    from app.pages.db_attacks_page import DBAttacksPage
ImportError: cannot import name 'DBAttacksPage' from 'app.pages.db_attacks_page' (C:\Users\allie\Coding Projects\huggin_suite\huginn\app\pages\db_attacks_page.py)
2026-05-15 19:09:45 - huginn - DEBUG - Credentials loaded for profile 'default'
2026-05-15 19:10:15 - huginn - INFO - Local DNS server started on port 53530
2026-05-15 19:10:16 - huginn - INFO - Local DNS server stopped
2026-05-15 19:10:29 - huginn - INFO - Removed DNS record: www.hotmail.com A 192.168.1.100
2026-05-15 19:10:33 - huginn - INFO - Removed DNS record: test A 192.168.1.1
2026-05-15 19:17:07 - huginn - DEBUG - Memory monitoring stopped
2026-05-15 19:17:07 - huginn - DEBUG - Connection pool closed all sessions
2026-05-15 19:17:07 - huginn - INFO - Update manager stopped during cleanup
2026-05-15 19:17:43 - huginn - DEBUG - Suppressed exception
Traceback (most recent call last):
  File "c:\Users\allie\Coding Projects\huggin_suite\huginn\app\core\asset_manager.py", line 101, in init_database
    conn.execute("ALTER TABLE assets ADD COLUMN fqdn TEXT DEFAULT ''")
    ~~~~~~~~~~~~^^^^^^^^^^^^^^^^^^^^^^^^^^^^^^^^^^^^^^^^^^^^^^^^^^^^^^
sqlite3.OperationalError: duplicate column name: fqdn
2026-05-15 19:17:43 - huginn - DEBUG - Suppressed exception
Traceback (most recent call last):
  File "c:\Users\allie\Coding Projects\huggin_suite\huginn\app\core\asset_manager.py", line 108, in init_database
    conn.execute("ALTER TABLE assets ADD COLUMN mac_address TEXT DEFAULT ''")
    ~~~~~~~~~~~~^^^^^^^^^^^^^^^^^^^^^^^^^^^^^^^^^^^^^^^^^^^^^^^^^^^^^^^^^^^^^
sqlite3.OperationalError: duplicate column name: mac_address
2026-05-15 19:17:43 - huginn - DEBUG - Suppressed exception
Traceback (most recent call last):
  File "c:\Users\allie\Coding Projects\huggin_suite\huginn\app\core\asset_manager.py", line 115, in init_database
    conn.execute("ALTER TABLE assets ADD COLUMN vendor TEXT DEFAULT ''")
    ~~~~~~~~~~~~^^^^^^^^^^^^^^^^^^^^^^^^^^^^^^^^^^^^^^^^^^^^^^^^^^^^^^^^
sqlite3.OperationalError: duplicate column name: vendor
2026-05-15 19:17:43 - huginn - DEBUG - Suppressed exception
Traceback (most recent call last):
  File "c:\Users\allie\Coding Projects\huggin_suite\huginn\app\core\asset_manager.py", line 122, in init_database
    conn.execute("ALTER TABLE assets ADD COLUMN notes TEXT DEFAULT ''")
    ~~~~~~~~~~~~^^^^^^^^^^^^^^^^^^^^^^^^^^^^^^^^^^^^^^^^^^^^^^^^^^^^^^^
sqlite3.OperationalError: duplicate column name: notes
2026-05-15 19:17:43 - huginn - INFO - Using default configuration
2026-05-15 19:17:46 - huginn - INFO - License saved successfully
2026-05-15 19:17:46 - huginn - INFO - License loaded and validated successfully
2026-05-15 19:18:07 - huginn - INFO - License saved successfully
2026-05-15 19:18:07 - huginn - INFO - License loaded and validated successfully
2026-05-15 19:18:08 - huginn - INFO - Application starting...
2026-05-15 19:18:08 - huginn - INFO - Font loaded successfully
2026-05-15 19:18:08 - huginn - INFO - Stylesheet loaded successfully
2026-05-15 19:18:08 - huginn - INFO - Creating main window...
2026-05-15 19:18:08 - huginn - INFO - QThreadPool max threads set to 32 (CPUs: 32)
2026-05-15 19:18:08 - huginn - INFO - Custom font 'Neuropol X' loaded from C:\Users\allie\Coding Projects\huggin_suite\huginn\resources\fonts\neuropol.otf
2026-05-15 19:18:08 - huginn - DEBUG - Suppressed exception
Traceback (most recent call last):
  File "C:\Users\allie\Coding Projects\huggin_suite\huginn\app\pages\page_registry.py", line 45, in register_all_pages
    from app.pages.db_attacks_page import DBAttacksPage
ImportError: cannot import name 'DBAttacksPage' from 'app.pages.db_attacks_page' (C:\Users\allie\Coding Projects\huggin_suite\huginn\app\pages\db_attacks_page.py)
2026-05-15 19:18:09 - huginn - DEBUG - Credentials loaded for profile 'default'
2026-05-15 19:18:11 - huginn - DEBUG - Credentials saved (encrypted) for profile 'default'
2026-05-15 19:18:11 - huginn - DEBUG - Credentials loaded for profile 'LAB'
2026-05-15 19:18:11 - huginn - DEBUG - Suppressed exception
Traceback (most recent call last):
  File "C:\Users\allie\Coding Projects\huggin_suite\huginn\app\core\scope_manager.py", line 62, in _parse_scope_text
    ipaddress.IPv4Address(item)
    ~~~~~~~~~~~~~~~~~~~~~^^^^^^
  File "C:\Users\allie\anaconda3\Lib\ipaddress.py", line 1319, in __init__
    self._ip = self._ip_int_from_string(addr_str)
               ~~~~~~~~~~~~~~~~~~~~~~~~^^^^^^^^^^
  File "C:\Users\allie\anaconda3\Lib\ipaddress.py", line 1206, in _ip_int_from_string
    raise AddressValueError("Expected 4 octets in %r" % ip_str)
ipaddress.AddressValueError: Expected 4 octets in '*.lab.local'
2026-05-15 19:18:11 - huginn - DEBUG - Suppressed exception
Traceback (most recent call last):
  File "C:\Users\allie\Coding Projects\huggin_suite\huginn\app\core\scope_manager.py", line 62, in _parse_scope_text
    ipaddress.IPv4Address(item)
    ~~~~~~~~~~~~~~~~~~~~~^^^^^^
  File "C:\Users\allie\anaconda3\Lib\ipaddress.py", line 1319, in __init__
    self._ip = self._ip_int_from_string(addr_str)
               ~~~~~~~~~~~~~~~~~~~~~~~~^^^^^^^^^^
  File "C:\Users\allie\anaconda3\Lib\ipaddress.py", line 1206, in _ip_int_from_string
    raise AddressValueError("Expected 4 octets in %r" % ip_str)
ipaddress.AddressValueError: Expected 4 octets in '*.lab.local'
2026-05-15 19:18:11 - huginn - DEBUG - Credentials saved (encrypted) for profile 'LAB'
2026-05-15 19:18:11 - huginn - DEBUG - Credentials saved (encrypted) for profile 'LAB'
2026-05-15 19:18:11 - huginn - DEBUG - Credentials saved (encrypted) for profile 'LAB'
2026-05-15 19:18:11 - huginn - DEBUG - Suppressed exception
Traceback (most recent call last):
  File "C:\Users\allie\Coding Projects\huggin_suite\huginn\app\core\scope_manager.py", line 62, in _parse_scope_text
    ipaddress.IPv4Address(item)
    ~~~~~~~~~~~~~~~~~~~~~^^^^^^
  File "C:\Users\allie\anaconda3\Lib\ipaddress.py", line 1319, in __init__
    self._ip = self._ip_int_from_string(addr_str)
               ~~~~~~~~~~~~~~~~~~~~~~~~^^^^^^^^^^
  File "C:\Users\allie\anaconda3\Lib\ipaddress.py", line 1206, in _ip_int_from_string
    raise AddressValueError("Expected 4 octets in %r" % ip_str)
ipaddress.AddressValueError: Expected 4 octets in '*.lab.local'
2026-05-15 19:19:31 - huginn - DEBUG - Suppressed exception
Traceback (most recent call last):
  File "c:\Users\allie\Coding Projects\huggin_suite\huginn\app\core\asset_manager.py", line 101, in init_database
    conn.execute("ALTER TABLE assets ADD COLUMN fqdn TEXT DEFAULT ''")
    ~~~~~~~~~~~~^^^^^^^^^^^^^^^^^^^^^^^^^^^^^^^^^^^^^^^^^^^^^^^^^^^^^^
sqlite3.OperationalError: duplicate column name: fqdn
2026-05-15 19:19:31 - huginn - DEBUG - Suppressed exception
Traceback (most recent call last):
  File "c:\Users\allie\Coding Projects\huggin_suite\huginn\app\core\asset_manager.py", line 108, in init_database
    conn.execute("ALTER TABLE assets ADD COLUMN mac_address TEXT DEFAULT ''")
    ~~~~~~~~~~~~^^^^^^^^^^^^^^^^^^^^^^^^^^^^^^^^^^^^^^^^^^^^^^^^^^^^^^^^^^^^^
sqlite3.OperationalError: duplicate column name: mac_address
2026-05-15 19:19:31 - huginn - DEBUG - Suppressed exception
Traceback (most recent call last):
  File "c:\Users\allie\Coding Projects\huggin_suite\huginn\app\core\asset_manager.py", line 115, in init_database
    conn.execute("ALTER TABLE assets ADD COLUMN vendor TEXT DEFAULT ''")
    ~~~~~~~~~~~~^^^^^^^^^^^^^^^^^^^^^^^^^^^^^^^^^^^^^^^^^^^^^^^^^^^^^^^^
sqlite3.OperationalError: duplicate column name: vendor
2026-05-15 19:19:31 - huginn - DEBUG - Suppressed exception
Traceback (most recent call last):
  File "c:\Users\allie\Coding Projects\huggin_suite\huginn\app\core\asset_manager.py", line 122, in init_database
    conn.execute("ALTER TABLE assets ADD COLUMN notes TEXT DEFAULT ''")
    ~~~~~~~~~~~~^^^^^^^^^^^^^^^^^^^^^^^^^^^^^^^^^^^^^^^^^^^^^^^^^^^^^^^
sqlite3.OperationalError: duplicate column name: notes
2026-05-15 19:19:31 - huginn - INFO - Using default configuration
2026-05-15 19:19:34 - huginn - INFO - License saved successfully
2026-05-15 19:19:34 - huginn - INFO - License loaded and validated successfully
2026-05-15 19:21:37 - huginn - DEBUG - Memory monitoring stopped
2026-05-15 19:21:37 - huginn - DEBUG - Connection pool closed all sessions
2026-05-15 19:21:37 - huginn - INFO - Update manager stopped during cleanup
2026-05-15 19:24:44 - huginn - DEBUG - Suppressed exception
Traceback (most recent call last):
  File "c:\Users\allie\Coding Projects\huggin_suite\huginn\app\core\asset_manager.py", line 101, in init_database
    conn.execute("ALTER TABLE assets ADD COLUMN fqdn TEXT DEFAULT ''")
    ~~~~~~~~~~~~^^^^^^^^^^^^^^^^^^^^^^^^^^^^^^^^^^^^^^^^^^^^^^^^^^^^^^
sqlite3.OperationalError: duplicate column name: fqdn
2026-05-15 19:24:44 - huginn - DEBUG - Suppressed exception
Traceback (most recent call last):
  File "c:\Users\allie\Coding Projects\huggin_suite\huginn\app\core\asset_manager.py", line 108, in init_database
    conn.execute("ALTER TABLE assets ADD COLUMN mac_address TEXT DEFAULT ''")
    ~~~~~~~~~~~~^^^^^^^^^^^^^^^^^^^^^^^^^^^^^^^^^^^^^^^^^^^^^^^^^^^^^^^^^^^^^
sqlite3.OperationalError: duplicate column name: mac_address
2026-05-15 19:24:44 - huginn - DEBUG - Suppressed exception
Traceback (most recent call last):
  File "c:\Users\allie\Coding Projects\huggin_suite\huginn\app\core\asset_manager.py", line 115, in init_database
    conn.execute("ALTER TABLE assets ADD COLUMN vendor TEXT DEFAULT ''")
    ~~~~~~~~~~~~^^^^^^^^^^^^^^^^^^^^^^^^^^^^^^^^^^^^^^^^^^^^^^^^^^^^^^^^
sqlite3.OperationalError: duplicate column name: vendor
2026-05-15 19:24:44 - huginn - DEBUG - Suppressed exception
Traceback (most recent call last):
  File "c:\Users\allie\Coding Projects\huggin_suite\huginn\app\core\asset_manager.py", line 122, in init_database
    conn.execute("ALTER TABLE assets ADD COLUMN notes TEXT DEFAULT ''")
    ~~~~~~~~~~~~^^^^^^^^^^^^^^^^^^^^^^^^^^^^^^^^^^^^^^^^^^^^^^^^^^^^^^^
sqlite3.OperationalError: duplicate column name: notes
2026-05-15 19:24:44 - huginn - INFO - Using default configuration
2026-05-15 19:24:47 - huginn - INFO - License saved successfully
2026-05-15 19:24:47 - huginn - INFO - License loaded and validated successfully
2026-05-15 19:25:13 - huginn - DEBUG - Suppressed exception
Traceback (most recent call last):
  File "c:\Users\allie\Coding Projects\huggin_suite\huginn\app\core\asset_manager.py", line 101, in init_database
    conn.execute("ALTER TABLE assets ADD COLUMN fqdn TEXT DEFAULT ''")
    ~~~~~~~~~~~~^^^^^^^^^^^^^^^^^^^^^^^^^^^^^^^^^^^^^^^^^^^^^^^^^^^^^^
sqlite3.OperationalError: duplicate column name: fqdn
2026-05-15 19:25:13 - huginn - DEBUG - Suppressed exception
Traceback (most recent call last):
  File "c:\Users\allie\Coding Projects\huggin_suite\huginn\app\core\asset_manager.py", line 108, in init_database
    conn.execute("ALTER TABLE assets ADD COLUMN mac_address TEXT DEFAULT ''")
    ~~~~~~~~~~~~^^^^^^^^^^^^^^^^^^^^^^^^^^^^^^^^^^^^^^^^^^^^^^^^^^^^^^^^^^^^^
sqlite3.OperationalError: duplicate column name: mac_address
2026-05-15 19:25:13 - huginn - DEBUG - Suppressed exception
Traceback (most recent call last):
  File "c:\Users\allie\Coding Projects\huggin_suite\huginn\app\core\asset_manager.py", line 115, in init_database
    conn.execute("ALTER TABLE assets ADD COLUMN vendor TEXT DEFAULT ''")
    ~~~~~~~~~~~~^^^^^^^^^^^^^^^^^^^^^^^^^^^^^^^^^^^^^^^^^^^^^^^^^^^^^^^^
sqlite3.OperationalError: duplicate column name: vendor
2026-05-15 19:25:13 - huginn - DEBUG - Suppressed exception
Traceback (most recent call last):
  File "c:\Users\allie\Coding Projects\huggin_suite\huginn\app\core\asset_manager.py", line 122, in init_database
    conn.execute("ALTER TABLE assets ADD COLUMN notes TEXT DEFAULT ''")
    ~~~~~~~~~~~~^^^^^^^^^^^^^^^^^^^^^^^^^^^^^^^^^^^^^^^^^^^^^^^^^^^^^^^
sqlite3.OperationalError: duplicate column name: notes
2026-05-15 19:25:13 - huginn - INFO - Using default configuration
2026-05-15 19:25:15 - huginn - INFO - License saved successfully
2026-05-15 19:25:15 - huginn - INFO - License loaded and validated successfully
2026-05-15 19:25:51 - huginn - DEBUG - Suppressed exception
Traceback (most recent call last):
  File "c:\Users\allie\Coding Projects\huggin_suite\huginn\app\core\asset_manager.py", line 101, in init_database
    conn.execute("ALTER TABLE assets ADD COLUMN fqdn TEXT DEFAULT ''")
    ~~~~~~~~~~~~^^^^^^^^^^^^^^^^^^^^^^^^^^^^^^^^^^^^^^^^^^^^^^^^^^^^^^
sqlite3.OperationalError: duplicate column name: fqdn
2026-05-15 19:25:51 - huginn - DEBUG - Suppressed exception
Traceback (most recent call last):
  File "c:\Users\allie\Coding Projects\huggin_suite\huginn\app\core\asset_manager.py", line 108, in init_database
    conn.execute("ALTER TABLE assets ADD COLUMN mac_address TEXT DEFAULT ''")
    ~~~~~~~~~~~~^^^^^^^^^^^^^^^^^^^^^^^^^^^^^^^^^^^^^^^^^^^^^^^^^^^^^^^^^^^^^
sqlite3.OperationalError: duplicate column name: mac_address
2026-05-15 19:25:51 - huginn - DEBUG - Suppressed exception
Traceback (most recent call last):
  File "c:\Users\allie\Coding Projects\huggin_suite\huginn\app\core\asset_manager.py", line 115, in init_database
    conn.execute("ALTER TABLE assets ADD COLUMN vendor TEXT DEFAULT ''")
    ~~~~~~~~~~~~^^^^^^^^^^^^^^^^^^^^^^^^^^^^^^^^^^^^^^^^^^^^^^^^^^^^^^^^
sqlite3.OperationalError: duplicate column name: vendor
2026-05-15 19:25:51 - huginn - DEBUG - Suppressed exception
Traceback (most recent call last):
  File "c:\Users\allie\Coding Projects\huggin_suite\huginn\app\core\asset_manager.py", line 122, in init_database
    conn.execute("ALTER TABLE assets ADD COLUMN notes TEXT DEFAULT ''")
    ~~~~~~~~~~~~^^^^^^^^^^^^^^^^^^^^^^^^^^^^^^^^^^^^^^^^^^^^^^^^^^^^^^^
sqlite3.OperationalError: duplicate column name: notes
2026-05-15 19:25:51 - huginn - INFO - Using default configuration
2026-05-15 19:25:53 - huginn - INFO - License saved successfully
2026-05-15 19:25:53 - huginn - INFO - License loaded and validated successfully
2026-05-15 19:26:21 - huginn - INFO - License saved successfully
2026-05-15 19:26:21 - huginn - INFO - License loaded and validated successfully
2026-05-15 19:26:21 - huginn - INFO - Application starting...
2026-05-15 19:26:21 - huginn - INFO - Font loaded successfully
2026-05-15 19:26:21 - huginn - INFO - Stylesheet loaded successfully
2026-05-15 19:26:21 - huginn - INFO - Creating main window...
2026-05-15 19:26:21 - huginn - INFO - QThreadPool max threads set to 32 (CPUs: 32)
2026-05-15 19:26:21 - huginn - INFO - Custom font 'Neuropol X' loaded from C:\Users\allie\Coding Projects\huggin_suite\huginn\resources\fonts\neuropol.otf
2026-05-15 19:26:21 - huginn - DEBUG - Suppressed exception
Traceback (most recent call last):
  File "C:\Users\allie\Coding Projects\huggin_suite\huginn\app\pages\page_registry.py", line 45, in register_all_pages
    from app.pages.db_attacks_page import DBAttacksPage
ImportError: cannot import name 'DBAttacksPage' from 'app.pages.db_attacks_page' (C:\Users\allie\Coding Projects\huggin_suite\huginn\app\pages\db_attacks_page.py)
2026-05-15 19:26:22 - huginn - DEBUG - Credentials loaded for profile 'default'
2026-05-15 19:26:24 - huginn - DEBUG - Credentials saved (encrypted) for profile 'default'
2026-05-15 19:26:24 - huginn - DEBUG - Credentials loaded for profile 'LAB'
2026-05-15 19:26:24 - huginn - DEBUG - Suppressed exception
Traceback (most recent call last):
  File "C:\Users\allie\Coding Projects\huggin_suite\huginn\app\core\scope_manager.py", line 62, in _parse_scope_text
    ipaddress.IPv4Address(item)
    ~~~~~~~~~~~~~~~~~~~~~^^^^^^
  File "C:\Users\allie\anaconda3\Lib\ipaddress.py", line 1319, in __init__
    self._ip = self._ip_int_from_string(addr_str)
               ~~~~~~~~~~~~~~~~~~~~~~~~^^^^^^^^^^
  File "C:\Users\allie\anaconda3\Lib\ipaddress.py", line 1206, in _ip_int_from_string
    raise AddressValueError("Expected 4 octets in %r" % ip_str)
ipaddress.AddressValueError: Expected 4 octets in '*.lab.local'
2026-05-15 19:26:24 - huginn - DEBUG - Suppressed exception
Traceback (most recent call last):
  File "C:\Users\allie\Coding Projects\huggin_suite\huginn\app\core\scope_manager.py", line 62, in _parse_scope_text
    ipaddress.IPv4Address(item)
    ~~~~~~~~~~~~~~~~~~~~~^^^^^^
  File "C:\Users\allie\anaconda3\Lib\ipaddress.py", line 1319, in __init__
    self._ip = self._ip_int_from_string(addr_str)
               ~~~~~~~~~~~~~~~~~~~~~~~~^^^^^^^^^^
  File "C:\Users\allie\anaconda3\Lib\ipaddress.py", line 1206, in _ip_int_from_string
    raise AddressValueError("Expected 4 octets in %r" % ip_str)
ipaddress.AddressValueError: Expected 4 octets in '*.lab.local'
2026-05-15 19:26:24 - huginn - DEBUG - Credentials saved (encrypted) for profile 'LAB'
2026-05-15 19:26:24 - huginn - DEBUG - Credentials saved (encrypted) for profile 'LAB'
2026-05-15 19:26:24 - huginn - DEBUG - Credentials saved (encrypted) for profile 'LAB'
2026-05-15 19:26:24 - huginn - DEBUG - Suppressed exception
Traceback (most recent call last):
  File "C:\Users\allie\Coding Projects\huggin_suite\huginn\app\core\scope_manager.py", line 62, in _parse_scope_text
    ipaddress.IPv4Address(item)
    ~~~~~~~~~~~~~~~~~~~~~^^^^^^
  File "C:\Users\allie\anaconda3\Lib\ipaddress.py", line 1319, in __init__
    self._ip = self._ip_int_from_string(addr_str)
               ~~~~~~~~~~~~~~~~~~~~~~~~^^^^^^^^^^
  File "C:\Users\allie\anaconda3\Lib\ipaddress.py", line 1206, in _ip_int_from_string
    raise AddressValueError("Expected 4 octets in %r" % ip_str)
ipaddress.AddressValueError: Expected 4 octets in '*.lab.local'
2026-05-15 19:27:59 - huginn - DEBUG - Credentials saved (encrypted) for profile 'LAB'
2026-05-15 19:27:59 - huginn - DEBUG - Credentials loaded for profile 'HTB-Code'
2026-05-15 19:27:59 - huginn - DEBUG - Credentials saved (encrypted) for profile 'HTB-Code'
2026-05-15 19:28:07 - huginn - DEBUG - Suppressed exception
Traceback (most recent call last):
  File "C:\Users\allie\Coding Projects\huggin_suite\huginn\app\core\scope_manager.py", line 62, in _parse_scope_text
    ipaddress.IPv4Address(item)
    ~~~~~~~~~~~~~~~~~~~~~^^^^^^
  File "C:\Users\allie\anaconda3\Lib\ipaddress.py", line 1319, in __init__
    self._ip = self._ip_int_from_string(addr_str)
               ~~~~~~~~~~~~~~~~~~~~~~~~^^^^^^^^^^
  File "C:\Users\allie\anaconda3\Lib\ipaddress.py", line 1206, in _ip_int_from_string
    raise AddressValueError("Expected 4 octets in %r" % ip_str)
ipaddress.AddressValueError: Expected 4 octets in '*.lab.local'
2026-05-15 19:28:07 - huginn - DEBUG - Suppressed exception
Traceback (most recent call last):
  File "C:\Users\allie\Coding Projects\huggin_suite\huginn\app\core\scope_manager.py", line 62, in _parse_scope_text
    ipaddress.IPv4Address(item)
    ~~~~~~~~~~~~~~~~~~~~~^^^^^^
  File "C:\Users\allie\anaconda3\Lib\ipaddress.py", line 1319, in __init__
    self._ip = self._ip_int_from_string(addr_str)
               ~~~~~~~~~~~~~~~~~~~~~~~~^^^^^^^^^^
  File "C:\Users\allie\anaconda3\Lib\ipaddress.py", line 1206, in _ip_int_from_string
    raise AddressValueError("Expected 4 octets in %r" % ip_str)
ipaddress.AddressValueError: Expected 4 octets in '*.lab.local'
2026-05-15 19:28:07 - huginn - DEBUG - Credentials saved (encrypted) for profile 'HTB-Code'
2026-05-15 19:28:07 - huginn - DEBUG - Credentials loaded for profile 'LAB'
2026-05-15 19:28:07 - huginn - DEBUG - Credentials saved (encrypted) for profile 'LAB'
2026-05-15 19:28:07 - huginn - DEBUG - Credentials saved (encrypted) for profile 'LAB'
2026-05-15 19:28:07 - huginn - DEBUG - Credentials saved (encrypted) for profile 'LAB'
2026-05-15 19:28:07 - huginn - DEBUG - Suppressed exception
Traceback (most recent call last):
  File "C:\Users\allie\Coding Projects\huggin_suite\huginn\app\core\scope_manager.py", line 62, in _parse_scope_text
    ipaddress.IPv4Address(item)
    ~~~~~~~~~~~~~~~~~~~~~^^^^^^
  File "C:\Users\allie\anaconda3\Lib\ipaddress.py", line 1319, in __init__
    self._ip = self._ip_int_from_string(addr_str)
               ~~~~~~~~~~~~~~~~~~~~~~~~^^^^^^^^^^
  File "C:\Users\allie\anaconda3\Lib\ipaddress.py", line 1206, in _ip_int_from_string
    raise AddressValueError("Expected 4 octets in %r" % ip_str)
ipaddress.AddressValueError: Expected 4 octets in '*.lab.local'
2026-05-15 19:31:49 - huginn - DEBUG - Memory monitoring stopped
2026-05-15 19:31:49 - huginn - DEBUG - Connection pool closed all sessions
2026-05-15 19:31:49 - huginn - INFO - Update manager stopped during cleanup
2026-05-15 19:32:40 - huginn - DEBUG - Suppressed exception
Traceback (most recent call last):
  File "c:\Users\allie\Coding Projects\huggin_suite\huginn\app\core\asset_manager.py", line 101, in init_database
    conn.execute("ALTER TABLE assets ADD COLUMN fqdn TEXT DEFAULT ''")
    ~~~~~~~~~~~~^^^^^^^^^^^^^^^^^^^^^^^^^^^^^^^^^^^^^^^^^^^^^^^^^^^^^^
sqlite3.OperationalError: duplicate column name: fqdn
2026-05-15 19:32:40 - huginn - DEBUG - Suppressed exception
Traceback (most recent call last):
  File "c:\Users\allie\Coding Projects\huggin_suite\huginn\app\core\asset_manager.py", line 108, in init_database
    conn.execute("ALTER TABLE assets ADD COLUMN mac_address TEXT DEFAULT ''")
    ~~~~~~~~~~~~^^^^^^^^^^^^^^^^^^^^^^^^^^^^^^^^^^^^^^^^^^^^^^^^^^^^^^^^^^^^^
sqlite3.OperationalError: duplicate column name: mac_address
2026-05-15 19:32:40 - huginn - DEBUG - Suppressed exception
Traceback (most recent call last):
  File "c:\Users\allie\Coding Projects\huggin_suite\huginn\app\core\asset_manager.py", line 115, in init_database
    conn.execute("ALTER TABLE assets ADD COLUMN vendor TEXT DEFAULT ''")
    ~~~~~~~~~~~~^^^^^^^^^^^^^^^^^^^^^^^^^^^^^^^^^^^^^^^^^^^^^^^^^^^^^^^^
sqlite3.OperationalError: duplicate column name: vendor
2026-05-15 19:32:40 - huginn - DEBUG - Suppressed exception
Traceback (most recent call last):
  File "c:\Users\allie\Coding Projects\huggin_suite\huginn\app\core\asset_manager.py", line 122, in init_database
    conn.execute("ALTER TABLE assets ADD COLUMN notes TEXT DEFAULT ''")
    ~~~~~~~~~~~~^^^^^^^^^^^^^^^^^^^^^^^^^^^^^^^^^^^^^^^^^^^^^^^^^^^^^^^
sqlite3.OperationalError: duplicate column name: notes
2026-05-15 19:32:41 - huginn - INFO - Using default configuration
2026-05-15 19:32:43 - huginn - INFO - License saved successfully
2026-05-15 19:32:43 - huginn - INFO - License loaded and validated successfully
2026-05-15 19:33:06 - huginn - INFO - License saved successfully
2026-05-15 19:33:06 - huginn - INFO - License loaded and validated successfully
2026-05-15 19:33:06 - huginn - INFO - Application starting...
2026-05-15 19:33:06 - huginn - INFO - Font loaded successfully
2026-05-15 19:33:06 - huginn - INFO - Stylesheet loaded successfully
2026-05-15 19:33:06 - huginn - INFO - Creating main window...
2026-05-15 19:33:06 - huginn - INFO - QThreadPool max threads set to 32 (CPUs: 32)
2026-05-15 19:33:06 - huginn - INFO - Custom font 'Neuropol X' loaded from C:\Users\allie\Coding Projects\huggin_suite\huginn\resources\fonts\neuropol.otf
2026-05-15 19:33:06 - huginn - DEBUG - Suppressed exception
Traceback (most recent call last):
  File "C:\Users\allie\Coding Projects\huggin_suite\huginn\app\pages\page_registry.py", line 45, in register_all_pages
    from app.pages.db_attacks_page import DBAttacksPage
ImportError: cannot import name 'DBAttacksPage' from 'app.pages.db_attacks_page' (C:\Users\allie\Coding Projects\huggin_suite\huginn\app\pages\db_attacks_page.py)
2026-05-15 19:33:07 - huginn - DEBUG - Credentials loaded for profile 'default'
2026-05-15 19:35:36 - huginn - DEBUG - Memory monitoring stopped
2026-05-15 19:35:36 - huginn - DEBUG - Connection pool closed all sessions
2026-05-15 19:35:36 - huginn - INFO - Update manager stopped during cleanup
2026-05-15 19:36:34 - huginn - DEBUG - Suppressed exception
Traceback (most recent call last):
  File "c:\Users\allie\Coding Projects\huggin_suite\huginn\app\core\asset_manager.py", line 101, in init_database
    conn.execute("ALTER TABLE assets ADD COLUMN fqdn TEXT DEFAULT ''")
    ~~~~~~~~~~~~^^^^^^^^^^^^^^^^^^^^^^^^^^^^^^^^^^^^^^^^^^^^^^^^^^^^^^
sqlite3.OperationalError: duplicate column name: fqdn
2026-05-15 19:36:34 - huginn - DEBUG - Suppressed exception
Traceback (most recent call last):
  File "c:\Users\allie\Coding Projects\huggin_suite\huginn\app\core\asset_manager.py", line 108, in init_database
    conn.execute("ALTER TABLE assets ADD COLUMN mac_address TEXT DEFAULT ''")
    ~~~~~~~~~~~~^^^^^^^^^^^^^^^^^^^^^^^^^^^^^^^^^^^^^^^^^^^^^^^^^^^^^^^^^^^^^
sqlite3.OperationalError: duplicate column name: mac_address
2026-05-15 19:36:34 - huginn - DEBUG - Suppressed exception
Traceback (most recent call last):
  File "c:\Users\allie\Coding Projects\huggin_suite\huginn\app\core\asset_manager.py", line 115, in init_database
    conn.execute("ALTER TABLE assets ADD COLUMN vendor TEXT DEFAULT ''")
    ~~~~~~~~~~~~^^^^^^^^^^^^^^^^^^^^^^^^^^^^^^^^^^^^^^^^^^^^^^^^^^^^^^^^
sqlite3.OperationalError: duplicate column name: vendor
2026-05-15 19:36:34 - huginn - DEBUG - Suppressed exception
Traceback (most recent call last):
  File "c:\Users\allie\Coding Projects\huggin_suite\huginn\app\core\asset_manager.py", line 122, in init_database
    conn.execute("ALTER TABLE assets ADD COLUMN notes TEXT DEFAULT ''")
    ~~~~~~~~~~~~^^^^^^^^^^^^^^^^^^^^^^^^^^^^^^^^^^^^^^^^^^^^^^^^^^^^^^^
sqlite3.OperationalError: duplicate column name: notes
2026-05-15 19:36:35 - huginn - INFO - Using default configuration
2026-05-15 19:36:37 - huginn - INFO - License saved successfully
2026-05-15 19:36:37 - huginn - INFO - License loaded and validated successfully
2026-05-15 19:36:42 - huginn - DEBUG - Suppressed exception
Traceback (most recent call last):
  File "c:\Users\allie\Coding Projects\huggin_suite\huginn\app\core\asset_manager.py", line 101, in init_database
    conn.execute("ALTER TABLE assets ADD COLUMN fqdn TEXT DEFAULT ''")
    ~~~~~~~~~~~~^^^^^^^^^^^^^^^^^^^^^^^^^^^^^^^^^^^^^^^^^^^^^^^^^^^^^^
sqlite3.OperationalError: duplicate column name: fqdn
2026-05-15 19:36:42 - huginn - DEBUG - Suppressed exception
Traceback (most recent call last):
  File "c:\Users\allie\Coding Projects\huggin_suite\huginn\app\core\asset_manager.py", line 108, in init_database
    conn.execute("ALTER TABLE assets ADD COLUMN mac_address TEXT DEFAULT ''")
    ~~~~~~~~~~~~^^^^^^^^^^^^^^^^^^^^^^^^^^^^^^^^^^^^^^^^^^^^^^^^^^^^^^^^^^^^^
sqlite3.OperationalError: duplicate column name: mac_address
2026-05-15 19:36:42 - huginn - DEBUG - Suppressed exception
Traceback (most recent call last):
  File "c:\Users\allie\Coding Projects\huggin_suite\huginn\app\core\asset_manager.py", line 115, in init_database
    conn.execute("ALTER TABLE assets ADD COLUMN vendor TEXT DEFAULT ''")
    ~~~~~~~~~~~~^^^^^^^^^^^^^^^^^^^^^^^^^^^^^^^^^^^^^^^^^^^^^^^^^^^^^^^^
sqlite3.OperationalError: duplicate column name: vendor
2026-05-15 19:36:42 - huginn - DEBUG - Suppressed exception
Traceback (most recent call last):
  File "c:\Users\allie\Coding Projects\huggin_suite\huginn\app\core\asset_manager.py", line 122, in init_database
    conn.execute("ALTER TABLE assets ADD COLUMN notes TEXT DEFAULT ''")
    ~~~~~~~~~~~~^^^^^^^^^^^^^^^^^^^^^^^^^^^^^^^^^^^^^^^^^^^^^^^^^^^^^^^
sqlite3.OperationalError: duplicate column name: notes
2026-05-15 19:36:42 - huginn - INFO - Using default configuration
2026-05-15 19:36:45 - huginn - INFO - License saved successfully
2026-05-15 19:36:45 - huginn - INFO - License loaded and validated successfully
2026-05-15 19:36:56 - huginn - DEBUG - Suppressed exception
Traceback (most recent call last):
  File "c:\Users\allie\Coding Projects\huggin_suite\huginn\app\core\asset_manager.py", line 101, in init_database
    conn.execute("ALTER TABLE assets ADD COLUMN fqdn TEXT DEFAULT ''")
    ~~~~~~~~~~~~^^^^^^^^^^^^^^^^^^^^^^^^^^^^^^^^^^^^^^^^^^^^^^^^^^^^^^
sqlite3.OperationalError: duplicate column name: fqdn
2026-05-15 19:36:56 - huginn - DEBUG - Suppressed exception
Traceback (most recent call last):
  File "c:\Users\allie\Coding Projects\huggin_suite\huginn\app\core\asset_manager.py", line 108, in init_database
    conn.execute("ALTER TABLE assets ADD COLUMN mac_address TEXT DEFAULT ''")
    ~~~~~~~~~~~~^^^^^^^^^^^^^^^^^^^^^^^^^^^^^^^^^^^^^^^^^^^^^^^^^^^^^^^^^^^^^
sqlite3.OperationalError: duplicate column name: mac_address
2026-05-15 19:36:56 - huginn - DEBUG - Suppressed exception
Traceback (most recent call last):
  File "c:\Users\allie\Coding Projects\huggin_suite\huginn\app\core\asset_manager.py", line 115, in init_database
    conn.execute("ALTER TABLE assets ADD COLUMN vendor TEXT DEFAULT ''")
    ~~~~~~~~~~~~^^^^^^^^^^^^^^^^^^^^^^^^^^^^^^^^^^^^^^^^^^^^^^^^^^^^^^^^
sqlite3.OperationalError: duplicate column name: vendor
2026-05-15 19:36:56 - huginn - DEBUG - Suppressed exception
Traceback (most recent call last):
  File "c:\Users\allie\Coding Projects\huggin_suite\huginn\app\core\asset_manager.py", line 122, in init_database
    conn.execute("ALTER TABLE assets ADD COLUMN notes TEXT DEFAULT ''")
    ~~~~~~~~~~~~^^^^^^^^^^^^^^^^^^^^^^^^^^^^^^^^^^^^^^^^^^^^^^^^^^^^^^^
sqlite3.OperationalError: duplicate column name: notes
2026-05-15 19:36:56 - huginn - INFO - Using default configuration
2026-05-15 19:36:58 - huginn - INFO - License saved successfully
2026-05-15 19:36:58 - huginn - INFO - License loaded and validated successfully
2026-05-15 19:37:25 - huginn - DEBUG - Suppressed exception
Traceback (most recent call last):
  File "c:\Users\allie\Coding Projects\huggin_suite\huginn\app\core\asset_manager.py", line 101, in init_database
    conn.execute("ALTER TABLE assets ADD COLUMN fqdn TEXT DEFAULT ''")
    ~~~~~~~~~~~~^^^^^^^^^^^^^^^^^^^^^^^^^^^^^^^^^^^^^^^^^^^^^^^^^^^^^^
sqlite3.OperationalError: duplicate column name: fqdn
2026-05-15 19:37:25 - huginn - DEBUG - Suppressed exception
Traceback (most recent call last):
  File "c:\Users\allie\Coding Projects\huggin_suite\huginn\app\core\asset_manager.py", line 108, in init_database
    conn.execute("ALTER TABLE assets ADD COLUMN mac_address TEXT DEFAULT ''")
    ~~~~~~~~~~~~^^^^^^^^^^^^^^^^^^^^^^^^^^^^^^^^^^^^^^^^^^^^^^^^^^^^^^^^^^^^^
sqlite3.OperationalError: duplicate column name: mac_address
2026-05-15 19:37:25 - huginn - DEBUG - Suppressed exception
Traceback (most recent call last):
  File "c:\Users\allie\Coding Projects\huggin_suite\huginn\app\core\asset_manager.py", line 115, in init_database
    conn.execute("ALTER TABLE assets ADD COLUMN vendor TEXT DEFAULT ''")
    ~~~~~~~~~~~~^^^^^^^^^^^^^^^^^^^^^^^^^^^^^^^^^^^^^^^^^^^^^^^^^^^^^^^^
sqlite3.OperationalError: duplicate column name: vendor
2026-05-15 19:37:25 - huginn - DEBUG - Suppressed exception
Traceback (most recent call last):
  File "c:\Users\allie\Coding Projects\huggin_suite\huginn\app\core\asset_manager.py", line 122, in init_database
    conn.execute("ALTER TABLE assets ADD COLUMN notes TEXT DEFAULT ''")
    ~~~~~~~~~~~~^^^^^^^^^^^^^^^^^^^^^^^^^^^^^^^^^^^^^^^^^^^^^^^^^^^^^^^
sqlite3.OperationalError: duplicate column name: notes
2026-05-15 19:37:25 - huginn - INFO - Using default configuration
2026-05-15 19:37:27 - huginn - INFO - License saved successfully
2026-05-15 19:37:27 - huginn - INFO - License loaded and validated successfully
2026-05-15 19:37:48 - huginn - INFO - License saved successfully
2026-05-15 19:37:48 - huginn - INFO - License loaded and validated successfully
2026-05-15 19:37:48 - huginn - INFO - Application starting...
2026-05-15 19:37:48 - huginn - INFO - Font loaded successfully
2026-05-15 19:37:48 - huginn - INFO - Stylesheet loaded successfully
2026-05-15 19:37:48 - huginn - INFO - Creating main window...
2026-05-15 19:37:48 - huginn - INFO - QThreadPool max threads set to 32 (CPUs: 32)
2026-05-15 19:37:48 - huginn - INFO - Custom font 'Neuropol X' loaded from C:\Users\allie\Coding Projects\huggin_suite\huginn\resources\fonts\neuropol.otf
2026-05-15 19:37:48 - huginn - DEBUG - Suppressed exception
Traceback (most recent call last):
  File "C:\Users\allie\Coding Projects\huggin_suite\huginn\app\pages\page_registry.py", line 45, in register_all_pages
    from app.pages.db_attacks_page import DBAttacksPage
ImportError: cannot import name 'DBAttacksPage' from 'app.pages.db_attacks_page' (C:\Users\allie\Coding Projects\huggin_suite\huginn\app\pages\db_attacks_page.py)
2026-05-15 19:37:49 - huginn - DEBUG - Credentials loaded for profile 'default'
2026-05-15 19:37:52 - huginn - DEBUG - Credentials saved (encrypted) for profile 'default'
2026-05-15 19:37:52 - huginn - DEBUG - Credentials loaded for profile 'LAB'
2026-05-15 19:37:52 - huginn - DEBUG - Suppressed exception
Traceback (most recent call last):
  File "C:\Users\allie\Coding Projects\huggin_suite\huginn\app\core\scope_manager.py", line 62, in _parse_scope_text
    ipaddress.IPv4Address(item)
    ~~~~~~~~~~~~~~~~~~~~~^^^^^^
  File "C:\Users\allie\anaconda3\Lib\ipaddress.py", line 1319, in __init__
    self._ip = self._ip_int_from_string(addr_str)
               ~~~~~~~~~~~~~~~~~~~~~~~~^^^^^^^^^^
  File "C:\Users\allie\anaconda3\Lib\ipaddress.py", line 1206, in _ip_int_from_string
    raise AddressValueError("Expected 4 octets in %r" % ip_str)
ipaddress.AddressValueError: Expected 4 octets in '*.lab.local'
2026-05-15 19:37:52 - huginn - DEBUG - Suppressed exception
Traceback (most recent call last):
  File "C:\Users\allie\Coding Projects\huggin_suite\huginn\app\core\scope_manager.py", line 62, in _parse_scope_text
    ipaddress.IPv4Address(item)
    ~~~~~~~~~~~~~~~~~~~~~^^^^^^
  File "C:\Users\allie\anaconda3\Lib\ipaddress.py", line 1319, in __init__
    self._ip = self._ip_int_from_string(addr_str)
               ~~~~~~~~~~~~~~~~~~~~~~~~^^^^^^^^^^
  File "C:\Users\allie\anaconda3\Lib\ipaddress.py", line 1206, in _ip_int_from_string
    raise AddressValueError("Expected 4 octets in %r" % ip_str)
ipaddress.AddressValueError: Expected 4 octets in '*.lab.local'
2026-05-15 19:37:52 - huginn - DEBUG - Credentials saved (encrypted) for profile 'LAB'
2026-05-15 19:37:52 - huginn - DEBUG - Credentials saved (encrypted) for profile 'LAB'
2026-05-15 19:37:52 - huginn - DEBUG - Credentials saved (encrypted) for profile 'LAB'
2026-05-15 19:37:52 - huginn - DEBUG - Suppressed exception
Traceback (most recent call last):
  File "C:\Users\allie\Coding Projects\huggin_suite\huginn\app\core\scope_manager.py", line 62, in _parse_scope_text
    ipaddress.IPv4Address(item)
    ~~~~~~~~~~~~~~~~~~~~~^^^^^^
  File "C:\Users\allie\anaconda3\Lib\ipaddress.py", line 1319, in __init__
    self._ip = self._ip_int_from_string(addr_str)
               ~~~~~~~~~~~~~~~~~~~~~~~~^^^^^^^^^^
  File "C:\Users\allie\anaconda3\Lib\ipaddress.py", line 1206, in _ip_int_from_string
    raise AddressValueError("Expected 4 octets in %r" % ip_str)
ipaddress.AddressValueError: Expected 4 octets in '*.lab.local'
2026-05-15 19:39:20 - huginn - DEBUG - Memory monitoring stopped
2026-05-15 19:39:20 - huginn - DEBUG - Connection pool closed all sessions
2026-05-15 19:39:20 - huginn - INFO - Update manager stopped during cleanup
2026-05-15 19:39:55 - huginn - INFO - License saved successfully
2026-05-15 19:39:55 - huginn - INFO - License loaded and validated successfully
2026-05-15 19:39:55 - huginn - INFO - Application starting...
2026-05-15 19:39:55 - huginn - INFO - Font loaded successfully
2026-05-15 19:39:55 - huginn - INFO - Stylesheet loaded successfully
2026-05-15 19:39:55 - huginn - INFO - Creating main window...
2026-05-15 19:39:55 - huginn - INFO - QThreadPool max threads set to 32 (CPUs: 32)
2026-05-15 19:39:55 - huginn - INFO - Custom font 'Neuropol X' loaded from C:\Users\allie\Coding Projects\huggin_suite\huginn\resources\fonts\neuropol.otf
2026-05-15 19:39:55 - huginn - DEBUG - Suppressed exception
Traceback (most recent call last):
  File "C:\Users\allie\Coding Projects\huggin_suite\huginn\app\pages\page_registry.py", line 45, in register_all_pages
    from app.pages.db_attacks_page import DBAttacksPage
ImportError: cannot import name 'DBAttacksPage' from 'app.pages.db_attacks_page' (C:\Users\allie\Coding Projects\huggin_suite\huginn\app\pages\db_attacks_page.py)
2026-05-15 19:39:57 - huginn - DEBUG - Credentials loaded for profile 'default'
2026-05-15 19:40:09 - huginn - DEBUG - Memory monitoring stopped
2026-05-15 19:40:09 - huginn - DEBUG - Connection pool closed all sessions
2026-05-15 19:40:09 - huginn - INFO - Update manager stopped during cleanup
2026-05-15 19:40:41 - huginn - DEBUG - Suppressed exception
Traceback (most recent call last):
  File "c:\Users\allie\Coding Projects\huggin_suite\huginn\app\core\asset_manager.py", line 101, in init_database
    conn.execute("ALTER TABLE assets ADD COLUMN fqdn TEXT DEFAULT ''")
    ~~~~~~~~~~~~^^^^^^^^^^^^^^^^^^^^^^^^^^^^^^^^^^^^^^^^^^^^^^^^^^^^^^
sqlite3.OperationalError: duplicate column name: fqdn
2026-05-15 19:40:41 - huginn - DEBUG - Suppressed exception
Traceback (most recent call last):
  File "c:\Users\allie\Coding Projects\huggin_suite\huginn\app\core\asset_manager.py", line 108, in init_database
    conn.execute("ALTER TABLE assets ADD COLUMN mac_address TEXT DEFAULT ''")
    ~~~~~~~~~~~~^^^^^^^^^^^^^^^^^^^^^^^^^^^^^^^^^^^^^^^^^^^^^^^^^^^^^^^^^^^^^
sqlite3.OperationalError: duplicate column name: mac_address
2026-05-15 19:40:41 - huginn - DEBUG - Suppressed exception
Traceback (most recent call last):
  File "c:\Users\allie\Coding Projects\huggin_suite\huginn\app\core\asset_manager.py", line 115, in init_database
    conn.execute("ALTER TABLE assets ADD COLUMN vendor TEXT DEFAULT ''")
    ~~~~~~~~~~~~^^^^^^^^^^^^^^^^^^^^^^^^^^^^^^^^^^^^^^^^^^^^^^^^^^^^^^^^
sqlite3.OperationalError: duplicate column name: vendor
2026-05-15 19:40:41 - huginn - DEBUG - Suppressed exception
Traceback (most recent call last):
  File "c:\Users\allie\Coding Projects\huggin_suite\huginn\app\core\asset_manager.py", line 122, in init_database
    conn.execute("ALTER TABLE assets ADD COLUMN notes TEXT DEFAULT ''")
    ~~~~~~~~~~~~^^^^^^^^^^^^^^^^^^^^^^^^^^^^^^^^^^^^^^^^^^^^^^^^^^^^^^^
sqlite3.OperationalError: duplicate column name: notes
2026-05-15 19:40:41 - huginn - INFO - Using default configuration
2026-05-15 19:40:44 - huginn - INFO - License saved successfully
2026-05-15 19:40:44 - huginn - INFO - License loaded and validated successfully
2026-05-15 19:40:49 - huginn - INFO - License saved successfully
2026-05-15 19:40:49 - huginn - INFO - License loaded and validated successfully
2026-05-15 19:40:49 - huginn - INFO - Application starting...
2026-05-15 19:40:49 - huginn - INFO - Font loaded successfully
2026-05-15 19:40:49 - huginn - INFO - Stylesheet loaded successfully
2026-05-15 19:40:49 - huginn - INFO - Creating main window...
2026-05-15 19:40:49 - huginn - INFO - QThreadPool max threads set to 32 (CPUs: 32)
2026-05-15 19:40:49 - huginn - INFO - Custom font 'Neuropol X' loaded from C:\Users\allie\Coding Projects\huggin_suite\huginn\resources\fonts\neuropol.otf
2026-05-15 19:40:49 - huginn - DEBUG - Suppressed exception
Traceback (most recent call last):
  File "C:\Users\allie\Coding Projects\huggin_suite\huginn\app\pages\page_registry.py", line 45, in register_all_pages
    from app.pages.db_attacks_page import DBAttacksPage
ImportError: cannot import name 'DBAttacksPage' from 'app.pages.db_attacks_page' (C:\Users\allie\Coding Projects\huggin_suite\huginn\app\pages\db_attacks_page.py)
2026-05-15 19:40:51 - huginn - DEBUG - Credentials loaded for profile 'default'
2026-05-15 19:40:52 - huginn - DEBUG - Credentials saved (encrypted) for profile 'default'
2026-05-15 19:40:52 - huginn - DEBUG - Credentials loaded for profile 'LAB'
2026-05-15 19:40:52 - huginn - DEBUG - Suppressed exception
Traceback (most recent call last):
  File "C:\Users\allie\Coding Projects\huggin_suite\huginn\app\core\scope_manager.py", line 62, in _parse_scope_text
    ipaddress.IPv4Address(item)
    ~~~~~~~~~~~~~~~~~~~~~^^^^^^
  File "C:\Users\allie\anaconda3\Lib\ipaddress.py", line 1319, in __init__
    self._ip = self._ip_int_from_string(addr_str)
               ~~~~~~~~~~~~~~~~~~~~~~~~^^^^^^^^^^
  File "C:\Users\allie\anaconda3\Lib\ipaddress.py", line 1206, in _ip_int_from_string
    raise AddressValueError("Expected 4 octets in %r" % ip_str)
ipaddress.AddressValueError: Expected 4 octets in '*.lab.local'
2026-05-15 19:40:52 - huginn - DEBUG - Suppressed exception
Traceback (most recent call last):
  File "C:\Users\allie\Coding Projects\huggin_suite\huginn\app\core\scope_manager.py", line 62, in _parse_scope_text
    ipaddress.IPv4Address(item)
    ~~~~~~~~~~~~~~~~~~~~~^^^^^^
  File "C:\Users\allie\anaconda3\Lib\ipaddress.py", line 1319, in __init__
    self._ip = self._ip_int_from_string(addr_str)
               ~~~~~~~~~~~~~~~~~~~~~~~~^^^^^^^^^^
  File "C:\Users\allie\anaconda3\Lib\ipaddress.py", line 1206, in _ip_int_from_string
    raise AddressValueError("Expected 4 octets in %r" % ip_str)
ipaddress.AddressValueError: Expected 4 octets in '*.lab.local'
2026-05-15 19:40:52 - huginn - DEBUG - Credentials saved (encrypted) for profile 'LAB'
2026-05-15 19:40:52 - huginn - DEBUG - Credentials saved (encrypted) for profile 'LAB'
2026-05-15 19:40:52 - huginn - DEBUG - Credentials saved (encrypted) for profile 'LAB'
2026-05-15 19:40:52 - huginn - DEBUG - Suppressed exception
Traceback (most recent call last):
  File "C:\Users\allie\Coding Projects\huggin_suite\huginn\app\core\scope_manager.py", line 62, in _parse_scope_text
    ipaddress.IPv4Address(item)
    ~~~~~~~~~~~~~~~~~~~~~^^^^^^
  File "C:\Users\allie\anaconda3\Lib\ipaddress.py", line 1319, in __init__
    self._ip = self._ip_int_from_string(addr_str)
               ~~~~~~~~~~~~~~~~~~~~~~~~^^^^^^^^^^
  File "C:\Users\allie\anaconda3\Lib\ipaddress.py", line 1206, in _ip_int_from_string
    raise AddressValueError("Expected 4 octets in %r" % ip_str)
ipaddress.AddressValueError: Expected 4 octets in '*.lab.local'
2026-05-15 19:42:53 - huginn - DEBUG - Memory monitoring stopped
2026-05-15 19:42:53 - huginn - DEBUG - Connection pool closed all sessions
2026-05-15 19:42:53 - huginn - INFO - Update manager stopped during cleanup
2026-05-15 19:43:16 - huginn - DEBUG - Suppressed exception
Traceback (most recent call last):
  File "c:\Users\allie\Coding Projects\huggin_suite\huginn\app\core\asset_manager.py", line 101, in init_database
    conn.execute("ALTER TABLE assets ADD COLUMN fqdn TEXT DEFAULT ''")
    ~~~~~~~~~~~~^^^^^^^^^^^^^^^^^^^^^^^^^^^^^^^^^^^^^^^^^^^^^^^^^^^^^^
sqlite3.OperationalError: duplicate column name: fqdn
2026-05-15 19:43:16 - huginn - DEBUG - Suppressed exception
Traceback (most recent call last):
  File "c:\Users\allie\Coding Projects\huggin_suite\huginn\app\core\asset_manager.py", line 108, in init_database
    conn.execute("ALTER TABLE assets ADD COLUMN mac_address TEXT DEFAULT ''")
    ~~~~~~~~~~~~^^^^^^^^^^^^^^^^^^^^^^^^^^^^^^^^^^^^^^^^^^^^^^^^^^^^^^^^^^^^^
sqlite3.OperationalError: duplicate column name: mac_address
2026-05-15 19:43:16 - huginn - DEBUG - Suppressed exception
Traceback (most recent call last):
  File "c:\Users\allie\Coding Projects\huggin_suite\huginn\app\core\asset_manager.py", line 115, in init_database
    conn.execute("ALTER TABLE assets ADD COLUMN vendor TEXT DEFAULT ''")
    ~~~~~~~~~~~~^^^^^^^^^^^^^^^^^^^^^^^^^^^^^^^^^^^^^^^^^^^^^^^^^^^^^^^^
sqlite3.OperationalError: duplicate column name: vendor
2026-05-15 19:43:16 - huginn - DEBUG - Suppressed exception
Traceback (most recent call last):
  File "c:\Users\allie\Coding Projects\huggin_suite\huginn\app\core\asset_manager.py", line 122, in init_database
    conn.execute("ALTER TABLE assets ADD COLUMN notes TEXT DEFAULT ''")
    ~~~~~~~~~~~~^^^^^^^^^^^^^^^^^^^^^^^^^^^^^^^^^^^^^^^^^^^^^^^^^^^^^^^
sqlite3.OperationalError: duplicate column name: notes
2026-05-15 19:43:16 - huginn - INFO - Using default configuration
2026-05-15 19:43:18 - huginn - INFO - License saved successfully
2026-05-15 19:43:18 - huginn - INFO - License loaded and validated successfully
2026-05-15 19:43:30 - huginn - DEBUG - Suppressed exception
Traceback (most recent call last):
  File "c:\Users\allie\Coding Projects\huggin_suite\huginn\app\core\asset_manager.py", line 101, in init_database
    conn.execute("ALTER TABLE assets ADD COLUMN fqdn TEXT DEFAULT ''")
    ~~~~~~~~~~~~^^^^^^^^^^^^^^^^^^^^^^^^^^^^^^^^^^^^^^^^^^^^^^^^^^^^^^
sqlite3.OperationalError: duplicate column name: fqdn
2026-05-15 19:43:30 - huginn - DEBUG - Suppressed exception
Traceback (most recent call last):
  File "c:\Users\allie\Coding Projects\huggin_suite\huginn\app\core\asset_manager.py", line 108, in init_database
    conn.execute("ALTER TABLE assets ADD COLUMN mac_address TEXT DEFAULT ''")
    ~~~~~~~~~~~~^^^^^^^^^^^^^^^^^^^^^^^^^^^^^^^^^^^^^^^^^^^^^^^^^^^^^^^^^^^^^
sqlite3.OperationalError: duplicate column name: mac_address
2026-05-15 19:43:30 - huginn - DEBUG - Suppressed exception
Traceback (most recent call last):
  File "c:\Users\allie\Coding Projects\huggin_suite\huginn\app\core\asset_manager.py", line 115, in init_database
    conn.execute("ALTER TABLE assets ADD COLUMN vendor TEXT DEFAULT ''")
    ~~~~~~~~~~~~^^^^^^^^^^^^^^^^^^^^^^^^^^^^^^^^^^^^^^^^^^^^^^^^^^^^^^^^
sqlite3.OperationalError: duplicate column name: vendor
2026-05-15 19:43:30 - huginn - DEBUG - Suppressed exception
Traceback (most recent call last):
  File "c:\Users\allie\Coding Projects\huggin_suite\huginn\app\core\asset_manager.py", line 122, in init_database
    conn.execute("ALTER TABLE assets ADD COLUMN notes TEXT DEFAULT ''")
    ~~~~~~~~~~~~^^^^^^^^^^^^^^^^^^^^^^^^^^^^^^^^^^^^^^^^^^^^^^^^^^^^^^^
sqlite3.OperationalError: duplicate column name: notes
2026-05-15 19:43:30 - huginn - INFO - Using default configuration
2026-05-15 19:43:33 - huginn - INFO - License saved successfully
2026-05-15 19:43:33 - huginn - INFO - License loaded and validated successfully
2026-05-15 19:43:38 - huginn - DEBUG - Suppressed exception
Traceback (most recent call last):
  File "c:\Users\allie\Coding Projects\huggin_suite\huginn\app\core\asset_manager.py", line 101, in init_database
    conn.execute("ALTER TABLE assets ADD COLUMN fqdn TEXT DEFAULT ''")
    ~~~~~~~~~~~~^^^^^^^^^^^^^^^^^^^^^^^^^^^^^^^^^^^^^^^^^^^^^^^^^^^^^^
sqlite3.OperationalError: duplicate column name: fqdn
2026-05-15 19:43:38 - huginn - DEBUG - Suppressed exception
Traceback (most recent call last):
  File "c:\Users\allie\Coding Projects\huggin_suite\huginn\app\core\asset_manager.py", line 108, in init_database
    conn.execute("ALTER TABLE assets ADD COLUMN mac_address TEXT DEFAULT ''")
    ~~~~~~~~~~~~^^^^^^^^^^^^^^^^^^^^^^^^^^^^^^^^^^^^^^^^^^^^^^^^^^^^^^^^^^^^^
sqlite3.OperationalError: duplicate column name: mac_address
2026-05-15 19:43:38 - huginn - DEBUG - Suppressed exception
Traceback (most recent call last):
  File "c:\Users\allie\Coding Projects\huggin_suite\huginn\app\core\asset_manager.py", line 115, in init_database
    conn.execute("ALTER TABLE assets ADD COLUMN vendor TEXT DEFAULT ''")
    ~~~~~~~~~~~~^^^^^^^^^^^^^^^^^^^^^^^^^^^^^^^^^^^^^^^^^^^^^^^^^^^^^^^^
sqlite3.OperationalError: duplicate column name: vendor
2026-05-15 19:43:38 - huginn - DEBUG - Suppressed exception
Traceback (most recent call last):
  File "c:\Users\allie\Coding Projects\huggin_suite\huginn\app\core\asset_manager.py", line 122, in init_database
    conn.execute("ALTER TABLE assets ADD COLUMN notes TEXT DEFAULT ''")
    ~~~~~~~~~~~~^^^^^^^^^^^^^^^^^^^^^^^^^^^^^^^^^^^^^^^^^^^^^^^^^^^^^^^
sqlite3.OperationalError: duplicate column name: notes
2026-05-15 19:43:39 - huginn - INFO - Using default configuration
2026-05-15 19:43:41 - huginn - INFO - License saved successfully
2026-05-15 19:43:41 - huginn - INFO - License loaded and validated successfully
2026-05-15 19:43:45 - huginn - DEBUG - Suppressed exception
Traceback (most recent call last):
  File "c:\Users\allie\Coding Projects\huggin_suite\huginn\app\core\asset_manager.py", line 101, in init_database
    conn.execute("ALTER TABLE assets ADD COLUMN fqdn TEXT DEFAULT ''")
    ~~~~~~~~~~~~^^^^^^^^^^^^^^^^^^^^^^^^^^^^^^^^^^^^^^^^^^^^^^^^^^^^^^
sqlite3.OperationalError: duplicate column name: fqdn
2026-05-15 19:43:45 - huginn - DEBUG - Suppressed exception
Traceback (most recent call last):
  File "c:\Users\allie\Coding Projects\huggin_suite\huginn\app\core\asset_manager.py", line 108, in init_database
    conn.execute("ALTER TABLE assets ADD COLUMN mac_address TEXT DEFAULT ''")
    ~~~~~~~~~~~~^^^^^^^^^^^^^^^^^^^^^^^^^^^^^^^^^^^^^^^^^^^^^^^^^^^^^^^^^^^^^
sqlite3.OperationalError: duplicate column name: mac_address
2026-05-15 19:43:45 - huginn - DEBUG - Suppressed exception
Traceback (most recent call last):
  File "c:\Users\allie\Coding Projects\huggin_suite\huginn\app\core\asset_manager.py", line 115, in init_database
    conn.execute("ALTER TABLE assets ADD COLUMN vendor TEXT DEFAULT ''")
    ~~~~~~~~~~~~^^^^^^^^^^^^^^^^^^^^^^^^^^^^^^^^^^^^^^^^^^^^^^^^^^^^^^^^
sqlite3.OperationalError: duplicate column name: vendor
2026-05-15 19:43:45 - huginn - DEBUG - Suppressed exception
Traceback (most recent call last):
  File "c:\Users\allie\Coding Projects\huggin_suite\huginn\app\core\asset_manager.py", line 122, in init_database
    conn.execute("ALTER TABLE assets ADD COLUMN notes TEXT DEFAULT ''")
    ~~~~~~~~~~~~^^^^^^^^^^^^^^^^^^^^^^^^^^^^^^^^^^^^^^^^^^^^^^^^^^^^^^^
sqlite3.OperationalError: duplicate column name: notes
2026-05-15 19:43:45 - huginn - INFO - Using default configuration
2026-05-15 19:43:47 - huginn - INFO - License saved successfully
2026-05-15 19:43:47 - huginn - INFO - License loaded and validated successfully
2026-05-15 19:44:42 - huginn - INFO - License saved successfully
2026-05-15 19:44:42 - huginn - INFO - License loaded and validated successfully
2026-05-15 19:44:42 - huginn - INFO - Application starting...
2026-05-15 19:44:42 - huginn - INFO - Font loaded successfully
2026-05-15 19:44:42 - huginn - INFO - Stylesheet loaded successfully
2026-05-15 19:44:42 - huginn - INFO - Creating main window...
2026-05-15 19:44:42 - huginn - INFO - QThreadPool max threads set to 32 (CPUs: 32)
2026-05-15 19:44:42 - huginn - INFO - Custom font 'Neuropol X' loaded from C:\Users\allie\Coding Projects\huggin_suite\huginn\resources\fonts\neuropol.otf
2026-05-15 19:44:42 - huginn - DEBUG - Suppressed exception
Traceback (most recent call last):
  File "C:\Users\allie\Coding Projects\huggin_suite\huginn\app\pages\page_registry.py", line 45, in register_all_pages
    from app.pages.db_attacks_page import DBAttacksPage
ImportError: cannot import name 'DBAttacksPage' from 'app.pages.db_attacks_page' (C:\Users\allie\Coding Projects\huggin_suite\huginn\app\pages\db_attacks_page.py)
2026-05-15 19:44:44 - huginn - DEBUG - Credentials loaded for profile 'default'
2026-05-15 19:44:46 - huginn - DEBUG - Credentials saved (encrypted) for profile 'default'
2026-05-15 19:44:46 - huginn - DEBUG - Credentials loaded for profile 'LAB'
2026-05-15 19:44:46 - huginn - DEBUG - Suppressed exception
Traceback (most recent call last):
  File "C:\Users\allie\Coding Projects\huggin_suite\huginn\app\core\scope_manager.py", line 62, in _parse_scope_text
    ipaddress.IPv4Address(item)
    ~~~~~~~~~~~~~~~~~~~~~^^^^^^
  File "C:\Users\allie\anaconda3\Lib\ipaddress.py", line 1319, in __init__
    self._ip = self._ip_int_from_string(addr_str)
               ~~~~~~~~~~~~~~~~~~~~~~~~^^^^^^^^^^
  File "C:\Users\allie\anaconda3\Lib\ipaddress.py", line 1206, in _ip_int_from_string
    raise AddressValueError("Expected 4 octets in %r" % ip_str)
ipaddress.AddressValueError: Expected 4 octets in '*.lab.local'
2026-05-15 19:44:46 - huginn - DEBUG - Suppressed exception
Traceback (most recent call last):
  File "C:\Users\allie\Coding Projects\huggin_suite\huginn\app\core\scope_manager.py", line 62, in _parse_scope_text
    ipaddress.IPv4Address(item)
    ~~~~~~~~~~~~~~~~~~~~~^^^^^^
  File "C:\Users\allie\anaconda3\Lib\ipaddress.py", line 1319, in __init__
    self._ip = self._ip_int_from_string(addr_str)
               ~~~~~~~~~~~~~~~~~~~~~~~~^^^^^^^^^^
  File "C:\Users\allie\anaconda3\Lib\ipaddress.py", line 1206, in _ip_int_from_string
    raise AddressValueError("Expected 4 octets in %r" % ip_str)
ipaddress.AddressValueError: Expected 4 octets in '*.lab.local'
2026-05-15 19:44:46 - huginn - DEBUG - Credentials saved (encrypted) for profile 'LAB'
2026-05-15 19:44:46 - huginn - DEBUG - Credentials saved (encrypted) for profile 'LAB'
2026-05-15 19:44:46 - huginn - DEBUG - Credentials saved (encrypted) for profile 'LAB'
2026-05-15 19:44:46 - huginn - DEBUG - Suppressed exception
Traceback (most recent call last):
  File "C:\Users\allie\Coding Projects\huggin_suite\huginn\app\core\scope_manager.py", line 62, in _parse_scope_text
    ipaddress.IPv4Address(item)
    ~~~~~~~~~~~~~~~~~~~~~^^^^^^
  File "C:\Users\allie\anaconda3\Lib\ipaddress.py", line 1319, in __init__
    self._ip = self._ip_int_from_string(addr_str)
               ~~~~~~~~~~~~~~~~~~~~~~~~^^^^^^^^^^
  File "C:\Users\allie\anaconda3\Lib\ipaddress.py", line 1206, in _ip_int_from_string
    raise AddressValueError("Expected 4 octets in %r" % ip_str)
ipaddress.AddressValueError: Expected 4 octets in '*.lab.local'
2026-05-15 19:45:45 - huginn - DEBUG - Memory monitoring stopped
2026-05-15 19:45:45 - huginn - DEBUG - Connection pool closed all sessions
2026-05-15 19:45:45 - huginn - INFO - Update manager stopped during cleanup
2026-05-15 19:46:28 - huginn - INFO - License saved successfully
2026-05-15 19:46:28 - huginn - INFO - License loaded and validated successfully
2026-05-15 19:46:28 - huginn - INFO - Application starting...
2026-05-15 19:46:28 - huginn - INFO - Font loaded successfully
2026-05-15 19:46:28 - huginn - INFO - Stylesheet loaded successfully
2026-05-15 19:46:28 - huginn - INFO - Creating main window...
2026-05-15 19:46:28 - huginn - INFO - QThreadPool max threads set to 32 (CPUs: 32)
2026-05-15 19:46:29 - huginn - INFO - Custom font 'Neuropol X' loaded from C:\Users\allie\Coding Projects\huggin_suite\huginn\resources\fonts\neuropol.otf
2026-05-15 19:46:29 - huginn - DEBUG - Suppressed exception
Traceback (most recent call last):
  File "C:\Users\allie\Coding Projects\huggin_suite\huginn\app\pages\page_registry.py", line 45, in register_all_pages
    from app.pages.db_attacks_page import DBAttacksPage
ImportError: cannot import name 'DBAttacksPage' from 'app.pages.db_attacks_page' (C:\Users\allie\Coding Projects\huggin_suite\huginn\app\pages\db_attacks_page.py)
2026-05-15 19:46:30 - huginn - DEBUG - Credentials loaded for profile 'default'
2026-05-15 19:46:36 - huginn - DEBUG - Memory monitoring stopped
2026-05-15 19:46:36 - huginn - DEBUG - Connection pool closed all sessions
2026-05-15 19:46:36 - huginn - INFO - Update manager stopped during cleanup
2026-05-15 19:48:13 - huginn - DEBUG - Suppressed exception
Traceback (most recent call last):
  File "c:\Users\allie\Coding Projects\huggin_suite\huginn\app\core\asset_manager.py", line 101, in init_database
    conn.execute("ALTER TABLE assets ADD COLUMN fqdn TEXT DEFAULT ''")
    ~~~~~~~~~~~~^^^^^^^^^^^^^^^^^^^^^^^^^^^^^^^^^^^^^^^^^^^^^^^^^^^^^^
sqlite3.OperationalError: duplicate column name: fqdn
2026-05-15 19:48:13 - huginn - DEBUG - Suppressed exception
Traceback (most recent call last):
  File "c:\Users\allie\Coding Projects\huggin_suite\huginn\app\core\asset_manager.py", line 108, in init_database
    conn.execute("ALTER TABLE assets ADD COLUMN mac_address TEXT DEFAULT ''")
    ~~~~~~~~~~~~^^^^^^^^^^^^^^^^^^^^^^^^^^^^^^^^^^^^^^^^^^^^^^^^^^^^^^^^^^^^^
sqlite3.OperationalError: duplicate column name: mac_address
2026-05-15 19:48:13 - huginn - DEBUG - Suppressed exception
Traceback (most recent call last):
  File "c:\Users\allie\Coding Projects\huggin_suite\huginn\app\core\asset_manager.py", line 115, in init_database
    conn.execute("ALTER TABLE assets ADD COLUMN vendor TEXT DEFAULT ''")
    ~~~~~~~~~~~~^^^^^^^^^^^^^^^^^^^^^^^^^^^^^^^^^^^^^^^^^^^^^^^^^^^^^^^^
sqlite3.OperationalError: duplicate column name: vendor
2026-05-15 19:48:13 - huginn - DEBUG - Suppressed exception
Traceback (most recent call last):
  File "c:\Users\allie\Coding Projects\huggin_suite\huginn\app\core\asset_manager.py", line 122, in init_database
    conn.execute("ALTER TABLE assets ADD COLUMN notes TEXT DEFAULT ''")
    ~~~~~~~~~~~~^^^^^^^^^^^^^^^^^^^^^^^^^^^^^^^^^^^^^^^^^^^^^^^^^^^^^^^
sqlite3.OperationalError: duplicate column name: notes
2026-05-15 19:48:13 - huginn - INFO - Using default configuration
2026-05-15 19:48:15 - huginn - INFO - License saved successfully
2026-05-15 19:48:15 - huginn - INFO - License loaded and validated successfully
2026-05-15 19:48:47 - huginn - DEBUG - Suppressed exception
Traceback (most recent call last):
  File "c:\Users\allie\Coding Projects\huggin_suite\huginn\app\core\asset_manager.py", line 101, in init_database
    conn.execute("ALTER TABLE assets ADD COLUMN fqdn TEXT DEFAULT ''")
    ~~~~~~~~~~~~^^^^^^^^^^^^^^^^^^^^^^^^^^^^^^^^^^^^^^^^^^^^^^^^^^^^^^
sqlite3.OperationalError: duplicate column name: fqdn
2026-05-15 19:48:47 - huginn - DEBUG - Suppressed exception
Traceback (most recent call last):
  File "c:\Users\allie\Coding Projects\huggin_suite\huginn\app\core\asset_manager.py", line 108, in init_database
    conn.execute("ALTER TABLE assets ADD COLUMN mac_address TEXT DEFAULT ''")
    ~~~~~~~~~~~~^^^^^^^^^^^^^^^^^^^^^^^^^^^^^^^^^^^^^^^^^^^^^^^^^^^^^^^^^^^^^
sqlite3.OperationalError: duplicate column name: mac_address
2026-05-15 19:48:47 - huginn - DEBUG - Suppressed exception
Traceback (most recent call last):
  File "c:\Users\allie\Coding Projects\huggin_suite\huginn\app\core\asset_manager.py", line 115, in init_database
    conn.execute("ALTER TABLE assets ADD COLUMN vendor TEXT DEFAULT ''")
    ~~~~~~~~~~~~^^^^^^^^^^^^^^^^^^^^^^^^^^^^^^^^^^^^^^^^^^^^^^^^^^^^^^^^
sqlite3.OperationalError: duplicate column name: vendor
2026-05-15 19:48:47 - huginn - DEBUG - Suppressed exception
Traceback (most recent call last):
  File "c:\Users\allie\Coding Projects\huggin_suite\huginn\app\core\asset_manager.py", line 122, in init_database
    conn.execute("ALTER TABLE assets ADD COLUMN notes TEXT DEFAULT ''")
    ~~~~~~~~~~~~^^^^^^^^^^^^^^^^^^^^^^^^^^^^^^^^^^^^^^^^^^^^^^^^^^^^^^^
sqlite3.OperationalError: duplicate column name: notes
2026-05-15 19:48:47 - huginn - INFO - Using default configuration
2026-05-15 19:48:49 - huginn - INFO - License saved successfully
2026-05-15 19:48:49 - huginn - INFO - License loaded and validated successfully
2026-05-15 20:11:37 - huginn - INFO - License saved successfully
2026-05-15 20:11:37 - huginn - INFO - License loaded and validated successfully
2026-05-15 20:11:37 - huginn - INFO - Application starting...
2026-05-15 20:11:37 - huginn - INFO - Font loaded successfully
2026-05-15 20:11:37 - huginn - INFO - Stylesheet loaded successfully
2026-05-15 20:11:37 - huginn - INFO - Creating main window...
2026-05-15 20:11:37 - huginn - INFO - QThreadPool max threads set to 32 (CPUs: 32)
2026-05-15 20:11:37 - huginn - INFO - Custom font 'Neuropol X' loaded from C:\Users\allie\Coding Projects\huggin_suite\huginn\resources\fonts\neuropol.otf
2026-05-15 20:11:37 - huginn - DEBUG - Suppressed exception
Traceback (most recent call last):
  File "C:\Users\allie\Coding Projects\huggin_suite\huginn\app\pages\page_registry.py", line 45, in register_all_pages
    from app.pages.db_attacks_page import DBAttacksPage
ImportError: cannot import name 'DBAttacksPage' from 'app.pages.db_attacks_page' (C:\Users\allie\Coding Projects\huggin_suite\huginn\app\pages\db_attacks_page.py)
2026-05-15 20:11:39 - huginn - DEBUG - Credentials loaded for profile 'default'
2026-05-15 20:12:59 - huginn - DEBUG - Memory monitoring stopped
2026-05-15 20:12:59 - huginn - DEBUG - Connection pool closed all sessions
2026-05-15 20:12:59 - huginn - INFO - Update manager stopped during cleanup
2026-05-15 20:17:43 - huginn - DEBUG - Suppressed exception
Traceback (most recent call last):
  File "c:\Users\allie\Coding Projects\huggin_suite\huginn\app\core\asset_manager.py", line 101, in init_database
    conn.execute("ALTER TABLE assets ADD COLUMN fqdn TEXT DEFAULT ''")
    ~~~~~~~~~~~~^^^^^^^^^^^^^^^^^^^^^^^^^^^^^^^^^^^^^^^^^^^^^^^^^^^^^^
sqlite3.OperationalError: duplicate column name: fqdn
2026-05-15 20:17:43 - huginn - DEBUG - Suppressed exception
Traceback (most recent call last):
  File "c:\Users\allie\Coding Projects\huggin_suite\huginn\app\core\asset_manager.py", line 108, in init_database
    conn.execute("ALTER TABLE assets ADD COLUMN mac_address TEXT DEFAULT ''")
    ~~~~~~~~~~~~^^^^^^^^^^^^^^^^^^^^^^^^^^^^^^^^^^^^^^^^^^^^^^^^^^^^^^^^^^^^^
sqlite3.OperationalError: duplicate column name: mac_address
2026-05-15 20:17:43 - huginn - DEBUG - Suppressed exception
Traceback (most recent call last):
  File "c:\Users\allie\Coding Projects\huggin_suite\huginn\app\core\asset_manager.py", line 115, in init_database
    conn.execute("ALTER TABLE assets ADD COLUMN vendor TEXT DEFAULT ''")
    ~~~~~~~~~~~~^^^^^^^^^^^^^^^^^^^^^^^^^^^^^^^^^^^^^^^^^^^^^^^^^^^^^^^^
sqlite3.OperationalError: duplicate column name: vendor
2026-05-15 20:17:43 - huginn - DEBUG - Suppressed exception
Traceback (most recent call last):
  File "c:\Users\allie\Coding Projects\huggin_suite\huginn\app\core\asset_manager.py", line 122, in init_database
    conn.execute("ALTER TABLE assets ADD COLUMN notes TEXT DEFAULT ''")
    ~~~~~~~~~~~~^^^^^^^^^^^^^^^^^^^^^^^^^^^^^^^^^^^^^^^^^^^^^^^^^^^^^^^
sqlite3.OperationalError: duplicate column name: notes
2026-05-15 20:17:43 - huginn - INFO - Using default configuration
2026-05-15 20:17:45 - huginn - INFO - License saved successfully
2026-05-15 20:17:45 - huginn - INFO - License loaded and validated successfully
2026-05-15 20:18:35 - huginn - DEBUG - Suppressed exception
Traceback (most recent call last):
  File "c:\Users\allie\Coding Projects\huggin_suite\huginn\app\core\asset_manager.py", line 101, in init_database
    conn.execute("ALTER TABLE assets ADD COLUMN fqdn TEXT DEFAULT ''")
    ~~~~~~~~~~~~^^^^^^^^^^^^^^^^^^^^^^^^^^^^^^^^^^^^^^^^^^^^^^^^^^^^^^
sqlite3.OperationalError: duplicate column name: fqdn
2026-05-15 20:18:35 - huginn - DEBUG - Suppressed exception
Traceback (most recent call last):
  File "c:\Users\allie\Coding Projects\huggin_suite\huginn\app\core\asset_manager.py", line 108, in init_database
    conn.execute("ALTER TABLE assets ADD COLUMN mac_address TEXT DEFAULT ''")
    ~~~~~~~~~~~~^^^^^^^^^^^^^^^^^^^^^^^^^^^^^^^^^^^^^^^^^^^^^^^^^^^^^^^^^^^^^
sqlite3.OperationalError: duplicate column name: mac_address
2026-05-15 20:18:35 - huginn - DEBUG - Suppressed exception
Traceback (most recent call last):
  File "c:\Users\allie\Coding Projects\huggin_suite\huginn\app\core\asset_manager.py", line 115, in init_database
    conn.execute("ALTER TABLE assets ADD COLUMN vendor TEXT DEFAULT ''")
    ~~~~~~~~~~~~^^^^^^^^^^^^^^^^^^^^^^^^^^^^^^^^^^^^^^^^^^^^^^^^^^^^^^^^
sqlite3.OperationalError: duplicate column name: vendor
2026-05-15 20:18:35 - huginn - DEBUG - Suppressed exception
Traceback (most recent call last):
  File "c:\Users\allie\Coding Projects\huggin_suite\huginn\app\core\asset_manager.py", line 122, in init_database
    conn.execute("ALTER TABLE assets ADD COLUMN notes TEXT DEFAULT ''")
    ~~~~~~~~~~~~^^^^^^^^^^^^^^^^^^^^^^^^^^^^^^^^^^^^^^^^^^^^^^^^^^^^^^^
sqlite3.OperationalError: duplicate column name: notes
2026-05-15 20:18:35 - huginn - INFO - Using default configuration
2026-05-15 20:18:37 - huginn - INFO - License saved successfully
2026-05-15 20:18:37 - huginn - INFO - License loaded and validated successfully
2026-05-15 20:18:44 - huginn - DEBUG - Suppressed exception
Traceback (most recent call last):
  File "c:\Users\allie\Coding Projects\huggin_suite\huginn\app\core\asset_manager.py", line 101, in init_database
    conn.execute("ALTER TABLE assets ADD COLUMN fqdn TEXT DEFAULT ''")
    ~~~~~~~~~~~~^^^^^^^^^^^^^^^^^^^^^^^^^^^^^^^^^^^^^^^^^^^^^^^^^^^^^^
sqlite3.OperationalError: duplicate column name: fqdn
2026-05-15 20:18:44 - huginn - DEBUG - Suppressed exception
Traceback (most recent call last):
  File "c:\Users\allie\Coding Projects\huggin_suite\huginn\app\core\asset_manager.py", line 108, in init_database
    conn.execute("ALTER TABLE assets ADD COLUMN mac_address TEXT DEFAULT ''")
    ~~~~~~~~~~~~^^^^^^^^^^^^^^^^^^^^^^^^^^^^^^^^^^^^^^^^^^^^^^^^^^^^^^^^^^^^^
sqlite3.OperationalError: duplicate column name: mac_address
2026-05-15 20:18:44 - huginn - DEBUG - Suppressed exception
Traceback (most recent call last):
  File "c:\Users\allie\Coding Projects\huggin_suite\huginn\app\core\asset_manager.py", line 115, in init_database
    conn.execute("ALTER TABLE assets ADD COLUMN vendor TEXT DEFAULT ''")
    ~~~~~~~~~~~~^^^^^^^^^^^^^^^^^^^^^^^^^^^^^^^^^^^^^^^^^^^^^^^^^^^^^^^^
sqlite3.OperationalError: duplicate column name: vendor
2026-05-15 20:18:44 - huginn - DEBUG - Suppressed exception
Traceback (most recent call last):
  File "c:\Users\allie\Coding Projects\huggin_suite\huginn\app\core\asset_manager.py", line 122, in init_database
    conn.execute("ALTER TABLE assets ADD COLUMN notes TEXT DEFAULT ''")
    ~~~~~~~~~~~~^^^^^^^^^^^^^^^^^^^^^^^^^^^^^^^^^^^^^^^^^^^^^^^^^^^^^^^
sqlite3.OperationalError: duplicate column name: notes
2026-05-15 20:18:44 - huginn - INFO - Using default configuration
2026-05-15 20:18:46 - huginn - INFO - License saved successfully
2026-05-15 20:18:46 - huginn - INFO - License loaded and validated successfully
2026-05-15 20:18:56 - huginn - DEBUG - Suppressed exception
Traceback (most recent call last):
  File "c:\Users\allie\Coding Projects\huggin_suite\huginn\app\core\asset_manager.py", line 101, in init_database
    conn.execute("ALTER TABLE assets ADD COLUMN fqdn TEXT DEFAULT ''")
    ~~~~~~~~~~~~^^^^^^^^^^^^^^^^^^^^^^^^^^^^^^^^^^^^^^^^^^^^^^^^^^^^^^
sqlite3.OperationalError: duplicate column name: fqdn
2026-05-15 20:18:56 - huginn - DEBUG - Suppressed exception
Traceback (most recent call last):
  File "c:\Users\allie\Coding Projects\huggin_suite\huginn\app\core\asset_manager.py", line 108, in init_database
    conn.execute("ALTER TABLE assets ADD COLUMN mac_address TEXT DEFAULT ''")
    ~~~~~~~~~~~~^^^^^^^^^^^^^^^^^^^^^^^^^^^^^^^^^^^^^^^^^^^^^^^^^^^^^^^^^^^^^
sqlite3.OperationalError: duplicate column name: mac_address
2026-05-15 20:18:56 - huginn - DEBUG - Suppressed exception
Traceback (most recent call last):
  File "c:\Users\allie\Coding Projects\huggin_suite\huginn\app\core\asset_manager.py", line 115, in init_database
    conn.execute("ALTER TABLE assets ADD COLUMN vendor TEXT DEFAULT ''")
    ~~~~~~~~~~~~^^^^^^^^^^^^^^^^^^^^^^^^^^^^^^^^^^^^^^^^^^^^^^^^^^^^^^^^
sqlite3.OperationalError: duplicate column name: vendor
2026-05-15 20:18:56 - huginn - DEBUG - Suppressed exception
Traceback (most recent call last):
  File "c:\Users\allie\Coding Projects\huggin_suite\huginn\app\core\asset_manager.py", line 122, in init_database
    conn.execute("ALTER TABLE assets ADD COLUMN notes TEXT DEFAULT ''")
    ~~~~~~~~~~~~^^^^^^^^^^^^^^^^^^^^^^^^^^^^^^^^^^^^^^^^^^^^^^^^^^^^^^^
sqlite3.OperationalError: duplicate column name: notes
2026-05-15 20:18:56 - huginn - INFO - Using default configuration
2026-05-15 20:18:58 - huginn - INFO - License saved successfully
2026-05-15 20:18:58 - huginn - INFO - License loaded and validated successfully
2026-05-15 20:19:42 - huginn - INFO - License saved successfully
2026-05-15 20:19:42 - huginn - INFO - License loaded and validated successfully
2026-05-15 20:19:42 - huginn - INFO - Application starting...
2026-05-15 20:19:42 - huginn - INFO - Font loaded successfully
2026-05-15 20:19:42 - huginn - INFO - Stylesheet loaded successfully
2026-05-15 20:19:42 - huginn - INFO - Creating main window...
2026-05-15 20:19:42 - huginn - INFO - QThreadPool max threads set to 32 (CPUs: 32)
2026-05-15 20:19:42 - huginn - INFO - Custom font 'Neuropol X' loaded from C:\Users\allie\Coding Projects\huggin_suite\huginn\resources\fonts\neuropol.otf
2026-05-15 20:19:42 - huginn - DEBUG - Suppressed exception
Traceback (most recent call last):
  File "C:\Users\allie\Coding Projects\huggin_suite\huginn\app\pages\page_registry.py", line 45, in register_all_pages
    from app.pages.db_attacks_page import DBAttacksPage
ImportError: cannot import name 'DBAttacksPage' from 'app.pages.db_attacks_page' (C:\Users\allie\Coding Projects\huggin_suite\huginn\app\pages\db_attacks_page.py)
2026-05-15 20:19:44 - huginn - DEBUG - Credentials loaded for profile 'default'
2026-05-15 20:19:46 - huginn - DEBUG - Credentials saved (encrypted) for profile 'default'
2026-05-15 20:19:46 - huginn - DEBUG - Credentials loaded for profile 'LAB'
2026-05-15 20:19:46 - huginn - DEBUG - Suppressed exception
Traceback (most recent call last):
  File "C:\Users\allie\Coding Projects\huggin_suite\huginn\app\core\scope_manager.py", line 62, in _parse_scope_text
    ipaddress.IPv4Address(item)
    ~~~~~~~~~~~~~~~~~~~~~^^^^^^
  File "C:\Users\allie\anaconda3\Lib\ipaddress.py", line 1319, in __init__
    self._ip = self._ip_int_from_string(addr_str)
               ~~~~~~~~~~~~~~~~~~~~~~~~^^^^^^^^^^
  File "C:\Users\allie\anaconda3\Lib\ipaddress.py", line 1206, in _ip_int_from_string
    raise AddressValueError("Expected 4 octets in %r" % ip_str)
ipaddress.AddressValueError: Expected 4 octets in '*.lab.local'
2026-05-15 20:19:46 - huginn - DEBUG - Suppressed exception
Traceback (most recent call last):
  File "C:\Users\allie\Coding Projects\huggin_suite\huginn\app\core\scope_manager.py", line 62, in _parse_scope_text
    ipaddress.IPv4Address(item)
    ~~~~~~~~~~~~~~~~~~~~~^^^^^^
  File "C:\Users\allie\anaconda3\Lib\ipaddress.py", line 1319, in __init__
    self._ip = self._ip_int_from_string(addr_str)
               ~~~~~~~~~~~~~~~~~~~~~~~~^^^^^^^^^^
  File "C:\Users\allie\anaconda3\Lib\ipaddress.py", line 1206, in _ip_int_from_string
    raise AddressValueError("Expected 4 octets in %r" % ip_str)
ipaddress.AddressValueError: Expected 4 octets in '*.lab.local'
2026-05-15 20:19:46 - huginn - DEBUG - Credentials saved (encrypted) for profile 'LAB'
2026-05-15 20:19:46 - huginn - DEBUG - Credentials saved (encrypted) for profile 'LAB'
2026-05-15 20:19:46 - huginn - DEBUG - Credentials saved (encrypted) for profile 'LAB'
2026-05-15 20:19:46 - huginn - DEBUG - Suppressed exception
Traceback (most recent call last):
  File "C:\Users\allie\Coding Projects\huggin_suite\huginn\app\core\scope_manager.py", line 62, in _parse_scope_text
    ipaddress.IPv4Address(item)
    ~~~~~~~~~~~~~~~~~~~~~^^^^^^
  File "C:\Users\allie\anaconda3\Lib\ipaddress.py", line 1319, in __init__
    self._ip = self._ip_int_from_string(addr_str)
               ~~~~~~~~~~~~~~~~~~~~~~~~^^^^^^^^^^
  File "C:\Users\allie\anaconda3\Lib\ipaddress.py", line 1206, in _ip_int_from_string
    raise AddressValueError("Expected 4 octets in %r" % ip_str)
ipaddress.AddressValueError: Expected 4 octets in '*.lab.local'
2026-05-15 20:22:18 - huginn - DEBUG - Memory monitoring stopped
2026-05-15 20:22:18 - huginn - DEBUG - Connection pool closed all sessions
2026-05-15 20:22:18 - huginn - INFO - Update manager stopped during cleanup
2026-05-15 20:22:21 - huginn - DEBUG - Suppressed exception
Traceback (most recent call last):
  File "c:\Users\allie\Coding Projects\huggin_suite\huginn\app\core\asset_manager.py", line 101, in init_database
    conn.execute("ALTER TABLE assets ADD COLUMN fqdn TEXT DEFAULT ''")
    ~~~~~~~~~~~~^^^^^^^^^^^^^^^^^^^^^^^^^^^^^^^^^^^^^^^^^^^^^^^^^^^^^^
sqlite3.OperationalError: duplicate column name: fqdn
2026-05-15 20:22:21 - huginn - DEBUG - Suppressed exception
Traceback (most recent call last):
  File "c:\Users\allie\Coding Projects\huggin_suite\huginn\app\core\asset_manager.py", line 108, in init_database
    conn.execute("ALTER TABLE assets ADD COLUMN mac_address TEXT DEFAULT ''")
    ~~~~~~~~~~~~^^^^^^^^^^^^^^^^^^^^^^^^^^^^^^^^^^^^^^^^^^^^^^^^^^^^^^^^^^^^^
sqlite3.OperationalError: duplicate column name: mac_address
2026-05-15 20:22:21 - huginn - DEBUG - Suppressed exception
Traceback (most recent call last):
  File "c:\Users\allie\Coding Projects\huggin_suite\huginn\app\core\asset_manager.py", line 115, in init_database
    conn.execute("ALTER TABLE assets ADD COLUMN vendor TEXT DEFAULT ''")
    ~~~~~~~~~~~~^^^^^^^^^^^^^^^^^^^^^^^^^^^^^^^^^^^^^^^^^^^^^^^^^^^^^^^^
sqlite3.OperationalError: duplicate column name: vendor
2026-05-15 20:22:21 - huginn - DEBUG - Suppressed exception
Traceback (most recent call last):
  File "c:\Users\allie\Coding Projects\huggin_suite\huginn\app\core\asset_manager.py", line 122, in init_database
    conn.execute("ALTER TABLE assets ADD COLUMN notes TEXT DEFAULT ''")
    ~~~~~~~~~~~~^^^^^^^^^^^^^^^^^^^^^^^^^^^^^^^^^^^^^^^^^^^^^^^^^^^^^^^
sqlite3.OperationalError: duplicate column name: notes
2026-05-15 20:22:21 - huginn - INFO - Using default configuration
2026-05-15 20:22:24 - huginn - INFO - License saved successfully
2026-05-15 20:22:24 - huginn - INFO - License loaded and validated successfully
2026-05-15 20:22:32 - huginn - DEBUG - Suppressed exception
Traceback (most recent call last):
  File "c:\Users\allie\Coding Projects\huggin_suite\huginn\app\core\asset_manager.py", line 101, in init_database
    conn.execute("ALTER TABLE assets ADD COLUMN fqdn TEXT DEFAULT ''")
    ~~~~~~~~~~~~^^^^^^^^^^^^^^^^^^^^^^^^^^^^^^^^^^^^^^^^^^^^^^^^^^^^^^
sqlite3.OperationalError: duplicate column name: fqdn
2026-05-15 20:22:32 - huginn - DEBUG - Suppressed exception
Traceback (most recent call last):
  File "c:\Users\allie\Coding Projects\huggin_suite\huginn\app\core\asset_manager.py", line 108, in init_database
    conn.execute("ALTER TABLE assets ADD COLUMN mac_address TEXT DEFAULT ''")
    ~~~~~~~~~~~~^^^^^^^^^^^^^^^^^^^^^^^^^^^^^^^^^^^^^^^^^^^^^^^^^^^^^^^^^^^^^
sqlite3.OperationalError: duplicate column name: mac_address
2026-05-15 20:22:32 - huginn - DEBUG - Suppressed exception
Traceback (most recent call last):
  File "c:\Users\allie\Coding Projects\huggin_suite\huginn\app\core\asset_manager.py", line 115, in init_database
    conn.execute("ALTER TABLE assets ADD COLUMN vendor TEXT DEFAULT ''")
    ~~~~~~~~~~~~^^^^^^^^^^^^^^^^^^^^^^^^^^^^^^^^^^^^^^^^^^^^^^^^^^^^^^^^
sqlite3.OperationalError: duplicate column name: vendor
2026-05-15 20:22:32 - huginn - DEBUG - Suppressed exception
Traceback (most recent call last):
  File "c:\Users\allie\Coding Projects\huggin_suite\huginn\app\core\asset_manager.py", line 122, in init_database
    conn.execute("ALTER TABLE assets ADD COLUMN notes TEXT DEFAULT ''")
    ~~~~~~~~~~~~^^^^^^^^^^^^^^^^^^^^^^^^^^^^^^^^^^^^^^^^^^^^^^^^^^^^^^^
sqlite3.OperationalError: duplicate column name: notes
2026-05-15 20:22:32 - huginn - INFO - Using default configuration
2026-05-15 20:22:35 - huginn - INFO - License saved successfully
2026-05-15 20:22:35 - huginn - INFO - License loaded and validated successfully
2026-05-15 20:22:45 - huginn - DEBUG - Suppressed exception
Traceback (most recent call last):
  File "c:\Users\allie\Coding Projects\huggin_suite\huginn\app\core\asset_manager.py", line 101, in init_database
    conn.execute("ALTER TABLE assets ADD COLUMN fqdn TEXT DEFAULT ''")
    ~~~~~~~~~~~~^^^^^^^^^^^^^^^^^^^^^^^^^^^^^^^^^^^^^^^^^^^^^^^^^^^^^^
sqlite3.OperationalError: duplicate column name: fqdn
2026-05-15 20:22:45 - huginn - DEBUG - Suppressed exception
Traceback (most recent call last):
  File "c:\Users\allie\Coding Projects\huggin_suite\huginn\app\core\asset_manager.py", line 108, in init_database
    conn.execute("ALTER TABLE assets ADD COLUMN mac_address TEXT DEFAULT ''")
    ~~~~~~~~~~~~^^^^^^^^^^^^^^^^^^^^^^^^^^^^^^^^^^^^^^^^^^^^^^^^^^^^^^^^^^^^^
sqlite3.OperationalError: duplicate column name: mac_address
2026-05-15 20:22:45 - huginn - DEBUG - Suppressed exception
Traceback (most recent call last):
  File "c:\Users\allie\Coding Projects\huggin_suite\huginn\app\core\asset_manager.py", line 115, in init_database
    conn.execute("ALTER TABLE assets ADD COLUMN vendor TEXT DEFAULT ''")
    ~~~~~~~~~~~~^^^^^^^^^^^^^^^^^^^^^^^^^^^^^^^^^^^^^^^^^^^^^^^^^^^^^^^^
sqlite3.OperationalError: duplicate column name: vendor
2026-05-15 20:22:45 - huginn - DEBUG - Suppressed exception
Traceback (most recent call last):
  File "c:\Users\allie\Coding Projects\huggin_suite\huginn\app\core\asset_manager.py", line 122, in init_database
    conn.execute("ALTER TABLE assets ADD COLUMN notes TEXT DEFAULT ''")
    ~~~~~~~~~~~~^^^^^^^^^^^^^^^^^^^^^^^^^^^^^^^^^^^^^^^^^^^^^^^^^^^^^^^
sqlite3.OperationalError: duplicate column name: notes
2026-05-15 20:22:46 - huginn - INFO - Using default configuration
2026-05-15 20:22:48 - huginn - INFO - License saved successfully
2026-05-15 20:22:48 - huginn - INFO - License loaded and validated successfully
2026-05-15 20:22:51 - huginn - DEBUG - Suppressed exception
Traceback (most recent call last):
  File "c:\Users\allie\Coding Projects\huggin_suite\huginn\app\core\asset_manager.py", line 101, in init_database
    conn.execute("ALTER TABLE assets ADD COLUMN fqdn TEXT DEFAULT ''")
    ~~~~~~~~~~~~^^^^^^^^^^^^^^^^^^^^^^^^^^^^^^^^^^^^^^^^^^^^^^^^^^^^^^
sqlite3.OperationalError: duplicate column name: fqdn
2026-05-15 20:22:51 - huginn - DEBUG - Suppressed exception
Traceback (most recent call last):
  File "c:\Users\allie\Coding Projects\huggin_suite\huginn\app\core\asset_manager.py", line 108, in init_database
    conn.execute("ALTER TABLE assets ADD COLUMN mac_address TEXT DEFAULT ''")
    ~~~~~~~~~~~~^^^^^^^^^^^^^^^^^^^^^^^^^^^^^^^^^^^^^^^^^^^^^^^^^^^^^^^^^^^^^
sqlite3.OperationalError: duplicate column name: mac_address
2026-05-15 20:22:51 - huginn - DEBUG - Suppressed exception
Traceback (most recent call last):
  File "c:\Users\allie\Coding Projects\huggin_suite\huginn\app\core\asset_manager.py", line 115, in init_database
    conn.execute("ALTER TABLE assets ADD COLUMN vendor TEXT DEFAULT ''")
    ~~~~~~~~~~~~^^^^^^^^^^^^^^^^^^^^^^^^^^^^^^^^^^^^^^^^^^^^^^^^^^^^^^^^
sqlite3.OperationalError: duplicate column name: vendor
2026-05-15 20:22:51 - huginn - DEBUG - Suppressed exception
Traceback (most recent call last):
  File "c:\Users\allie\Coding Projects\huggin_suite\huginn\app\core\asset_manager.py", line 122, in init_database
    conn.execute("ALTER TABLE assets ADD COLUMN notes TEXT DEFAULT ''")
    ~~~~~~~~~~~~^^^^^^^^^^^^^^^^^^^^^^^^^^^^^^^^^^^^^^^^^^^^^^^^^^^^^^^
sqlite3.OperationalError: duplicate column name: notes
2026-05-15 20:22:51 - huginn - INFO - Using default configuration
2026-05-15 20:22:53 - huginn - INFO - License saved successfully
2026-05-15 20:22:53 - huginn - INFO - License loaded and validated successfully
2026-05-15 20:23:10 - huginn - DEBUG - Suppressed exception
Traceback (most recent call last):
  File "c:\Users\allie\Coding Projects\huggin_suite\huginn\app\core\asset_manager.py", line 101, in init_database
    conn.execute("ALTER TABLE assets ADD COLUMN fqdn TEXT DEFAULT ''")
    ~~~~~~~~~~~~^^^^^^^^^^^^^^^^^^^^^^^^^^^^^^^^^^^^^^^^^^^^^^^^^^^^^^
sqlite3.OperationalError: duplicate column name: fqdn
2026-05-15 20:23:10 - huginn - DEBUG - Suppressed exception
Traceback (most recent call last):
  File "c:\Users\allie\Coding Projects\huggin_suite\huginn\app\core\asset_manager.py", line 108, in init_database
    conn.execute("ALTER TABLE assets ADD COLUMN mac_address TEXT DEFAULT ''")
    ~~~~~~~~~~~~^^^^^^^^^^^^^^^^^^^^^^^^^^^^^^^^^^^^^^^^^^^^^^^^^^^^^^^^^^^^^
sqlite3.OperationalError: duplicate column name: mac_address
2026-05-15 20:23:10 - huginn - DEBUG - Suppressed exception
Traceback (most recent call last):
  File "c:\Users\allie\Coding Projects\huggin_suite\huginn\app\core\asset_manager.py", line 115, in init_database
    conn.execute("ALTER TABLE assets ADD COLUMN vendor TEXT DEFAULT ''")
    ~~~~~~~~~~~~^^^^^^^^^^^^^^^^^^^^^^^^^^^^^^^^^^^^^^^^^^^^^^^^^^^^^^^^
sqlite3.OperationalError: duplicate column name: vendor
2026-05-15 20:23:10 - huginn - DEBUG - Suppressed exception
Traceback (most recent call last):
  File "c:\Users\allie\Coding Projects\huggin_suite\huginn\app\core\asset_manager.py", line 122, in init_database
    conn.execute("ALTER TABLE assets ADD COLUMN notes TEXT DEFAULT ''")
    ~~~~~~~~~~~~^^^^^^^^^^^^^^^^^^^^^^^^^^^^^^^^^^^^^^^^^^^^^^^^^^^^^^^
sqlite3.OperationalError: duplicate column name: notes
2026-05-15 20:23:10 - huginn - INFO - Using default configuration
2026-05-15 20:23:12 - huginn - INFO - License saved successfully
2026-05-15 20:23:12 - huginn - INFO - License loaded and validated successfully
2026-05-15 20:23:29 - huginn - DEBUG - Suppressed exception
Traceback (most recent call last):
  File "c:\Users\allie\Coding Projects\huggin_suite\huginn\app\core\asset_manager.py", line 101, in init_database
    conn.execute("ALTER TABLE assets ADD COLUMN fqdn TEXT DEFAULT ''")
    ~~~~~~~~~~~~^^^^^^^^^^^^^^^^^^^^^^^^^^^^^^^^^^^^^^^^^^^^^^^^^^^^^^
sqlite3.OperationalError: duplicate column name: fqdn
2026-05-15 20:23:29 - huginn - DEBUG - Suppressed exception
Traceback (most recent call last):
  File "c:\Users\allie\Coding Projects\huggin_suite\huginn\app\core\asset_manager.py", line 108, in init_database
    conn.execute("ALTER TABLE assets ADD COLUMN mac_address TEXT DEFAULT ''")
    ~~~~~~~~~~~~^^^^^^^^^^^^^^^^^^^^^^^^^^^^^^^^^^^^^^^^^^^^^^^^^^^^^^^^^^^^^
sqlite3.OperationalError: duplicate column name: mac_address
2026-05-15 20:23:29 - huginn - DEBUG - Suppressed exception
Traceback (most recent call last):
  File "c:\Users\allie\Coding Projects\huggin_suite\huginn\app\core\asset_manager.py", line 115, in init_database
    conn.execute("ALTER TABLE assets ADD COLUMN vendor TEXT DEFAULT ''")
    ~~~~~~~~~~~~^^^^^^^^^^^^^^^^^^^^^^^^^^^^^^^^^^^^^^^^^^^^^^^^^^^^^^^^
sqlite3.OperationalError: duplicate column name: vendor
2026-05-15 20:23:29 - huginn - DEBUG - Suppressed exception
Traceback (most recent call last):
  File "c:\Users\allie\Coding Projects\huggin_suite\huginn\app\core\asset_manager.py", line 122, in init_database
    conn.execute("ALTER TABLE assets ADD COLUMN notes TEXT DEFAULT ''")
    ~~~~~~~~~~~~^^^^^^^^^^^^^^^^^^^^^^^^^^^^^^^^^^^^^^^^^^^^^^^^^^^^^^^
sqlite3.OperationalError: duplicate column name: notes
2026-05-15 20:23:30 - huginn - INFO - Using default configuration
2026-05-15 20:23:32 - huginn - INFO - License saved successfully
2026-05-15 20:23:32 - huginn - INFO - License loaded and validated successfully
2026-05-15 20:23:38 - huginn - DEBUG - Suppressed exception
Traceback (most recent call last):
  File "c:\Users\allie\Coding Projects\huggin_suite\huginn\app\core\asset_manager.py", line 101, in init_database
    conn.execute("ALTER TABLE assets ADD COLUMN fqdn TEXT DEFAULT ''")
    ~~~~~~~~~~~~^^^^^^^^^^^^^^^^^^^^^^^^^^^^^^^^^^^^^^^^^^^^^^^^^^^^^^
sqlite3.OperationalError: duplicate column name: fqdn
2026-05-15 20:23:38 - huginn - DEBUG - Suppressed exception
Traceback (most recent call last):
  File "c:\Users\allie\Coding Projects\huggin_suite\huginn\app\core\asset_manager.py", line 108, in init_database
    conn.execute("ALTER TABLE assets ADD COLUMN mac_address TEXT DEFAULT ''")
    ~~~~~~~~~~~~^^^^^^^^^^^^^^^^^^^^^^^^^^^^^^^^^^^^^^^^^^^^^^^^^^^^^^^^^^^^^
sqlite3.OperationalError: duplicate column name: mac_address
2026-05-15 20:23:38 - huginn - DEBUG - Suppressed exception
Traceback (most recent call last):
  File "c:\Users\allie\Coding Projects\huggin_suite\huginn\app\core\asset_manager.py", line 115, in init_database
    conn.execute("ALTER TABLE assets ADD COLUMN vendor TEXT DEFAULT ''")
    ~~~~~~~~~~~~^^^^^^^^^^^^^^^^^^^^^^^^^^^^^^^^^^^^^^^^^^^^^^^^^^^^^^^^
sqlite3.OperationalError: duplicate column name: vendor
2026-05-15 20:23:38 - huginn - DEBUG - Suppressed exception
Traceback (most recent call last):
  File "c:\Users\allie\Coding Projects\huggin_suite\huginn\app\core\asset_manager.py", line 122, in init_database
    conn.execute("ALTER TABLE assets ADD COLUMN notes TEXT DEFAULT ''")
    ~~~~~~~~~~~~^^^^^^^^^^^^^^^^^^^^^^^^^^^^^^^^^^^^^^^^^^^^^^^^^^^^^^^
sqlite3.OperationalError: duplicate column name: notes
2026-05-15 20:23:38 - huginn - INFO - Using default configuration
2026-05-15 20:23:40 - huginn - INFO - License saved successfully
2026-05-15 20:23:40 - huginn - INFO - License loaded and validated successfully
2026-05-15 20:23:58 - huginn - DEBUG - Suppressed exception
Traceback (most recent call last):
  File "c:\Users\allie\Coding Projects\huggin_suite\huginn\app\core\asset_manager.py", line 101, in init_database
    conn.execute("ALTER TABLE assets ADD COLUMN fqdn TEXT DEFAULT ''")
    ~~~~~~~~~~~~^^^^^^^^^^^^^^^^^^^^^^^^^^^^^^^^^^^^^^^^^^^^^^^^^^^^^^
sqlite3.OperationalError: duplicate column name: fqdn
2026-05-15 20:23:58 - huginn - DEBUG - Suppressed exception
Traceback (most recent call last):
  File "c:\Users\allie\Coding Projects\huggin_suite\huginn\app\core\asset_manager.py", line 108, in init_database
    conn.execute("ALTER TABLE assets ADD COLUMN mac_address TEXT DEFAULT ''")
    ~~~~~~~~~~~~^^^^^^^^^^^^^^^^^^^^^^^^^^^^^^^^^^^^^^^^^^^^^^^^^^^^^^^^^^^^^
sqlite3.OperationalError: duplicate column name: mac_address
2026-05-15 20:23:58 - huginn - DEBUG - Suppressed exception
Traceback (most recent call last):
  File "c:\Users\allie\Coding Projects\huggin_suite\huginn\app\core\asset_manager.py", line 115, in init_database
    conn.execute("ALTER TABLE assets ADD COLUMN vendor TEXT DEFAULT ''")
    ~~~~~~~~~~~~^^^^^^^^^^^^^^^^^^^^^^^^^^^^^^^^^^^^^^^^^^^^^^^^^^^^^^^^
sqlite3.OperationalError: duplicate column name: vendor
2026-05-15 20:23:58 - huginn - DEBUG - Suppressed exception
Traceback (most recent call last):
  File "c:\Users\allie\Coding Projects\huggin_suite\huginn\app\core\asset_manager.py", line 122, in init_database
    conn.execute("ALTER TABLE assets ADD COLUMN notes TEXT DEFAULT ''")
    ~~~~~~~~~~~~^^^^^^^^^^^^^^^^^^^^^^^^^^^^^^^^^^^^^^^^^^^^^^^^^^^^^^^
sqlite3.OperationalError: duplicate column name: notes
2026-05-15 20:23:58 - huginn - INFO - Using default configuration
2026-05-15 20:24:00 - huginn - INFO - License saved successfully
2026-05-15 20:24:00 - huginn - INFO - License loaded and validated successfully
2026-05-15 20:24:12 - huginn - INFO - License saved successfully
2026-05-15 20:24:12 - huginn - INFO - License loaded and validated successfully
2026-05-15 20:24:12 - huginn - INFO - Application starting...
2026-05-15 20:24:12 - huginn - INFO - Font loaded successfully
2026-05-15 20:24:12 - huginn - INFO - Stylesheet loaded successfully
2026-05-15 20:24:12 - huginn - INFO - Creating main window...
2026-05-15 20:24:12 - huginn - INFO - QThreadPool max threads set to 32 (CPUs: 32)
2026-05-15 20:24:12 - huginn - INFO - Custom font 'Neuropol X' loaded from C:\Users\allie\Coding Projects\huggin_suite\huginn\resources\fonts\neuropol.otf
2026-05-15 20:24:13 - huginn - DEBUG - Suppressed exception
Traceback (most recent call last):
  File "C:\Users\allie\Coding Projects\huggin_suite\huginn\app\pages\page_registry.py", line 45, in register_all_pages
    from app.pages.db_attacks_page import DBAttacksPage
ImportError: cannot import name 'DBAttacksPage' from 'app.pages.db_attacks_page' (C:\Users\allie\Coding Projects\huggin_suite\huginn\app\pages\db_attacks_page.py)
2026-05-15 20:24:14 - huginn - DEBUG - Credentials loaded for profile 'default'
2026-05-15 20:24:16 - huginn - DEBUG - Credentials saved (encrypted) for profile 'default'
2026-05-15 20:24:16 - huginn - DEBUG - Credentials loaded for profile 'LAB'
2026-05-15 20:24:16 - huginn - DEBUG - Suppressed exception
Traceback (most recent call last):
  File "C:\Users\allie\Coding Projects\huggin_suite\huginn\app\core\scope_manager.py", line 62, in _parse_scope_text
    ipaddress.IPv4Address(item)
    ~~~~~~~~~~~~~~~~~~~~~^^^^^^
  File "C:\Users\allie\anaconda3\Lib\ipaddress.py", line 1319, in __init__
    self._ip = self._ip_int_from_string(addr_str)
               ~~~~~~~~~~~~~~~~~~~~~~~~^^^^^^^^^^
  File "C:\Users\allie\anaconda3\Lib\ipaddress.py", line 1206, in _ip_int_from_string
    raise AddressValueError("Expected 4 octets in %r" % ip_str)
ipaddress.AddressValueError: Expected 4 octets in '*.lab.local'
2026-05-15 20:24:16 - huginn - DEBUG - Suppressed exception
Traceback (most recent call last):
  File "C:\Users\allie\Coding Projects\huggin_suite\huginn\app\core\scope_manager.py", line 62, in _parse_scope_text
    ipaddress.IPv4Address(item)
    ~~~~~~~~~~~~~~~~~~~~~^^^^^^
  File "C:\Users\allie\anaconda3\Lib\ipaddress.py", line 1319, in __init__
    self._ip = self._ip_int_from_string(addr_str)
               ~~~~~~~~~~~~~~~~~~~~~~~~^^^^^^^^^^
  File "C:\Users\allie\anaconda3\Lib\ipaddress.py", line 1206, in _ip_int_from_string
    raise AddressValueError("Expected 4 octets in %r" % ip_str)
ipaddress.AddressValueError: Expected 4 octets in '*.lab.local'
2026-05-15 20:24:16 - huginn - DEBUG - Credentials saved (encrypted) for profile 'LAB'
2026-05-15 20:24:16 - huginn - DEBUG - Credentials saved (encrypted) for profile 'LAB'
2026-05-15 20:24:16 - huginn - DEBUG - Credentials saved (encrypted) for profile 'LAB'
2026-05-15 20:24:16 - huginn - DEBUG - Suppressed exception
Traceback (most recent call last):
  File "C:\Users\allie\Coding Projects\huggin_suite\huginn\app\core\scope_manager.py", line 62, in _parse_scope_text
    ipaddress.IPv4Address(item)
    ~~~~~~~~~~~~~~~~~~~~~^^^^^^
  File "C:\Users\allie\anaconda3\Lib\ipaddress.py", line 1319, in __init__
    self._ip = self._ip_int_from_string(addr_str)
               ~~~~~~~~~~~~~~~~~~~~~~~~^^^^^^^^^^
  File "C:\Users\allie\anaconda3\Lib\ipaddress.py", line 1206, in _ip_int_from_string
    raise AddressValueError("Expected 4 octets in %r" % ip_str)
ipaddress.AddressValueError: Expected 4 octets in '*.lab.local'
2026-05-15 20:25:05 - huginn - DEBUG - Memory monitoring stopped
2026-05-15 20:25:05 - huginn - DEBUG - Connection pool closed all sessions
2026-05-15 20:25:05 - huginn - INFO - Update manager stopped during cleanup
2026-05-15 20:25:55 - huginn - INFO - License saved successfully
2026-05-15 20:25:55 - huginn - INFO - License loaded and validated successfully
2026-05-15 20:25:55 - huginn - INFO - Application starting...
2026-05-15 20:25:55 - huginn - INFO - Font loaded successfully
2026-05-15 20:25:55 - huginn - INFO - Stylesheet loaded successfully
2026-05-15 20:25:55 - huginn - INFO - Creating main window...
2026-05-15 20:25:55 - huginn - INFO - QThreadPool max threads set to 32 (CPUs: 32)
2026-05-15 20:25:55 - huginn - INFO - Custom font 'Neuropol X' loaded from C:\Users\allie\Coding Projects\huggin_suite\huginn\resources\fonts\neuropol.otf
2026-05-15 20:25:55 - huginn - DEBUG - Suppressed exception
Traceback (most recent call last):
  File "C:\Users\allie\Coding Projects\huggin_suite\huginn\app\pages\page_registry.py", line 45, in register_all_pages
    from app.pages.db_attacks_page import DBAttacksPage
ImportError: cannot import name 'DBAttacksPage' from 'app.pages.db_attacks_page' (C:\Users\allie\Coding Projects\huggin_suite\huginn\app\pages\db_attacks_page.py)
2026-05-15 20:25:57 - huginn - DEBUG - Credentials loaded for profile 'default'
2026-05-15 20:25:58 - huginn - DEBUG - Credentials saved (encrypted) for profile 'default'
2026-05-15 20:25:58 - huginn - DEBUG - Credentials loaded for profile 'LAB'
2026-05-15 20:25:58 - huginn - DEBUG - Suppressed exception
Traceback (most recent call last):
  File "C:\Users\allie\Coding Projects\huggin_suite\huginn\app\core\scope_manager.py", line 62, in _parse_scope_text
    ipaddress.IPv4Address(item)
    ~~~~~~~~~~~~~~~~~~~~~^^^^^^
  File "C:\Users\allie\anaconda3\Lib\ipaddress.py", line 1319, in __init__
    self._ip = self._ip_int_from_string(addr_str)
               ~~~~~~~~~~~~~~~~~~~~~~~~^^^^^^^^^^
  File "C:\Users\allie\anaconda3\Lib\ipaddress.py", line 1206, in _ip_int_from_string
    raise AddressValueError("Expected 4 octets in %r" % ip_str)
ipaddress.AddressValueError: Expected 4 octets in '*.lab.local'
2026-05-15 20:25:58 - huginn - DEBUG - Suppressed exception
Traceback (most recent call last):
  File "C:\Users\allie\Coding Projects\huggin_suite\huginn\app\core\scope_manager.py", line 62, in _parse_scope_text
    ipaddress.IPv4Address(item)
    ~~~~~~~~~~~~~~~~~~~~~^^^^^^
  File "C:\Users\allie\anaconda3\Lib\ipaddress.py", line 1319, in __init__
    self._ip = self._ip_int_from_string(addr_str)
               ~~~~~~~~~~~~~~~~~~~~~~~~^^^^^^^^^^
  File "C:\Users\allie\anaconda3\Lib\ipaddress.py", line 1206, in _ip_int_from_string
    raise AddressValueError("Expected 4 octets in %r" % ip_str)
ipaddress.AddressValueError: Expected 4 octets in '*.lab.local'
2026-05-15 20:25:58 - huginn - DEBUG - Credentials saved (encrypted) for profile 'LAB'
2026-05-15 20:25:58 - huginn - DEBUG - Credentials saved (encrypted) for profile 'LAB'
2026-05-15 20:25:58 - huginn - DEBUG - Credentials saved (encrypted) for profile 'LAB'
2026-05-15 20:25:58 - huginn - DEBUG - Suppressed exception
Traceback (most recent call last):
  File "C:\Users\allie\Coding Projects\huggin_suite\huginn\app\core\scope_manager.py", line 62, in _parse_scope_text
    ipaddress.IPv4Address(item)
    ~~~~~~~~~~~~~~~~~~~~~^^^^^^
  File "C:\Users\allie\anaconda3\Lib\ipaddress.py", line 1319, in __init__
    self._ip = self._ip_int_from_string(addr_str)
               ~~~~~~~~~~~~~~~~~~~~~~~~^^^^^^^^^^
  File "C:\Users\allie\anaconda3\Lib\ipaddress.py", line 1206, in _ip_int_from_string
    raise AddressValueError("Expected 4 octets in %r" % ip_str)
ipaddress.AddressValueError: Expected 4 octets in '*.lab.local'
2026-05-15 20:33:57 - huginn - DEBUG - Memory monitoring stopped
2026-05-15 20:33:57 - huginn - DEBUG - Connection pool closed all sessions
2026-05-15 20:33:58 - huginn - INFO - Update manager stopped during cleanup
2026-05-15 20:40:28 - huginn - DEBUG - Suppressed exception
Traceback (most recent call last):
  File "c:\Users\allie\Coding Projects\huggin_suite\huginn\app\core\asset_manager.py", line 101, in init_database
    conn.execute("ALTER TABLE assets ADD COLUMN fqdn TEXT DEFAULT ''")
    ~~~~~~~~~~~~^^^^^^^^^^^^^^^^^^^^^^^^^^^^^^^^^^^^^^^^^^^^^^^^^^^^^^
sqlite3.OperationalError: duplicate column name: fqdn
2026-05-15 20:40:28 - huginn - DEBUG - Suppressed exception
Traceback (most recent call last):
  File "c:\Users\allie\Coding Projects\huggin_suite\huginn\app\core\asset_manager.py", line 108, in init_database
    conn.execute("ALTER TABLE assets ADD COLUMN mac_address TEXT DEFAULT ''")
    ~~~~~~~~~~~~^^^^^^^^^^^^^^^^^^^^^^^^^^^^^^^^^^^^^^^^^^^^^^^^^^^^^^^^^^^^^
sqlite3.OperationalError: duplicate column name: mac_address
2026-05-15 20:40:28 - huginn - DEBUG - Suppressed exception
Traceback (most recent call last):
  File "c:\Users\allie\Coding Projects\huggin_suite\huginn\app\core\asset_manager.py", line 115, in init_database
    conn.execute("ALTER TABLE assets ADD COLUMN vendor TEXT DEFAULT ''")
    ~~~~~~~~~~~~^^^^^^^^^^^^^^^^^^^^^^^^^^^^^^^^^^^^^^^^^^^^^^^^^^^^^^^^
sqlite3.OperationalError: duplicate column name: vendor
2026-05-15 20:40:28 - huginn - DEBUG - Suppressed exception
Traceback (most recent call last):
  File "c:\Users\allie\Coding Projects\huggin_suite\huginn\app\core\asset_manager.py", line 122, in init_database
    conn.execute("ALTER TABLE assets ADD COLUMN notes TEXT DEFAULT ''")
    ~~~~~~~~~~~~^^^^^^^^^^^^^^^^^^^^^^^^^^^^^^^^^^^^^^^^^^^^^^^^^^^^^^^
sqlite3.OperationalError: duplicate column name: notes
2026-05-15 20:40:28 - huginn - INFO - Using default configuration
2026-05-15 20:40:30 - huginn - INFO - License saved successfully
2026-05-15 20:40:30 - huginn - INFO - License loaded and validated successfully
2026-05-15 20:40:45 - huginn - DEBUG - Suppressed exception
Traceback (most recent call last):
  File "c:\Users\allie\Coding Projects\huggin_suite\huginn\app\core\asset_manager.py", line 101, in init_database
    conn.execute("ALTER TABLE assets ADD COLUMN fqdn TEXT DEFAULT ''")
    ~~~~~~~~~~~~^^^^^^^^^^^^^^^^^^^^^^^^^^^^^^^^^^^^^^^^^^^^^^^^^^^^^^
sqlite3.OperationalError: duplicate column name: fqdn
2026-05-15 20:40:45 - huginn - DEBUG - Suppressed exception
Traceback (most recent call last):
  File "c:\Users\allie\Coding Projects\huggin_suite\huginn\app\core\asset_manager.py", line 108, in init_database
    conn.execute("ALTER TABLE assets ADD COLUMN mac_address TEXT DEFAULT ''")
    ~~~~~~~~~~~~^^^^^^^^^^^^^^^^^^^^^^^^^^^^^^^^^^^^^^^^^^^^^^^^^^^^^^^^^^^^^
sqlite3.OperationalError: duplicate column name: mac_address
2026-05-15 20:40:45 - huginn - DEBUG - Suppressed exception
Traceback (most recent call last):
  File "c:\Users\allie\Coding Projects\huggin_suite\huginn\app\core\asset_manager.py", line 115, in init_database
    conn.execute("ALTER TABLE assets ADD COLUMN vendor TEXT DEFAULT ''")
    ~~~~~~~~~~~~^^^^^^^^^^^^^^^^^^^^^^^^^^^^^^^^^^^^^^^^^^^^^^^^^^^^^^^^
sqlite3.OperationalError: duplicate column name: vendor
2026-05-15 20:40:45 - huginn - DEBUG - Suppressed exception
Traceback (most recent call last):
  File "c:\Users\allie\Coding Projects\huggin_suite\huginn\app\core\asset_manager.py", line 122, in init_database
    conn.execute("ALTER TABLE assets ADD COLUMN notes TEXT DEFAULT ''")
    ~~~~~~~~~~~~^^^^^^^^^^^^^^^^^^^^^^^^^^^^^^^^^^^^^^^^^^^^^^^^^^^^^^^
sqlite3.OperationalError: duplicate column name: notes
2026-05-15 20:40:45 - huginn - INFO - Using default configuration
2026-05-15 20:40:48 - huginn - INFO - License saved successfully
2026-05-15 20:40:48 - huginn - INFO - License loaded and validated successfully
2026-05-15 20:43:43 - huginn - INFO - License saved successfully
2026-05-15 20:43:43 - huginn - INFO - License loaded and validated successfully
2026-05-15 20:43:43 - huginn - INFO - Application starting...
2026-05-15 20:43:43 - huginn - INFO - Font loaded successfully
2026-05-15 20:43:43 - huginn - INFO - Stylesheet loaded successfully
2026-05-15 20:43:43 - huginn - INFO - Creating main window...
2026-05-15 20:43:43 - huginn - INFO - QThreadPool max threads set to 32 (CPUs: 32)
2026-05-15 20:43:43 - huginn - INFO - Custom font 'Neuropol X' loaded from C:\Users\allie\Coding Projects\huggin_suite\huginn\resources\fonts\neuropol.otf
2026-05-15 20:43:43 - huginn - DEBUG - Suppressed exception
Traceback (most recent call last):
  File "C:\Users\allie\Coding Projects\huggin_suite\huginn\app\pages\page_registry.py", line 45, in register_all_pages
    from app.pages.db_attacks_page import DBAttacksPage
ImportError: cannot import name 'DBAttacksPage' from 'app.pages.db_attacks_page' (C:\Users\allie\Coding Projects\huggin_suite\huginn\app\pages\db_attacks_page.py)
2026-05-15 20:43:45 - huginn - DEBUG - Credentials loaded for profile 'default'
2026-05-15 20:43:46 - huginn - DEBUG - Credentials saved (encrypted) for profile 'default'
2026-05-15 20:43:46 - huginn - DEBUG - Credentials loaded for profile 'LAB'
2026-05-15 20:43:46 - huginn - DEBUG - Suppressed exception
Traceback (most recent call last):
  File "C:\Users\allie\Coding Projects\huggin_suite\huginn\app\core\scope_manager.py", line 62, in _parse_scope_text
    ipaddress.IPv4Address(item)
    ~~~~~~~~~~~~~~~~~~~~~^^^^^^
  File "C:\Users\allie\anaconda3\Lib\ipaddress.py", line 1319, in __init__
    self._ip = self._ip_int_from_string(addr_str)
               ~~~~~~~~~~~~~~~~~~~~~~~~^^^^^^^^^^
  File "C:\Users\allie\anaconda3\Lib\ipaddress.py", line 1206, in _ip_int_from_string
    raise AddressValueError("Expected 4 octets in %r" % ip_str)
ipaddress.AddressValueError: Expected 4 octets in '*.lab.local'
2026-05-15 20:43:46 - huginn - DEBUG - Suppressed exception
Traceback (most recent call last):
  File "C:\Users\allie\Coding Projects\huggin_suite\huginn\app\core\scope_manager.py", line 62, in _parse_scope_text
    ipaddress.IPv4Address(item)
    ~~~~~~~~~~~~~~~~~~~~~^^^^^^
  File "C:\Users\allie\anaconda3\Lib\ipaddress.py", line 1319, in __init__
    self._ip = self._ip_int_from_string(addr_str)
               ~~~~~~~~~~~~~~~~~~~~~~~~^^^^^^^^^^
  File "C:\Users\allie\anaconda3\Lib\ipaddress.py", line 1206, in _ip_int_from_string
    raise AddressValueError("Expected 4 octets in %r" % ip_str)
ipaddress.AddressValueError: Expected 4 octets in '*.lab.local'
2026-05-15 20:43:46 - huginn - DEBUG - Credentials saved (encrypted) for profile 'LAB'
2026-05-15 20:43:46 - huginn - DEBUG - Credentials saved (encrypted) for profile 'LAB'
2026-05-15 20:43:46 - huginn - DEBUG - Credentials saved (encrypted) for profile 'LAB'
2026-05-15 20:43:46 - huginn - DEBUG - Suppressed exception
Traceback (most recent call last):
  File "C:\Users\allie\Coding Projects\huggin_suite\huginn\app\core\scope_manager.py", line 62, in _parse_scope_text
    ipaddress.IPv4Address(item)
    ~~~~~~~~~~~~~~~~~~~~~^^^^^^
  File "C:\Users\allie\anaconda3\Lib\ipaddress.py", line 1319, in __init__
    self._ip = self._ip_int_from_string(addr_str)
               ~~~~~~~~~~~~~~~~~~~~~~~~^^^^^^^^^^
  File "C:\Users\allie\anaconda3\Lib\ipaddress.py", line 1206, in _ip_int_from_string
    raise AddressValueError("Expected 4 octets in %r" % ip_str)
ipaddress.AddressValueError: Expected 4 octets in '*.lab.local'
2026-05-15 20:46:40 - huginn - DEBUG - Memory monitoring stopped
2026-05-15 20:46:40 - huginn - DEBUG - Connection pool closed all sessions
2026-05-15 20:46:40 - huginn - INFO - Update manager stopped during cleanup
2026-05-15 20:46:51 - huginn - DEBUG - Suppressed exception
Traceback (most recent call last):
  File "c:\Users\allie\Coding Projects\huggin_suite\huginn\app\core\asset_manager.py", line 101, in init_database
    conn.execute("ALTER TABLE assets ADD COLUMN fqdn TEXT DEFAULT ''")
    ~~~~~~~~~~~~^^^^^^^^^^^^^^^^^^^^^^^^^^^^^^^^^^^^^^^^^^^^^^^^^^^^^^
sqlite3.OperationalError: duplicate column name: fqdn
2026-05-15 20:46:51 - huginn - DEBUG - Suppressed exception
Traceback (most recent call last):
  File "c:\Users\allie\Coding Projects\huggin_suite\huginn\app\core\asset_manager.py", line 108, in init_database
    conn.execute("ALTER TABLE assets ADD COLUMN mac_address TEXT DEFAULT ''")
    ~~~~~~~~~~~~^^^^^^^^^^^^^^^^^^^^^^^^^^^^^^^^^^^^^^^^^^^^^^^^^^^^^^^^^^^^^
sqlite3.OperationalError: duplicate column name: mac_address
2026-05-15 20:46:51 - huginn - DEBUG - Suppressed exception
Traceback (most recent call last):
  File "c:\Users\allie\Coding Projects\huggin_suite\huginn\app\core\asset_manager.py", line 115, in init_database
    conn.execute("ALTER TABLE assets ADD COLUMN vendor TEXT DEFAULT ''")
    ~~~~~~~~~~~~^^^^^^^^^^^^^^^^^^^^^^^^^^^^^^^^^^^^^^^^^^^^^^^^^^^^^^^^
sqlite3.OperationalError: duplicate column name: vendor
2026-05-15 20:46:51 - huginn - DEBUG - Suppressed exception
Traceback (most recent call last):
  File "c:\Users\allie\Coding Projects\huggin_suite\huginn\app\core\asset_manager.py", line 122, in init_database
    conn.execute("ALTER TABLE assets ADD COLUMN notes TEXT DEFAULT ''")
    ~~~~~~~~~~~~^^^^^^^^^^^^^^^^^^^^^^^^^^^^^^^^^^^^^^^^^^^^^^^^^^^^^^^
sqlite3.OperationalError: duplicate column name: notes
2026-05-15 20:46:51 - huginn - INFO - Using default configuration
2026-05-15 20:46:53 - huginn - INFO - License saved successfully
2026-05-15 20:46:53 - huginn - INFO - License loaded and validated successfully
2026-05-15 20:48:49 - huginn - DEBUG - Suppressed exception
Traceback (most recent call last):
  File "c:\Users\allie\Coding Projects\huggin_suite\huginn\app\core\asset_manager.py", line 101, in init_database
    conn.execute("ALTER TABLE assets ADD COLUMN fqdn TEXT DEFAULT ''")
    ~~~~~~~~~~~~^^^^^^^^^^^^^^^^^^^^^^^^^^^^^^^^^^^^^^^^^^^^^^^^^^^^^^
sqlite3.OperationalError: duplicate column name: fqdn
2026-05-15 20:48:49 - huginn - DEBUG - Suppressed exception
Traceback (most recent call last):
  File "c:\Users\allie\Coding Projects\huggin_suite\huginn\app\core\asset_manager.py", line 108, in init_database
    conn.execute("ALTER TABLE assets ADD COLUMN mac_address TEXT DEFAULT ''")
    ~~~~~~~~~~~~^^^^^^^^^^^^^^^^^^^^^^^^^^^^^^^^^^^^^^^^^^^^^^^^^^^^^^^^^^^^^
sqlite3.OperationalError: duplicate column name: mac_address
2026-05-15 20:48:49 - huginn - DEBUG - Suppressed exception
Traceback (most recent call last):
  File "c:\Users\allie\Coding Projects\huggin_suite\huginn\app\core\asset_manager.py", line 115, in init_database
    conn.execute("ALTER TABLE assets ADD COLUMN vendor TEXT DEFAULT ''")
    ~~~~~~~~~~~~^^^^^^^^^^^^^^^^^^^^^^^^^^^^^^^^^^^^^^^^^^^^^^^^^^^^^^^^
sqlite3.OperationalError: duplicate column name: vendor
2026-05-15 20:48:49 - huginn - DEBUG - Suppressed exception
Traceback (most recent call last):
  File "c:\Users\allie\Coding Projects\huggin_suite\huginn\app\core\asset_manager.py", line 122, in init_database
    conn.execute("ALTER TABLE assets ADD COLUMN notes TEXT DEFAULT ''")
    ~~~~~~~~~~~~^^^^^^^^^^^^^^^^^^^^^^^^^^^^^^^^^^^^^^^^^^^^^^^^^^^^^^^
sqlite3.OperationalError: duplicate column name: notes
2026-05-15 20:48:50 - huginn - INFO - Using default configuration
2026-05-15 20:48:52 - huginn - INFO - License saved successfully
2026-05-15 20:48:52 - huginn - INFO - License loaded and validated successfully
2026-05-15 20:48:58 - huginn - DEBUG - Suppressed exception
Traceback (most recent call last):
  File "c:\Users\allie\Coding Projects\huggin_suite\huginn\app\core\asset_manager.py", line 101, in init_database
    conn.execute("ALTER TABLE assets ADD COLUMN fqdn TEXT DEFAULT ''")
    ~~~~~~~~~~~~^^^^^^^^^^^^^^^^^^^^^^^^^^^^^^^^^^^^^^^^^^^^^^^^^^^^^^
sqlite3.OperationalError: duplicate column name: fqdn
2026-05-15 20:48:58 - huginn - DEBUG - Suppressed exception
Traceback (most recent call last):
  File "c:\Users\allie\Coding Projects\huggin_suite\huginn\app\core\asset_manager.py", line 108, in init_database
    conn.execute("ALTER TABLE assets ADD COLUMN mac_address TEXT DEFAULT ''")
    ~~~~~~~~~~~~^^^^^^^^^^^^^^^^^^^^^^^^^^^^^^^^^^^^^^^^^^^^^^^^^^^^^^^^^^^^^
sqlite3.OperationalError: duplicate column name: mac_address
2026-05-15 20:48:58 - huginn - DEBUG - Suppressed exception
Traceback (most recent call last):
  File "c:\Users\allie\Coding Projects\huggin_suite\huginn\app\core\asset_manager.py", line 115, in init_database
    conn.execute("ALTER TABLE assets ADD COLUMN vendor TEXT DEFAULT ''")
    ~~~~~~~~~~~~^^^^^^^^^^^^^^^^^^^^^^^^^^^^^^^^^^^^^^^^^^^^^^^^^^^^^^^^
sqlite3.OperationalError: duplicate column name: vendor
2026-05-15 20:48:58 - huginn - DEBUG - Suppressed exception
Traceback (most recent call last):
  File "c:\Users\allie\Coding Projects\huggin_suite\huginn\app\core\asset_manager.py", line 122, in init_database
    conn.execute("ALTER TABLE assets ADD COLUMN notes TEXT DEFAULT ''")
    ~~~~~~~~~~~~^^^^^^^^^^^^^^^^^^^^^^^^^^^^^^^^^^^^^^^^^^^^^^^^^^^^^^^
sqlite3.OperationalError: duplicate column name: notes
2026-05-15 20:48:58 - huginn - INFO - Using default configuration
2026-05-15 20:49:00 - huginn - INFO - License saved successfully
2026-05-15 20:49:00 - huginn - INFO - License loaded and validated successfully
2026-05-15 20:49:15 - huginn - DEBUG - Suppressed exception
Traceback (most recent call last):
  File "c:\Users\allie\Coding Projects\huggin_suite\huginn\app\core\asset_manager.py", line 101, in init_database
    conn.execute("ALTER TABLE assets ADD COLUMN fqdn TEXT DEFAULT ''")
    ~~~~~~~~~~~~^^^^^^^^^^^^^^^^^^^^^^^^^^^^^^^^^^^^^^^^^^^^^^^^^^^^^^
sqlite3.OperationalError: duplicate column name: fqdn
2026-05-15 20:49:15 - huginn - DEBUG - Suppressed exception
Traceback (most recent call last):
  File "c:\Users\allie\Coding Projects\huggin_suite\huginn\app\core\asset_manager.py", line 108, in init_database
    conn.execute("ALTER TABLE assets ADD COLUMN mac_address TEXT DEFAULT ''")
    ~~~~~~~~~~~~^^^^^^^^^^^^^^^^^^^^^^^^^^^^^^^^^^^^^^^^^^^^^^^^^^^^^^^^^^^^^
sqlite3.OperationalError: duplicate column name: mac_address
2026-05-15 20:49:15 - huginn - DEBUG - Suppressed exception
Traceback (most recent call last):
  File "c:\Users\allie\Coding Projects\huggin_suite\huginn\app\core\asset_manager.py", line 115, in init_database
    conn.execute("ALTER TABLE assets ADD COLUMN vendor TEXT DEFAULT ''")
    ~~~~~~~~~~~~^^^^^^^^^^^^^^^^^^^^^^^^^^^^^^^^^^^^^^^^^^^^^^^^^^^^^^^^
sqlite3.OperationalError: duplicate column name: vendor
2026-05-15 20:49:15 - huginn - DEBUG - Suppressed exception
Traceback (most recent call last):
  File "c:\Users\allie\Coding Projects\huggin_suite\huginn\app\core\asset_manager.py", line 122, in init_database
    conn.execute("ALTER TABLE assets ADD COLUMN notes TEXT DEFAULT ''")
    ~~~~~~~~~~~~^^^^^^^^^^^^^^^^^^^^^^^^^^^^^^^^^^^^^^^^^^^^^^^^^^^^^^^
sqlite3.OperationalError: duplicate column name: notes
2026-05-15 20:49:15 - huginn - INFO - Using default configuration
2026-05-15 20:49:18 - huginn - INFO - License saved successfully
2026-05-15 20:49:18 - huginn - INFO - License loaded and validated successfully
2026-05-15 20:49:35 - huginn - DEBUG - Suppressed exception
Traceback (most recent call last):
  File "c:\Users\allie\Coding Projects\huggin_suite\huginn\app\core\asset_manager.py", line 101, in init_database
    conn.execute("ALTER TABLE assets ADD COLUMN fqdn TEXT DEFAULT ''")
    ~~~~~~~~~~~~^^^^^^^^^^^^^^^^^^^^^^^^^^^^^^^^^^^^^^^^^^^^^^^^^^^^^^
sqlite3.OperationalError: duplicate column name: fqdn
2026-05-15 20:49:35 - huginn - DEBUG - Suppressed exception
Traceback (most recent call last):
  File "c:\Users\allie\Coding Projects\huggin_suite\huginn\app\core\asset_manager.py", line 108, in init_database
    conn.execute("ALTER TABLE assets ADD COLUMN mac_address TEXT DEFAULT ''")
    ~~~~~~~~~~~~^^^^^^^^^^^^^^^^^^^^^^^^^^^^^^^^^^^^^^^^^^^^^^^^^^^^^^^^^^^^^
sqlite3.OperationalError: duplicate column name: mac_address
2026-05-15 20:49:35 - huginn - DEBUG - Suppressed exception
Traceback (most recent call last):
  File "c:\Users\allie\Coding Projects\huggin_suite\huginn\app\core\asset_manager.py", line 115, in init_database
    conn.execute("ALTER TABLE assets ADD COLUMN vendor TEXT DEFAULT ''")
    ~~~~~~~~~~~~^^^^^^^^^^^^^^^^^^^^^^^^^^^^^^^^^^^^^^^^^^^^^^^^^^^^^^^^
sqlite3.OperationalError: duplicate column name: vendor
2026-05-15 20:49:35 - huginn - DEBUG - Suppressed exception
Traceback (most recent call last):
  File "c:\Users\allie\Coding Projects\huggin_suite\huginn\app\core\asset_manager.py", line 122, in init_database
    conn.execute("ALTER TABLE assets ADD COLUMN notes TEXT DEFAULT ''")
    ~~~~~~~~~~~~^^^^^^^^^^^^^^^^^^^^^^^^^^^^^^^^^^^^^^^^^^^^^^^^^^^^^^^
sqlite3.OperationalError: duplicate column name: notes
2026-05-15 20:49:36 - huginn - INFO - Using default configuration
2026-05-15 20:49:38 - huginn - INFO - License saved successfully
2026-05-15 20:49:38 - huginn - INFO - License loaded and validated successfully
2026-05-15 21:58:37 - huginn - INFO - License saved successfully
2026-05-15 21:58:37 - huginn - INFO - License loaded and validated successfully
2026-05-15 21:58:37 - huginn - INFO - Application starting...
2026-05-15 21:58:37 - huginn - INFO - Font loaded successfully
2026-05-15 21:58:37 - huginn - INFO - Stylesheet loaded successfully
2026-05-15 21:58:37 - huginn - INFO - Creating main window...
2026-05-15 21:58:37 - huginn - INFO - QThreadPool max threads set to 32 (CPUs: 32)
2026-05-15 21:58:37 - huginn - INFO - Custom font 'Neuropol X' loaded from C:\Users\allie\Coding Projects\huggin_suite\huginn\resources\fonts\neuropol.otf
2026-05-15 21:58:37 - huginn - DEBUG - Suppressed exception
Traceback (most recent call last):
  File "C:\Users\allie\Coding Projects\huggin_suite\huginn\app\pages\page_registry.py", line 45, in register_all_pages
    from app.pages.db_attacks_page import DBAttacksPage
ImportError: cannot import name 'DBAttacksPage' from 'app.pages.db_attacks_page' (C:\Users\allie\Coding Projects\huggin_suite\huginn\app\pages\db_attacks_page.py)
2026-05-15 21:58:38 - huginn - DEBUG - Credentials loaded for profile 'default'
2026-05-15 21:58:40 - huginn - DEBUG - Credentials saved (encrypted) for profile 'default'
2026-05-15 21:58:40 - huginn - DEBUG - Credentials loaded for profile 'LAB'
2026-05-15 21:58:40 - huginn - DEBUG - Suppressed exception
Traceback (most recent call last):
  File "C:\Users\allie\Coding Projects\huggin_suite\huginn\app\core\scope_manager.py", line 62, in _parse_scope_text
    ipaddress.IPv4Address(item)
    ~~~~~~~~~~~~~~~~~~~~~^^^^^^
  File "C:\Users\allie\anaconda3\Lib\ipaddress.py", line 1319, in __init__
    self._ip = self._ip_int_from_string(addr_str)
               ~~~~~~~~~~~~~~~~~~~~~~~~^^^^^^^^^^
  File "C:\Users\allie\anaconda3\Lib\ipaddress.py", line 1206, in _ip_int_from_string
    raise AddressValueError("Expected 4 octets in %r" % ip_str)
ipaddress.AddressValueError: Expected 4 octets in '*.lab.local'
2026-05-15 21:58:40 - huginn - DEBUG - Suppressed exception
Traceback (most recent call last):
  File "C:\Users\allie\Coding Projects\huggin_suite\huginn\app\core\scope_manager.py", line 62, in _parse_scope_text
    ipaddress.IPv4Address(item)
    ~~~~~~~~~~~~~~~~~~~~~^^^^^^
  File "C:\Users\allie\anaconda3\Lib\ipaddress.py", line 1319, in __init__
    self._ip = self._ip_int_from_string(addr_str)
               ~~~~~~~~~~~~~~~~~~~~~~~~^^^^^^^^^^
  File "C:\Users\allie\anaconda3\Lib\ipaddress.py", line 1206, in _ip_int_from_string
    raise AddressValueError("Expected 4 octets in %r" % ip_str)
ipaddress.AddressValueError: Expected 4 octets in '*.lab.local'
2026-05-15 21:58:40 - huginn - DEBUG - Credentials saved (encrypted) for profile 'LAB'
2026-05-15 21:58:40 - huginn - DEBUG - Credentials saved (encrypted) for profile 'LAB'
2026-05-15 21:58:40 - huginn - DEBUG - Credentials saved (encrypted) for profile 'LAB'
2026-05-15 21:58:40 - huginn - DEBUG - Suppressed exception
Traceback (most recent call last):
  File "C:\Users\allie\Coding Projects\huggin_suite\huginn\app\core\scope_manager.py", line 62, in _parse_scope_text
    ipaddress.IPv4Address(item)
    ~~~~~~~~~~~~~~~~~~~~~^^^^^^
  File "C:\Users\allie\anaconda3\Lib\ipaddress.py", line 1319, in __init__
    self._ip = self._ip_int_from_string(addr_str)
               ~~~~~~~~~~~~~~~~~~~~~~~~^^^^^^^^^^
  File "C:\Users\allie\anaconda3\Lib\ipaddress.py", line 1206, in _ip_int_from_string
    raise AddressValueError("Expected 4 octets in %r" % ip_str)
ipaddress.AddressValueError: Expected 4 octets in '*.lab.local'
2026-05-15 22:02:32 - huginn - DEBUG - Suppressed exception
Traceback (most recent call last):
  File "c:\Users\allie\Coding Projects\huggin_suite\huginn\app\core\asset_manager.py", line 101, in init_database
    conn.execute("ALTER TABLE assets ADD COLUMN fqdn TEXT DEFAULT ''")
    ~~~~~~~~~~~~^^^^^^^^^^^^^^^^^^^^^^^^^^^^^^^^^^^^^^^^^^^^^^^^^^^^^^
sqlite3.OperationalError: duplicate column name: fqdn
2026-05-15 22:02:32 - huginn - DEBUG - Suppressed exception
Traceback (most recent call last):
  File "c:\Users\allie\Coding Projects\huggin_suite\huginn\app\core\asset_manager.py", line 108, in init_database
    conn.execute("ALTER TABLE assets ADD COLUMN mac_address TEXT DEFAULT ''")
    ~~~~~~~~~~~~^^^^^^^^^^^^^^^^^^^^^^^^^^^^^^^^^^^^^^^^^^^^^^^^^^^^^^^^^^^^^
sqlite3.OperationalError: duplicate column name: mac_address
2026-05-15 22:02:32 - huginn - DEBUG - Suppressed exception
Traceback (most recent call last):
  File "c:\Users\allie\Coding Projects\huggin_suite\huginn\app\core\asset_manager.py", line 115, in init_database
    conn.execute("ALTER TABLE assets ADD COLUMN vendor TEXT DEFAULT ''")
    ~~~~~~~~~~~~^^^^^^^^^^^^^^^^^^^^^^^^^^^^^^^^^^^^^^^^^^^^^^^^^^^^^^^^
sqlite3.OperationalError: duplicate column name: vendor
2026-05-15 22:02:32 - huginn - DEBUG - Suppressed exception
Traceback (most recent call last):
  File "c:\Users\allie\Coding Projects\huggin_suite\huginn\app\core\asset_manager.py", line 122, in init_database
    conn.execute("ALTER TABLE assets ADD COLUMN notes TEXT DEFAULT ''")
    ~~~~~~~~~~~~^^^^^^^^^^^^^^^^^^^^^^^^^^^^^^^^^^^^^^^^^^^^^^^^^^^^^^^
sqlite3.OperationalError: duplicate column name: notes
2026-05-15 22:02:32 - huginn - INFO - Using default configuration
2026-05-15 22:02:33 - huginn - DEBUG - Memory monitoring stopped
2026-05-15 22:02:33 - huginn - DEBUG - Connection pool closed all sessions
2026-05-15 22:02:33 - huginn - INFO - Update manager stopped during cleanup
2026-05-15 22:02:34 - huginn - INFO - License saved successfully
2026-05-15 22:02:34 - huginn - INFO - License loaded and validated successfully
2026-05-15 22:02:46 - huginn - INFO - License saved successfully
2026-05-15 22:02:46 - huginn - INFO - License loaded and validated successfully
2026-05-15 22:02:46 - huginn - INFO - Application starting...
2026-05-15 22:02:46 - huginn - INFO - Font loaded successfully
2026-05-15 22:02:46 - huginn - INFO - Stylesheet loaded successfully
2026-05-15 22:02:46 - huginn - INFO - Creating main window...
2026-05-15 22:02:46 - huginn - INFO - QThreadPool max threads set to 32 (CPUs: 32)
2026-05-15 22:02:46 - huginn - INFO - Custom font 'Neuropol X' loaded from C:\Users\allie\Coding Projects\huggin_suite\huginn\resources\fonts\neuropol.otf
2026-05-15 22:02:46 - huginn - DEBUG - Suppressed exception
Traceback (most recent call last):
  File "C:\Users\allie\Coding Projects\huggin_suite\huginn\app\pages\page_registry.py", line 45, in register_all_pages
    from app.pages.db_attacks_page import DBAttacksPage
ImportError: cannot import name 'DBAttacksPage' from 'app.pages.db_attacks_page' (C:\Users\allie\Coding Projects\huggin_suite\huginn\app\pages\db_attacks_page.py)
2026-05-15 22:02:47 - huginn - DEBUG - Credentials loaded for profile 'default'
2026-05-15 22:02:49 - huginn - DEBUG - Suppressed exception
Traceback (most recent call last):
  File "C:\Users\allie\Coding Projects\huggin_suite\huginn\app\core\asset_manager.py", line 101, in init_database
    conn.execute("ALTER TABLE assets ADD COLUMN fqdn TEXT DEFAULT ''")
    ~~~~~~~~~~~~^^^^^^^^^^^^^^^^^^^^^^^^^^^^^^^^^^^^^^^^^^^^^^^^^^^^^^
sqlite3.OperationalError: duplicate column name: fqdn
2026-05-15 22:02:49 - huginn - DEBUG - Suppressed exception
Traceback (most recent call last):
  File "C:\Users\allie\Coding Projects\huggin_suite\huginn\app\core\asset_manager.py", line 108, in init_database
    conn.execute("ALTER TABLE assets ADD COLUMN mac_address TEXT DEFAULT ''")
    ~~~~~~~~~~~~^^^^^^^^^^^^^^^^^^^^^^^^^^^^^^^^^^^^^^^^^^^^^^^^^^^^^^^^^^^^^
sqlite3.OperationalError: duplicate column name: mac_address
2026-05-15 22:02:49 - huginn - DEBUG - Suppressed exception
Traceback (most recent call last):
  File "C:\Users\allie\Coding Projects\huggin_suite\huginn\app\core\asset_manager.py", line 115, in init_database
    conn.execute("ALTER TABLE assets ADD COLUMN vendor TEXT DEFAULT ''")
    ~~~~~~~~~~~~^^^^^^^^^^^^^^^^^^^^^^^^^^^^^^^^^^^^^^^^^^^^^^^^^^^^^^^^
sqlite3.OperationalError: duplicate column name: vendor
2026-05-15 22:02:49 - huginn - DEBUG - Suppressed exception
Traceback (most recent call last):
  File "C:\Users\allie\Coding Projects\huggin_suite\huginn\app\core\asset_manager.py", line 122, in init_database
    conn.execute("ALTER TABLE assets ADD COLUMN notes TEXT DEFAULT ''")
    ~~~~~~~~~~~~^^^^^^^^^^^^^^^^^^^^^^^^^^^^^^^^^^^^^^^^^^^^^^^^^^^^^^^
sqlite3.OperationalError: duplicate column name: notes
2026-05-15 22:06:42 - huginn - DEBUG - Memory monitoring stopped
2026-05-15 22:06:42 - huginn - DEBUG - Connection pool closed all sessions
2026-05-15 22:06:42 - huginn - INFO - Update manager stopped during cleanup
2026-05-15 22:07:35 - huginn - DEBUG - Suppressed exception
Traceback (most recent call last):
  File "c:\Users\allie\Coding Projects\huggin_suite\huginn\app\core\asset_manager.py", line 101, in init_database
    conn.execute("ALTER TABLE assets ADD COLUMN fqdn TEXT DEFAULT ''")
    ~~~~~~~~~~~~^^^^^^^^^^^^^^^^^^^^^^^^^^^^^^^^^^^^^^^^^^^^^^^^^^^^^^
sqlite3.OperationalError: duplicate column name: fqdn
2026-05-15 22:07:35 - huginn - DEBUG - Suppressed exception
Traceback (most recent call last):
  File "c:\Users\allie\Coding Projects\huggin_suite\huginn\app\core\asset_manager.py", line 108, in init_database
    conn.execute("ALTER TABLE assets ADD COLUMN mac_address TEXT DEFAULT ''")
    ~~~~~~~~~~~~^^^^^^^^^^^^^^^^^^^^^^^^^^^^^^^^^^^^^^^^^^^^^^^^^^^^^^^^^^^^^
sqlite3.OperationalError: duplicate column name: mac_address
2026-05-15 22:07:35 - huginn - DEBUG - Suppressed exception
Traceback (most recent call last):
  File "c:\Users\allie\Coding Projects\huggin_suite\huginn\app\core\asset_manager.py", line 115, in init_database
    conn.execute("ALTER TABLE assets ADD COLUMN vendor TEXT DEFAULT ''")
    ~~~~~~~~~~~~^^^^^^^^^^^^^^^^^^^^^^^^^^^^^^^^^^^^^^^^^^^^^^^^^^^^^^^^
sqlite3.OperationalError: duplicate column name: vendor
2026-05-15 22:07:35 - huginn - DEBUG - Suppressed exception
Traceback (most recent call last):
  File "c:\Users\allie\Coding Projects\huggin_suite\huginn\app\core\asset_manager.py", line 122, in init_database
    conn.execute("ALTER TABLE assets ADD COLUMN notes TEXT DEFAULT ''")
    ~~~~~~~~~~~~^^^^^^^^^^^^^^^^^^^^^^^^^^^^^^^^^^^^^^^^^^^^^^^^^^^^^^^
sqlite3.OperationalError: duplicate column name: notes
2026-05-15 22:07:36 - huginn - INFO - Using default configuration
2026-05-15 22:07:38 - huginn - INFO - License saved successfully
2026-05-15 22:07:38 - huginn - INFO - License loaded and validated successfully
2026-05-15 22:07:44 - huginn - DEBUG - Suppressed exception
Traceback (most recent call last):
  File "c:\Users\allie\Coding Projects\huggin_suite\huginn\app\core\asset_manager.py", line 101, in init_database
    conn.execute("ALTER TABLE assets ADD COLUMN fqdn TEXT DEFAULT ''")
    ~~~~~~~~~~~~^^^^^^^^^^^^^^^^^^^^^^^^^^^^^^^^^^^^^^^^^^^^^^^^^^^^^^
sqlite3.OperationalError: duplicate column name: fqdn
2026-05-15 22:07:44 - huginn - DEBUG - Suppressed exception
Traceback (most recent call last):
  File "c:\Users\allie\Coding Projects\huggin_suite\huginn\app\core\asset_manager.py", line 108, in init_database
    conn.execute("ALTER TABLE assets ADD COLUMN mac_address TEXT DEFAULT ''")
    ~~~~~~~~~~~~^^^^^^^^^^^^^^^^^^^^^^^^^^^^^^^^^^^^^^^^^^^^^^^^^^^^^^^^^^^^^
sqlite3.OperationalError: duplicate column name: mac_address
2026-05-15 22:07:44 - huginn - DEBUG - Suppressed exception
Traceback (most recent call last):
  File "c:\Users\allie\Coding Projects\huggin_suite\huginn\app\core\asset_manager.py", line 115, in init_database
    conn.execute("ALTER TABLE assets ADD COLUMN vendor TEXT DEFAULT ''")
    ~~~~~~~~~~~~^^^^^^^^^^^^^^^^^^^^^^^^^^^^^^^^^^^^^^^^^^^^^^^^^^^^^^^^
sqlite3.OperationalError: duplicate column name: vendor
2026-05-15 22:07:44 - huginn - DEBUG - Suppressed exception
Traceback (most recent call last):
  File "c:\Users\allie\Coding Projects\huggin_suite\huginn\app\core\asset_manager.py", line 122, in init_database
    conn.execute("ALTER TABLE assets ADD COLUMN notes TEXT DEFAULT ''")
    ~~~~~~~~~~~~^^^^^^^^^^^^^^^^^^^^^^^^^^^^^^^^^^^^^^^^^^^^^^^^^^^^^^^
sqlite3.OperationalError: duplicate column name: notes
2026-05-15 22:07:45 - huginn - INFO - Using default configuration
2026-05-15 22:07:47 - huginn - INFO - License saved successfully
2026-05-15 22:07:47 - huginn - INFO - License loaded and validated successfully
2026-05-15 22:08:17 - huginn - DEBUG - Suppressed exception
Traceback (most recent call last):
  File "c:\Users\allie\Coding Projects\huggin_suite\huginn\app\core\asset_manager.py", line 101, in init_database
    conn.execute("ALTER TABLE assets ADD COLUMN fqdn TEXT DEFAULT ''")
    ~~~~~~~~~~~~^^^^^^^^^^^^^^^^^^^^^^^^^^^^^^^^^^^^^^^^^^^^^^^^^^^^^^
sqlite3.OperationalError: duplicate column name: fqdn
2026-05-15 22:08:17 - huginn - DEBUG - Suppressed exception
Traceback (most recent call last):
  File "c:\Users\allie\Coding Projects\huggin_suite\huginn\app\core\asset_manager.py", line 108, in init_database
    conn.execute("ALTER TABLE assets ADD COLUMN mac_address TEXT DEFAULT ''")
    ~~~~~~~~~~~~^^^^^^^^^^^^^^^^^^^^^^^^^^^^^^^^^^^^^^^^^^^^^^^^^^^^^^^^^^^^^
sqlite3.OperationalError: duplicate column name: mac_address
2026-05-15 22:08:17 - huginn - DEBUG - Suppressed exception
Traceback (most recent call last):
  File "c:\Users\allie\Coding Projects\huggin_suite\huginn\app\core\asset_manager.py", line 115, in init_database
    conn.execute("ALTER TABLE assets ADD COLUMN vendor TEXT DEFAULT ''")
    ~~~~~~~~~~~~^^^^^^^^^^^^^^^^^^^^^^^^^^^^^^^^^^^^^^^^^^^^^^^^^^^^^^^^
sqlite3.OperationalError: duplicate column name: vendor
2026-05-15 22:08:17 - huginn - DEBUG - Suppressed exception
Traceback (most recent call last):
  File "c:\Users\allie\Coding Projects\huggin_suite\huginn\app\core\asset_manager.py", line 122, in init_database
    conn.execute("ALTER TABLE assets ADD COLUMN notes TEXT DEFAULT ''")
    ~~~~~~~~~~~~^^^^^^^^^^^^^^^^^^^^^^^^^^^^^^^^^^^^^^^^^^^^^^^^^^^^^^^
sqlite3.OperationalError: duplicate column name: notes
2026-05-15 22:08:17 - huginn - INFO - Using default configuration
2026-05-15 22:08:20 - huginn - INFO - License saved successfully
2026-05-15 22:08:20 - huginn - INFO - License loaded and validated successfully
2026-05-15 22:08:26 - huginn - DEBUG - Suppressed exception
Traceback (most recent call last):
  File "c:\Users\allie\Coding Projects\huggin_suite\huginn\app\core\asset_manager.py", line 101, in init_database
    conn.execute("ALTER TABLE assets ADD COLUMN fqdn TEXT DEFAULT ''")
    ~~~~~~~~~~~~^^^^^^^^^^^^^^^^^^^^^^^^^^^^^^^^^^^^^^^^^^^^^^^^^^^^^^
sqlite3.OperationalError: duplicate column name: fqdn
2026-05-15 22:08:26 - huginn - DEBUG - Suppressed exception
Traceback (most recent call last):
  File "c:\Users\allie\Coding Projects\huggin_suite\huginn\app\core\asset_manager.py", line 108, in init_database
    conn.execute("ALTER TABLE assets ADD COLUMN mac_address TEXT DEFAULT ''")
    ~~~~~~~~~~~~^^^^^^^^^^^^^^^^^^^^^^^^^^^^^^^^^^^^^^^^^^^^^^^^^^^^^^^^^^^^^
sqlite3.OperationalError: duplicate column name: mac_address
2026-05-15 22:08:26 - huginn - DEBUG - Suppressed exception
Traceback (most recent call last):
  File "c:\Users\allie\Coding Projects\huggin_suite\huginn\app\core\asset_manager.py", line 115, in init_database
    conn.execute("ALTER TABLE assets ADD COLUMN vendor TEXT DEFAULT ''")
    ~~~~~~~~~~~~^^^^^^^^^^^^^^^^^^^^^^^^^^^^^^^^^^^^^^^^^^^^^^^^^^^^^^^^
sqlite3.OperationalError: duplicate column name: vendor
2026-05-15 22:08:26 - huginn - DEBUG - Suppressed exception
Traceback (most recent call last):
  File "c:\Users\allie\Coding Projects\huggin_suite\huginn\app\core\asset_manager.py", line 122, in init_database
    conn.execute("ALTER TABLE assets ADD COLUMN notes TEXT DEFAULT ''")
    ~~~~~~~~~~~~^^^^^^^^^^^^^^^^^^^^^^^^^^^^^^^^^^^^^^^^^^^^^^^^^^^^^^^
sqlite3.OperationalError: duplicate column name: notes
2026-05-15 22:08:26 - huginn - INFO - Using default configuration
2026-05-15 22:08:29 - huginn - INFO - License saved successfully
2026-05-15 22:08:29 - huginn - INFO - License loaded and validated successfully
2026-05-15 22:09:28 - huginn - DEBUG - Suppressed exception
Traceback (most recent call last):
  File "c:\Users\allie\Coding Projects\huggin_suite\huginn\app\core\asset_manager.py", line 101, in init_database
    conn.execute("ALTER TABLE assets ADD COLUMN fqdn TEXT DEFAULT ''")
    ~~~~~~~~~~~~^^^^^^^^^^^^^^^^^^^^^^^^^^^^^^^^^^^^^^^^^^^^^^^^^^^^^^
sqlite3.OperationalError: duplicate column name: fqdn
2026-05-15 22:09:28 - huginn - DEBUG - Suppressed exception
Traceback (most recent call last):
  File "c:\Users\allie\Coding Projects\huggin_suite\huginn\app\core\asset_manager.py", line 108, in init_database
    conn.execute("ALTER TABLE assets ADD COLUMN mac_address TEXT DEFAULT ''")
    ~~~~~~~~~~~~^^^^^^^^^^^^^^^^^^^^^^^^^^^^^^^^^^^^^^^^^^^^^^^^^^^^^^^^^^^^^
sqlite3.OperationalError: duplicate column name: mac_address
2026-05-15 22:09:28 - huginn - DEBUG - Suppressed exception
Traceback (most recent call last):
  File "c:\Users\allie\Coding Projects\huggin_suite\huginn\app\core\asset_manager.py", line 115, in init_database
    conn.execute("ALTER TABLE assets ADD COLUMN vendor TEXT DEFAULT ''")
    ~~~~~~~~~~~~^^^^^^^^^^^^^^^^^^^^^^^^^^^^^^^^^^^^^^^^^^^^^^^^^^^^^^^^
sqlite3.OperationalError: duplicate column name: vendor
2026-05-15 22:09:28 - huginn - DEBUG - Suppressed exception
Traceback (most recent call last):
  File "c:\Users\allie\Coding Projects\huggin_suite\huginn\app\core\asset_manager.py", line 122, in init_database
    conn.execute("ALTER TABLE assets ADD COLUMN notes TEXT DEFAULT ''")
    ~~~~~~~~~~~~^^^^^^^^^^^^^^^^^^^^^^^^^^^^^^^^^^^^^^^^^^^^^^^^^^^^^^^
sqlite3.OperationalError: duplicate column name: notes
2026-05-15 22:09:28 - huginn - INFO - Using default configuration
2026-05-15 22:09:30 - huginn - INFO - License saved successfully
2026-05-15 22:09:30 - huginn - INFO - License loaded and validated successfully
2026-05-15 22:09:37 - huginn - DEBUG - Suppressed exception
Traceback (most recent call last):
  File "c:\Users\allie\Coding Projects\huggin_suite\huginn\app\core\asset_manager.py", line 101, in init_database
    conn.execute("ALTER TABLE assets ADD COLUMN fqdn TEXT DEFAULT ''")
    ~~~~~~~~~~~~^^^^^^^^^^^^^^^^^^^^^^^^^^^^^^^^^^^^^^^^^^^^^^^^^^^^^^
sqlite3.OperationalError: duplicate column name: fqdn
2026-05-15 22:09:37 - huginn - DEBUG - Suppressed exception
Traceback (most recent call last):
  File "c:\Users\allie\Coding Projects\huggin_suite\huginn\app\core\asset_manager.py", line 108, in init_database
    conn.execute("ALTER TABLE assets ADD COLUMN mac_address TEXT DEFAULT ''")
    ~~~~~~~~~~~~^^^^^^^^^^^^^^^^^^^^^^^^^^^^^^^^^^^^^^^^^^^^^^^^^^^^^^^^^^^^^
sqlite3.OperationalError: duplicate column name: mac_address
2026-05-15 22:09:37 - huginn - DEBUG - Suppressed exception
Traceback (most recent call last):
  File "c:\Users\allie\Coding Projects\huggin_suite\huginn\app\core\asset_manager.py", line 115, in init_database
    conn.execute("ALTER TABLE assets ADD COLUMN vendor TEXT DEFAULT ''")
    ~~~~~~~~~~~~^^^^^^^^^^^^^^^^^^^^^^^^^^^^^^^^^^^^^^^^^^^^^^^^^^^^^^^^
sqlite3.OperationalError: duplicate column name: vendor
2026-05-15 22:09:37 - huginn - DEBUG - Suppressed exception
Traceback (most recent call last):
  File "c:\Users\allie\Coding Projects\huggin_suite\huginn\app\core\asset_manager.py", line 122, in init_database
    conn.execute("ALTER TABLE assets ADD COLUMN notes TEXT DEFAULT ''")
    ~~~~~~~~~~~~^^^^^^^^^^^^^^^^^^^^^^^^^^^^^^^^^^^^^^^^^^^^^^^^^^^^^^^
sqlite3.OperationalError: duplicate column name: notes
2026-05-15 22:09:37 - huginn - INFO - Using default configuration
2026-05-15 22:09:40 - huginn - INFO - License saved successfully
2026-05-15 22:09:40 - huginn - INFO - License loaded and validated successfully
2026-05-15 22:09:55 - huginn - DEBUG - Suppressed exception
Traceback (most recent call last):
  File "c:\Users\allie\Coding Projects\huggin_suite\huginn\app\core\asset_manager.py", line 101, in init_database
    conn.execute("ALTER TABLE assets ADD COLUMN fqdn TEXT DEFAULT ''")
    ~~~~~~~~~~~~^^^^^^^^^^^^^^^^^^^^^^^^^^^^^^^^^^^^^^^^^^^^^^^^^^^^^^
sqlite3.OperationalError: duplicate column name: fqdn
2026-05-15 22:09:55 - huginn - DEBUG - Suppressed exception
Traceback (most recent call last):
  File "c:\Users\allie\Coding Projects\huggin_suite\huginn\app\core\asset_manager.py", line 108, in init_database
    conn.execute("ALTER TABLE assets ADD COLUMN mac_address TEXT DEFAULT ''")
    ~~~~~~~~~~~~^^^^^^^^^^^^^^^^^^^^^^^^^^^^^^^^^^^^^^^^^^^^^^^^^^^^^^^^^^^^^
sqlite3.OperationalError: duplicate column name: mac_address
2026-05-15 22:09:55 - huginn - DEBUG - Suppressed exception
Traceback (most recent call last):
  File "c:\Users\allie\Coding Projects\huggin_suite\huginn\app\core\asset_manager.py", line 115, in init_database
    conn.execute("ALTER TABLE assets ADD COLUMN vendor TEXT DEFAULT ''")
    ~~~~~~~~~~~~^^^^^^^^^^^^^^^^^^^^^^^^^^^^^^^^^^^^^^^^^^^^^^^^^^^^^^^^
sqlite3.OperationalError: duplicate column name: vendor
2026-05-15 22:09:55 - huginn - DEBUG - Suppressed exception
Traceback (most recent call last):
  File "c:\Users\allie\Coding Projects\huggin_suite\huginn\app\core\asset_manager.py", line 122, in init_database
    conn.execute("ALTER TABLE assets ADD COLUMN notes TEXT DEFAULT ''")
    ~~~~~~~~~~~~^^^^^^^^^^^^^^^^^^^^^^^^^^^^^^^^^^^^^^^^^^^^^^^^^^^^^^^
sqlite3.OperationalError: duplicate column name: notes
2026-05-15 22:09:56 - huginn - INFO - Using default configuration
2026-05-15 22:09:58 - huginn - INFO - License saved successfully
2026-05-15 22:09:58 - huginn - INFO - License loaded and validated successfully
2026-05-15 22:10:35 - huginn - DEBUG - Suppressed exception
Traceback (most recent call last):
  File "c:\Users\allie\Coding Projects\huggin_suite\huginn\app\core\asset_manager.py", line 101, in init_database
    conn.execute("ALTER TABLE assets ADD COLUMN fqdn TEXT DEFAULT ''")
    ~~~~~~~~~~~~^^^^^^^^^^^^^^^^^^^^^^^^^^^^^^^^^^^^^^^^^^^^^^^^^^^^^^
sqlite3.OperationalError: duplicate column name: fqdn
2026-05-15 22:10:35 - huginn - DEBUG - Suppressed exception
Traceback (most recent call last):
  File "c:\Users\allie\Coding Projects\huggin_suite\huginn\app\core\asset_manager.py", line 108, in init_database
    conn.execute("ALTER TABLE assets ADD COLUMN mac_address TEXT DEFAULT ''")
    ~~~~~~~~~~~~^^^^^^^^^^^^^^^^^^^^^^^^^^^^^^^^^^^^^^^^^^^^^^^^^^^^^^^^^^^^^
sqlite3.OperationalError: duplicate column name: mac_address
2026-05-15 22:10:35 - huginn - DEBUG - Suppressed exception
Traceback (most recent call last):
  File "c:\Users\allie\Coding Projects\huggin_suite\huginn\app\core\asset_manager.py", line 115, in init_database
    conn.execute("ALTER TABLE assets ADD COLUMN vendor TEXT DEFAULT ''")
    ~~~~~~~~~~~~^^^^^^^^^^^^^^^^^^^^^^^^^^^^^^^^^^^^^^^^^^^^^^^^^^^^^^^^
sqlite3.OperationalError: duplicate column name: vendor
2026-05-15 22:10:35 - huginn - DEBUG - Suppressed exception
Traceback (most recent call last):
  File "c:\Users\allie\Coding Projects\huggin_suite\huginn\app\core\asset_manager.py", line 122, in init_database
    conn.execute("ALTER TABLE assets ADD COLUMN notes TEXT DEFAULT ''")
    ~~~~~~~~~~~~^^^^^^^^^^^^^^^^^^^^^^^^^^^^^^^^^^^^^^^^^^^^^^^^^^^^^^^
sqlite3.OperationalError: duplicate column name: notes
2026-05-15 22:10:35 - huginn - INFO - Using default configuration
2026-05-15 22:10:38 - huginn - INFO - License saved successfully
2026-05-15 22:10:38 - huginn - INFO - License loaded and validated successfully
2026-05-15 22:10:42 - huginn - DEBUG - Suppressed exception
Traceback (most recent call last):
  File "c:\Users\allie\Coding Projects\huggin_suite\huginn\app\core\asset_manager.py", line 101, in init_database
    conn.execute("ALTER TABLE assets ADD COLUMN fqdn TEXT DEFAULT ''")
    ~~~~~~~~~~~~^^^^^^^^^^^^^^^^^^^^^^^^^^^^^^^^^^^^^^^^^^^^^^^^^^^^^^
sqlite3.OperationalError: duplicate column name: fqdn
2026-05-15 22:10:42 - huginn - DEBUG - Suppressed exception
Traceback (most recent call last):
  File "c:\Users\allie\Coding Projects\huggin_suite\huginn\app\core\asset_manager.py", line 108, in init_database
    conn.execute("ALTER TABLE assets ADD COLUMN mac_address TEXT DEFAULT ''")
    ~~~~~~~~~~~~^^^^^^^^^^^^^^^^^^^^^^^^^^^^^^^^^^^^^^^^^^^^^^^^^^^^^^^^^^^^^
sqlite3.OperationalError: duplicate column name: mac_address
2026-05-15 22:10:42 - huginn - DEBUG - Suppressed exception
Traceback (most recent call last):
  File "c:\Users\allie\Coding Projects\huggin_suite\huginn\app\core\asset_manager.py", line 115, in init_database
    conn.execute("ALTER TABLE assets ADD COLUMN vendor TEXT DEFAULT ''")
    ~~~~~~~~~~~~^^^^^^^^^^^^^^^^^^^^^^^^^^^^^^^^^^^^^^^^^^^^^^^^^^^^^^^^
sqlite3.OperationalError: duplicate column name: vendor
2026-05-15 22:10:42 - huginn - DEBUG - Suppressed exception
Traceback (most recent call last):
  File "c:\Users\allie\Coding Projects\huggin_suite\huginn\app\core\asset_manager.py", line 122, in init_database
    conn.execute("ALTER TABLE assets ADD COLUMN notes TEXT DEFAULT ''")
    ~~~~~~~~~~~~^^^^^^^^^^^^^^^^^^^^^^^^^^^^^^^^^^^^^^^^^^^^^^^^^^^^^^^
sqlite3.OperationalError: duplicate column name: notes
2026-05-15 22:10:42 - huginn - INFO - Using default configuration
2026-05-15 22:10:44 - huginn - INFO - License saved successfully
2026-05-15 22:10:44 - huginn - INFO - License loaded and validated successfully
2026-05-15 22:11:10 - huginn - DEBUG - Suppressed exception
Traceback (most recent call last):
  File "c:\Users\allie\Coding Projects\huggin_suite\huginn\app\core\asset_manager.py", line 101, in init_database
    conn.execute("ALTER TABLE assets ADD COLUMN fqdn TEXT DEFAULT ''")
    ~~~~~~~~~~~~^^^^^^^^^^^^^^^^^^^^^^^^^^^^^^^^^^^^^^^^^^^^^^^^^^^^^^
sqlite3.OperationalError: duplicate column name: fqdn
2026-05-15 22:11:10 - huginn - DEBUG - Suppressed exception
Traceback (most recent call last):
  File "c:\Users\allie\Coding Projects\huggin_suite\huginn\app\core\asset_manager.py", line 108, in init_database
    conn.execute("ALTER TABLE assets ADD COLUMN mac_address TEXT DEFAULT ''")
    ~~~~~~~~~~~~^^^^^^^^^^^^^^^^^^^^^^^^^^^^^^^^^^^^^^^^^^^^^^^^^^^^^^^^^^^^^
sqlite3.OperationalError: duplicate column name: mac_address
2026-05-15 22:11:10 - huginn - DEBUG - Suppressed exception
Traceback (most recent call last):
  File "c:\Users\allie\Coding Projects\huggin_suite\huginn\app\core\asset_manager.py", line 115, in init_database
    conn.execute("ALTER TABLE assets ADD COLUMN vendor TEXT DEFAULT ''")
    ~~~~~~~~~~~~^^^^^^^^^^^^^^^^^^^^^^^^^^^^^^^^^^^^^^^^^^^^^^^^^^^^^^^^
sqlite3.OperationalError: duplicate column name: vendor
2026-05-15 22:11:10 - huginn - DEBUG - Suppressed exception
Traceback (most recent call last):
  File "c:\Users\allie\Coding Projects\huggin_suite\huginn\app\core\asset_manager.py", line 122, in init_database
    conn.execute("ALTER TABLE assets ADD COLUMN notes TEXT DEFAULT ''")
    ~~~~~~~~~~~~^^^^^^^^^^^^^^^^^^^^^^^^^^^^^^^^^^^^^^^^^^^^^^^^^^^^^^^
sqlite3.OperationalError: duplicate column name: notes
2026-05-15 22:11:10 - huginn - INFO - Using default configuration
2026-05-15 22:11:13 - huginn - INFO - License saved successfully
2026-05-15 22:11:13 - huginn - INFO - License loaded and validated successfully
2026-05-15 22:12:27 - huginn - DEBUG - Suppressed exception
Traceback (most recent call last):
  File "c:\Users\allie\Coding Projects\huggin_suite\huginn\app\core\asset_manager.py", line 101, in init_database
    conn.execute("ALTER TABLE assets ADD COLUMN fqdn TEXT DEFAULT ''")
    ~~~~~~~~~~~~^^^^^^^^^^^^^^^^^^^^^^^^^^^^^^^^^^^^^^^^^^^^^^^^^^^^^^
sqlite3.OperationalError: duplicate column name: fqdn
2026-05-15 22:12:27 - huginn - DEBUG - Suppressed exception
Traceback (most recent call last):
  File "c:\Users\allie\Coding Projects\huggin_suite\huginn\app\core\asset_manager.py", line 108, in init_database
    conn.execute("ALTER TABLE assets ADD COLUMN mac_address TEXT DEFAULT ''")
    ~~~~~~~~~~~~^^^^^^^^^^^^^^^^^^^^^^^^^^^^^^^^^^^^^^^^^^^^^^^^^^^^^^^^^^^^^
sqlite3.OperationalError: duplicate column name: mac_address
2026-05-15 22:12:27 - huginn - DEBUG - Suppressed exception
Traceback (most recent call last):
  File "c:\Users\allie\Coding Projects\huggin_suite\huginn\app\core\asset_manager.py", line 115, in init_database
    conn.execute("ALTER TABLE assets ADD COLUMN vendor TEXT DEFAULT ''")
    ~~~~~~~~~~~~^^^^^^^^^^^^^^^^^^^^^^^^^^^^^^^^^^^^^^^^^^^^^^^^^^^^^^^^
sqlite3.OperationalError: duplicate column name: vendor
2026-05-15 22:12:27 - huginn - DEBUG - Suppressed exception
Traceback (most recent call last):
  File "c:\Users\allie\Coding Projects\huggin_suite\huginn\app\core\asset_manager.py", line 122, in init_database
    conn.execute("ALTER TABLE assets ADD COLUMN notes TEXT DEFAULT ''")
    ~~~~~~~~~~~~^^^^^^^^^^^^^^^^^^^^^^^^^^^^^^^^^^^^^^^^^^^^^^^^^^^^^^^
sqlite3.OperationalError: duplicate column name: notes
2026-05-15 22:12:27 - huginn - INFO - Using default configuration
2026-05-15 22:12:29 - huginn - INFO - License saved successfully
2026-05-15 22:12:29 - huginn - INFO - License loaded and validated successfully
2026-05-15 22:12:48 - huginn - DEBUG - Suppressed exception
Traceback (most recent call last):
  File "c:\Users\allie\Coding Projects\huggin_suite\huginn\app\core\asset_manager.py", line 101, in init_database
    conn.execute("ALTER TABLE assets ADD COLUMN fqdn TEXT DEFAULT ''")
    ~~~~~~~~~~~~^^^^^^^^^^^^^^^^^^^^^^^^^^^^^^^^^^^^^^^^^^^^^^^^^^^^^^
sqlite3.OperationalError: duplicate column name: fqdn
2026-05-15 22:12:48 - huginn - DEBUG - Suppressed exception
Traceback (most recent call last):
  File "c:\Users\allie\Coding Projects\huggin_suite\huginn\app\core\asset_manager.py", line 108, in init_database
    conn.execute("ALTER TABLE assets ADD COLUMN mac_address TEXT DEFAULT ''")
    ~~~~~~~~~~~~^^^^^^^^^^^^^^^^^^^^^^^^^^^^^^^^^^^^^^^^^^^^^^^^^^^^^^^^^^^^^
sqlite3.OperationalError: duplicate column name: mac_address
2026-05-15 22:12:48 - huginn - DEBUG - Suppressed exception
Traceback (most recent call last):
  File "c:\Users\allie\Coding Projects\huggin_suite\huginn\app\core\asset_manager.py", line 115, in init_database
    conn.execute("ALTER TABLE assets ADD COLUMN vendor TEXT DEFAULT ''")
    ~~~~~~~~~~~~^^^^^^^^^^^^^^^^^^^^^^^^^^^^^^^^^^^^^^^^^^^^^^^^^^^^^^^^
sqlite3.OperationalError: duplicate column name: vendor
2026-05-15 22:12:48 - huginn - DEBUG - Suppressed exception
Traceback (most recent call last):
  File "c:\Users\allie\Coding Projects\huggin_suite\huginn\app\core\asset_manager.py", line 122, in init_database
    conn.execute("ALTER TABLE assets ADD COLUMN notes TEXT DEFAULT ''")
    ~~~~~~~~~~~~^^^^^^^^^^^^^^^^^^^^^^^^^^^^^^^^^^^^^^^^^^^^^^^^^^^^^^^
sqlite3.OperationalError: duplicate column name: notes
2026-05-15 22:12:49 - huginn - INFO - Using default configuration
2026-05-15 22:12:51 - huginn - INFO - License saved successfully
2026-05-15 22:12:51 - huginn - INFO - License loaded and validated successfully
2026-05-15 22:13:07 - huginn - DEBUG - Suppressed exception
Traceback (most recent call last):
  File "c:\Users\allie\Coding Projects\huggin_suite\huginn\app\core\asset_manager.py", line 101, in init_database
    conn.execute("ALTER TABLE assets ADD COLUMN fqdn TEXT DEFAULT ''")
    ~~~~~~~~~~~~^^^^^^^^^^^^^^^^^^^^^^^^^^^^^^^^^^^^^^^^^^^^^^^^^^^^^^
sqlite3.OperationalError: duplicate column name: fqdn
2026-05-15 22:13:07 - huginn - DEBUG - Suppressed exception
Traceback (most recent call last):
  File "c:\Users\allie\Coding Projects\huggin_suite\huginn\app\core\asset_manager.py", line 108, in init_database
    conn.execute("ALTER TABLE assets ADD COLUMN mac_address TEXT DEFAULT ''")
    ~~~~~~~~~~~~^^^^^^^^^^^^^^^^^^^^^^^^^^^^^^^^^^^^^^^^^^^^^^^^^^^^^^^^^^^^^
sqlite3.OperationalError: duplicate column name: mac_address
2026-05-15 22:13:07 - huginn - DEBUG - Suppressed exception
Traceback (most recent call last):
  File "c:\Users\allie\Coding Projects\huggin_suite\huginn\app\core\asset_manager.py", line 115, in init_database
    conn.execute("ALTER TABLE assets ADD COLUMN vendor TEXT DEFAULT ''")
    ~~~~~~~~~~~~^^^^^^^^^^^^^^^^^^^^^^^^^^^^^^^^^^^^^^^^^^^^^^^^^^^^^^^^
sqlite3.OperationalError: duplicate column name: vendor
2026-05-15 22:13:07 - huginn - DEBUG - Suppressed exception
Traceback (most recent call last):
  File "c:\Users\allie\Coding Projects\huggin_suite\huginn\app\core\asset_manager.py", line 122, in init_database
    conn.execute("ALTER TABLE assets ADD COLUMN notes TEXT DEFAULT ''")
    ~~~~~~~~~~~~^^^^^^^^^^^^^^^^^^^^^^^^^^^^^^^^^^^^^^^^^^^^^^^^^^^^^^^
sqlite3.OperationalError: duplicate column name: notes
2026-05-15 22:13:07 - huginn - INFO - Using default configuration
2026-05-15 22:13:09 - huginn - INFO - License saved successfully
2026-05-15 22:13:09 - huginn - INFO - License loaded and validated successfully
2026-05-15 22:13:21 - huginn - DEBUG - Suppressed exception
Traceback (most recent call last):
  File "c:\Users\allie\Coding Projects\huggin_suite\huginn\app\core\asset_manager.py", line 101, in init_database
    conn.execute("ALTER TABLE assets ADD COLUMN fqdn TEXT DEFAULT ''")
    ~~~~~~~~~~~~^^^^^^^^^^^^^^^^^^^^^^^^^^^^^^^^^^^^^^^^^^^^^^^^^^^^^^
sqlite3.OperationalError: duplicate column name: fqdn
2026-05-15 22:13:21 - huginn - DEBUG - Suppressed exception
Traceback (most recent call last):
  File "c:\Users\allie\Coding Projects\huggin_suite\huginn\app\core\asset_manager.py", line 108, in init_database
    conn.execute("ALTER TABLE assets ADD COLUMN mac_address TEXT DEFAULT ''")
    ~~~~~~~~~~~~^^^^^^^^^^^^^^^^^^^^^^^^^^^^^^^^^^^^^^^^^^^^^^^^^^^^^^^^^^^^^
sqlite3.OperationalError: duplicate column name: mac_address
2026-05-15 22:13:21 - huginn - DEBUG - Suppressed exception
Traceback (most recent call last):
  File "c:\Users\allie\Coding Projects\huggin_suite\huginn\app\core\asset_manager.py", line 115, in init_database
    conn.execute("ALTER TABLE assets ADD COLUMN vendor TEXT DEFAULT ''")
    ~~~~~~~~~~~~^^^^^^^^^^^^^^^^^^^^^^^^^^^^^^^^^^^^^^^^^^^^^^^^^^^^^^^^
sqlite3.OperationalError: duplicate column name: vendor
2026-05-15 22:13:21 - huginn - DEBUG - Suppressed exception
Traceback (most recent call last):
  File "c:\Users\allie\Coding Projects\huggin_suite\huginn\app\core\asset_manager.py", line 122, in init_database
    conn.execute("ALTER TABLE assets ADD COLUMN notes TEXT DEFAULT ''")
    ~~~~~~~~~~~~^^^^^^^^^^^^^^^^^^^^^^^^^^^^^^^^^^^^^^^^^^^^^^^^^^^^^^^
sqlite3.OperationalError: duplicate column name: notes
2026-05-15 22:13:21 - huginn - INFO - Using default configuration
2026-05-15 22:13:23 - huginn - INFO - License saved successfully
2026-05-15 22:13:23 - huginn - INFO - License loaded and validated successfully
2026-05-15 22:14:15 - huginn - DEBUG - Suppressed exception
Traceback (most recent call last):
  File "c:\Users\allie\Coding Projects\huggin_suite\huginn\app\core\asset_manager.py", line 101, in init_database
    conn.execute("ALTER TABLE assets ADD COLUMN fqdn TEXT DEFAULT ''")
    ~~~~~~~~~~~~^^^^^^^^^^^^^^^^^^^^^^^^^^^^^^^^^^^^^^^^^^^^^^^^^^^^^^
sqlite3.OperationalError: duplicate column name: fqdn
2026-05-15 22:14:15 - huginn - DEBUG - Suppressed exception
Traceback (most recent call last):
  File "c:\Users\allie\Coding Projects\huggin_suite\huginn\app\core\asset_manager.py", line 108, in init_database
    conn.execute("ALTER TABLE assets ADD COLUMN mac_address TEXT DEFAULT ''")
    ~~~~~~~~~~~~^^^^^^^^^^^^^^^^^^^^^^^^^^^^^^^^^^^^^^^^^^^^^^^^^^^^^^^^^^^^^
sqlite3.OperationalError: duplicate column name: mac_address
2026-05-15 22:14:15 - huginn - DEBUG - Suppressed exception
Traceback (most recent call last):
  File "c:\Users\allie\Coding Projects\huggin_suite\huginn\app\core\asset_manager.py", line 115, in init_database
    conn.execute("ALTER TABLE assets ADD COLUMN vendor TEXT DEFAULT ''")
    ~~~~~~~~~~~~^^^^^^^^^^^^^^^^^^^^^^^^^^^^^^^^^^^^^^^^^^^^^^^^^^^^^^^^
sqlite3.OperationalError: duplicate column name: vendor
2026-05-15 22:14:15 - huginn - DEBUG - Suppressed exception
Traceback (most recent call last):
  File "c:\Users\allie\Coding Projects\huggin_suite\huginn\app\core\asset_manager.py", line 122, in init_database
    conn.execute("ALTER TABLE assets ADD COLUMN notes TEXT DEFAULT ''")
    ~~~~~~~~~~~~^^^^^^^^^^^^^^^^^^^^^^^^^^^^^^^^^^^^^^^^^^^^^^^^^^^^^^^
sqlite3.OperationalError: duplicate column name: notes
2026-05-15 22:14:15 - huginn - INFO - Using default configuration
2026-05-15 22:14:18 - huginn - INFO - License saved successfully
2026-05-15 22:14:18 - huginn - INFO - License loaded and validated successfully
2026-05-15 22:18:11 - huginn - INFO - License saved successfully
2026-05-15 22:18:11 - huginn - INFO - License loaded and validated successfully
2026-05-15 22:18:11 - huginn - INFO - Application starting...
2026-05-15 22:18:11 - huginn - INFO - Font loaded successfully
2026-05-15 22:18:11 - huginn - INFO - Stylesheet loaded successfully
2026-05-15 22:18:11 - huginn - INFO - Creating main window...
2026-05-15 22:18:11 - huginn - INFO - QThreadPool max threads set to 32 (CPUs: 32)
2026-05-15 22:18:11 - huginn - INFO - Custom font 'Neuropol X' loaded from C:\Users\allie\Coding Projects\huggin_suite\huginn\resources\fonts\neuropol.otf
2026-05-15 22:18:11 - huginn - DEBUG - Suppressed exception
Traceback (most recent call last):
  File "C:\Users\allie\Coding Projects\huggin_suite\huginn\app\pages\page_registry.py", line 45, in register_all_pages
    from app.pages.db_attacks_page import DBAttacksPage
ImportError: cannot import name 'DBAttacksPage' from 'app.pages.db_attacks_page' (C:\Users\allie\Coding Projects\huggin_suite\huginn\app\pages\db_attacks_page.py)
2026-05-15 22:18:13 - huginn - DEBUG - Credentials loaded for profile 'default'
2026-05-15 22:18:17 - huginn - DEBUG - Credentials saved (encrypted) for profile 'default'
2026-05-15 22:18:17 - huginn - DEBUG - Credentials loaded for profile 'LAB'
2026-05-15 22:18:17 - huginn - DEBUG - Suppressed exception
Traceback (most recent call last):
  File "C:\Users\allie\Coding Projects\huggin_suite\huginn\app\core\scope_manager.py", line 62, in _parse_scope_text
    ipaddress.IPv4Address(item)
    ~~~~~~~~~~~~~~~~~~~~~^^^^^^
  File "C:\Users\allie\anaconda3\Lib\ipaddress.py", line 1319, in __init__
    self._ip = self._ip_int_from_string(addr_str)
               ~~~~~~~~~~~~~~~~~~~~~~~~^^^^^^^^^^
  File "C:\Users\allie\anaconda3\Lib\ipaddress.py", line 1206, in _ip_int_from_string
    raise AddressValueError("Expected 4 octets in %r" % ip_str)
ipaddress.AddressValueError: Expected 4 octets in '*.lab.local'
2026-05-15 22:18:17 - huginn - DEBUG - Suppressed exception
Traceback (most recent call last):
  File "C:\Users\allie\Coding Projects\huggin_suite\huginn\app\core\scope_manager.py", line 62, in _parse_scope_text
    ipaddress.IPv4Address(item)
    ~~~~~~~~~~~~~~~~~~~~~^^^^^^
  File "C:\Users\allie\anaconda3\Lib\ipaddress.py", line 1319, in __init__
    self._ip = self._ip_int_from_string(addr_str)
               ~~~~~~~~~~~~~~~~~~~~~~~~^^^^^^^^^^
  File "C:\Users\allie\anaconda3\Lib\ipaddress.py", line 1206, in _ip_int_from_string
    raise AddressValueError("Expected 4 octets in %r" % ip_str)
ipaddress.AddressValueError: Expected 4 octets in '*.lab.local'
2026-05-15 22:18:17 - huginn - DEBUG - Credentials saved (encrypted) for profile 'LAB'
2026-05-15 22:18:17 - huginn - DEBUG - Credentials saved (encrypted) for profile 'LAB'
2026-05-15 22:18:17 - huginn - DEBUG - Credentials saved (encrypted) for profile 'LAB'
2026-05-15 22:18:17 - huginn - DEBUG - Suppressed exception
Traceback (most recent call last):
  File "C:\Users\allie\Coding Projects\huggin_suite\huginn\app\core\scope_manager.py", line 62, in _parse_scope_text
    ipaddress.IPv4Address(item)
    ~~~~~~~~~~~~~~~~~~~~~^^^^^^
  File "C:\Users\allie\anaconda3\Lib\ipaddress.py", line 1319, in __init__
    self._ip = self._ip_int_from_string(addr_str)
               ~~~~~~~~~~~~~~~~~~~~~~~~^^^^^^^^^^
  File "C:\Users\allie\anaconda3\Lib\ipaddress.py", line 1206, in _ip_int_from_string
    raise AddressValueError("Expected 4 octets in %r" % ip_str)
ipaddress.AddressValueError: Expected 4 octets in '*.lab.local'
2026-05-15 22:21:42 - huginn - DEBUG - Session token generated
2026-05-15 22:25:59 - huginn - DEBUG - Memory monitoring stopped
2026-05-15 22:25:59 - huginn - DEBUG - Connection pool closed all sessions
2026-05-15 22:25:59 - huginn - INFO - Update manager stopped during cleanup
2026-05-15 22:26:39 - huginn - DEBUG - Suppressed exception
Traceback (most recent call last):
  File "c:\Users\allie\Coding Projects\huggin_suite\huginn\app\core\asset_manager.py", line 101, in init_database
    conn.execute("ALTER TABLE assets ADD COLUMN fqdn TEXT DEFAULT ''")
    ~~~~~~~~~~~~^^^^^^^^^^^^^^^^^^^^^^^^^^^^^^^^^^^^^^^^^^^^^^^^^^^^^^
sqlite3.OperationalError: duplicate column name: fqdn
2026-05-15 22:26:39 - huginn - DEBUG - Suppressed exception
Traceback (most recent call last):
  File "c:\Users\allie\Coding Projects\huggin_suite\huginn\app\core\asset_manager.py", line 108, in init_database
    conn.execute("ALTER TABLE assets ADD COLUMN mac_address TEXT DEFAULT ''")
    ~~~~~~~~~~~~^^^^^^^^^^^^^^^^^^^^^^^^^^^^^^^^^^^^^^^^^^^^^^^^^^^^^^^^^^^^^
sqlite3.OperationalError: duplicate column name: mac_address
2026-05-15 22:26:39 - huginn - DEBUG - Suppressed exception
Traceback (most recent call last):
  File "c:\Users\allie\Coding Projects\huggin_suite\huginn\app\core\asset_manager.py", line 115, in init_database
    conn.execute("ALTER TABLE assets ADD COLUMN vendor TEXT DEFAULT ''")
    ~~~~~~~~~~~~^^^^^^^^^^^^^^^^^^^^^^^^^^^^^^^^^^^^^^^^^^^^^^^^^^^^^^^^
sqlite3.OperationalError: duplicate column name: vendor
2026-05-15 22:26:39 - huginn - DEBUG - Suppressed exception
Traceback (most recent call last):
  File "c:\Users\allie\Coding Projects\huggin_suite\huginn\app\core\asset_manager.py", line 122, in init_database
    conn.execute("ALTER TABLE assets ADD COLUMN notes TEXT DEFAULT ''")
    ~~~~~~~~~~~~^^^^^^^^^^^^^^^^^^^^^^^^^^^^^^^^^^^^^^^^^^^^^^^^^^^^^^^
sqlite3.OperationalError: duplicate column name: notes
2026-05-15 22:26:39 - huginn - INFO - Using default configuration
2026-05-15 22:26:42 - huginn - INFO - License saved successfully
2026-05-15 22:26:42 - huginn - INFO - License loaded and validated successfully
2026-05-15 22:26:46 - huginn - DEBUG - Suppressed exception
Traceback (most recent call last):
  File "c:\Users\allie\Coding Projects\huggin_suite\huginn\app\core\asset_manager.py", line 101, in init_database
    conn.execute("ALTER TABLE assets ADD COLUMN fqdn TEXT DEFAULT ''")
    ~~~~~~~~~~~~^^^^^^^^^^^^^^^^^^^^^^^^^^^^^^^^^^^^^^^^^^^^^^^^^^^^^^
sqlite3.OperationalError: duplicate column name: fqdn
2026-05-15 22:26:46 - huginn - DEBUG - Suppressed exception
Traceback (most recent call last):
  File "c:\Users\allie\Coding Projects\huggin_suite\huginn\app\core\asset_manager.py", line 108, in init_database
    conn.execute("ALTER TABLE assets ADD COLUMN mac_address TEXT DEFAULT ''")
    ~~~~~~~~~~~~^^^^^^^^^^^^^^^^^^^^^^^^^^^^^^^^^^^^^^^^^^^^^^^^^^^^^^^^^^^^^
sqlite3.OperationalError: duplicate column name: mac_address
2026-05-15 22:26:46 - huginn - DEBUG - Suppressed exception
Traceback (most recent call last):
  File "c:\Users\allie\Coding Projects\huggin_suite\huginn\app\core\asset_manager.py", line 115, in init_database
    conn.execute("ALTER TABLE assets ADD COLUMN vendor TEXT DEFAULT ''")
    ~~~~~~~~~~~~^^^^^^^^^^^^^^^^^^^^^^^^^^^^^^^^^^^^^^^^^^^^^^^^^^^^^^^^
sqlite3.OperationalError: duplicate column name: vendor
2026-05-15 22:26:46 - huginn - DEBUG - Suppressed exception
Traceback (most recent call last):
  File "c:\Users\allie\Coding Projects\huggin_suite\huginn\app\core\asset_manager.py", line 122, in init_database
    conn.execute("ALTER TABLE assets ADD COLUMN notes TEXT DEFAULT ''")
    ~~~~~~~~~~~~^^^^^^^^^^^^^^^^^^^^^^^^^^^^^^^^^^^^^^^^^^^^^^^^^^^^^^^
sqlite3.OperationalError: duplicate column name: notes
2026-05-15 22:26:47 - huginn - INFO - Using default configuration
2026-05-15 22:26:49 - huginn - INFO - License saved successfully
2026-05-15 22:26:49 - huginn - INFO - License loaded and validated successfully
2026-05-15 22:27:22 - huginn - INFO - License saved successfully
2026-05-15 22:27:22 - huginn - INFO - License loaded and validated successfully
2026-05-15 22:27:22 - huginn - INFO - Application starting...
2026-05-15 22:27:22 - huginn - INFO - Font loaded successfully
2026-05-15 22:27:22 - huginn - INFO - Stylesheet loaded successfully
2026-05-15 22:27:22 - huginn - INFO - Creating main window...
2026-05-15 22:27:22 - huginn - INFO - QThreadPool max threads set to 32 (CPUs: 32)
2026-05-15 22:27:22 - huginn - INFO - Custom font 'Neuropol X' loaded from C:\Users\allie\Coding Projects\huggin_suite\huginn\resources\fonts\neuropol.otf
2026-05-15 22:27:22 - huginn - DEBUG - Suppressed exception
Traceback (most recent call last):
  File "C:\Users\allie\Coding Projects\huggin_suite\huginn\app\pages\page_registry.py", line 45, in register_all_pages
    from app.pages.db_attacks_page import DBAttacksPage
ImportError: cannot import name 'DBAttacksPage' from 'app.pages.db_attacks_page' (C:\Users\allie\Coding Projects\huggin_suite\huginn\app\pages\db_attacks_page.py)
2026-05-15 22:27:24 - huginn - DEBUG - Credentials loaded for profile 'default'
2026-05-15 22:27:25 - huginn - DEBUG - Credentials saved (encrypted) for profile 'default'
2026-05-15 22:27:25 - huginn - DEBUG - Credentials loaded for profile 'LAB'
2026-05-15 22:27:25 - huginn - DEBUG - Suppressed exception
Traceback (most recent call last):
  File "C:\Users\allie\Coding Projects\huggin_suite\huginn\app\core\scope_manager.py", line 62, in _parse_scope_text
    ipaddress.IPv4Address(item)
    ~~~~~~~~~~~~~~~~~~~~~^^^^^^
  File "C:\Users\allie\anaconda3\Lib\ipaddress.py", line 1319, in __init__
    self._ip = self._ip_int_from_string(addr_str)
               ~~~~~~~~~~~~~~~~~~~~~~~~^^^^^^^^^^
  File "C:\Users\allie\anaconda3\Lib\ipaddress.py", line 1206, in _ip_int_from_string
    raise AddressValueError("Expected 4 octets in %r" % ip_str)
ipaddress.AddressValueError: Expected 4 octets in '*.lab.local'
2026-05-15 22:27:25 - huginn - DEBUG - Suppressed exception
Traceback (most recent call last):
  File "C:\Users\allie\Coding Projects\huggin_suite\huginn\app\core\scope_manager.py", line 62, in _parse_scope_text
    ipaddress.IPv4Address(item)
    ~~~~~~~~~~~~~~~~~~~~~^^^^^^
  File "C:\Users\allie\anaconda3\Lib\ipaddress.py", line 1319, in __init__
    self._ip = self._ip_int_from_string(addr_str)
               ~~~~~~~~~~~~~~~~~~~~~~~~^^^^^^^^^^
  File "C:\Users\allie\anaconda3\Lib\ipaddress.py", line 1206, in _ip_int_from_string
    raise AddressValueError("Expected 4 octets in %r" % ip_str)
ipaddress.AddressValueError: Expected 4 octets in '*.lab.local'
2026-05-15 22:27:25 - huginn - DEBUG - Credentials saved (encrypted) for profile 'LAB'
2026-05-15 22:27:25 - huginn - DEBUG - Credentials saved (encrypted) for profile 'LAB'
2026-05-15 22:27:25 - huginn - DEBUG - Credentials saved (encrypted) for profile 'LAB'
2026-05-15 22:27:25 - huginn - DEBUG - Suppressed exception
Traceback (most recent call last):
  File "C:\Users\allie\Coding Projects\huggin_suite\huginn\app\core\scope_manager.py", line 62, in _parse_scope_text
    ipaddress.IPv4Address(item)
    ~~~~~~~~~~~~~~~~~~~~~^^^^^^
  File "C:\Users\allie\anaconda3\Lib\ipaddress.py", line 1319, in __init__
    self._ip = self._ip_int_from_string(addr_str)
               ~~~~~~~~~~~~~~~~~~~~~~~~^^^^^^^^^^
  File "C:\Users\allie\anaconda3\Lib\ipaddress.py", line 1206, in _ip_int_from_string
    raise AddressValueError("Expected 4 octets in %r" % ip_str)
ipaddress.AddressValueError: Expected 4 octets in '*.lab.local'
2026-05-15 22:29:02 - huginn - DEBUG - Memory monitoring stopped
2026-05-15 22:29:02 - huginn - DEBUG - Connection pool closed all sessions
2026-05-15 22:29:02 - huginn - INFO - Update manager stopped during cleanup
2026-05-15 22:33:25 - huginn - DEBUG - Suppressed exception
Traceback (most recent call last):
  File "c:\Users\allie\Coding Projects\huggin_suite\huginn\app\core\asset_manager.py", line 101, in init_database
    conn.execute("ALTER TABLE assets ADD COLUMN fqdn TEXT DEFAULT ''")
    ~~~~~~~~~~~~^^^^^^^^^^^^^^^^^^^^^^^^^^^^^^^^^^^^^^^^^^^^^^^^^^^^^^
sqlite3.OperationalError: duplicate column name: fqdn
2026-05-15 22:33:25 - huginn - DEBUG - Suppressed exception
Traceback (most recent call last):
  File "c:\Users\allie\Coding Projects\huggin_suite\huginn\app\core\asset_manager.py", line 108, in init_database
    conn.execute("ALTER TABLE assets ADD COLUMN mac_address TEXT DEFAULT ''")
    ~~~~~~~~~~~~^^^^^^^^^^^^^^^^^^^^^^^^^^^^^^^^^^^^^^^^^^^^^^^^^^^^^^^^^^^^^
sqlite3.OperationalError: duplicate column name: mac_address
2026-05-15 22:33:25 - huginn - DEBUG - Suppressed exception
Traceback (most recent call last):
  File "c:\Users\allie\Coding Projects\huggin_suite\huginn\app\core\asset_manager.py", line 115, in init_database
    conn.execute("ALTER TABLE assets ADD COLUMN vendor TEXT DEFAULT ''")
    ~~~~~~~~~~~~^^^^^^^^^^^^^^^^^^^^^^^^^^^^^^^^^^^^^^^^^^^^^^^^^^^^^^^^
sqlite3.OperationalError: duplicate column name: vendor
2026-05-15 22:33:25 - huginn - DEBUG - Suppressed exception
Traceback (most recent call last):
  File "c:\Users\allie\Coding Projects\huggin_suite\huginn\app\core\asset_manager.py", line 122, in init_database
    conn.execute("ALTER TABLE assets ADD COLUMN notes TEXT DEFAULT ''")
    ~~~~~~~~~~~~^^^^^^^^^^^^^^^^^^^^^^^^^^^^^^^^^^^^^^^^^^^^^^^^^^^^^^^
sqlite3.OperationalError: duplicate column name: notes
2026-05-15 22:33:25 - huginn - INFO - Using default configuration
2026-05-15 22:33:27 - huginn - INFO - License saved successfully
2026-05-15 22:33:27 - huginn - INFO - License loaded and validated successfully
2026-05-15 22:33:47 - huginn - DEBUG - Suppressed exception
Traceback (most recent call last):
  File "c:\Users\allie\Coding Projects\huggin_suite\huginn\app\core\asset_manager.py", line 101, in init_database
    conn.execute("ALTER TABLE assets ADD COLUMN fqdn TEXT DEFAULT ''")
    ~~~~~~~~~~~~^^^^^^^^^^^^^^^^^^^^^^^^^^^^^^^^^^^^^^^^^^^^^^^^^^^^^^
sqlite3.OperationalError: duplicate column name: fqdn
2026-05-15 22:33:47 - huginn - DEBUG - Suppressed exception
Traceback (most recent call last):
  File "c:\Users\allie\Coding Projects\huggin_suite\huginn\app\core\asset_manager.py", line 108, in init_database
    conn.execute("ALTER TABLE assets ADD COLUMN mac_address TEXT DEFAULT ''")
    ~~~~~~~~~~~~^^^^^^^^^^^^^^^^^^^^^^^^^^^^^^^^^^^^^^^^^^^^^^^^^^^^^^^^^^^^^
sqlite3.OperationalError: duplicate column name: mac_address
2026-05-15 22:33:47 - huginn - DEBUG - Suppressed exception
Traceback (most recent call last):
  File "c:\Users\allie\Coding Projects\huggin_suite\huginn\app\core\asset_manager.py", line 115, in init_database
    conn.execute("ALTER TABLE assets ADD COLUMN vendor TEXT DEFAULT ''")
    ~~~~~~~~~~~~^^^^^^^^^^^^^^^^^^^^^^^^^^^^^^^^^^^^^^^^^^^^^^^^^^^^^^^^
sqlite3.OperationalError: duplicate column name: vendor
2026-05-15 22:33:47 - huginn - DEBUG - Suppressed exception
Traceback (most recent call last):
  File "c:\Users\allie\Coding Projects\huggin_suite\huginn\app\core\asset_manager.py", line 122, in init_database
    conn.execute("ALTER TABLE assets ADD COLUMN notes TEXT DEFAULT ''")
    ~~~~~~~~~~~~^^^^^^^^^^^^^^^^^^^^^^^^^^^^^^^^^^^^^^^^^^^^^^^^^^^^^^^
sqlite3.OperationalError: duplicate column name: notes
2026-05-15 22:33:47 - huginn - INFO - Using default configuration
2026-05-15 22:33:49 - huginn - INFO - License saved successfully
2026-05-15 22:33:49 - huginn - INFO - License loaded and validated successfully
2026-05-15 22:33:55 - huginn - DEBUG - Suppressed exception
Traceback (most recent call last):
  File "c:\Users\allie\Coding Projects\huggin_suite\huginn\app\core\asset_manager.py", line 101, in init_database
    conn.execute("ALTER TABLE assets ADD COLUMN fqdn TEXT DEFAULT ''")
    ~~~~~~~~~~~~^^^^^^^^^^^^^^^^^^^^^^^^^^^^^^^^^^^^^^^^^^^^^^^^^^^^^^
sqlite3.OperationalError: duplicate column name: fqdn
2026-05-15 22:33:55 - huginn - DEBUG - Suppressed exception
Traceback (most recent call last):
  File "c:\Users\allie\Coding Projects\huggin_suite\huginn\app\core\asset_manager.py", line 108, in init_database
    conn.execute("ALTER TABLE assets ADD COLUMN mac_address TEXT DEFAULT ''")
    ~~~~~~~~~~~~^^^^^^^^^^^^^^^^^^^^^^^^^^^^^^^^^^^^^^^^^^^^^^^^^^^^^^^^^^^^^
sqlite3.OperationalError: duplicate column name: mac_address
2026-05-15 22:33:55 - huginn - DEBUG - Suppressed exception
Traceback (most recent call last):
  File "c:\Users\allie\Coding Projects\huggin_suite\huginn\app\core\asset_manager.py", line 115, in init_database
    conn.execute("ALTER TABLE assets ADD COLUMN vendor TEXT DEFAULT ''")
    ~~~~~~~~~~~~^^^^^^^^^^^^^^^^^^^^^^^^^^^^^^^^^^^^^^^^^^^^^^^^^^^^^^^^
sqlite3.OperationalError: duplicate column name: vendor
2026-05-15 22:33:55 - huginn - DEBUG - Suppressed exception
Traceback (most recent call last):
  File "c:\Users\allie\Coding Projects\huggin_suite\huginn\app\core\asset_manager.py", line 122, in init_database
    conn.execute("ALTER TABLE assets ADD COLUMN notes TEXT DEFAULT ''")
    ~~~~~~~~~~~~^^^^^^^^^^^^^^^^^^^^^^^^^^^^^^^^^^^^^^^^^^^^^^^^^^^^^^^
sqlite3.OperationalError: duplicate column name: notes
2026-05-15 22:33:55 - huginn - INFO - Using default configuration
2026-05-15 22:33:58 - huginn - INFO - License saved successfully
2026-05-15 22:33:58 - huginn - INFO - License loaded and validated successfully
2026-05-15 22:41:03 - huginn - INFO - License saved successfully
2026-05-15 22:41:03 - huginn - INFO - License loaded and validated successfully
2026-05-15 22:41:03 - huginn - INFO - Application starting...
2026-05-15 22:41:03 - huginn - INFO - Font loaded successfully
2026-05-15 22:41:03 - huginn - INFO - Stylesheet loaded successfully
2026-05-15 22:41:03 - huginn - INFO - Creating main window...
2026-05-15 22:41:03 - huginn - INFO - QThreadPool max threads set to 32 (CPUs: 32)
2026-05-15 22:41:03 - huginn - INFO - Custom font 'Neuropol X' loaded from C:\Users\allie\Coding Projects\huggin_suite\huginn\resources\fonts\neuropol.otf
2026-05-15 22:41:03 - huginn - DEBUG - Suppressed exception
Traceback (most recent call last):
  File "C:\Users\allie\Coding Projects\huggin_suite\huginn\app\pages\page_registry.py", line 45, in register_all_pages
    from app.pages.db_attacks_page import DBAttacksPage
ImportError: cannot import name 'DBAttacksPage' from 'app.pages.db_attacks_page' (C:\Users\allie\Coding Projects\huggin_suite\huginn\app\pages\db_attacks_page.py)
2026-05-15 22:41:05 - huginn - DEBUG - Credentials loaded for profile 'default'
2026-05-15 22:41:07 - huginn - DEBUG - Credentials saved (encrypted) for profile 'default'
2026-05-15 22:41:07 - huginn - DEBUG - Credentials loaded for profile 'LAB'
2026-05-15 22:41:07 - huginn - DEBUG - Suppressed exception
Traceback (most recent call last):
  File "C:\Users\allie\Coding Projects\huggin_suite\huginn\app\core\scope_manager.py", line 62, in _parse_scope_text
    ipaddress.IPv4Address(item)
    ~~~~~~~~~~~~~~~~~~~~~^^^^^^
  File "C:\Users\allie\anaconda3\Lib\ipaddress.py", line 1319, in __init__
    self._ip = self._ip_int_from_string(addr_str)
               ~~~~~~~~~~~~~~~~~~~~~~~~^^^^^^^^^^
  File "C:\Users\allie\anaconda3\Lib\ipaddress.py", line 1206, in _ip_int_from_string
    raise AddressValueError("Expected 4 octets in %r" % ip_str)
ipaddress.AddressValueError: Expected 4 octets in '*.lab.local'
2026-05-15 22:41:07 - huginn - DEBUG - Suppressed exception
Traceback (most recent call last):
  File "C:\Users\allie\Coding Projects\huggin_suite\huginn\app\core\scope_manager.py", line 62, in _parse_scope_text
    ipaddress.IPv4Address(item)
    ~~~~~~~~~~~~~~~~~~~~~^^^^^^
  File "C:\Users\allie\anaconda3\Lib\ipaddress.py", line 1319, in __init__
    self._ip = self._ip_int_from_string(addr_str)
               ~~~~~~~~~~~~~~~~~~~~~~~~^^^^^^^^^^
  File "C:\Users\allie\anaconda3\Lib\ipaddress.py", line 1206, in _ip_int_from_string
    raise AddressValueError("Expected 4 octets in %r" % ip_str)
ipaddress.AddressValueError: Expected 4 octets in '*.lab.local'
2026-05-15 22:41:07 - huginn - DEBUG - Credentials saved (encrypted) for profile 'LAB'
2026-05-15 22:41:07 - huginn - DEBUG - Credentials saved (encrypted) for profile 'LAB'
2026-05-15 22:41:07 - huginn - DEBUG - Credentials saved (encrypted) for profile 'LAB'
2026-05-15 22:41:07 - huginn - DEBUG - Suppressed exception
Traceback (most recent call last):
  File "C:\Users\allie\Coding Projects\huggin_suite\huginn\app\core\scope_manager.py", line 62, in _parse_scope_text
    ipaddress.IPv4Address(item)
    ~~~~~~~~~~~~~~~~~~~~~^^^^^^
  File "C:\Users\allie\anaconda3\Lib\ipaddress.py", line 1319, in __init__
    self._ip = self._ip_int_from_string(addr_str)
               ~~~~~~~~~~~~~~~~~~~~~~~~^^^^^^^^^^
  File "C:\Users\allie\anaconda3\Lib\ipaddress.py", line 1206, in _ip_int_from_string
    raise AddressValueError("Expected 4 octets in %r" % ip_str)
ipaddress.AddressValueError: Expected 4 octets in '*.lab.local'
2026-05-15 22:44:38 - huginn - DEBUG - Suppressed exception
Traceback (most recent call last):
  File "c:\Users\allie\Coding Projects\huggin_suite\huginn\app\core\asset_manager.py", line 101, in init_database
    conn.execute("ALTER TABLE assets ADD COLUMN fqdn TEXT DEFAULT ''")
    ~~~~~~~~~~~~^^^^^^^^^^^^^^^^^^^^^^^^^^^^^^^^^^^^^^^^^^^^^^^^^^^^^^
sqlite3.OperationalError: duplicate column name: fqdn
2026-05-15 22:44:38 - huginn - DEBUG - Suppressed exception
Traceback (most recent call last):
  File "c:\Users\allie\Coding Projects\huggin_suite\huginn\app\core\asset_manager.py", line 108, in init_database
    conn.execute("ALTER TABLE assets ADD COLUMN mac_address TEXT DEFAULT ''")
    ~~~~~~~~~~~~^^^^^^^^^^^^^^^^^^^^^^^^^^^^^^^^^^^^^^^^^^^^^^^^^^^^^^^^^^^^^
sqlite3.OperationalError: duplicate column name: mac_address
2026-05-15 22:44:38 - huginn - DEBUG - Suppressed exception
Traceback (most recent call last):
  File "c:\Users\allie\Coding Projects\huggin_suite\huginn\app\core\asset_manager.py", line 115, in init_database
    conn.execute("ALTER TABLE assets ADD COLUMN vendor TEXT DEFAULT ''")
    ~~~~~~~~~~~~^^^^^^^^^^^^^^^^^^^^^^^^^^^^^^^^^^^^^^^^^^^^^^^^^^^^^^^^
sqlite3.OperationalError: duplicate column name: vendor
2026-05-15 22:44:38 - huginn - DEBUG - Suppressed exception
Traceback (most recent call last):
  File "c:\Users\allie\Coding Projects\huggin_suite\huginn\app\core\asset_manager.py", line 122, in init_database
    conn.execute("ALTER TABLE assets ADD COLUMN notes TEXT DEFAULT ''")
    ~~~~~~~~~~~~^^^^^^^^^^^^^^^^^^^^^^^^^^^^^^^^^^^^^^^^^^^^^^^^^^^^^^^
sqlite3.OperationalError: duplicate column name: notes
2026-05-15 22:44:38 - huginn - INFO - Using default configuration
2026-05-15 22:44:41 - huginn - INFO - License saved successfully
2026-05-15 22:44:41 - huginn - INFO - License loaded and validated successfully
2026-05-15 22:44:47 - huginn - DEBUG - Suppressed exception
Traceback (most recent call last):
  File "c:\Users\allie\Coding Projects\huggin_suite\huginn\app\core\asset_manager.py", line 101, in init_database
    conn.execute("ALTER TABLE assets ADD COLUMN fqdn TEXT DEFAULT ''")
    ~~~~~~~~~~~~^^^^^^^^^^^^^^^^^^^^^^^^^^^^^^^^^^^^^^^^^^^^^^^^^^^^^^
sqlite3.OperationalError: duplicate column name: fqdn
2026-05-15 22:44:47 - huginn - DEBUG - Suppressed exception
Traceback (most recent call last):
  File "c:\Users\allie\Coding Projects\huggin_suite\huginn\app\core\asset_manager.py", line 108, in init_database
    conn.execute("ALTER TABLE assets ADD COLUMN mac_address TEXT DEFAULT ''")
    ~~~~~~~~~~~~^^^^^^^^^^^^^^^^^^^^^^^^^^^^^^^^^^^^^^^^^^^^^^^^^^^^^^^^^^^^^
sqlite3.OperationalError: duplicate column name: mac_address
2026-05-15 22:44:47 - huginn - DEBUG - Suppressed exception
Traceback (most recent call last):
  File "c:\Users\allie\Coding Projects\huggin_suite\huginn\app\core\asset_manager.py", line 115, in init_database
    conn.execute("ALTER TABLE assets ADD COLUMN vendor TEXT DEFAULT ''")
    ~~~~~~~~~~~~^^^^^^^^^^^^^^^^^^^^^^^^^^^^^^^^^^^^^^^^^^^^^^^^^^^^^^^^
sqlite3.OperationalError: duplicate column name: vendor
2026-05-15 22:44:47 - huginn - DEBUG - Suppressed exception
Traceback (most recent call last):
  File "c:\Users\allie\Coding Projects\huggin_suite\huginn\app\core\asset_manager.py", line 122, in init_database
    conn.execute("ALTER TABLE assets ADD COLUMN notes TEXT DEFAULT ''")
    ~~~~~~~~~~~~^^^^^^^^^^^^^^^^^^^^^^^^^^^^^^^^^^^^^^^^^^^^^^^^^^^^^^^
sqlite3.OperationalError: duplicate column name: notes
2026-05-15 22:44:47 - huginn - INFO - Using default configuration
2026-05-15 22:44:49 - huginn - INFO - License saved successfully
2026-05-15 22:44:49 - huginn - INFO - License loaded and validated successfully
2026-05-15 22:44:53 - huginn - DEBUG - Suppressed exception
Traceback (most recent call last):
  File "c:\Users\allie\Coding Projects\huggin_suite\huginn\app\core\asset_manager.py", line 101, in init_database
    conn.execute("ALTER TABLE assets ADD COLUMN fqdn TEXT DEFAULT ''")
    ~~~~~~~~~~~~^^^^^^^^^^^^^^^^^^^^^^^^^^^^^^^^^^^^^^^^^^^^^^^^^^^^^^
sqlite3.OperationalError: duplicate column name: fqdn
2026-05-15 22:44:53 - huginn - DEBUG - Suppressed exception
Traceback (most recent call last):
  File "c:\Users\allie\Coding Projects\huggin_suite\huginn\app\core\asset_manager.py", line 108, in init_database
    conn.execute("ALTER TABLE assets ADD COLUMN mac_address TEXT DEFAULT ''")
    ~~~~~~~~~~~~^^^^^^^^^^^^^^^^^^^^^^^^^^^^^^^^^^^^^^^^^^^^^^^^^^^^^^^^^^^^^
sqlite3.OperationalError: duplicate column name: mac_address
2026-05-15 22:44:53 - huginn - DEBUG - Suppressed exception
Traceback (most recent call last):
  File "c:\Users\allie\Coding Projects\huggin_suite\huginn\app\core\asset_manager.py", line 115, in init_database
    conn.execute("ALTER TABLE assets ADD COLUMN vendor TEXT DEFAULT ''")
    ~~~~~~~~~~~~^^^^^^^^^^^^^^^^^^^^^^^^^^^^^^^^^^^^^^^^^^^^^^^^^^^^^^^^
sqlite3.OperationalError: duplicate column name: vendor
2026-05-15 22:44:53 - huginn - DEBUG - Suppressed exception
Traceback (most recent call last):
  File "c:\Users\allie\Coding Projects\huggin_suite\huginn\app\core\asset_manager.py", line 122, in init_database
    conn.execute("ALTER TABLE assets ADD COLUMN notes TEXT DEFAULT ''")
    ~~~~~~~~~~~~^^^^^^^^^^^^^^^^^^^^^^^^^^^^^^^^^^^^^^^^^^^^^^^^^^^^^^^
sqlite3.OperationalError: duplicate column name: notes
2026-05-15 22:44:53 - huginn - INFO - Using default configuration
2026-05-15 22:44:55 - huginn - INFO - License saved successfully
2026-05-15 22:44:55 - huginn - INFO - License loaded and validated successfully
2026-05-15 22:46:26 - huginn - DEBUG - Memory monitoring stopped
2026-05-15 22:46:26 - huginn - DEBUG - Connection pool closed all sessions
2026-05-15 22:46:26 - huginn - INFO - Update manager stopped during cleanup
2026-05-15 22:46:28 - huginn - INFO - License saved successfully
2026-05-15 22:46:28 - huginn - INFO - License loaded and validated successfully
2026-05-15 22:46:29 - huginn - INFO - Application starting...
2026-05-15 22:46:29 - huginn - INFO - Font loaded successfully
2026-05-15 22:46:29 - huginn - INFO - Stylesheet loaded successfully
2026-05-15 22:46:29 - huginn - INFO - Creating main window...
2026-05-15 22:46:29 - huginn - INFO - QThreadPool max threads set to 32 (CPUs: 32)
2026-05-15 22:46:29 - huginn - INFO - Custom font 'Neuropol X' loaded from C:\Users\allie\Coding Projects\huggin_suite\huginn\resources\fonts\neuropol.otf
2026-05-15 22:46:29 - huginn - DEBUG - Suppressed exception
Traceback (most recent call last):
  File "C:\Users\allie\Coding Projects\huggin_suite\huginn\app\pages\page_registry.py", line 45, in register_all_pages
    from app.pages.db_attacks_page import DBAttacksPage
ImportError: cannot import name 'DBAttacksPage' from 'app.pages.db_attacks_page' (C:\Users\allie\Coding Projects\huggin_suite\huginn\app\pages\db_attacks_page.py)
2026-05-15 22:46:30 - huginn - DEBUG - Credentials loaded for profile 'default'
2026-05-15 22:46:33 - huginn - DEBUG - Credentials saved (encrypted) for profile 'default'
2026-05-15 22:46:33 - huginn - DEBUG - Credentials loaded for profile 'LAB'
2026-05-15 22:46:33 - huginn - DEBUG - Suppressed exception
Traceback (most recent call last):
  File "C:\Users\allie\Coding Projects\huggin_suite\huginn\app\core\scope_manager.py", line 62, in _parse_scope_text
    ipaddress.IPv4Address(item)
    ~~~~~~~~~~~~~~~~~~~~~^^^^^^
  File "C:\Users\allie\anaconda3\Lib\ipaddress.py", line 1319, in __init__
    self._ip = self._ip_int_from_string(addr_str)
               ~~~~~~~~~~~~~~~~~~~~~~~~^^^^^^^^^^
  File "C:\Users\allie\anaconda3\Lib\ipaddress.py", line 1206, in _ip_int_from_string
    raise AddressValueError("Expected 4 octets in %r" % ip_str)
ipaddress.AddressValueError: Expected 4 octets in '*.lab.local'
2026-05-15 22:46:33 - huginn - DEBUG - Suppressed exception
Traceback (most recent call last):
  File "C:\Users\allie\Coding Projects\huggin_suite\huginn\app\core\scope_manager.py", line 62, in _parse_scope_text
    ipaddress.IPv4Address(item)
    ~~~~~~~~~~~~~~~~~~~~~^^^^^^
  File "C:\Users\allie\anaconda3\Lib\ipaddress.py", line 1319, in __init__
    self._ip = self._ip_int_from_string(addr_str)
               ~~~~~~~~~~~~~~~~~~~~~~~~^^^^^^^^^^
  File "C:\Users\allie\anaconda3\Lib\ipaddress.py", line 1206, in _ip_int_from_string
    raise AddressValueError("Expected 4 octets in %r" % ip_str)
ipaddress.AddressValueError: Expected 4 octets in '*.lab.local'
2026-05-15 22:46:33 - huginn - DEBUG - Credentials saved (encrypted) for profile 'LAB'
2026-05-15 22:46:33 - huginn - DEBUG - Credentials saved (encrypted) for profile 'LAB'
2026-05-15 22:46:33 - huginn - DEBUG - Credentials saved (encrypted) for profile 'LAB'
2026-05-15 22:46:33 - huginn - DEBUG - Suppressed exception
Traceback (most recent call last):
  File "C:\Users\allie\Coding Projects\huggin_suite\huginn\app\core\scope_manager.py", line 62, in _parse_scope_text
    ipaddress.IPv4Address(item)
    ~~~~~~~~~~~~~~~~~~~~~^^^^^^
  File "C:\Users\allie\anaconda3\Lib\ipaddress.py", line 1319, in __init__
    self._ip = self._ip_int_from_string(addr_str)
               ~~~~~~~~~~~~~~~~~~~~~~~~^^^^^^^^^^
  File "C:\Users\allie\anaconda3\Lib\ipaddress.py", line 1206, in _ip_int_from_string
    raise AddressValueError("Expected 4 octets in %r" % ip_str)
ipaddress.AddressValueError: Expected 4 octets in '*.lab.local'
2026-05-15 22:47:15 - huginn - DEBUG - Credentials saved (encrypted) for profile 'LAB'
2026-05-15 22:47:15 - huginn - DEBUG - Credentials loaded for profile 'HTB-Code'
2026-05-15 22:47:15 - huginn - DEBUG - Credentials saved (encrypted) for profile 'HTB-Code'
2026-05-15 22:48:36 - huginn - DEBUG - Suppressed exception
Traceback (most recent call last):
  File "C:\Users\allie\Coding Projects\huggin_suite\huginn\app\core\scope_manager.py", line 62, in _parse_scope_text
    ipaddress.IPv4Address(item)
    ~~~~~~~~~~~~~~~~~~~~~^^^^^^
  File "C:\Users\allie\anaconda3\Lib\ipaddress.py", line 1319, in __init__
    self._ip = self._ip_int_from_string(addr_str)
               ~~~~~~~~~~~~~~~~~~~~~~~~^^^^^^^^^^
  File "C:\Users\allie\anaconda3\Lib\ipaddress.py", line 1206, in _ip_int_from_string
    raise AddressValueError("Expected 4 octets in %r" % ip_str)
ipaddress.AddressValueError: Expected 4 octets in '*.lab.local'
2026-05-15 22:48:36 - huginn - DEBUG - Suppressed exception
Traceback (most recent call last):
  File "C:\Users\allie\Coding Projects\huggin_suite\huginn\app\core\scope_manager.py", line 62, in _parse_scope_text
    ipaddress.IPv4Address(item)
    ~~~~~~~~~~~~~~~~~~~~~^^^^^^
  File "C:\Users\allie\anaconda3\Lib\ipaddress.py", line 1319, in __init__
    self._ip = self._ip_int_from_string(addr_str)
               ~~~~~~~~~~~~~~~~~~~~~~~~^^^^^^^^^^
  File "C:\Users\allie\anaconda3\Lib\ipaddress.py", line 1206, in _ip_int_from_string
    raise AddressValueError("Expected 4 octets in %r" % ip_str)
ipaddress.AddressValueError: Expected 4 octets in '*.lab.local'
2026-05-15 22:48:36 - huginn - DEBUG - Credentials saved (encrypted) for profile 'HTB-Code'
2026-05-15 22:48:36 - huginn - DEBUG - Credentials loaded for profile 'LAB'
2026-05-15 22:48:36 - huginn - DEBUG - Credentials saved (encrypted) for profile 'LAB'
2026-05-15 22:48:36 - huginn - DEBUG - Credentials saved (encrypted) for profile 'LAB'
2026-05-15 22:48:36 - huginn - DEBUG - Credentials saved (encrypted) for profile 'LAB'
2026-05-15 22:48:36 - huginn - DEBUG - Suppressed exception
Traceback (most recent call last):
  File "C:\Users\allie\Coding Projects\huggin_suite\huginn\app\core\scope_manager.py", line 62, in _parse_scope_text
    ipaddress.IPv4Address(item)
    ~~~~~~~~~~~~~~~~~~~~~^^^^^^
  File "C:\Users\allie\anaconda3\Lib\ipaddress.py", line 1319, in __init__
    self._ip = self._ip_int_from_string(addr_str)
               ~~~~~~~~~~~~~~~~~~~~~~~~^^^^^^^^^^
  File "C:\Users\allie\anaconda3\Lib\ipaddress.py", line 1206, in _ip_int_from_string
    raise AddressValueError("Expected 4 octets in %r" % ip_str)
ipaddress.AddressValueError: Expected 4 octets in '*.lab.local'
2026-05-15 23:19:07 - huginn - DEBUG - Memory monitoring stopped
2026-05-15 23:19:07 - huginn - DEBUG - Connection pool closed all sessions
2026-05-15 23:19:07 - huginn - INFO - Update manager stopped during cleanup
2026-05-15 23:19:27 - huginn - DEBUG - Suppressed exception
Traceback (most recent call last):
  File "c:\Users\allie\Coding Projects\huggin_suite\huginn\app\core\asset_manager.py", line 101, in init_database
    conn.execute("ALTER TABLE assets ADD COLUMN fqdn TEXT DEFAULT ''")
    ~~~~~~~~~~~~^^^^^^^^^^^^^^^^^^^^^^^^^^^^^^^^^^^^^^^^^^^^^^^^^^^^^^
sqlite3.OperationalError: duplicate column name: fqdn
2026-05-15 23:19:27 - huginn - DEBUG - Suppressed exception
Traceback (most recent call last):
  File "c:\Users\allie\Coding Projects\huggin_suite\huginn\app\core\asset_manager.py", line 108, in init_database
    conn.execute("ALTER TABLE assets ADD COLUMN mac_address TEXT DEFAULT ''")
    ~~~~~~~~~~~~^^^^^^^^^^^^^^^^^^^^^^^^^^^^^^^^^^^^^^^^^^^^^^^^^^^^^^^^^^^^^
sqlite3.OperationalError: duplicate column name: mac_address
2026-05-15 23:19:27 - huginn - DEBUG - Suppressed exception
Traceback (most recent call last):
  File "c:\Users\allie\Coding Projects\huggin_suite\huginn\app\core\asset_manager.py", line 115, in init_database
    conn.execute("ALTER TABLE assets ADD COLUMN vendor TEXT DEFAULT ''")
    ~~~~~~~~~~~~^^^^^^^^^^^^^^^^^^^^^^^^^^^^^^^^^^^^^^^^^^^^^^^^^^^^^^^^
sqlite3.OperationalError: duplicate column name: vendor
2026-05-15 23:19:27 - huginn - DEBUG - Suppressed exception
Traceback (most recent call last):
  File "c:\Users\allie\Coding Projects\huggin_suite\huginn\app\core\asset_manager.py", line 122, in init_database
    conn.execute("ALTER TABLE assets ADD COLUMN notes TEXT DEFAULT ''")
    ~~~~~~~~~~~~^^^^^^^^^^^^^^^^^^^^^^^^^^^^^^^^^^^^^^^^^^^^^^^^^^^^^^^
sqlite3.OperationalError: duplicate column name: notes
2026-05-15 23:19:27 - huginn - INFO - Using default configuration
2026-05-15 23:19:29 - huginn - INFO - License saved successfully
2026-05-15 23:19:29 - huginn - INFO - License loaded and validated successfully
2026-05-15 23:20:10 - huginn - DEBUG - Suppressed exception
Traceback (most recent call last):
  File "c:\Users\allie\Coding Projects\huggin_suite\huginn\app\core\asset_manager.py", line 101, in init_database
    conn.execute("ALTER TABLE assets ADD COLUMN fqdn TEXT DEFAULT ''")
    ~~~~~~~~~~~~^^^^^^^^^^^^^^^^^^^^^^^^^^^^^^^^^^^^^^^^^^^^^^^^^^^^^^
sqlite3.OperationalError: duplicate column name: fqdn
2026-05-15 23:20:10 - huginn - DEBUG - Suppressed exception
Traceback (most recent call last):
  File "c:\Users\allie\Coding Projects\huggin_suite\huginn\app\core\asset_manager.py", line 108, in init_database
    conn.execute("ALTER TABLE assets ADD COLUMN mac_address TEXT DEFAULT ''")
    ~~~~~~~~~~~~^^^^^^^^^^^^^^^^^^^^^^^^^^^^^^^^^^^^^^^^^^^^^^^^^^^^^^^^^^^^^
sqlite3.OperationalError: duplicate column name: mac_address
2026-05-15 23:20:10 - huginn - DEBUG - Suppressed exception
Traceback (most recent call last):
  File "c:\Users\allie\Coding Projects\huggin_suite\huginn\app\core\asset_manager.py", line 115, in init_database
    conn.execute("ALTER TABLE assets ADD COLUMN vendor TEXT DEFAULT ''")
    ~~~~~~~~~~~~^^^^^^^^^^^^^^^^^^^^^^^^^^^^^^^^^^^^^^^^^^^^^^^^^^^^^^^^
sqlite3.OperationalError: duplicate column name: vendor
2026-05-15 23:20:10 - huginn - DEBUG - Suppressed exception
Traceback (most recent call last):
  File "c:\Users\allie\Coding Projects\huggin_suite\huginn\app\core\asset_manager.py", line 122, in init_database
    conn.execute("ALTER TABLE assets ADD COLUMN notes TEXT DEFAULT ''")
    ~~~~~~~~~~~~^^^^^^^^^^^^^^^^^^^^^^^^^^^^^^^^^^^^^^^^^^^^^^^^^^^^^^^
sqlite3.OperationalError: duplicate column name: notes
2026-05-15 23:20:10 - huginn - INFO - Using default configuration
2026-05-15 23:20:12 - huginn - INFO - License saved successfully
2026-05-15 23:20:12 - huginn - INFO - License loaded and validated successfully
2026-05-15 23:20:27 - huginn - DEBUG - Suppressed exception
Traceback (most recent call last):
  File "c:\Users\allie\Coding Projects\huggin_suite\huginn\app\core\asset_manager.py", line 101, in init_database
    conn.execute("ALTER TABLE assets ADD COLUMN fqdn TEXT DEFAULT ''")
    ~~~~~~~~~~~~^^^^^^^^^^^^^^^^^^^^^^^^^^^^^^^^^^^^^^^^^^^^^^^^^^^^^^
sqlite3.OperationalError: duplicate column name: fqdn
2026-05-15 23:20:27 - huginn - DEBUG - Suppressed exception
Traceback (most recent call last):
  File "c:\Users\allie\Coding Projects\huggin_suite\huginn\app\core\asset_manager.py", line 108, in init_database
    conn.execute("ALTER TABLE assets ADD COLUMN mac_address TEXT DEFAULT ''")
    ~~~~~~~~~~~~^^^^^^^^^^^^^^^^^^^^^^^^^^^^^^^^^^^^^^^^^^^^^^^^^^^^^^^^^^^^^
sqlite3.OperationalError: duplicate column name: mac_address
2026-05-15 23:20:27 - huginn - DEBUG - Suppressed exception
Traceback (most recent call last):
  File "c:\Users\allie\Coding Projects\huggin_suite\huginn\app\core\asset_manager.py", line 115, in init_database
    conn.execute("ALTER TABLE assets ADD COLUMN vendor TEXT DEFAULT ''")
    ~~~~~~~~~~~~^^^^^^^^^^^^^^^^^^^^^^^^^^^^^^^^^^^^^^^^^^^^^^^^^^^^^^^^
sqlite3.OperationalError: duplicate column name: vendor
2026-05-15 23:20:27 - huginn - DEBUG - Suppressed exception
Traceback (most recent call last):
  File "c:\Users\allie\Coding Projects\huggin_suite\huginn\app\core\asset_manager.py", line 122, in init_database
    conn.execute("ALTER TABLE assets ADD COLUMN notes TEXT DEFAULT ''")
    ~~~~~~~~~~~~^^^^^^^^^^^^^^^^^^^^^^^^^^^^^^^^^^^^^^^^^^^^^^^^^^^^^^^
sqlite3.OperationalError: duplicate column name: notes
2026-05-15 23:20:27 - huginn - INFO - Using default configuration
2026-05-15 23:20:29 - huginn - INFO - License saved successfully
2026-05-15 23:20:29 - huginn - INFO - License loaded and validated successfully
2026-05-15 23:20:38 - huginn - DEBUG - Suppressed exception
Traceback (most recent call last):
  File "c:\Users\allie\Coding Projects\huggin_suite\huginn\app\core\asset_manager.py", line 101, in init_database
    conn.execute("ALTER TABLE assets ADD COLUMN fqdn TEXT DEFAULT ''")
    ~~~~~~~~~~~~^^^^^^^^^^^^^^^^^^^^^^^^^^^^^^^^^^^^^^^^^^^^^^^^^^^^^^
sqlite3.OperationalError: duplicate column name: fqdn
2026-05-15 23:20:38 - huginn - DEBUG - Suppressed exception
Traceback (most recent call last):
  File "c:\Users\allie\Coding Projects\huggin_suite\huginn\app\core\asset_manager.py", line 108, in init_database
    conn.execute("ALTER TABLE assets ADD COLUMN mac_address TEXT DEFAULT ''")
    ~~~~~~~~~~~~^^^^^^^^^^^^^^^^^^^^^^^^^^^^^^^^^^^^^^^^^^^^^^^^^^^^^^^^^^^^^
sqlite3.OperationalError: duplicate column name: mac_address
2026-05-15 23:20:38 - huginn - DEBUG - Suppressed exception
Traceback (most recent call last):
  File "c:\Users\allie\Coding Projects\huggin_suite\huginn\app\core\asset_manager.py", line 115, in init_database
    conn.execute("ALTER TABLE assets ADD COLUMN vendor TEXT DEFAULT ''")
    ~~~~~~~~~~~~^^^^^^^^^^^^^^^^^^^^^^^^^^^^^^^^^^^^^^^^^^^^^^^^^^^^^^^^
sqlite3.OperationalError: duplicate column name: vendor
2026-05-15 23:20:38 - huginn - DEBUG - Suppressed exception
Traceback (most recent call last):
  File "c:\Users\allie\Coding Projects\huggin_suite\huginn\app\core\asset_manager.py", line 122, in init_database
    conn.execute("ALTER TABLE assets ADD COLUMN notes TEXT DEFAULT ''")
    ~~~~~~~~~~~~^^^^^^^^^^^^^^^^^^^^^^^^^^^^^^^^^^^^^^^^^^^^^^^^^^^^^^^
sqlite3.OperationalError: duplicate column name: notes
2026-05-15 23:20:38 - huginn - INFO - Using default configuration
2026-05-15 23:20:40 - huginn - INFO - License saved successfully
2026-05-15 23:20:40 - huginn - INFO - License loaded and validated successfully
2026-05-15 23:21:19 - huginn - INFO - License saved successfully
2026-05-15 23:21:19 - huginn - INFO - License loaded and validated successfully
2026-05-15 23:21:19 - huginn - INFO - Application starting...
2026-05-15 23:21:19 - huginn - INFO - Font loaded successfully
2026-05-15 23:21:19 - huginn - INFO - Stylesheet loaded successfully
2026-05-15 23:21:19 - huginn - INFO - Creating main window...
2026-05-15 23:21:19 - huginn - INFO - QThreadPool max threads set to 32 (CPUs: 32)
2026-05-15 23:21:19 - huginn - INFO - Custom font 'Neuropol X' loaded from C:\Users\allie\Coding Projects\huggin_suite\huginn\resources\fonts\neuropol.otf
2026-05-15 23:21:19 - huginn - DEBUG - Suppressed exception
Traceback (most recent call last):
  File "C:\Users\allie\Coding Projects\huggin_suite\huginn\app\pages\page_registry.py", line 45, in register_all_pages
    from app.pages.db_attacks_page import DBAttacksPage
ImportError: cannot import name 'DBAttacksPage' from 'app.pages.db_attacks_page' (C:\Users\allie\Coding Projects\huggin_suite\huginn\app\pages\db_attacks_page.py)
2026-05-15 23:21:21 - huginn - DEBUG - Credentials loaded for profile 'default'
2026-05-15 23:21:23 - huginn - DEBUG - Credentials saved (encrypted) for profile 'default'
2026-05-15 23:21:23 - huginn - DEBUG - Credentials loaded for profile 'LAB'
2026-05-15 23:21:23 - huginn - DEBUG - Suppressed exception
Traceback (most recent call last):
  File "C:\Users\allie\Coding Projects\huggin_suite\huginn\app\core\scope_manager.py", line 62, in _parse_scope_text
    ipaddress.IPv4Address(item)
    ~~~~~~~~~~~~~~~~~~~~~^^^^^^
  File "C:\Users\allie\anaconda3\Lib\ipaddress.py", line 1319, in __init__
    self._ip = self._ip_int_from_string(addr_str)
               ~~~~~~~~~~~~~~~~~~~~~~~~^^^^^^^^^^
  File "C:\Users\allie\anaconda3\Lib\ipaddress.py", line 1206, in _ip_int_from_string
    raise AddressValueError("Expected 4 octets in %r" % ip_str)
ipaddress.AddressValueError: Expected 4 octets in '*.lab.local'
2026-05-15 23:21:23 - huginn - DEBUG - Suppressed exception
Traceback (most recent call last):
  File "C:\Users\allie\Coding Projects\huggin_suite\huginn\app\core\scope_manager.py", line 62, in _parse_scope_text
    ipaddress.IPv4Address(item)
    ~~~~~~~~~~~~~~~~~~~~~^^^^^^
  File "C:\Users\allie\anaconda3\Lib\ipaddress.py", line 1319, in __init__
    self._ip = self._ip_int_from_string(addr_str)
               ~~~~~~~~~~~~~~~~~~~~~~~~^^^^^^^^^^
  File "C:\Users\allie\anaconda3\Lib\ipaddress.py", line 1206, in _ip_int_from_string
    raise AddressValueError("Expected 4 octets in %r" % ip_str)
ipaddress.AddressValueError: Expected 4 octets in '*.lab.local'
2026-05-15 23:21:23 - huginn - DEBUG - Credentials saved (encrypted) for profile 'LAB'
2026-05-15 23:21:23 - huginn - DEBUG - Credentials saved (encrypted) for profile 'LAB'
2026-05-15 23:21:23 - huginn - DEBUG - Credentials saved (encrypted) for profile 'LAB'
2026-05-15 23:21:23 - huginn - DEBUG - Suppressed exception
Traceback (most recent call last):
  File "C:\Users\allie\Coding Projects\huggin_suite\huginn\app\core\scope_manager.py", line 62, in _parse_scope_text
    ipaddress.IPv4Address(item)
    ~~~~~~~~~~~~~~~~~~~~~^^^^^^
  File "C:\Users\allie\anaconda3\Lib\ipaddress.py", line 1319, in __init__
    self._ip = self._ip_int_from_string(addr_str)
               ~~~~~~~~~~~~~~~~~~~~~~~~^^^^^^^^^^
  File "C:\Users\allie\anaconda3\Lib\ipaddress.py", line 1206, in _ip_int_from_string
    raise AddressValueError("Expected 4 octets in %r" % ip_str)
ipaddress.AddressValueError: Expected 4 octets in '*.lab.local'
2026-05-15 23:27:31 - huginn - DEBUG - Suppressed exception
Traceback (most recent call last):
  File "c:\Users\allie\Coding Projects\huggin_suite\huginn\app\core\asset_manager.py", line 101, in init_database
    conn.execute("ALTER TABLE assets ADD COLUMN fqdn TEXT DEFAULT ''")
    ~~~~~~~~~~~~^^^^^^^^^^^^^^^^^^^^^^^^^^^^^^^^^^^^^^^^^^^^^^^^^^^^^^
sqlite3.OperationalError: duplicate column name: fqdn
2026-05-15 23:27:31 - huginn - DEBUG - Suppressed exception
Traceback (most recent call last):
  File "c:\Users\allie\Coding Projects\huggin_suite\huginn\app\core\asset_manager.py", line 108, in init_database
    conn.execute("ALTER TABLE assets ADD COLUMN mac_address TEXT DEFAULT ''")
    ~~~~~~~~~~~~^^^^^^^^^^^^^^^^^^^^^^^^^^^^^^^^^^^^^^^^^^^^^^^^^^^^^^^^^^^^^
sqlite3.OperationalError: duplicate column name: mac_address
2026-05-15 23:27:31 - huginn - DEBUG - Suppressed exception
Traceback (most recent call last):
  File "c:\Users\allie\Coding Projects\huggin_suite\huginn\app\core\asset_manager.py", line 115, in init_database
    conn.execute("ALTER TABLE assets ADD COLUMN vendor TEXT DEFAULT ''")
    ~~~~~~~~~~~~^^^^^^^^^^^^^^^^^^^^^^^^^^^^^^^^^^^^^^^^^^^^^^^^^^^^^^^^
sqlite3.OperationalError: duplicate column name: vendor
2026-05-15 23:27:31 - huginn - DEBUG - Suppressed exception
Traceback (most recent call last):
  File "c:\Users\allie\Coding Projects\huggin_suite\huginn\app\core\asset_manager.py", line 122, in init_database
    conn.execute("ALTER TABLE assets ADD COLUMN notes TEXT DEFAULT ''")
    ~~~~~~~~~~~~^^^^^^^^^^^^^^^^^^^^^^^^^^^^^^^^^^^^^^^^^^^^^^^^^^^^^^^
sqlite3.OperationalError: duplicate column name: notes
2026-05-15 23:27:31 - huginn - INFO - Using default configuration
2026-05-15 23:27:33 - huginn - INFO - License saved successfully
2026-05-15 23:27:33 - huginn - INFO - License loaded and validated successfully
2026-05-15 23:30:01 - huginn - DEBUG - Memory monitoring stopped
2026-05-15 23:30:01 - huginn - DEBUG - Connection pool closed all sessions
2026-05-15 23:30:01 - huginn - INFO - Update manager stopped during cleanup
2026-05-15 23:30:49 - huginn - INFO - License saved successfully
2026-05-15 23:30:49 - huginn - INFO - License loaded and validated successfully
2026-05-15 23:30:49 - huginn - INFO - Application starting...
2026-05-15 23:30:49 - huginn - INFO - Font loaded successfully
2026-05-15 23:30:49 - huginn - INFO - Stylesheet loaded successfully
2026-05-15 23:30:49 - huginn - INFO - Creating main window...
2026-05-15 23:30:49 - huginn - INFO - QThreadPool max threads set to 32 (CPUs: 32)
2026-05-15 23:30:49 - huginn - INFO - Custom font 'Neuropol X' loaded from C:\Users\allie\Coding Projects\huggin_suite\huginn\resources\fonts\neuropol.otf
2026-05-15 23:30:49 - huginn - DEBUG - Suppressed exception
Traceback (most recent call last):
  File "C:\Users\allie\Coding Projects\huggin_suite\huginn\app\pages\page_registry.py", line 45, in register_all_pages
    from app.pages.db_attacks_page import DBAttacksPage
ImportError: cannot import name 'DBAttacksPage' from 'app.pages.db_attacks_page' (C:\Users\allie\Coding Projects\huggin_suite\huginn\app\pages\db_attacks_page.py)
2026-05-15 23:30:51 - huginn - DEBUG - Credentials loaded for profile 'default'
2026-05-15 23:41:43 - huginn - DEBUG - Memory monitoring stopped
2026-05-15 23:41:43 - huginn - DEBUG - Connection pool closed all sessions
2026-05-15 23:41:43 - huginn - INFO - Update manager stopped during cleanup
2026-05-15 23:42:11 - huginn - DEBUG - Suppressed exception
Traceback (most recent call last):
  File "c:\Users\allie\Coding Projects\huggin_suite\huginn\app\core\asset_manager.py", line 101, in init_database
    conn.execute("ALTER TABLE assets ADD COLUMN fqdn TEXT DEFAULT ''")
    ~~~~~~~~~~~~^^^^^^^^^^^^^^^^^^^^^^^^^^^^^^^^^^^^^^^^^^^^^^^^^^^^^^
sqlite3.OperationalError: duplicate column name: fqdn
2026-05-15 23:42:11 - huginn - DEBUG - Suppressed exception
Traceback (most recent call last):
  File "c:\Users\allie\Coding Projects\huggin_suite\huginn\app\core\asset_manager.py", line 108, in init_database
    conn.execute("ALTER TABLE assets ADD COLUMN mac_address TEXT DEFAULT ''")
    ~~~~~~~~~~~~^^^^^^^^^^^^^^^^^^^^^^^^^^^^^^^^^^^^^^^^^^^^^^^^^^^^^^^^^^^^^
sqlite3.OperationalError: duplicate column name: mac_address
2026-05-15 23:42:11 - huginn - DEBUG - Suppressed exception
Traceback (most recent call last):
  File "c:\Users\allie\Coding Projects\huggin_suite\huginn\app\core\asset_manager.py", line 115, in init_database
    conn.execute("ALTER TABLE assets ADD COLUMN vendor TEXT DEFAULT ''")
    ~~~~~~~~~~~~^^^^^^^^^^^^^^^^^^^^^^^^^^^^^^^^^^^^^^^^^^^^^^^^^^^^^^^^
sqlite3.OperationalError: duplicate column name: vendor
2026-05-15 23:42:11 - huginn - DEBUG - Suppressed exception
Traceback (most recent call last):
  File "c:\Users\allie\Coding Projects\huggin_suite\huginn\app\core\asset_manager.py", line 122, in init_database
    conn.execute("ALTER TABLE assets ADD COLUMN notes TEXT DEFAULT ''")
    ~~~~~~~~~~~~^^^^^^^^^^^^^^^^^^^^^^^^^^^^^^^^^^^^^^^^^^^^^^^^^^^^^^^
sqlite3.OperationalError: duplicate column name: notes
2026-05-15 23:42:11 - huginn - INFO - Using default configuration
2026-05-15 23:42:13 - huginn - INFO - License saved successfully
2026-05-15 23:42:13 - huginn - INFO - License loaded and validated successfully
2026-05-15 23:42:17 - huginn - DEBUG - Suppressed exception
Traceback (most recent call last):
  File "c:\Users\allie\Coding Projects\huggin_suite\huginn\app\core\asset_manager.py", line 101, in init_database
    conn.execute("ALTER TABLE assets ADD COLUMN fqdn TEXT DEFAULT ''")
    ~~~~~~~~~~~~^^^^^^^^^^^^^^^^^^^^^^^^^^^^^^^^^^^^^^^^^^^^^^^^^^^^^^
sqlite3.OperationalError: duplicate column name: fqdn
2026-05-15 23:42:17 - huginn - DEBUG - Suppressed exception
Traceback (most recent call last):
  File "c:\Users\allie\Coding Projects\huggin_suite\huginn\app\core\asset_manager.py", line 108, in init_database
    conn.execute("ALTER TABLE assets ADD COLUMN mac_address TEXT DEFAULT ''")
    ~~~~~~~~~~~~^^^^^^^^^^^^^^^^^^^^^^^^^^^^^^^^^^^^^^^^^^^^^^^^^^^^^^^^^^^^^
sqlite3.OperationalError: duplicate column name: mac_address
2026-05-15 23:42:17 - huginn - DEBUG - Suppressed exception
Traceback (most recent call last):
  File "c:\Users\allie\Coding Projects\huggin_suite\huginn\app\core\asset_manager.py", line 115, in init_database
    conn.execute("ALTER TABLE assets ADD COLUMN vendor TEXT DEFAULT ''")
    ~~~~~~~~~~~~^^^^^^^^^^^^^^^^^^^^^^^^^^^^^^^^^^^^^^^^^^^^^^^^^^^^^^^^
sqlite3.OperationalError: duplicate column name: vendor
2026-05-15 23:42:17 - huginn - DEBUG - Suppressed exception
Traceback (most recent call last):
  File "c:\Users\allie\Coding Projects\huggin_suite\huginn\app\core\asset_manager.py", line 122, in init_database
    conn.execute("ALTER TABLE assets ADD COLUMN notes TEXT DEFAULT ''")
    ~~~~~~~~~~~~^^^^^^^^^^^^^^^^^^^^^^^^^^^^^^^^^^^^^^^^^^^^^^^^^^^^^^^
sqlite3.OperationalError: duplicate column name: notes
2026-05-15 23:42:18 - huginn - INFO - Using default configuration
2026-05-15 23:42:20 - huginn - INFO - License saved successfully
2026-05-15 23:42:20 - huginn - INFO - License loaded and validated successfully
2026-05-15 23:42:26 - huginn - DEBUG - Suppressed exception
Traceback (most recent call last):
  File "c:\Users\allie\Coding Projects\huggin_suite\huginn\app\core\asset_manager.py", line 101, in init_database
    conn.execute("ALTER TABLE assets ADD COLUMN fqdn TEXT DEFAULT ''")
    ~~~~~~~~~~~~^^^^^^^^^^^^^^^^^^^^^^^^^^^^^^^^^^^^^^^^^^^^^^^^^^^^^^
sqlite3.OperationalError: duplicate column name: fqdn
2026-05-15 23:42:26 - huginn - DEBUG - Suppressed exception
Traceback (most recent call last):
  File "c:\Users\allie\Coding Projects\huggin_suite\huginn\app\core\asset_manager.py", line 108, in init_database
    conn.execute("ALTER TABLE assets ADD COLUMN mac_address TEXT DEFAULT ''")
    ~~~~~~~~~~~~^^^^^^^^^^^^^^^^^^^^^^^^^^^^^^^^^^^^^^^^^^^^^^^^^^^^^^^^^^^^^
sqlite3.OperationalError: duplicate column name: mac_address
2026-05-15 23:42:26 - huginn - DEBUG - Suppressed exception
Traceback (most recent call last):
  File "c:\Users\allie\Coding Projects\huggin_suite\huginn\app\core\asset_manager.py", line 115, in init_database
    conn.execute("ALTER TABLE assets ADD COLUMN vendor TEXT DEFAULT ''")
    ~~~~~~~~~~~~^^^^^^^^^^^^^^^^^^^^^^^^^^^^^^^^^^^^^^^^^^^^^^^^^^^^^^^^
sqlite3.OperationalError: duplicate column name: vendor
2026-05-15 23:42:26 - huginn - DEBUG - Suppressed exception
Traceback (most recent call last):
  File "c:\Users\allie\Coding Projects\huggin_suite\huginn\app\core\asset_manager.py", line 122, in init_database
    conn.execute("ALTER TABLE assets ADD COLUMN notes TEXT DEFAULT ''")
    ~~~~~~~~~~~~^^^^^^^^^^^^^^^^^^^^^^^^^^^^^^^^^^^^^^^^^^^^^^^^^^^^^^^
sqlite3.OperationalError: duplicate column name: notes
2026-05-15 23:42:26 - huginn - INFO - Using default configuration
2026-05-15 23:42:28 - huginn - INFO - License saved successfully
2026-05-15 23:42:28 - huginn - INFO - License loaded and validated successfully
2026-05-15 23:42:31 - huginn - DEBUG - Suppressed exception
Traceback (most recent call last):
  File "c:\Users\allie\Coding Projects\huggin_suite\huginn\app\core\asset_manager.py", line 101, in init_database
    conn.execute("ALTER TABLE assets ADD COLUMN fqdn TEXT DEFAULT ''")
    ~~~~~~~~~~~~^^^^^^^^^^^^^^^^^^^^^^^^^^^^^^^^^^^^^^^^^^^^^^^^^^^^^^
sqlite3.OperationalError: duplicate column name: fqdn
2026-05-15 23:42:31 - huginn - DEBUG - Suppressed exception
Traceback (most recent call last):
  File "c:\Users\allie\Coding Projects\huggin_suite\huginn\app\core\asset_manager.py", line 108, in init_database
    conn.execute("ALTER TABLE assets ADD COLUMN mac_address TEXT DEFAULT ''")
    ~~~~~~~~~~~~^^^^^^^^^^^^^^^^^^^^^^^^^^^^^^^^^^^^^^^^^^^^^^^^^^^^^^^^^^^^^
sqlite3.OperationalError: duplicate column name: mac_address
2026-05-15 23:42:31 - huginn - DEBUG - Suppressed exception
Traceback (most recent call last):
  File "c:\Users\allie\Coding Projects\huggin_suite\huginn\app\core\asset_manager.py", line 115, in init_database
    conn.execute("ALTER TABLE assets ADD COLUMN vendor TEXT DEFAULT ''")
    ~~~~~~~~~~~~^^^^^^^^^^^^^^^^^^^^^^^^^^^^^^^^^^^^^^^^^^^^^^^^^^^^^^^^
sqlite3.OperationalError: duplicate column name: vendor
2026-05-15 23:42:31 - huginn - DEBUG - Suppressed exception
Traceback (most recent call last):
  File "c:\Users\allie\Coding Projects\huggin_suite\huginn\app\core\asset_manager.py", line 122, in init_database
    conn.execute("ALTER TABLE assets ADD COLUMN notes TEXT DEFAULT ''")
    ~~~~~~~~~~~~^^^^^^^^^^^^^^^^^^^^^^^^^^^^^^^^^^^^^^^^^^^^^^^^^^^^^^^
sqlite3.OperationalError: duplicate column name: notes
2026-05-15 23:42:32 - huginn - INFO - Using default configuration
2026-05-15 23:42:34 - huginn - INFO - License saved successfully
2026-05-15 23:42:34 - huginn - INFO - License loaded and validated successfully
2026-05-15 23:46:55 - huginn - INFO - License saved successfully
2026-05-15 23:46:55 - huginn - INFO - License loaded and validated successfully
2026-05-15 23:46:55 - huginn - INFO - Application starting...
2026-05-15 23:46:55 - huginn - INFO - Font loaded successfully
2026-05-15 23:46:55 - huginn - INFO - Stylesheet loaded successfully
2026-05-15 23:46:55 - huginn - INFO - Creating main window...
2026-05-15 23:46:55 - huginn - INFO - QThreadPool max threads set to 32 (CPUs: 32)
2026-05-15 23:46:55 - huginn - INFO - Custom font 'Neuropol X' loaded from C:\Users\allie\Coding Projects\huggin_suite\huginn\resources\fonts\neuropol.otf
2026-05-15 23:46:55 - huginn - DEBUG - Suppressed exception
Traceback (most recent call last):
  File "C:\Users\allie\Coding Projects\huggin_suite\huginn\app\pages\page_registry.py", line 45, in register_all_pages
    from app.pages.db_attacks_page import DBAttacksPage
ImportError: cannot import name 'DBAttacksPage' from 'app.pages.db_attacks_page' (C:\Users\allie\Coding Projects\huggin_suite\huginn\app\pages\db_attacks_page.py)
2026-05-15 23:46:57 - huginn - DEBUG - Credentials loaded for profile 'default'
2026-05-15 23:46:58 - huginn - DEBUG - Credentials saved (encrypted) for profile 'default'
2026-05-15 23:46:58 - huginn - DEBUG - Credentials loaded for profile 'LAB'
2026-05-15 23:46:58 - huginn - DEBUG - Suppressed exception
Traceback (most recent call last):
  File "C:\Users\allie\Coding Projects\huggin_suite\huginn\app\core\scope_manager.py", line 62, in _parse_scope_text
    ipaddress.IPv4Address(item)
    ~~~~~~~~~~~~~~~~~~~~~^^^^^^
  File "C:\Users\allie\anaconda3\Lib\ipaddress.py", line 1319, in __init__
    self._ip = self._ip_int_from_string(addr_str)
               ~~~~~~~~~~~~~~~~~~~~~~~~^^^^^^^^^^
  File "C:\Users\allie\anaconda3\Lib\ipaddress.py", line 1206, in _ip_int_from_string
    raise AddressValueError("Expected 4 octets in %r" % ip_str)
ipaddress.AddressValueError: Expected 4 octets in '*.lab.local'
2026-05-15 23:46:58 - huginn - DEBUG - Suppressed exception
Traceback (most recent call last):
  File "C:\Users\allie\Coding Projects\huggin_suite\huginn\app\core\scope_manager.py", line 62, in _parse_scope_text
    ipaddress.IPv4Address(item)
    ~~~~~~~~~~~~~~~~~~~~~^^^^^^
  File "C:\Users\allie\anaconda3\Lib\ipaddress.py", line 1319, in __init__
    self._ip = self._ip_int_from_string(addr_str)
               ~~~~~~~~~~~~~~~~~~~~~~~~^^^^^^^^^^
  File "C:\Users\allie\anaconda3\Lib\ipaddress.py", line 1206, in _ip_int_from_string
    raise AddressValueError("Expected 4 octets in %r" % ip_str)
ipaddress.AddressValueError: Expected 4 octets in '*.lab.local'
2026-05-15 23:46:58 - huginn - DEBUG - Credentials saved (encrypted) for profile 'LAB'
2026-05-15 23:46:58 - huginn - DEBUG - Credentials saved (encrypted) for profile 'LAB'
2026-05-15 23:46:58 - huginn - DEBUG - Credentials saved (encrypted) for profile 'LAB'
2026-05-15 23:46:58 - huginn - DEBUG - Suppressed exception
Traceback (most recent call last):
  File "C:\Users\allie\Coding Projects\huggin_suite\huginn\app\core\scope_manager.py", line 62, in _parse_scope_text
    ipaddress.IPv4Address(item)
    ~~~~~~~~~~~~~~~~~~~~~^^^^^^
  File "C:\Users\allie\anaconda3\Lib\ipaddress.py", line 1319, in __init__
    self._ip = self._ip_int_from_string(addr_str)
               ~~~~~~~~~~~~~~~~~~~~~~~~^^^^^^^^^^
  File "C:\Users\allie\anaconda3\Lib\ipaddress.py", line 1206, in _ip_int_from_string
    raise AddressValueError("Expected 4 octets in %r" % ip_str)
ipaddress.AddressValueError: Expected 4 octets in '*.lab.local'
2026-05-15 23:51:01 - huginn - DEBUG - Suppressed exception
Traceback (most recent call last):
  File "c:\Users\allie\Coding Projects\huggin_suite\huginn\app\core\asset_manager.py", line 101, in init_database
    conn.execute("ALTER TABLE assets ADD COLUMN fqdn TEXT DEFAULT ''")
    ~~~~~~~~~~~~^^^^^^^^^^^^^^^^^^^^^^^^^^^^^^^^^^^^^^^^^^^^^^^^^^^^^^
sqlite3.OperationalError: duplicate column name: fqdn
2026-05-15 23:51:01 - huginn - DEBUG - Suppressed exception
Traceback (most recent call last):
  File "c:\Users\allie\Coding Projects\huggin_suite\huginn\app\core\asset_manager.py", line 108, in init_database
    conn.execute("ALTER TABLE assets ADD COLUMN mac_address TEXT DEFAULT ''")
    ~~~~~~~~~~~~^^^^^^^^^^^^^^^^^^^^^^^^^^^^^^^^^^^^^^^^^^^^^^^^^^^^^^^^^^^^^
sqlite3.OperationalError: duplicate column name: mac_address
2026-05-15 23:51:01 - huginn - DEBUG - Suppressed exception
Traceback (most recent call last):
  File "c:\Users\allie\Coding Projects\huggin_suite\huginn\app\core\asset_manager.py", line 115, in init_database
    conn.execute("ALTER TABLE assets ADD COLUMN vendor TEXT DEFAULT ''")
    ~~~~~~~~~~~~^^^^^^^^^^^^^^^^^^^^^^^^^^^^^^^^^^^^^^^^^^^^^^^^^^^^^^^^
sqlite3.OperationalError: duplicate column name: vendor
2026-05-15 23:51:01 - huginn - DEBUG - Suppressed exception
Traceback (most recent call last):
  File "c:\Users\allie\Coding Projects\huggin_suite\huginn\app\core\asset_manager.py", line 122, in init_database
    conn.execute("ALTER TABLE assets ADD COLUMN notes TEXT DEFAULT ''")
    ~~~~~~~~~~~~^^^^^^^^^^^^^^^^^^^^^^^^^^^^^^^^^^^^^^^^^^^^^^^^^^^^^^^
sqlite3.OperationalError: duplicate column name: notes
2026-05-15 23:51:01 - huginn - INFO - Using default configuration
2026-05-15 23:51:02 - huginn - DEBUG - Memory monitoring stopped
2026-05-15 23:51:02 - huginn - DEBUG - Connection pool closed all sessions
2026-05-15 23:51:03 - huginn - INFO - Update manager stopped during cleanup
2026-05-15 23:51:03 - huginn - INFO - License saved successfully
2026-05-15 23:51:03 - huginn - INFO - License loaded and validated successfully
2026-05-15 23:51:26 - huginn - DEBUG - Suppressed exception
Traceback (most recent call last):
  File "c:\Users\allie\Coding Projects\huggin_suite\huginn\app\core\asset_manager.py", line 101, in init_database
    conn.execute("ALTER TABLE assets ADD COLUMN fqdn TEXT DEFAULT ''")
    ~~~~~~~~~~~~^^^^^^^^^^^^^^^^^^^^^^^^^^^^^^^^^^^^^^^^^^^^^^^^^^^^^^
sqlite3.OperationalError: duplicate column name: fqdn
2026-05-15 23:51:26 - huginn - DEBUG - Suppressed exception
Traceback (most recent call last):
  File "c:\Users\allie\Coding Projects\huggin_suite\huginn\app\core\asset_manager.py", line 108, in init_database
    conn.execute("ALTER TABLE assets ADD COLUMN mac_address TEXT DEFAULT ''")
    ~~~~~~~~~~~~^^^^^^^^^^^^^^^^^^^^^^^^^^^^^^^^^^^^^^^^^^^^^^^^^^^^^^^^^^^^^
sqlite3.OperationalError: duplicate column name: mac_address
2026-05-15 23:51:26 - huginn - DEBUG - Suppressed exception
Traceback (most recent call last):
  File "c:\Users\allie\Coding Projects\huggin_suite\huginn\app\core\asset_manager.py", line 115, in init_database
    conn.execute("ALTER TABLE assets ADD COLUMN vendor TEXT DEFAULT ''")
    ~~~~~~~~~~~~^^^^^^^^^^^^^^^^^^^^^^^^^^^^^^^^^^^^^^^^^^^^^^^^^^^^^^^^
sqlite3.OperationalError: duplicate column name: vendor
2026-05-15 23:51:26 - huginn - DEBUG - Suppressed exception
Traceback (most recent call last):
  File "c:\Users\allie\Coding Projects\huggin_suite\huginn\app\core\asset_manager.py", line 122, in init_database
    conn.execute("ALTER TABLE assets ADD COLUMN notes TEXT DEFAULT ''")
    ~~~~~~~~~~~~^^^^^^^^^^^^^^^^^^^^^^^^^^^^^^^^^^^^^^^^^^^^^^^^^^^^^^^
sqlite3.OperationalError: duplicate column name: notes
2026-05-15 23:51:26 - huginn - INFO - Using default configuration
2026-05-15 23:51:29 - huginn - INFO - License saved successfully
2026-05-15 23:51:29 - huginn - INFO - License loaded and validated successfully
2026-05-15 23:51:58 - huginn - INFO - License saved successfully
2026-05-15 23:51:58 - huginn - INFO - License loaded and validated successfully
2026-05-15 23:51:59 - huginn - INFO - Application starting...
2026-05-15 23:51:59 - huginn - INFO - Font loaded successfully
2026-05-15 23:51:59 - huginn - INFO - Stylesheet loaded successfully
2026-05-15 23:51:59 - huginn - INFO - Creating main window...
2026-05-15 23:51:59 - huginn - INFO - QThreadPool max threads set to 32 (CPUs: 32)
2026-05-15 23:51:59 - huginn - INFO - Custom font 'Neuropol X' loaded from C:\Users\allie\Coding Projects\huggin_suite\huginn\resources\fonts\neuropol.otf
2026-05-15 23:51:59 - huginn - DEBUG - Suppressed exception
Traceback (most recent call last):
  File "C:\Users\allie\Coding Projects\huggin_suite\huginn\app\pages\page_registry.py", line 45, in register_all_pages
    from app.pages.db_attacks_page import DBAttacksPage
ImportError: cannot import name 'DBAttacksPage' from 'app.pages.db_attacks_page' (C:\Users\allie\Coding Projects\huggin_suite\huginn\app\pages\db_attacks_page.py)
2026-05-15 23:52:00 - huginn - DEBUG - Credentials loaded for profile 'default'
2026-05-15 23:52:01 - huginn - DEBUG - Credentials saved (encrypted) for profile 'default'
2026-05-15 23:52:01 - huginn - DEBUG - Credentials loaded for profile 'LAB'
2026-05-15 23:52:01 - huginn - DEBUG - Suppressed exception
Traceback (most recent call last):
  File "C:\Users\allie\Coding Projects\huggin_suite\huginn\app\core\scope_manager.py", line 62, in _parse_scope_text
    ipaddress.IPv4Address(item)
    ~~~~~~~~~~~~~~~~~~~~~^^^^^^
  File "C:\Users\allie\anaconda3\Lib\ipaddress.py", line 1319, in __init__
    self._ip = self._ip_int_from_string(addr_str)
               ~~~~~~~~~~~~~~~~~~~~~~~~^^^^^^^^^^
  File "C:\Users\allie\anaconda3\Lib\ipaddress.py", line 1206, in _ip_int_from_string
    raise AddressValueError("Expected 4 octets in %r" % ip_str)
ipaddress.AddressValueError: Expected 4 octets in '*.lab.local'
2026-05-15 23:52:01 - huginn - DEBUG - Suppressed exception
Traceback (most recent call last):
  File "C:\Users\allie\Coding Projects\huggin_suite\huginn\app\core\scope_manager.py", line 62, in _parse_scope_text
    ipaddress.IPv4Address(item)
    ~~~~~~~~~~~~~~~~~~~~~^^^^^^
  File "C:\Users\allie\anaconda3\Lib\ipaddress.py", line 1319, in __init__
    self._ip = self._ip_int_from_string(addr_str)
               ~~~~~~~~~~~~~~~~~~~~~~~~^^^^^^^^^^
  File "C:\Users\allie\anaconda3\Lib\ipaddress.py", line 1206, in _ip_int_from_string
    raise AddressValueError("Expected 4 octets in %r" % ip_str)
ipaddress.AddressValueError: Expected 4 octets in '*.lab.local'
2026-05-15 23:52:01 - huginn - DEBUG - Credentials saved (encrypted) for profile 'LAB'
2026-05-15 23:52:01 - huginn - DEBUG - Credentials saved (encrypted) for profile 'LAB'
2026-05-15 23:52:01 - huginn - DEBUG - Credentials saved (encrypted) for profile 'LAB'
2026-05-15 23:52:01 - huginn - DEBUG - Suppressed exception
Traceback (most recent call last):
  File "C:\Users\allie\Coding Projects\huggin_suite\huginn\app\core\scope_manager.py", line 62, in _parse_scope_text
    ipaddress.IPv4Address(item)
    ~~~~~~~~~~~~~~~~~~~~~^^^^^^
  File "C:\Users\allie\anaconda3\Lib\ipaddress.py", line 1319, in __init__
    self._ip = self._ip_int_from_string(addr_str)
               ~~~~~~~~~~~~~~~~~~~~~~~~^^^^^^^^^^
  File "C:\Users\allie\anaconda3\Lib\ipaddress.py", line 1206, in _ip_int_from_string
    raise AddressValueError("Expected 4 octets in %r" % ip_str)
ipaddress.AddressValueError: Expected 4 octets in '*.lab.local'
2026-05-15 23:57:47 - huginn - DEBUG - Memory monitoring stopped
2026-05-15 23:57:47 - huginn - DEBUG - Connection pool closed all sessions
2026-05-15 23:57:47 - huginn - INFO - Update manager stopped during cleanup
2026-05-15 23:58:19 - huginn - DEBUG - Suppressed exception
Traceback (most recent call last):
  File "c:\Users\allie\Coding Projects\huggin_suite\huginn\app\core\asset_manager.py", line 101, in init_database
    conn.execute("ALTER TABLE assets ADD COLUMN fqdn TEXT DEFAULT ''")
    ~~~~~~~~~~~~^^^^^^^^^^^^^^^^^^^^^^^^^^^^^^^^^^^^^^^^^^^^^^^^^^^^^^
sqlite3.OperationalError: duplicate column name: fqdn
2026-05-15 23:58:19 - huginn - DEBUG - Suppressed exception
Traceback (most recent call last):
  File "c:\Users\allie\Coding Projects\huggin_suite\huginn\app\core\asset_manager.py", line 108, in init_database
    conn.execute("ALTER TABLE assets ADD COLUMN mac_address TEXT DEFAULT ''")
    ~~~~~~~~~~~~^^^^^^^^^^^^^^^^^^^^^^^^^^^^^^^^^^^^^^^^^^^^^^^^^^^^^^^^^^^^^
sqlite3.OperationalError: duplicate column name: mac_address
2026-05-15 23:58:19 - huginn - DEBUG - Suppressed exception
Traceback (most recent call last):
  File "c:\Users\allie\Coding Projects\huggin_suite\huginn\app\core\asset_manager.py", line 115, in init_database
    conn.execute("ALTER TABLE assets ADD COLUMN vendor TEXT DEFAULT ''")
    ~~~~~~~~~~~~^^^^^^^^^^^^^^^^^^^^^^^^^^^^^^^^^^^^^^^^^^^^^^^^^^^^^^^^
sqlite3.OperationalError: duplicate column name: vendor
2026-05-15 23:58:19 - huginn - DEBUG - Suppressed exception
Traceback (most recent call last):
  File "c:\Users\allie\Coding Projects\huggin_suite\huginn\app\core\asset_manager.py", line 122, in init_database
    conn.execute("ALTER TABLE assets ADD COLUMN notes TEXT DEFAULT ''")
    ~~~~~~~~~~~~^^^^^^^^^^^^^^^^^^^^^^^^^^^^^^^^^^^^^^^^^^^^^^^^^^^^^^^
sqlite3.OperationalError: duplicate column name: notes
2026-05-15 23:58:20 - huginn - INFO - Using default configuration
2026-05-15 23:58:22 - huginn - INFO - License saved successfully
2026-05-15 23:58:22 - huginn - INFO - License loaded and validated successfully
2026-05-15 23:58:33 - huginn - DEBUG - Suppressed exception
Traceback (most recent call last):
  File "c:\Users\allie\Coding Projects\huggin_suite\huginn\app\core\asset_manager.py", line 101, in init_database
    conn.execute("ALTER TABLE assets ADD COLUMN fqdn TEXT DEFAULT ''")
    ~~~~~~~~~~~~^^^^^^^^^^^^^^^^^^^^^^^^^^^^^^^^^^^^^^^^^^^^^^^^^^^^^^
sqlite3.OperationalError: duplicate column name: fqdn
2026-05-15 23:58:33 - huginn - DEBUG - Suppressed exception
Traceback (most recent call last):
  File "c:\Users\allie\Coding Projects\huggin_suite\huginn\app\core\asset_manager.py", line 108, in init_database
    conn.execute("ALTER TABLE assets ADD COLUMN mac_address TEXT DEFAULT ''")
    ~~~~~~~~~~~~^^^^^^^^^^^^^^^^^^^^^^^^^^^^^^^^^^^^^^^^^^^^^^^^^^^^^^^^^^^^^
sqlite3.OperationalError: duplicate column name: mac_address
2026-05-15 23:58:33 - huginn - DEBUG - Suppressed exception
Traceback (most recent call last):
  File "c:\Users\allie\Coding Projects\huggin_suite\huginn\app\core\asset_manager.py", line 115, in init_database
    conn.execute("ALTER TABLE assets ADD COLUMN vendor TEXT DEFAULT ''")
    ~~~~~~~~~~~~^^^^^^^^^^^^^^^^^^^^^^^^^^^^^^^^^^^^^^^^^^^^^^^^^^^^^^^^
sqlite3.OperationalError: duplicate column name: vendor
2026-05-15 23:58:33 - huginn - DEBUG - Suppressed exception
Traceback (most recent call last):
  File "c:\Users\allie\Coding Projects\huggin_suite\huginn\app\core\asset_manager.py", line 122, in init_database
    conn.execute("ALTER TABLE assets ADD COLUMN notes TEXT DEFAULT ''")
    ~~~~~~~~~~~~^^^^^^^^^^^^^^^^^^^^^^^^^^^^^^^^^^^^^^^^^^^^^^^^^^^^^^^
sqlite3.OperationalError: duplicate column name: notes
2026-05-15 23:58:34 - huginn - INFO - Using default configuration
2026-05-15 23:58:36 - huginn - INFO - License saved successfully
2026-05-15 23:58:36 - huginn - INFO - License loaded and validated successfully
2026-05-15 23:59:02 - huginn - DEBUG - Suppressed exception
Traceback (most recent call last):
  File "c:\Users\allie\Coding Projects\huggin_suite\huginn\app\core\asset_manager.py", line 101, in init_database
    conn.execute("ALTER TABLE assets ADD COLUMN fqdn TEXT DEFAULT ''")
    ~~~~~~~~~~~~^^^^^^^^^^^^^^^^^^^^^^^^^^^^^^^^^^^^^^^^^^^^^^^^^^^^^^
sqlite3.OperationalError: duplicate column name: fqdn
2026-05-15 23:59:02 - huginn - DEBUG - Suppressed exception
Traceback (most recent call last):
  File "c:\Users\allie\Coding Projects\huggin_suite\huginn\app\core\asset_manager.py", line 108, in init_database
    conn.execute("ALTER TABLE assets ADD COLUMN mac_address TEXT DEFAULT ''")
    ~~~~~~~~~~~~^^^^^^^^^^^^^^^^^^^^^^^^^^^^^^^^^^^^^^^^^^^^^^^^^^^^^^^^^^^^^
sqlite3.OperationalError: duplicate column name: mac_address
2026-05-15 23:59:02 - huginn - DEBUG - Suppressed exception
Traceback (most recent call last):
  File "c:\Users\allie\Coding Projects\huggin_suite\huginn\app\core\asset_manager.py", line 115, in init_database
    conn.execute("ALTER TABLE assets ADD COLUMN vendor TEXT DEFAULT ''")
    ~~~~~~~~~~~~^^^^^^^^^^^^^^^^^^^^^^^^^^^^^^^^^^^^^^^^^^^^^^^^^^^^^^^^
sqlite3.OperationalError: duplicate column name: vendor
2026-05-15 23:59:02 - huginn - DEBUG - Suppressed exception
Traceback (most recent call last):
  File "c:\Users\allie\Coding Projects\huggin_suite\huginn\app\core\asset_manager.py", line 122, in init_database
    conn.execute("ALTER TABLE assets ADD COLUMN notes TEXT DEFAULT ''")
    ~~~~~~~~~~~~^^^^^^^^^^^^^^^^^^^^^^^^^^^^^^^^^^^^^^^^^^^^^^^^^^^^^^^
sqlite3.OperationalError: duplicate column name: notes
2026-05-15 23:59:02 - huginn - INFO - Using default configuration
2026-05-15 23:59:04 - huginn - INFO - License saved successfully
2026-05-15 23:59:04 - huginn - INFO - License loaded and validated successfully
2026-05-15 23:59:07 - huginn - DEBUG - Suppressed exception
Traceback (most recent call last):
  File "c:\Users\allie\Coding Projects\huggin_suite\huginn\app\core\asset_manager.py", line 101, in init_database
    conn.execute("ALTER TABLE assets ADD COLUMN fqdn TEXT DEFAULT ''")
    ~~~~~~~~~~~~^^^^^^^^^^^^^^^^^^^^^^^^^^^^^^^^^^^^^^^^^^^^^^^^^^^^^^
sqlite3.OperationalError: duplicate column name: fqdn
2026-05-15 23:59:07 - huginn - DEBUG - Suppressed exception
Traceback (most recent call last):
  File "c:\Users\allie\Coding Projects\huggin_suite\huginn\app\core\asset_manager.py", line 108, in init_database
    conn.execute("ALTER TABLE assets ADD COLUMN mac_address TEXT DEFAULT ''")
    ~~~~~~~~~~~~^^^^^^^^^^^^^^^^^^^^^^^^^^^^^^^^^^^^^^^^^^^^^^^^^^^^^^^^^^^^^
sqlite3.OperationalError: duplicate column name: mac_address
2026-05-15 23:59:07 - huginn - DEBUG - Suppressed exception
Traceback (most recent call last):
  File "c:\Users\allie\Coding Projects\huggin_suite\huginn\app\core\asset_manager.py", line 115, in init_database
    conn.execute("ALTER TABLE assets ADD COLUMN vendor TEXT DEFAULT ''")
    ~~~~~~~~~~~~^^^^^^^^^^^^^^^^^^^^^^^^^^^^^^^^^^^^^^^^^^^^^^^^^^^^^^^^
sqlite3.OperationalError: duplicate column name: vendor
2026-05-15 23:59:07 - huginn - DEBUG - Suppressed exception
Traceback (most recent call last):
  File "c:\Users\allie\Coding Projects\huggin_suite\huginn\app\core\asset_manager.py", line 122, in init_database
    conn.execute("ALTER TABLE assets ADD COLUMN notes TEXT DEFAULT ''")
    ~~~~~~~~~~~~^^^^^^^^^^^^^^^^^^^^^^^^^^^^^^^^^^^^^^^^^^^^^^^^^^^^^^^
sqlite3.OperationalError: duplicate column name: notes
2026-05-15 23:59:07 - huginn - INFO - Using default configuration
2026-05-15 23:59:09 - huginn - INFO - License saved successfully
2026-05-15 23:59:09 - huginn - INFO - License loaded and validated successfully
